1	153
1	166
1	171
1	172
1	192
1	195
1	197
1	203
1	471
1	480
2	19
2	62
2	80
2	94
2	116
2	181
2	193
2	197
2	764
2	851
3	8
3	90
3	120
3	138
3	160
3	191
3	192
3	202
3	399
3	849
4	84
4	102
4	108
4	122
4	148
4	153
4	154
4	156
4	434
4	786
5	9
5	28
5	50
5	124
5	135
5	184
5	187
5	194
5	213
5	297
6	96
6	128
6	159
6	176
6	179
6	190
6	193
6	199
6	445
6	940
7	26
7	42
7	101
7	140
7	151
7	166
7	200
7	202
7	465
7	819
8	3
8	25
8	54
8	80
8	104
8	168
8	182
8	194
8	360
8	900
9	5
9	81
9	132
9	137
9	180
9	185
9	196
9	203
9	248
9	637
10	84
10	98
10	109
10	175
10	186
10	196
10	199
10	200
10	461
10	951
11	62
11	86
11	114
11	149
11	160
11	164
11	185
11	194
11	617
11	929
12	15
12	17
12	125
12	129
12	141
12	158
12	168
12	188
12	334
12	821
13	31
13	120
13	123
13	129
13	153
13	163
13	179
13	191
13	320
13	326
14	42
14	77
14	93
14	155
14	164
14	168
14	186
14	188
14	454
14	798
15	12
15	28
15	92
15	126
15	151
15	162
15	181
15	191
15	290
15	720
16	17
16	44
16	117
16	118
16	132
16	139
16	182
16	191
16	454
16	718
17	12
17	16
17	48
17	58
17	109
17	142
17	156
17	194
17	339
17	510
18	96
18	124
18	165
18	177
18	183
18	190
18	193
18	203
18	402
18	674
19	2
19	124
19	129
19	136
19	168
19	176
19	187
19	199
19	814
19	848
20	31
20	48
20	74
20	108
20	155
20	191
20	192
20	195
20	678
20	975
21	127
21	154
21	161
21	170
21	174
21	177
21	178
21	197
21	351
21	626
22	108
22	115
22	130
22	133
22	147
22	186
22	196
22	199
22	541
22	576
23	42
23	83
23	91
23	92
23	114
23	147
23	159
23	185
23	575
23	792
24	35
24	50
24	86
24	106
24	119
24	134
24	186
24	196
24	689
24	980
25	8
25	82
25	109
25	117
25	134
25	138
25	174
25	184
25	187
25	266
25	646
26	7
26	50
26	65
26	106
26	140
26	145
26	188
26	203
26	553
26	686
26	973
27	66
27	70
27	72
27	96
27	100
27	102
27	175
27	189
27	197
27	362
27	843
28	5
28	15
28	39
28	56
28	117
28	132
28	139
28	190
28	191
28	286
28	868
29	147
29	152
29	166
29	168
29	170
29	176
29	183
29	184
29	199
29	632
29	849
30	60
30	150
30	154
30	159
30	166
30	172
30	182
30	196
30	198
30	367
30	452
31	13
31	20
31	64
31	165
31	184
31	188
31	195
31	199
31	201
31	569
31	896
32	49
32	85
32	87
32	162
32	176
32	190
32	195
32	198
32	456
32	662
32	803
33	79
33	105
33	161
33	167
33	179
33	193
33	197
33	198
33	201
33	580
33	702
34	39
34	51
34	80
34	126
34	156
34	174
34	185
34	192
34	193
34	846
34	943
35	24
35	88
35	105
35	119
35	120
35	134
35	144
35	171
35	174
35	539
35	759
36	67
36	116
36	122
36	168
36	179
36	183
36	198
36	200
36	385
36	444
36	806
37	80
37	111
37	146
37	155
37	171
37	193
37	196
37	199
37	202
37	442
37	515
38	83
38	95
38	114
38	141
38	171
38	180
38	182
38	191
38	199
38	475
38	555
39	28
39	34
39	121
39	147
39	181
39	189
39	192
39	202
39	372
39	377
39	662
40	66
40	83
40	103
40	125
40	133
40	161
40	173
40	184
40	201
40	387
40	600
41	43
41	83
41	169
41	175
41	177
41	188
41	193
41	198
41	202
41	247
41	292
42	7
42	14
42	23
42	126
42	145
42	146
42	173
42	193
42	201
42	477
42	653
43	41
43	67
43	78
43	90
43	132
43	160
43	172
43	179
43	229
43	697
43	892
44	16
44	56
44	71
44	118
44	124
44	196
44	197
44	203
44	278
44	656
44	976
45	54
45	95
45	135
45	147
45	149
45	155
45	179
45	189
45	195
45	492
45	663
46	50
46	63
46	88
46	126
46	133
46	170
46	186
46	196
46	203
46	265
46	564
46	591
47	75
47	92
47	107
47	114
47	163
47	167
47	169
47	171
47	200
47	202
47	400
47	476
48	17
48	20
48	77
48	79
48	112
48	178
48	179
48	186
48	187
48	188
48	762
48	787
49	32
49	149
49	158
49	160
49	168
49	177
49	184
49	190
49	202
49	203
49	405
49	932
50	5
50	24
50	26
50	46
50	56
50	102
50	105
50	117
50	153
50	200
50	220
50	642
51	34
51	132
51	149
51	155
51	164
51	169
51	178
51	197
51	200
51	203
51	277
51	461
52	82
52	122
52	130
52	147
52	160
52	176
52	181
52	197
52	203
52	531
52	847
52	852
53	69
53	86
53	101
53	121
53	150
53	164
53	167
53	182
53	183
53	421
53	428
53	440
54	8
54	45
54	68
54	89
54	125
54	149
54	154
54	192
54	195
54	539
54	957
54	968
55	65
55	108
55	131
55	135
55	171
55	183
55	195
55	196
55	198
55	201
55	439
55	760
56	28
56	44
56	50
56	71
56	135
56	150
56	181
56	197
56	202
56	203
56	239
56	489
57	66
57	94
57	136
57	154
57	158
57	185
57	188
57	194
57	198
57	225
57	694
57	995
58	17
58	59
58	73
58	135
58	156
58	157
58	158
58	183
58	186
58	514
58	693
58	911
59	58
59	80
59	83
59	112
59	138
59	157
59	158
59	190
59	202
59	388
59	463
59	468
60	30
60	111
60	139
60	144
60	147
60	193
60	196
60	199
60	202
60	338
60	729
60	837
61	66
61	67
61	72
61	107
61	132
61	137
61	140
61	153
61	186
61	188
61	791
61	965
62	2
62	11
62	93
62	115
62	140
62	166
62	183
62	189
62	198
62	201
62	410
62	543
62	654
63	46
63	89
63	119
63	138
63	154
63	155
63	157
63	182
63	185
63	197
63	339
63	445
63	920
64	31
64	85
64	116
64	140
64	141
64	152
64	182
64	186
64	190
64	193
64	284
64	297
64	390
65	26
65	55
65	79
65	147
65	162
65	169
65	178
65	189
65	196
65	199
65	484
65	786
65	877
66	27
66	40
66	57
66	61
66	72
66	92
66	169
66	178
66	186
66	191
66	258
66	693
66	804
67	36
67	43
67	61
67	127
67	134
67	164
67	173
67	178
67	182
67	185
67	189
67	337
67	676
68	54
68	69
68	84
68	85
68	158
68	165
68	176
68	186
68	193
68	196
68	467
68	969
68	993
69	53
69	68
69	155
69	156
69	160
69	164
69	178
69	181
69	193
69	202
69	423
69	452
69	845
70	27
70	93
70	96
70	142
70	150
70	156
70	163
70	165
70	188
70	203
70	432
70	653
70	789
71	44
71	56
71	87
71	121
71	122
71	143
71	151
71	180
71	196
71	199
71	537
71	828
71	830
72	27
72	61
72	66
72	89
72	100
72	110
72	148
72	181
72	189
72	191
72	193
72	342
72	796
73	58
73	78
73	90
73	98
73	104
73	106
73	154
73	176
73	183
73	189
73	198
73	486
73	564
73	716
74	20
74	83
74	131
74	137
74	146
74	155
74	156
74	157
74	165
74	173
74	182
74	326
74	615
74	654
75	47
75	76
75	79
75	114
75	181
75	184
75	189
75	194
75	195
75	198
75	203
75	462
75	469
75	672
76	75
76	91
76	143
76	150
76	153
76	161
76	167
76	168
76	170
76	191
76	201
76	336
76	669
76	989
77	14
77	48
77	80
77	110
77	112
77	137
77	144
77	153
77	175
77	177
77	185
77	770
77	780
77	973
78	43
78	73
78	85
78	96
78	113
78	140
78	153
78	160
78	162
78	165
78	173
78	309
78	839
78	984
79	33
79	48
79	65
79	75
79	81
79	124
79	129
79	161
79	166
79	176
79	194
79	374
79	776
79	935
80	2
80	8
80	34
80	37
80	59
80	77
80	99
80	131
80	151
80	162
80	194
80	652
80	695
80	758
81	9
81	79
81	87
81	90
81	102
81	146
81	167
81	168
81	181
81	198
81	200
81	215
81	337
81	650
82	25
82	52
82	85
82	99
82	110
82	119
82	125
82	149
82	154
82	172
82	187
82	188
82	377
82	683
82	789
83	23
83	38
83	40
83	41
83	59
83	74
83	86
83	92
83	140
83	158
83	174
83	197
83	473
83	476
83	934
84	4
84	10
84	68
84	85
84	94
84	104
84	146
84	177
84	181
84	188
84	195
84	202
84	396
84	567
84	820
85	32
85	64
85	68
85	78
85	82
85	84
85	143
85	154
85	166
85	193
85	194
85	197
85	287
85	372
85	854
86	11
86	24
86	53
86	83
86	108
86	128
86	145
86	149
86	157
86	164
86	167
86	200
86	433
86	678
86	958
87	32
87	71
87	81
87	109
87	132
87	138
87	146
87	157
87	172
87	178
87	191
87	201
87	370
87	424
87	444
88	35
88	46
88	96
88	125
88	147
88	157
88	163
88	169
88	173
88	183
88	189
88	195
88	589
88	618
88	759
89	54
89	63
89	72
89	99
89	141
89	147
89	153
89	155
89	178
89	187
89	188
89	195
89	668
89	696
89	931
90	3
90	43
90	73
90	81
90	106
90	151
90	157
90	160
90	163
90	174
90	180
90	183
90	327
90	756
90	774
91	23
91	76
91	117
91	121
91	129
91	146
91	149
91	172
91	184
91	196
91	199
91	200
91	379
91	749
91	826
92	15
92	23
92	47
92	66
92	83
92	127
92	148
92	151
92	160
92	174
92	193
92	199
92	202
92	379
92	635
92	954
93	14
93	62
93	70
93	96
93	133
93	145
93	153
93	157
93	166
93	177
93	192
93	197
93	198
93	479
93	802
93	990
94	2
94	57
94	84
94	100
94	102
94	111
94	118
94	155
94	159
94	182
94	183
94	196
94	200
94	528
94	695
94	959
95	38
95	45
95	107
95	113
95	124
95	133
95	139
95	142
95	149
95	150
95	171
95	198
95	200
95	319
95	575
95	624
96	6
96	18
96	27
96	70
96	78
96	88
96	93
96	130
96	146
96	159
96	178
96	183
96	188
96	309
96	555
96	622
97	100
97	124
97	128
97	130
97	145
97	154
97	158
97	173
97	177
97	181
97	188
97	195
97	202
97	376
97	636
97	858
98	10
98	73
98	108
98	115
98	123
98	129
98	155
98	158
98	161
98	170
98	194
98	197
98	201
98	232
98	627
98	697
99	80
99	82
99	89
99	111
99	128
99	130
99	139
99	165
99	167
99	186
99	190
99	191
99	192
99	690
99	694
99	742
100	27
100	72
100	94
100	97
100	125
100	141
100	145
100	152
100	156
100	169
100	200
100	202
100	203
100	470
100	631
100	746
101	7
101	53
101	116
101	127
101	132
101	137
101	148
101	160
101	180
101	186
101	188
101	192
101	197
101	487
101	846
101	918
102	4
102	27
102	50
102	81
102	94
102	127
102	170
102	174
102	183
102	187
102	188
102	199
102	201
102	238
102	356
102	663
103	40
103	105
103	119
103	121
103	152
103	170
103	174
103	177
103	178
103	194
103	197
103	200
103	355
103	425
103	777
103	971
104	8
104	73
104	84
104	108
104	114
104	115
104	144
104	151
104	158
104	165
104	167
104	172
104	189
104	201
104	677
104	822
104	892
105	33
105	35
105	50
105	103
105	135
105	140
105	141
105	143
105	146
105	148
105	154
105	161
105	166
105	186
105	558
105	892
105	974
106	24
106	26
106	73
106	90
106	120
106	126
106	162
106	167
106	169
106	172
106	176
106	179
106	187
106	190
106	587
106	644
106	666
107	47
107	61
107	95
107	116
107	121
107	132
107	139
107	143
107	164
107	174
107	175
107	187
107	190
107	292
107	394
107	928
107	990
108	4
108	20
108	22
108	55
108	86
108	98
108	104
108	122
108	124
108	135
108	171
108	179
108	185
108	200
108	328
108	371
108	433
109	10
109	17
109	25
109	87
109	120
109	131
109	132
109	139
109	156
109	172
109	173
109	182
109	191
109	485
109	631
109	782
109	946
110	72
110	77
110	82
110	116
110	123
110	125
110	127
110	142
110	146
110	165
110	179
110	186
110	195
110	201
110	234
110	408
110	717
111	37
111	60
111	94
111	99
111	118
111	169
111	170
111	175
111	180
111	182
111	184
111	193
111	202
111	371
111	468
111	691
111	850
112	48
112	59
112	77
112	116
112	120
112	130
112	157
112	164
112	172
112	176
112	178
112	180
112	184
112	244
112	443
112	969
112	987
113	78
113	95
113	116
113	118
113	128
113	133
113	141
113	145
113	154
113	179
113	185
113	186
113	188
113	190
113	301
113	459
113	905
114	11
114	23
114	38
114	47
114	75
114	104
114	132
114	145
114	150
114	152
114	169
114	185
114	198
114	200
114	624
114	674
114	907
115	22
115	62
115	98
115	104
115	126
115	161
115	167
115	171
115	172
115	185
115	187
115	189
115	191
115	193
115	195
115	227
115	521
115	732
116	2
116	36
116	64
116	101
116	107
116	110
116	112
116	113
116	142
116	152
116	158
116	160
116	173
116	175
116	202
116	458
116	573
116	721
117	16
117	25
117	28
117	50
117	91
117	140
117	148
117	152
117	174
117	178
117	181
117	187
117	192
117	203
117	371
117	424
117	435
117	947
118	16
118	44
118	94
118	111
118	113
118	123
118	138
118	162
118	165
118	167
118	173
118	179
118	190
118	191
118	219
118	496
118	830
118	843
119	24
119	35
119	63
119	82
119	103
119	137
119	138
119	146
119	156
119	158
119	181
119	187
119	189
119	195
119	196
119	643
119	678
119	916
120	3
120	13
120	35
120	106
120	109
120	112
120	128
120	137
120	166
120	174
120	180
120	181
120	196
120	203
120	321
120	613
120	716
120	995
121	39
121	53
121	71
121	91
121	103
121	107
121	135
121	141
121	164
121	175
121	177
121	181
121	187
121	188
121	195
121	391
121	412
121	423
121	656
122	4
122	36
122	52
122	71
122	108
122	143
122	150
122	152
122	159
122	172
122	178
122	182
122	191
122	199
122	200
122	203
122	383
122	393
122	474
123	13
123	98
123	110
123	118
123	136
123	138
123	139
123	149
123	151
123	152
123	159
123	163
123	174
123	180
123	191
123	201
123	333
123	383
123	848
124	5
124	18
124	19
124	44
124	79
124	95
124	97
124	108
124	126
124	134
124	166
124	170
124	176
124	177
124	178
124	203
124	827
124	979
124	987
125	12
125	40
125	54
125	82
125	88
125	100
125	110
125	137
125	156
125	163
125	173
125	177
125	178
125	179
125	195
125	197
125	433
125	502
125	559
125	841
126	15
126	34
126	42
126	46
126	106
126	115
126	124
126	149
126	150
126	151
126	166
126	169
126	173
126	192
126	197
126	203
126	596
126	696
126	990
126	994
127	21
127	67
127	92
127	101
127	102
127	110
127	134
127	136
127	150
127	161
127	170
127	184
127	192
127	194
127	199
127	200
127	688
127	696
127	970
127	990
128	6
128	86
128	97
128	99
128	113
128	120
128	138
128	145
128	148
128	159
128	162
128	163
128	164
128	165
128	176
128	191
128	457
128	479
128	638
128	936
129	12
129	13
129	19
129	79
129	91
129	98
129	142
129	164
129	168
129	177
129	182
129	184
129	185
129	186
129	195
129	201
129	366
129	485
129	572
129	813
130	22
130	52
130	96
130	97
130	99
130	112
130	139
130	146
130	151
130	154
130	172
130	173
130	179
130	187
130	190
130	191
130	272
130	326
130	848
130	852
131	55
131	74
131	80
131	109
131	132
131	153
131	163
131	165
131	168
131	172
131	176
131	177
131	180
131	188
131	189
131	190
131	307
131	451
131	686
131	859
132	9
132	16
132	28
132	43
132	51
132	61
132	87
132	101
132	107
132	109
132	114
132	131
132	138
132	176
132	177
132	192
132	274
132	689
132	802
132	839
133	22
133	40
133	46
133	93
133	95
133	113
133	143
133	153
133	157
133	165
133	170
133	171
133	186
133	195
133	196
133	201
133	394
133	430
133	640
133	714
134	24
134	25
134	35
134	67
134	124
134	127
134	157
134	163
134	164
134	168
134	180
134	184
134	187
134	190
134	194
134	197
134	201
134	217
134	281
134	352
134	447
135	5
135	45
135	55
135	56
135	58
135	105
135	108
135	121
135	143
135	146
135	171
135	180
135	185
135	199
135	200
135	202
135	203
135	332
135	412
135	622
135	656
136	19
136	57
136	123
136	127
136	140
136	142
136	160
136	171
136	183
136	184
136	185
136	187
136	193
136	196
136	197
136	198
136	202
136	551
136	601
136	778
136	954
137	9
137	61
137	74
137	77
137	101
137	119
137	120
137	125
137	145
137	154
137	157
137	165
137	192
137	193
137	198
137	199
137	200
137	491
137	689
137	737
137	945
138	3
138	25
138	59
138	63
138	87
138	118
138	119
138	123
138	128
138	132
138	165
138	172
138	180
138	184
138	192
138	195
138	202
138	407
138	590
138	833
138	961
139	16
139	28
139	60
139	95
139	99
139	107
139	109
139	123
139	130
139	143
139	161
139	163
139	164
139	168
139	169
139	179
139	180
139	201
139	387
139	453
139	686
139	845
140	7
140	26
140	61
140	62
140	64
140	78
140	83
140	105
140	117
140	136
140	145
140	153
140	156
140	162
140	163
140	185
140	195
140	202
140	236
140	487
140	764
140	884
141	12
141	38
141	64
141	89
141	100
141	105
141	113
141	121
141	146
141	156
141	170
141	177
141	186
141	189
141	195
141	196
141	199
141	200
141	369
141	428
141	473
141	842
142	17
142	70
142	95
142	110
142	116
142	129
142	136
142	144
142	149
142	170
142	183
142	187
142	189
142	192
142	198
142	200
142	201
142	230
142	336
142	614
142	675
142	1000
143	71
143	76
143	85
143	105
143	107
143	122
143	133
143	135
143	139
143	147
143	161
143	169
143	175
143	183
143	196
143	198
143	200
143	201
143	313
143	353
143	712
143	971
143	982
144	35
144	60
144	77
144	104
144	142
144	145
144	156
144	167
144	168
144	169
144	170
144	171
144	182
144	186
144	188
144	189
144	194
144	198
144	201
144	230
144	415
144	534
144	839
145	26
145	42
145	86
145	93
145	97
145	100
145	113
145	114
145	128
145	137
145	140
145	144
145	146
145	157
145	161
145	162
145	184
145	186
145	188
145	200
145	207
145	453
145	605
145	977
146	37
146	42
146	74
146	81
146	84
146	87
146	91
146	96
146	105
146	110
146	119
146	130
146	135
146	141
146	145
146	151
146	154
146	156
146	161
146	302
146	444
146	464
146	481
146	548
147	22
147	23
147	29
147	39
147	45
147	52
147	60
147	65
147	88
147	89
147	143
147	155
147	156
147	159
147	160
147	175
147	185
147	194
147	196
147	465
147	470
147	483
147	663
147	960
148	4
148	72
148	92
148	101
148	105
148	117
148	128
148	158
148	160
148	165
148	173
148	179
148	185
148	190
148	192
148	196
148	197
148	199
148	202
148	365
148	377
148	504
148	611
148	697
149	11
149	45
149	49
149	51
149	54
149	82
149	86
149	91
149	95
149	123
149	126
149	142
149	157
149	171
149	181
149	182
149	187
149	194
149	199
149	200
149	598
149	665
149	770
149	950
149	951
150	30
150	53
150	56
150	70
150	76
150	95
150	114
150	122
150	126
150	127
150	159
150	164
150	166
150	174
150	175
150	187
150	196
150	197
150	199
150	203
150	402
150	435
150	448
150	771
150	805
151	7
151	15
151	71
151	80
151	90
151	92
151	104
151	123
151	126
151	130
151	146
151	159
151	162
151	172
151	176
151	179
151	180
151	187
151	188
151	191
151	194
151	330
151	600
151	722
151	838
151	943
152	29
152	64
152	100
152	103
152	114
152	116
152	117
152	122
152	123
152	153
152	157
152	161
152	166
152	167
152	173
152	178
152	184
152	192
152	194
152	202
152	203
152	261
152	400
152	418
152	688
152	887
153	1
153	4
153	13
153	50
153	61
153	76
153	77
153	78
153	89
153	93
153	131
153	133
153	140
153	152
153	163
153	192
153	195
153	200
153	201
153	202
153	207
153	443
153	813
153	841
153	926
153	1000
154	4
154	21
154	30
154	54
154	57
154	63
154	73
154	82
154	85
154	97
154	105
154	113
154	130
154	137
154	146
154	157
154	160
154	181
154	190
154	195
154	196
154	294
154	585
154	826
154	830
154	979
155	14
155	20
155	37
155	45
155	51
155	63
155	69
155	74
155	89
155	94
155	98
155	147
155	164
155	169
155	171
155	182
155	184
155	186
155	199
155	203
155	381
155	658
155	743
155	797
155	849
155	965
156	4
156	17
156	34
156	58
156	69
156	70
156	74
156	100
156	109
156	119
156	125
156	140
156	141
156	144
156	146
156	147
156	167
156	178
156	179
156	181
156	192
156	195
156	208
156	434
156	437
156	640
156	715
157	58
157	59
157	63
157	74
157	86
157	87
157	88
157	90
157	93
157	112
157	133
157	134
157	137
157	145
157	149
157	152
157	154
157	165
157	186
157	191
157	199
157	432
157	473
157	536
157	673
157	874
157	963
158	12
158	49
158	57
158	58
158	59
158	68
158	83
158	97
158	98
158	104
158	116
158	119
158	148
158	162
158	166
158	177
158	178
158	187
158	192
158	198
158	202
158	203
158	378
158	447
158	696
158	959
158	965
159	6
159	23
159	30
159	94
159	96
159	122
159	123
159	128
159	147
159	150
159	151
159	162
159	175
159	179
159	182
159	186
159	187
159	196
159	197
159	198
159	199
159	200
159	431
159	468
159	524
159	691
159	947
160	3
160	11
160	43
160	49
160	52
160	69
160	78
160	90
160	92
160	101
160	116
160	136
160	147
160	148
160	154
160	164
160	166
160	175
160	192
160	193
160	200
160	202
160	288
160	455
160	489
160	612
160	697
160	783
161	21
161	33
161	40
161	76
161	79
161	98
161	105
161	115
161	127
161	139
161	143
161	145
161	146
161	152
161	164
161	167
161	175
161	183
161	184
161	185
161	190
161	194
161	198
161	423
161	460
161	579
161	679
161	723
161	744
162	15
162	32
162	65
162	78
162	80
162	106
162	118
162	128
162	140
162	145
162	151
162	158
162	159
162	175
162	179
162	180
162	186
162	190
162	191
162	193
162	194
162	199
162	201
162	435
162	516
162	641
162	681
162	744
162	989
163	13
163	47
163	70
163	88
163	90
163	123
163	125
163	128
163	131
163	134
163	139
163	140
163	153
163	172
163	175
163	176
163	179
163	180
163	183
163	188
163	190
163	191
163	194
163	202
163	452
163	460
163	556
163	651
163	878
164	11
164	14
164	51
164	53
164	67
164	69
164	86
164	107
164	112
164	121
164	128
164	129
164	134
164	139
164	150
164	155
164	160
164	161
164	169
164	170
164	171
164	175
164	203
164	212
164	284
164	411
164	476
164	606
164	866
165	18
165	31
165	68
165	70
165	74
165	78
165	99
165	104
165	110
165	118
165	128
165	131
165	133
165	137
165	138
165	148
165	157
165	181
165	188
165	195
165	198
165	201
165	203
165	414
165	417
165	467
165	517
165	685
165	760
166	1
166	7
166	29
166	30
166	62
166	79
166	85
166	93
166	105
166	120
166	124
166	126
166	150
166	152
166	158
166	160
166	171
166	174
166	178
166	192
166	193
166	197
166	200
166	201
166	259
166	268
166	403
166	418
166	490
166	978
167	33
167	47
167	53
167	76
167	81
167	86
167	99
167	104
167	106
167	115
167	118
167	144
167	152
167	156
167	161
167	170
167	171
167	185
167	186
167	187
167	188
167	189
167	201
167	203
167	300
167	407
167	583
167	847
167	852
167	954
168	8
168	12
168	14
168	19
168	29
168	36
168	49
168	76
168	81
168	129
168	131
168	134
168	139
168	144
168	170
168	174
168	180
168	183
168	184
168	187
168	192
168	193
168	195
168	199
168	203
168	299
168	419
168	443
168	483
168	703
168	810
169	41
169	47
169	51
169	65
169	66
169	88
169	100
169	106
169	111
169	114
169	126
169	139
169	143
169	144
169	155
169	164
169	171
169	175
169	176
169	180
169	182
169	192
169	199
169	201
169	245
169	403
169	416
169	741
169	796
169	810
169	847
170	21
170	29
170	46
170	76
170	98
170	102
170	103
170	111
170	124
170	127
170	133
170	141
170	142
170	144
170	164
170	167
170	168
170	179
170	183
170	189
170	191
170	198
170	199
170	201
170	203
170	266
170	530
170	560
170	678
170	767
170	988
171	1
171	35
171	37
171	38
171	47
171	55
171	95
171	108
171	115
171	133
171	135
171	136
171	144
171	149
171	155
171	164
171	166
171	167
171	169
171	172
171	182
171	190
171	195
171	196
171	201
171	202
171	487
171	518
171	681
171	762
171	945
171	996
172	1
172	30
172	43
172	82
172	87
172	91
172	104
172	106
172	109
172	112
172	115
172	122
172	130
172	131
172	138
172	151
172	163
172	171
172	176
172	180
172	182
172	185
172	186
172	189
172	190
172	203
172	479
172	535
172	666
172	684
172	780
172	851
173	40
173	42
173	67
173	74
173	78
173	88
173	97
173	109
173	116
173	118
173	125
173	126
173	130
173	148
173	152
173	174
173	177
173	179
173	181
173	188
173	192
173	196
173	197
173	201
173	203
173	291
173	405
173	467
173	481
173	634
173	808
173	879
174	21
174	25
174	34
174	35
174	83
174	90
174	92
174	102
174	103
174	107
174	117
174	120
174	123
174	150
174	166
174	168
174	173
174	176
174	177
174	178
174	189
174	190
174	197
174	199
174	202
174	203
174	288
174	401
174	630
174	771
174	889
174	1000
175	10
175	27
175	41
175	77
175	107
175	111
175	116
175	121
175	143
175	147
175	150
175	159
175	160
175	161
175	162
175	163
175	164
175	169
175	178
175	190
175	191
175	196
175	198
175	199
175	200
175	202
175	312
175	357
175	488
175	580
175	794
175	875
175	985
176	6
176	19
176	29
176	32
176	52
176	68
176	73
176	79
176	106
176	112
176	124
176	128
176	131
176	132
176	151
176	163
176	169
176	172
176	174
176	179
176	180
176	183
176	190
176	195
176	196
176	197
176	200
176	312
176	345
176	531
176	541
176	625
176	739
176	995
177	18
177	21
177	41
177	49
177	77
177	84
177	93
177	97
177	103
177	121
177	124
177	125
177	129
177	131
177	132
177	141
177	158
177	173
177	174
177	181
177	184
177	189
177	193
177	194
177	201
177	202
177	203
177	439
177	451
177	647
177	650
177	810
177	897
177	954
178	21
178	48
178	51
178	65
178	66
178	67
178	69
178	87
178	89
178	96
178	103
178	112
178	117
178	122
178	124
178	125
178	152
178	156
178	158
178	166
178	174
178	175
178	181
178	189
178	193
178	196
178	202
178	203
178	289
178	402
178	463
178	466
178	710
178	941
179	6
179	13
179	33
179	36
179	43
179	45
179	48
179	106
179	108
179	110
179	113
179	118
179	125
179	130
179	139
179	148
179	151
179	156
179	159
179	162
179	163
179	170
179	173
179	176
179	180
179	181
179	190
179	191
179	404
179	413
179	669
179	793
179	817
179	888
179	931
180	9
180	38
180	71
180	90
180	101
180	111
180	112
180	120
180	123
180	131
180	134
180	135
180	138
180	139
180	151
180	162
180	163
180	168
180	169
180	172
180	176
180	179
180	182
180	183
180	190
180	194
180	195
180	197
180	372
180	463
180	512
180	555
180	594
180	829
180	867
181	2
181	15
181	39
181	52
181	56
181	69
181	72
181	75
181	81
181	84
181	97
181	117
181	119
181	120
181	121
181	149
181	154
181	156
181	165
181	173
181	177
181	178
181	179
181	193
181	194
181	199
181	202
181	203
181	254
181	287
181	410
181	671
181	787
181	792
181	992
182	8
182	16
182	30
182	38
182	53
182	63
182	64
182	67
182	74
182	94
182	109
182	111
182	122
182	129
182	144
182	149
182	155
182	159
182	169
182	171
182	172
182	180
182	184
182	189
182	196
182	199
182	200
182	203
182	226
182	244
182	292
182	471
182	489
182	956
182	966
183	18
183	29
183	36
183	53
183	55
183	58
183	62
183	73
183	88
183	90
183	94
183	96
183	102
183	136
183	142
183	143
183	161
183	163
183	168
183	170
183	176
183	180
183	184
183	189
183	197
183	198
183	199
183	201
183	367
183	682
183	687
183	691
183	785
183	828
183	989
184	5
184	25
184	29
184	31
184	40
184	49
184	75
184	91
184	111
184	112
184	127
184	129
184	134
184	136
184	138
184	145
184	152
184	155
184	161
184	168
184	177
184	182
184	183
184	185
184	187
184	191
184	192
184	194
184	201
184	458
184	511
184	654
184	839
184	852
184	885
184	948
185	9
185	11
185	23
185	34
185	57
185	63
185	67
185	77
185	108
185	113
185	114
185	115
185	129
185	135
185	136
185	140
185	147
185	148
185	161
185	167
185	172
185	184
185	187
185	189
185	192
185	194
185	197
185	198
185	201
185	456
185	467
185	491
185	549
185	550
185	685
185	859
186	10
186	14
186	22
186	24
186	46
186	48
186	58
186	61
186	64
186	66
186	68
186	99
186	101
186	105
186	110
186	113
186	129
186	133
186	141
186	144
186	145
186	155
186	157
186	159
186	162
186	167
186	172
186	193
186	197
186	203
186	363
186	490
186	496
186	660
186	661
186	671
186	853
187	5
187	19
187	25
187	48
187	82
187	89
187	102
187	106
187	107
187	115
187	117
187	119
187	121
187	130
187	134
187	136
187	142
187	149
187	150
187	151
187	158
187	159
187	167
187	168
187	184
187	185
187	194
187	198
187	201
187	202
187	393
187	454
187	478
187	678
187	959
187	966
187	976
188	12
188	14
188	26
188	31
188	41
188	48
188	57
188	61
188	70
188	82
188	84
188	89
188	96
188	97
188	101
188	102
188	113
188	121
188	131
188	144
188	145
188	151
188	163
188	165
188	167
188	173
188	195
188	198
188	200
188	203
188	269
188	347
188	653
188	711
188	986
188	991
188	992
189	27
189	39
189	45
189	62
189	65
189	67
189	72
189	73
189	75
189	88
189	104
189	115
189	119
189	131
189	141
189	142
189	144
189	167
189	170
189	172
189	174
189	177
189	178
189	182
189	183
189	185
189	191
189	194
189	196
189	198
189	201
189	282
189	409
189	441
189	488
189	775
189	832
189	982
190	6
190	18
190	28
190	32
190	49
190	59
190	64
190	99
190	106
190	107
190	113
190	118
190	130
190	131
190	134
190	148
190	154
190	161
190	162
190	163
190	171
190	172
190	174
190	175
190	176
190	179
190	180
190	197
190	198
190	199
190	200
190	490
190	606
190	609
190	791
190	794
190	822
190	851
190	998
191	3
191	13
191	15
191	16
191	20
191	28
191	38
191	66
191	72
191	76
191	87
191	99
191	109
191	115
191	118
191	122
191	123
191	128
191	130
191	151
191	157
191	162
191	163
191	170
191	175
191	179
191	184
191	189
191	195
191	200
191	201
191	408
191	420
191	554
191	571
191	572
191	838
191	986
191	989
192	1
192	3
192	20
192	34
192	39
192	54
192	93
192	99
192	101
192	117
192	126
192	127
192	132
192	137
192	138
192	142
192	148
192	152
192	153
192	156
192	158
192	160
192	166
192	168
192	169
192	173
192	184
192	185
192	197
192	202
192	203
192	235
192	339
192	349
192	655
192	664
192	673
192	835
192	883
193	2
193	6
193	18
193	33
193	34
193	37
193	41
193	42
193	60
193	64
193	68
193	69
193	72
193	85
193	92
193	111
193	115
193	136
193	137
193	160
193	162
193	166
193	168
193	177
193	178
193	181
193	186
193	195
193	197
193	200
193	202
193	203
193	231
193	419
193	442
193	574
193	679
193	687
193	775
193	922
194	5
194	8
194	11
194	17
194	57
194	75
194	79
194	80
194	85
194	98
194	103
194	127
194	134
194	144
194	147
194	149
194	151
194	152
194	161
194	162
194	163
194	177
194	180
194	181
194	184
194	185
194	187
194	189
194	195
194	198
194	201
194	202
194	242
194	268
194	270
194	561
194	594
194	850
194	921
194	936
195	1
195	20
195	31
195	32
195	45
195	54
195	55
195	75
195	84
195	88
195	89
195	97
195	110
195	115
195	119
195	121
195	125
195	129
195	133
195	138
195	140
195	141
195	153
195	154
195	156
195	165
195	168
195	171
195	176
195	180
195	188
195	191
195	193
195	194
195	196
195	283
195	430
195	453
195	550
195	607
195	648
195	657
195	975
196	9
196	10
196	22
196	24
196	30
196	37
196	44
196	46
196	55
196	60
196	65
196	68
196	71
196	91
196	94
196	119
196	120
196	133
196	136
196	141
196	143
196	147
196	148
196	150
196	154
196	159
196	171
196	173
196	175
196	176
196	178
196	182
196	189
196	195
196	198
196	200
196	317
196	437
196	474
196	582
196	649
196	684
196	728
196	901
197	1
197	2
197	21
197	27
197	33
197	44
197	51
197	52
197	56
197	63
197	83
197	85
197	93
197	98
197	101
197	103
197	125
197	126
197	134
197	136
197	148
197	150
197	159
197	166
197	173
197	174
197	176
197	180
197	183
197	185
197	186
197	190
197	192
197	193
197	198
197	203
197	238
197	398
197	435
197	477
197	675
197	690
197	695
197	941
197	975
198	30
198	32
198	33
198	36
198	41
198	55
198	57
198	62
198	73
198	75
198	81
198	93
198	95
198	114
198	136
198	137
198	142
198	143
198	144
198	158
198	159
198	161
198	165
198	170
198	175
198	183
198	185
198	187
198	188
198	189
198	190
198	194
198	196
198	197
198	201
198	202
198	345
198	365
198	439
198	469
198	476
198	730
198	798
198	976
198	996
199	6
199	10
199	19
199	22
199	29
199	31
199	37
199	38
199	60
199	65
199	71
199	91
199	92
199	102
199	122
199	127
199	135
199	137
199	141
199	148
199	149
199	150
199	155
199	157
199	159
199	162
199	168
199	169
199	170
199	174
199	175
199	181
199	182
199	183
199	190
199	200
199	202
199	362
199	645
199	672
199	682
199	829
199	837
199	841
199	925
199	945
200	7
200	10
200	36
200	47
200	50
200	51
200	81
200	86
200	91
200	94
200	95
200	100
200	103
200	108
200	114
200	122
200	127
200	135
200	137
200	141
200	142
200	143
200	145
200	149
200	153
200	159
200	160
200	166
200	175
200	176
200	182
200	188
200	190
200	191
200	193
200	196
200	199
200	298
200	343
200	447
200	452
200	477
200	538
200	576
200	621
200	627
200	666
201	31
201	33
201	40
201	42
201	55
201	62
201	76
201	87
201	98
201	102
201	104
201	110
201	123
201	129
201	133
201	134
201	139
201	142
201	143
201	144
201	153
201	162
201	165
201	166
201	167
201	169
201	170
201	171
201	173
201	177
201	183
201	184
201	185
201	187
201	189
201	191
201	194
201	198
201	234
201	454
201	545
201	635
201	666
201	681
201	688
201	808
201	952
202	3
202	7
202	37
202	39
202	41
202	47
202	49
202	56
202	59
202	60
202	69
202	84
202	92
202	97
202	100
202	111
202	116
202	135
202	136
202	138
202	140
202	148
202	152
202	153
202	158
202	160
202	163
202	171
202	174
202	175
202	177
202	178
202	181
202	187
202	192
202	193
202	194
202	198
202	199
202	208
202	329
202	395
202	480
202	498
202	617
202	663
202	870
202	976
202	998
203	1
203	9
203	18
203	26
203	44
203	46
203	49
203	51
203	52
203	56
203	70
203	75
203	100
203	117
203	120
203	122
203	124
203	126
203	135
203	150
203	152
203	155
203	158
203	164
203	165
203	167
203	168
203	170
203	172
203	173
203	174
203	177
203	178
203	181
203	182
203	186
203	188
203	192
203	193
203	197
203	216
203	223
203	235
203	323
203	473
203	668
203	734
203	761
203	818
203	975
204	217
204	305
204	331
204	335
204	345
204	418
204	442
204	463
204	622
204	675
205	300
205	359
205	385
205	393
205	436
205	449
205	451
205	480
205	732
205	807
206	215
206	228
206	263
206	276
206	285
206	317
206	390
206	462
206	605
206	942
207	145
207	153
207	293
207	296
207	375
207	382
207	446
207	460
207	475
207	484
208	156
208	202
208	223
208	294
208	414
208	416
208	451
208	459
208	469
208	473
209	324
209	331
209	333
209	337
209	433
209	480
209	488
209	490
209	616
209	719
210	337
210	386
210	395
210	434
210	458
210	476
210	478
210	489
210	597
210	864
211	247
211	254
211	289
211	455
211	462
211	476
211	480
211	491
211	673
211	882
212	164
212	237
212	336
212	384
212	436
212	451
212	462
212	467
212	471
212	693
213	5
213	245
213	347
213	377
213	401
213	411
213	422
213	437
213	467
213	645
214	286
214	344
214	408
214	445
214	454
214	466
214	478
214	487
214	573
214	589
215	81
215	206
215	245
215	253
215	430
215	466
215	467
215	480
215	490
215	883
216	203
216	218
216	366
216	415
216	443
216	454
216	459
216	481
216	490
216	632
217	134
217	204
217	229
217	451
217	456
217	465
217	474
217	483
217	484
217	695
218	216
218	291
218	307
218	326
218	353
218	391
218	464
218	475
218	957
218	969
219	118
219	266
219	319
219	348
219	398
219	428
219	467
219	477
219	481
219	817
220	50
220	330
220	339
220	381
220	397
220	417
220	462
220	467
220	478
220	974
221	313
221	327
221	415
221	455
221	470
221	479
221	490
221	491
221	657
221	905
222	254
222	288
222	298
222	318
222	403
222	446
222	449
222	483
222	910
222	964
223	203
223	208
223	245
223	332
223	374
223	435
223	446
223	451
223	489
223	538
224	284
224	384
224	390
224	400
224	448
224	451
224	466
224	469
224	889
224	943
225	57
225	266
225	343
225	419
225	425
225	440
225	463
225	464
225	478
225	903
226	182
226	258
226	291
226	321
226	400
226	406
226	419
226	430
226	491
226	757
227	115
227	293
227	322
227	396
227	442
227	455
227	470
227	481
227	491
227	570
228	206
228	258
228	263
228	275
228	286
228	441
228	468
228	477
228	715
228	985
229	43
229	217
229	235
229	266
229	349
229	358
229	434
229	440
229	488
229	869
230	142
230	144
230	269
230	275
230	314
230	369
230	396
230	421
230	468
230	487
231	193
231	245
231	351
231	383
231	411
231	457
231	466
231	473
231	488
231	914
232	98
232	294
232	300
232	345
232	401
232	407
232	450
232	470
232	484
232	593
233	250
233	281
233	333
233	342
233	376
233	434
233	458
233	482
233	725
233	909
234	110
234	201
234	372
234	390
234	431
234	438
234	441
234	443
234	475
234	491
235	192
235	203
235	229
235	249
235	362
235	379
235	404
235	440
235	458
235	475
236	140
236	330
236	335
236	338
236	400
236	460
236	476
236	481
236	485
236	664
237	212
237	274
237	372
237	393
237	395
237	462
237	473
237	483
237	781
237	963
238	102
238	197
238	288
238	306
238	314
238	368
238	434
238	455
238	472
238	487
238	490
239	56
239	240
239	247
239	288
239	387
239	421
239	429
239	461
239	482
239	491
239	817
240	239
240	276
240	296
240	382
240	407
240	451
240	456
240	479
240	487
240	685
240	994
241	269
241	274
241	315
241	324
241	437
241	454
241	469
241	477
241	486
241	497
241	984
242	194
242	385
242	413
242	423
242	445
242	463
242	468
242	469
242	484
242	490
242	662
243	265
243	307
243	352
243	374
243	398
243	416
243	432
243	438
243	453
243	636
243	871
244	112
244	182
244	310
244	348
244	369
244	405
244	408
244	439
244	445
244	465
244	491
245	169
245	213
245	215
245	223
245	231
245	371
245	414
245	459
245	476
245	595
245	856
246	300
246	323
246	342
246	347
246	379
246	384
246	399
246	462
246	470
246	567
246	975
247	41
247	211
247	239
247	303
247	325
247	387
247	415
247	442
247	444
247	470
247	986
248	9
248	270
248	321
248	393
248	398
248	450
248	463
248	471
248	472
248	486
248	579
249	235
249	303
249	308
249	333
249	394
249	437
249	438
249	487
249	674
249	922
249	969
250	233
250	257
250	414
250	415
250	433
250	451
250	455
250	459
250	694
250	978
251	306
251	324
251	359
251	395
251	416
251	423
251	472
251	482
251	486
251	599
251	615
252	254
252	309
252	356
252	360
252	399
252	411
252	415
252	422
252	458
252	492
252	676
253	215
253	301
253	400
253	411
253	447
253	457
253	459
253	472
253	710
253	985
253	998
254	181
254	211
254	222
254	252
254	291
254	336
254	394
254	408
254	478
254	727
254	890
255	267
255	280
255	329
255	361
255	365
255	438
255	457
255	460
255	483
255	688
255	999
256	344
256	421
256	436
256	448
256	450
256	455
256	461
256	484
256	486
256	801
256	999
257	250
257	322
257	329
257	374
257	387
257	418
257	434
257	459
257	481
257	686
257	768
258	66
258	226
258	228
258	364
258	374
258	390
258	416
258	426
258	427
258	433
258	832
259	166
259	283
259	295
259	299
259	333
259	334
259	354
259	383
259	440
259	480
259	592
260	313
260	384
260	389
260	403
260	408
260	410
260	426
260	449
260	467
260	657
260	836
261	152
261	318
261	347
261	356
261	366
261	377
261	411
261	418
261	476
261	479
261	651
262	320
262	355
262	410
262	442
262	455
262	457
262	465
262	479
262	482
262	680
262	848
263	206
263	228
263	274
263	323
263	343
263	344
263	398
263	413
263	467
263	644
263	646
264	273
264	294
264	378
264	385
264	436
264	442
264	445
264	482
264	844
264	907
264	930
265	46
265	243
265	285
265	320
265	372
265	452
265	460
265	479
265	485
265	489
265	518
266	25
266	170
266	219
266	225
266	229
266	286
266	298
266	358
266	431
266	445
266	476
267	255
267	316
267	319
267	377
267	459
267	469
267	485
267	488
267	490
267	794
267	831
268	166
268	194
268	274
268	302
268	357
268	389
268	393
268	442
268	451
268	464
268	483
269	188
269	230
269	241
269	394
269	400
269	401
269	426
269	452
269	473
269	487
269	836
269	933
270	194
270	248
270	289
270	394
270	423
270	427
270	428
270	435
270	463
270	469
270	484
270	935
271	340
271	352
271	367
271	371
271	417
271	429
271	478
271	480
271	483
271	502
271	547
271	654
272	130
272	276
272	302
272	314
272	396
272	429
272	460
272	473
272	489
272	490
272	683
272	784
273	264
273	290
273	306
273	378
273	434
273	445
273	473
273	486
273	487
273	682
273	968
273	976
274	132
274	237
274	241
274	263
274	268
274	353
274	423
274	454
274	464
274	468
274	474
274	602
275	228
275	230
275	295
275	362
275	417
275	426
275	428
275	431
275	452
275	482
275	765
275	828
276	206
276	240
276	272
276	351
276	399
276	410
276	433
276	446
276	479
276	489
276	956
276	997
277	51
277	328
277	329
277	351
277	364
277	374
277	443
277	452
277	476
277	484
277	823
277	886
278	44
278	328
278	387
278	397
278	418
278	472
278	479
278	485
278	487
278	489
278	629
278	830
279	349
279	361
279	366
279	383
279	410
279	424
279	464
279	467
279	468
279	474
279	623
279	835
280	255
280	297
280	436
280	437
280	452
280	462
280	463
280	475
280	487
280	488
280	840
280	944
281	134
281	233
281	360
281	411
281	432
281	441
281	449
281	456
281	482
281	491
281	650
281	997
282	189
282	362
282	375
282	392
282	437
282	444
282	452
282	457
282	462
282	471
282	679
282	842
283	195
283	259
283	294
283	304
283	308
283	324
283	353
283	361
283	432
283	461
283	485
283	693
284	64
284	164
284	224
284	296
284	338
284	370
284	395
284	399
284	430
284	472
284	479
284	728
285	206
285	265
285	317
285	371
285	382
285	394
285	456
285	474
285	482
285	483
285	881
285	940
286	28
286	214
286	228
286	266
286	336
286	365
286	377
286	446
286	453
286	486
286	639
286	948
287	85
287	181
287	356
287	357
287	376
287	420
287	431
287	434
287	441
287	455
287	478
287	943
288	160
288	174
288	222
288	238
288	239
288	339
288	365
288	405
288	444
288	452
288	487
288	490
289	178
289	211
289	270
289	379
289	406
289	435
289	442
289	447
289	476
289	478
289	491
289	926
290	15
290	273
290	304
290	312
290	348
290	362
290	372
290	461
290	470
290	486
290	487
290	734
291	173
291	218
291	226
291	254
291	414
291	435
291	448
291	464
291	465
291	470
291	491
291	970
292	41
292	107
292	182
292	311
292	334
292	391
292	393
292	446
292	476
292	479
292	486
292	489
293	207
293	227
293	379
293	392
293	428
293	470
293	471
293	484
293	491
293	570
293	742
293	905
294	154
294	208
294	232
294	264
294	283
294	314
294	359
294	426
294	450
294	462
294	481
294	768
295	259
295	275
295	353
295	374
295	378
295	382
295	424
295	444
295	458
295	482
295	774
295	840
296	207
296	240
296	284
296	304
296	393
296	395
296	417
296	432
296	473
296	480
296	800
296	997
297	5
297	64
297	280
297	306
297	313
297	363
297	381
297	423
297	452
297	463
297	472
297	477
297	833
298	200
298	222
298	266
298	374
298	376
298	406
298	408
298	416
298	418
298	441
298	457
298	478
298	974
299	168
299	259
299	303
299	307
299	320
299	321
299	393
299	412
299	430
299	440
299	455
299	488
299	991
300	167
300	205
300	232
300	246
300	325
300	349
300	370
300	390
300	425
300	468
300	477
300	654
300	672
301	113
301	253
301	335
301	377
301	379
301	416
301	420
301	440
301	441
301	449
301	479
301	804
301	962
302	146
302	268
302	272
302	367
302	410
302	426
302	444
302	457
302	474
302	482
302	487
302	926
302	995
303	247
303	249
303	299
303	328
303	374
303	442
303	453
303	455
303	465
303	481
303	584
303	753
303	845
304	283
304	290
304	296
304	307
304	308
304	311
304	317
304	393
304	410
304	491
304	639
304	641
304	825
305	204
305	310
305	369
305	373
305	406
305	408
305	422
305	436
305	449
305	478
305	491
305	566
305	842
306	238
306	251
306	273
306	297
306	359
306	373
306	383
306	388
306	452
306	461
306	850
306	860
306	996
307	131
307	218
307	243
307	299
307	304
307	313
307	368
307	396
307	426
307	427
307	455
307	669
307	682
308	249
308	283
308	304
308	309
308	364
308	395
308	399
308	443
308	459
308	467
308	489
308	649
308	749
309	78
309	96
309	252
309	308
309	327
309	338
309	373
309	386
309	438
309	444
309	460
309	476
309	489
310	244
310	305
310	332
310	361
310	366
310	416
310	429
310	465
310	473
310	474
310	477
310	822
310	894
311	292
311	304
311	318
311	354
311	373
311	378
311	444
311	460
311	475
311	485
311	582
311	666
311	722
312	175
312	176
312	290
312	319
312	321
312	385
312	402
312	420
312	425
312	433
312	436
312	462
312	477
313	143
313	221
313	260
313	297
313	307
313	380
313	416
313	450
313	471
313	481
313	485
313	572
313	987
314	230
314	238
314	272
314	294
314	315
314	338
314	340
314	398
314	413
314	445
314	563
314	605
314	906
315	241
315	314
315	329
315	339
315	370
315	413
315	438
315	461
315	475
315	479
315	625
315	819
315	853
316	267
316	419
316	447
316	448
316	453
316	456
316	457
316	466
316	469
316	475
316	477
316	604
316	839
316	847
317	196
317	206
317	285
317	304
317	348
317	353
317	379
317	402
317	425
317	463
317	465
317	480
317	483
317	975
318	222
318	261
318	311
318	324
318	404
318	421
318	428
318	449
318	469
318	478
318	486
318	554
318	612
318	890
319	95
319	219
319	267
319	312
319	345
319	363
319	371
319	417
319	422
319	425
319	431
319	439
319	456
319	993
320	13
320	262
320	265
320	299
320	338
320	369
320	397
320	409
320	442
320	462
320	470
320	491
320	609
320	846
321	120
321	226
321	248
321	299
321	312
321	419
321	439
321	464
321	467
321	468
321	472
321	485
321	512
321	965
322	227
322	257
322	337
322	351
322	386
322	408
322	437
322	447
322	450
322	470
322	488
322	490
322	795
322	846
323	203
323	246
323	263
323	354
323	363
323	385
323	398
323	419
323	434
323	459
323	468
323	490
323	696
323	840
324	209
324	241
324	251
324	283
324	318
324	346
324	405
324	413
324	445
324	451
324	481
324	484
324	906
324	922
325	247
325	300
325	365
325	375
325	402
325	408
325	435
325	437
325	451
325	470
325	491
325	559
325	638
325	833
326	13
326	74
326	130
326	218
326	342
326	375
326	411
326	428
326	442
326	444
326	475
326	476
326	480
326	489
327	90
327	221
327	309
327	385
327	409
327	435
327	439
327	442
327	455
327	457
327	470
327	491
327	589
327	642
328	108
328	277
328	278
328	303
328	342
328	381
328	399
328	460
328	462
328	479
328	482
328	490
328	756
328	988
329	202
329	255
329	257
329	277
329	315
329	358
329	359
329	438
329	459
329	468
329	482
329	486
329	487
329	987
330	151
330	220
330	236
330	358
330	400
330	440
330	447
330	448
330	457
330	469
330	485
330	488
330	490
330	996
331	204
331	209
331	335
331	356
331	393
331	403
331	407
331	413
331	441
331	447
331	481
331	484
331	665
331	803
331	955
332	135
332	223
332	310
332	337
332	344
332	352
332	371
332	424
332	446
332	464
332	469
332	475
332	477
332	592
332	820
333	123
333	209
333	233
333	249
333	259
333	361
333	381
333	386
333	404
333	427
333	451
333	480
333	482
333	843
333	999
334	12
334	259
334	292
334	402
334	423
334	424
334	425
334	456
334	468
334	471
334	473
334	474
334	476
334	637
334	708
335	204
335	236
335	301
335	331
335	348
335	392
335	413
335	428
335	459
335	463
335	466
335	488
335	548
335	675
335	841
336	76
336	142
336	212
336	254
336	286
336	358
336	378
336	379
336	389
336	460
336	467
336	477
336	478
336	491
336	981
337	67
337	81
337	209
337	210
337	322
337	332
337	400
337	417
337	424
337	433
337	443
337	454
337	484
337	488
337	983
338	60
338	236
338	284
338	309
338	314
338	320
338	346
338	384
338	431
338	443
338	447
338	452
338	483
338	950
338	963
339	17
339	63
339	192
339	220
339	288
339	315
339	353
339	365
339	386
339	436
339	437
339	446
339	457
339	487
339	491
340	271
340	314
340	350
340	409
340	418
340	435
340	449
340	450
340	463
340	472
340	484
340	489
340	494
340	790
340	930
341	346
341	362
341	372
341	406
341	433
341	435
341	442
341	465
341	470
341	475
341	486
341	491
341	772
341	850
341	955
342	72
342	233
342	246
342	326
342	328
342	372
342	399
342	443
342	453
342	475
342	480
342	487
342	489
342	584
342	998
343	200
343	225
343	263
343	350
343	364
343	404
343	411
343	420
343	424
343	437
343	438
343	449
343	453
343	481
343	726
343	891
344	214
344	256
344	263
344	332
344	346
344	377
344	404
344	425
344	440
344	453
344	477
344	478
344	479
344	585
344	722
344	835
345	176
345	198
345	204
345	232
345	319
345	351
345	359
345	399
345	409
345	421
345	445
345	456
345	463
345	476
345	850
345	977
346	324
346	338
346	341
346	344
346	395
346	399
346	429
346	439
346	449
346	466
346	475
346	479
346	610
346	670
346	773
346	845
347	188
347	213
347	246
347	261
347	350
347	370
347	386
347	402
347	409
347	420
347	441
347	463
347	473
347	478
347	647
347	972
348	219
348	244
348	290
348	317
348	335
348	355
348	369
348	393
348	405
348	430
348	465
348	484
348	491
348	559
348	565
348	617
349	192
349	229
349	279
349	300
349	354
349	364
349	370
349	396
349	400
349	402
349	421
349	431
349	485
349	513
349	636
349	956
350	340
350	343
350	347
350	355
350	361
350	402
350	420
350	434
350	441
350	453
350	458
350	484
350	489
350	677
350	780
350	816
351	21
351	231
351	276
351	277
351	322
351	345
351	401
351	414
351	447
351	454
351	473
351	478
351	487
351	488
351	616
351	899
352	134
352	243
352	271
352	332
352	369
352	374
352	391
352	427
352	438
352	440
352	462
352	472
352	480
352	490
352	547
352	619
353	143
353	218
353	274
353	283
353	295
353	317
353	339
353	356
353	367
353	387
353	416
353	460
353	467
353	490
353	781
353	956
354	259
354	311
354	323
354	349
354	381
354	396
354	441
354	446
354	450
354	460
354	482
354	485
354	491
354	666
354	937
354	942
355	103
355	262
355	348
355	350
355	369
355	375
355	408
355	410
355	412
355	430
355	465
355	468
355	470
355	488
355	653
355	759
355	944
356	102
356	252
356	261
356	287
356	331
356	353
356	357
356	411
356	427
356	428
356	450
356	460
356	471
356	472
356	558
356	562
356	649
357	175
357	268
357	287
357	356
357	367
357	368
357	402
357	417
357	423
357	428
357	471
357	472
357	478
357	484
357	488
357	923
357	928
358	229
358	266
358	329
358	330
358	336
358	384
358	389
358	390
358	398
358	417
358	427
358	468
358	483
358	619
358	686
358	733
358	988
359	205
359	251
359	294
359	306
359	329
359	345
359	361
359	386
359	392
359	409
359	437
359	442
359	470
359	484
359	670
359	691
359	884
360	8
360	252
360	281
360	397
360	400
360	422
360	433
360	441
360	453
360	458
360	460
360	468
360	477
360	478
360	569
360	971
360	978
361	255
361	279
361	283
361	310
361	333
361	350
361	359
361	390
361	402
361	414
361	424
361	433
361	436
361	483
361	561
361	790
361	826
362	27
362	199
362	235
362	275
362	282
362	290
362	341
362	388
362	407
362	410
362	422
362	454
362	457
362	482
362	483
362	485
362	557
363	186
363	297
363	319
363	323
363	397
363	439
363	450
363	457
363	458
363	461
363	467
363	468
363	477
363	479
363	480
363	834
363	910
364	258
364	277
364	308
364	343
364	349
364	370
364	371
364	378
364	396
364	432
364	446
364	463
364	464
364	479
364	519
364	679
364	948
365	148
365	198
365	255
365	286
365	288
365	325
365	339
365	412
365	435
365	453
365	455
365	461
365	465
365	473
365	491
365	507
365	893
366	129
366	216
366	261
366	279
366	310
366	428
366	433
366	448
366	454
366	466
366	478
366	484
366	488
366	490
366	491
366	733
366	743
367	30
367	183
367	271
367	302
367	353
367	357
367	385
367	391
367	417
367	427
367	430
367	439
367	474
367	483
367	488
367	491
367	823
367	997
368	238
368	307
368	357
368	388
368	392
368	402
368	415
368	430
368	440
368	472
368	473
368	478
368	481
368	484
368	489
368	529
368	673
368	991
369	141
369	230
369	244
369	305
369	320
369	348
369	352
369	355
369	391
369	402
369	406
369	415
369	435
369	442
369	449
369	465
369	771
369	846
370	87
370	284
370	300
370	315
370	347
370	349
370	364
370	375
370	418
370	429
370	451
370	458
370	475
370	485
370	486
370	616
370	757
370	882
371	108
371	111
371	117
371	245
371	271
371	285
371	319
371	332
371	364
371	376
371	391
371	421
371	424
371	431
371	480
371	483
371	487
371	999
372	39
372	85
372	180
372	234
372	237
372	265
372	290
372	341
372	342
372	427
372	429
372	432
372	443
372	452
372	456
372	475
372	476
372	962
373	305
373	306
373	309
373	311
373	376
373	377
373	434
373	441
373	449
373	460
373	469
373	471
373	478
373	484
373	756
373	973
373	979
373	997
374	79
374	223
374	243
374	257
374	258
374	277
374	295
374	298
374	303
374	352
374	381
374	403
374	426
374	427
374	435
374	483
374	526
374	812
375	207
375	282
375	325
375	326
375	355
375	370
375	380
375	386
375	399
375	418
375	423
375	429
375	454
375	476
375	660
375	678
375	684
375	999
376	97
376	233
376	287
376	298
376	371
376	373
376	419
376	430
376	440
376	453
376	458
376	465
376	472
376	480
376	481
376	665
376	799
376	800
377	39
377	82
377	148
377	213
377	261
377	267
377	286
377	301
377	344
377	373
377	393
377	395
377	419
377	420
377	427
377	434
377	466
377	483
378	158
378	264
378	273
378	295
378	311
378	336
378	364
378	405
378	410
378	438
378	444
378	452
378	475
378	483
378	486
378	489
378	750
378	911
379	91
379	92
379	235
379	246
379	289
379	293
379	301
379	317
379	336
379	384
379	389
379	396
379	398
379	425
379	462
379	468
379	469
379	472
379	931
380	313
380	375
380	388
380	408
380	409
380	430
380	445
380	454
380	463
380	468
380	472
380	478
380	481
380	484
380	487
380	640
380	692
380	849
380	974
381	155
381	220
381	297
381	328
381	333
381	354
381	374
381	393
381	403
381	421
381	451
381	456
381	474
381	480
381	482
381	483
381	491
381	746
381	952
382	207
382	240
382	285
382	295
382	384
382	413
382	421
382	423
382	444
382	461
382	473
382	482
382	484
382	486
382	490
382	601
382	683
382	724
382	950
383	122
383	123
383	231
383	259
383	279
383	306
383	384
383	393
383	397
383	399
383	402
383	424
383	439
383	456
383	465
383	474
383	491
383	634
383	799
384	212
384	224
384	246
384	260
384	338
384	358
384	379
384	382
384	383
384	406
384	419
384	439
384	445
384	448
384	455
384	462
384	537
384	694
384	845
385	36
385	205
385	242
385	264
385	312
385	323
385	327
385	367
385	402
385	409
385	426
385	432
385	464
385	480
385	483
385	485
385	554
385	628
385	694
386	210
386	309
386	322
386	333
386	339
386	347
386	359
386	375
386	417
386	431
386	440
386	450
386	476
386	479
386	489
386	650
386	802
386	848
386	890
387	40
387	139
387	239
387	247
387	257
387	278
387	353
387	416
387	418
387	422
387	446
387	454
387	459
387	467
387	469
387	488
387	490
387	630
387	758
388	59
388	306
388	362
388	368
388	380
388	391
388	400
388	404
388	415
388	420
388	440
388	445
388	450
388	463
388	471
388	480
388	505
388	510
388	689
389	260
389	268
389	336
389	358
389	379
389	406
389	415
389	417
389	419
389	425
389	432
389	460
389	462
389	482
389	491
389	672
389	694
389	981
389	993
390	64
390	206
390	224
390	234
390	258
390	300
390	358
390	361
390	392
390	419
390	439
390	456
390	467
390	468
390	472
390	477
390	491
390	655
390	705
390	844
391	121
391	218
391	292
391	352
391	367
391	369
391	371
391	388
391	416
391	422
391	432
391	447
391	450
391	456
391	464
391	471
391	490
391	639
391	738
391	781
392	282
392	293
392	335
392	359
392	368
392	390
392	416
392	423
392	426
392	445
392	450
392	462
392	467
392	474
392	481
392	487
392	493
392	688
392	812
392	860
393	122
393	187
393	205
393	237
393	248
393	268
393	292
393	296
393	299
393	304
393	331
393	348
393	377
393	381
393	383
393	456
393	461
393	466
393	763
393	1000
394	107
394	133
394	249
394	254
394	269
394	270
394	285
394	407
394	431
394	434
394	438
394	461
394	464
394	481
394	482
394	486
394	487
394	489
394	685
394	706
395	202
395	210
395	237
395	251
395	284
395	296
395	308
395	346
395	377
395	444
395	446
395	451
395	460
395	466
395	485
395	489
395	490
395	546
395	819
395	824
396	84
396	227
396	230
396	272
396	307
396	349
396	354
396	364
396	379
396	423
396	426
396	446
396	452
396	460
396	479
396	486
396	489
396	659
396	842
396	974
397	220
397	278
397	320
397	360
397	363
397	383
397	403
397	414
397	415
397	419
397	439
397	467
397	468
397	470
397	477
397	484
397	501
397	697
397	748
397	993
398	197
398	219
398	243
398	248
398	263
398	314
398	323
398	358
398	379
398	403
398	421
398	425
398	452
398	464
398	468
398	474
398	483
398	621
398	767
398	853
399	3
399	246
399	252
399	276
399	284
399	308
399	328
399	342
399	345
399	346
399	375
399	383
399	401
399	407
399	423
399	445
399	476
399	485
399	655
399	740
399	988
400	47
400	152
400	224
400	226
400	236
400	253
400	269
400	330
400	337
400	349
400	360
400	388
400	444
400	448
400	451
400	459
400	460
400	469
400	490
400	624
400	939
401	174
401	213
401	232
401	269
401	351
401	399
401	424
401	443
401	447
401	450
401	454
401	459
401	466
401	469
401	471
401	488
401	490
401	618
401	647
401	847
401	953
402	18
402	150
402	178
402	312
402	317
402	325
402	334
402	347
402	349
402	350
402	357
402	361
402	368
402	369
402	383
402	385
402	404
402	427
402	473
402	474
402	520
403	166
403	169
403	222
403	260
403	331
403	374
403	381
403	397
403	398
403	425
403	431
403	439
403	458
403	462
403	466
403	468
403	477
403	485
403	486
403	669
403	940
404	179
404	235
404	318
404	333
404	343
404	344
404	388
404	402
404	408
404	420
404	440
404	449
404	472
404	479
404	485
404	488
404	489
404	491
404	815
404	837
404	840
405	49
405	173
405	244
405	288
405	324
405	348
405	378
405	407
405	409
405	428
405	438
405	445
405	447
405	450
405	471
405	476
405	481
405	483
405	484
405	674
405	957
406	226
406	289
406	298
406	305
406	341
406	369
406	384
406	389
406	408
406	412
406	413
406	430
406	455
406	459
406	479
406	488
406	491
406	754
406	817
406	866
406	915
407	138
407	167
407	232
407	240
407	331
407	362
407	394
407	399
407	405
407	413
407	421
407	437
407	439
407	457
407	458
407	466
407	475
407	482
407	486
407	487
407	814
407	934
408	110
408	191
408	214
408	244
408	254
408	260
408	298
408	305
408	322
408	325
408	355
408	380
408	404
408	406
408	422
408	440
408	449
408	457
408	458
408	482
408	595
408	807
409	189
409	320
409	327
409	340
409	345
409	347
409	359
409	380
409	385
409	405
409	413
409	415
409	421
409	425
409	428
409	439
409	452
409	471
409	483
409	557
409	583
409	590
410	62
410	181
410	260
410	262
410	276
410	279
410	302
410	304
410	355
410	362
410	378
410	426
410	436
410	438
410	457
410	461
410	479
410	482
410	486
410	489
410	693
410	697
411	164
411	213
411	231
411	252
411	253
411	261
411	281
411	326
411	343
411	356
411	422
411	428
411	439
411	440
411	441
411	458
411	461
411	477
411	488
411	523
411	596
411	995
412	121
412	135
412	299
412	355
412	365
412	406
412	419
412	430
412	441
412	442
412	443
412	447
412	449
412	454
412	455
412	457
412	464
412	465
412	491
412	536
412	707
412	942
413	179
413	242
413	263
413	314
413	315
413	324
413	331
413	335
413	382
413	406
413	407
413	409
413	414
413	424
413	471
413	472
413	476
413	481
413	486
413	651
413	816
413	986
414	165
414	208
414	245
414	250
414	291
414	351
414	361
414	397
414	413
414	417
414	447
414	454
414	458
414	465
414	469
414	478
414	488
414	490
414	695
414	725
414	784
414	996
415	144
415	216
415	221
415	247
415	250
415	252
415	368
415	369
415	388
415	389
415	397
415	409
415	423
415	463
415	471
415	472
415	474
415	481
415	876
415	951
415	961
415	985
416	169
416	208
416	243
416	251
416	258
416	298
416	301
416	310
416	313
416	353
416	387
416	391
416	392
416	439
416	445
416	451
416	464
416	472
416	473
416	587
416	661
416	836
416	841
417	165
417	220
417	271
417	275
417	296
417	319
417	337
417	357
417	358
417	367
417	386
417	389
417	414
417	425
417	439
417	446
417	462
417	467
417	477
417	576
417	603
417	829
417	906
418	152
418	166
418	204
418	257
418	261
418	278
418	298
418	340
418	370
418	375
418	387
418	433
418	437
418	447
418	459
418	466
418	469
418	481
418	488
418	490
418	505
418	661
418	683
419	168
419	193
419	225
419	226
419	316
419	321
419	323
419	376
419	377
419	384
419	389
419	390
419	397
419	412
419	434
419	439
419	466
419	467
419	477
419	484
419	489
419	838
419	914
420	191
420	287
420	301
420	312
420	343
420	347
420	350
420	377
420	388
420	404
420	422
420	442
420	448
420	451
420	453
420	454
420	461
420	470
420	478
420	487
420	490
420	685
420	815
420	972
421	53
421	230
421	239
421	256
421	318
421	345
421	349
421	371
421	381
421	382
421	398
421	407
421	409
421	441
421	443
421	444
421	452
421	468
421	486
421	487
421	621
421	648
421	676
421	690
422	213
422	252
422	305
422	319
422	360
422	362
422	387
422	391
422	408
422	411
422	420
422	424
422	434
422	441
422	444
422	450
422	453
422	481
422	484
422	486
422	590
422	652
422	745
422	973
423	69
423	121
423	161
423	242
423	251
423	270
423	274
423	297
423	334
423	357
423	375
423	382
423	392
423	396
423	399
423	415
423	443
423	448
423	453
423	459
423	463
423	471
423	481
423	511
423	917
424	87
424	117
424	279
424	295
424	332
424	334
424	337
424	343
424	361
424	371
424	383
424	401
424	413
424	422
424	436
424	446
424	456
424	458
424	464
424	469
424	474
424	480
424	565
424	691
424	822
425	103
425	225
425	300
425	312
425	317
425	319
425	334
425	344
425	379
425	389
425	398
425	403
425	409
425	417
425	439
425	445
425	447
425	473
425	477
425	483
425	489
425	614
425	793
425	800
425	950
426	258
426	260
426	269
426	275
426	294
426	302
426	307
426	374
426	385
426	392
426	396
426	410
426	454
426	456
426	464
426	473
426	474
426	480
426	481
426	482
426	483
426	649
426	665
426	684
426	724
426	834
427	258
427	270
427	307
427	333
427	352
427	356
427	358
427	367
427	372
427	374
427	377
427	402
427	430
427	443
427	451
427	456
427	466
427	467
427	473
427	491
427	643
427	671
427	690
427	879
427	982
427	994
428	53
428	141
428	219
428	270
428	275
428	293
428	318
428	326
428	335
428	356
428	357
428	366
428	405
428	409
428	411
428	438
428	445
428	457
428	458
428	471
428	472
428	485
428	490
428	730
428	814
428	971
429	239
429	271
429	272
429	310
429	346
429	370
429	372
429	375
429	432
429	435
429	443
429	446
429	450
429	457
429	459
429	463
429	475
429	480
429	485
429	489
429	569
429	607
429	752
429	963
429	966
429	985
430	133
430	195
430	215
430	226
430	284
430	299
430	348
430	355
430	367
430	368
430	376
430	380
430	406
430	412
430	427
430	435
430	455
430	464
430	465
430	470
430	474
430	476
430	491
430	888
430	941
430	981
431	159
431	234
431	266
431	275
431	287
431	319
431	338
431	349
431	371
431	386
431	394
431	403
431	446
431	457
431	461
431	464
431	474
431	475
431	476
431	479
431	485
431	489
431	609
431	835
431	919
431	958
432	70
432	157
432	243
432	281
432	283
432	296
432	364
432	372
432	385
432	389
432	391
432	429
432	435
432	447
432	451
432	463
432	464
432	473
432	475
432	480
432	483
432	489
432	648
432	662
432	835
432	961
433	86
433	108
433	125
433	209
433	250
433	258
433	276
433	312
433	337
433	341
433	360
433	361
433	366
433	418
433	441
433	444
433	447
433	448
433	454
433	466
433	467
433	471
433	488
433	489
433	490
433	707
433	734
434	4
434	156
434	210
434	229
434	233
434	238
434	257
434	273
434	287
434	323
434	350
434	373
434	377
434	394
434	419
434	422
434	436
434	449
434	451
434	453
434	458
434	463
434	478
434	489
434	691
434	851
434	862
435	117
435	150
435	162
435	197
435	223
435	270
435	289
435	291
435	325
435	327
435	340
435	341
435	365
435	369
435	374
435	429
435	430
435	432
435	465
435	466
435	470
435	477
435	478
435	487
435	488
435	491
435	535
435	692
436	205
436	212
436	256
436	264
436	280
436	305
436	312
436	339
436	361
436	410
436	424
436	434
436	437
436	438
436	446
436	461
436	462
436	464
436	474
436	476
436	482
436	486
436	487
436	642
436	832
436	891
436	908
436	932
436	980
437	156
437	196
437	213
437	241
437	249
437	280
437	282
437	322
437	325
437	339
437	343
437	359
437	407
437	418
437	436
437	444
437	445
437	452
437	457
437	461
437	462
437	463
437	470
437	472
437	486
437	577
437	596
437	657
437	930
438	234
438	243
438	249
438	255
438	309
438	315
438	329
438	343
438	352
438	378
438	394
438	405
438	410
438	428
438	436
438	448
438	450
438	452
438	457
438	461
438	470
438	480
438	486
438	503
438	613
438	694
438	767
438	799
438	947
439	55
439	177
439	198
439	244
439	319
439	321
439	327
439	346
439	363
439	367
439	383
439	384
439	390
439	397
439	403
439	407
439	409
439	411
439	416
439	417
439	419
439	425
439	447
439	452
439	462
439	468
439	474
439	617
439	664
439	779
440	53
440	225
440	229
440	235
440	259
440	299
440	301
440	330
440	344
440	352
440	368
440	376
440	386
440	388
440	404
440	408
440	411
440	442
440	444
440	452
440	453
440	458
440	477
440	478
440	482
440	783
440	813
440	821
440	948
440	978
441	189
441	228
441	234
441	281
441	287
441	298
441	301
441	331
441	347
441	350
441	354
441	360
441	373
441	411
441	412
441	421
441	422
441	433
441	446
441	449
441	453
441	460
441	475
441	483
441	486
441	574
441	761
441	789
441	821
441	944
442	37
442	193
442	204
442	227
442	247
442	262
442	264
442	268
442	289
442	303
442	320
442	326
442	327
442	341
442	359
442	369
442	412
442	420
442	440
442	449
442	465
442	469
442	470
442	473
442	474
442	487
442	558
442	898
442	924
442	941
443	112
443	153
443	168
443	216
443	234
443	277
443	308
443	337
443	338
443	342
443	372
443	401
443	412
443	421
443	423
443	427
443	429
443	448
443	463
443	464
443	474
443	475
443	476
443	479
443	481
443	485
443	489
443	533
443	599
443	773
444	36
444	87
444	146
444	247
444	282
444	288
444	295
444	302
444	309
444	311
444	326
444	378
444	382
444	395
444	400
444	421
444	422
444	433
444	437
444	440
444	448
444	452
444	461
444	470
444	482
444	486
444	487
444	491
444	692
444	919
444	951
445	6
445	63
445	214
445	242
445	244
445	264
445	266
445	273
445	314
445	324
445	345
445	380
445	384
445	388
445	392
445	399
445	405
445	416
445	425
445	428
445	437
445	450
445	471
445	479
445	481
445	482
445	484
445	642
445	740
445	856
445	991
446	207
446	222
446	223
446	276
446	286
446	292
446	332
446	339
446	354
446	364
446	387
446	395
446	396
446	417
446	424
446	429
446	431
446	436
446	441
446	448
446	461
446	479
446	485
446	488
446	489
446	527
446	639
446	651
446	693
446	825
446	829
447	134
447	158
447	200
447	253
447	289
447	316
447	322
447	330
447	331
447	338
447	351
447	391
447	401
447	405
447	412
447	414
447	418
447	425
447	432
447	433
447	439
447	448
447	456
447	487
447	488
447	489
447	490
447	534
447	549
447	731
447	933
448	150
448	224
448	256
448	291
448	316
448	330
448	366
448	384
448	400
448	420
448	423
448	433
448	438
448	443
448	444
448	446
448	447
448	456
448	459
448	466
448	468
448	469
448	477
448	487
448	488
448	490
448	600
448	633
448	796
448	809
448	812
449	205
449	222
449	260
449	281
449	301
449	305
449	318
449	340
449	343
449	346
449	369
449	373
449	404
449	408
449	412
449	434
449	441
449	442
449	458
449	460
449	461
449	477
449	478
449	479
449	490
449	690
449	747
449	850
449	867
449	907
449	925
450	232
450	248
450	256
450	294
450	313
450	322
450	340
450	354
450	356
450	363
450	386
450	388
450	391
450	392
450	401
450	405
450	422
450	429
450	438
450	445
450	459
450	463
450	481
450	484
450	486
450	491
450	500
450	508
450	578
450	613
450	750
450	842
451	131
451	177
451	205
451	208
451	212
451	217
451	223
451	224
451	240
451	250
451	268
451	324
451	325
451	333
451	370
451	381
451	395
451	400
451	416
451	420
451	427
451	432
451	434
451	455
451	456
451	473
451	483
451	484
451	613
451	742
451	777
451	872
452	30
452	69
452	163
452	200
452	265
452	269
452	275
452	277
452	280
452	282
452	288
452	297
452	306
452	338
452	372
452	378
452	396
452	398
452	409
452	421
452	437
452	438
452	439
452	440
452	444
452	453
452	457
452	482
452	486
452	633
452	788
452	923
453	139
453	145
453	195
453	243
453	286
453	303
453	316
453	342
453	343
453	344
453	350
453	360
453	365
453	376
453	420
453	422
453	423
453	434
453	440
453	441
453	452
453	455
453	456
453	458
453	467
453	477
453	478
453	480
453	490
453	568
453	611
453	680
454	14
454	16
454	187
454	201
454	214
454	216
454	241
454	274
454	337
454	351
454	362
454	366
454	375
454	380
454	387
454	401
454	412
454	414
454	420
454	426
454	433
454	459
454	465
454	466
454	469
454	479
454	485
454	488
454	490
454	639
454	842
454	870
455	160
455	211
455	221
455	227
455	238
455	250
455	256
455	262
455	287
455	299
455	303
455	307
455	327
455	365
455	384
455	406
455	412
455	430
455	451
455	453
455	468
455	470
455	474
455	486
455	489
455	491
455	546
455	604
455	661
455	697
455	827
455	982
456	32
456	185
456	217
456	240
456	281
456	285
456	316
456	319
456	334
456	345
456	372
456	381
456	383
456	390
456	391
456	393
456	424
456	426
456	427
456	447
456	448
456	451
456	453
456	473
456	474
456	476
456	477
456	480
456	485
456	595
456	641
456	687
456	820
457	128
457	231
457	253
457	255
457	262
457	282
457	298
457	302
457	316
457	327
457	330
457	339
457	362
457	363
457	407
457	408
457	410
457	412
457	428
457	429
457	431
457	437
457	438
457	452
457	461
457	463
457	482
457	487
457	544
457	583
457	652
457	698
457	805
458	116
458	184
458	210
458	233
458	235
458	252
458	295
458	350
458	360
458	363
458	370
458	376
458	403
458	407
458	408
458	411
458	414
458	424
458	428
458	434
458	440
458	449
458	453
458	465
458	467
458	478
458	480
458	481
458	623
458	627
458	684
458	853
458	988
459	113
459	208
459	216
459	245
459	250
459	253
459	257
459	267
459	308
459	323
459	329
459	335
459	387
459	400
459	401
459	406
459	418
459	423
459	429
459	448
459	450
459	454
459	466
459	467
459	474
459	475
459	487
459	490
459	581
459	678
459	691
459	731
459	765
460	161
460	163
460	207
460	236
460	255
460	265
460	272
460	309
460	311
460	328
460	336
460	353
460	354
460	356
460	360
460	373
460	389
460	395
460	396
460	400
460	441
460	449
460	473
460	476
460	482
460	484
460	485
460	489
460	542
460	616
460	621
460	836
460	844
461	10
461	51
461	239
461	256
461	283
461	290
461	306
461	315
461	363
461	365
461	382
461	393
461	394
461	410
461	411
461	420
461	431
461	436
461	437
461	438
461	444
461	446
461	449
461	457
461	465
461	477
461	486
461	488
461	565
461	626
461	690
461	818
461	824
462	75
462	206
462	211
462	212
462	220
462	237
462	246
462	280
462	282
462	294
462	312
462	320
462	328
462	352
462	379
462	384
462	389
462	392
462	403
462	417
462	436
462	437
462	439
462	467
462	468
462	470
462	476
462	477
462	481
462	522
462	803
462	850
462	920
462	962
463	59
463	178
463	180
463	204
463	225
463	242
463	248
463	270
463	280
463	297
463	317
463	335
463	340
463	345
463	347
463	364
463	380
463	388
463	415
463	423
463	429
463	432
463	434
463	437
463	443
463	450
463	457
463	469
463	479
463	481
463	486
463	506
463	683
463	688
464	146
464	218
464	225
464	268
464	274
464	279
464	291
464	321
464	332
464	364
464	385
464	391
464	394
464	398
464	412
464	416
464	424
464	426
464	430
464	431
464	432
464	436
464	443
464	471
464	473
464	474
464	476
464	483
464	499
464	512
464	659
464	667
464	845
464	973
465	7
465	147
465	217
465	244
465	262
465	291
465	303
465	310
465	317
465	341
465	348
465	355
465	365
465	369
465	376
465	383
465	412
465	414
465	430
465	435
465	442
465	454
465	458
465	461
465	472
465	474
465	483
465	488
465	489
465	491
465	729
465	824
465	872
465	972
465	980
466	178
466	214
466	215
466	224
466	231
466	316
466	335
466	346
466	366
466	377
466	393
466	395
466	401
466	403
466	407
466	418
466	419
466	427
466	433
466	435
466	448
466	454
466	459
466	469
466	471
466	483
466	486
466	488
466	490
466	513
466	599
466	739
466	896
466	970
466	981
467	68
467	165
467	173
467	185
467	212
467	213
467	215
467	219
467	220
467	260
467	263
467	279
467	308
467	321
467	336
467	353
467	363
467	387
467	390
467	392
467	397
467	417
467	419
467	427
467	433
467	453
467	458
467	459
467	462
467	472
467	477
467	489
467	519
467	795
467	917
468	59
468	111
468	159
468	228
468	230
468	242
468	274
468	279
468	300
468	321
468	323
468	329
468	334
468	355
468	358
468	360
468	363
468	379
468	380
468	390
468	397
468	398
468	403
468	421
468	439
468	448
468	455
468	462
468	477
468	478
468	485
468	645
468	689
468	812
468	932
469	75
469	198
469	208
469	224
469	241
469	242
469	267
469	270
469	316
469	318
469	330
469	332
469	373
469	379
469	387
469	400
469	401
469	414
469	418
469	424
469	442
469	448
469	454
469	463
469	466
469	471
469	480
469	485
469	488
469	490
469	747
469	752
469	766
469	786
469	865
470	100
470	147
470	221
470	227
470	232
470	246
470	247
470	290
470	291
470	293
470	320
470	322
470	325
470	327
470	341
470	355
470	359
470	397
470	420
470	430
470	435
470	437
470	438
470	442
470	444
470	455
470	462
470	487
470	489
470	491
470	497
470	520
470	687
470	880
470	983
471	1
471	182
471	212
471	248
471	282
471	293
471	313
471	334
471	356
471	357
471	373
471	388
471	391
471	401
471	405
471	409
471	413
471	415
471	423
471	428
471	433
471	445
471	464
471	466
471	469
471	474
471	479
471	481
471	484
471	487
471	490
471	495
471	552
471	917
471	967
471	983
472	238
472	248
472	251
472	253
472	278
472	284
472	297
472	321
472	340
472	352
472	356
472	357
472	368
472	376
472	379
472	380
472	390
472	404
472	413
472	415
472	416
472	428
472	437
472	465
472	467
472	475
472	481
472	484
472	486
472	582
472	637
472	644
472	753
472	832
472	848
472	939
473	83
473	141
473	157
473	203
473	208
473	231
473	237
473	269
473	272
473	273
473	296
473	310
473	334
473	347
473	351
473	365
473	368
473	382
473	402
473	416
473	425
473	426
473	427
473	432
473	442
473	451
473	456
473	460
473	464
473	480
473	483
473	487
473	488
473	489
473	529
473	828
473	985
474	122
474	196
474	217
474	274
474	279
474	285
474	302
474	310
474	334
474	367
474	381
474	383
474	392
474	398
474	402
474	415
474	424
474	426
474	430
474	431
474	436
474	439
474	442
474	443
474	455
474	456
474	459
474	464
474	465
474	471
474	480
474	482
474	487
474	610
474	652
474	806
474	817
474	832
475	38
475	207
475	218
475	234
475	235
475	280
475	311
475	315
475	316
475	326
475	332
475	341
475	342
475	346
475	370
475	372
475	378
475	407
475	429
475	431
475	432
475	441
475	443
475	459
475	472
475	476
475	479
475	483
475	485
475	488
475	489
475	491
475	516
475	608
475	671
475	674
475	735
475	857
476	47
476	83
476	164
476	198
476	210
476	211
476	236
476	245
476	261
476	266
476	277
476	289
476	292
476	309
476	326
476	334
476	345
476	372
476	375
476	386
476	399
476	405
476	413
476	430
476	431
476	436
476	443
476	456
476	460
476	462
476	464
476	475
476	479
476	485
476	488
476	699
476	815
476	977
476	980
477	42
477	197
477	200
477	219
477	228
477	241
477	297
477	300
477	310
477	312
477	316
477	332
477	336
477	344
477	360
477	363
477	390
477	397
477	403
477	411
477	417
477	419
477	425
477	435
477	440
477	448
477	449
477	453
477	456
477	461
477	462
477	467
477	468
477	485
477	628
477	677
477	846
477	924
477	958
478	187
478	210
478	214
478	220
478	225
478	254
478	271
478	287
478	289
478	298
478	305
478	318
478	336
478	344
478	347
478	351
478	357
478	360
478	366
478	368
478	373
478	380
478	414
478	420
478	434
478	435
478	440
478	449
478	453
478	458
478	468
478	480
478	485
478	488
478	608
478	656
478	665
478	697
478	833
478	909
478	967
479	93
479	128
479	172
479	221
479	240
479	261
479	262
479	265
479	276
479	278
479	284
479	292
479	301
479	315
479	328
479	344
479	346
479	363
479	364
479	386
479	396
479	404
479	406
479	410
479	431
479	443
479	445
479	446
479	449
479	454
479	463
479	471
479	475
479	476
479	484
479	485
479	533
479	566
479	603
479	755
479	970
480	1
480	202
480	205
480	209
480	211
480	215
480	259
480	271
480	296
480	317
480	326
480	333
480	342
480	352
480	363
480	371
480	376
480	381
480	385
480	388
480	424
480	426
480	429
480	432
480	438
480	453
480	456
480	458
480	469
480	473
480	474
480	478
480	481
480	486
480	490
480	593
480	763
480	840
480	908
480	912
480	970
481	146
481	173
481	216
481	219
481	227
481	236
481	257
481	294
481	303
481	313
481	324
481	331
481	343
481	368
481	376
481	380
481	392
481	394
481	405
481	413
481	415
481	418
481	422
481	423
481	426
481	443
481	445
481	450
481	458
481	462
481	463
481	471
481	472
481	480
481	482
481	484
481	495
481	588
481	723
481	809
481	863
481	926
482	233
482	239
482	251
482	262
482	264
482	275
482	281
482	285
482	295
482	302
482	328
482	329
482	333
482	354
482	362
482	381
482	382
482	389
482	394
482	407
482	408
482	410
482	426
482	436
482	440
482	444
482	445
482	452
482	457
482	460
482	474
482	481
482	484
482	487
482	567
482	579
482	624
482	653
482	789
482	809
482	847
482	988
483	147
483	168
483	217
483	222
483	237
483	255
483	268
483	271
483	285
483	317
483	338
483	358
483	361
483	362
483	367
483	371
483	374
483	377
483	378
483	381
483	385
483	398
483	405
483	409
483	425
483	426
483	432
483	441
483	451
483	464
483	465
483	466
483	473
483	475
483	484
483	490
483	517
483	608
483	692
483	733
483	836
483	852
483	872
484	65
484	207
484	217
484	232
484	242
484	256
484	270
484	277
484	293
484	324
484	331
484	337
484	340
484	348
484	350
484	357
484	359
484	366
484	368
484	373
484	380
484	382
484	397
484	405
484	419
484	422
484	445
484	450
484	451
484	460
484	471
484	472
484	479
484	481
484	482
484	483
484	533
484	575
484	675
484	685
484	777
484	830
484	916
485	109
485	129
485	236
485	265
485	267
485	278
485	283
485	311
485	313
485	321
485	330
485	349
485	354
485	362
485	370
485	385
485	395
485	399
485	403
485	404
485	428
485	429
485	431
485	443
485	446
485	454
485	456
485	460
485	468
485	469
485	475
485	476
485	477
485	478
485	479
485	490
485	504
485	611
485	736
485	824
485	949
485	965
485	996
486	73
486	241
486	248
486	251
486	256
486	273
486	286
486	290
486	292
486	318
486	329
486	341
486	370
486	378
486	382
486	394
486	396
486	403
486	407
486	410
486	413
486	421
486	422
486	436
486	437
486	438
486	441
486	444
486	450
486	452
486	455
486	461
486	463
486	466
486	472
486	480
486	487
486	489
486	589
486	619
486	634
486	727
486	827
486	874
486	878
486	968
486	995
487	101
487	140
487	171
487	214
487	230
487	238
487	240
487	249
487	269
487	273
487	278
487	280
487	288
487	290
487	302
487	329
487	339
487	342
487	351
487	371
487	380
487	392
487	394
487	407
487	420
487	421
487	435
487	436
487	442
487	444
487	447
487	448
487	457
487	459
487	470
487	471
487	473
487	474
487	482
487	486
487	488
487	586
487	655
487	682
487	803
487	913
487	980
488	175
488	189
488	209
488	229
488	231
488	267
488	280
488	299
488	322
488	330
488	335
488	337
488	351
488	355
488	357
488	366
488	367
488	387
488	401
488	404
488	406
488	411
488	414
488	418
488	433
488	435
488	446
488	447
488	448
488	454
488	461
488	465
488	466
488	469
488	473
488	475
488	476
488	478
488	487
488	490
488	522
488	643
488	682
488	853
488	920
488	925
488	970
489	56
489	160
489	182
489	210
489	223
489	265
489	272
489	276
489	278
489	292
489	308
489	309
489	326
489	340
489	342
489	350
489	368
489	378
489	386
489	394
489	395
489	396
489	404
489	410
489	419
489	425
489	429
489	431
489	432
489	433
489	434
489	443
489	446
489	447
489	455
489	460
489	465
489	467
489	470
489	473
489	475
489	486
489	525
489	687
489	741
489	831
489	848
489	946
489	974
490	166
490	186
490	190
490	209
490	215
490	216
490	221
490	238
490	242
490	267
490	272
490	288
490	322
490	323
490	328
490	330
490	352
490	353
490	366
490	382
490	387
490	391
490	395
490	400
490	401
490	414
490	418
490	420
490	428
490	433
490	447
490	448
490	449
490	453
490	454
490	459
490	466
490	469
490	471
490	480
490	483
490	485
490	488
490	661
490	670
490	681
490	696
490	788
490	964
490	994
491	137
491	185
491	211
491	221
491	226
491	227
491	234
491	239
491	244
491	281
491	289
491	291
491	293
491	304
491	305
491	320
491	325
491	327
491	336
491	339
491	341
491	348
491	354
491	365
491	366
491	367
491	381
491	383
491	389
491	390
491	404
491	406
491	412
491	427
491	430
491	435
491	444
491	450
491	455
491	465
491	470
491	475
491	542
491	620
491	623
491	705
491	757
491	807
491	962
491	991
492	45
492	252
492	531
492	554
492	562
492	628
492	636
492	645
492	652
492	692
493	392
493	514
493	542
493	584
493	663
493	676
493	680
493	685
493	689
493	865
494	340
494	497
494	546
494	567
494	587
494	614
494	640
494	676
494	695
494	699
495	471
495	481
495	507
495	529
495	555
495	608
495	671
495	677
495	678
495	680
496	118
496	186
496	561
496	597
496	622
496	655
496	681
496	694
496	695
496	697
497	241
497	470
497	494
497	561
497	574
497	576
497	663
497	668
497	686
497	694
498	202
498	522
498	587
498	645
498	660
498	681
498	688
498	690
498	694
498	1000
499	464
499	523
499	547
499	577
499	580
499	607
499	610
499	632
499	659
499	802
500	450
500	576
500	585
500	606
500	648
500	649
500	671
500	691
500	694
500	992
501	397
501	526
501	556
501	574
501	581
501	609
501	653
501	668
501	690
501	904
502	125
502	271
502	507
502	537
502	608
502	650
502	657
502	673
502	685
502	694
503	438
503	508
503	568
503	610
503	621
503	637
503	654
503	674
503	680
503	811
504	148
504	485
504	521
504	552
504	636
504	641
504	652
504	662
504	664
504	692
505	388
505	418
505	514
505	585
505	602
505	620
505	648
505	649
505	659
505	683
506	463
506	574
506	597
506	648
506	663
506	677
506	681
506	689
506	693
506	1000
507	365
507	495
507	502
507	524
507	660
507	666
507	683
507	694
507	695
507	957
508	450
508	503
508	592
508	616
508	619
508	624
508	644
508	663
508	684
508	715
509	584
509	586
509	628
509	658
509	674
509	677
509	681
509	692
509	745
509	855
510	17
510	388
510	570
510	583
510	595
510	634
510	650
510	662
510	666
510	695
511	184
511	423
511	558
511	593
511	626
511	637
511	645
511	663
511	673
511	692
512	180
512	321
512	464
512	556
512	595
512	618
512	623
512	642
512	675
512	687
512	694
513	349
513	466
513	585
513	586
513	599
513	637
513	674
513	680
513	684
513	690
513	691
514	58
514	493
514	505
514	582
514	626
514	639
514	651
514	660
514	689
514	694
514	843
515	37
515	525
515	536
515	598
515	628
515	681
515	682
515	696
515	697
515	774
515	924
516	162
516	475
516	587
516	596
516	599
516	616
516	643
516	656
516	665
516	667
516	687
517	165
517	483
517	554
517	585
517	606
517	621
517	653
517	661
517	665
517	680
517	688
518	171
518	265
518	534
518	599
518	638
518	650
518	671
518	675
518	685
518	690
518	697
519	364
519	467
519	529
519	586
519	645
519	659
519	672
519	682
519	686
519	692
519	693
520	402
520	470
520	559
520	572
520	627
520	648
520	662
520	667
520	671
520	678
520	691
521	115
521	504
521	553
521	596
521	613
521	627
521	636
521	652
521	691
521	697
521	895
522	462
522	488
522	498
522	524
522	619
522	646
522	647
522	662
522	680
522	688
522	696
523	411
523	499
523	543
523	559
523	610
523	620
523	685
523	686
523	692
523	696
523	1000
524	159
524	507
524	522
524	562
524	607
524	627
524	628
524	635
524	655
524	657
524	712
525	489
525	515
525	570
525	590
525	616
525	653
525	668
525	688
525	696
525	697
525	823
526	374
526	501
526	553
526	584
526	593
526	620
526	632
526	662
526	680
526	691
526	849
527	446
527	545
527	548
527	562
527	588
527	615
527	668
527	671
527	673
527	689
527	761
528	94
528	541
528	569
528	580
528	586
528	608
528	614
528	668
528	669
528	685
528	738
529	368
529	473
529	495
529	519
529	595
529	605
529	627
529	641
529	649
529	679
529	689
530	170
530	574
530	587
530	595
530	612
530	615
530	635
530	647
530	680
530	692
530	827
531	52
531	176
531	492
531	537
531	544
531	604
531	666
531	667
531	672
531	692
531	693
532	557
532	597
532	600
532	610
532	643
532	644
532	651
532	664
532	694
532	839
532	961
532	993
533	443
533	479
533	484
533	587
533	602
533	619
533	666
533	671
533	684
533	685
533	689
533	695
534	144
534	447
534	518
534	552
534	594
534	657
534	663
534	669
534	687
534	689
534	695
534	997
535	172
535	435
535	550
535	561
535	654
535	659
535	669
535	671
535	678
535	683
535	691
535	693
536	157
536	412
536	515
536	584
536	589
536	603
536	605
536	658
536	672
536	674
536	693
536	863
537	71
537	384
537	502
537	531
537	590
537	614
537	615
537	664
537	678
537	688
537	690
537	695
538	200
538	223
538	579
538	609
538	612
538	613
538	626
538	644
538	670
538	675
538	689
538	693
539	35
539	54
539	573
539	576
539	582
539	610
539	623
539	640
539	658
539	659
539	677
539	997
540	541
540	557
540	583
540	600
540	601
540	603
540	628
540	646
540	660
540	694
540	853
540	972
541	22
541	176
541	528
541	540
541	624
541	669
541	677
541	678
541	681
541	684
541	690
541	697
542	460
542	491
542	493
542	657
542	661
542	662
542	682
542	684
542	685
542	689
542	691
542	978
543	62
543	523
543	544
543	579
543	601
543	631
543	638
543	672
543	685
543	692
543	945
543	968
544	457
544	531
544	543
544	577
544	640
544	686
544	691
544	692
544	693
544	695
544	697
544	808
545	201
545	527
545	580
545	651
545	653
545	659
545	683
545	685
545	688
545	694
545	774
545	996
546	395
546	455
546	494
546	583
546	630
546	663
546	670
546	675
546	676
546	683
546	688
546	801
547	271
547	352
547	499
547	564
547	565
547	599
547	605
547	614
547	619
547	639
547	647
547	689
547	696
548	146
548	335
548	527
548	591
548	611
548	644
548	646
548	660
548	667
548	680
548	696
548	697
548	893
549	185
549	447
549	558
549	574
549	595
549	618
549	635
549	647
549	651
549	656
549	660
549	689
549	714
550	185
550	195
550	535
550	591
550	613
550	624
550	625
550	636
550	666
550	690
550	694
550	696
550	958
551	136
551	618
551	619
551	623
551	644
551	668
551	670
551	680
551	682
551	689
551	695
551	696
551	935
552	471
552	504
552	534
552	562
552	563
552	572
552	600
552	636
552	667
552	680
552	691
552	806
552	840
553	26
553	521
553	526
553	606
553	617
553	637
553	640
553	656
553	659
553	679
553	689
553	845
553	946
554	191
554	318
554	385
554	492
554	517
554	603
554	609
554	639
554	643
554	666
554	673
554	675
554	692
555	38
555	96
555	180
555	495
555	586
555	590
555	593
555	624
555	652
555	655
555	681
555	686
555	692
556	163
556	501
556	512
556	588
556	601
556	626
556	634
556	641
556	648
556	690
556	692
556	848
556	996
557	362
557	409
557	532
557	540
557	585
557	592
557	596
557	653
557	665
557	683
557	688
557	697
557	977
558	105
558	356
558	442
558	511
558	549
558	578
558	613
558	624
558	634
558	662
558	678
558	687
558	691
559	125
559	325
559	348
559	520
559	523
559	638
559	656
559	658
559	665
559	666
559	672
559	675
559	692
560	170
560	582
560	584
560	610
560	630
560	634
560	637
560	643
560	649
560	654
560	668
560	728
560	792
561	194
561	361
561	496
561	497
561	535
561	579
561	603
561	607
561	616
561	632
561	663
561	684
561	689
562	356
562	492
562	524
562	527
562	552
562	583
562	594
562	611
562	614
562	654
562	657
562	669
562	826
563	314
563	552
563	568
563	576
563	592
563	595
563	602
563	608
563	639
563	641
563	674
563	681
563	696
563	849
564	46
564	73
564	547
564	566
564	616
564	617
564	621
564	624
564	647
564	652
564	680
564	690
564	691
564	809
565	348
565	424
565	461
565	547
565	570
565	580
565	609
565	622
565	623
565	642
565	646
565	678
565	690
565	696
566	305
566	479
566	564
566	586
566	594
566	611
566	633
566	634
566	642
566	655
566	681
566	683
566	697
566	781
567	84
567	246
567	482
567	494
567	578
567	604
567	615
567	675
567	678
567	683
567	687
567	691
567	694
567	697
568	453
568	503
568	563
568	571
568	574
568	588
568	606
568	616
568	641
568	654
568	674
568	687
568	694
568	903
569	31
569	360
569	429
569	528
569	572
569	575
569	586
569	620
569	653
569	672
569	683
569	688
569	690
569	696
570	227
570	293
570	510
570	525
570	565
570	591
570	600
570	617
570	626
570	641
570	643
570	662
570	693
570	748
571	191
571	568
571	628
571	629
571	650
571	665
571	677
571	678
571	685
571	688
571	692
571	694
571	777
571	815
572	129
572	191
572	313
572	520
572	552
572	569
572	597
572	627
572	629
572	641
572	670
572	690
572	691
572	695
573	116
573	214
573	539
573	588
573	617
573	622
573	642
573	651
573	664
573	669
573	674
573	692
573	697
573	869
574	193
574	441
574	497
574	501
574	506
574	530
574	549
574	568
574	615
574	646
574	651
574	661
574	664
574	695
574	989
575	23
575	95
575	484
575	569
575	605
575	619
575	627
575	632
575	633
575	643
575	665
575	678
575	688
575	694
575	696
576	22
576	200
576	417
576	497
576	500
576	539
576	563
576	594
576	595
576	598
576	603
576	622
576	626
576	659
576	696
577	437
577	499
577	544
577	578
577	596
577	608
577	617
577	618
577	622
577	651
577	666
577	668
577	695
577	815
577	1000
578	450
578	558
578	567
578	577
578	604
578	644
578	657
578	661
578	667
578	671
578	676
578	680
578	689
578	820
578	852
579	161
579	248
579	482
579	538
579	543
579	561
579	591
579	602
579	608
579	636
579	640
579	659
579	684
579	689
579	691
580	33
580	175
580	499
580	528
580	545
580	565
580	606
580	619
580	630
580	654
580	669
580	685
580	693
580	697
580	839
581	459
581	501
581	590
581	591
581	623
581	625
581	639
581	647
581	653
581	655
581	661
581	679
581	693
581	801
581	827
582	196
582	311
582	472
582	514
582	539
582	560
582	584
582	603
582	626
582	648
582	655
582	668
582	688
582	691
582	695
583	167
583	409
583	457
583	510
583	540
583	546
583	562
583	594
583	604
583	627
583	661
583	679
583	687
583	692
583	693
584	303
584	342
584	493
584	509
584	526
584	536
584	560
584	582
584	590
584	593
584	602
584	631
584	640
584	668
584	686
584	986
585	154
585	344
585	500
585	505
585	513
585	517
585	557
585	610
585	631
585	655
585	657
585	670
585	681
585	694
585	695
585	989
586	487
586	509
586	513
586	519
586	528
586	555
586	566
586	569
586	598
586	666
586	678
586	679
586	684
586	686
586	702
586	787
587	106
587	416
587	494
587	498
587	516
587	530
587	533
587	613
587	616
587	620
587	665
587	687
587	689
587	691
587	693
587	912
588	481
588	527
588	556
588	568
588	573
588	599
588	609
588	617
588	636
588	643
588	661
588	662
588	686
588	695
588	991
588	998
589	88
589	214
589	327
589	486
589	536
589	615
589	622
589	631
589	636
589	640
589	642
589	645
589	672
589	673
589	682
589	684
590	138
590	409
590	422
590	525
590	537
590	555
590	581
590	584
590	598
590	603
590	633
590	645
590	666
590	689
590	692
590	696
591	46
591	548
591	550
591	570
591	579
591	581
591	601
591	609
591	612
591	638
591	649
591	655
591	662
591	670
591	822
591	992
592	259
592	332
592	508
592	557
592	563
592	621
592	642
592	654
592	655
592	677
592	680
592	688
592	692
592	693
592	843
592	982
593	232
593	480
593	511
593	526
593	555
593	584
593	606
593	647
593	658
593	666
593	676
593	677
593	686
593	692
593	696
593	788
594	180
594	194
594	534
594	562
594	566
594	576
594	583
594	608
594	622
594	629
594	648
594	660
594	664
594	695
594	837
594	958
595	245
595	408
595	456
595	510
595	512
595	529
595	530
595	549
595	563
595	576
595	634
595	635
595	652
595	682
595	684
595	686
596	126
596	411
596	437
596	516
596	521
596	557
596	577
596	606
596	631
596	637
596	651
596	652
596	653
596	664
596	677
596	687
596	694
597	210
597	496
597	506
597	532
597	572
597	629
597	639
597	640
597	643
597	644
597	662
597	669
597	684
597	685
597	713
597	903
597	909
598	149
598	515
598	576
598	586
598	590
598	621
598	649
598	658
598	672
598	673
598	680
598	686
598	692
598	694
598	697
598	783
598	985
599	251
599	443
599	466
599	513
599	516
599	518
599	547
599	588
599	606
599	616
599	637
599	647
599	654
599	659
599	670
599	683
599	684
600	40
600	151
600	448
600	532
600	540
600	552
600	570
600	624
600	632
600	638
600	648
600	650
600	661
600	676
600	678
600	679
600	689
601	136
601	382
601	540
601	543
601	556
601	591
601	613
601	654
601	671
601	676
601	677
601	680
601	685
601	688
601	694
601	695
601	991
602	274
602	505
602	533
602	563
602	579
602	584
602	607
602	623
602	633
602	658
602	667
602	672
602	674
602	686
602	697
602	811
602	998
603	417
603	479
603	536
603	540
603	554
603	561
603	576
603	582
603	590
603	606
603	640
603	655
603	657
603	666
603	673
603	686
603	821
604	316
604	455
604	531
604	567
604	578
604	583
604	625
604	633
604	634
604	636
604	658
604	661
604	666
604	671
604	683
604	684
604	849
605	145
605	206
605	314
605	529
605	536
605	547
605	575
605	623
605	643
605	660
605	665
605	668
605	682
605	686
605	692
605	693
605	968
606	164
606	190
606	500
606	517
606	553
606	568
606	580
606	593
606	596
606	599
606	603
606	615
606	617
606	660
606	687
606	776
606	939
607	195
607	429
607	499
607	524
607	561
607	602
607	615
607	636
607	639
607	641
607	643
607	646
607	674
607	676
607	684
607	688
607	690
607	783
608	475
608	478
608	483
608	495
608	502
608	528
608	563
608	577
608	579
608	594
608	625
608	638
608	650
608	672
608	680
608	681
608	690
608	697
609	190
609	320
609	431
609	501
609	538
609	554
609	565
609	588
609	591
609	647
609	653
609	663
609	666
609	673
609	677
609	683
609	685
609	686
610	346
610	474
610	499
610	503
610	523
610	532
610	539
610	560
610	585
610	620
610	637
610	638
610	640
610	652
610	677
610	687
610	782
610	973
611	148
611	453
611	485
611	548
611	562
611	566
611	614
611	621
611	625
611	627
611	632
611	667
611	671
611	675
611	677
611	688
611	690
611	696
611	880
612	160
612	318
612	530
612	538
612	591
612	616
612	627
612	629
612	647
612	649
612	650
612	656
612	671
612	673
612	674
612	684
612	686
612	798
612	816
613	120
613	438
613	450
613	451
613	521
613	538
613	550
613	558
613	587
613	601
613	626
613	648
613	649
613	658
613	661
613	665
613	672
613	676
613	693
614	142
614	425
614	494
614	528
614	537
614	547
614	562
614	611
614	627
614	637
614	639
614	655
614	662
614	675
614	676
614	686
614	687
614	695
614	769
615	74
615	251
615	527
615	530
615	537
615	567
615	574
615	589
615	606
615	607
615	618
615	630
615	650
615	651
615	670
615	687
615	691
615	838
615	999
616	209
616	351
616	370
616	460
616	508
616	516
616	525
616	561
616	564
616	568
616	587
616	599
616	612
616	642
616	649
616	655
616	679
616	684
616	696
617	11
617	202
617	348
617	439
617	553
617	564
617	570
617	573
617	577
617	588
617	606
617	626
617	630
617	661
617	675
617	682
617	686
617	693
617	695
618	88
618	401
618	512
618	549
618	551
618	577
618	615
618	625
618	630
618	655
618	670
618	672
618	674
618	675
618	676
618	687
618	688
618	695
618	995
619	352
619	358
619	486
619	508
619	522
619	533
619	547
619	551
619	575
619	580
619	623
619	630
619	638
619	646
619	663
619	679
619	683
619	693
619	808
620	491
620	505
620	523
620	526
620	569
620	587
620	610
620	632
620	635
620	644
620	652
620	659
620	662
620	664
620	684
620	690
620	696
620	719
620	796
620	825
621	200
621	398
621	421
621	460
621	503
621	517
621	564
621	592
621	598
621	611
621	650
621	652
621	664
621	669
621	678
621	679
621	681
621	688
621	690
621	692
622	96
622	135
622	204
622	496
622	565
622	573
622	576
622	577
622	589
622	594
622	631
622	646
622	656
622	661
622	675
622	687
622	694
622	696
622	697
622	994
623	279
623	458
623	491
623	512
623	539
623	551
623	565
623	581
623	602
623	605
623	619
623	638
623	655
623	663
623	664
623	669
623	683
623	685
623	696
623	754
624	95
624	114
624	400
624	482
624	508
624	541
624	550
624	555
624	558
624	564
624	600
624	633
624	650
624	659
624	664
624	674
624	676
624	679
624	682
624	683
625	176
625	315
625	550
625	581
625	604
625	608
625	611
625	618
625	646
625	653
625	655
625	660
625	672
625	681
625	688
625	690
625	695
625	696
625	772
625	849
626	21
626	461
626	511
626	514
626	538
626	556
626	570
626	576
626	582
626	613
626	617
626	639
626	654
626	664
626	671
626	675
626	683
626	694
626	864
626	964
627	98
627	200
627	458
627	520
627	521
627	524
627	529
627	572
627	575
627	583
627	611
627	612
627	614
627	641
627	659
627	662
627	663
627	674
627	695
627	834
628	385
628	477
628	492
628	509
628	515
628	524
628	540
628	571
628	634
628	660
628	664
628	668
628	670
628	671
628	682
628	684
628	689
628	693
628	697
628	824
628	875
629	278
629	571
629	572
629	594
629	597
629	612
629	633
629	647
629	649
629	650
629	677
629	680
629	681
629	686
629	690
629	691
629	696
629	697
629	752
629	797
629	937
630	174
630	387
630	546
630	560
630	580
630	615
630	617
630	618
630	619
630	637
630	657
630	659
630	665
630	669
630	672
630	683
630	691
630	694
630	695
630	784
630	993
631	100
631	109
631	543
631	584
631	585
631	589
631	596
631	622
631	645
631	649
631	658
631	663
631	672
631	673
631	675
631	676
631	686
631	692
631	694
631	964
631	983
632	29
632	216
632	499
632	526
632	561
632	575
632	600
632	611
632	620
632	634
632	639
632	643
632	644
632	661
632	667
632	679
632	689
632	691
632	692
632	952
632	953
633	448
633	452
633	566
633	575
633	590
633	602
633	604
633	624
633	629
633	638
633	642
633	673
633	677
633	678
633	683
633	687
633	688
633	693
633	696
633	726
633	986
634	173
634	383
634	486
634	510
634	556
634	558
634	560
634	566
634	595
634	604
634	628
634	632
634	646
634	648
634	652
634	663
634	667
634	669
634	671
634	691
634	694
634	775
635	92
635	201
635	524
635	530
635	549
635	595
635	620
635	639
635	647
635	652
635	661
635	678
635	681
635	682
635	689
635	691
635	693
635	695
635	696
635	697
635	847
635	862
636	97
636	243
636	349
636	492
636	504
636	521
636	550
636	552
636	579
636	588
636	589
636	604
636	607
636	643
636	644
636	648
636	670
636	671
636	682
636	687
636	695
636	706
637	9
637	334
637	472
637	503
637	511
637	513
637	553
637	560
637	596
637	599
637	610
637	614
637	630
637	651
637	653
637	654
637	659
637	675
637	678
637	679
637	693
637	899
638	128
638	325
638	518
638	543
638	559
638	591
638	600
638	608
638	610
638	619
638	623
638	633
638	642
638	644
638	657
638	665
638	678
638	680
638	681
638	696
638	751
638	910
639	286
639	304
639	391
639	446
639	454
639	514
639	547
639	554
639	563
639	581
639	597
639	607
639	614
639	626
639	632
639	635
639	656
639	664
639	667
639	668
639	670
639	689
639	691
640	133
640	156
640	380
640	494
640	539
640	544
640	553
640	579
640	584
640	589
640	597
640	603
640	610
640	645
640	664
640	666
640	673
640	677
640	683
640	686
640	692
640	779
640	990
641	162
641	304
641	456
641	504
641	529
641	556
641	563
641	568
641	570
641	572
641	607
641	627
641	650
641	656
641	661
641	663
641	666
641	674
641	677
641	689
641	690
641	717
641	845
642	50
642	327
642	436
642	445
642	512
642	565
642	566
642	573
642	589
642	592
642	616
642	633
642	638
642	653
642	660
642	662
642	665
642	674
642	690
642	691
642	692
642	695
642	697
643	119
643	427
643	488
643	516
643	532
643	554
643	560
643	570
643	575
643	588
643	597
643	605
643	607
643	632
643	636
643	649
643	651
643	663
643	669
643	670
643	671
643	684
643	750
643	964
644	106
644	263
644	472
644	508
644	532
644	538
644	548
644	551
644	578
644	597
644	620
644	632
644	636
644	638
644	667
644	675
644	679
644	682
644	683
644	686
644	690
644	691
644	818
644	921
645	199
645	213
645	468
645	492
645	498
645	511
645	519
645	589
645	590
645	631
645	640
645	649
645	652
645	663
645	670
645	672
645	673
645	674
645	686
645	688
645	689
645	693
645	983
645	997
646	25
646	263
646	522
646	540
646	548
646	565
646	574
646	607
646	619
646	622
646	625
646	634
646	650
646	657
646	665
646	667
646	673
646	678
646	694
646	696
646	697
646	700
646	800
646	992
647	177
647	347
647	401
647	522
647	530
647	547
647	549
647	564
647	581
647	593
647	599
647	609
647	612
647	629
647	635
647	653
647	656
647	659
647	667
647	673
647	685
647	693
647	697
647	778
647	937
648	195
648	421
648	432
648	500
648	505
648	506
648	520
648	556
648	582
648	594
648	600
648	613
648	634
648	636
648	654
648	660
648	679
648	680
648	682
648	688
648	691
648	693
648	697
648	701
648	914
649	196
649	308
649	356
649	426
649	500
649	505
649	529
649	560
649	591
649	598
649	612
649	613
649	616
649	629
649	631
649	643
649	645
649	652
649	656
649	667
649	674
649	684
649	691
649	695
649	853
650	81
650	177
650	281
650	386
650	502
650	510
650	518
650	571
650	600
650	608
650	612
650	615
650	621
650	624
650	629
650	641
650	646
650	651
650	665
650	677
650	684
650	690
650	694
650	697
650	942
651	163
651	261
651	413
651	446
651	514
651	532
651	545
651	549
651	573
651	574
651	577
651	596
651	615
651	637
651	643
651	650
651	656
651	664
651	665
651	670
651	679
651	685
651	687
651	690
651	695
651	928
652	80
652	422
652	457
652	474
652	492
652	504
652	521
652	555
652	564
652	595
652	596
652	610
652	620
652	621
652	634
652	635
652	645
652	649
652	656
652	674
652	676
652	688
652	689
652	692
652	696
652	766
653	42
653	70
653	188
653	355
653	482
653	501
653	517
653	525
653	545
653	557
653	569
653	581
653	596
653	609
653	625
653	637
653	642
653	647
653	662
653	663
653	669
653	677
653	678
653	690
653	696
653	697
654	62
654	74
654	184
654	271
654	300
654	503
654	535
654	560
654	562
654	568
654	580
654	592
654	599
654	601
654	626
654	637
654	648
654	658
654	668
654	675
654	682
654	687
654	693
654	694
654	695
654	954
655	192
655	390
655	399
655	487
655	496
655	524
655	555
655	566
655	581
655	582
655	585
655	591
655	592
655	603
655	614
655	616
655	618
655	623
655	625
655	657
655	675
655	679
655	683
655	694
655	695
655	805
656	44
656	121
656	135
656	478
656	516
656	549
656	553
656	559
656	612
656	622
656	639
656	641
656	647
656	649
656	651
656	652
656	659
656	662
656	669
656	679
656	682
656	686
656	688
656	691
656	694
656	848
657	195
657	221
657	260
657	437
657	502
657	524
657	534
657	542
657	562
657	578
657	585
657	603
657	630
657	638
657	646
657	655
657	664
657	668
657	673
657	674
657	678
657	686
657	687
657	695
657	810
657	823
658	155
658	509
658	536
658	539
658	559
658	593
658	598
658	602
658	604
658	613
658	631
658	654
658	659
658	664
658	665
658	666
658	672
658	673
658	677
658	678
658	692
658	701
658	738
658	843
658	873
658	885
659	396
659	464
659	499
659	505
659	519
659	535
659	539
659	545
659	553
659	576
659	579
659	599
659	620
659	624
659	627
659	630
659	637
659	647
659	656
659	658
659	674
659	691
659	697
659	819
659	841
659	990
660	186
660	375
660	498
660	507
660	514
660	540
660	548
660	549
660	594
660	605
660	606
660	625
660	628
660	642
660	648
660	661
660	662
660	668
660	679
660	681
660	683
660	685
660	687
660	700
660	868
660	996
661	186
661	416
661	418
661	455
661	490
661	517
661	542
661	574
661	578
661	581
661	583
661	588
661	600
661	604
661	613
661	617
661	622
661	632
661	635
661	641
661	660
661	671
661	673
661	689
661	692
661	693
661	697
662	32
662	39
662	242
662	432
662	504
662	510
662	520
662	522
662	526
662	542
662	558
662	570
662	588
662	591
662	597
662	614
662	620
662	627
662	642
662	653
662	656
662	660
662	676
662	682
662	683
662	687
662	927
663	45
663	102
663	147
663	202
663	493
663	497
663	506
663	508
663	511
663	534
663	546
663	561
663	609
663	619
663	623
663	627
663	631
663	634
663	641
663	643
663	645
663	653
663	684
663	685
663	693
663	753
663	770
664	192
664	236
664	439
664	504
664	532
664	537
664	573
664	574
664	594
664	596
664	620
664	621
664	623
664	624
664	626
664	628
664	639
664	640
664	651
664	657
664	658
664	675
664	676
664	683
664	692
664	694
664	751
664	999
665	149
665	331
665	376
665	426
665	478
665	516
665	517
665	557
665	559
665	571
665	575
665	587
665	605
665	613
665	630
665	638
665	642
665	646
665	650
665	651
665	658
665	681
665	687
665	688
665	690
665	693
665	694
665	697
666	106
666	172
666	200
666	201
666	311
666	354
666	507
666	510
666	531
666	533
666	550
666	554
666	559
666	577
666	586
666	590
666	593
666	603
666	604
666	609
666	640
666	641
666	658
666	673
666	682
666	688
666	692
666	694
667	464
667	516
667	520
667	531
667	548
667	552
667	578
667	602
667	611
667	632
667	634
667	639
667	644
667	646
667	647
667	649
667	671
667	674
667	682
667	684
667	686
667	689
667	691
667	695
667	708
667	762
667	825
667	887
667	995
668	89
668	203
668	497
668	501
668	525
668	527
668	528
668	551
668	560
668	577
668	582
668	584
668	605
668	628
668	639
668	654
668	657
668	660
668	676
668	679
668	681
668	682
668	685
668	693
668	694
668	696
668	785
668	946
668	979
669	76
669	179
669	307
669	403
669	528
669	534
669	535
669	541
669	562
669	573
669	580
669	597
669	621
669	623
669	630
669	634
669	643
669	653
669	656
669	670
669	672
669	676
669	679
669	680
669	682
669	694
669	697
669	831
669	982
670	346
670	359
670	490
670	538
670	546
670	551
670	572
670	585
670	591
670	599
670	615
670	618
670	628
670	636
670	639
670	643
670	645
670	651
670	669
670	671
670	672
670	675
670	682
670	683
670	693
670	697
670	812
670	834
670	960
671	181
671	186
671	427
671	475
671	495
671	500
671	518
671	520
671	527
671	533
671	535
671	578
671	601
671	604
671	611
671	612
671	626
671	628
671	634
671	636
671	643
671	661
671	667
671	670
671	681
671	682
671	692
671	696
671	755
671	987
672	75
672	199
672	300
672	389
672	519
672	531
672	536
672	543
672	559
672	569
672	589
672	598
672	602
672	608
672	613
672	618
672	625
672	630
672	631
672	645
672	658
672	669
672	670
672	673
672	682
672	686
672	693
672	697
672	944
672	972
673	157
673	192
673	211
673	368
673	502
673	511
673	527
673	554
673	589
673	598
673	603
673	609
673	612
673	631
673	633
673	640
673	645
673	646
673	647
673	657
673	658
673	661
673	666
673	672
673	675
673	686
673	687
673	691
673	692
673	936
673	988
674	18
674	114
674	249
674	405
674	475
674	503
674	509
674	513
674	536
674	563
674	568
674	573
674	602
674	607
674	612
674	618
674	624
674	627
674	641
674	642
674	645
674	649
674	652
674	657
674	659
674	667
674	684
674	685
674	687
674	689
674	842
675	142
675	197
675	204
675	335
675	484
675	512
675	518
675	538
675	546
675	554
675	559
675	567
675	611
675	614
675	617
675	618
675	622
675	626
675	631
675	637
675	644
675	654
675	655
675	664
675	670
675	673
675	685
675	688
675	693
675	694
675	936
676	67
676	252
676	421
676	493
676	494
676	546
676	578
676	593
676	600
676	601
676	607
676	613
676	614
676	618
676	624
676	631
676	652
676	662
676	664
676	668
676	669
676	678
676	679
676	685
676	690
676	691
676	692
676	693
676	785
676	833
676	842
676	861
677	104
677	350
677	477
677	495
677	506
677	509
677	539
677	541
677	571
677	592
677	593
677	596
677	601
677	609
677	610
677	611
677	629
677	633
677	640
677	641
677	650
677	653
677	658
677	679
677	680
677	681
677	687
677	688
677	696
677	697
677	709
677	826
677	877
678	20
678	86
678	119
678	170
678	187
678	375
678	459
678	495
678	520
678	535
678	537
678	541
678	558
678	565
678	567
678	571
678	575
678	586
678	600
678	621
678	633
678	635
678	637
678	638
678	646
678	653
678	657
678	658
678	676
678	680
678	685
678	688
678	695
678	696
679	161
679	193
679	282
679	364
679	529
679	553
679	581
679	583
679	586
679	600
679	616
679	619
679	621
679	624
679	632
679	637
679	644
679	648
679	651
679	655
679	656
679	660
679	668
679	669
679	676
679	677
679	680
679	682
679	690
679	691
679	693
679	720
679	754
679	939
680	262
680	453
680	493
680	495
680	503
680	513
680	517
680	522
680	526
680	530
680	548
680	551
680	552
680	564
680	578
680	592
680	598
680	601
680	608
680	629
680	638
680	648
680	669
680	677
680	678
680	679
680	681
680	690
680	696
680	697
680	804
680	836
680	838
680	927
680	960
681	162
681	171
681	201
681	490
681	496
681	498
681	506
681	509
681	515
681	541
681	555
681	563
681	566
681	585
681	608
681	621
681	625
681	629
681	635
681	638
681	660
681	665
681	668
681	671
681	677
681	680
681	682
681	687
681	690
681	693
681	694
681	697
681	773
681	844
681	851
682	183
682	199
682	273
682	307
682	487
682	488
682	515
682	519
682	542
682	551
682	589
682	595
682	605
682	617
682	624
682	628
682	635
682	636
682	644
682	648
682	654
682	656
682	662
682	666
682	667
682	668
682	669
682	670
682	671
682	672
682	679
682	681
682	687
682	695
682	797
683	82
683	272
683	382
683	418
683	463
683	505
683	507
683	535
683	545
683	546
683	557
683	566
683	567
683	569
683	599
683	604
683	609
683	619
683	623
683	624
683	626
683	630
683	633
683	640
683	644
683	655
683	660
683	662
683	664
683	670
683	685
683	688
683	693
683	834
683	931
683	938
684	172
684	196
684	375
684	426
684	458
684	508
684	513
684	533
684	541
684	542
684	561
684	579
684	586
684	589
684	595
684	597
684	599
684	604
684	607
684	612
684	616
684	620
684	628
684	643
684	649
684	650
684	663
684	667
684	674
684	686
684	689
684	691
684	692
684	693
684	737
684	798
684	967
685	165
685	185
685	240
685	394
685	420
685	484
685	493
685	502
685	518
685	523
685	528
685	533
685	542
685	543
685	545
685	571
685	580
685	597
685	601
685	609
685	623
685	647
685	651
685	660
685	663
685	668
685	674
685	675
685	676
685	678
685	683
685	689
685	693
685	695
685	696
685	697
685	837
685	849
686	26
686	131
686	139
686	257
686	358
686	497
686	519
686	523
686	544
686	555
686	584
686	586
686	588
686	593
686	595
686	598
686	602
686	603
686	605
686	609
686	612
686	614
686	617
686	629
686	631
686	640
686	644
686	645
686	656
686	657
686	667
686	672
686	673
686	684
686	689
686	692
686	726
686	953
686	993
687	183
687	193
687	456
687	470
687	489
687	512
687	516
687	534
687	558
687	567
687	568
687	583
687	587
687	596
687	606
687	610
687	614
687	615
687	618
687	622
687	633
687	636
687	651
687	654
687	657
687	660
687	662
687	665
687	673
687	674
687	677
687	681
687	682
687	691
687	694
687	695
687	696
687	977
687	979
687	993
688	127
688	152
688	201
688	255
688	392
688	463
688	498
688	517
688	522
688	525
688	537
688	545
688	546
688	557
688	569
688	571
688	575
688	582
688	592
688	601
688	607
688	611
688	618
688	621
688	625
688	633
688	645
688	648
688	652
688	656
688	665
688	666
688	675
688	677
688	678
688	683
688	693
688	695
688	697
688	736
688	968
689	24
689	132
689	137
689	388
689	468
689	493
689	506
689	514
689	527
689	529
689	533
689	534
689	538
689	542
689	547
689	549
689	551
689	553
689	561
689	578
689	579
689	587
689	590
689	600
689	628
689	632
689	635
689	639
689	641
689	645
689	652
689	661
689	667
689	674
689	684
689	685
689	686
689	691
689	694
689	696
689	853
689	854
689	981
690	99
690	197
690	421
690	427
690	449
690	461
690	498
690	501
690	513
690	518
690	537
690	541
690	550
690	556
690	564
690	565
690	569
690	572
690	607
690	608
690	611
690	620
690	621
690	625
690	629
690	641
690	642
690	644
690	650
690	651
690	653
690	665
690	676
690	679
690	680
690	681
690	692
690	694
690	695
690	696
690	697
690	805
690	889
690	984
691	111
691	159
691	183
691	359
691	424
691	434
691	459
691	500
691	513
691	520
691	521
691	526
691	535
691	542
691	544
691	552
691	558
691	564
691	567
691	572
691	579
691	582
691	587
691	615
691	629
691	630
691	632
691	634
691	635
691	639
691	642
691	644
691	648
691	649
691	656
691	659
691	667
691	673
691	676
691	679
691	684
691	687
691	689
691	790
691	1000
692	380
692	435
692	444
692	483
692	492
692	504
692	509
692	511
692	519
692	523
692	530
692	531
692	543
692	544
692	554
692	555
692	556
692	559
692	571
692	573
692	583
692	590
692	592
692	593
692	598
692	605
692	621
692	631
692	632
692	640
692	642
692	652
692	658
692	661
692	664
692	666
692	671
692	673
692	676
692	684
692	686
692	690
692	696
692	766
692	776
692	784
692	886
692	980
693	58
693	66
693	212
693	283
693	410
693	446
693	506
693	519
693	531
693	535
693	536
693	538
693	544
693	570
693	580
693	581
693	583
693	587
693	592
693	605
693	613
693	617
693	619
693	628
693	633
693	635
693	637
693	645
693	647
693	648
693	654
693	661
693	663
693	665
693	668
693	670
693	672
693	675
693	676
693	679
693	681
693	683
693	684
693	685
693	688
693	811
693	840
693	850
694	57
694	99
694	250
694	384
694	385
694	389
694	438
694	496
694	497
694	498
694	500
694	502
694	507
694	512
694	514
694	532
694	540
694	545
694	550
694	567
694	568
694	571
694	575
694	585
694	596
694	598
694	601
694	622
694	626
694	630
694	631
694	634
694	646
694	650
694	654
694	655
694	656
694	664
694	665
694	666
694	668
694	669
694	675
694	681
694	687
694	689
694	690
694	876
694	904
695	80
695	94
695	197
695	217
695	414
695	494
695	496
695	507
695	510
695	533
695	534
695	537
695	544
695	551
695	572
695	574
695	577
695	582
695	585
695	588
695	594
695	601
695	614
695	617
695	618
695	625
695	627
695	630
695	635
695	636
695	642
695	649
695	651
695	654
695	655
695	657
695	667
695	678
695	682
695	685
695	687
695	688
695	690
695	697
695	830
695	851
695	918
695	953
695	999
696	89
696	126
696	127
696	158
696	323
696	490
696	515
696	522
696	523
696	525
696	547
696	548
696	550
696	551
696	563
696	565
696	569
696	575
696	576
696	590
696	593
696	611
696	616
696	620
696	622
696	623
696	625
696	629
696	633
696	635
696	638
696	646
696	652
696	653
696	668
696	671
696	677
696	678
696	680
696	685
696	687
696	689
696	690
696	692
696	697
696	718
696	833
696	837
696	949
697	43
697	98
697	148
697	160
697	397
697	410
697	455
697	478
697	496
697	515
697	518
697	521
697	525
697	541
697	544
697	548
697	557
697	566
697	567
697	573
697	580
697	598
697	602
697	608
697	622
697	628
697	629
697	635
697	642
697	646
697	647
697	648
697	650
697	653
697	659
697	661
697	665
697	669
697	670
697	672
697	677
697	680
697	681
697	685
697	688
697	690
697	695
697	696
697	820
697	878
698	457
698	763
698	765
698	791
698	839
698	844
698	846
698	849
698	852
698	998
699	476
699	494
699	763
699	788
699	806
699	816
699	829
699	837
699	847
699	852
700	646
700	660
700	707
700	744
700	811
700	820
700	823
700	824
700	835
700	843
701	648
701	658
701	748
701	775
701	806
701	813
701	826
701	844
701	848
701	851
702	33
702	586
702	715
702	737
702	738
702	739
702	785
702	823
702	833
702	836
703	168
703	714
703	810
703	833
703	835
703	837
703	841
703	848
703	851
703	978
704	716
704	722
704	782
704	794
704	831
704	838
704	839
704	844
704	915
704	984
705	390
705	491
705	710
705	739
705	746
705	748
705	763
705	766
705	839
705	852
706	394
706	636
706	707
706	713
706	716
706	719
706	760
706	826
706	843
706	846
707	412
707	433
707	700
707	706
707	710
707	797
707	807
707	832
707	835
707	853
708	334
708	667
708	715
708	721
708	778
708	807
708	808
708	821
708	851
708	853
709	677
709	770
709	816
709	817
709	826
709	828
709	830
709	831
709	852
709	932
710	178
710	253
710	705
710	707
710	748
710	772
710	842
710	844
710	847
710	853
711	188
711	742
711	754
711	780
711	792
711	833
711	841
711	848
711	850
711	908
712	143
712	524
712	734
712	751
712	821
712	836
712	846
712	848
712	849
712	850
712	851
713	597
713	706
713	718
713	723
713	758
713	761
713	805
713	809
713	811
713	841
713	987
714	133
714	549
714	703
714	721
714	734
714	755
714	786
714	791
714	800
714	840
714	843
715	156
715	228
715	508
715	702
715	708
715	814
715	819
715	828
715	835
715	848
715	853
716	73
716	120
716	704
716	706
716	719
716	727
716	752
716	766
716	804
716	813
716	849
717	110
717	641
717	724
717	732
717	739
717	782
717	824
717	830
717	843
717	845
717	852
718	16
718	696
718	713
718	731
718	735
718	762
718	790
718	799
718	803
718	812
718	819
719	209
719	620
719	706
719	716
719	775
719	793
719	794
719	815
719	821
719	841
719	850
720	15
720	679
720	761
720	781
720	791
720	830
720	838
720	844
720	848
720	849
720	873
721	116
721	708
721	714
721	778
721	783
721	797
721	822
721	847
721	848
721	852
721	983
722	151
722	311
722	344
722	704
722	723
722	767
722	796
722	823
722	830
722	848
722	852
723	161
723	481
723	713
723	722
723	799
723	816
723	819
723	833
723	839
723	846
723	848
724	382
724	426
724	717
724	725
724	765
724	792
724	807
724	814
724	828
724	833
724	849
725	233
725	414
725	724
725	760
725	766
725	798
725	813
725	829
725	833
725	839
725	845
726	343
726	633
726	686
726	728
726	730
726	779
726	785
726	803
726	817
726	818
726	822
727	254
727	486
727	716
727	736
727	760
727	778
727	814
727	832
727	834
727	835
727	871
728	196
728	284
728	560
728	726
728	740
728	753
728	771
728	772
728	840
728	845
728	847
728	848
729	60
729	465
729	735
729	757
729	780
729	791
729	812
729	835
729	844
729	848
729	850
729	959
730	198
730	428
730	726
730	755
730	806
730	812
730	825
730	841
730	845
730	847
730	852
730	853
731	447
731	459
731	718
731	758
731	762
731	782
731	804
731	826
731	834
731	843
731	844
731	845
732	115
732	205
732	717
732	742
732	767
732	789
732	793
732	820
732	827
732	840
732	845
732	847
733	358
733	366
733	483
733	744
733	755
733	784
733	795
733	810
733	831
733	838
733	850
733	853
734	203
734	290
734	433
734	712
734	714
734	761
734	773
734	794
734	798
734	815
734	838
734	851
735	475
735	718
735	729
735	762
735	775
735	818
735	836
735	837
735	838
735	844
735	850
735	999
736	485
736	688
736	727
736	744
736	788
736	811
736	823
736	828
736	837
736	843
736	848
736	851
737	137
737	684
737	702
737	749
737	778
737	809
737	827
737	835
737	837
737	840
737	845
737	852
738	391
738	528
738	658
738	702
738	777
738	790
738	796
738	800
738	808
738	836
738	847
738	850
739	176
739	466
739	702
739	705
739	717
739	774
739	809
739	833
739	836
739	838
739	839
739	846
740	399
740	445
740	728
740	765
740	770
740	772
740	799
740	807
740	823
740	826
740	830
740	840
740	845
741	169
741	489
741	756
741	757
741	778
741	806
741	827
741	832
741	836
741	845
741	847
741	852
741	853
742	99
742	293
742	451
742	711
742	732
742	759
742	804
742	828
742	831
742	838
742	843
742	848
742	853
743	155
743	366
743	745
743	788
743	811
743	818
743	819
743	832
743	835
743	841
743	842
743	846
743	967
744	161
744	162
744	700
744	733
744	736
744	789
744	799
744	818
744	824
744	828
744	837
744	843
744	844
745	422
745	509
745	743
745	804
745	811
745	821
745	824
745	825
745	828
745	836
745	838
745	847
745	848
746	100
746	381
746	705
746	753
746	768
746	778
746	792
746	793
746	802
746	810
746	817
746	829
746	851
747	449
747	469
747	749
747	756
747	758
747	769
747	777
747	796
747	802
747	826
747	838
747	840
747	848
748	397
748	570
748	701
748	705
748	710
748	815
748	817
748	819
748	831
748	840
748	843
748	846
748	851
749	91
749	308
749	737
749	747
749	767
749	796
749	809
749	811
749	815
749	828
749	835
749	842
749	843
750	378
750	450
750	643
750	788
750	791
750	804
750	820
750	824
750	826
750	831
750	833
750	844
750	853
751	638
751	664
751	712
751	770
751	775
751	801
751	802
751	812
751	833
751	842
751	847
751	851
751	853
752	429
752	469
752	629
752	716
752	779
752	800
752	808
752	821
752	823
752	832
752	847
752	849
752	853
753	303
753	472
753	663
753	728
753	746
753	766
753	795
753	796
753	808
753	810
753	820
753	836
753	841
753	848
754	406
754	623
754	679
754	711
754	773
754	791
754	794
754	807
754	818
754	824
754	829
754	830
754	836
754	844
755	479
755	671
755	714
755	730
755	733
755	760
755	774
755	803
755	811
755	827
755	838
755	841
755	851
755	915
756	90
756	328
756	373
756	741
756	747
756	769
756	784
756	786
756	797
756	819
756	825
756	836
756	844
756	853
757	226
757	370
757	491
757	729
757	741
757	763
757	775
757	783
757	784
757	790
757	793
757	819
757	843
757	853
758	80
758	387
758	713
758	731
758	747
758	760
758	783
758	800
758	818
758	823
758	836
758	839
758	843
758	949
759	35
759	88
759	355
759	742
759	779
759	780
759	783
759	798
759	816
759	817
759	834
759	844
759	845
759	847
760	55
760	165
760	706
760	725
760	727
760	755
760	758
760	799
760	805
760	826
760	827
760	833
760	839
760	847
760	960
761	203
761	441
761	527
761	713
761	720
761	734
761	762
761	781
761	787
761	788
761	790
761	835
761	841
761	851
761	853
762	48
762	171
762	667
762	718
762	731
762	735
762	761
762	785
762	805
762	823
762	826
762	833
762	836
762	845
762	850
763	393
763	480
763	698
763	699
763	705
763	757
763	769
763	809
763	822
763	832
763	834
763	840
763	843
763	850
763	902
764	2
764	140
764	772
764	787
764	788
764	793
764	796
764	806
764	809
764	840
764	844
764	845
764	847
764	850
764	955
765	275
765	459
765	698
765	724
765	740
765	795
765	805
765	810
765	816
765	819
765	825
765	834
765	842
765	853
765	898
766	469
766	652
766	692
766	705
766	716
766	725
766	753
766	767
766	771
766	780
766	789
766	815
766	834
766	842
766	853
767	170
767	398
767	438
767	722
767	732
767	749
767	766
767	786
767	793
767	822
767	829
767	831
767	832
767	836
767	848
768	257
768	294
768	746
768	784
768	785
768	786
768	788
768	804
768	814
768	818
768	846
768	847
768	850
768	853
768	971
769	614
769	747
769	756
769	763
769	779
769	780
769	785
769	796
769	805
769	814
769	842
769	851
769	853
769	937
769	990
770	77
770	149
770	663
770	709
770	740
770	751
770	774
770	777
770	796
770	797
770	808
770	827
770	834
770	847
770	852
770	853
771	150
771	174
771	369
771	728
771	766
771	788
771	794
771	802
771	804
771	807
771	814
771	818
771	819
771	833
771	848
771	849
772	341
772	625
772	710
772	728
772	740
772	764
772	785
772	805
772	825
772	831
772	840
772	842
772	845
772	847
772	851
772	989
773	346
773	443
773	681
773	734
773	754
773	784
773	790
773	817
773	821
773	828
773	833
773	834
773	838
773	839
773	841
773	900
774	90
774	295
774	515
774	545
774	739
774	755
774	770
774	777
774	780
774	781
774	793
774	807
774	815
774	829
774	843
774	850
775	189
775	193
775	634
775	701
775	719
775	735
775	751
775	757
775	793
775	820
775	833
775	836
775	842
775	844
775	847
775	851
776	79
776	606
776	692
776	782
776	787
776	797
776	798
776	806
776	812
776	815
776	821
776	835
776	836
776	845
776	852
776	853
777	103
777	451
777	484
777	571
777	738
777	747
777	770
777	774
777	789
777	819
777	834
777	840
777	845
777	846
777	851
777	852
778	136
778	647
778	708
778	721
778	727
778	737
778	741
778	746
778	779
778	799
778	812
778	822
778	823
778	847
778	897
778	912
779	439
779	640
779	726
779	752
779	759
779	769
779	778
779	782
779	798
779	818
779	826
779	847
779	848
779	849
779	850
779	851
779	902
780	77
780	172
780	350
780	711
780	729
780	759
780	766
780	769
780	774
780	785
780	791
780	796
780	797
780	799
780	810
780	824
780	825
781	237
781	353
781	391
781	566
781	720
781	761
781	774
781	784
781	785
781	803
781	812
781	814
781	821
781	832
781	836
781	839
781	851
782	109
782	610
782	704
782	717
782	731
782	776
782	779
782	789
782	796
782	810
782	825
782	834
782	840
782	842
782	845
782	849
782	963
783	160
783	440
783	598
783	607
783	721
783	757
783	758
783	759
783	786
783	807
783	814
783	823
783	827
783	833
783	835
783	842
783	853
784	272
784	414
784	630
784	692
784	733
784	756
784	757
784	768
784	773
784	781
784	788
784	807
784	812
784	815
784	835
784	837
784	851
785	183
785	668
785	676
785	702
785	726
785	762
785	768
785	769
785	772
785	780
785	781
785	798
785	800
785	821
785	825
785	833
785	846
786	4
786	65
786	469
786	714
786	756
786	767
786	768
786	783
786	803
786	807
786	811
786	827
786	828
786	838
786	840
786	841
786	847
787	48
787	181
787	586
787	761
787	764
787	776
787	798
787	802
787	804
787	808
787	815
787	816
787	822
787	827
787	833
787	838
787	840
787	852
788	452
788	490
788	593
788	699
788	736
788	743
788	750
788	761
788	764
788	768
788	771
788	784
788	805
788	841
788	844
788	849
788	852
788	994
789	70
789	82
789	441
789	482
789	732
789	744
789	766
789	777
789	782
789	795
789	801
789	823
789	831
789	838
789	839
789	850
789	851
789	852
790	340
790	361
790	691
790	718
790	738
790	757
790	761
790	773
790	795
790	815
790	834
790	839
790	841
790	843
790	844
790	845
790	849
790	852
791	61
791	190
791	698
791	714
791	720
791	729
791	750
791	754
791	780
791	795
791	803
791	819
791	821
791	829
791	832
791	833
791	837
791	949
792	23
792	181
792	560
792	711
792	724
792	746
792	793
792	794
792	803
792	809
792	810
792	819
792	832
792	840
792	842
792	844
792	852
792	853
793	179
793	425
793	719
793	732
793	746
793	757
793	764
793	767
793	774
793	775
793	792
793	796
793	802
793	843
793	850
793	851
793	853
793	901
793	998
794	175
794	190
794	267
794	704
794	719
794	734
794	754
794	771
794	792
794	797
794	811
794	829
794	831
794	834
794	841
794	842
794	850
794	851
794	940
795	322
795	467
795	733
795	753
795	765
795	789
795	790
795	791
795	808
795	813
795	822
795	825
795	838
795	839
795	844
795	850
795	852
795	966
795	992
796	72
796	169
796	448
796	620
796	722
796	738
796	747
796	749
796	753
796	764
796	769
796	770
796	780
796	782
796	793
796	800
796	809
796	832
796	837
796	838
797	155
797	629
797	682
797	707
797	721
797	756
797	770
797	776
797	780
797	794
797	807
797	812
797	822
797	823
797	830
797	841
797	847
797	849
797	852
797	855
798	14
798	198
798	612
798	684
798	725
798	734
798	759
798	776
798	779
798	785
798	787
798	801
798	814
798	826
798	834
798	838
798	840
798	842
798	843
798	846
799	376
799	383
799	438
799	718
799	723
799	740
799	744
799	760
799	778
799	780
799	803
799	806
799	808
799	813
799	823
799	827
799	837
799	844
799	846
799	938
800	296
800	376
800	425
800	646
800	714
800	738
800	752
800	758
800	785
800	796
800	802
800	813
800	823
800	825
800	828
800	832
800	835
800	839
800	842
800	845
801	256
801	546
801	581
801	751
801	789
801	798
801	803
801	817
801	820
801	824
801	837
801	838
801	839
801	842
801	843
801	844
801	848
801	849
801	852
801	960
802	93
802	132
802	386
802	499
802	746
802	747
802	751
802	771
802	787
802	793
802	800
802	809
802	814
802	815
802	826
802	836
802	842
802	846
802	851
802	853
803	32
803	331
803	462
803	487
803	718
803	726
803	755
803	781
803	786
803	791
803	792
803	799
803	801
803	806
803	813
803	829
803	832
803	837
803	843
803	849
803	852
804	66
804	301
804	680
804	716
804	731
804	742
804	745
804	750
804	768
804	771
804	787
804	805
804	807
804	817
804	824
804	829
804	831
804	834
804	837
804	839
804	966
805	150
805	457
805	655
805	690
805	713
805	760
805	762
805	765
805	769
805	772
805	788
805	804
805	808
805	811
805	823
805	841
805	842
805	844
805	849
805	853
805	967
806	36
806	474
806	552
806	699
806	701
806	730
806	741
806	764
806	776
806	799
806	803
806	810
806	816
806	821
806	830
806	837
806	840
806	849
806	852
806	853
806	919
807	205
807	408
807	491
807	707
807	708
807	724
807	740
807	754
807	771
807	774
807	783
807	784
807	786
807	797
807	804
807	810
807	814
807	818
807	842
807	850
807	987
808	173
808	201
808	544
808	619
808	708
808	738
808	752
808	753
808	770
808	787
808	795
808	799
808	805
808	809
808	811
808	812
808	824
808	834
808	835
808	838
808	849
808	894
809	448
809	481
809	482
809	564
809	713
809	737
809	739
809	749
809	763
809	764
809	792
809	796
809	802
809	808
809	818
809	819
809	830
809	832
809	843
809	844
809	846
809	850
810	168
810	169
810	177
810	657
810	703
810	733
810	746
810	753
810	765
810	780
810	782
810	792
810	806
810	807
810	816
810	827
810	836
810	839
810	841
810	846
810	851
810	853
811	503
811	602
811	693
811	700
811	713
811	736
811	743
811	745
811	749
811	755
811	786
811	794
811	805
811	808
811	813
811	814
811	834
811	837
811	842
811	847
811	853
811	934
812	374
812	392
812	448
812	468
812	670
812	718
812	729
812	730
812	751
812	776
812	778
812	781
812	784
812	797
812	808
812	816
812	822
812	827
812	830
812	835
812	843
812	845
812	849
813	129
813	153
813	440
813	701
813	716
813	725
813	795
813	799
813	800
813	803
813	811
813	817
813	818
813	836
813	837
813	838
813	840
813	842
813	846
813	848
813	853
813	886
813	957
814	19
814	407
814	428
814	715
814	724
814	727
814	768
814	769
814	771
814	781
814	783
814	798
814	802
814	807
814	811
814	820
814	831
814	834
814	846
814	847
814	850
814	851
814	921
815	404
815	420
815	476
815	571
815	577
815	719
815	734
815	748
815	749
815	766
815	774
815	776
815	784
815	787
815	790
815	802
815	817
815	834
815	839
815	841
815	844
815	848
815	849
815	850
816	350
816	413
816	612
816	699
816	709
816	723
816	759
816	765
816	787
816	806
816	810
816	812
816	822
816	825
816	832
816	834
816	840
816	843
816	845
816	846
816	849
816	852
816	876
816	988
817	179
817	219
817	239
817	406
817	474
817	709
817	726
817	746
817	748
817	759
817	773
817	801
817	804
817	813
817	815
817	821
817	824
817	827
817	829
817	837
817	839
817	845
817	851
817	852
818	203
818	461
818	644
818	726
818	735
818	743
818	744
818	754
818	758
818	768
818	771
818	779
818	807
818	809
818	813
818	821
818	824
818	830
818	831
818	837
818	842
818	843
818	853
818	897
819	7
819	315
819	395
819	659
819	715
819	718
819	723
819	743
819	748
819	756
819	757
819	765
819	771
819	777
819	791
819	792
819	809
819	825
819	829
819	837
819	841
819	845
819	851
819	853
819	881
820	84
820	332
820	456
820	578
820	697
820	700
820	732
820	750
820	753
820	775
820	801
820	814
820	825
820	826
820	830
820	832
820	833
820	835
820	838
820	839
820	842
820	846
820	848
820	849
820	851
821	12
821	440
821	441
821	603
821	708
821	712
821	719
821	745
821	752
821	773
821	776
821	781
821	785
821	791
821	806
821	817
821	818
821	828
821	830
821	831
821	835
821	841
821	843
821	851
821	956
822	104
822	190
822	310
822	424
822	591
822	721
822	726
822	763
822	767
822	778
822	787
822	795
822	797
822	812
822	816
822	824
822	826
822	830
822	831
822	837
822	840
822	847
822	849
822	851
822	852
822	853
823	277
823	367
823	525
823	657
823	700
823	702
823	722
823	736
823	740
823	752
823	758
823	762
823	778
823	783
823	789
823	797
823	799
823	800
823	805
823	828
823	832
823	834
823	838
823	839
823	842
823	847
823	895
824	395
824	461
824	465
824	485
824	628
824	700
824	717
824	744
824	745
824	750
824	754
824	780
824	801
824	804
824	808
824	817
824	818
824	822
824	828
824	831
824	833
824	835
824	836
824	845
824	847
824	849
824	850
825	304
825	446
825	620
825	667
825	730
825	745
825	756
825	765
825	772
825	780
825	782
825	785
825	795
825	800
825	816
825	819
825	820
825	834
825	835
825	838
825	840
825	844
825	845
825	846
825	848
825	849
825	929
826	91
826	154
826	361
826	562
826	677
826	701
826	706
826	709
826	731
826	740
826	747
826	750
826	760
826	762
826	779
826	798
826	802
826	820
826	822
826	827
826	832
826	839
826	843
826	844
826	846
826	849
826	853
826	998
827	124
827	455
827	486
827	530
827	581
827	732
827	737
827	741
827	755
827	760
827	770
827	783
827	786
827	787
827	799
827	810
827	812
827	817
827	826
827	830
827	840
827	844
827	845
827	847
827	849
827	852
827	853
827	938
828	71
828	183
828	275
828	473
828	709
828	715
828	724
828	736
828	742
828	744
828	745
828	749
828	773
828	786
828	800
828	821
828	823
828	824
828	831
828	832
828	833
828	834
828	840
828	841
828	844
828	850
828	852
828	955
829	180
829	199
829	417
829	446
829	699
829	725
829	746
829	754
829	767
829	774
829	791
829	794
829	803
829	804
829	817
829	819
829	833
829	834
829	835
829	836
829	837
829	839
829	840
829	841
829	843
829	848
829	852
829	923
830	71
830	118
830	154
830	278
830	484
830	695
830	709
830	717
830	720
830	722
830	740
830	754
830	797
830	806
830	809
830	812
830	818
830	820
830	821
830	822
830	827
830	837
830	840
830	841
830	845
830	846
830	847
830	852
831	267
831	489
831	669
831	704
831	709
831	733
831	742
831	748
831	750
831	767
831	772
831	789
831	794
831	804
831	814
831	818
831	821
831	822
831	824
831	828
831	832
831	837
831	839
831	841
831	851
831	852
831	911
831	950
832	189
832	258
832	436
832	472
832	474
832	707
832	727
832	741
832	743
832	752
832	763
832	767
832	781
832	791
832	792
832	796
832	800
832	803
832	809
832	816
832	820
832	823
832	826
832	828
832	831
832	833
832	836
832	837
832	846
832	847
832	850
832	857
833	138
833	297
833	325
833	478
833	676
833	696
833	702
833	703
833	711
833	723
833	724
833	725
833	739
833	750
833	751
833	760
833	762
833	771
833	773
833	775
833	783
833	785
833	787
833	791
833	820
833	824
833	828
833	829
833	832
833	841
833	848
833	850
834	363
834	426
834	627
834	670
834	683
834	727
834	731
834	759
834	763
834	765
834	766
834	770
834	773
834	777
834	782
834	790
834	794
834	798
834	804
834	808
834	811
834	814
834	815
834	816
834	823
834	825
834	828
834	829
834	835
834	842
834	843
834	850
834	981
835	192
835	279
835	344
835	431
835	432
835	700
835	703
835	707
835	715
835	727
835	729
835	737
835	743
835	749
835	761
835	776
835	783
835	784
835	800
835	808
835	812
835	820
835	821
835	824
835	825
835	829
835	834
835	838
835	846
835	848
835	849
835	850
835	861
835	990
836	260
836	269
836	416
836	460
836	483
836	680
836	702
836	712
836	735
836	738
836	739
836	741
836	745
836	753
836	754
836	756
836	758
836	762
836	767
836	775
836	776
836	781
836	802
836	810
836	813
836	824
836	829
836	832
836	837
836	839
836	841
836	846
836	848
836	849
836	913
837	60
837	199
837	404
837	594
837	685
837	696
837	699
837	703
837	735
837	736
837	737
837	744
837	784
837	791
837	796
837	799
837	801
837	803
837	804
837	806
837	811
837	813
837	817
837	818
837	819
837	822
837	829
837	830
837	831
837	832
837	836
837	845
837	850
837	853
837	952
838	151
838	191
838	419
838	615
838	680
838	704
838	720
838	733
838	734
838	735
838	739
838	742
838	745
838	747
838	755
838	773
838	786
838	787
838	789
838	795
838	796
838	798
838	801
838	808
838	813
838	820
838	823
838	825
838	835
838	842
838	848
838	849
838	851
838	853
838	918
838	984
839	78
839	132
839	144
839	184
839	316
839	532
839	580
839	698
839	704
839	705
839	723
839	725
839	739
839	758
839	760
839	773
839	781
839	789
839	790
839	795
839	800
839	801
839	804
839	810
839	815
839	817
839	820
839	823
839	826
839	829
839	831
839	836
839	843
839	846
839	849
839	851
840	280
840	295
840	323
840	404
840	480
840	552
840	693
840	714
840	728
840	732
840	737
840	740
840	747
840	748
840	763
840	764
840	772
840	777
840	782
840	786
840	787
840	792
840	798
840	806
840	813
840	816
840	822
840	825
840	827
840	828
840	829
840	830
840	842
840	845
840	847
840	848
840	852
841	125
841	153
841	199
841	335
841	416
841	659
841	703
841	711
841	713
841	719
841	730
841	743
841	753
841	755
841	761
841	773
841	786
841	788
841	790
841	794
841	797
841	805
841	810
841	815
841	819
841	821
841	828
841	829
841	830
841	831
841	833
841	836
841	842
841	848
841	850
841	851
841	853
841	976
841	994
842	141
842	282
842	305
842	396
842	450
842	454
842	674
842	676
842	710
842	743
842	749
842	751
842	765
842	766
842	769
842	772
842	775
842	782
842	783
842	792
842	794
842	798
842	800
842	801
842	802
842	805
842	807
842	811
842	813
842	818
842	820
842	823
842	834
842	838
842	840
842	841
842	851
842	852
842	853
843	27
843	118
843	333
843	514
843	592
843	658
843	700
843	706
843	714
843	717
843	731
843	736
843	742
843	744
843	748
843	749
843	757
843	758
843	763
843	774
843	790
843	793
843	798
843	801
843	803
843	809
843	812
843	816
843	818
843	821
843	826
843	829
843	834
843	839
843	846
843	850
843	852
843	927
843	947
844	264
844	390
844	460
844	681
844	698
844	701
844	704
844	710
844	720
844	729
844	731
844	735
844	744
844	750
844	754
844	756
844	759
844	764
844	775
844	788
844	790
844	792
844	795
844	799
844	801
844	805
844	809
844	815
844	825
844	826
844	827
844	828
844	845
844	846
844	849
844	852
844	979
844	983
844	992
844	994
845	69
845	139
845	303
845	346
845	384
845	464
845	553
845	641
845	717
845	725
845	728
845	730
845	731
845	732
845	737
845	740
845	741
845	759
845	762
845	764
845	772
845	776
845	777
845	782
845	790
845	800
845	812
845	816
845	817
845	819
845	824
845	825
845	827
845	830
845	837
845	840
845	844
845	847
845	849
845	850
845	852
845	991
846	34
846	101
846	320
846	322
846	369
846	477
846	698
846	706
846	712
846	723
846	739
846	743
846	748
846	768
846	777
846	785
846	798
846	799
846	802
846	809
846	810
846	813
846	814
846	816
846	820
846	825
846	826
846	830
846	832
846	835
846	836
846	839
846	843
846	844
846	847
846	848
846	849
846	850
846	852
846	853
846	901
846	997
847	52
847	167
847	169
847	316
847	401
847	482
847	635
847	699
847	710
847	721
847	728
847	730
847	732
847	738
847	741
847	745
847	751
847	752
847	759
847	760
847	764
847	768
847	770
847	772
847	775
847	778
847	779
847	786
847	797
847	811
847	814
847	822
847	823
847	824
847	827
847	830
847	832
847	840
847	845
847	846
847	852
847	962
848	19
848	123
848	130
848	262
848	386
848	472
848	489
848	556
848	656
848	701
848	703
848	711
848	712
848	715
848	720
848	721
848	722
848	723
848	728
848	729
848	736
848	742
848	745
848	747
848	753
848	767
848	771
848	779
848	801
848	813
848	815
848	820
848	825
848	829
848	833
848	835
848	836
848	838
848	840
848	841
848	846
848	850
848	851
849	3
849	29
849	155
849	380
849	526
849	563
849	604
849	625
849	685
849	698
849	712
849	716
849	720
849	724
849	752
849	771
849	779
849	782
849	788
849	790
849	797
849	801
849	803
849	805
849	806
849	808
849	812
849	815
849	816
849	820
849	822
849	824
849	825
849	826
849	827
849	835
849	836
849	838
849	839
849	844
849	845
849	846
849	850
850	111
850	194
850	306
850	341
850	345
850	449
850	462
850	693
850	711
850	712
850	719
850	729
850	733
850	735
850	738
850	762
850	763
850	764
850	768
850	774
850	779
850	789
850	793
850	794
850	795
850	807
850	809
850	814
850	815
850	824
850	828
850	832
850	833
850	834
850	835
850	837
850	841
850	843
850	845
850	846
850	848
850	849
850	853
850	984
851	2
851	172
851	190
851	434
851	681
851	695
851	701
851	703
851	708
851	712
851	734
851	736
851	746
851	748
851	751
851	755
851	761
851	769
851	772
851	775
851	777
851	779
851	781
851	784
851	789
851	793
851	794
851	802
851	810
851	814
851	817
851	819
851	820
851	821
851	822
851	831
851	838
851	839
851	841
851	842
851	848
851	929
851	966
851	972
852	52
852	130
852	167
852	184
852	483
852	578
852	698
852	699
852	705
852	709
852	717
852	721
852	722
852	730
852	737
852	741
852	770
852	776
852	777
852	787
852	788
852	789
852	790
852	792
852	795
852	797
852	801
852	803
852	806
852	816
852	817
852	822
852	827
852	828
852	829
852	830
852	831
852	840
852	842
852	843
852	844
852	845
852	846
852	847
852	858
852	933
852	935
853	186
853	315
853	398
853	458
853	488
853	540
853	649
853	689
853	707
853	708
853	710
853	715
853	730
853	733
853	741
853	742
853	750
853	751
853	752
853	756
853	757
853	761
853	765
853	766
853	768
853	769
853	770
853	776
853	783
853	792
853	793
853	802
853	805
853	806
853	810
853	811
853	813
853	818
853	819
853	822
853	826
853	827
853	837
853	838
853	841
853	842
853	846
853	850
853	969
853	977
854	85
854	689
854	923
854	935
854	948
854	968
854	986
854	987
854	988
854	994
855	509
855	797
855	892
855	923
855	964
855	967
855	985
855	991
855	993
855	998
856	245
856	445
856	890
856	916
856	940
856	951
856	956
856	968
856	978
856	999
857	475
857	832
857	896
857	948
857	956
857	958
857	980
857	983
857	986
857	993
858	97
858	852
858	895
858	916
858	963
858	964
858	980
858	991
858	996
858	999
859	131
859	185
859	861
859	875
859	912
859	957
859	977
859	983
859	991
859	998
860	306
860	392
860	867
860	916
860	921
860	958
860	963
860	978
860	982
860	997
861	676
861	835
861	859
861	872
861	881
861	896
861	969
861	970
861	988
861	996
862	434
862	635
862	865
862	902
862	908
862	948
862	951
862	954
862	984
862	987
863	481
863	536
863	880
863	921
863	929
863	941
863	971
863	994
863	996
863	997
864	210
864	626
864	933
864	938
864	957
864	961
864	970
864	978
864	996
864	998
865	469
865	493
865	862
865	885
865	899
865	983
865	988
865	992
865	995
865	999
866	164
866	406
866	923
866	939
866	966
866	971
866	983
866	987
866	990
866	998
867	180
867	449
867	860
867	919
867	926
867	990
867	991
867	997
867	998
867	1000
868	28
868	660
868	873
868	907
868	943
868	966
868	967
868	969
868	971
868	996
869	229
869	573
869	891
869	895
869	916
869	935
869	947
869	962
869	965
869	987
870	202
870	454
870	875
870	892
870	944
870	981
870	983
870	987
870	990
870	1000
871	243
871	727
871	894
871	909
871	922
871	932
871	974
871	976
871	986
871	999
872	451
872	465
872	483
872	861
872	921
872	940
872	967
872	971
872	973
872	988
872	1000
873	658
873	720
873	868
873	879
873	923
873	968
873	972
873	976
873	989
873	990
873	1000
874	157
874	486
874	913
874	917
874	925
874	956
874	958
874	975
874	978
874	997
874	999
875	175
875	628
875	859
875	870
875	929
875	937
875	965
875	978
875	981
875	985
875	999
876	415
876	694
876	816
876	885
876	910
876	930
876	956
876	972
876	990
876	994
876	998
877	65
877	677
877	883
877	940
877	944
877	954
877	960
877	967
877	970
877	996
877	998
878	163
878	486
878	697
878	890
878	894
878	930
878	947
878	980
878	993
878	997
878	999
879	173
879	427
879	873
879	900
879	947
879	977
879	980
879	989
879	990
879	992
879	1000
880	470
880	611
880	863
880	884
880	889
880	933
880	965
880	966
880	968
880	979
880	996
881	285
881	819
881	861
881	902
881	914
881	978
881	981
881	985
881	993
881	994
881	1000
882	211
882	370
882	884
882	886
882	944
882	949
882	953
882	962
882	965
882	980
882	995
883	192
883	215
883	877
883	893
883	903
883	933
883	954
883	959
883	970
883	981
884	140
884	359
884	880
884	882
884	904
884	955
884	965
884	973
884	981
884	983
884	989
885	184
885	658
885	865
885	876
885	930
885	937
885	938
885	940
885	969
885	971
885	992
886	277
886	692
886	813
886	882
886	905
886	934
886	937
886	938
886	966
886	981
886	997
886	998
887	152
887	667
887	909
887	913
887	939
887	956
887	957
887	977
887	979
887	993
887	997
887	998
888	179
888	430
888	907
888	934
888	935
888	940
888	964
888	966
888	970
888	982
888	998
888	1000
889	174
889	224
889	690
889	880
889	931
889	950
889	968
889	970
889	979
889	980
889	991
889	993
890	254
890	318
890	386
890	856
890	878
890	940
890	962
890	979
890	984
890	986
890	992
890	995
891	343
891	436
891	869
891	900
891	943
891	947
891	960
891	982
891	990
891	994
891	997
891	1000
892	43
892	104
892	105
892	855
892	870
892	896
892	915
892	951
892	963
892	974
892	984
892	999
893	365
893	548
893	883
893	899
893	909
893	947
893	963
893	974
893	976
893	986
893	995
893	999
894	310
894	808
894	871
894	878
894	942
894	947
894	949
894	966
894	967
894	973
894	980
894	995
895	521
895	823
895	858
895	869
895	906
895	917
895	925
895	937
895	942
895	965
895	973
895	989
896	31
896	466
896	857
896	861
896	892
896	904
896	927
896	929
896	945
896	976
896	989
896	995
897	177
897	778
897	818
897	910
897	929
897	936
897	939
897	946
897	954
897	988
897	997
897	1000
898	442
898	765
898	930
898	943
898	949
898	953
898	958
898	972
898	974
898	979
898	987
898	988
899	351
899	637
899	865
899	893
899	902
899	942
899	946
899	947
899	954
899	968
899	987
899	992
899	995
900	8
900	773
900	879
900	891
900	910
900	923
900	940
900	962
900	971
900	978
900	984
900	992
900	994
901	196
901	793
901	846
901	930
901	962
901	971
901	981
901	982
901	983
901	985
901	990
901	992
901	994
902	763
902	779
902	862
902	881
902	899
902	918
902	930
902	938
902	941
902	948
902	969
902	987
902	998
903	225
903	568
903	597
903	883
903	904
903	918
903	965
903	966
903	979
903	989
903	991
903	993
903	999
904	501
904	694
904	884
904	896
904	903
904	905
904	951
904	956
904	982
904	983
904	987
904	997
904	999
905	113
905	221
905	293
905	886
905	904
905	912
905	958
905	960
905	969
905	977
905	984
905	991
905	993
906	314
906	324
906	417
906	895
906	914
906	928
906	938
906	947
906	964
906	972
906	982
906	993
906	997
907	114
907	264
907	449
907	868
907	888
907	917
907	936
907	937
907	946
907	953
907	978
907	982
907	998
908	436
908	480
908	711
908	862
908	926
908	928
908	932
908	951
908	953
908	959
908	984
908	988
908	989
908	995
909	233
909	478
909	597
909	871
909	887
909	893
909	917
909	927
909	960
909	982
909	985
909	989
909	994
909	997
910	222
910	363
910	638
910	876
910	897
910	900
910	946
910	949
910	960
910	977
910	979
910	991
910	992
910	994
911	58
911	378
911	831
911	927
911	950
911	952
911	957
911	965
911	967
911	968
911	980
911	982
911	994
911	1000
912	480
912	587
912	778
912	859
912	905
912	917
912	920
912	923
912	943
912	944
912	966
912	974
912	985
912	993
913	487
913	836
913	874
913	887
913	927
913	931
913	940
913	947
913	970
913	971
913	981
913	988
913	990
913	1000
914	231
914	419
914	648
914	881
914	906
914	918
914	925
914	934
914	939
914	956
914	960
914	976
914	997
914	999
915	406
915	704
915	755
915	892
915	934
915	953
915	957
915	963
915	975
915	984
915	987
915	992
915	995
915	996
916	119
916	484
916	856
916	858
916	860
916	869
916	929
916	956
916	958
916	992
916	993
916	996
916	998
916	999
917	423
917	467
917	471
917	874
917	895
917	907
917	909
917	912
917	920
917	924
917	961
917	989
917	991
917	996
918	101
918	695
918	838
918	902
918	903
918	914
918	938
918	946
918	962
918	975
918	977
918	996
918	998
918	1000
919	431
919	444
919	806
919	867
919	935
919	941
919	945
919	960
919	965
919	966
919	985
919	987
919	994
919	998
920	63
920	462
920	488
920	912
920	917
920	937
920	938
920	975
920	982
920	985
920	990
920	991
920	998
920	1000
921	194
921	644
921	814
921	860
921	863
921	872
921	924
921	934
921	974
921	975
921	984
921	992
921	994
921	996
922	193
922	249
922	324
922	871
922	951
922	964
922	965
922	973
922	975
922	986
922	989
922	996
922	997
922	999
922	1000
923	357
923	452
923	829
923	854
923	855
923	866
923	873
923	900
923	912
923	962
923	964
923	983
923	990
923	991
923	993
923	994
924	442
924	477
924	515
924	917
924	921
924	927
924	937
924	948
924	950
924	955
924	970
924	989
924	990
924	996
924	997
924	999
925	199
925	449
925	488
925	874
925	895
925	914
925	934
925	947
925	962
925	965
925	966
925	973
925	975
925	982
925	986
925	999
926	153
926	289
926	302
926	481
926	867
926	908
926	939
926	945
926	946
926	948
926	952
926	954
926	966
926	977
926	995
926	997
927	662
927	680
927	843
927	896
927	909
927	911
927	913
927	924
927	945
927	946
927	949
927	971
927	977
927	985
927	998
927	1000
928	107
928	357
928	651
928	906
928	908
928	931
928	963
928	964
928	969
928	974
928	981
928	982
928	986
928	988
928	992
928	994
929	11
929	825
929	851
929	863
929	875
929	896
929	897
929	916
929	932
929	934
929	945
929	950
929	953
929	967
929	973
929	1000
930	264
930	340
930	437
930	876
930	878
930	885
930	898
930	901
930	902
930	933
930	936
930	945
930	970
930	974
930	989
930	991
930	997
931	89
931	179
931	379
931	683
931	889
931	913
931	928
931	947
931	949
931	952
931	958
931	963
931	970
931	976
931	977
931	986
931	998
932	49
932	436
932	468
932	709
932	871
932	908
932	929
932	948
932	953
932	955
932	964
932	976
932	981
932	989
932	994
932	995
932	996
933	269
933	447
933	852
933	864
933	880
933	883
933	930
933	943
933	956
933	970
933	971
933	973
933	978
933	987
933	995
933	996
933	1000
934	83
934	407
934	811
934	886
934	888
934	914
934	915
934	921
934	925
934	929
934	957
934	967
934	970
934	982
934	987
934	996
934	999
935	79
935	270
935	551
935	852
935	854
935	869
935	888
935	919
935	944
935	956
935	959
935	966
935	969
935	971
935	981
935	985
935	991
935	1000
936	128
936	194
936	673
936	675
936	897
936	907
936	930
936	941
936	964
936	972
936	981
936	985
936	990
936	991
936	993
936	994
936	995
936	1000
937	354
937	629
937	647
937	769
937	875
937	885
937	886
937	895
937	907
937	920
937	924
937	945
937	952
937	992
937	993
937	994
937	999
937	1000
938	683
938	799
938	827
938	864
938	885
938	886
938	902
938	906
938	918
938	920
938	942
938	971
938	977
938	984
938	991
938	992
938	996
938	999
939	400
939	472
939	606
939	679
939	866
939	887
939	897
939	914
939	926
939	941
939	956
939	963
939	972
939	983
939	986
939	993
939	994
939	996
940	6
940	285
940	403
940	794
940	856
940	872
940	877
940	885
940	888
940	890
940	900
940	913
940	978
940	979
940	985
940	988
940	995
940	1000
941	178
941	197
941	430
941	442
941	863
941	902
941	919
941	936
941	939
941	943
941	946
941	959
941	969
941	975
941	977
941	978
941	985
941	998
942	206
942	354
942	412
942	650
942	894
942	895
942	899
942	938
942	948
942	953
942	955
942	960
942	968
942	975
942	986
942	989
942	995
942	996
942	998
943	34
943	151
943	224
943	287
943	868
943	891
943	898
943	912
943	933
943	941
943	951
943	959
943	961
943	981
943	984
943	989
943	992
943	997
943	998
944	280
944	355
944	441
944	672
944	870
944	877
944	882
944	912
944	935
944	948
944	952
944	967
944	983
944	984
944	988
944	991
944	994
944	995
944	996
944	997
945	137
945	171
945	199
945	543
945	896
945	919
945	926
945	927
945	929
945	930
945	937
945	950
945	952
945	972
945	976
945	983
945	992
945	994
945	997
945	999
946	109
946	489
946	553
946	668
946	897
946	899
946	907
946	910
946	918
946	926
946	927
946	941
946	961
946	983
946	988
946	989
946	991
946	992
946	994
946	997
947	117
947	159
947	438
947	843
947	869
947	878
947	879
947	891
947	893
947	894
947	899
947	906
947	913
947	925
947	931
947	964
947	970
947	975
947	986
947	993
947	999
948	184
948	286
948	364
948	440
948	854
948	857
948	862
948	902
948	924
948	926
948	932
948	942
948	944
948	950
948	969
948	970
948	973
948	978
948	985
948	996
948	1000
949	485
949	696
949	758
949	791
949	882
949	894
949	898
949	910
949	927
949	931
949	960
949	967
949	971
949	978
949	981
949	982
949	986
949	987
949	991
949	998
949	1000
950	149
950	338
950	382
950	425
950	831
950	889
950	911
950	924
950	929
950	945
950	948
950	952
950	958
950	959
950	961
950	963
950	964
950	968
950	972
950	976
950	988
951	10
951	149
951	415
951	444
951	856
951	862
951	892
951	904
951	908
951	922
951	943
951	959
951	964
951	975
951	980
951	982
951	985
951	986
951	992
951	993
951	997
952	201
952	381
952	632
952	837
952	911
952	926
952	931
952	937
952	944
952	945
952	950
952	957
952	959
952	960
952	961
952	970
952	976
952	980
952	987
952	990
952	996
952	999
953	401
953	632
953	686
953	695
953	882
953	898
953	907
953	908
953	915
953	929
953	932
953	942
953	955
953	961
953	974
953	987
953	988
953	989
953	990
953	996
953	997
953	999
954	92
954	136
954	167
954	177
954	654
954	862
954	877
954	883
954	897
954	899
954	926
954	955
954	958
954	959
954	960
954	962
954	965
954	971
954	974
954	980
954	982
954	983
955	331
955	341
955	764
955	828
955	884
955	924
955	932
955	942
955	953
955	954
955	961
955	967
955	972
955	981
955	983
955	984
955	986
955	987
955	988
955	989
955	997
955	999
956	182
956	276
956	349
956	353
956	821
956	856
956	857
956	874
956	876
956	887
956	904
956	914
956	916
956	933
956	935
956	939
956	957
956	961
956	964
956	968
956	975
956	995
956	999
957	54
957	218
957	405
957	507
957	813
957	859
957	864
957	887
957	911
957	915
957	934
957	952
957	956
957	958
957	961
957	973
957	979
957	980
957	987
957	993
957	996
957	998
957	1000
958	86
958	431
958	477
958	550
958	594
958	857
958	860
958	874
958	898
958	905
958	916
958	931
958	950
958	954
958	957
958	968
958	975
958	976
958	982
958	984
958	995
958	996
958	999
959	94
959	158
959	187
959	729
959	883
959	908
959	935
959	941
959	943
959	950
959	951
959	952
959	954
959	970
959	973
959	977
959	984
959	986
959	988
959	993
959	995
959	996
959	999
960	147
960	670
960	680
960	760
960	801
960	877
960	891
960	905
960	909
960	910
960	914
960	919
960	942
960	949
960	952
960	954
960	961
960	973
960	979
960	990
960	991
960	992
960	993
961	138
961	415
961	432
961	532
961	864
961	917
961	943
961	946
961	950
961	952
961	953
961	955
961	956
961	957
961	960
961	964
961	974
961	977
961	979
961	984
961	988
961	991
961	992
961	993
962	301
962	372
962	462
962	491
962	847
962	869
962	882
962	890
962	900
962	901
962	918
962	923
962	925
962	954
962	969
962	971
962	972
962	983
962	984
962	985
962	992
962	993
962	994
962	995
962	1000
963	157
963	237
963	338
963	429
963	782
963	858
963	860
963	892
963	893
963	915
963	928
963	931
963	939
963	950
963	969
963	974
963	975
963	976
963	980
963	982
963	986
963	989
963	994
963	995
963	998
964	222
964	490
964	626
964	631
964	643
964	855
964	858
964	888
964	906
964	922
964	923
964	928
964	932
964	936
964	947
964	950
964	951
964	956
964	961
964	972
964	976
964	982
964	994
964	995
964	999
965	61
965	155
965	158
965	321
965	485
965	869
965	875
965	880
965	882
965	884
965	895
965	903
965	911
965	919
965	922
965	925
965	954
965	967
965	976
965	982
965	984
965	992
965	993
965	995
965	999
966	182
966	187
966	429
966	795
966	804
966	851
966	866
966	868
966	880
966	886
966	888
966	894
966	903
966	912
966	919
966	925
966	926
966	935
966	970
966	977
966	980
966	984
966	988
966	989
966	992
966	993
967	471
967	478
967	684
967	743
967	805
967	855
967	868
967	872
967	877
967	894
967	911
967	929
967	934
967	944
967	949
967	955
967	965
967	970
967	976
967	977
967	983
967	988
967	991
967	995
967	996
967	998
967	1000
968	54
968	273
968	486
968	543
968	605
968	688
968	854
968	856
968	873
968	880
968	889
968	899
968	911
968	942
968	950
968	956
968	958
968	973
968	978
968	980
968	983
968	986
968	988
968	991
968	995
968	996
968	1000
969	68
969	112
969	218
969	249
969	853
969	861
969	868
969	885
969	902
969	905
969	928
969	935
969	941
969	948
969	962
969	963
969	975
969	976
969	978
969	980
969	981
969	985
969	987
969	989
969	990
969	998
969	1000
970	127
970	291
970	466
970	479
970	480
970	488
970	861
970	864
970	877
970	883
970	888
970	889
970	913
970	924
970	930
970	931
970	933
970	934
970	947
970	948
970	952
970	959
970	966
970	967
970	972
970	979
970	985
970	997
971	103
971	143
971	360
971	428
971	768
971	863
971	866
971	868
971	872
971	885
971	900
971	901
971	913
971	927
971	933
971	935
971	938
971	949
971	954
971	962
971	972
971	980
971	981
971	984
971	988
971	989
971	991
971	995
972	347
972	420
972	465
972	540
972	672
972	851
972	873
972	876
972	898
972	906
972	936
972	939
972	945
972	950
972	955
972	962
972	964
972	970
972	971
972	974
972	979
972	983
972	984
972	988
972	993
972	997
972	999
972	1000
973	26
973	77
973	373
973	422
973	464
973	610
973	872
973	884
973	894
973	895
973	922
973	925
973	929
973	933
973	948
973	957
973	959
973	960
973	968
973	974
973	977
973	980
973	982
973	984
973	986
973	987
973	991
973	995
973	999
974	105
974	220
974	298
974	380
974	396
974	489
974	871
974	892
974	893
974	898
974	912
974	921
974	928
974	930
974	953
974	954
974	961
974	963
974	972
974	973
974	983
974	990
974	991
974	993
974	994
974	995
974	997
974	998
974	1000
975	20
975	195
975	197
975	203
975	246
975	317
975	874
975	915
975	918
975	920
975	921
975	922
975	925
975	941
975	942
975	947
975	951
975	956
975	958
975	963
975	969
975	976
975	978
975	981
975	982
975	984
975	986
975	990
975	999
975	1000
976	44
976	187
976	198
976	202
976	273
976	841
976	871
976	873
976	893
976	896
976	914
976	931
976	932
976	945
976	950
976	952
976	958
976	963
976	964
976	965
976	967
976	969
976	975
976	978
976	982
976	986
976	990
976	994
976	998
976	999
977	145
977	345
977	476
977	557
977	687
977	853
977	859
977	879
977	887
977	905
977	910
977	918
977	926
977	927
977	931
977	938
977	941
977	959
977	961
977	966
977	967
977	973
977	985
977	988
977	990
977	991
977	994
977	995
977	998
977	1000
978	166
978	250
978	360
978	440
978	542
978	703
978	856
978	860
978	864
978	874
978	875
978	881
978	900
978	907
978	933
978	940
978	941
978	948
978	949
978	968
978	969
978	975
978	976
978	981
978	983
978	986
978	987
978	989
978	991
978	998
978	1000
979	124
979	154
979	373
979	668
979	687
979	844
979	880
979	887
979	889
979	890
979	898
979	903
979	910
979	940
979	957
979	960
979	961
979	970
979	972
979	981
979	984
979	985
979	986
979	987
979	989
979	990
979	992
979	993
979	994
979	998
979	1000
980	24
980	436
980	465
980	476
980	487
980	692
980	857
980	858
980	878
980	879
980	882
980	889
980	894
980	911
980	951
980	952
980	954
980	957
980	963
980	966
980	968
980	969
980	971
980	973
980	981
980	985
980	987
980	988
980	990
980	995
980	996
981	336
981	389
981	430
981	466
981	689
981	834
981	870
981	875
981	881
981	883
981	884
981	886
981	901
981	913
981	928
981	932
981	935
981	936
981	943
981	949
981	955
981	969
981	971
981	975
981	978
981	979
981	980
981	987
981	990
981	998
981	999
981	1000
982	143
982	189
982	427
982	455
982	592
982	669
982	860
982	888
982	891
982	901
982	904
982	906
982	907
982	909
982	911
982	920
982	925
982	928
982	934
982	949
982	951
982	954
982	958
982	963
982	964
982	965
982	973
982	975
982	976
982	986
982	993
982	999
983	337
983	470
983	471
983	631
983	645
983	721
983	844
983	857
983	859
983	865
983	866
983	870
983	884
983	901
983	904
983	923
983	939
983	944
983	945
983	946
983	954
983	955
983	962
983	967
983	968
983	972
983	974
983	978
983	986
983	989
983	990
983	992
983	997
984	78
984	241
984	690
984	704
984	838
984	850
984	862
984	890
984	892
984	900
984	905
984	908
984	915
984	921
984	938
984	943
984	944
984	955
984	958
984	959
984	961
984	962
984	965
984	966
984	971
984	972
984	973
984	975
984	979
984	985
984	992
984	994
984	1000
985	175
985	228
985	253
985	415
985	429
985	473
985	598
985	855
985	875
985	881
985	901
985	909
985	912
985	919
985	920
985	927
985	935
985	936
985	940
985	941
985	948
985	951
985	962
985	969
985	970
985	977
985	979
985	980
985	984
985	986
985	990
985	991
985	994
986	188
986	191
986	247
986	413
986	584
986	633
986	854
986	857
986	871
986	890
986	893
986	922
986	925
986	928
986	931
986	939
986	942
986	947
986	949
986	951
986	955
986	959
986	963
986	968
986	973
986	975
986	976
986	978
986	979
986	982
986	983
986	985
986	998
986	999
987	112
987	124
987	313
987	329
987	671
987	713
987	807
987	854
987	862
987	866
987	869
987	870
987	898
987	899
987	902
987	904
987	915
987	919
987	933
987	934
987	949
987	952
987	953
987	955
987	957
987	969
987	973
987	978
987	979
987	980
987	981
987	988
987	995
987	996
987	997
988	170
988	328
988	358
988	399
988	458
988	482
988	673
988	816
988	854
988	861
988	865
988	872
988	897
988	898
988	908
988	913
988	928
988	940
988	944
988	946
988	950
988	953
988	955
988	959
988	961
988	966
988	967
988	968
988	971
988	972
988	977
988	980
988	987
988	989
988	992
988	995
988	997
989	76
989	162
989	183
989	191
989	574
989	585
989	772
989	873
989	879
989	884
989	895
989	896
989	903
989	908
989	909
989	917
989	922
989	924
989	930
989	932
989	942
989	943
989	946
989	953
989	955
989	963
989	966
989	969
989	971
989	978
989	979
989	983
989	988
989	993
989	994
989	995
989	999
990	93
990	107
990	126
990	127
990	640
990	659
990	769
990	835
990	866
990	867
990	870
990	873
990	876
990	879
990	891
990	901
990	913
990	920
990	923
990	924
990	936
990	952
990	953
990	960
990	969
990	974
990	975
990	976
990	977
990	979
990	980
990	981
990	983
990	985
990	992
990	993
990	996
990	997
990	1000
991	188
991	299
991	368
991	445
991	491
991	588
991	601
991	845
991	855
991	858
991	859
991	867
991	889
991	903
991	905
991	910
991	917
991	920
991	923
991	930
991	935
991	936
991	938
991	944
991	946
991	949
991	960
991	961
991	967
991	968
991	971
991	973
991	974
991	977
991	978
991	985
991	996
991	997
991	998
992	181
992	188
992	500
992	591
992	646
992	795
992	844
992	865
992	879
992	885
992	890
992	899
992	900
992	901
992	910
992	915
992	916
992	921
992	928
992	937
992	938
992	943
992	945
992	946
992	951
992	960
992	961
992	962
992	965
992	966
992	979
992	983
992	984
992	988
992	990
992	995
992	996
992	997
992	998
993	68
993	319
993	389
993	397
993	532
993	630
993	686
993	687
993	855
993	857
993	878
993	881
993	887
993	889
993	903
993	905
993	906
993	912
993	916
993	923
993	936
993	937
993	939
993	947
993	951
993	957
993	959
993	960
993	961
993	962
993	965
993	966
993	972
993	974
993	979
993	982
993	989
993	990
993	996
994	126
994	240
994	427
994	490
994	622
994	788
994	841
994	844
994	854
994	863
994	876
994	881
994	891
994	900
994	901
994	909
994	910
994	911
994	919
994	921
994	923
994	928
994	932
994	936
994	937
994	939
994	944
994	945
994	946
994	962
994	963
994	964
994	974
994	976
994	977
994	979
994	984
994	985
994	989
994	997
994	999
995	57
995	120
995	176
995	302
995	411
995	486
995	618
995	667
995	865
995	882
995	890
995	893
995	894
995	896
995	899
995	908
995	915
995	926
995	932
995	933
995	936
995	940
995	942
995	944
995	956
995	958
995	959
995	962
995	963
995	964
995	965
995	967
995	968
995	971
995	973
995	974
995	977
995	980
995	987
995	988
995	989
995	992
995	998
996	171
996	198
996	306
996	330
996	414
996	485
996	545
996	556
996	660
996	858
996	861
996	863
996	864
996	868
996	877
996	880
996	915
996	916
996	917
996	918
996	921
996	922
996	924
996	932
996	933
996	934
996	938
996	939
996	942
996	944
996	948
996	952
996	953
996	957
996	958
996	959
996	967
996	968
996	980
996	987
996	990
996	991
996	992
996	993
996	997
996	999
997	276
997	281
997	296
997	367
997	373
997	534
997	539
997	645
997	846
997	860
997	863
997	867
997	874
997	878
997	886
997	887
997	891
997	897
997	904
997	906
997	909
997	914
997	922
997	924
997	926
997	930
997	943
997	944
997	945
997	946
997	951
997	953
997	955
997	970
997	972
997	974
997	983
997	987
997	988
997	990
997	991
997	992
997	994
997	996
997	998
997	1000
998	190
998	202
998	253
998	342
998	588
998	602
998	698
998	793
998	826
998	855
998	859
998	864
998	866
998	867
998	876
998	877
998	886
998	887
998	888
998	902
998	907
998	916
998	918
998	919
998	920
998	927
998	931
998	941
998	942
998	943
998	949
998	957
998	963
998	967
998	969
998	974
998	976
998	977
998	978
998	979
998	981
998	986
998	991
998	992
998	995
998	997
998	1000
999	255
999	256
999	333
999	371
999	375
999	615
999	664
999	695
999	735
999	856
999	858
999	865
999	871
999	874
999	875
999	878
999	892
999	893
999	903
999	904
999	914
999	916
999	922
999	924
999	925
999	934
999	937
999	938
999	945
999	947
999	952
999	953
999	955
999	956
999	958
999	959
999	964
999	965
999	972
999	973
999	975
999	976
999	981
999	982
999	986
999	989
999	994
999	996
1000	142
1000	153
1000	174
1000	393
1000	498
1000	506
1000	523
1000	577
1000	691
1000	867
1000	870
1000	872
1000	873
1000	879
1000	881
1000	888
1000	891
1000	897
1000	911
1000	913
1000	918
1000	920
1000	922
1000	927
1000	929
1000	933
1000	935
1000	936
1000	937
1000	940
1000	948
1000	949
1000	957
1000	962
1000	967
1000	968
1000	969
1000	972
1000	974
1000	975
1000	977
1000	978
1000	979
1000	981
1000	984
1000	990
1000	997
1000	998
