1	22
1	37
1	75
1	80
1	85
1	87
1	107
1	132
1	149
1	172
2	25
2	95
2	109
2	114
2	134
2	143
2	152
2	162
2	164
2	173
3	72
3	80
3	98
3	102
3	125
3	127
3	135
3	149
3	166
3	169
4	86
4	118
4	131
4	136
4	137
4	156
4	165
4	166
4	167
4	971
5	130
5	131
5	146
5	150
5	165
5	168
5	169
5	174
5	175
5	261
6	46
6	88
6	102
6	115
6	120
6	125
6	135
6	149
6	167
6	664
7	26
7	121
7	149
7	157
7	159
7	160
7	170
7	173
7	175
7	521
8	42
8	104
8	129
8	139
8	147
8	150
8	151
8	155
8	160
8	229
9	51
9	81
9	123
9	130
9	142
9	160
9	163
9	168
9	169
9	173
10	56
10	88
10	94
10	111
10	113
10	141
10	143
10	162
10	164
10	168
11	17
11	72
11	138
11	148
11	150
11	153
11	159
11	160
11	161
11	642
12	92
12	97
12	99
12	117
12	145
12	148
12	150
12	154
12	166
12	280
13	26
13	55
13	74
13	118
13	139
13	140
13	147
13	151
13	155
13	441
14	25
14	33
14	131
14	144
14	157
14	162
14	167
14	170
14	171
14	174
15	87
15	98
15	102
15	104
15	107
15	120
15	127
15	135
15	149
15	774
16	62
16	74
16	92
16	97
16	114
16	138
16	148
16	153
16	154
16	389
17	11
17	61
17	79
17	92
17	100
17	136
17	150
17	153
17	154
17	173
18	54
18	72
18	75
18	101
18	124
18	138
18	145
18	148
18	150
18	153
18	154
19	23
19	58
19	65
19	96
19	118
19	122
19	127
19	130
19	147
19	151
19	155
20	61
20	91
20	111
20	118
20	129
20	130
20	140
20	151
20	155
20	174
20	522
21	78
21	94
21	99
21	110
21	119
21	121
21	123
21	141
21	156
21	162
21	164
22	1
22	106
22	124
22	126
22	142
22	152
22	161
22	165
22	166
22	173
22	798
23	19
23	61
23	86
23	87
23	98
23	119
23	127
23	132
23	135
23	149
23	166
24	55
24	130
24	138
24	146
24	151
24	159
24	163
24	169
24	170
24	173
24	174
25	2
25	14
25	83
25	86
25	93
25	108
25	123
25	141
25	143
25	164
25	926
26	7
26	13
26	125
26	155
26	161
26	163
26	169
26	171
26	172
26	173
26	174
27	42
27	53
27	134
27	145
27	146
27	150
27	153
27	154
27	163
27	165
27	933
28	75
28	85
28	89
28	101
28	120
28	150
28	160
28	162
28	165
28	168
28	169
28	170
29	75
29	86
29	126
29	136
29	139
29	156
29	158
29	161
29	165
29	166
29	175
29	720
30	60
30	89
30	105
30	125
30	138
30	140
30	149
30	159
30	160
30	163
30	170
30	174
31	40
31	94
31	97
31	111
31	118
31	124
31	129
31	139
31	147
31	151
31	155
31	709
32	51
32	54
32	66
32	107
32	115
32	120
32	127
32	132
32	135
32	151
32	169
32	744
33	14
33	41
33	81
33	85
33	105
33	149
33	157
33	160
33	163
33	168
33	169
33	171
34	48
34	70
34	79
34	84
34	91
34	116
34	122
34	152
34	158
34	161
34	165
34	614
35	38
35	93
35	99
35	105
35	138
35	139
35	145
35	148
35	150
35	154
35	173
35	925
36	47
36	84
36	136
36	137
36	151
36	153
36	156
36	158
36	161
36	166
36	171
36	503
37	1
37	49
37	71
37	92
37	102
37	125
37	127
37	128
37	132
37	149
37	172
37	175
38	35
38	42
38	60
38	76
38	84
38	99
38	145
38	148
38	150
38	153
38	154
38	286
39	67
39	69
39	76
39	114
39	137
39	142
39	152
39	162
39	167
39	170
39	173
39	175
40	31
40	47
40	130
40	132
40	139
40	140
40	147
40	151
40	155
40	161
40	167
40	757
41	33
41	116
41	117
41	132
41	137
41	159
41	166
41	170
41	171
41	172
41	175
41	850
42	8
42	27
42	38
42	93
42	114
42	138
42	145
42	150
42	153
42	154
42	167
42	651
43	47
43	87
43	93
43	100
43	106
43	138
43	145
43	148
43	150
43	153
43	154
43	766
44	78
44	101
44	117
44	118
44	139
44	140
44	147
44	151
44	155
44	165
44	175
44	751
45	52
45	83
45	88
45	89
45	94
45	98
45	109
45	121
45	143
45	144
45	162
45	164
46	6
46	52
46	71
46	87
46	106
46	121
46	133
46	134
46	144
46	162
46	164
46	332
47	36
47	40
47	43
47	48
47	87
47	124
47	126
47	152
47	156
47	158
47	166
47	169
48	34
48	47
48	106
48	107
48	124
48	154
48	156
48	158
48	161
48	162
48	165
48	166
49	37
49	72
49	98
49	120
49	127
49	132
49	135
49	142
49	146
49	149
49	158
49	727
50	56
50	62
50	123
50	141
50	143
50	144
50	159
50	162
50	164
50	172
50	173
50	600
51	9
51	32
51	52
51	74
51	76
51	131
51	142
51	160
51	167
51	169
51	172
51	173
52	45
52	46
52	51
52	95
52	108
52	110
52	123
52	133
52	136
52	162
52	168
52	170
53	27
53	73
53	90
53	109
53	131
53	138
53	145
53	148
53	150
53	153
53	162
53	844
54	18
54	32
54	66
54	71
54	74
54	119
54	125
54	127
54	142
54	149
54	170
54	797
55	13
55	24
55	85
55	95
55	104
55	111
55	115
55	129
55	140
55	147
55	151
55	155
56	10
56	50
56	57
56	79
56	108
56	117
56	132
56	133
56	141
56	143
56	155
56	162
56	164
57	56
57	112
57	141
57	148
57	157
57	160
57	163
57	169
57	171
57	172
57	173
57	174
57	480
58	19
58	85
58	126
58	133
58	137
58	152
58	156
58	158
58	161
58	165
58	166
58	173
58	591
59	81
59	84
59	88
59	115
59	152
59	156
59	158
59	161
59	164
59	165
59	166
59	174
59	746
60	30
60	38
60	86
60	91
60	95
60	116
60	157
60	168
60	170
60	171
60	173
60	175
60	742
61	17
61	20
61	23
61	77
61	91
61	106
61	116
61	124
61	136
61	156
61	161
61	165
61	491
62	16
62	50
62	65
62	109
62	113
62	117
62	123
62	133
62	143
62	144
62	162
62	164
62	168
63	77
63	86
63	126
63	133
63	136
63	137
63	152
63	157
63	161
63	162
63	165
63	166
63	201
64	68
64	132
64	140
64	145
64	146
64	158
64	159
64	163
64	167
64	168
64	172
64	174
64	347
65	19
65	62
65	68
65	77
65	80
65	104
65	129
65	139
65	140
65	147
65	151
65	155
65	918
66	32
66	54
66	69
66	71
66	80
66	90
66	98
66	125
66	132
66	149
66	167
66	171
66	790
67	39
67	77
67	84
67	90
67	106
67	124
67	127
67	143
67	158
67	161
67	165
67	166
67	450
68	64
68	65
68	107
68	126
68	152
68	160
68	163
68	167
68	168
68	169
68	172
68	173
68	175
68	668
69	39
69	66
69	78
69	131
69	139
69	142
69	159
69	161
69	163
69	167
69	171
69	173
69	175
69	690
70	34
70	81
70	84
70	86
70	89
70	106
70	152
70	156
70	158
70	164
70	166
70	169
70	173
70	378
71	37
71	46
71	54
71	66
71	107
71	115
71	119
71	127
71	135
71	138
71	145
71	149
71	162
71	938
72	3
72	11
72	18
72	49
72	74
72	100
72	126
72	145
72	148
72	150
72	153
72	154
72	165
72	999
73	53
73	75
73	89
73	113
73	143
73	150
73	156
73	159
73	168
73	169
73	171
73	174
73	175
73	749
74	13
74	16
74	51
74	54
74	72
74	93
74	100
74	129
74	138
74	145
74	148
74	150
74	153
74	154
75	1
75	18
75	28
75	29
75	73
75	102
75	103
75	142
75	156
75	170
75	171
75	172
75	173
75	175
76	38
76	39
76	51
76	99
76	122
76	133
76	146
76	155
76	159
76	171
76	173
76	174
76	175
76	672
77	61
77	63
77	65
77	67
77	82
77	94
77	132
77	136
77	137
77	156
77	158
77	165
77	166
77	776
78	21
78	44
78	69
78	105
78	129
78	130
78	139
78	140
78	147
78	151
78	155
78	159
78	169
78	172
78	635
79	17
79	34
79	56
79	94
79	103
79	110
79	113
79	125
79	131
79	133
79	134
79	141
79	144
79	162
79	164
80	1
80	3
80	65
80	66
80	107
80	115
80	120
80	125
80	127
80	132
80	134
80	144
80	149
80	168
80	172
81	9
81	33
81	59
81	70
81	88
81	111
81	137
81	144
81	152
81	153
81	156
81	158
81	161
81	165
81	166
82	77
82	103
82	114
82	139
82	148
82	155
82	159
82	160
82	167
82	170
82	171
82	172
82	173
82	174
82	467
83	25
83	45
83	89
83	108
83	112
83	121
83	133
83	141
83	144
83	162
83	164
83	168
83	169
83	175
83	684
84	34
84	36
84	38
84	59
84	67
84	70
84	94
84	95
84	137
84	152
84	156
84	161
84	165
84	172
84	781
85	1
85	28
85	33
85	55
85	58
85	101
85	112
85	136
85	157
85	167
85	168
85	170
85	171
85	174
85	494
86	4
86	23
86	25
86	29
86	60
86	63
86	70
86	91
86	129
86	146
86	152
86	158
86	161
86	164
86	165
86	166
87	1
87	15
87	23
87	43
87	46
87	47
87	96
87	98
87	102
87	115
87	119
87	125
87	135
87	149
87	160
87	487
88	6
88	10
88	45
88	59
88	81
88	124
88	137
88	152
88	156
88	158
88	161
88	165
88	166
88	169
88	175
88	954
89	28
89	30
89	45
89	70
89	73
89	83
89	99
89	107
89	112
89	122
89	157
89	168
89	170
89	171
89	174
89	175
90	53
90	66
90	67
90	92
90	93
90	99
90	100
90	137
90	138
90	145
90	148
90	150
90	153
90	154
90	157
90	161
91	20
91	34
91	60
91	61
91	86
91	100
91	126
91	136
91	142
91	152
91	156
91	157
91	158
91	161
91	165
91	166
91	282
92	12
92	16
92	17
92	37
92	90
92	99
92	100
92	108
92	138
92	148
92	150
92	153
92	154
92	169
92	170
92	171
92	794
93	25
93	35
93	42
93	43
93	74
93	90
93	97
93	138
93	143
93	145
93	148
93	150
93	153
93	154
93	159
93	175
93	367
94	10
94	21
94	31
94	45
94	77
94	79
94	84
94	108
94	110
94	133
94	141
94	143
94	153
94	160
94	162
94	164
94	945
95	2
95	52
95	55
95	60
95	84
95	113
95	117
95	123
95	133
95	134
95	135
95	141
95	143
95	144
95	162
95	164
95	956
96	19
96	87
96	104
96	105
96	112
96	118
96	129
96	130
96	139
96	140
96	147
96	151
96	155
96	167
96	170
96	175
96	961
97	12
97	16
97	31
97	93
97	138
97	146
97	151
97	157
97	163
97	167
97	169
97	170
97	171
97	172
97	174
97	175
97	953
98	3
98	15
98	23
98	45
98	49
98	66
98	87
98	107
98	108
98	115
98	119
98	121
98	132
98	149
98	164
98	174
98	394
99	12
99	21
99	35
99	38
99	76
99	89
99	90
99	92
99	138
99	141
99	145
99	148
99	150
99	153
99	154
99	157
99	724
100	17
100	43
100	72
100	74
100	90
100	91
100	92
100	104
100	120
100	138
100	145
100	146
100	148
100	153
100	154
100	173
100	748
101	18
101	28
101	44
101	85
101	122
101	126
101	145
101	160
101	164
101	167
101	168
101	169
101	170
101	171
101	172
101	175
101	905
102	3
102	6
102	15
102	37
102	75
102	87
102	105
102	107
102	115
102	120
102	124
102	125
102	127
102	132
102	161
102	168
102	454
103	75
103	79
103	82
103	114
103	122
103	127
103	131
103	134
103	138
103	146
103	157
103	158
103	160
103	163
103	167
103	172
103	173
103	797
104	8
104	15
104	55
104	65
104	96
104	100
104	105
104	111
104	128
104	129
104	130
104	142
104	147
104	151
104	154
104	155
104	169
104	793
105	30
105	33
105	35
105	78
105	96
105	102
105	104
105	111
105	129
105	130
105	139
105	140
105	147
105	151
105	155
105	162
105	175
105	646
106	22
106	43
106	46
106	48
106	61
106	67
106	70
106	116
106	136
106	137
106	152
106	154
106	157
106	158
106	161
106	165
106	166
106	396
107	1
107	15
107	32
107	48
107	68
107	71
107	80
107	89
107	98
107	102
107	112
107	119
107	120
107	125
107	135
107	149
107	152
107	580
108	25
108	52
108	56
108	83
108	92
108	94
108	98
108	109
108	118
108	123
108	133
108	134
108	144
108	162
108	164
108	166
108	171
108	175
108	523
109	2
109	45
109	53
109	62
109	108
109	110
109	115
109	121
109	123
109	133
109	134
109	136
109	140
109	143
109	144
109	148
109	162
109	164
109	174
110	21
110	52
110	79
110	94
110	109
110	113
110	118
110	123
110	134
110	141
110	143
110	153
110	156
110	157
110	162
110	163
110	164
110	170
110	995
111	10
111	20
111	31
111	55
111	81
111	104
111	105
111	118
111	129
111	130
111	139
111	140
111	147
111	151
111	154
111	155
111	160
111	169
111	170
112	57
112	83
112	85
112	89
112	96
112	107
112	129
112	145
112	163
112	164
112	167
112	168
112	169
112	170
112	171
112	172
112	173
112	174
112	175
112	897
113	10
113	62
113	73
113	79
113	95
113	110
113	121
113	127
113	133
113	134
113	141
113	143
113	144
113	147
113	159
113	160
113	162
113	164
113	170
113	448
114	2
114	16
114	39
114	42
114	82
114	103
114	119
114	128
114	136
114	155
114	157
114	163
114	167
114	170
114	171
114	172
114	173
114	174
114	175
114	238
115	6
115	32
115	55
115	59
115	71
115	80
115	87
115	98
115	102
115	109
115	119
115	120
115	125
115	128
115	131
115	132
115	135
115	149
115	167
115	180
116	34
116	41
116	60
116	61
116	106
116	117
116	122
116	124
116	152
116	156
116	159
116	163
116	167
116	170
116	171
116	172
116	173
116	174
116	175
116	371
117	12
117	41
117	44
117	56
117	62
117	95
117	116
117	128
117	146
117	157
117	159
117	160
117	161
117	168
117	169
117	170
117	172
117	174
117	175
117	979
118	4
118	13
118	19
118	20
118	31
118	44
118	96
118	108
118	110
118	111
118	119
118	130
118	139
118	140
118	144
118	147
118	151
118	155
118	168
118	775
119	21
119	23
119	54
119	71
119	87
119	98
119	107
119	114
119	115
119	118
119	120
119	125
119	127
119	130
119	132
119	135
119	149
119	163
119	174
119	718
120	6
120	15
120	28
120	32
120	49
120	80
120	100
120	102
120	107
120	115
120	119
120	125
120	127
120	135
120	149
120	155
120	160
120	167
120	170
120	399
121	7
121	21
121	45
121	46
121	83
121	98
121	109
121	113
121	123
121	134
121	135
121	141
121	143
121	144
121	145
121	159
121	162
121	164
121	174
121	475
122	19
122	34
122	76
122	89
122	101
122	103
122	116
122	133
122	145
122	154
122	156
122	157
122	159
122	163
122	168
122	169
122	170
122	171
122	172
122	174
122	769
123	9
123	21
123	25
123	50
123	52
123	62
123	95
123	108
123	109
123	110
123	121
123	134
123	141
123	144
123	146
123	159
123	162
123	164
123	169
123	171
123	813
124	18
124	22
124	31
124	47
124	48
124	61
124	67
124	88
124	102
124	116
124	135
124	136
124	137
124	152
124	156
124	158
124	161
124	165
124	166
124	170
124	671
125	3
125	6
125	26
125	30
125	37
125	54
125	66
125	79
125	80
125	87
125	102
125	107
125	115
125	119
125	120
125	132
125	141
125	149
125	152
125	168
125	174
125	260
126	22
126	29
126	47
126	58
126	63
126	68
126	72
126	91
126	101
126	136
126	137
126	147
126	152
126	156
126	158
126	161
126	163
126	165
126	166
126	168
126	170
126	759
127	3
127	15
127	19
127	23
127	32
127	37
127	49
127	54
127	67
127	71
127	80
127	102
127	103
127	113
127	119
127	120
127	132
127	135
127	144
127	158
127	163
127	958
128	37
128	104
128	114
128	115
128	117
128	131
128	133
128	143
128	151
128	157
128	159
128	160
128	167
128	168
128	169
128	170
128	171
128	172
128	173
128	174
128	175
128	518
129	8
129	20
129	31
129	55
129	65
129	74
129	78
129	86
129	96
129	104
129	105
129	111
129	112
129	139
129	140
129	143
129	147
129	151
129	155
129	159
129	164
129	172
129	221
130	5
130	9
130	19
130	20
130	24
130	40
130	78
130	96
130	104
130	105
130	111
130	118
130	119
130	139
130	140
130	147
130	151
130	155
130	158
130	166
130	167
130	295
130	992
131	4
131	5
131	14
131	51
131	53
131	69
131	79
131	103
131	115
131	128
131	134
131	146
131	148
131	151
131	157
131	167
131	168
131	169
131	171
131	172
131	173
131	175
131	798
132	1
132	23
132	32
132	37
132	40
132	41
132	49
132	56
132	64
132	66
132	77
132	80
132	98
132	102
132	115
132	119
132	125
132	127
132	135
132	147
132	149
132	165
132	257
133	46
133	52
133	56
133	58
133	62
133	63
133	76
133	79
133	83
133	94
133	95
133	108
133	109
133	113
133	122
133	128
133	134
133	143
133	144
133	156
133	164
133	172
133	173
133	512
134	2
134	27
134	46
134	79
134	80
134	95
134	103
134	108
134	109
134	110
134	113
134	121
134	123
134	131
134	133
134	141
134	143
134	144
134	162
134	164
134	173
134	174
134	273
134	609
135	3
135	6
135	15
135	23
135	32
135	49
135	71
135	87
135	95
135	107
135	115
135	119
135	120
135	121
135	124
135	127
135	132
135	137
135	149
135	150
135	163
135	166
135	256
135	994
136	4
136	17
136	29
136	36
136	52
136	61
136	63
136	77
136	85
136	91
136	106
136	109
136	114
136	124
136	126
136	152
136	153
136	154
136	156
136	161
136	165
136	166
136	171
136	661
137	4
137	36
137	39
137	41
137	58
137	63
137	77
137	81
137	84
137	88
137	90
137	106
137	124
137	126
137	135
137	141
137	142
137	156
137	158
137	161
137	165
137	166
137	170
137	965
138	11
138	16
138	18
138	24
138	30
138	35
138	42
138	43
138	53
138	71
138	74
138	90
138	92
138	93
138	97
138	99
138	100
138	103
138	148
138	150
138	153
138	154
138	159
138	164
138	783
139	8
139	13
139	29
139	31
139	35
139	40
139	44
139	65
139	69
139	78
139	82
139	96
139	105
139	111
139	118
139	129
139	130
139	140
139	147
139	151
139	155
139	157
139	173
139	174
139	797
140	13
140	20
140	30
140	40
140	44
140	55
140	64
140	65
140	78
140	96
140	105
140	109
140	111
140	118
140	129
140	130
140	139
140	147
140	151
140	155
140	162
140	164
140	169
140	173
140	207
140	946
141	10
141	21
141	25
141	50
141	56
141	57
141	79
141	83
141	94
141	95
141	99
141	110
141	113
141	121
141	123
141	125
141	134
141	137
141	144
141	146
141	162
141	164
141	168
141	170
141	171
141	546
142	9
142	22
142	39
142	49
142	51
142	54
142	69
142	75
142	91
142	104
142	137
142	146
142	157
142	159
142	160
142	161
142	165
142	167
142	168
142	169
142	171
142	172
142	173
142	174
142	175
142	179
143	2
143	10
143	25
143	45
143	50
143	56
143	62
143	67
143	73
143	93
143	94
143	95
143	109
143	110
143	113
143	121
143	128
143	129
143	133
143	134
143	144
143	146
143	160
143	162
143	164
143	168
143	505
144	14
144	45
144	46
144	50
144	62
144	79
144	80
144	81
144	83
144	95
144	108
144	109
144	113
144	118
144	121
144	123
144	127
144	133
144	134
144	141
144	143
144	151
144	160
144	162
144	164
144	166
144	269
144	498
145	12
145	18
145	27
145	35
145	38
145	42
145	43
145	53
145	64
145	71
145	72
145	74
145	90
145	93
145	99
145	100
145	101
145	112
145	121
145	122
145	148
145	150
145	152
145	153
145	154
145	167
145	980
145	998
146	5
146	24
146	27
146	49
146	64
146	76
146	86
146	97
146	100
146	103
146	117
146	123
146	131
146	141
146	142
146	143
146	157
146	161
146	163
146	167
146	168
146	169
146	170
146	171
146	172
146	173
146	175
146	602
147	8
147	13
147	19
147	31
147	40
147	44
147	55
147	65
147	78
147	96
147	104
147	105
147	111
147	113
147	118
147	126
147	129
147	130
147	132
147	139
147	140
147	151
147	155
147	156
147	157
147	160
147	161
147	167
147	362
148	11
148	12
148	16
148	18
148	35
148	38
148	43
148	53
148	57
148	72
148	74
148	82
148	90
148	92
148	93
148	99
148	100
148	109
148	131
148	138
148	145
148	150
148	153
148	154
148	156
148	157
148	168
148	172
148	375
149	1
149	3
149	6
149	7
149	15
149	23
149	30
149	33
149	37
149	49
149	54
149	66
149	71
149	80
149	87
149	98
149	107
149	115
149	119
149	120
149	125
149	132
149	135
149	150
149	155
149	163
149	168
149	172
149	175
149	527
149	969
150	5
150	8
150	11
150	12
150	17
150	18
150	27
150	28
150	35
150	38
150	42
150	43
150	53
150	72
150	73
150	74
150	90
150	92
150	93
150	99
150	135
150	138
150	145
150	148
150	149
150	152
150	153
150	154
150	172
150	173
150	471
150	996
151	8
151	13
151	19
151	20
151	24
151	31
151	32
151	36
151	40
151	44
151	55
151	65
151	78
151	96
151	97
151	104
151	105
151	111
151	118
151	128
151	129
151	130
151	131
151	139
151	140
151	144
151	147
151	155
151	161
151	171
151	468
151	994
152	2
152	22
152	34
152	39
152	47
152	58
152	59
152	63
152	68
152	70
152	81
152	84
152	86
152	88
152	91
152	106
152	107
152	116
152	124
152	125
152	126
152	136
152	145
152	150
152	156
152	158
152	160
152	161
152	165
152	166
152	175
152	442
152	613
153	11
153	16
153	17
153	18
153	27
153	36
153	38
153	42
153	43
153	53
153	72
153	74
153	81
153	90
153	92
153	93
153	94
153	99
153	100
153	110
153	136
153	138
153	145
153	148
153	150
153	154
153	159
153	163
153	171
153	174
153	175
153	465
153	852
154	12
154	16
154	17
154	18
154	27
154	35
154	38
154	42
154	43
154	48
154	72
154	74
154	90
154	92
154	93
154	99
154	100
154	104
154	106
154	111
154	122
154	136
154	138
154	145
154	148
154	150
154	153
154	159
154	169
154	171
154	174
154	751
154	983
155	8
155	13
155	19
155	20
155	26
155	31
155	40
155	44
155	55
155	56
155	65
155	76
155	78
155	82
155	96
155	104
155	105
155	111
155	114
155	118
155	120
155	129
155	130
155	139
155	140
155	147
155	149
155	151
155	157
155	163
155	174
155	541
155	685
156	4
156	21
156	29
156	36
156	47
156	48
156	58
156	59
156	61
156	70
156	73
156	75
156	77
156	81
156	84
156	88
156	91
156	110
156	116
156	122
156	124
156	126
156	133
156	136
156	137
156	147
156	148
156	152
156	158
156	161
156	165
156	166
156	172
156	445
156	764
157	7
157	14
157	33
157	57
157	60
157	63
157	85
157	89
157	90
157	91
157	97
157	99
157	103
157	106
157	110
157	114
157	117
157	122
157	128
157	131
157	139
157	142
157	146
157	147
157	148
157	155
157	159
157	167
157	168
157	170
157	172
157	173
157	174
157	175
157	315
157	479
158	29
158	34
158	36
158	47
158	48
158	49
158	58
158	59
158	64
158	67
158	70
158	77
158	81
158	86
158	88
158	91
158	103
158	106
158	124
158	126
158	127
158	130
158	137
158	152
158	156
158	161
158	162
158	163
158	165
158	166
158	167
158	171
158	174
158	175
158	510
158	515
159	7
159	11
159	24
159	30
159	41
159	50
159	64
159	69
159	73
159	76
159	78
159	82
159	93
159	113
159	116
159	117
159	121
159	122
159	123
159	128
159	129
159	138
159	142
159	153
159	154
159	157
159	160
159	163
159	167
159	169
159	170
159	171
159	173
159	174
159	175
159	234
159	424
160	7
160	8
160	9
160	11
160	28
160	30
160	33
160	51
160	57
160	68
160	82
160	87
160	94
160	101
160	103
160	111
160	113
160	117
160	120
160	128
160	142
160	143
160	144
160	147
160	152
160	159
160	163
160	167
160	168
160	169
160	170
160	171
160	172
160	173
160	174
160	516
160	628
161	11
161	22
161	26
161	29
161	34
161	36
161	40
161	48
161	58
161	59
161	61
161	63
161	67
161	69
161	81
161	84
161	86
161	88
161	90
161	91
161	102
161	106
161	117
161	124
161	126
161	136
161	137
161	142
161	146
161	147
161	151
161	152
161	156
161	158
161	165
161	166
161	418
161	958
162	2
162	10
162	14
162	21
162	28
162	39
162	45
162	46
162	48
162	50
162	52
162	53
162	56
162	62
162	63
162	71
162	79
162	83
162	94
162	95
162	105
162	108
162	109
162	110
162	113
162	121
162	123
162	134
162	140
162	141
162	143
162	144
162	158
162	164
162	170
162	175
162	461
162	857
163	9
163	24
163	26
163	27
163	30
163	33
163	57
163	64
163	68
163	69
163	97
163	103
163	110
163	112
163	114
163	116
163	119
163	122
163	126
163	127
163	135
163	146
163	149
163	153
163	155
163	158
163	159
163	160
163	164
163	167
163	169
163	171
163	172
163	173
163	174
163	175
163	251
163	532
164	2
164	10
164	21
164	25
164	45
164	46
164	50
164	56
164	59
164	62
164	70
164	79
164	83
164	86
164	94
164	95
164	98
164	101
164	108
164	109
164	110
164	112
164	113
164	121
164	123
164	129
164	133
164	134
164	138
164	140
164	141
164	143
164	144
164	162
164	163
164	166
164	167
164	197
164	874
165	4
165	5
165	22
165	27
165	28
165	29
165	34
165	44
165	48
165	58
165	59
165	61
165	63
165	67
165	72
165	77
165	81
165	84
165	86
165	88
165	91
165	106
165	124
165	126
165	132
165	136
165	137
165	142
165	152
165	156
165	158
165	161
165	166
165	170
165	171
165	172
165	174
165	175
165	458
165	853
166	3
166	4
166	12
166	22
166	23
166	29
166	36
166	41
166	47
166	48
166	58
166	59
166	63
166	67
166	70
166	77
166	81
166	86
166	88
166	91
166	106
166	108
166	124
166	126
166	130
166	135
166	136
166	137
166	144
166	152
166	156
166	158
166	161
166	164
166	165
166	171
166	172
166	173
166	365
166	585
167	4
167	6
167	14
167	39
167	40
167	42
167	51
167	64
167	66
167	68
167	69
167	82
167	85
167	96
167	97
167	101
167	103
167	112
167	114
167	115
167	116
167	120
167	128
167	130
167	131
167	142
167	145
167	146
167	147
167	157
167	158
167	159
167	160
167	163
167	164
167	168
167	170
167	171
167	172
167	173
167	175
167	405
167	876
168	5
168	9
168	10
168	28
168	33
168	52
168	60
168	62
168	64
168	68
168	73
168	80
168	83
168	85
168	89
168	101
168	102
168	112
168	117
168	118
168	122
168	125
168	126
168	128
168	131
168	141
168	142
168	143
168	146
168	148
168	149
168	157
168	160
168	167
168	169
168	170
168	171
168	172
168	173
168	174
168	175
168	439
168	907
169	3
169	5
169	9
169	24
169	26
169	28
169	32
169	33
169	47
169	51
169	57
169	68
169	70
169	73
169	78
169	83
169	88
169	92
169	97
169	101
169	104
169	111
169	112
169	117
169	122
169	123
169	128
169	131
169	140
169	142
169	146
169	154
169	159
169	160
169	163
169	168
169	170
169	171
169	172
169	173
169	174
169	175
169	358
169	419
169	514
170	7
170	14
170	24
170	28
170	30
170	39
170	41
170	52
170	54
170	60
170	75
170	82
170	85
170	89
170	92
170	96
170	97
170	101
170	110
170	111
170	112
170	113
170	114
170	116
170	117
170	120
170	122
170	124
170	126
170	128
170	137
170	141
170	146
170	157
170	159
170	160
170	162
170	165
170	167
170	168
170	169
170	173
170	174
170	175
170	290
170	415
171	14
171	26
171	33
171	36
171	41
171	57
171	60
171	66
171	69
171	73
171	75
171	76
171	82
171	85
171	89
171	92
171	97
171	101
171	108
171	112
171	114
171	116
171	122
171	123
171	128
171	131
171	136
171	141
171	142
171	146
171	151
171	153
171	154
171	158
171	159
171	160
171	163
171	165
171	166
171	167
171	168
171	169
171	172
171	174
171	273
171	942
172	1
172	26
172	37
172	41
172	50
172	51
172	57
172	64
172	68
172	75
172	78
172	80
172	82
172	84
172	97
172	101
172	103
172	112
172	114
172	116
172	117
172	122
172	128
172	129
172	131
172	133
172	142
172	146
172	148
172	149
172	150
172	156
172	157
172	160
172	163
172	165
172	166
172	167
172	168
172	169
172	171
172	173
172	174
172	175
172	449
172	528
172	626
173	2
173	7
173	9
173	17
173	22
173	24
173	26
173	35
173	39
173	50
173	51
173	57
173	58
173	60
173	68
173	69
173	70
173	75
173	76
173	82
173	100
173	103
173	112
173	114
173	116
173	128
173	131
173	133
173	134
173	139
173	140
173	142
173	146
173	150
173	157
173	159
173	160
173	163
173	166
173	167
173	168
173	169
173	170
173	172
173	174
173	624
173	814
174	5
174	14
174	20
174	24
174	26
174	30
174	57
174	59
174	64
174	73
174	76
174	82
174	85
174	89
174	97
174	98
174	109
174	112
174	114
174	116
174	117
174	119
174	121
174	122
174	125
174	128
174	134
174	139
174	142
174	153
174	154
174	155
174	157
174	158
174	159
174	160
174	163
174	165
174	168
174	169
174	170
174	171
174	172
174	173
174	175
174	306
174	927
175	5
175	7
175	29
175	37
175	39
175	41
175	44
175	60
175	68
175	69
175	73
175	75
175	76
175	83
175	88
175	89
175	93
175	96
175	97
175	101
175	105
175	108
175	112
175	114
175	116
175	117
175	128
175	131
175	142
175	146
175	149
175	152
175	153
175	157
175	158
175	159
175	162
175	163
175	165
175	167
175	168
175	169
175	170
175	172
175	174
175	344
175	479
176	214
176	220
176	236
176	256
176	260
176	264
176	274
176	288
176	293
176	705
177	218
177	220
177	259
177	266
177	267
177	292
177	293
177	295
177	297
177	756
178	186
178	204
178	214
178	217
178	242
178	260
178	264
178	274
178	288
178	295
179	142
179	233
179	272
179	277
179	281
179	282
179	285
179	291
179	292
179	296
180	115
180	192
180	198
180	225
180	259
180	271
180	281
180	289
180	295
180	297
181	214
181	228
181	267
181	286
181	289
181	293
181	295
181	297
181	312
182	200
182	207
182	221
182	227
182	250
182	280
182	286
182	291
182	294
182	296
183	185
183	211
183	228
183	259
183	260
183	267
183	289
183	293
183	294
183	297
184	219
184	251
184	268
184	275
184	276
184	283
184	285
184	290
184	291
184	292
185	183
185	195
185	266
185	273
185	282
185	284
185	286
185	287
185	294
185	296
186	178
186	210
186	235
186	236
186	239
186	241
186	261
186	288
186	297
186	730
187	208
187	212
187	232
187	248
187	259
187	289
187	291
187	293
187	295
187	297
188	189
188	193
188	206
188	258
188	286
188	293
188	294
188	295
188	297
188	353
189	188
189	211
189	251
189	258
189	267
189	279
189	280
189	289
189	293
189	297
190	194
190	219
190	253
190	258
190	262
190	278
190	280
190	286
190	294
190	296
191	242
191	259
191	262
191	265
191	271
191	289
191	290
191	295
191	297
191	789
192	180
192	197
192	203
192	254
192	263
192	276
192	277
192	286
192	287
192	294
193	188
193	225
193	231
193	247
193	271
193	286
193	293
193	294
193	295
193	297
193	707
194	190
194	201
194	224
194	231
194	234
194	240
194	270
194	277
194	278
194	294
194	296
195	185
195	222
195	235
195	242
195	263
195	274
195	286
195	287
195	291
195	294
195	529
196	197
196	251
196	252
196	278
196	279
196	284
196	287
196	292
196	294
196	296
196	757
197	164
197	192
197	196
197	209
197	236
197	238
197	243
197	245
197	246
197	258
197	274
198	180
198	230
198	231
198	240
198	250
198	258
198	280
198	289
198	293
198	295
198	297
199	213
199	257
199	258
199	262
199	273
199	278
199	290
199	293
199	295
199	297
199	318
200	182
200	205
200	218
200	243
200	249
200	262
200	271
200	288
200	293
200	295
200	297
201	63
201	194
201	202
201	207
201	245
201	260
201	268
201	271
201	274
201	278
201	288
202	201
202	216
202	217
202	220
202	234
202	244
202	264
202	282
202	288
202	291
202	502
203	192
203	217
203	228
203	257
203	259
203	269
203	286
203	291
203	294
203	296
203	297
204	178
204	225
204	231
204	255
204	275
204	281
204	283
204	285
204	290
204	292
204	796
205	200
205	229
205	233
205	252
205	265
205	275
205	279
205	281
205	287
205	290
205	292
206	188
206	221
206	250
206	279
206	282
206	285
206	290
206	292
206	293
206	294
206	401
207	140
207	182
207	201
207	217
207	245
207	246
207	247
207	266
207	268
207	271
207	275
207	288
208	187
208	219
208	249
208	256
208	260
208	262
208	268
208	289
208	293
208	295
208	297
208	693
209	197
209	223
209	230
209	241
209	247
209	261
209	263
209	264
209	268
209	274
209	285
209	296
210	186
210	212
210	228
210	236
210	238
210	241
210	245
210	260
210	274
210	277
210	287
210	288
211	183
211	189
211	221
211	243
211	249
211	255
211	279
211	283
211	289
211	293
211	295
211	297
212	187
212	210
212	228
212	243
212	267
212	271
212	273
212	287
212	289
212	293
212	294
212	295
213	199
213	250
213	260
213	267
213	272
213	273
213	289
213	291
213	293
213	295
213	297
213	920
214	176
214	178
214	181
214	241
214	246
214	247
214	261
214	273
214	274
214	276
214	288
214	294
215	222
215	235
215	260
215	263
215	265
215	272
215	281
215	282
215	283
215	285
215	288
215	292
216	202
216	217
216	223
216	225
216	243
216	247
216	261
216	264
216	267
216	271
216	274
216	288
217	178
217	202
217	203
217	207
217	216
217	236
217	247
217	265
217	274
217	281
217	288
217	290
218	177
218	200
218	251
218	258
218	263
218	271
218	273
218	279
218	284
218	293
218	295
218	297
219	184
219	190
219	208
219	222
219	232
219	239
219	248
219	280
219	284
219	286
219	287
219	294
220	176
220	177
220	202
220	223
220	229
220	244
220	260
220	261
220	268
220	274
220	288
220	294
220	295
221	129
221	182
221	206
221	211
221	227
221	242
221	254
221	255
221	278
221	284
221	286
221	287
221	296
222	195
222	215
222	219
222	227
222	252
222	269
222	272
222	273
222	283
222	287
222	291
222	296
222	911
223	209
223	216
223	220
223	229
223	245
223	246
223	260
223	261
223	264
223	278
223	287
223	288
223	295
224	194
224	225
224	237
224	253
224	258
224	263
224	284
224	286
224	289
224	291
224	294
224	296
224	655
225	180
225	193
225	204
225	216
225	224
225	250
225	258
225	259
225	262
225	293
225	295
225	297
225	837
226	229
226	232
226	236
226	253
226	267
226	270
226	272
226	274
226	281
226	283
226	285
226	286
226	290
226	292
227	182
227	221
227	222
227	241
227	257
227	263
227	270
227	284
227	285
227	286
227	291
227	292
227	296
227	465
228	181
228	183
228	203
228	210
228	212
228	243
228	245
228	249
228	271
228	289
228	293
228	295
228	296
228	297
229	8
229	205
229	220
229	223
229	226
229	265
229	275
229	282
229	283
229	285
229	287
229	290
229	292
229	294
230	198
230	209
230	235
230	242
230	275
230	276
230	279
230	282
230	285
230	290
230	292
230	294
230	296
230	723
231	193
231	194
231	198
231	204
231	243
231	250
231	262
231	266
231	277
231	289
231	293
231	295
231	297
231	594
232	187
232	219
232	226
232	253
232	260
232	265
232	270
232	279
232	282
232	285
232	290
232	292
232	293
232	665
233	179
233	205
233	242
233	244
233	251
233	266
233	270
233	279
233	280
233	282
233	283
233	290
233	292
233	295
234	159
234	194
234	202
234	238
234	263
234	269
234	270
234	278
234	280
234	287
234	291
234	294
234	295
234	296
235	186
235	195
235	215
235	230
235	242
235	249
235	263
235	270
235	276
235	279
235	285
235	290
235	292
235	772
236	176
236	186
236	197
236	210
236	217
236	226
236	238
236	240
236	246
236	268
236	275
236	281
236	288
236	818
237	224
237	239
237	247
237	250
237	254
237	267
237	276
237	277
237	278
237	280
237	287
237	291
237	294
237	296
237	742
238	114
238	197
238	210
238	234
238	236
238	241
238	244
238	245
238	261
238	264
238	266
238	274
238	288
238	291
238	296
239	186
239	219
239	237
239	252
239	264
239	266
239	269
239	276
239	277
239	280
239	290
239	291
239	294
239	296
239	957
240	194
240	198
240	236
240	248
240	254
240	277
240	282
240	284
240	285
240	286
240	287
240	290
240	291
240	294
240	296
240	1000
241	186
241	209
241	210
241	214
241	227
241	238
241	244
241	247
241	253
241	260
241	268
241	275
241	287
241	288
241	293
241	436
242	178
242	191
242	195
242	221
242	230
242	233
242	235
242	251
242	255
242	272
242	275
242	281
242	285
242	287
242	292
242	771
243	197
243	200
243	211
243	212
243	216
243	228
243	231
243	247
243	249
243	253
243	259
243	285
243	289
243	295
243	297
243	533
244	202
244	220
244	233
244	238
244	241
244	245
244	254
244	259
244	260
244	262
244	264
244	268
244	283
244	286
244	288
244	974
245	197
245	201
245	207
245	210
245	223
245	228
245	238
245	244
245	246
245	264
245	274
245	281
245	288
245	289
245	295
245	924
246	197
246	207
246	214
246	223
246	236
246	245
246	247
246	248
246	254
246	257
246	260
246	261
246	264
246	268
246	284
246	296
247	193
247	207
247	209
247	214
247	216
247	217
247	237
247	241
247	243
247	246
247	261
247	265
247	268
247	274
247	288
247	290
247	631
248	187
248	219
248	240
248	246
248	251
248	269
248	277
248	278
248	280
248	284
248	285
248	286
248	287
248	291
248	296
248	297
248	435
249	200
249	208
249	211
249	228
249	235
249	243
249	255
249	258
249	261
249	273
249	274
249	281
249	289
249	293
249	295
249	297
249	352
250	182
250	198
250	206
250	213
250	225
250	231
250	237
250	257
250	258
250	271
250	273
250	289
250	292
250	293
250	295
250	297
250	989
251	163
251	184
251	189
251	196
251	218
251	233
251	242
251	248
251	255
251	270
251	272
251	279
251	281
251	283
251	289
251	290
251	292
252	196
252	205
252	222
252	239
252	256
252	257
252	259
252	266
252	275
252	278
252	284
252	285
252	286
252	289
252	291
252	294
252	296
253	190
253	224
253	226
253	232
253	241
253	243
253	257
253	265
253	275
253	276
253	279
253	281
253	282
253	283
253	290
253	292
253	732
254	192
254	221
254	237
254	240
254	244
254	246
254	262
254	264
254	266
254	277
254	280
254	284
254	287
254	290
254	291
254	294
254	296
254	525
255	204
255	211
255	221
255	242
255	249
255	251
255	272
255	275
255	276
255	279
255	281
255	282
255	283
255	289
255	290
255	292
255	295
255	941
256	135
256	176
256	208
256	252
256	257
256	264
256	266
256	269
256	273
256	277
256	278
256	280
256	286
256	287
256	290
256	291
256	294
256	296
257	132
257	199
257	203
257	227
257	246
257	250
257	252
257	253
257	256
257	270
257	278
257	280
257	286
257	287
257	288
257	291
257	294
257	296
258	188
258	189
258	190
258	197
258	198
258	199
258	218
258	224
258	225
258	249
258	250
258	273
258	284
258	289
258	292
258	293
258	297
258	947
259	177
259	180
259	183
259	187
259	191
259	203
259	225
259	243
259	244
259	252
259	262
259	267
259	280
259	291
259	293
259	295
259	297
259	437
260	125
260	176
260	178
260	183
260	201
260	208
260	210
260	213
260	215
260	220
260	223
260	232
260	241
260	244
260	246
260	261
260	268
260	288
260	296
261	5
261	186
261	209
261	214
261	216
261	220
261	223
261	238
261	246
261	247
261	249
261	260
261	268
261	275
261	281
261	286
261	288
261	294
261	297
262	190
262	191
262	199
262	200
262	208
262	225
262	231
262	244
262	254
262	259
262	267
262	273
262	278
262	280
262	289
262	293
262	295
262	297
262	787
263	192
263	195
263	209
263	215
263	218
263	224
263	227
263	234
263	235
263	269
263	277
263	280
263	284
263	287
263	288
263	289
263	291
263	294
263	296
263	530
264	176
264	178
264	202
264	209
264	216
264	223
264	238
264	239
264	244
264	245
264	246
264	254
264	256
264	265
264	268
264	274
264	288
264	294
264	297
264	453
265	191
265	205
265	215
265	217
265	229
265	232
265	247
265	253
265	264
265	268
265	272
265	279
265	281
265	282
265	283
265	285
265	288
265	290
265	292
265	888
266	177
266	185
266	207
266	231
266	233
266	238
266	239
266	252
266	254
266	256
266	269
266	277
266	278
266	283
266	284
266	286
266	287
266	291
266	294
266	296
266	778
267	177
267	181
267	183
267	189
267	212
267	213
267	216
267	226
267	237
267	259
267	262
267	271
267	273
267	281
267	282
267	289
267	291
267	293
267	295
267	297
267	967
268	184
268	201
268	207
268	208
268	209
268	220
268	236
268	241
268	244
268	246
268	247
268	260
268	261
268	264
268	265
268	284
268	285
268	288
268	293
268	329
268	501
269	144
269	203
269	222
269	234
269	239
269	248
269	256
269	263
269	266
269	272
269	277
269	280
269	283
269	286
269	288
269	289
269	291
269	292
269	293
269	294
269	295
269	296
270	194
270	226
270	227
270	232
270	233
270	234
270	235
270	251
270	257
270	272
270	273
270	275
270	276
270	278
270	281
270	282
270	283
270	285
270	290
270	292
270	297
270	541
271	180
271	191
271	193
271	200
271	201
271	207
271	212
271	216
271	218
271	228
271	250
271	267
271	272
271	273
271	274
271	284
271	289
271	293
271	294
271	295
271	297
271	788
272	179
272	213
272	215
272	222
272	226
272	242
272	251
272	255
272	265
272	269
272	270
272	271
272	276
272	278
272	279
272	282
272	283
272	285
272	290
272	292
272	295
272	296
272	692
273	134
273	171
273	185
273	199
273	212
273	213
273	214
273	218
273	222
273	249
273	250
273	256
273	258
273	262
273	267
273	270
273	271
273	289
273	291
273	292
273	293
273	295
273	297
274	176
274	178
274	195
274	197
274	201
274	209
274	210
274	214
274	216
274	217
274	220
274	226
274	238
274	245
274	247
274	249
274	264
274	271
274	276
274	288
274	289
274	292
274	702
275	184
275	204
275	205
275	207
275	229
275	230
275	236
275	241
275	242
275	252
275	253
275	255
275	261
275	270
275	279
275	281
275	283
275	285
275	287
275	290
275	292
275	293
275	962
276	184
276	192
276	214
276	230
276	235
276	237
276	239
276	253
276	255
276	270
276	272
276	274
276	279
276	281
276	282
276	283
276	285
276	286
276	289
276	290
276	292
276	840
276	934
277	179
277	192
277	194
277	210
277	231
277	237
277	239
277	240
277	248
277	254
277	256
277	263
277	266
277	269
277	281
277	284
277	286
277	287
277	290
277	291
277	293
277	295
277	296
277	455
278	190
278	194
278	196
278	199
278	201
278	221
278	223
278	234
278	237
278	248
278	252
278	256
278	257
278	262
278	266
278	270
278	272
278	284
278	286
278	287
278	291
278	294
278	296
278	297
278	975
279	189
279	196
279	205
279	206
279	211
279	218
279	230
279	232
279	233
279	235
279	251
279	253
279	255
279	265
279	272
279	275
279	276
279	280
279	281
279	284
279	290
279	292
279	295
279	297
279	919
279	948
280	12
280	182
280	189
280	190
280	198
280	219
280	233
280	234
280	237
280	239
280	248
280	254
280	256
280	257
280	259
280	262
280	263
280	269
280	279
280	284
280	286
280	287
280	288
280	291
280	293
280	294
280	296
281	179
281	180
281	204
281	205
281	215
281	217
281	226
281	236
281	242
281	245
281	249
281	251
281	253
281	255
281	261
281	265
281	267
281	270
281	275
281	276
281	277
281	279
281	282
281	283
281	285
281	290
281	292
281	670
282	91
282	179
282	185
282	202
282	206
282	215
282	229
282	230
282	232
282	233
282	240
282	253
282	255
282	265
282	267
282	270
282	272
282	276
282	281
282	283
282	285
282	286
282	287
282	288
282	290
282	291
282	292
282	295
283	184
283	204
283	211
283	215
283	222
283	226
283	229
283	233
283	244
283	251
283	253
283	255
283	265
283	266
283	269
283	270
283	272
283	275
283	276
283	281
283	282
283	285
283	290
283	292
283	293
283	295
283	296
283	501
284	185
284	196
284	218
284	219
284	221
284	224
284	227
284	240
284	246
284	248
284	252
284	254
284	258
284	263
284	266
284	268
284	271
284	277
284	278
284	279
284	280
284	287
284	288
284	291
284	294
284	295
284	296
284	297
284	760
285	179
285	184
285	204
285	206
285	209
285	215
285	226
285	227
285	229
285	230
285	232
285	235
285	240
285	242
285	243
285	248
285	252
285	265
285	268
285	270
285	272
285	275
285	276
285	281
285	282
285	283
285	286
285	289
285	290
285	292
285	296
285	572
285	588
286	38
286	181
286	182
286	185
286	188
286	190
286	192
286	193
286	195
286	203
286	219
286	221
286	224
286	226
286	227
286	240
286	244
286	248
286	252
286	256
286	257
286	261
286	266
286	269
286	276
286	277
286	278
286	280
286	282
286	285
286	287
286	291
286	292
286	294
286	296
286	297
287	185
287	192
287	195
287	196
287	205
287	210
287	212
287	219
287	221
287	222
287	223
287	229
287	234
287	237
287	240
287	241
287	242
287	248
287	254
287	256
287	257
287	263
287	266
287	275
287	277
287	278
287	280
287	282
287	284
287	286
287	289
287	291
287	292
287	294
287	296
287	543
288	176
288	178
288	186
288	200
288	201
288	202
288	207
288	210
288	214
288	215
288	216
288	217
288	220
288	223
288	236
288	238
288	241
288	244
288	245
288	247
288	257
288	260
288	261
288	263
288	264
288	265
288	268
288	269
288	274
288	280
288	282
288	284
288	293
288	296
288	383
288	473
289	180
289	181
289	183
289	187
289	189
289	191
289	198
289	208
289	211
289	212
289	213
289	224
289	228
289	231
289	243
289	245
289	249
289	250
289	251
289	252
289	255
289	258
289	262
289	263
289	267
289	269
289	271
289	273
289	274
289	276
289	285
289	287
289	293
289	295
289	297
289	768
290	170
290	184
290	191
290	199
290	204
290	205
290	206
290	217
290	226
290	229
290	230
290	232
290	233
290	235
290	239
290	240
290	247
290	251
290	253
290	254
290	255
290	256
290	265
290	270
290	272
290	275
290	276
290	277
290	279
290	281
290	282
290	283
290	285
290	292
290	293
290	296
290	297
291	179
291	182
291	184
291	187
291	195
291	202
291	203
291	213
291	222
291	224
291	227
291	234
291	237
291	238
291	239
291	240
291	248
291	252
291	254
291	256
291	257
291	259
291	263
291	266
291	267
291	269
291	273
291	277
291	278
291	280
291	282
291	284
291	286
291	287
291	294
291	296
291	297
291	359
291	966
292	177
292	179
292	184
292	196
292	204
292	205
292	206
292	215
292	226
292	227
292	229
292	230
292	232
292	233
292	235
292	242
292	250
292	251
292	253
292	255
292	258
292	265
292	269
292	270
292	272
292	273
292	274
292	275
292	276
292	279
292	281
292	282
292	283
292	285
292	286
292	287
292	290
292	294
292	297
292	606
292	970
293	176
293	177
293	181
293	183
293	187
293	188
293	189
293	193
293	198
293	199
293	200
293	206
293	208
293	211
293	212
293	213
293	218
293	225
293	228
293	231
293	232
293	241
293	249
293	250
293	258
293	259
293	262
293	267
293	268
293	269
293	271
293	273
293	275
293	277
293	280
293	283
293	288
293	289
293	290
293	295
293	296
293	297
293	427
293	865
294	182
294	183
294	185
294	188
294	190
294	192
294	193
294	194
294	195
294	196
294	203
294	206
294	212
294	214
294	219
294	220
294	224
294	229
294	230
294	234
294	237
294	239
294	240
294	252
294	254
294	256
294	257
294	261
294	263
294	264
294	266
294	269
294	271
294	278
294	280
294	284
294	286
294	287
294	291
294	292
294	296
294	385
294	663
294	795
295	130
295	177
295	178
295	180
295	181
295	187
295	188
295	191
295	193
295	198
295	199
295	200
295	208
295	211
295	212
295	213
295	218
295	220
295	223
295	225
295	228
295	231
295	233
295	234
295	243
295	245
295	249
295	250
295	255
295	259
295	262
295	267
295	269
295	271
295	272
295	273
295	277
295	279
295	282
295	283
295	284
295	289
295	293
295	297
295	529
296	179
296	182
296	185
296	190
296	194
296	196
296	203
296	209
296	221
296	222
296	224
296	227
296	228
296	230
296	234
296	237
296	238
296	239
296	240
296	246
296	248
296	252
296	254
296	256
296	257
296	260
296	263
296	266
296	269
296	272
296	277
296	278
296	280
296	283
296	284
296	285
296	286
296	287
296	288
296	290
296	291
296	293
296	294
296	297
296	417
296	604
297	177
297	180
297	181
297	183
297	186
297	187
297	188
297	189
297	191
297	193
297	198
297	199
297	200
297	203
297	208
297	211
297	213
297	218
297	225
297	228
297	231
297	243
297	248
297	249
297	250
297	258
297	259
297	261
297	262
297	264
297	267
297	270
297	271
297	273
297	278
297	279
297	284
297	286
297	289
297	290
297	291
297	292
297	293
297	295
297	296
297	502
297	761
298	391
298	394
298	398
298	409
298	417
298	433
298	518
298	521
298	523
298	527
299	389
299	401
299	446
299	475
299	477
299	493
299	496
299	499
299	525
299	541
300	305
300	373
300	451
300	462
300	467
300	493
300	508
300	521
300	536
300	937
301	309
301	361
301	452
301	468
301	471
301	503
301	520
301	526
301	532
302	340
302	372
302	406
302	415
302	445
302	460
302	490
302	491
302	500
302	502
303	352
303	354
303	422
303	431
303	472
303	476
303	509
303	536
303	537
303	539
304	386
304	402
304	414
304	470
304	477
304	494
304	499
304	520
304	522
304	524
305	300
305	307
305	339
305	435
305	448
305	517
305	521
305	536
305	539
305	679
306	174
306	322
306	374
306	463
306	474
306	479
306	480
306	495
306	528
306	534
307	305
307	433
307	452
307	454
307	490
307	523
307	526
307	532
307	533
307	676
308	409
308	423
308	444
308	464
308	479
308	487
308	504
308	526
308	530
308	532
309	301
309	340
309	392
309	428
309	452
309	465
309	520
309	523
309	532
309	534
310	321
310	325
310	406
310	410
310	421
310	487
310	502
310	505
310	510
310	608
311	404
311	473
311	484
311	511
311	513
311	529
311	530
311	538
311	540
311	696
312	181
312	345
312	436
312	469
312	508
312	517
312	523
312	536
312	537
312	539
313	358
313	449
313	455
313	465
313	469
313	475
313	508
313	521
313	537
313	539
314	367
314	371
314	384
314	405
314	423
314	467
314	470
314	498
314	520
314	523
315	157
315	403
315	427
315	436
315	450
315	463
315	473
315	503
315	506
315	534
316	402
316	438
316	464
316	495
316	503
316	512
316	513
316	528
316	534
316	766
317	355
317	383
317	472
317	499
317	504
317	520
317	523
317	526
317	532
317	736
318	199
318	344
318	358
318	413
318	468
318	470
318	494
318	496
318	524
318	541
319	362
319	367
319	398
319	452
319	467
319	479
319	492
319	504
319	511
319	518
320	423
320	441
320	444
320	448
320	503
320	512
320	518
320	524
320	528
320	534
321	310
321	404
321	454
321	483
321	485
321	486
321	497
321	500
321	514
321	923
322	306
322	346
322	351
322	454
322	467
322	479
322	492
322	504
322	523
322	534
323	343
323	404
323	455
323	457
323	460
323	500
323	502
323	510
323	516
323	629
324	326
324	361
324	391
324	421
324	435
324	461
324	471
324	507
324	518
324	532
324	752
325	310
325	485
325	487
325	495
325	502
325	505
325	509
325	514
325	537
325	541
325	979
326	324
326	348
326	382
326	405
326	460
326	471
326	502
326	523
326	526
326	532
326	991
327	333
327	352
327	384
327	398
327	408
327	455
327	479
327	504
327	506
327	518
327	526
328	432
328	434
328	473
328	474
328	479
328	503
328	512
328	528
328	534
328	538
328	922
329	268
329	344
329	368
329	375
329	420
329	439
329	450
329	494
329	496
329	519
329	522
330	339
330	346
330	348
330	458
330	462
330	465
330	472
330	484
330	508
330	536
330	538
331	349
331	382
331	426
331	449
331	472
331	473
331	480
331	484
331	508
331	533
331	539
332	46
332	362
332	375
332	458
332	462
332	483
332	508
332	526
332	536
332	537
332	539
333	327
333	370
333	431
333	446
333	457
333	462
333	503
333	509
333	512
333	528
333	534
334	347
334	351
334	405
334	409
334	471
334	506
334	515
334	518
334	523
334	535
334	970
335	370
335	380
335	389
335	439
335	440
335	445
335	452
335	480
335	519
335	525
335	541
336	417
336	447
336	449
336	474
336	492
336	518
336	532
336	533
336	536
336	537
336	539
337	344
337	440
337	446
337	459
337	476
337	487
337	519
337	525
337	533
337	541
337	941
338	399
338	474
338	487
338	491
338	502
338	505
338	510
338	514
338	515
338	525
338	816
339	305
339	330
339	352
339	354
339	364
339	390
339	428
339	491
339	536
339	539
339	993
340	302
340	309
340	348
340	353
340	397
340	420
340	452
340	464
340	519
340	526
340	796
341	445
341	447
341	483
341	487
341	491
341	493
341	500
341	505
341	510
341	516
341	524
342	365
342	385
342	395
342	410
342	450
342	477
342	493
342	501
342	507
342	522
342	541
342	763
343	323
343	361
343	380
343	425
343	453
343	483
343	485
343	491
343	492
343	505
343	514
343	976
344	175
344	318
344	329
344	337
344	430
344	459
344	480
344	482
344	509
344	519
344	525
344	541
345	312
345	381
345	392
345	433
345	471
345	497
345	513
345	517
345	518
345	520
345	523
345	729
346	322
346	330
346	364
346	471
346	479
346	506
346	518
346	520
346	526
346	530
346	532
346	536
347	64
347	334
347	411
347	466
347	469
347	485
347	507
347	511
347	529
347	535
347	538
347	540
348	326
348	330
348	340
348	353
348	398
348	432
348	464
348	504
348	513
348	526
348	532
348	906
349	331
349	369
349	400
349	408
349	476
349	495
349	520
349	521
349	536
349	537
349	539
349	544
350	374
350	438
350	450
350	473
350	495
350	505
350	509
350	512
350	520
350	528
350	534
350	535
351	322
351	334
351	381
351	408
351	431
351	448
351	452
351	454
351	485
351	488
351	506
351	532
352	249
352	303
352	327
352	339
352	373
352	382
352	394
352	421
352	484
352	498
352	501
352	539
353	188
353	340
353	348
353	363
353	371
353	377
353	384
353	428
353	464
353	467
353	506
353	526
354	303
354	339
354	406
354	421
354	463
354	476
354	483
354	498
354	521
354	533
354	537
354	539
355	317
355	386
355	402
355	413
355	418
355	420
355	456
355	459
355	470
355	477
355	513
355	524
356	361
356	386
356	393
356	407
356	424
356	444
356	477
356	478
356	494
356	499
356	524
356	539
357	387
357	407
357	426
357	442
357	477
357	494
357	499
357	518
357	524
357	531
357	538
357	540
358	169
358	313
358	318
358	399
358	420
358	457
358	468
358	476
358	478
358	486
358	499
358	524
359	291
359	367
359	370
359	415
359	451
359	465
359	475
359	481
359	493
359	496
359	515
359	519
360	413
360	420
360	438
360	449
360	468
360	470
360	478
360	486
360	499
360	519
360	524
360	525
361	301
361	324
361	343
361	356
361	364
361	383
361	424
361	453
361	506
361	520
361	523
361	532
362	147
362	319
362	332
362	368
362	376
362	378
362	397
362	419
362	447
362	484
362	517
362	533
363	353
363	454
363	483
363	497
363	504
363	513
363	527
363	531
363	535
363	538
363	540
363	984
364	339
364	346
364	361
364	394
364	425
364	454
364	464
364	478
364	494
364	523
364	526
364	548
365	166
365	342
365	406
365	430
365	483
365	507
365	510
365	516
365	530
365	535
365	538
365	540
366	389
366	415
366	428
366	434
366	456
366	471
366	493
366	515
366	522
366	525
366	532
366	541
367	93
367	314
367	319
367	359
367	405
367	461
367	471
367	516
367	518
367	526
367	532
367	534
368	329
368	362
368	392
368	432
368	440
368	450
368	456
368	461
368	475
368	492
368	501
368	528
368	552
369	349
369	418
369	447
369	511
369	516
369	522
369	529
369	530
369	531
369	535
369	538
369	540
369	987
370	333
370	335
370	359
370	428
370	438
370	457
370	474
370	501
370	509
370	527
370	528
370	534
370	754
371	116
371	314
371	353
371	388
371	392
371	407
371	475
371	504
371	506
371	518
371	526
371	532
371	533
372	302
372	403
372	418
372	425
372	445
372	483
372	487
372	490
372	502
372	505
372	510
372	511
372	514
373	300
373	352
373	378
373	397
373	409
373	465
373	466
373	533
373	534
373	535
373	536
373	539
373	769
374	306
374	350
374	396
374	432
374	445
374	463
374	470
374	497
374	503
374	512
374	515
374	528
374	534
375	148
375	329
375	332
375	384
375	460
375	488
375	497
375	513
375	527
375	530
375	535
375	538
375	540
376	362
376	382
376	384
376	392
376	405
376	447
376	451
376	452
376	467
376	471
376	479
376	504
376	518
377	353
377	415
377	434
377	439
377	459
377	476
377	496
377	515
377	522
377	525
377	531
377	534
377	541
378	70
378	362
378	373
378	382
378	458
378	476
378	485
378	516
378	517
378	518
378	533
378	537
378	541
379	409
379	493
379	498
379	504
379	507
379	513
379	516
379	527
379	529
379	530
379	531
379	535
379	538
380	335
380	343
380	393
380	501
380	513
380	516
380	527
380	530
380	531
380	535
380	538
380	540
380	986
381	345
381	351
381	384
381	409
381	414
381	454
381	460
381	470
381	504
381	505
381	506
381	520
381	523
382	326
382	331
382	352
382	376
382	378
382	444
382	498
382	503
382	505
382	508
382	517
382	536
382	537
382	539
383	288
383	317
383	361
383	394
383	407
383	433
383	442
383	454
383	478
383	506
383	520
383	526
383	532
383	539
384	314
384	327
384	353
384	375
384	376
384	381
384	454
384	458
384	487
384	494
384	504
384	518
384	523
384	536
385	294
385	342
385	408
385	429
385	430
385	434
385	484
385	492
385	501
385	515
385	519
385	522
385	528
385	541
386	304
386	355
386	356
386	405
386	418
386	442
386	477
386	494
386	499
386	522
386	524
386	526
386	541
386	966
387	357
387	413
387	422
387	442
387	468
387	477
387	486
387	494
387	499
387	524
387	531
387	540
387	541
387	645
388	371
388	443
388	456
388	466
388	489
388	505
388	511
388	527
388	530
388	531
388	535
388	538
388	540
388	541
389	16
389	299
389	335
389	366
389	432
389	461
389	475
389	480
389	496
389	511
389	522
389	526
389	540
389	541
390	339
390	441
390	465
390	498
390	508
390	510
390	517
390	519
390	533
390	536
390	537
390	538
390	539
390	587
391	298
391	324
391	409
391	462
391	467
391	472
391	502
391	504
391	506
391	520
391	523
391	532
391	541
391	780
392	309
392	345
392	368
392	371
392	376
392	398
392	429
392	464
392	490
392	504
392	523
392	532
392	534
392	535
393	356
393	380
393	430
393	440
393	446
393	461
393	462
393	480
393	492
393	522
393	525
393	539
393	541
393	980
394	98
394	298
394	352
394	364
394	383
394	398
394	408
394	414
394	448
394	465
394	479
394	518
394	520
394	523
395	342
395	483
395	485
395	487
395	489
395	490
395	497
395	500
395	502
395	505
395	510
395	514
395	517
395	779
396	106
396	374
396	448
396	463
396	468
396	470
396	473
396	475
396	495
396	503
396	509
396	523
396	528
396	534
397	340
397	362
397	373
397	399
397	425
397	458
397	460
397	469
397	482
397	513
397	521
397	533
397	539
397	586
398	298
398	319
398	327
398	348
398	392
398	394
398	426
398	437
398	452
398	453
398	503
398	506
398	511
398	532
398	810
399	120
399	338
399	358
399	397
399	401
399	437
399	445
399	453
399	460
399	484
399	491
399	500
399	502
399	510
399	524
400	349
400	412
400	440
400	458
400	465
400	467
400	469
400	508
400	521
400	527
400	533
400	536
400	537
400	539
400	972
401	206
401	299
401	399
401	406
401	436
401	438
401	448
401	473
401	495
401	503
401	509
401	512
401	528
401	534
401	536
402	304
402	316
402	355
402	407
402	420
402	453
402	456
402	468
402	470
402	477
402	486
402	491
402	499
402	540
402	689
403	315
403	372
403	413
403	417
403	423
403	428
403	441
403	457
403	495
403	509
403	512
403	526
403	528
403	534
403	999
404	311
404	321
404	323
404	460
404	485
404	488
404	489
404	490
404	491
404	500
404	502
404	505
404	510
404	514
404	522
405	167
405	314
405	326
405	334
405	367
405	376
405	386
405	421
405	479
405	498
405	513
405	514
405	520
405	532
405	536
406	302
406	310
406	354
406	365
406	401
406	481
406	482
406	488
406	507
406	529
406	530
406	533
406	535
406	538
406	540
407	356
407	357
407	371
407	383
407	402
407	419
407	420
407	442
407	470
407	486
407	499
407	516
407	524
407	526
407	596
408	327
408	349
408	351
408	385
408	394
408	452
408	464
408	495
408	506
408	512
408	518
408	520
408	526
408	532
408	773
409	298
409	308
409	334
409	373
409	379
409	381
409	391
409	421
409	506
409	518
409	520
409	521
409	524
409	526
409	858
410	310
410	342
410	434
410	446
410	459
410	492
410	493
410	510
410	519
410	522
410	525
410	531
410	533
410	536
410	541
411	347
411	414
411	441
411	453
411	481
411	497
411	511
411	527
411	529
411	531
411	535
411	536
411	538
411	540
411	896
412	400
412	413
412	416
412	424
412	426
412	438
412	442
412	478
412	486
412	494
412	499
412	521
412	523
412	524
412	963
413	318
413	355
413	360
413	387
413	403
413	412
413	419
413	478
413	485
413	486
413	494
413	499
413	521
413	524
413	538
413	699
414	304
414	381
414	394
414	411
414	462
414	465
414	469
414	472
414	508
414	517
414	521
414	524
414	533
414	536
414	537
414	539
415	170
415	302
415	359
415	366
415	377
415	450
415	458
415	461
415	493
415	501
415	504
415	515
415	525
415	528
415	530
415	541
416	412
416	437
416	475
416	488
416	489
416	492
416	497
416	503
416	507
416	513
416	516
416	527
416	531
416	538
416	540
416	618
417	296
417	298
417	336
417	403
417	444
417	462
417	465
417	469
417	482
417	494
417	498
417	517
417	521
417	533
417	537
417	538
418	161
418	355
418	369
418	372
418	386
418	419
418	426
418	442
418	449
418	470
418	477
418	486
418	494
418	506
418	518
418	524
419	169
419	362
419	407
419	413
419	418
419	420
419	424
419	426
419	468
419	470
419	484
419	486
419	494
419	506
419	507
419	524
420	329
420	340
420	355
420	358
420	360
420	402
420	407
420	419
420	426
420	468
420	477
420	485
420	494
420	524
420	536
420	967
421	310
421	324
421	352
421	354
421	405
421	409
421	454
421	462
421	467
421	471
421	482
421	504
421	506
421	518
421	520
421	532
422	303
422	387
422	481
422	482
422	490
422	502
422	507
422	513
422	516
422	523
422	529
422	531
422	535
422	538
422	540
422	717
423	308
423	314
423	320
423	403
423	438
423	441
423	474
423	495
423	509
423	512
423	523
423	527
423	528
423	534
423	538
423	759
424	159
424	356
424	361
424	412
424	419
424	426
424	442
424	443
424	477
424	478
424	479
424	486
424	494
424	499
424	515
424	517
424	524
425	343
425	364
425	372
425	397
425	427
425	463
425	484
425	498
425	508
425	517
425	521
425	530
425	533
425	536
425	537
425	539
425	750
426	331
426	357
426	398
426	412
426	418
426	419
426	420
426	424
426	465
426	468
426	478
426	481
426	486
426	494
426	520
426	524
426	903
427	293
427	315
427	425
427	442
427	444
427	448
427	465
427	469
427	498
427	517
427	521
427	526
427	533
427	535
427	536
427	537
427	539
428	309
428	339
428	353
428	366
428	370
428	403
428	431
428	432
428	436
428	457
428	474
428	495
428	503
428	509
428	516
428	534
428	733
429	385
429	392
429	488
429	489
429	493
429	507
429	508
429	511
429	513
429	522
429	527
429	529
429	530
429	531
429	535
429	540
429	928
430	344
430	365
430	385
430	393
430	440
430	451
430	469
430	475
430	492
430	500
430	501
430	504
430	515
430	519
430	521
430	541
430	960
431	303
431	333
431	351
431	428
431	441
431	448
431	457
431	473
431	474
431	495
431	498
431	503
431	509
431	524
431	528
431	534
431	539
432	328
432	348
432	368
432	374
432	389
432	428
432	435
432	438
432	441
432	463
432	495
432	503
432	509
432	512
432	528
432	534
432	576
433	298
433	307
433	345
433	383
433	452
433	464
433	475
433	477
433	495
433	504
433	509
433	517
433	518
433	520
433	523
433	526
433	956
434	328
434	366
434	377
434	385
434	410
434	451
434	475
434	480
434	488
434	489
434	492
434	493
434	501
434	524
434	534
434	541
434	796
435	248
435	305
435	324
435	432
435	464
435	481
435	488
435	489
435	506
435	507
435	527
435	529
435	530
435	531
435	532
435	535
435	538
435	540
436	241
436	312
436	315
436	401
436	428
436	458
436	463
436	473
436	474
436	495
436	499
436	509
436	512
436	528
436	532
436	534
436	537
436	538
437	259
437	398
437	399
437	416
437	451
437	453
437	455
437	483
437	485
437	487
437	490
437	491
437	496
437	500
437	502
437	505
437	507
437	514
438	316
438	350
438	360
438	370
438	401
438	412
438	423
438	432
438	457
438	463
438	474
438	485
438	509
438	528
438	530
438	534
438	536
438	761
439	168
439	329
439	335
439	377
439	456
439	461
439	482
439	492
439	493
439	496
439	501
439	503
439	509
439	512
439	515
439	522
439	539
439	541
440	335
440	337
440	368
440	393
440	400
440	430
440	450
440	460
440	465
440	492
440	496
440	501
440	519
440	522
440	524
440	525
440	537
440	541
441	13
441	320
441	390
441	403
441	411
441	423
441	431
441	432
441	448
441	474
441	480
441	509
441	512
441	513
441	518
441	521
441	528
441	534
442	152
442	357
442	383
442	386
442	387
442	407
442	412
442	418
442	424
442	427
442	464
442	470
442	477
442	478
442	499
442	515
442	516
442	524
442	537
443	388
443	424
443	480
443	482
443	488
443	489
443	497
443	508
443	512
443	516
443	522
443	527
443	529
443	530
443	531
443	535
443	538
443	540
443	673
444	308
444	320
444	356
444	382
444	417
444	427
444	449
444	476
444	481
444	484
444	495
444	498
444	517
444	521
444	533
444	535
444	536
444	537
444	990
445	156
445	302
445	335
445	341
445	372
445	374
445	399
445	453
445	459
445	483
445	490
445	491
445	497
445	500
445	505
445	510
445	514
445	528
445	529
446	299
446	333
446	337
446	393
446	410
446	449
446	451
446	456
446	461
446	480
446	493
446	501
446	525
446	529
446	531
446	532
446	535
446	541
446	898
447	336
447	341
447	362
447	369
447	376
447	449
447	469
447	472
447	476
447	508
447	517
447	521
447	528
447	529
447	533
447	535
447	536
447	537
447	539
447	792
448	113
448	305
448	320
448	351
448	394
448	396
448	401
448	427
448	431
448	441
448	463
448	473
448	495
448	503
448	509
448	512
448	520
448	526
448	528
448	534
449	172
449	313
449	331
449	336
449	360
449	418
449	444
449	446
449	447
449	465
449	472
449	479
449	484
449	500
449	508
449	517
449	524
449	533
449	536
449	537
450	67
450	315
450	329
450	342
450	350
450	368
450	415
450	440
450	457
450	480
450	484
450	492
450	500
450	501
450	512
450	515
450	519
450	522
450	525
450	541
451	300
451	359
451	376
451	430
451	434
451	437
451	446
451	458
451	459
451	469
451	475
451	477
451	493
451	496
451	501
451	515
451	519
451	522
451	541
451	892
452	301
452	307
452	309
452	319
452	335
452	340
452	351
452	376
452	398
452	408
452	433
452	466
452	471
452	479
452	481
452	498
452	521
452	526
452	540
452	677
453	264
453	343
453	361
453	398
453	399
453	402
453	411
453	437
453	445
453	455
453	483
453	485
453	490
453	491
453	498
453	500
453	502
453	509
453	510
453	514
454	102
454	307
454	321
454	322
454	351
454	363
454	364
454	381
454	383
454	384
454	421
454	464
454	467
454	479
454	482
454	494
454	502
454	520
454	526
454	531
455	277
455	313
455	323
455	327
455	437
455	453
455	460
455	469
455	483
455	485
455	487
455	489
455	490
455	500
455	502
455	505
455	510
455	514
455	530
455	541
456	355
456	366
456	368
456	388
456	402
456	439
456	446
456	461
456	475
456	493
456	496
456	501
456	519
456	520
456	522
456	523
456	525
456	537
456	541
456	861
457	323
457	333
457	358
457	370
457	403
457	428
457	431
457	438
457	450
457	473
457	474
457	481
457	483
457	495
457	503
457	509
457	517
457	528
457	534
457	988
458	165
458	330
458	332
458	378
458	384
458	397
458	400
458	415
458	436
458	451
458	476
458	484
458	498
458	514
458	517
458	521
458	533
458	534
458	536
458	537
459	337
459	344
459	355
459	377
459	410
459	445
459	451
459	477
459	480
459	492
459	496
459	499
459	501
459	514
459	515
459	519
459	525
459	526
459	541
459	745
460	302
460	323
460	326
460	375
460	381
460	397
460	399
460	404
460	440
460	455
460	483
460	485
460	487
460	490
460	491
460	500
460	505
460	510
460	514
460	538
460	964
461	162
461	324
461	367
461	368
461	389
461	393
461	415
461	439
461	446
461	456
461	480
461	481
461	496
461	510
461	515
461	518
461	519
461	522
461	525
461	529
461	541
462	300
462	330
462	332
462	333
462	391
462	393
462	414
462	417
462	421
462	472
462	484
462	502
462	508
462	514
462	521
462	530
462	533
462	536
462	537
462	539
462	805
463	306
463	315
463	354
463	374
463	396
463	425
463	432
463	436
463	438
463	448
463	471
463	474
463	491
463	495
463	497
463	503
463	512
463	528
463	529
463	534
463	559
464	308
464	316
464	340
464	348
464	353
464	364
464	392
464	408
464	433
464	435
464	442
464	454
464	470
464	500
464	504
464	518
464	520
464	523
464	526
464	531
464	541
464	889
465	153
465	227
465	309
465	313
465	330
465	359
465	373
465	390
465	394
465	400
465	414
465	417
465	426
465	427
465	440
465	449
465	498
465	517
465	527
465	536
465	537
465	540
466	347
466	373
466	388
466	452
466	481
466	482
466	489
466	490
466	497
466	504
466	507
466	512
466	516
466	527
466	529
466	530
466	531
466	535
466	538
466	539
466	540
466	785
467	82
467	300
467	314
467	319
467	322
467	353
467	376
467	391
467	400
467	421
467	454
467	471
467	479
467	497
467	501
467	504
467	505
467	506
467	518
467	526
467	530
467	532
467	540
468	151
468	301
468	318
468	358
468	360
468	387
468	396
468	402
468	419
468	420
468	426
468	470
468	474
468	477
468	478
468	486
468	494
468	499
468	501
468	517
468	524
468	533
468	537
469	312
469	313
469	347
469	397
469	400
469	414
469	417
469	427
469	430
469	447
469	451
469	455
469	472
469	486
469	498
469	507
469	508
469	517
469	533
469	537
469	539
469	540
469	715
470	304
470	314
470	318
470	355
470	360
470	374
470	381
470	396
470	402
470	407
470	418
470	419
470	442
470	464
470	468
470	478
470	486
470	490
470	493
470	494
470	499
470	524
470	703
471	150
471	301
471	324
471	326
471	334
471	345
471	346
471	366
471	367
471	376
471	421
471	452
471	463
471	467
471	473
471	492
471	504
471	523
471	527
471	532
471	537
471	538
471	931
472	303
472	317
472	330
472	331
472	391
472	414
472	447
472	449
472	462
472	469
472	476
472	491
472	497
472	498
472	512
472	521
472	525
472	529
472	533
472	535
472	536
472	537
472	539
472	579
473	288
473	311
473	315
473	328
473	331
473	350
473	396
473	401
473	431
473	436
473	448
473	457
473	471
473	474
473	477
473	489
473	495
473	503
473	509
473	512
473	514
473	519
473	523
473	534
474	306
474	328
474	336
474	338
474	370
474	423
474	428
474	431
474	436
474	438
474	441
474	457
474	463
474	468
474	473
474	479
474	509
474	511
474	512
474	519
474	528
474	531
474	534
474	770
475	121
475	299
475	313
475	359
475	368
475	371
475	389
475	396
475	416
475	430
475	433
475	434
475	451
475	456
475	480
475	481
475	493
475	501
475	506
475	515
475	522
475	525
475	541
475	841
476	303
476	337
476	349
476	354
476	358
476	377
476	378
476	444
476	447
476	458
476	472
476	484
476	485
476	498
476	499
476	503
476	517
476	521
476	532
476	533
476	536
476	539
476	644
476	790
477	299
477	304
477	342
477	355
477	356
477	357
477	386
477	387
477	402
477	418
477	420
477	424
477	433
477	442
477	451
477	459
477	468
477	473
477	478
477	486
477	499
477	523
477	524
477	719
478	356
478	358
478	360
478	364
478	383
478	412
478	413
478	424
478	426
478	442
478	468
478	470
478	477
478	486
478	491
478	494
478	499
478	508
478	515
478	524
478	529
478	536
478	541
478	682
479	157
479	175
479	306
479	308
479	319
479	322
479	327
479	328
479	346
479	376
479	394
479	405
479	424
479	449
479	452
479	454
479	467
479	474
479	506
479	518
479	520
479	526
479	532
479	541
480	57
480	306
480	331
480	335
480	344
480	389
480	393
480	434
480	441
480	443
480	446
480	450
480	459
480	461
480	475
480	493
480	496
480	511
480	515
480	519
480	522
480	525
480	527
480	528
480	541
481	359
481	406
481	411
481	422
481	426
481	435
481	444
481	452
481	457
481	461
481	466
481	475
481	482
481	497
481	507
481	513
481	516
481	527
481	529
481	531
481	535
481	538
481	540
481	641
481	779
482	344
482	397
482	406
482	417
482	421
482	422
482	439
482	443
482	454
482	466
482	481
482	488
482	497
482	500
482	507
482	511
482	516
482	525
482	529
482	530
482	531
482	535
482	538
482	540
482	706
483	321
483	332
483	341
483	343
483	354
483	363
483	365
483	372
483	395
483	437
483	445
483	453
483	455
483	457
483	460
483	487
483	490
483	500
483	502
483	505
483	510
483	514
483	529
483	532
483	768
484	311
484	330
484	331
484	352
484	362
484	385
484	399
484	419
484	425
484	444
484	449
484	450
484	458
484	462
484	476
484	498
484	517
484	525
484	528
484	533
484	534
484	536
484	537
484	539
484	708
485	321
485	325
485	343
485	347
485	351
485	378
485	395
485	404
485	413
485	420
485	437
485	438
485	453
485	455
485	460
485	476
485	487
485	490
485	491
485	502
485	505
485	510
485	514
485	519
485	978
486	321
486	358
486	360
486	387
486	402
486	407
486	412
486	413
486	418
486	419
486	424
486	426
486	468
486	469
486	470
486	477
486	478
486	494
486	501
486	511
486	515
486	524
486	525
486	540
486	741
487	87
487	308
487	310
487	325
487	337
487	338
487	341
487	372
487	384
487	395
487	437
487	455
487	460
487	483
487	485
487	490
487	491
487	500
487	505
487	508
487	510
487	514
487	515
487	526
487	539
487	984
488	351
488	375
488	404
488	406
488	416
488	429
488	434
488	435
488	443
488	482
488	496
488	497
488	502
488	511
488	514
488	516
488	527
488	529
488	530
488	531
488	535
488	538
488	539
488	540
488	831
488	915
489	388
489	395
489	404
489	416
489	429
489	434
489	435
489	443
489	455
489	466
489	473
489	507
489	508
489	511
489	513
489	516
489	525
489	527
489	529
489	530
489	531
489	535
489	538
489	539
489	540
489	549
490	302
490	307
490	372
490	392
490	395
490	404
490	422
490	437
490	445
490	453
490	455
490	460
490	466
490	470
490	483
490	485
490	487
490	500
490	502
490	504
490	505
490	510
490	514
490	529
490	540
490	819
491	61
491	302
491	338
491	339
491	341
491	343
491	399
491	402
491	404
491	437
491	445
491	453
491	460
491	463
491	472
491	478
491	485
491	487
491	500
491	502
491	505
491	510
491	514
491	517
491	527
491	540
491	823
492	319
492	322
492	336
492	343
492	368
492	385
492	393
492	410
492	416
492	430
492	434
492	439
492	440
492	450
492	459
492	471
492	493
492	496
492	501
492	515
492	517
492	519
492	522
492	525
492	537
492	541
492	943
493	299
493	300
493	341
493	342
493	359
493	366
493	379
493	410
493	415
493	429
493	434
493	439
493	446
493	451
493	456
493	470
493	475
493	480
493	492
493	514
493	515
493	518
493	519
493	522
493	525
493	535
493	541
493	947
494	85
494	304
494	318
494	329
494	356
494	357
494	364
494	384
494	386
494	387
494	412
494	413
494	417
494	418
494	419
494	420
494	424
494	426
494	454
494	468
494	470
494	478
494	486
494	499
494	504
494	516
494	524
494	533
495	306
495	316
495	325
495	349
495	350
495	396
495	401
495	403
495	408
495	423
495	428
495	431
495	432
495	433
495	436
495	444
495	448
495	457
495	463
495	473
495	498
495	503
495	512
495	528
495	533
495	534
495	537
495	869
496	299
496	318
496	329
496	359
496	377
496	389
496	437
496	439
496	440
496	451
496	456
496	459
496	461
496	480
496	488
496	492
496	505
496	515
496	517
496	519
496	522
496	525
496	535
496	538
496	540
496	541
496	795
496	913
497	321
497	345
497	363
497	374
497	375
497	395
497	411
497	416
497	443
497	445
497	463
497	466
497	467
497	472
497	481
497	482
497	488
497	506
497	511
497	513
497	516
497	527
497	529
497	530
497	531
497	535
497	538
497	540
497	972
498	144
498	314
498	352
498	354
498	379
498	382
498	390
498	405
498	417
498	425
498	427
498	431
498	444
498	452
498	453
498	458
498	465
498	469
498	472
498	476
498	484
498	495
498	508
498	517
498	520
498	521
498	537
498	539
498	540
499	299
499	304
499	317
499	356
499	357
499	358
499	360
499	386
499	387
499	402
499	407
499	412
499	413
499	424
499	436
499	442
499	459
499	468
499	470
499	476
499	477
499	478
499	494
499	501
499	507
499	524
499	530
499	532
499	534
499	547
500	302
500	321
500	323
500	341
500	395
500	399
500	404
500	430
500	437
500	445
500	449
500	450
500	453
500	455
500	460
500	464
500	482
500	483
500	487
500	490
500	491
500	502
500	505
500	510
500	511
500	514
500	521
500	525
500	539
500	940
501	268
501	283
501	342
501	352
501	368
501	370
501	380
501	385
501	415
501	430
501	434
501	439
501	440
501	446
501	450
501	451
501	456
501	459
501	467
501	468
501	475
501	486
501	492
501	499
501	515
501	518
501	519
501	522
501	525
501	537
501	541
502	202
502	297
502	302
502	310
502	323
502	325
502	326
502	338
502	372
502	391
502	395
502	399
502	404
502	422
502	437
502	453
502	454
502	455
502	462
502	483
502	485
502	488
502	490
502	491
502	500
502	505
502	510
502	514
502	521
502	527
502	528
503	36
503	301
503	315
503	316
503	320
503	328
503	333
503	374
503	382
503	396
503	398
503	401
503	416
503	428
503	431
503	432
503	439
503	448
503	457
503	463
503	473
503	476
503	495
503	507
503	509
503	512
503	514
503	522
503	528
503	534
503	778
504	308
504	317
504	319
504	322
504	327
504	348
504	363
504	371
504	376
504	379
504	381
504	384
504	391
504	392
504	415
504	421
504	430
504	433
504	464
504	466
504	467
504	471
504	490
504	494
504	506
504	511
504	526
504	532
504	535
504	735
504	902
505	143
505	310
505	325
505	338
505	341
505	343
505	350
505	372
505	381
505	382
505	388
505	395
505	404
505	437
505	445
505	455
505	460
505	467
505	483
505	485
505	487
505	490
505	491
505	496
505	500
505	502
505	508
505	510
505	514
505	532
505	537
506	315
506	327
506	334
506	346
506	351
506	353
506	361
506	371
506	381
506	383
506	391
506	398
506	408
506	409
506	418
506	419
506	421
506	435
506	467
506	475
506	479
506	497
506	504
506	510
506	515
506	519
506	520
506	523
506	526
506	532
506	536
506	944
507	324
507	342
507	347
507	365
507	379
507	406
507	416
507	419
507	422
507	429
507	435
507	437
507	466
507	469
507	481
507	482
507	489
507	499
507	503
507	511
507	512
507	513
507	527
507	529
507	530
507	531
507	534
507	535
507	538
507	540
507	686
507	737
508	300
508	312
508	313
508	330
508	331
508	332
508	382
508	390
508	400
508	414
508	425
508	429
508	443
508	447
508	449
508	462
508	469
508	478
508	487
508	489
508	498
508	505
508	517
508	521
508	524
508	536
508	537
508	538
508	539
508	540
508	772
508	912
509	303
509	325
509	333
509	344
509	350
509	370
509	396
509	401
509	403
509	423
509	428
509	431
509	432
509	433
509	436
509	438
509	439
509	441
509	448
509	453
509	457
509	473
509	474
509	503
509	510
509	512
509	521
509	528
509	534
509	541
509	590
509	828
510	158
510	310
510	323
510	338
510	341
510	365
510	372
510	390
510	395
510	399
510	404
510	410
510	445
510	453
510	455
510	460
510	461
510	483
510	485
510	487
510	490
510	491
510	500
510	502
510	505
510	506
510	509
510	514
510	524
510	532
510	539
510	982
511	311
511	319
511	347
511	369
511	372
511	388
511	389
511	398
511	411
511	429
511	474
511	480
511	482
511	486
511	488
511	489
511	497
511	500
511	504
511	507
511	513
511	516
511	518
511	527
511	529
511	530
511	531
511	535
511	538
511	540
511	747
511	787
512	133
512	316
512	320
512	328
512	333
512	350
512	374
512	401
512	403
512	408
512	423
512	432
512	436
512	439
512	441
512	443
512	448
512	450
512	463
512	466
512	472
512	473
512	474
512	495
512	503
512	507
512	509
512	514
512	528
512	531
512	534
512	538
512	996
513	311
513	316
513	345
513	348
513	355
513	363
513	375
513	379
513	380
513	397
513	405
513	416
513	422
513	429
513	441
513	481
513	489
513	497
513	507
513	511
513	516
513	523
513	527
513	528
513	529
513	530
513	531
513	534
513	535
513	538
513	539
513	540
513	880
514	169
514	321
514	325
514	338
514	343
514	372
514	395
514	404
514	405
514	437
514	445
514	453
514	455
514	458
514	459
514	460
514	462
514	473
514	483
514	485
514	487
514	488
514	490
514	491
514	493
514	500
514	502
514	503
514	505
514	510
514	512
514	526
514	611
515	158
515	334
515	338
515	359
515	366
515	374
515	377
515	385
515	415
515	424
515	430
515	439
515	442
515	450
515	451
515	459
515	461
515	475
515	478
515	480
515	486
515	487
515	492
515	493
515	496
515	501
515	506
515	519
515	522
515	525
515	529
515	541
515	809
516	160
516	323
516	341
516	365
516	367
516	369
516	378
516	379
516	380
516	407
516	416
516	422
516	428
516	442
516	443
516	466
516	481
516	482
516	488
516	489
516	494
516	497
516	511
516	513
516	524
516	527
516	529
516	530
516	531
516	533
516	535
516	538
516	540
516	691
517	305
517	312
517	345
517	362
517	378
517	382
517	390
517	395
517	414
517	417
517	424
517	425
517	427
517	433
517	444
517	447
517	449
517	457
517	458
517	465
517	468
517	469
517	476
517	484
517	491
517	492
517	496
517	498
517	508
517	531
517	533
517	536
517	537
517	694
518	128
518	298
518	319
518	320
518	324
518	327
518	334
518	336
518	345
518	346
518	357
518	367
518	371
518	376
518	378
518	384
518	394
518	408
518	409
518	418
518	421
518	433
518	441
518	461
518	464
518	467
518	479
518	493
518	501
518	511
518	520
518	523
518	526
518	530
518	678
519	329
519	335
519	337
519	340
519	344
519	359
519	360
519	385
519	390
519	410
519	430
519	440
519	450
519	451
519	456
519	459
519	461
519	473
519	474
519	480
519	485
519	492
519	493
519	496
519	501
519	506
519	515
519	522
519	525
519	530
519	534
519	536
519	541
519	765
519	842
520	301
520	304
520	309
520	314
520	317
520	345
520	346
520	349
520	350
520	361
520	381
520	383
520	391
520	394
520	405
520	408
520	409
520	421
520	426
520	433
520	448
520	454
520	456
520	464
520	479
520	498
520	506
520	518
520	522
520	523
520	532
520	533
520	537
520	784
520	987
521	7
521	298
521	300
521	305
521	313
521	349
521	354
521	397
521	400
521	409
521	412
521	413
521	414
521	417
521	425
521	427
521	430
521	441
521	444
521	447
521	452
521	458
521	462
521	472
521	476
521	498
521	500
521	502
521	508
521	509
521	525
521	533
521	536
521	537
521	539
521	996
522	20
522	304
522	329
522	342
522	366
522	369
522	377
522	385
522	386
522	389
522	393
522	404
522	410
522	429
522	439
522	440
522	443
522	450
522	451
522	456
522	461
522	475
522	480
522	492
522	493
522	496
522	501
522	503
522	515
522	519
522	520
522	523
522	525
522	536
522	537
522	541
523	108
523	298
523	307
523	309
523	312
523	314
523	317
523	322
523	326
523	334
523	345
523	361
523	364
523	381
523	384
523	391
523	392
523	394
523	396
523	412
523	422
523	423
523	433
523	456
523	464
523	471
523	473
523	477
523	506
523	513
523	518
523	520
523	522
523	526
523	532
523	541
523	899
524	304
524	318
524	320
524	341
524	355
524	356
524	357
524	358
524	360
524	386
524	387
524	399
524	407
524	409
524	412
524	413
524	414
524	418
524	419
524	420
524	424
524	426
524	431
524	434
524	440
524	442
524	449
524	468
524	470
524	477
524	478
524	486
524	494
524	499
524	508
524	510
524	516
524	793
524	829
525	254
525	299
525	335
525	337
525	338
525	344
525	360
525	366
525	377
525	393
525	410
525	415
525	440
525	446
525	450
525	456
525	459
525	461
525	472
525	475
525	480
525	482
525	484
525	486
525	489
525	492
525	493
525	496
525	500
525	501
525	515
525	519
525	521
525	522
525	527
525	531
525	532
525	541
525	953
526	301
526	307
526	308
526	317
526	326
526	327
526	332
526	340
526	346
526	348
526	353
526	364
526	367
526	371
526	383
526	386
526	389
526	403
526	407
526	408
526	409
526	427
526	433
526	448
526	452
526	454
526	459
526	464
526	467
526	479
526	487
526	504
526	506
526	514
526	518
526	523
526	529
526	630
526	832
527	149
527	298
527	363
527	370
527	375
527	379
527	380
527	388
527	400
527	411
527	416
527	423
527	429
527	435
527	443
527	465
527	466
527	471
527	480
527	481
527	488
527	489
527	491
527	497
527	502
527	507
527	511
527	513
527	516
527	525
527	528
527	529
527	530
527	531
527	535
527	538
527	540
527	541
527	848
528	172
528	306
528	316
528	320
528	328
528	333
528	350
528	368
528	370
528	374
528	385
528	396
528	401
528	403
528	415
528	423
528	431
528	432
528	436
528	438
528	441
528	445
528	447
528	448
528	457
528	463
528	474
528	480
528	484
528	495
528	502
528	503
528	509
528	512
528	513
528	527
528	533
528	534
528	872
529	195
529	295
529	311
529	347
529	369
529	379
529	406
529	411
529	422
529	429
529	435
529	443
529	445
529	446
529	447
529	461
529	463
529	466
529	472
529	478
529	481
529	482
529	483
529	488
529	489
529	490
529	497
529	507
529	511
529	513
529	515
529	516
529	526
529	527
529	530
529	531
529	535
529	536
529	538
529	540
530	263
530	308
530	311
530	346
530	365
530	369
530	375
530	379
530	380
530	388
530	406
530	415
530	425
530	429
530	435
530	438
530	443
530	455
530	462
530	466
530	467
530	482
530	488
530	489
530	497
530	499
530	507
530	511
530	513
530	516
530	518
530	519
530	527
530	529
530	531
530	535
530	538
530	540
530	541
530	836
531	357
531	363
531	369
531	377
531	379
531	380
531	387
531	388
531	410
531	411
531	416
531	422
531	429
531	435
531	443
531	446
531	454
531	464
531	466
531	474
531	481
531	482
531	488
531	489
531	497
531	507
531	511
531	512
531	513
531	516
531	517
531	525
531	527
531	529
531	530
531	533
531	535
531	538
531	539
531	540
531	700
531	784
532	163
532	301
532	307
532	308
532	309
532	317
532	324
532	326
532	336
532	346
532	348
532	351
532	361
532	366
532	367
532	371
532	383
532	391
532	392
532	398
532	405
532	408
532	421
532	435
532	436
532	446
532	467
532	471
532	476
532	479
532	483
532	499
532	504
532	505
532	506
532	510
532	520
532	523
532	525
532	535
532	540
532	714
533	243
533	307
533	331
533	336
533	337
533	354
533	362
533	371
533	373
533	378
533	390
533	397
533	400
533	406
533	410
533	414
533	417
533	425
533	427
533	444
533	447
533	449
533	458
533	462
533	468
533	469
533	472
533	476
533	484
533	494
533	495
533	516
533	517
533	520
533	521
533	528
533	531
533	536
533	537
533	539
533	563
533	656
534	306
534	309
534	315
534	316
534	320
534	322
534	328
534	333
534	350
534	367
534	370
534	373
534	374
534	377
534	392
534	396
534	401
534	403
534	423
534	428
534	431
534	432
534	434
534	436
534	438
534	441
534	448
534	457
534	458
534	463
534	473
534	474
534	484
534	495
534	499
534	503
534	507
534	509
534	512
534	513
534	519
534	528
534	752
534	785
535	334
535	347
535	350
535	363
535	365
535	369
535	373
535	375
535	379
535	380
535	388
535	392
535	406
535	411
535	422
535	427
535	429
535	435
535	443
535	444
535	446
535	447
535	466
535	472
535	481
535	482
535	488
535	489
535	493
535	496
535	497
535	504
535	507
535	511
535	513
535	516
535	527
535	529
535	530
535	531
535	532
535	538
535	540
535	734
535	901
536	300
536	303
536	305
536	312
536	330
536	332
536	336
536	339
536	346
536	349
536	373
536	382
536	384
536	390
536	400
536	401
536	405
536	410
536	411
536	414
536	420
536	425
536	427
536	438
536	444
536	447
536	449
536	458
536	462
536	465
536	472
536	476
536	478
536	484
536	506
536	508
536	517
536	519
536	521
536	522
536	529
536	533
536	537
536	539
536	638
536	900
537	303
537	312
537	313
537	325
537	332
537	336
537	349
537	354
537	378
537	382
537	390
537	400
537	414
537	417
537	425
537	427
537	436
537	440
537	442
537	444
537	447
537	449
537	456
537	458
537	462
537	465
537	468
537	469
537	471
537	472
537	484
537	492
537	495
537	498
537	501
537	505
537	508
537	517
537	520
537	521
537	522
537	533
537	536
537	538
537	539
537	654
537	935
538	311
538	328
538	330
538	347
538	357
538	363
538	365
538	369
538	375
538	379
538	380
538	388
538	390
538	406
538	411
538	413
538	416
538	417
538	422
538	423
538	435
538	436
538	443
538	460
538	466
538	471
538	481
538	482
538	488
538	489
538	496
538	497
538	507
538	508
538	511
538	512
538	513
538	516
538	527
538	529
538	530
538	531
538	535
538	537
538	539
538	540
538	965
538	997
539	303
539	305
539	312
539	313
539	331
539	332
539	336
539	339
539	349
539	352
539	354
539	356
539	373
539	382
539	383
539	390
539	393
539	397
539	400
539	414
539	425
539	427
539	431
539	439
539	447
539	462
539	466
539	469
539	472
539	476
539	484
539	487
539	488
539	489
539	498
539	500
539	508
539	510
539	513
539	521
539	531
539	533
539	536
539	537
539	538
539	615
539	762
539	781
540	311
540	347
540	357
540	363
540	365
540	369
540	375
540	380
540	387
540	388
540	389
540	402
540	406
540	411
540	416
540	422
540	429
540	435
540	443
540	452
540	465
540	466
540	467
540	469
540	481
540	482
540	486
540	488
540	489
540	490
540	491
540	496
540	497
540	498
540	507
540	508
540	511
540	513
540	516
540	527
540	529
540	530
540	531
540	532
540	535
540	538
540	571
540	627
540	891
541	155
541	270
541	299
541	318
541	325
541	335
541	337
541	342
541	344
541	366
541	377
541	378
541	385
541	386
541	387
541	388
541	389
541	391
541	393
541	410
541	415
541	430
541	434
541	439
541	440
541	446
541	450
541	451
541	455
541	456
541	459
541	461
541	464
541	475
541	478
541	479
541	480
541	492
541	493
541	496
541	501
541	509
541	515
541	519
541	522
541	523
541	525
541	527
541	530
541	786
542	611
542	620
542	630
542	658
542	731
542	761
542	767
542	780
542	787
542	798
543	287
543	656
543	676
543	716
543	718
543	724
543	751
543	788
543	789
543	798
544	349
544	624
544	631
544	683
544	738
544	739
544	768
544	781
544	786
544	795
545	554
545	613
545	617
545	643
545	688
545	715
545	743
545	781
545	791
545	795
546	141
546	547
546	588
546	639
546	707
546	754
546	759
546	773
546	777
547	499
547	546
547	612
547	642
547	695
547	697
547	754
547	766
547	773
547	793
548	364
548	573
548	598
548	667
548	709
548	740
548	743
548	764
548	775
548	793
549	489
549	701
549	715
549	732
549	770
549	788
549	790
549	794
549	797
549	798
550	614
550	658
550	666
550	690
550	694
550	715
550	716
550	734
550	753
550	766
551	646
551	741
551	743
551	744
551	752
551	756
551	758
551	764
551	791
551	952
552	368
552	632
552	643
552	691
552	715
552	736
552	753
552	765
552	766
552	775
553	561
553	577
553	625
553	673
553	682
553	722
553	754
553	777
553	783
553	936
554	545
554	646
554	693
554	740
554	741
554	750
554	774
554	779
554	782
554	784
555	641
555	693
555	746
555	765
555	775
555	789
555	793
555	794
555	796
555	797
556	571
556	659
556	711
556	730
556	766
556	790
556	792
556	794
556	798
556	997
557	593
557	683
557	703
557	745
557	749
557	759
557	779
557	781
557	782
557	784
558	576
558	612
558	660
558	672
558	681
558	687
558	726
558	747
558	772
558	773
559	463
559	588
559	621
559	643
559	735
559	739
559	758
559	763
559	782
559	786
560	596
560	703
560	735
560	741
560	748
560	774
560	779
560	781
560	782
560	834
561	553
561	577
561	684
561	721
561	738
561	754
561	757
561	777
561	780
561	783
562	567
562	588
562	653
562	660
562	736
562	766
562	789
562	793
562	796
562	797
563	533
563	665
563	728
563	742
563	749
563	768
563	779
563	781
563	784
563	785
564	624
564	739
564	741
564	749
564	760
564	768
564	771
564	776
564	786
564	791
565	670
565	672
565	695
565	704
565	706
565	741
565	774
565	782
565	784
565	962
566	674
566	703
566	715
566	718
566	751
566	763
566	788
566	790
566	798
566	973
567	562
567	670
567	671
567	708
567	709
567	737
567	775
567	791
567	796
567	798
568	622
568	666
568	723
568	725
568	745
568	749
568	779
568	781
568	782
568	784
569	588
569	639
569	642
569	657
569	692
569	726
569	746
569	772
569	784
569	989
570	640
570	690
570	707
570	712
570	749
570	753
570	765
570	766
570	798
570	959
571	540
571	556
571	594
571	649
571	691
571	701
571	715
571	753
571	765
571	766
572	285
572	594
572	736
572	742
572	744
572	747
572	768
572	786
572	794
572	795
573	548
573	649
573	677
573	679
573	686
573	698
573	738
573	757
573	777
573	783
574	592
574	601
574	681
574	696
574	717
574	722
574	729
574	777
574	783
574	789
575	603
575	607
575	641
575	685
575	705
575	732
575	751
575	754
575	792
575	794
575	798
576	432
576	558
576	602
576	639
576	655
576	707
576	741
576	749
576	754
576	772
576	784
577	553
577	561
577	596
577	617
577	670
577	678
577	737
577	762
577	775
577	789
577	797
578	639
578	666
578	689
578	725
578	727
578	749
578	776
578	788
578	790
578	792
578	798
579	472
579	637
579	665
579	674
579	680
579	681
579	707
579	719
579	754
579	771
579	773
580	107
580	647
580	654
580	728
580	731
580	748
580	759
580	778
580	780
580	781
580	785
581	666
581	684
581	692
581	701
581	704
581	706
581	720
581	779
581	781
581	782
581	784
582	651
582	702
582	705
582	711
582	738
582	748
582	768
582	776
582	788
582	794
582	1000
583	689
583	707
583	736
583	748
583	749
583	761
583	769
583	770
583	778
583	785
583	787
584	658
584	701
584	735
584	739
584	744
584	755
584	758
584	763
584	786
584	793
584	795
585	166
585	606
585	633
585	685
585	687
585	709
585	762
585	764
585	791
585	793
585	796
586	397
586	602
586	612
586	622
586	626
586	665
586	667
586	695
586	737
586	773
586	774
587	390
587	593
587	609
587	684
587	686
587	738
587	757
587	773
587	777
587	783
587	794
588	285
588	546
588	559
588	562
588	569
588	652
588	663
588	669
588	687
588	773
588	786
589	608
589	629
589	648
589	676
589	725
589	788
589	792
589	796
589	797
589	798
589	993
590	509
590	657
590	687
590	695
590	718
590	719
590	732
590	742
590	754
590	772
590	773
591	58
591	675
591	688
591	732
591	758
591	761
591	768
591	772
591	785
591	791
591	795
592	574
592	601
592	604
592	686
592	697
592	721
592	750
592	757
592	769
592	777
592	783
593	557
593	587
593	633
593	649
593	673
593	682
593	697
593	738
593	757
593	777
593	788
594	231
594	571
594	572
594	655
594	729
594	755
594	763
594	784
594	787
594	791
594	795
595	622
595	628
595	655
595	669
595	695
595	719
595	726
595	754
595	772
595	773
595	774
595	777
596	407
596	560
596	577
596	626
596	641
596	662
596	729
596	734
596	762
596	776
596	796
596	797
597	683
597	688
597	690
597	699
597	724
597	726
597	752
597	756
597	768
597	786
597	791
597	795
598	548
598	620
598	643
598	659
598	685
598	700
598	737
598	762
598	788
598	793
598	796
598	797
599	603
599	608
599	643
599	651
599	685
599	699
599	702
599	746
599	789
599	790
599	792
599	798
600	50
600	684
600	689
600	713
600	720
600	759
600	761
600	767
600	779
600	780
600	785
600	787
601	574
601	592
601	661
601	682
601	688
601	715
601	717
601	722
601	747
601	749
601	757
601	783
602	146
602	576
602	586
602	657
602	661
602	667
602	719
602	726
602	758
602	764
602	772
602	781
603	575
603	599
603	674
603	681
603	702
603	711
603	725
603	746
603	756
603	758
603	762
603	792
604	296
604	592
604	614
604	675
604	712
604	715
604	716
604	725
604	753
604	765
604	766
604	788
605	711
605	715
605	721
605	724
605	725
605	727
605	746
605	757
605	766
605	776
605	788
605	792
606	292
606	585
606	670
606	700
606	710
606	711
606	715
606	740
606	764
606	793
606	796
606	797
607	575
607	636
607	651
607	666
607	699
607	720
607	725
607	746
607	764
607	775
607	778
607	792
608	310
608	589
608	599
608	613
608	621
608	627
608	694
608	711
608	724
608	732
608	790
608	794
609	134
609	587
609	636
609	646
609	651
609	671
609	699
609	725
609	728
609	751
609	770
609	776
610	700
610	707
610	729
610	740
610	748
610	762
610	775
610	789
610	796
610	797
610	798
610	921
611	514
611	542
611	680
611	717
611	718
611	724
611	730
611	746
611	770
611	780
611	790
611	792
611	794
612	547
612	558
612	586
612	637
612	667
612	669
612	680
612	694
612	707
612	726
612	759
612	773
612	793
613	152
613	545
613	608
613	632
613	720
613	741
613	742
613	750
613	779
613	781
613	782
613	784
613	795
614	34
614	550
614	604
614	623
614	632
614	676
614	712
614	715
614	751
614	765
614	766
614	769
614	795
615	539
615	671
615	692
615	695
615	696
615	718
615	724
615	727
615	751
615	786
615	788
615	794
615	798
616	629
616	668
616	688
616	708
616	743
616	756
616	758
616	760
616	763
616	772
616	774
616	786
616	791
617	545
617	577
617	674
617	698
617	700
617	739
617	756
617	760
617	763
617	771
617	786
617	791
617	795
618	416
618	621
618	628
618	693
618	724
618	729
618	737
618	762
618	781
618	789
618	793
618	796
618	798
619	628
619	644
619	702
619	710
619	752
619	770
619	785
619	787
619	788
619	790
619	792
619	794
619	798
620	542
620	598
620	654
620	714
620	726
620	767
620	769
620	773
620	778
620	779
620	780
620	785
620	787
621	559
621	608
621	618
621	623
621	690
621	691
621	694
621	715
621	716
621	753
621	765
621	766
621	794
622	568
622	586
622	595
622	637
622	695
622	707
622	726
622	754
622	772
622	773
622	790
622	797
622	815
623	614
623	621
623	692
623	693
623	694
623	712
623	715
623	716
623	722
623	741
623	753
623	765
623	766
624	173
624	544
624	564
624	643
624	688
624	692
624	706
624	739
624	744
624	760
624	779
624	788
624	791
625	553
625	639
625	647
625	683
625	692
625	719
625	733
625	752
625	756
625	763
625	771
625	791
625	964
626	172
626	586
626	596
626	646
626	662
626	695
626	708
626	761
626	764
626	775
626	789
626	793
626	797
627	540
627	608
627	683
627	693
627	736
627	737
627	762
627	770
627	789
627	792
627	793
627	796
627	797
628	160
628	595
628	618
628	619
628	669
628	670
628	691
628	708
628	729
628	762
628	775
628	789
628	797
629	323
629	589
629	616
629	701
629	706
629	729
629	742
629	750
629	774
629	779
629	781
629	782
629	792
630	526
630	542
630	640
630	670
630	690
630	691
630	712
630	716
630	753
630	765
630	766
630	785
630	796
631	247
631	544
631	637
631	676
631	699
631	710
631	718
631	727
631	732
631	737
631	746
631	755
631	794
631	798
632	552
632	613
632	614
632	640
632	649
632	691
632	694
632	723
632	753
632	765
632	766
632	790
632	793
632	949
633	585
633	593
633	636
633	644
633	682
633	686
633	696
633	709
633	717
633	758
633	777
633	783
633	797
633	893
634	654
634	674
634	696
634	713
634	722
634	734
634	748
634	759
634	767
634	769
634	778
634	787
634	794
634	986
635	78
635	639
635	682
635	683
635	687
635	688
635	734
635	743
635	756
635	758
635	760
635	771
635	786
635	795
636	607
636	609
636	633
636	671
636	702
636	718
636	767
636	770
636	773
636	782
636	790
636	792
636	794
636	796
637	579
637	612
637	622
637	631
637	642
637	652
637	669
637	681
637	719
637	741
637	744
637	754
637	772
637	785
638	536
638	668
638	669
638	686
638	709
638	736
638	740
638	743
638	764
638	765
638	775
638	793
638	796
638	797
639	546
639	569
639	576
639	578
639	625
639	635
639	669
639	681
639	707
639	719
639	754
639	772
639	793
639	798
640	570
640	630
640	632
640	677
640	691
640	694
640	706
640	716
640	724
640	753
640	759
640	765
640	766
640	767
641	481
641	555
641	575
641	596
641	689
641	700
641	708
641	750
641	764
641	774
641	789
641	793
641	796
641	797
642	11
642	547
642	569
642	637
642	657
642	665
642	668
642	669
642	707
642	718
642	727
642	747
642	754
642	772
643	545
643	552
643	559
643	598
643	599
643	624
643	655
643	731
643	744
643	758
643	763
643	771
643	795
643	955
644	476
644	619
644	633
644	645
644	647
644	661
644	682
644	686
644	697
644	738
644	757
644	777
644	783
644	797
645	387
645	644
645	675
645	676
645	683
645	743
645	744
645	747
645	756
645	760
645	763
645	771
645	774
645	777
645	795
646	105
646	551
646	554
646	609
646	626
646	704
646	732
646	742
646	749
646	774
646	779
646	781
646	782
646	784
646	791
647	580
647	625
647	644
647	713
647	735
647	739
647	740
647	742
647	743
647	755
647	768
647	771
647	791
647	795
647	890
648	589
648	649
648	653
648	723
648	727
648	740
648	741
648	750
648	774
648	779
648	781
648	782
648	784
648	786
648	991
649	571
649	573
649	593
649	632
649	648
649	690
649	694
649	712
649	715
649	716
649	746
649	753
649	761
649	765
649	766
650	731
650	733
650	748
650	761
650	767
650	769
650	770
650	775
650	776
650	777
650	778
650	780
650	785
650	787
650	790
651	42
651	582
651	599
651	607
651	609
651	674
651	725
651	730
651	742
651	746
651	759
651	763
651	783
651	788
651	792
652	588
652	637
652	667
652	669
652	681
652	687
652	695
652	719
652	725
652	726
652	746
652	753
652	773
652	792
652	904
653	562
653	648
653	655
653	665
653	701
653	703
653	706
653	720
653	723
653	745
653	749
653	750
653	768
653	774
653	779
654	537
654	580
654	620
654	634
654	656
654	665
654	672
654	759
654	764
654	769
654	772
654	778
654	780
654	787
654	795
655	224
655	576
655	594
655	595
655	643
655	653
655	692
655	739
655	752
655	757
655	760
655	768
655	771
655	791
655	795
656	533
656	543
656	654
656	664
656	713
656	733
656	757
656	759
656	761
656	767
656	769
656	773
656	780
656	785
656	792
657	569
657	590
657	602
657	642
657	667
657	681
657	687
657	728
657	731
657	738
657	754
657	763
657	772
657	773
657	796
658	542
658	550
658	584
658	663
658	694
658	698
658	733
658	734
658	760
658	761
658	767
658	778
658	780
658	785
658	787
659	556
659	598
659	662
659	683
659	688
659	712
659	721
659	739
659	747
659	752
659	755
659	758
659	771
659	786
659	795
660	558
660	562
660	662
660	668
660	670
660	693
660	709
660	732
660	745
660	775
660	776
660	789
660	793
660	796
660	797
661	136
661	601
661	602
661	644
661	677
661	679
661	697
661	717
661	721
661	722
661	732
661	748
661	757
661	777
661	783
661	794
662	596
662	626
662	659
662	660
662	668
662	708
662	735
662	744
662	750
662	754
662	764
662	775
662	789
662	793
662	796
662	797
663	294
663	588
663	658
663	672
663	698
663	704
663	713
663	714
663	733
663	748
663	761
663	769
663	780
663	787
663	791
663	793
664	6
664	656
664	672
664	698
664	702
664	713
664	734
664	756
664	759
664	767
664	769
664	780
664	785
664	786
664	787
664	797
665	232
665	563
665	579
665	586
665	642
665	653
665	654
665	667
665	681
665	687
665	695
665	710
665	719
665	754
665	772
665	796
666	550
666	568
666	578
666	581
666	607
666	705
666	709
666	711
666	727
666	730
666	770
666	776
666	788
666	789
666	792
666	798
667	548
667	586
667	602
667	612
667	652
667	657
667	665
667	687
667	691
667	695
667	707
667	725
667	754
667	762
667	772
667	778
668	68
668	616
668	638
668	642
668	660
668	662
668	673
668	678
668	733
668	736
668	758
668	764
668	775
668	793
668	796
668	797
669	588
669	595
669	612
669	628
669	637
669	638
669	639
669	642
669	652
669	719
669	724
669	726
669	772
669	773
669	793
669	981
670	281
670	565
670	567
670	577
670	606
670	628
670	630
670	660
670	678
670	685
670	762
670	777
670	783
670	786
670	796
670	797
671	124
671	567
671	609
671	615
671	636
671	680
671	710
671	727
671	734
671	751
671	769
671	776
671	784
671	792
671	794
671	798
672	76
672	558
672	565
672	654
672	663
672	664
672	689
672	714
672	736
672	759
672	761
672	776
672	780
672	784
672	785
672	787
673	443
673	553
673	593
673	668
673	677
673	686
673	697
673	721
673	722
673	757
673	769
673	777
673	780
673	783
673	787
673	788
673	793
674	566
674	579
674	603
674	617
674	634
674	651
674	697
674	702
674	710
674	727
674	751
674	776
674	788
674	790
674	792
674	793
674	950
675	591
675	604
675	645
675	711
675	713
675	731
675	735
675	744
675	747
675	755
675	756
675	760
675	763
675	768
675	770
675	795
675	796
676	307
676	543
676	589
676	614
676	631
676	645
676	692
676	697
676	711
676	724
676	730
676	770
676	783
676	788
676	790
676	794
676	798
677	452
677	573
677	640
677	661
677	673
677	679
677	684
677	695
677	696
677	697
677	717
677	722
677	754
677	756
677	777
677	783
677	796
678	518
678	577
678	668
678	670
678	684
678	700
678	737
678	740
678	744
678	750
678	762
678	764
678	770
678	778
678	789
678	796
678	797
679	305
679	573
679	661
679	677
679	682
679	684
679	688
679	698
679	714
679	717
679	721
679	731
679	738
679	757
679	776
679	777
679	783
680	579
680	611
680	612
680	671
680	731
680	733
680	734
680	748
680	759
680	761
680	767
680	769
680	778
680	780
680	782
680	785
680	851
681	558
681	574
681	579
681	603
681	637
681	639
681	652
681	657
681	665
681	687
681	719
681	726
681	755
681	768
681	772
681	773
681	792
682	478
682	553
682	593
682	601
682	633
682	635
682	644
682	679
682	694
682	697
682	716
682	721
682	726
682	738
682	757
682	772
682	777
682	783
683	544
683	557
683	597
683	625
683	627
683	635
683	645
683	659
683	685
683	714
683	722
683	733
683	758
683	763
683	768
683	771
683	786
683	795
684	83
684	561
684	581
684	587
684	600
684	677
684	678
684	679
684	696
684	703
684	717
684	721
684	722
684	738
684	747
684	777
684	783
684	797
685	155
685	575
685	585
685	598
685	599
685	670
685	683
685	709
685	736
685	737
685	739
685	740
685	762
685	775
685	782
685	789
685	793
685	796
686	507
686	573
686	587
686	592
686	633
686	638
686	644
686	673
686	696
686	717
686	722
686	738
686	744
686	757
686	758
686	761
686	777
686	788
687	558
687	585
687	588
687	590
687	635
687	652
687	657
687	665
687	667
687	681
687	694
687	707
687	719
687	730
687	754
687	773
687	786
687	998
688	545
688	591
688	597
688	601
688	616
688	624
688	635
688	659
688	679
688	736
688	739
688	748
688	752
688	758
688	768
688	784
688	786
688	791
689	402
689	578
689	583
689	600
689	641
689	672
689	697
689	731
689	734
689	755
689	757
689	761
689	767
689	769
689	778
689	780
689	785
689	787
690	69
690	550
690	570
690	597
690	621
690	630
690	649
690	694
690	704
690	712
690	715
690	716
690	737
690	741
690	753
690	765
690	766
690	797
691	516
691	552
691	571
691	621
691	628
691	630
691	632
691	640
691	667
691	694
691	710
691	712
691	715
691	716
691	765
691	766
691	776
691	778
692	272
692	569
692	581
692	615
692	623
692	624
692	625
692	655
692	676
692	722
692	735
692	747
692	752
692	755
692	760
692	763
692	791
692	795
693	208
693	554
693	555
693	618
693	623
693	627
693	660
693	700
693	702
693	730
693	737
693	740
693	764
693	770
693	775
693	781
693	789
693	796
693	797
694	517
694	550
694	608
694	612
694	621
694	623
694	632
694	640
694	649
694	658
694	682
694	687
694	690
694	691
694	712
694	753
694	765
694	766
694	777
695	547
695	565
695	586
695	590
695	595
695	615
695	622
695	626
695	652
695	665
695	667
695	677
695	719
695	726
695	739
695	772
695	773
695	788
695	883
696	311
696	574
696	615
696	633
696	634
696	677
696	684
696	686
696	697
696	705
696	713
696	721
696	722
696	738
696	740
696	747
696	757
696	777
696	783
697	547
697	592
697	593
697	644
697	661
697	673
697	674
697	676
697	677
697	682
697	689
697	696
697	717
697	757
697	768
697	777
697	783
697	794
697	952
698	573
698	617
698	658
698	663
698	664
698	679
698	714
698	718
698	731
698	734
698	748
698	759
698	761
698	765
698	778
698	780
698	785
698	787
698	790
699	413
699	597
699	599
699	607
699	609
699	631
699	705
699	724
699	732
699	739
699	742
699	755
699	770
699	778
699	783
699	788
699	790
699	794
699	798
700	531
700	598
700	606
700	610
700	617
700	641
700	678
700	693
700	701
700	708
700	736
700	764
700	767
700	772
700	775
700	792
700	793
700	795
700	796
701	549
701	571
701	581
701	584
701	629
701	653
701	700
701	704
701	706
701	720
701	723
701	728
701	745
701	774
701	781
701	782
701	784
701	794
701	795
702	274
702	582
702	599
702	603
702	619
702	636
702	664
702	674
702	693
702	718
702	722
702	741
702	751
702	752
702	770
702	776
702	792
702	794
702	797
702	798
703	470
703	557
703	560
703	566
703	653
703	684
703	704
703	728
703	740
703	741
703	745
703	748
703	749
703	755
703	774
703	779
703	781
703	782
703	784
703	794
704	565
704	581
704	646
704	663
704	690
704	701
704	703
704	720
704	741
704	742
704	745
704	771
704	774
704	779
704	780
704	781
704	784
704	787
704	798
704	917
705	176
705	575
705	582
705	666
705	696
705	699
705	721
705	723
705	727
705	730
705	732
705	746
705	757
705	776
705	784
705	790
705	792
705	794
705	796
705	798
706	482
706	565
706	581
706	624
706	629
706	640
706	653
706	701
706	728
706	739
706	742
706	745
706	749
706	750
706	760
706	774
706	775
706	781
706	784
706	785
707	193
707	546
707	570
707	576
707	579
707	583
707	610
707	612
707	622
707	639
707	642
707	667
707	687
707	721
707	726
707	754
707	759
707	765
707	772
707	773
708	484
708	567
708	616
708	626
708	628
708	641
708	662
708	700
708	732
708	737
708	740
708	751
708	767
708	775
708	783
708	789
708	792
708	793
708	796
708	797
709	31
709	548
709	567
709	585
709	633
709	638
709	660
709	666
709	685
709	711
709	737
709	762
709	764
709	775
709	776
709	787
709	792
709	793
709	796
709	797
710	606
710	619
710	631
710	665
710	671
710	674
710	691
710	725
710	732
710	735
710	770
710	776
710	786
710	788
710	790
710	792
710	794
710	796
710	798
710	973
711	556
711	582
711	603
711	605
711	606
711	608
711	666
711	675
711	676
711	709
711	717
711	737
711	770
711	772
711	776
711	788
711	792
711	794
711	798
711	932
712	570
712	604
712	614
712	623
712	630
712	649
712	659
712	690
712	691
712	694
712	715
712	716
712	737
712	753
712	765
712	766
712	774
712	775
712	788
712	789
712	969
713	600
713	634
713	647
713	656
713	663
713	664
713	675
713	696
713	733
713	734
713	759
713	761
713	767
713	769
713	777
713	778
713	780
713	785
713	791
713	793
713	985
714	532
714	620
714	663
714	672
714	679
714	683
714	698
714	723
714	731
714	733
714	744
714	748
714	765
714	766
714	767
714	769
714	778
714	780
714	785
714	786
714	787
715	469
715	545
715	549
715	550
715	552
715	566
715	571
715	601
715	604
715	605
715	606
715	614
715	621
715	623
715	649
715	690
715	691
715	712
715	753
715	765
715	766
716	543
716	550
716	604
716	621
716	623
716	630
716	640
716	649
716	682
716	690
716	691
716	712
716	719
716	751
716	753
716	764
716	765
716	766
716	768
716	781
716	930
717	422
717	574
717	601
717	611
717	633
717	661
717	677
717	679
717	684
717	686
717	697
717	711
717	721
717	733
717	752
717	757
717	767
717	774
717	777
717	783
717	794
718	119
718	543
718	566
718	590
718	611
718	615
718	631
718	636
718	642
718	698
718	702
718	735
718	751
718	756
718	775
718	776
718	788
718	790
718	792
718	794
718	798
719	477
719	579
719	590
719	595
719	602
719	625
719	637
719	639
719	652
719	665
719	669
719	681
719	687
719	695
719	716
719	739
719	740
719	771
719	773
719	792
719	881
720	29
720	581
720	600
720	607
720	613
720	653
720	701
720	704
720	721
720	723
720	728
720	730
720	745
720	750
720	776
720	779
720	781
720	782
720	784
720	790
720	797
721	561
721	592
721	605
721	659
721	661
721	673
721	679
721	682
721	684
721	696
721	705
721	707
721	717
721	720
721	722
721	738
721	746
721	757
721	777
721	783
721	957
722	553
722	574
722	601
722	623
722	634
722	661
722	673
722	677
722	683
722	684
722	686
722	692
722	696
722	702
722	721
722	738
722	767
722	777
722	781
722	783
722	954
723	230
723	568
723	632
723	648
723	653
723	701
723	705
723	714
723	720
723	727
723	741
723	742
723	750
723	756
723	774
723	779
723	780
723	781
723	782
723	784
723	791
724	99
724	543
724	597
724	605
724	608
724	611
724	615
724	618
724	640
724	669
724	676
724	699
724	727
724	746
724	750
724	751
724	770
724	776
724	790
724	793
724	794
725	568
725	578
725	589
725	603
725	604
725	605
725	607
725	609
725	651
725	652
725	667
725	710
725	730
725	738
725	746
725	762
725	771
725	790
725	792
725	794
725	798
725	995
726	558
726	569
726	595
726	597
726	602
726	612
726	620
726	622
726	652
726	669
726	681
726	682
726	695
726	707
726	734
726	736
726	743
726	752
726	754
726	772
726	773
726	982
727	49
727	578
727	605
727	615
727	631
727	642
727	648
727	666
727	671
727	674
727	705
727	723
727	724
727	730
727	744
727	761
727	767
727	770
727	788
727	790
727	794
727	798
728	563
728	580
728	609
728	657
728	701
728	703
728	706
728	720
728	741
728	742
728	745
728	747
728	749
728	750
728	774
728	780
728	781
728	782
728	784
728	791
728	797
728	985
729	345
729	574
729	594
729	596
729	610
729	618
729	628
729	629
729	736
729	737
729	740
729	745
729	751
729	760
729	762
729	764
729	775
729	789
729	793
729	796
729	797
729	798
730	186
730	556
730	611
730	651
730	666
730	676
730	687
730	693
730	705
730	720
730	725
730	727
730	732
730	756
730	757
730	770
730	771
730	776
730	788
730	790
730	794
730	798
731	542
731	580
731	643
731	650
731	657
731	675
731	679
731	680
731	689
731	698
731	714
731	734
731	748
731	759
731	761
731	767
731	769
731	778
731	779
731	783
731	785
731	795
731	939
732	253
732	549
732	575
732	590
732	591
732	608
732	631
732	646
732	660
732	661
732	699
732	705
732	708
732	710
732	730
732	746
732	769
732	776
732	788
732	790
732	792
732	794
732	798
733	428
733	625
733	650
733	656
733	658
733	663
733	668
733	680
733	683
733	713
733	714
733	717
733	755
733	759
733	761
733	767
733	774
733	778
733	780
733	785
733	787
733	788
733	974
734	535
734	550
734	596
734	634
734	635
734	658
734	664
734	671
734	680
734	689
734	698
734	713
734	726
734	731
734	738
734	748
734	759
734	763
734	767
734	769
734	778
734	785
734	787
735	504
735	559
735	560
735	584
735	647
735	662
735	675
735	692
735	710
735	718
735	737
735	739
735	747
735	752
735	755
735	763
735	764
735	768
735	771
735	784
735	786
735	791
735	795
736	317
736	552
736	562
736	572
736	583
736	627
736	638
736	668
736	672
736	685
736	688
736	700
736	726
736	729
736	740
736	762
736	764
736	779
736	789
736	793
736	796
736	797
736	988
737	507
737	567
737	577
737	586
737	598
737	618
737	627
737	631
737	678
737	685
737	690
737	693
737	708
737	709
737	711
737	712
737	729
737	735
737	764
737	783
737	789
737	793
737	797
738	544
738	561
738	573
738	582
738	587
738	593
738	644
738	657
738	679
738	682
738	684
738	686
738	696
738	721
738	722
738	725
738	734
738	745
738	757
738	777
738	783
738	791
738	833
738	938
739	544
739	559
739	564
739	584
739	617
739	624
739	647
739	655
739	659
739	685
739	688
739	695
739	699
739	706
739	719
739	735
739	752
739	755
739	763
739	768
739	772
739	785
739	791
739	879
740	548
740	554
740	606
740	610
740	638
740	647
740	648
740	678
740	685
740	693
740	696
740	703
740	708
740	719
740	729
740	736
740	764
740	775
740	777
740	789
740	793
740	796
740	797
740	859
741	486
741	551
741	554
741	560
741	564
741	565
741	576
741	613
741	623
741	637
741	648
741	690
741	702
741	703
741	704
741	723
741	728
741	745
741	749
741	750
741	774
741	781
741	782
741	784
742	60
742	237
742	563
742	572
742	590
742	613
742	629
742	646
742	647
742	651
742	699
742	704
742	706
742	723
742	728
742	744
742	749
742	750
742	774
742	779
742	781
742	782
742	784
742	792
743	545
743	548
743	551
743	616
743	635
743	638
743	645
743	647
743	726
743	744
743	747
743	755
743	756
743	758
743	763
743	768
743	770
743	786
743	787
743	788
743	791
743	795
743	796
743	916
744	32
744	551
744	572
744	584
744	624
744	637
744	643
744	645
744	662
744	675
744	678
744	686
744	714
744	727
744	742
744	743
744	747
744	756
744	758
744	760
744	768
744	771
744	786
744	795
745	459
745	557
745	568
745	653
745	660
745	701
745	703
745	704
745	706
745	720
745	728
745	729
745	738
745	741
745	749
745	750
745	773
745	774
745	779
745	781
745	782
745	783
745	784
745	785
745	790
746	59
746	555
746	569
746	599
746	603
746	605
746	607
746	611
746	631
746	649
746	651
746	652
746	705
746	721
746	724
746	725
746	732
746	751
746	763
746	770
746	776
746	790
746	791
746	792
746	798
747	511
747	558
747	572
747	601
747	642
747	645
747	659
747	675
747	684
747	692
747	696
747	728
747	735
747	743
747	744
747	756
747	758
747	760
747	763
747	768
747	771
747	783
747	786
747	790
747	795
747	887
748	100
748	560
748	580
748	582
748	583
748	610
748	634
748	650
748	661
748	663
748	680
748	688
748	698
748	703
748	714
748	731
748	734
748	759
748	761
748	767
748	769
748	778
748	780
748	785
748	787
748	792
749	73
749	557
749	563
749	564
749	568
749	570
749	576
749	578
749	583
749	601
749	646
749	653
749	703
749	706
749	728
749	741
749	742
749	745
749	750
749	758
749	760
749	774
749	779
749	781
749	782
749	784
750	425
750	554
750	592
750	613
750	629
750	641
750	648
750	653
750	662
750	678
750	706
750	720
750	723
750	724
750	728
750	741
750	742
750	745
750	749
750	767
750	774
750	777
750	781
750	782
750	784
750	787
751	44
751	154
751	543
751	566
751	575
751	609
751	614
751	615
751	671
751	674
751	702
751	708
751	716
751	718
751	724
751	729
751	746
751	754
751	761
751	770
751	776
751	778
751	790
751	792
751	794
751	798
752	324
752	534
752	551
752	597
752	619
752	625
752	655
752	659
752	688
752	692
752	702
752	717
752	726
752	735
752	739
752	754
752	755
752	756
752	758
752	760
752	763
752	765
752	769
752	771
752	786
752	789
752	795
753	550
753	552
753	570
753	571
753	604
753	621
753	623
753	630
753	632
753	640
753	649
753	652
753	690
753	694
753	712
753	715
753	716
753	760
753	764
753	765
753	766
753	769
753	776
753	779
753	781
753	782
753	968
754	370
754	546
754	547
754	553
754	561
754	575
754	576
754	579
754	590
754	595
754	622
754	637
754	639
754	642
754	657
754	662
754	665
754	667
754	677
754	687
754	707
754	726
754	751
754	752
754	766
754	772
754	773
754	908
755	584
755	594
755	631
755	647
755	659
755	675
755	681
755	689
755	692
755	699
755	703
755	733
755	735
755	739
755	743
755	752
755	756
755	758
755	760
755	763
755	765
755	766
755	771
755	786
755	790
755	791
755	795
755	929
756	177
756	551
756	597
756	603
756	616
756	617
756	625
756	635
756	645
756	664
756	675
756	677
756	718
756	723
756	730
756	743
756	744
756	747
756	752
756	755
756	758
756	761
756	768
756	771
756	786
756	791
756	792
756	795
756	807
757	40
757	196
757	561
757	573
757	587
757	592
757	593
757	601
757	605
757	644
757	655
757	656
757	661
757	673
757	679
757	682
757	686
757	689
757	696
757	697
757	705
757	717
757	721
757	730
757	738
757	777
757	783
757	787
757	798
758	551
758	559
758	584
758	591
758	602
758	603
758	616
758	633
758	635
758	643
758	659
758	668
758	683
758	686
758	688
758	743
758	744
758	747
758	749
758	752
758	755
758	756
758	760
758	768
758	778
758	786
758	793
758	795
758	860
759	126
759	423
759	546
759	557
759	580
759	600
759	612
759	634
759	640
759	651
759	654
759	656
759	664
759	672
759	680
759	698
759	707
759	713
759	731
759	733
759	734
759	748
759	769
759	778
759	779
759	780
759	784
759	785
759	787
760	284
760	564
760	616
760	617
760	624
760	635
760	645
760	655
760	658
760	675
760	692
760	706
760	729
760	744
760	747
760	749
760	752
760	753
760	755
760	758
760	768
760	771
760	779
760	785
760	786
760	790
760	791
760	792
760	795
761	297
761	438
761	542
761	583
761	591
761	600
761	626
761	649
761	650
761	656
761	658
761	663
761	672
761	680
761	686
761	689
761	698
761	713
761	727
761	731
761	733
761	748
761	751
761	756
761	769
761	778
761	779
761	780
761	787
762	539
762	577
762	585
762	596
762	598
762	603
762	610
762	618
762	627
762	628
762	667
762	670
762	678
762	685
762	709
762	725
762	729
762	736
762	769
762	775
762	786
762	787
762	789
762	791
762	793
762	794
762	796
762	797
762	884
763	342
763	559
763	566
763	584
763	594
763	616
763	617
763	625
763	643
763	645
763	651
763	657
763	675
763	683
763	692
763	734
763	735
763	739
763	743
763	746
763	747
763	752
763	755
763	765
763	766
763	771
763	775
763	791
763	795
763	796
764	156
764	548
764	551
764	585
764	602
764	606
764	607
764	626
764	638
764	641
764	654
764	662
764	668
764	678
764	693
764	700
764	709
764	716
764	729
764	735
764	736
764	737
764	740
764	753
764	785
764	789
764	791
764	793
764	795
764	797
765	519
765	552
765	555
765	570
765	571
765	604
765	614
765	621
765	623
765	630
765	632
765	638
765	640
765	649
765	690
765	691
765	694
765	698
765	707
765	712
765	714
765	715
765	716
765	752
765	753
765	755
765	763
765	766
765	770
765	989
766	43
766	316
766	547
766	550
766	552
766	556
766	562
766	570
766	571
766	604
766	605
766	614
766	621
766	623
766	630
766	632
766	640
766	649
766	690
766	691
766	694
766	712
766	714
766	715
766	716
766	753
766	754
766	755
766	763
766	765
766	793
767	542
767	600
767	620
767	634
767	636
767	640
767	650
767	656
767	658
767	664
767	680
767	689
767	700
767	708
767	713
767	714
767	717
767	722
767	727
767	731
767	733
767	734
767	748
767	750
767	769
767	771
767	780
767	785
767	787
767	795
767	870
767	976
768	289
768	483
768	544
768	563
768	564
768	572
768	582
768	591
768	597
768	647
768	653
768	655
768	675
768	681
768	683
768	688
768	697
768	716
768	735
768	739
768	743
768	744
768	747
768	756
768	758
768	760
768	771
768	778
768	779
768	786
768	791
768	794
769	122
769	373
769	583
769	592
769	614
769	620
769	634
769	650
769	654
769	656
769	663
769	664
769	671
769	673
769	680
769	689
769	713
769	714
769	731
769	732
769	734
769	748
769	752
769	753
769	759
769	761
769	762
769	767
769	778
769	785
769	787
769	790
770	474
770	549
770	583
770	609
770	611
770	619
770	627
770	636
770	650
770	666
770	675
770	676
770	678
770	693
770	699
770	702
770	710
770	711
770	724
770	727
770	730
770	743
770	746
770	751
770	765
770	776
770	781
770	788
770	792
770	794
770	798
770	914
771	242
771	564
771	579
771	617
771	625
771	635
771	643
771	645
771	647
771	655
771	659
771	683
771	704
771	719
771	725
771	730
771	735
771	744
771	747
771	752
771	755
771	756
771	760
771	763
771	767
771	768
771	775
771	780
771	784
771	789
771	791
771	795
772	235
772	508
772	558
772	569
772	576
772	590
772	591
772	595
772	602
772	616
772	622
772	637
772	639
772	642
772	654
772	657
772	665
772	667
772	669
772	681
772	682
772	695
772	700
772	707
772	711
772	726
772	739
772	754
772	773
772	774
772	780
772	796
773	408
773	546
773	547
773	558
773	579
773	586
773	587
773	588
773	590
773	595
773	612
773	620
773	622
773	636
773	652
773	656
773	657
773	669
773	681
773	687
773	695
773	707
773	719
773	726
773	745
773	754
773	772
773	778
773	782
773	790
773	791
773	794
774	15
774	554
774	560
774	565
774	586
774	595
774	616
774	629
774	641
774	645
774	646
774	648
774	653
774	701
774	703
774	704
774	706
774	712
774	717
774	723
774	728
774	733
774	741
774	742
774	745
774	749
774	750
774	772
774	779
774	781
774	782
774	784
774	795
775	118
775	548
775	552
775	555
775	567
775	577
775	607
775	610
775	626
775	628
775	638
775	650
775	660
775	662
775	668
775	685
775	693
775	700
775	706
775	708
775	709
775	712
775	718
775	729
775	740
775	762
775	763
775	771
775	778
775	787
775	789
775	793
775	796
775	797
776	77
776	564
776	578
776	582
776	596
776	605
776	609
776	650
776	660
776	666
776	671
776	672
776	674
776	679
776	691
776	702
776	705
776	709
776	710
776	711
776	718
776	720
776	724
776	730
776	732
776	746
776	751
776	753
776	770
776	790
776	792
776	794
776	798
776	839
777	546
777	553
777	561
777	573
777	574
777	587
777	592
777	593
777	595
777	633
777	644
777	645
777	650
777	661
777	670
777	673
777	677
777	679
777	682
777	684
777	686
777	694
777	696
777	697
777	713
777	717
777	721
777	722
777	738
777	740
777	750
777	757
777	780
777	783
777	977
778	266
778	503
778	580
778	583
778	607
778	620
778	634
778	650
778	654
778	658
778	667
778	678
778	680
778	689
778	691
778	698
778	699
778	713
778	714
778	731
778	733
778	734
778	748
778	751
778	758
778	759
778	761
778	768
778	769
778	773
778	775
778	780
778	785
778	787
778	798
779	395
779	481
779	554
779	557
779	560
779	563
779	568
779	581
779	600
779	613
779	620
779	624
779	629
779	646
779	648
779	653
779	703
779	704
779	720
779	723
779	731
779	736
779	742
779	745
779	749
779	753
779	759
779	760
779	761
779	768
779	774
779	781
779	782
779	784
779	796
780	391
780	542
780	561
780	580
780	600
780	611
780	620
780	650
780	654
780	656
780	658
780	663
780	664
780	672
780	673
780	680
780	689
780	698
780	704
780	713
780	714
780	723
780	728
780	733
780	748
780	759
780	761
780	767
780	771
780	772
780	777
780	778
780	782
780	785
780	787
780	798
781	84
781	539
781	544
781	545
781	557
781	560
781	563
781	568
781	580
781	581
781	602
781	613
781	618
781	629
781	646
781	648
781	693
781	701
781	703
781	704
781	706
781	716
781	720
781	722
781	723
781	728
781	741
781	742
781	745
781	749
781	750
781	753
781	770
781	774
781	779
781	782
782	554
782	557
782	559
782	560
782	565
782	568
782	581
782	613
782	629
782	636
782	646
782	648
782	680
782	685
782	701
782	703
782	720
782	723
782	728
782	741
782	742
782	745
782	749
782	750
782	753
782	773
782	774
782	779
782	780
782	781
782	784
782	785
782	788
782	789
782	795
782	867
783	138
783	553
783	561
783	573
783	574
783	587
783	592
783	601
783	633
783	644
783	651
783	661
783	670
783	673
783	676
783	677
783	679
783	682
783	684
783	696
783	697
783	699
783	708
783	717
783	721
783	722
783	731
783	737
783	738
783	745
783	747
783	757
783	777
783	789
783	795
783	963
784	520
784	531
784	554
784	557
784	563
784	565
784	568
784	569
784	576
784	581
784	594
784	613
784	646
784	648
784	671
784	672
784	688
784	701
784	703
784	704
784	705
784	706
784	720
784	723
784	728
784	735
784	741
784	742
784	745
784	749
784	750
784	759
784	771
784	774
784	779
784	782
784	798
785	466
785	534
785	563
785	580
785	583
785	591
785	600
785	619
785	620
785	630
785	637
785	650
785	656
785	658
785	664
785	672
785	680
785	689
785	698
785	706
785	713
785	714
785	731
785	733
785	734
785	739
785	745
785	748
785	759
785	760
785	764
785	767
785	769
785	778
785	780
785	782
785	787
786	541
786	544
786	559
786	564
786	572
786	584
786	588
786	597
786	615
786	616
786	617
786	635
786	648
786	659
786	664
786	670
786	683
786	687
786	688
786	710
786	714
786	735
786	743
786	744
786	747
786	752
786	755
786	756
786	758
786	760
786	762
786	768
786	787
786	789
786	791
786	795
786	849
787	262
787	511
787	542
787	583
787	594
787	600
787	619
787	620
787	634
787	650
787	654
787	658
787	663
787	664
787	672
787	673
787	689
787	698
787	704
787	709
787	714
787	733
787	734
787	743
787	748
787	750
787	757
787	759
787	761
787	762
787	767
787	769
787	775
787	778
787	780
787	785
787	786
788	271
788	543
788	549
788	566
788	578
788	582
788	589
788	593
788	598
788	604
788	605
788	615
788	619
788	624
788	651
788	666
788	673
788	674
788	676
788	686
788	695
788	699
788	710
788	711
788	712
788	718
788	727
788	730
788	732
788	733
788	743
788	770
788	782
788	789
788	792
788	794
788	798
788	990
789	191
789	543
789	555
789	562
789	574
789	577
789	599
789	610
789	618
789	626
789	627
789	628
789	641
789	660
789	662
789	666
789	678
789	685
789	693
789	708
789	712
789	729
789	736
789	737
789	740
789	752
789	762
789	764
789	771
789	775
789	782
789	783
789	786
789	788
789	793
789	796
789	797
789	798
789	995
790	66
790	476
790	549
790	556
790	566
790	578
790	599
790	608
790	611
790	619
790	622
790	632
790	636
790	650
790	674
790	676
790	698
790	699
790	705
790	710
790	718
790	720
790	724
790	725
790	727
790	730
790	732
790	745
790	746
790	747
790	751
790	755
790	760
790	769
790	773
790	776
790	794
790	797
790	798
791	545
791	551
791	564
791	567
791	585
791	591
791	594
791	597
791	616
791	617
791	624
791	625
791	646
791	647
791	655
791	663
791	688
791	692
791	713
791	723
791	728
791	735
791	738
791	739
791	743
791	746
791	755
791	756
791	760
791	762
791	763
791	764
791	768
791	771
791	773
791	786
791	795
791	803
791	977
792	447
792	556
792	575
792	578
792	589
792	599
792	603
792	605
792	607
792	611
792	619
792	627
792	629
792	636
792	651
792	652
792	656
792	666
792	671
792	674
792	681
792	700
792	702
792	705
792	708
792	709
792	710
792	711
792	718
792	719
792	725
792	732
792	742
792	746
792	748
792	751
792	756
792	760
792	770
792	776
792	788
792	794
792	866
793	104
793	524
793	547
793	548
793	555
793	562
793	584
793	585
793	598
793	606
793	612
793	618
793	626
793	627
793	632
793	638
793	639
793	641
793	660
793	662
793	663
793	668
793	669
793	673
793	674
793	685
793	700
793	708
793	709
793	713
793	724
793	729
793	736
793	737
793	740
793	758
793	762
793	764
793	766
793	775
793	789
793	796
793	797
793	798
794	92
794	549
794	555
794	556
794	572
794	575
794	582
794	587
794	608
794	611
794	615
794	619
794	621
794	631
794	634
794	636
794	661
794	671
794	676
794	697
794	699
794	701
794	702
794	703
794	705
794	710
794	711
794	717
794	718
794	724
794	725
794	727
794	730
794	732
794	751
794	762
794	768
794	770
794	773
794	776
794	788
794	790
794	792
794	798
794	992
795	294
795	496
795	544
795	545
795	572
795	584
795	591
795	594
795	597
795	613
795	614
795	617
795	635
795	643
795	645
795	647
795	654
795	655
795	659
795	675
795	683
795	692
795	700
795	701
795	731
795	735
795	743
795	744
795	747
795	752
795	755
795	756
795	758
795	760
795	763
795	764
795	767
795	771
795	774
795	782
795	783
795	786
795	791
795	797
795	798
795	951
796	204
796	340
796	434
796	555
796	562
796	567
796	585
796	589
796	596
796	598
796	606
796	610
796	618
796	627
796	630
796	636
796	638
796	641
796	657
796	660
796	662
796	665
796	668
796	670
796	675
796	677
796	678
796	685
796	693
796	700
796	705
796	708
796	709
796	710
796	729
796	736
796	740
796	743
796	762
796	763
796	772
796	775
796	779
796	789
796	793
796	797
797	54
797	103
797	139
797	549
797	555
797	562
797	577
797	589
797	596
797	598
797	606
797	610
797	622
797	626
797	627
797	628
797	633
797	638
797	641
797	644
797	660
797	662
797	664
797	668
797	670
797	678
797	684
797	690
797	693
797	702
797	708
797	709
797	720
797	728
797	729
797	736
797	737
797	740
797	762
797	764
797	775
797	789
797	790
797	793
797	795
797	796
798	22
798	131
798	542
798	543
798	549
798	556
798	566
798	567
798	570
798	575
798	578
798	589
798	599
798	610
798	615
798	618
798	619
798	631
798	639
798	666
798	671
798	676
798	699
798	702
798	704
798	705
798	710
798	711
798	718
798	725
798	727
798	729
798	730
798	732
798	746
798	751
798	757
798	770
798	776
798	778
798	780
798	784
798	788
798	789
798	790
798	793
798	794
798	795
798	910
799	800
799	866
799	912
799	945
799	964
799	975
799	976
799	987
799	991
799	998
800	799
800	841
800	856
800	939
800	947
800	949
800	953
800	960
800	983
800	986
801	872
801	885
801	907
801	942
801	945
801	987
801	988
801	991
801	994
801	995
802	838
802	849
802	874
802	900
802	907
802	910
802	927
802	961
802	973
802	976
803	791
803	892
803	895
803	941
803	954
803	956
803	972
803	989
803	991
803	992
804	813
804	879
804	883
804	909
804	953
804	965
804	973
804	983
804	987
804	993
805	462
805	890
805	900
805	901
805	913
805	918
805	950
805	959
805	971
805	974
806	825
806	833
806	865
806	872
806	893
806	907
806	940
806	964
806	976
806	1000
807	756
807	854
807	861
807	885
807	945
807	975
807	987
807	991
807	992
807	998
808	813
808	860
808	878
808	897
808	920
808	966
808	970
808	985
808	997
808	1000
809	515
809	829
809	839
809	887
809	915
809	946
809	969
809	985
809	993
809	997
810	398
810	817
810	824
810	840
810	914
810	962
810	978
810	986
810	987
810	995
811	899
811	935
811	942
811	981
811	985
811	987
811	992
811	997
811	999
811	1000
812	864
812	921
812	938
812	939
812	955
812	971
812	979
812	983
812	989
812	996
813	123
813	804
813	808
813	896
813	909
813	911
813	940
813	965
813	969
813	973
813	976
814	173
814	833
814	873
814	884
814	932
814	946
814	957
814	962
814	964
814	975
814	994
815	622
815	910
815	911
815	953
815	965
815	969
815	973
815	976
815	979
815	981
815	994
816	338
816	836
816	863
816	905
816	952
816	960
816	972
816	979
816	983
816	990
816	996
817	810
817	876
817	931
817	935
817	936
817	960
817	980
817	984
817	987
817	988
817	998
818	236
818	826
818	837
818	892
818	895
818	899
818	935
818	956
818	975
818	989
818	994
819	490
819	854
819	902
819	903
819	936
819	946
819	952
819	964
819	970
819	999
819	1000
820	824
820	852
820	855
820	861
820	904
820	960
820	961
820	977
820	980
820	990
820	994
821	837
821	855
821	914
821	934
821	961
821	967
821	968
821	981
821	993
821	997
821	1000
822	839
822	843
822	876
822	953
822	966
822	979
822	980
822	986
822	989
822	996
822	1000
823	491
823	841
823	883
823	899
823	928
823	943
823	948
823	951
823	977
823	986
823	989
824	810
824	820
824	907
824	953
824	957
824	964
824	966
824	972
824	978
824	991
824	998
825	806
825	826
825	859
825	876
825	900
825	925
825	939
825	975
825	981
825	987
825	988
826	818
826	825
826	895
826	914
826	942
826	956
826	957
826	972
826	986
826	991
826	994
827	881
827	904
827	908
827	932
827	938
827	941
827	981
827	985
827	993
827	997
827	999
828	509
828	852
828	857
828	929
828	951
828	954
828	964
828	978
828	983
828	984
828	997
829	524
829	809
829	847
829	912
829	955
829	959
829	968
829	969
829	974
829	993
829	1000
830	843
830	877
830	908
830	939
830	944
830	952
830	983
830	990
830	995
830	996
830	999
831	488
831	873
831	923
831	934
831	959
831	966
831	967
831	970
831	973
831	981
831	997
832	526
832	848
832	853
832	882
832	907
832	910
832	940
832	973
832	976
832	987
832	992
833	738
833	806
833	814
833	884
833	894
833	900
833	916
833	977
833	984
833	987
833	995
834	560
834	841
834	851
834	873
834	924
834	929
834	951
834	964
834	987
834	993
834	998
835	884
835	899
835	900
835	942
835	946
835	958
835	992
835	993
835	994
835	999
835	1000
836	530
836	816
836	862
836	863
836	897
836	903
836	923
836	959
836	970
836	981
836	985
837	225
837	818
837	821
837	875
837	931
837	947
837	970
837	993
837	997
837	999
837	1000
838	802
838	854
838	874
838	893
838	907
838	946
838	953
838	965
838	973
838	974
838	976
839	776
839	809
839	822
839	961
839	970
839	977
839	981
839	983
839	988
839	989
839	990
839	996
840	276
840	810
840	846
840	881
840	900
840	901
840	970
840	975
840	979
840	984
840	986
840	987
841	475
841	800
841	823
841	834
841	843
841	904
841	937
841	960
841	977
841	984
841	986
841	999
842	519
842	881
842	930
842	935
842	945
842	957
842	971
842	975
842	977
842	991
842	994
842	995
843	822
843	830
843	841
843	879
843	886
843	892
843	899
843	912
843	921
843	936
843	939
843	975
844	53
844	860
844	900
844	916
844	919
844	930
844	975
844	978
844	983
844	984
844	987
844	995
845	847
845	888
845	898
845	931
845	972
845	978
845	984
845	987
845	988
845	989
845	995
845	1000
846	840
846	892
846	898
846	939
846	944
846	951
846	975
846	988
846	991
846	994
846	998
846	1000
847	829
847	845
847	915
847	918
847	943
847	950
847	955
847	968
847	969
847	971
847	974
847	978
848	527
848	832
848	886
848	905
848	909
848	922
848	956
848	972
848	984
848	987
848	994
848	998
849	786
849	802
849	859
849	865
849	866
849	907
849	911
849	918
849	953
849	965
849	976
849	990
850	41
850	859
850	924
850	938
850	947
850	951
850	954
850	963
850	970
850	979
850	980
850	990
851	680
851	834
851	871
851	891
851	893
851	931
851	935
851	961
851	972
851	988
851	994
851	998
852	153
852	820
852	828
852	877
852	890
852	901
852	918
852	950
852	956
852	964
852	988
852	998
853	165
853	832
853	865
853	879
853	909
853	932
853	933
853	953
853	965
853	976
853	990
853	995
854	807
854	819
854	838
854	876
854	923
854	942
854	981
854	984
854	992
854	993
854	997
854	1000
855	820
855	821
855	880
855	939
855	946
855	947
855	955
855	960
855	962
855	977
855	989
855	996
856	800
856	896
856	906
856	950
856	955
856	959
856	968
856	969
856	971
856	974
856	978
856	985
857	162
857	828
857	890
857	908
857	952
857	963
857	972
857	987
857	988
857	993
857	994
857	995
858	409
858	886
858	894
858	932
858	934
858	945
858	958
858	970
858	982
858	985
858	992
858	999
859	740
859	825
859	849
859	850
859	872
859	907
859	909
859	911
859	930
859	965
859	973
859	976
859	993
860	758
860	808
860	844
860	905
860	918
860	921
860	943
860	950
860	959
860	968
860	969
860	971
860	974
861	456
861	807
861	820
861	963
861	974
861	980
861	982
861	983
861	989
861	990
861	991
861	995
861	996
862	836
862	913
862	921
862	926
862	927
862	950
862	959
862	968
862	969
862	971
862	974
862	988
862	993
863	816
863	836
863	958
863	963
863	967
863	970
863	977
863	981
863	982
863	992
863	993
863	997
863	999
864	812
864	867
864	888
864	894
864	928
864	942
864	958
864	967
864	983
864	993
864	997
864	999
864	1000
865	293
865	806
865	849
865	853
865	872
865	874
865	915
865	940
865	953
865	956
865	973
865	974
865	976
866	792
866	799
866	849
866	880
866	924
866	948
866	960
866	962
866	967
866	970
866	989
866	990
866	996
867	782
867	864
867	877
867	878
867	880
867	889
867	926
867	928
867	935
867	967
867	981
867	993
867	998
868	917
868	926
868	932
868	934
868	947
868	966
868	977
868	985
868	992
868	993
868	997
868	999
868	1000
869	495
869	891
869	906
869	919
869	955
869	956
869	959
869	968
869	969
869	971
869	972
869	974
869	981
870	767
870	873
870	904
870	917
870	937
870	946
870	950
870	955
870	959
870	968
870	969
870	971
870	974
871	851
871	892
871	916
871	933
871	961
871	971
871	984
871	985
871	987
871	988
871	994
871	996
871	998
872	528
872	801
872	806
872	859
872	865
872	909
872	911
872	940
872	965
872	973
872	976
872	998
872	1000
873	814
873	831
873	834
873	870
873	890
873	929
873	943
873	961
873	964
873	988
873	994
873	995
873	998
874	164
874	802
874	838
874	865
874	882
874	910
874	923
874	953
874	965
874	973
874	979
874	982
874	996
875	837
875	898
875	966
875	978
875	980
875	981
875	984
875	985
875	987
875	993
875	997
875	999
875	1000
876	167
876	817
876	822
876	825
876	854
876	895
876	925
876	931
876	964
876	965
876	972
876	982
876	987
877	830
877	852
877	867
877	889
877	894
877	924
877	940
877	947
877	951
877	963
877	979
877	982
877	983
877	996
878	808
878	867
878	901
878	913
878	916
878	922
878	930
878	932
878	968
878	981
878	993
878	997
878	999
878	1000
879	739
879	804
879	843
879	853
879	893
879	911
879	940
879	950
879	953
879	955
879	957
879	965
879	973
879	976
880	513
880	855
880	866
880	867
880	933
880	940
880	941
880	944
880	958
880	960
880	977
880	986
880	989
880	990
881	719
881	827
881	840
881	842
881	898
881	929
881	942
881	954
881	956
881	957
881	978
881	991
881	993
881	996
882	832
882	874
882	900
882	907
882	909
882	910
882	940
882	953
882	962
882	965
882	973
882	976
882	979
882	990
883	695
883	804
883	823
883	907
883	909
883	910
883	913
883	915
883	940
883	953
883	965
883	973
883	976
883	1000
884	762
884	814
884	833
884	835
884	908
884	916
884	929
884	945
884	956
884	972
884	978
884	983
884	997
884	998
885	801
885	807
885	896
885	920
885	930
885	931
885	954
885	964
885	983
885	984
885	988
885	995
885	996
885	998
886	843
886	848
886	858
886	904
886	941
886	952
886	960
886	962
886	963
886	977
886	982
886	986
886	988
886	989
886	998
887	747
887	809
887	928
887	934
887	944
887	959
887	966
887	969
887	981
887	983
887	992
887	993
887	997
887	999
887	1000
888	265
888	845
888	864
888	908
888	920
888	923
888	933
888	934
888	939
888	948
888	953
888	962
888	982
888	983
888	986
889	464
889	867
889	877
889	928
889	932
889	937
889	966
889	982
889	985
889	989
889	992
889	993
889	997
889	998
889	999
890	647
890	805
890	852
890	857
890	873
890	931
890	944
890	954
890	956
890	971
890	973
890	990
890	991
890	995
890	1000
891	540
891	851
891	869
891	917
891	921
891	943
891	950
891	953
891	955
891	959
891	962
891	968
891	969
891	971
891	974
892	451
892	803
892	818
892	843
892	846
892	871
892	915
892	925
892	931
892	935
892	962
892	965
892	991
892	994
892	995
893	633
893	806
893	838
893	851
893	879
893	909
893	911
893	938
893	940
893	965
893	967
893	973
893	976
893	991
893	998
894	833
894	858
894	864
894	877
894	899
894	933
894	941
894	963
894	966
894	972
894	977
894	979
894	982
894	983
894	996
895	803
895	818
895	826
895	876
895	915
895	926
895	931
895	957
895	963
895	964
895	965
895	975
895	987
895	988
895	990
895	991
896	411
896	813
896	856
896	885
896	911
896	933
896	937
896	963
896	969
896	977
896	980
896	983
896	986
896	989
896	990
896	996
897	112
897	808
897	836
897	902
897	946
897	948
897	960
897	963
897	966
897	967
897	977
897	981
897	991
897	992
897	999
897	1000
898	446
898	845
898	846
898	875
898	881
898	901
898	928
898	945
898	954
898	961
898	963
898	978
898	994
898	995
898	996
898	998
899	523
899	811
899	818
899	823
899	835
899	843
899	894
899	961
899	962
899	979
899	980
899	982
899	989
899	991
899	996
899	997
900	536
900	802
900	805
900	825
900	833
900	835
900	840
900	844
900	882
900	901
900	916
900	942
900	944
900	972
900	995
900	998
901	535
901	805
901	840
901	852
901	878
901	898
901	900
901	929
901	945
901	958
901	969
901	984
901	988
901	991
901	994
901	998
901	1000
902	504
902	819
902	897
902	923
902	942
902	943
902	945
902	946
902	948
902	953
902	967
902	979
902	985
902	992
902	997
902	999
902	1000
903	426
903	819
903	836
903	928
903	930
903	938
903	965
903	966
903	978
903	981
903	985
903	992
903	993
903	995
903	996
903	997
903	1000
904	652
904	820
904	827
904	841
904	870
904	886
904	923
904	949
904	958
904	967
904	970
904	981
904	985
904	992
904	993
904	999
904	1000
905	101
905	816
905	848
905	860
905	912
905	919
905	922
905	935
905	953
905	978
905	985
905	986
905	987
905	991
905	994
905	995
905	998
906	348
906	856
906	869
906	918
906	925
906	926
906	929
906	943
906	950
906	968
906	969
906	971
906	974
906	981
906	991
906	992
906	994
907	168
907	801
907	802
907	806
907	824
907	832
907	838
907	849
907	859
907	882
907	883
907	910
907	940
907	943
907	954
907	973
907	976
907	988
908	754
908	827
908	830
908	857
908	884
908	888
908	936
908	939
908	948
908	959
908	961
908	963
908	976
908	977
908	980
908	986
908	989
908	992
909	804
909	813
909	848
909	853
909	859
909	872
909	882
909	883
909	893
909	940
909	951
909	953
909	963
909	965
909	973
909	976
909	985
909	999
910	798
910	802
910	815
910	832
910	874
910	882
910	883
910	907
910	911
910	917
910	939
910	953
910	954
910	965
910	967
910	973
910	976
910	993
911	222
911	813
911	815
911	849
911	859
911	872
911	879
911	893
911	896
911	910
911	921
911	927
911	940
911	953
911	965
911	973
911	976
911	985
911	989
912	508
912	799
912	829
912	843
912	905
912	914
912	931
912	935
912	942
912	944
912	951
912	956
912	957
912	964
912	965
912	978
912	987
912	988
913	496
913	805
913	862
913	878
913	883
913	917
913	919
913	924
913	926
913	927
913	931
913	943
913	947
913	955
913	959
913	968
913	974
913	994
914	770
914	810
914	821
914	826
914	912
914	915
914	925
914	934
914	937
914	946
914	958
914	966
914	967
914	970
914	978
914	985
914	992
914	999
914	1000
915	488
915	809
915	847
915	865
915	883
915	892
915	895
915	914
915	922
915	934
915	942
915	958
915	966
915	967
915	985
915	992
915	997
915	999
915	1000
916	743
916	833
916	844
916	871
916	878
916	884
916	900
916	925
916	941
916	954
916	968
916	978
916	982
916	984
916	985
916	987
916	988
916	991
916	998
917	704
917	868
917	870
917	891
917	910
917	913
917	919
917	923
917	926
917	937
917	950
917	955
917	959
917	968
917	969
917	971
917	974
917	996
917	997
918	65
918	805
918	847
918	849
918	852
918	860
918	906
918	923
918	926
918	927
918	943
918	949
918	955
918	959
918	968
918	969
918	971
918	974
918	987
919	279
919	844
919	869
919	905
919	913
919	917
919	926
919	927
919	930
919	938
919	943
919	950
919	951
919	959
919	968
919	969
919	971
919	974
919	995
920	213
920	808
920	885
920	888
920	924
920	938
920	944
920	948
920	949
920	962
920	977
920	982
920	983
920	986
920	987
920	988
920	989
920	996
920	998
921	610
921	812
921	843
921	860
921	862
921	891
921	911
921	924
921	941
921	949
921	950
921	952
921	957
921	963
921	980
921	982
921	986
921	990
921	996
922	328
922	848
922	878
922	905
922	915
922	929
922	943
922	948
922	954
922	957
922	962
922	964
922	967
922	975
922	984
922	988
922	991
922	994
922	995
922	998
923	321
923	831
923	836
923	854
923	874
923	888
923	902
923	904
923	917
923	918
923	928
923	948
923	952
923	966
923	970
923	981
923	993
923	997
923	999
923	1000
924	245
924	834
924	850
924	866
924	877
924	913
924	920
924	921
924	939
924	948
924	949
924	961
924	963
924	967
924	980
924	986
924	988
924	990
924	994
924	997
925	35
925	825
925	876
925	892
925	906
925	914
925	916
925	931
925	935
925	940
925	944
925	960
925	972
925	973
925	975
925	991
925	994
925	995
925	998
925	999
926	25
926	862
926	867
926	868
926	895
926	906
926	913
926	917
926	918
926	919
926	927
926	934
926	943
926	955
926	959
926	968
926	971
926	974
926	978
926	991
927	174
927	802
927	862
927	911
927	913
927	918
927	919
927	926
927	943
927	950
927	955
927	959
927	968
927	969
927	971
927	972
927	974
927	990
927	997
927	999
928	429
928	823
928	864
928	867
928	887
928	889
928	898
928	903
928	923
928	936
928	946
928	958
928	981
928	985
928	987
928	990
928	991
928	992
928	993
928	999
929	755
929	828
929	834
929	873
929	881
929	884
929	901
929	906
929	922
929	940
929	941
929	944
929	957
929	960
929	968
929	976
929	978
929	984
929	988
929	994
929	995
930	716
930	842
930	844
930	859
930	878
930	885
930	903
930	919
930	934
930	935
930	946
930	958
930	967
930	981
930	985
930	992
930	993
930	995
930	997
930	999
930	1000
931	471
931	817
931	837
931	845
931	851
931	876
931	885
931	890
931	892
931	895
931	912
931	913
931	925
931	932
931	945
931	952
931	975
931	977
931	985
931	988
931	995
931	998
932	711
932	814
932	827
932	853
932	858
932	868
932	878
932	889
932	931
932	942
932	954
932	966
932	967
932	970
932	975
932	978
932	982
932	992
932	993
932	997
932	999
932	1000
933	27
933	853
933	871
933	880
933	888
933	894
933	896
933	938
933	947
933	949
933	957
933	960
933	961
933	962
933	963
933	982
933	984
933	986
933	989
933	995
933	997
933	999
934	276
934	821
934	831
934	858
934	868
934	887
934	888
934	914
934	915
934	926
934	930
934	941
934	946
934	951
934	958
934	975
934	976
934	981
934	992
934	993
934	997
934	998
934	999
935	537
935	811
935	817
935	818
935	842
935	851
935	867
935	892
935	905
935	912
935	925
935	930
935	945
935	952
935	958
935	972
935	978
935	980
935	983
935	984
935	991
935	994
935	995
936	553
936	817
936	819
936	843
936	908
936	928
936	937
936	938
936	941
936	947
936	951
936	960
936	961
936	975
936	977
936	979
936	980
936	982
936	989
936	990
936	993
936	997
936	1000
937	300
937	841
937	870
937	889
937	896
937	914
937	917
937	936
937	938
937	949
937	951
937	952
937	958
937	959
937	963
937	974
937	977
937	979
937	982
937	983
937	986
937	990
937	996
938	71
938	738
938	812
938	827
938	850
938	893
938	903
938	919
938	920
938	933
938	936
938	937
938	939
938	945
938	949
938	951
938	961
938	963
938	964
938	977
938	983
938	986
938	987
938	996
939	731
939	800
939	812
939	825
939	830
939	843
939	846
939	855
939	888
939	908
939	910
939	924
939	938
939	948
939	959
939	962
939	969
939	979
939	982
939	983
939	985
939	990
939	992
939	996
940	500
940	806
940	813
940	832
940	865
940	872
940	877
940	879
940	880
940	882
940	883
940	893
940	907
940	909
940	911
940	925
940	929
940	953
940	965
940	973
940	976
940	977
940	988
940	999
941	255
941	337
941	803
941	827
941	880
941	886
941	894
941	916
941	921
941	929
941	934
941	936
941	948
941	951
941	952
941	960
941	961
941	962
941	978
941	980
941	989
941	990
941	994
941	996
942	171
942	801
942	811
942	826
942	835
942	854
942	864
942	881
942	900
942	902
942	912
942	915
942	932
942	946
942	958
942	967
942	970
942	972
942	985
942	992
942	993
942	995
942	997
942	999
943	492
943	823
943	847
943	860
943	873
943	891
943	902
943	906
943	907
943	913
943	918
943	919
943	922
943	926
943	927
943	950
943	955
943	968
943	969
943	971
943	973
943	974
943	999
943	1000
944	506
944	830
944	846
944	880
944	887
944	890
944	900
944	912
944	920
944	925
944	929
944	948
944	954
944	957
944	964
944	972
944	978
944	984
944	986
944	988
944	991
944	992
944	994
944	995
945	94
945	799
945	801
945	807
945	842
945	858
945	884
945	898
945	901
945	902
945	931
945	935
945	938
945	947
945	950
945	956
945	957
945	959
945	960
945	975
945	978
945	984
945	997
945	998
946	140
946	809
946	814
946	819
946	835
946	838
946	855
946	870
946	897
946	902
946	914
946	928
946	930
946	934
946	942
946	966
946	970
946	972
946	975
946	979
946	992
946	993
946	995
946	999
946	1000
947	258
947	493
947	800
947	837
947	850
947	855
947	868
947	877
947	913
947	933
947	936
947	945
947	949
947	950
947	951
947	960
947	962
947	968
947	970
947	977
947	979
947	982
947	986
947	990
947	996
948	279
948	823
948	866
948	888
948	897
948	902
948	908
948	920
948	922
948	923
948	924
948	939
948	941
948	944
948	955
948	961
948	979
948	980
948	982
948	983
948	989
948	990
948	992
948	994
948	996
949	632
949	800
949	904
949	918
949	920
949	921
949	924
949	933
949	937
949	938
949	947
949	951
949	952
949	960
949	962
949	966
949	969
949	972
949	977
949	979
949	981
949	983
949	985
949	986
949	988
949	990
950	674
950	805
950	847
950	852
950	856
950	860
950	862
950	870
950	879
950	891
950	906
950	917
950	919
950	921
950	927
950	943
950	945
950	947
950	955
950	959
950	968
950	969
950	971
950	974
950	993
950	996
951	795
951	823
951	828
951	834
951	846
951	850
951	877
951	909
951	912
951	919
951	934
951	936
951	937
951	938
951	941
951	947
951	949
951	952
951	961
951	968
951	979
951	980
951	982
951	983
951	986
951	989
952	551
952	697
952	816
952	819
952	830
952	857
952	886
952	921
952	923
952	931
952	935
952	937
952	941
952	949
952	951
952	960
952	962
952	977
952	979
952	981
952	983
952	986
952	988
952	989
952	995
952	996
953	97
953	525
953	800
953	804
953	815
953	822
953	824
953	838
953	849
953	853
953	865
953	874
953	879
953	882
953	883
953	888
953	891
953	902
953	905
953	909
953	910
953	911
953	940
953	965
953	973
953	976
953	990
954	88
954	722
954	803
954	828
954	850
954	881
954	885
954	890
954	898
954	907
954	910
954	916
954	922
954	932
954	944
954	964
954	971
954	972
954	978
954	980
954	981
954	984
954	986
954	988
954	991
954	994
954	995
954	998
955	643
955	812
955	829
955	847
955	855
955	856
955	869
955	870
955	879
955	891
955	913
955	917
955	918
955	926
955	927
955	943
955	948
955	950
955	957
955	959
955	964
955	968
955	969
955	971
955	974
955	984
955	989
955	990
956	95
956	433
956	803
956	818
956	826
956	848
956	852
956	865
956	869
956	881
956	884
956	890
956	912
956	945
956	958
956	962
956	964
956	972
956	975
956	979
956	982
956	983
956	987
956	988
956	989
956	991
956	995
956	998
956	1000
957	239
957	721
957	814
957	824
957	826
957	842
957	879
957	881
957	895
957	912
957	921
957	922
957	929
957	933
957	944
957	945
957	955
957	964
957	969
957	973
957	975
957	978
957	979
957	987
957	988
957	989
957	994
957	995
957	998
958	127
958	161
958	835
958	858
958	863
958	864
958	880
958	901
958	904
958	914
958	915
958	928
958	930
958	934
958	935
958	937
958	942
958	956
958	966
958	968
958	970
958	975
958	981
958	985
958	989
958	992
958	997
958	999
958	1000
959	570
959	805
959	829
959	831
959	836
959	856
959	860
959	862
959	869
959	870
959	887
959	891
959	908
959	913
959	917
959	918
959	919
959	926
959	927
959	937
959	939
959	945
959	950
959	955
959	968
959	969
959	971
959	973
959	974
959	986
960	430
960	800
960	816
960	817
960	820
960	841
960	855
960	866
960	880
960	886
960	897
960	925
960	929
960	933
960	936
960	941
960	945
960	947
960	949
960	952
960	961
960	964
960	971
960	977
960	980
960	981
960	982
960	990
960	996
960	998
961	96
961	802
961	820
961	821
961	839
961	851
961	871
961	873
961	898
961	899
961	908
961	924
961	933
961	936
961	938
961	941
961	948
961	951
961	960
961	963
961	964
961	979
961	980
961	982
961	983
961	986
961	990
961	993
961	994
961	996
961	999
962	275
962	565
962	810
962	814
962	855
962	866
962	882
962	886
962	888
962	891
962	892
962	899
962	920
962	922
962	933
962	939
962	941
962	947
962	949
962	952
962	956
962	979
962	980
962	982
962	983
962	986
962	988
962	989
962	990
962	996
962	997
963	412
963	783
963	850
963	857
963	861
963	863
963	877
963	886
963	894
963	895
963	896
963	897
963	898
963	908
963	909
963	921
963	924
963	933
963	937
963	938
963	961
963	977
963	979
963	982
963	984
963	985
963	986
963	989
963	990
963	991
963	996
964	460
964	625
964	799
964	806
964	814
964	819
964	824
964	828
964	834
964	852
964	873
964	876
964	885
964	895
964	912
964	922
964	938
964	944
964	954
964	955
964	956
964	957
964	960
964	961
964	984
964	991
964	995
964	996
964	997
964	998
964	1000
965	137
965	538
965	804
965	813
965	815
965	838
965	849
965	853
965	859
965	872
965	874
965	876
965	879
965	882
965	883
965	892
965	893
965	895
965	903
965	909
965	910
965	911
965	912
965	940
965	953
965	973
965	976
965	982
965	985
965	990
965	994
966	291
966	386
966	808
966	822
966	824
966	831
966	868
966	875
966	887
966	889
966	894
966	897
966	903
966	914
966	915
966	923
966	932
966	946
966	949
966	958
966	970
966	971
966	980
966	985
966	987
966	991
966	992
966	993
966	995
966	997
966	1000
967	267
967	420
967	821
967	831
967	863
967	864
967	866
967	867
967	893
967	897
967	902
967	904
967	910
967	914
967	915
967	922
967	924
967	930
967	932
967	942
967	970
967	971
967	975
967	981
967	983
967	985
967	991
967	992
967	993
967	997
967	998
967	1000
968	753
968	821
968	829
968	847
968	856
968	860
968	862
968	869
968	870
968	878
968	891
968	906
968	913
968	916
968	917
968	918
968	919
968	926
968	927
968	929
968	943
968	947
968	950
968	951
968	955
968	958
968	959
968	969
968	970
968	971
968	974
968	984
969	149
969	712
969	809
969	813
969	815
969	829
969	847
969	856
969	860
969	862
969	869
969	870
969	887
969	891
969	896
969	901
969	906
969	917
969	918
969	919
969	927
969	939
969	943
969	949
969	950
969	955
969	957
969	959
969	968
969	971
969	974
969	998
970	292
970	334
970	808
970	819
970	831
970	836
970	837
970	839
970	840
970	850
970	858
970	863
970	866
970	904
970	914
970	923
970	932
970	942
970	946
970	947
970	958
970	966
970	967
970	968
970	978
970	981
970	984
970	986
970	992
970	993
970	997
970	999
970	1000
971	4
971	805
971	812
971	842
971	847
971	856
971	860
971	862
971	869
971	870
971	871
971	890
971	891
971	906
971	917
971	918
971	919
971	926
971	927
971	943
971	950
971	954
971	955
971	959
971	960
971	966
971	967
971	968
971	969
971	974
971	976
971	992
971	995
972	400
972	497
972	803
972	816
972	824
972	826
972	845
972	848
972	851
972	857
972	869
972	876
972	884
972	894
972	900
972	925
972	927
972	935
972	942
972	944
972	946
972	949
972	954
972	956
972	975
972	978
972	979
972	980
972	984
972	988
972	991
972	995
972	998
972	999
973	566
973	710
973	802
973	804
973	813
973	815
973	831
973	832
973	838
973	859
973	865
973	872
973	874
973	879
973	882
973	883
973	890
973	893
973	907
973	909
973	910
973	911
973	925
973	940
973	943
973	953
973	957
973	959
973	965
973	976
973	980
973	984
973	992
973	1000
974	244
974	733
974	805
974	829
974	838
974	847
974	856
974	860
974	861
974	862
974	865
974	869
974	870
974	891
974	906
974	913
974	917
974	918
974	919
974	926
974	927
974	937
974	943
974	950
974	955
974	959
974	968
974	969
974	971
974	987
974	988
974	990
974	991
974	994
974	998
975	278
975	799
975	807
975	814
975	818
975	825
975	840
975	842
975	843
975	844
975	846
975	895
975	922
975	925
975	931
975	932
975	934
975	936
975	945
975	946
975	956
975	957
975	958
975	967
975	972
975	978
975	984
975	986
975	987
975	988
975	992
975	994
975	995
975	996
975	997
975	998
976	343
976	767
976	799
976	802
976	806
976	813
976	815
976	832
976	838
976	849
976	853
976	859
976	865
976	872
976	879
976	882
976	883
976	893
976	907
976	908
976	909
976	910
976	911
976	929
976	934
976	940
976	953
976	965
976	971
976	973
976	980
976	987
976	990
976	992
976	994
976	999
977	777
977	791
977	820
977	823
977	833
977	839
977	841
977	842
977	855
977	863
977	868
977	880
977	886
977	894
977	896
977	897
977	908
977	920
977	931
977	936
977	937
977	938
977	940
977	947
977	949
977	952
977	960
977	963
977	978
977	980
977	982
977	984
977	989
977	990
977	996
977	998
978	485
978	810
978	824
978	828
978	844
978	845
978	847
978	856
978	875
978	881
978	884
978	898
978	903
978	905
978	912
978	914
978	916
978	926
978	929
978	932
978	935
978	941
978	944
978	945
978	954
978	957
978	970
978	972
978	975
978	977
978	984
978	987
978	988
978	994
978	995
978	998
978	1000
979	117
979	325
979	812
979	815
979	816
979	822
979	840
979	850
979	874
979	877
979	882
979	894
979	899
979	902
979	936
979	937
979	939
979	946
979	947
979	948
979	949
979	951
979	952
979	956
979	957
979	961
979	962
979	963
979	972
979	980
979	982
979	983
979	984
979	989
979	990
979	993
979	996
980	145
980	393
980	817
980	820
980	822
980	850
980	861
980	875
980	896
980	899
980	908
980	921
980	924
980	935
980	936
980	941
980	948
980	951
980	954
980	960
980	961
980	962
980	966
980	972
980	973
980	976
980	977
980	979
980	982
980	983
980	986
980	989
980	990
980	991
980	992
980	994
980	996
980	998
981	669
981	811
981	815
981	821
981	825
981	827
981	831
981	836
981	839
981	854
981	863
981	867
981	869
981	875
981	878
981	887
981	897
981	903
981	904
981	906
981	923
981	928
981	930
981	934
981	949
981	952
981	954
981	958
981	960
981	967
981	970
981	982
981	985
981	987
981	992
981	997
981	999
981	1000
982	510
982	726
982	858
982	861
982	863
982	874
982	876
982	877
982	886
982	888
982	889
982	894
982	899
982	916
982	920
982	921
982	932
982	933
982	936
982	937
982	939
982	947
982	948
982	951
982	956
982	960
982	961
982	962
982	963
982	965
982	977
982	979
982	980
982	981
982	986
982	990
982	996
982	999
982	1000
983	154
983	800
983	804
983	812
983	816
983	828
983	830
983	839
983	844
983	861
983	864
983	877
983	884
983	885
983	887
983	888
983	894
983	896
983	920
983	935
983	937
983	938
983	939
983	948
983	949
983	951
983	952
983	956
983	961
983	962
983	967
983	979
983	980
983	984
983	986
983	989
983	990
983	994
983	996
984	363
984	487
984	817
984	828
984	833
984	840
984	841
984	844
984	845
984	848
984	854
984	871
984	875
984	885
984	901
984	916
984	922
984	929
984	933
984	935
984	944
984	945
984	954
984	955
984	963
984	964
984	968
984	970
984	972
984	973
984	975
984	977
984	978
984	979
984	983
984	987
984	991
984	994
984	995
984	998
985	713
985	728
985	808
985	809
985	811
985	827
985	836
985	856
985	858
985	868
985	871
985	875
985	889
985	902
985	903
985	904
985	905
985	909
985	911
985	914
985	915
985	916
985	928
985	930
985	931
985	939
985	942
985	949
985	958
985	963
985	965
985	966
985	967
985	981
985	989
985	992
985	993
985	996
985	997
985	999
985	1000
986	380
986	634
986	800
986	810
986	822
986	823
986	826
986	840
986	841
986	880
986	886
986	888
986	896
986	905
986	908
986	920
986	921
986	924
986	933
986	937
986	938
986	944
986	947
986	949
986	951
986	952
986	954
986	959
986	961
986	962
986	963
986	970
986	975
986	980
986	982
986	983
986	988
986	989
986	990
986	992
986	996
986	999
987	369
987	520
987	799
987	801
987	804
987	807
987	810
987	811
987	817
987	825
987	832
987	833
987	834
987	840
987	844
987	845
987	848
987	857
987	871
987	875
987	876
987	895
987	905
987	912
987	916
987	918
987	920
987	928
987	938
987	956
987	957
987	966
987	974
987	975
987	976
987	978
987	981
987	984
987	988
987	991
987	994
987	998
987	999
988	457
988	736
988	801
988	817
988	825
988	839
988	845
988	846
988	851
988	852
988	857
988	862
988	871
988	873
988	885
988	886
988	895
988	901
988	907
988	912
988	916
988	920
988	922
988	924
988	929
988	931
988	940
988	944
988	949
988	952
988	954
988	956
988	957
988	962
988	972
988	974
988	975
988	978
988	986
988	987
988	989
988	991
988	994
988	995
989	250
989	569
989	765
989	803
989	812
989	818
989	822
989	823
989	839
989	845
989	855
989	861
989	866
989	880
989	886
989	889
989	896
989	899
989	908
989	911
989	920
989	933
989	936
989	941
989	948
989	951
989	952
989	955
989	956
989	957
989	958
989	962
989	963
989	977
989	979
989	980
989	983
989	985
989	986
989	988
989	990
989	991
989	993
989	996
990	444
990	788
990	816
990	820
990	830
990	839
990	849
990	850
990	853
990	861
990	866
990	880
990	882
990	890
990	895
990	896
990	921
990	924
990	927
990	928
990	936
990	937
990	939
990	941
990	947
990	948
990	949
990	953
990	955
990	960
990	961
990	962
990	963
990	965
990	974
990	976
990	977
990	979
990	980
990	982
990	983
990	986
990	989
990	999
991	326
991	648
991	799
991	801
991	803
991	807
991	824
991	826
991	842
991	846
991	861
991	881
991	890
991	892
991	893
991	895
991	897
991	899
991	901
991	905
991	906
991	916
991	922
991	925
991	926
991	928
991	935
991	944
991	954
991	956
991	963
991	964
991	966
991	967
991	972
991	974
991	980
991	984
991	987
991	988
991	989
991	994
991	995
991	997
991	998
992	130
992	794
992	803
992	807
992	811
992	832
992	835
992	854
992	858
992	863
992	868
992	887
992	889
992	897
992	902
992	903
992	904
992	906
992	908
992	914
992	915
992	928
992	930
992	932
992	934
992	939
992	942
992	944
992	946
992	948
992	958
992	966
992	967
992	970
992	971
992	973
992	975
992	976
992	980
992	981
992	985
992	986
992	993
992	997
992	999
992	1000
993	339
993	589
993	804
993	809
993	821
993	827
993	829
993	834
993	835
993	837
993	854
993	857
993	859
993	862
993	863
993	864
993	867
993	868
993	875
993	878
993	881
993	887
993	889
993	903
993	904
993	910
993	923
993	928
993	930
993	932
993	934
993	936
993	942
993	946
993	950
993	961
993	966
993	967
993	970
993	979
993	985
993	989
993	992
993	997
993	998
993	999
993	1000
994	135
994	151
994	801
994	814
994	815
994	818
994	820
994	826
994	835
994	842
994	846
994	848
994	851
994	857
994	871
994	873
994	892
994	898
994	901
994	905
994	906
994	913
994	922
994	924
994	925
994	929
994	935
994	941
994	944
994	948
994	954
994	957
994	961
994	965
994	974
994	975
994	976
994	978
994	980
994	983
994	984
994	987
994	988
994	991
994	995
994	996
994	998
995	110
995	725
995	789
995	801
995	810
995	830
995	833
995	842
995	844
995	845
995	853
995	857
995	861
995	873
995	885
995	890
995	892
995	898
995	900
995	903
995	905
995	919
995	922
995	925
995	929
995	930
995	931
995	933
995	935
995	942
995	944
995	946
995	952
995	954
995	956
995	957
995	964
995	966
995	971
995	972
995	975
995	978
995	984
995	988
995	991
995	994
995	996
995	997
996	150
996	512
996	521
996	812
996	816
996	822
996	830
996	839
996	855
996	861
996	866
996	871
996	874
996	877
996	881
996	885
996	894
996	896
996	898
996	899
996	903
996	917
996	920
996	921
996	937
996	938
996	939
996	941
996	947
996	948
996	950
996	952
996	960
996	961
996	962
996	963
996	964
996	975
996	977
996	979
996	980
996	982
996	983
996	985
996	986
996	989
996	994
996	995
996	998
997	538
997	556
997	808
997	809
997	811
997	821
997	827
997	828
997	831
997	837
997	854
997	863
997	864
997	868
997	875
997	878
997	884
997	887
997	889
997	899
997	902
997	903
997	915
997	917
997	923
997	924
997	927
997	930
997	932
997	933
997	934
997	936
997	942
997	945
997	958
997	962
997	964
997	966
997	967
997	970
997	975
997	981
997	985
997	991
997	992
997	993
997	995
997	999
997	1000
998	145
998	687
998	799
998	807
998	817
998	824
998	834
998	846
998	848
998	851
998	852
998	867
998	871
998	872
998	873
998	884
998	885
998	886
998	889
998	893
998	898
998	900
998	901
998	905
998	916
998	920
998	922
998	925
998	931
998	934
998	945
998	954
998	956
998	957
998	960
998	964
998	967
998	969
998	972
998	974
998	975
998	977
998	978
998	980
998	984
998	987
998	991
998	993
998	994
998	996
999	72
999	403
999	811
999	819
999	827
999	830
999	835
999	837
999	841
999	858
999	863
999	864
999	868
999	875
999	878
999	887
999	889
999	897
999	902
999	904
999	909
999	914
999	915
999	923
999	925
999	927
999	928
999	930
999	932
999	933
999	934
999	940
999	942
999	943
999	946
999	958
999	961
999	970
999	972
999	976
999	981
999	982
999	985
999	986
999	987
999	990
999	992
999	993
999	997
999	1000
1000	240
1000	582
1000	806
1000	808
1000	811
1000	819
1000	821
1000	822
1000	829
1000	835
1000	837
1000	845
1000	846
1000	854
1000	864
1000	868
1000	872
1000	875
1000	878
1000	883
1000	887
1000	890
1000	897
1000	901
1000	902
1000	903
1000	904
1000	914
1000	915
1000	923
1000	930
1000	932
1000	936
1000	943
1000	946
1000	956
1000	958
1000	964
1000	966
1000	967
1000	970
1000	973
1000	978
1000	981
1000	982
1000	985
1000	992
1000	993
1000	997
1000	999
