1	24
1	104
1	124
1	158
1	166
1	168
1	169
1	179
1	182
1	761
2	40
2	80
2	88
2	91
2	128
2	147
2	165
2	173
2	177
2	410
3	64
3	98
3	109
3	132
3	137
3	163
3	172
3	174
3	177
3	184
4	92
4	119
4	122
4	146
4	155
4	166
4	181
4	182
4	184
4	719
5	14
5	53
5	61
5	128
5	132
5	165
5	166
5	174
5	177
5	296
6	138
6	152
6	157
6	160
6	167
6	171
6	172
6	180
6	183
6	742
7	39
7	59
7	149
7	150
7	161
7	168
7	171
7	172
7	183
7	276
8	107
8	127
8	138
8	151
8	162
8	167
8	170
8	180
8	182
8	184
9	13
9	49
9	70
9	82
9	113
9	129
9	158
9	175
9	182
9	762
10	48
10	61
10	70
10	87
10	109
10	122
10	155
10	163
10	174
10	272
11	21
11	44
11	48
11	123
11	128
11	132
11	148
11	163
11	165
11	177
12	36
12	54
12	74
12	93
12	97
12	113
12	126
12	153
12	164
12	176
13	9
13	67
13	99
13	101
13	129
13	160
13	166
13	169
13	183
13	884
14	5
14	16
14	41
14	47
14	87
14	122
14	137
14	147
14	165
14	175
15	75
15	98
15	113
15	138
15	146
15	159
15	164
15	173
15	184
15	338
16	14
16	55
16	102
16	114
16	120
16	136
16	149
16	156
16	161
16	183
17	19
17	83
17	85
17	119
17	143
17	167
17	169
17	173
17	181
17	184
18	130
18	135
18	140
18	152
18	160
18	165
18	172
18	178
18	183
18	912
19	17
19	20
19	57
19	90
19	155
19	156
19	167
19	170
19	173
19	181
20	19
20	41
20	103
20	121
20	137
20	147
20	163
20	164
20	174
20	177
21	11
21	30
21	69
21	134
21	148
21	167
21	170
21	173
21	181
21	184
22	27
22	74
22	83
22	94
22	126
22	166
22	169
22	171
22	176
22	345
23	47
23	70
23	101
23	122
23	124
23	129
23	133
23	150
23	153
23	176
23	179
24	1
24	66
24	88
24	112
24	133
24	168
24	169
24	175
24	177
24	179
24	182
25	65
25	73
25	111
25	141
25	154
25	158
25	168
25	169
25	175
25	176
25	577
26	87
26	103
26	120
26	128
26	145
26	147
26	158
26	165
26	174
26	177
26	998
27	22
27	97
27	105
27	108
27	139
27	153
27	154
27	164
27	168
27	175
27	179
28	63
28	90
28	98
28	103
28	106
28	111
28	117
28	123
28	167
28	174
28	177
29	130
29	141
29	152
29	157
29	171
29	172
29	174
29	178
29	180
29	183
29	897
30	21
30	79
30	90
30	125
30	142
30	170
30	173
30	181
30	182
30	184
30	890
31	60
31	68
31	72
31	120
31	133
31	157
31	158
31	162
31	166
31	168
31	169
32	81
32	115
32	119
32	140
32	148
32	165
32	173
32	181
32	182
32	184
32	469
33	127
33	142
33	148
33	150
33	158
33	159
33	170
33	181
33	182
33	184
33	342
34	40
34	82
34	87
34	103
34	117
34	123
34	163
34	174
34	177
34	179
34	573
35	46
35	96
35	117
35	125
35	140
35	149
35	151
35	153
35	156
35	172
35	178
36	12
36	55
36	84
36	116
36	147
36	153
36	165
36	169
36	175
36	176
36	179
37	62
37	79
37	95
37	110
37	120
37	127
37	135
37	154
37	159
37	169
37	175
37	176
38	78
38	94
38	114
38	131
38	134
38	136
38	144
38	160
38	172
38	180
38	183
38	432
39	7
39	72
39	76
39	87
39	118
39	130
39	149
39	156
39	157
39	160
39	171
39	183
40	2
40	34
40	44
40	89
40	109
40	119
40	128
40	132
40	163
40	165
40	174
40	384
41	14
41	20
41	106
41	111
41	124
41	128
41	159
41	163
41	174
41	177
41	184
41	953
42	78
42	138
42	146
42	148
42	151
42	156
42	164
42	170
42	179
42	182
42	184
42	966
43	51
43	127
43	136
43	155
43	159
43	164
43	173
43	175
43	180
43	181
43	182
43	597
44	11
44	40
44	48
44	106
44	111
44	123
44	124
44	141
44	174
44	177
44	182
44	383
45	67
45	75
45	102
45	146
45	155
45	159
45	164
45	167
45	170
45	181
45	182
45	184
46	35
46	59
46	110
46	118
46	130
46	131
46	157
46	171
46	177
46	180
46	181
46	183
47	14
47	23
47	65
47	113
47	133
47	139
47	162
47	169
47	173
47	175
47	176
47	758
48	10
48	11
48	44
48	64
48	117
48	118
48	126
48	162
48	163
48	165
48	174
48	177
49	9
49	71
49	79
49	111
49	113
49	120
49	127
49	158
49	162
49	166
49	175
49	893
50	69
50	98
50	103
50	148
50	151
50	155
50	161
50	164
50	173
50	181
50	182
50	184
51	43
51	85
51	137
51	151
51	154
51	167
51	169
51	170
51	173
51	181
51	182
51	184
52	79
52	89
52	115
52	119
52	146
52	148
52	151
52	170
52	171
52	173
52	181
52	184
53	5
53	96
53	131
53	134
53	152
53	167
53	171
53	172
53	178
53	180
53	183
53	976
54	12
54	105
54	140
54	143
54	144
54	157
54	160
54	165
54	172
54	178
54	180
54	183
55	16
55	36
55	84
55	125
55	136
55	144
55	171
55	178
55	180
55	183
55	184
55	697
56	97
56	104
56	117
56	120
56	135
56	139
56	141
56	153
56	154
56	158
56	168
56	170
56	175
57	19
57	60
57	92
57	138
57	148
57	164
57	170
57	173
57	179
57	181
57	182
57	184
57	556
58	67
58	74
58	101
58	116
58	150
58	154
58	158
58	161
58	162
58	170
58	175
58	179
58	935
59	7
59	46
59	77
59	108
59	113
59	149
59	154
59	160
59	161
59	171
59	172
59	180
59	183
60	31
60	57
60	66
60	86
60	88
60	94
60	117
60	133
60	135
60	166
60	168
60	169
60	176
61	5
61	10
61	63
61	98
61	103
61	119
61	145
61	159
61	163
61	165
61	174
61	177
61	730
62	37
62	69
62	79
62	84
62	88
62	102
62	104
62	141
62	168
62	169
62	175
62	178
62	405
63	28
63	61
63	80
63	100
63	110
63	121
63	124
63	145
63	147
63	162
63	163
63	177
63	734
64	3
64	48
64	111
64	115
64	121
64	124
64	132
64	137
64	145
64	163
64	172
64	174
64	177
64	506
65	25
65	47
65	66
65	144
65	147
65	158
65	162
65	166
65	168
65	169
65	176
65	179
65	181
65	660
66	24
66	60
66	65
66	88
66	104
66	110
66	113
66	116
66	129
66	139
66	168
66	172
66	184
66	761
67	13
67	45
67	58
67	68
67	91
67	101
67	112
67	114
67	141
67	153
67	162
67	176
67	179
67	241
68	31
68	67
68	71
68	78
68	108
68	116
68	135
68	141
68	150
68	163
68	168
68	175
68	179
68	271
69	21
69	50
69	62
69	139
69	141
69	151
69	155
69	164
69	167
69	173
69	181
69	182
69	184
69	188
70	9
70	10
70	23
70	74
70	84
70	92
70	100
70	101
70	150
70	162
70	166
70	179
70	184
70	728
71	49
71	68
71	75
71	99
71	126
71	133
71	145
71	150
71	153
71	154
71	155
71	162
71	176
71	735
72	31
72	39
72	85
72	90
72	92
72	146
72	151
72	170
72	173
72	174
72	181
72	182
72	184
72	668
73	25
73	86
73	89
73	91
73	121
73	122
73	124
73	137
73	145
73	163
73	165
73	174
73	177
73	654
74	12
74	22
74	58
74	70
74	77
74	93
74	109
74	120
74	158
74	168
74	175
74	176
74	183
74	755
75	15
75	45
75	71
75	107
75	125
75	127
75	159
75	164
75	167
75	170
75	173
75	181
75	182
75	183
75	467
76	39
76	129
76	136
76	143
76	156
76	157
76	160
76	161
76	170
76	171
76	172
76	178
76	179
76	183
76	343
77	59
77	74
77	131
77	140
77	152
77	154
77	156
77	160
77	167
77	171
77	172
77	178
77	180
77	183
77	784
78	38
78	42
78	68
78	83
78	115
78	142
78	151
78	159
78	164
78	167
78	173
78	177
78	181
78	184
78	908
79	30
79	37
79	49
79	52
79	62
79	84
79	94
79	100
79	126
79	135
79	153
79	154
79	158
79	177
79	179
80	2
80	63
80	97
80	109
80	122
80	123
80	137
80	141
80	147
80	163
80	165
80	174
80	177
80	184
80	712
81	32
81	92
81	100
81	101
81	115
81	138
81	142
81	155
81	159
81	167
81	170
81	181
81	182
81	184
81	934
82	9
82	34
82	94
82	99
82	106
82	110
82	116
82	135
82	150
82	153
82	162
82	163
82	166
82	169
82	350
83	17
83	22
83	78
83	93
83	101
83	142
83	151
83	155
83	159
83	170
83	173
83	181
83	182
83	184
83	372
84	36
84	55
84	62
84	70
84	79
84	97
84	104
84	129
84	153
84	154
84	175
84	176
84	179
84	180
84	184
84	952
85	17
85	51
85	72
85	119
85	126
85	133
85	142
85	148
85	157
85	159
85	164
85	167
85	170
85	173
85	181
85	184
86	60
86	73
86	95
86	101
86	102
86	136
86	143
86	149
86	152
86	157
86	161
86	171
86	178
86	180
86	183
86	687
87	10
87	14
87	26
87	34
87	39
87	121
87	128
87	132
87	137
87	145
87	147
87	163
87	169
87	173
87	174
87	177
88	2
88	24
88	60
88	62
88	66
88	97
88	100
88	116
88	126
88	150
88	153
88	165
88	166
88	167
88	175
88	699
89	40
89	52
89	73
89	115
89	127
89	138
89	146
89	151
89	159
89	164
89	165
89	173
89	174
89	182
89	184
89	972
90	19
90	28
90	30
90	72
90	97
90	107
90	146
90	148
90	155
90	159
90	164
90	167
90	173
90	176
90	182
90	788
91	2
91	67
91	73
91	98
91	103
91	117
91	122
91	123
91	137
91	142
91	145
91	147
91	162
91	163
91	174
91	177
91	434
92	4
92	57
92	70
92	72
92	81
92	116
92	127
92	142
92	146
92	154
92	164
92	167
92	170
92	181
92	182
92	184
92	356
93	12
93	74
93	83
93	97
93	99
93	116
93	130
93	131
93	144
93	153
93	158
93	162
93	166
93	168
93	169
93	175
93	650
94	22
94	38
94	60
94	79
94	82
94	100
94	112
94	114
94	115
94	120
94	126
94	166
94	169
94	176
94	179
94	183
94	938
95	37
95	86
95	130
95	131
95	140
95	143
95	149
95	157
95	160
95	161
95	164
95	167
95	171
95	172
95	178
95	180
95	183
96	35
96	53
96	102
96	125
96	134
96	142
96	143
96	152
96	155
96	156
96	161
96	172
96	178
96	180
96	181
96	183
96	321
97	12
97	27
97	56
97	80
97	84
97	88
97	90
97	93
97	100
97	110
97	112
97	120
97	135
97	138
97	148
97	150
97	175
97	176
98	3
98	15
98	28
98	50
98	61
98	91
98	104
98	111
98	121
98	124
98	137
98	145
98	147
98	165
98	174
98	177
98	182
98	292
99	13
99	71
99	82
99	93
99	101
99	104
99	107
99	110
99	126
99	129
99	131
99	139
99	150
99	161
99	168
99	175
99	179
99	971
100	63
100	70
100	79
100	81
100	88
100	94
100	97
100	101
100	129
100	139
100	141
100	145
100	154
100	158
100	162
100	176
100	179
100	905
101	13
101	23
101	58
101	67
101	70
101	81
101	83
101	86
101	99
101	100
101	104
101	126
101	139
101	141
101	169
101	173
101	175
101	179
102	16
102	45
102	62
102	86
102	96
102	108
102	110
102	131
102	136
102	140
102	144
102	160
102	171
102	172
102	178
102	180
102	183
102	674
103	20
103	26
103	28
103	34
103	50
103	61
103	91
103	106
103	117
103	121
103	128
103	139
103	149
103	163
103	165
103	177
103	182
103	969
104	1
104	56
104	62
104	66
104	84
104	98
104	99
104	101
104	129
104	141
104	150
104	162
104	169
104	172
104	175
104	178
104	182
104	852
105	27
105	54
105	118
105	134
105	140
105	142
105	143
105	144
105	153
105	156
105	157
105	160
105	161
105	172
105	178
105	180
105	183
105	825
106	28
106	41
106	44
106	82
106	103
106	109
106	111
106	112
106	128
106	132
106	134
106	145
106	147
106	163
106	165
106	174
106	177
106	182
106	471
107	8
107	75
107	90
107	99
107	138
107	142
107	146
107	148
107	151
107	155
107	159
107	164
107	168
107	171
107	176
107	181
107	182
107	184
107	818
108	27
108	59
108	68
108	102
108	114
108	134
108	136
108	140
108	144
108	149
108	157
108	160
108	161
108	171
108	174
108	178
108	180
108	183
108	647
109	3
109	10
109	40
109	74
109	80
109	106
109	117
109	119
109	121
109	122
109	124
109	145
109	150
109	163
109	165
109	174
109	175
109	177
109	966
110	37
110	46
110	63
110	66
110	82
110	97
110	99
110	102
110	112
110	120
110	130
110	135
110	154
110	158
110	166
110	175
110	176
110	179
110	703
111	25
111	28
111	41
111	44
111	49
111	64
111	98
111	106
111	121
111	124
111	132
111	137
111	144
111	147
111	163
111	165
111	173
111	174
111	177
112	24
112	67
112	94
112	97
112	106
112	110
112	120
112	133
112	139
112	140
112	141
112	149
112	154
112	168
112	175
112	176
112	179
112	183
112	622
113	9
113	12
113	15
113	47
113	49
113	59
113	66
113	114
113	120
113	123
113	126
113	133
113	150
113	153
113	158
113	166
113	168
113	169
113	176
113	546
114	16
114	38
114	67
114	94
114	108
114	113
114	116
114	125
114	130
114	134
114	140
114	143
114	156
114	157
114	160
114	172
114	178
114	180
114	183
114	191
115	32
115	52
115	64
115	78
115	81
115	89
115	94
115	132
115	138
115	151
115	155
115	159
115	160
115	167
115	170
115	173
115	181
115	182
115	184
115	911
116	36
116	58
116	66
116	68
116	82
116	88
116	92
116	93
116	114
116	120
116	129
116	133
116	144
116	154
116	158
116	166
116	176
116	177
116	179
116	649
117	28
117	34
117	35
117	48
117	56
117	60
117	91
117	103
117	109
117	122
117	123
117	128
117	129
117	132
117	145
117	147
117	165
117	174
117	177
117	869
118	39
118	46
118	48
118	105
118	120
118	130
118	131
118	136
118	140
118	143
118	149
118	156
118	157
118	161
118	169
118	178
118	180
118	181
118	183
118	757
119	4
119	17
119	32
119	40
119	52
119	61
119	85
119	109
119	138
119	142
119	146
119	148
119	151
119	155
119	164
119	166
119	167
119	170
119	173
119	182
119	750
120	16
120	26
120	31
120	37
120	49
120	56
120	74
120	94
120	97
120	110
120	112
120	113
120	116
120	118
120	158
120	162
120	169
120	175
120	176
120	180
120	337
121	20
121	63
121	64
121	73
121	87
121	98
121	103
121	109
121	111
121	122
121	123
121	128
121	130
121	145
121	148
121	158
121	165
121	174
121	176
121	177
121	688
122	4
122	10
122	14
122	23
122	73
122	80
122	91
122	109
122	117
122	121
122	132
122	135
122	137
122	145
122	157
122	163
122	165
122	174
122	175
122	177
122	888
123	11
123	28
123	34
123	44
123	80
123	91
123	113
123	117
123	121
123	128
123	132
123	137
123	145
123	147
123	153
123	160
123	165
123	174
123	177
123	183
123	868
124	1
124	23
124	41
124	44
124	63
124	64
124	73
124	98
124	109
124	111
124	132
124	137
124	145
124	147
124	152
124	163
124	165
124	174
124	177
124	179
124	923
125	30
125	35
125	55
125	75
125	96
125	114
125	134
125	137
125	143
125	144
125	146
125	149
125	156
125	157
125	160
125	161
125	172
125	178
125	180
125	183
125	754
126	12
126	22
126	48
126	71
126	79
126	85
126	88
126	94
126	99
126	101
126	113
126	131
126	141
126	158
126	162
126	166
126	170
126	176
126	179
126	181
126	334
127	8
127	33
127	37
127	43
127	49
127	75
127	89
127	92
127	135
127	142
127	146
127	148
127	151
127	155
127	157
127	164
127	167
127	170
127	181
127	590
127	627
128	2
128	5
128	11
128	26
128	40
128	41
128	87
128	103
128	106
128	117
128	121
128	123
128	132
128	145
128	147
128	150
128	158
128	161
128	174
128	178
128	673
129	9
129	13
129	23
129	66
129	76
129	84
129	99
129	100
129	104
129	116
129	117
129	136
129	139
129	143
129	150
129	166
129	168
129	169
129	176
129	178
129	179
129	604
130	18
130	29
130	39
130	46
130	93
130	95
130	110
130	114
130	118
130	121
130	136
130	143
130	146
130	152
130	156
130	161
130	172
130	178
130	180
130	183
130	483
130	997
131	38
131	46
131	53
131	77
131	93
131	95
131	99
131	102
131	118
131	126
131	149
131	152
131	154
131	156
131	157
131	161
131	171
131	172
131	178
131	180
131	183
131	915
132	3
132	5
132	11
132	40
132	64
132	87
132	106
132	111
132	115
132	117
132	122
132	123
132	124
132	128
132	137
132	138
132	145
132	163
132	165
132	168
132	177
132	183
132	919
133	23
133	24
133	31
133	47
133	60
133	71
133	85
133	112
133	113
133	116
133	139
133	140
133	141
133	154
133	158
133	162
133	168
133	173
133	175
133	176
133	178
133	179
133	885
134	21
134	38
134	53
134	96
134	105
134	106
134	108
134	114
134	125
134	139
134	143
134	144
134	149
134	153
134	157
134	161
134	171
134	172
134	176
134	178
134	180
134	183
134	943
135	18
135	37
135	56
135	60
135	68
135	79
135	82
135	97
135	110
135	122
135	127
135	139
135	141
135	149
135	150
135	153
135	155
135	158
135	166
135	176
135	179
135	324
135	473
136	16
136	38
136	43
136	55
136	76
136	86
136	102
136	108
136	118
136	129
136	130
136	138
136	140
136	144
136	149
136	152
136	160
136	161
136	162
136	171
136	178
136	180
136	183
136	991
137	3
137	14
137	20
137	51
137	64
137	73
137	80
137	87
137	91
137	98
137	111
137	122
137	123
137	124
137	125
137	132
137	146
137	147
137	149
137	165
137	166
137	174
137	177
137	440
138	6
138	8
138	15
138	42
138	57
138	81
138	89
138	97
138	107
138	115
138	119
138	132
138	136
138	142
138	146
138	148
138	155
138	156
138	159
138	167
138	181
138	182
138	184
138	1000
139	27
139	47
139	56
139	66
139	69
139	99
139	100
139	101
139	103
139	112
139	129
139	133
139	134
139	135
139	141
139	150
139	152
139	153
139	158
139	162
139	168
139	172
139	175
139	179
139	563
140	18
140	32
140	35
140	54
140	77
140	95
140	102
140	105
140	108
140	112
140	114
140	118
140	133
140	136
140	144
140	150
140	152
140	160
140	161
140	171
140	172
140	175
140	178
140	180
140	968
141	25
141	29
141	44
141	56
141	62
141	67
141	68
141	69
141	80
141	100
141	101
141	104
141	112
141	126
141	133
141	135
141	139
141	153
141	154
141	162
141	166
141	174
141	176
141	179
141	882
142	30
142	33
142	78
142	81
142	83
142	85
142	91
142	92
142	96
142	105
142	107
142	119
142	127
142	138
142	146
142	151
142	152
142	158
142	159
142	167
142	170
142	173
142	181
142	182
142	184
142	310
143	17
143	54
143	76
143	86
143	95
143	96
143	105
143	114
143	118
143	125
143	129
143	130
143	134
143	152
143	154
143	156
143	157
143	158
143	160
143	171
143	172
143	178
143	180
143	181
143	183
143	686
144	38
144	54
144	55
144	65
144	93
144	102
144	105
144	108
144	111
144	116
144	125
144	134
144	136
144	140
144	149
144	152
144	153
144	156
144	160
144	161
144	170
144	171
144	172
144	178
144	180
144	684
144	717
145	26
145	61
145	63
145	64
145	71
145	73
145	87
145	91
145	98
145	100
145	106
145	109
145	117
145	121
145	122
145	123
145	124
145	128
145	132
145	163
145	164
145	165
145	174
145	175
145	182
145	677
145	744
146	4
146	15
146	42
146	45
146	52
146	72
146	89
146	90
146	92
146	107
146	119
146	125
146	127
146	130
146	137
146	138
146	142
146	155
146	159
146	160
146	164
146	165
146	167
146	173
146	182
146	184
146	251
147	2
147	14
147	20
147	26
147	36
147	63
147	65
147	80
147	87
147	91
147	98
147	106
147	111
147	117
147	123
147	124
147	128
147	137
147	160
147	162
147	163
147	165
147	174
147	177
147	178
147	179
147	743
148	11
148	21
148	32
148	33
148	42
148	50
148	52
148	57
148	85
148	90
148	97
148	107
148	119
148	121
148	127
148	138
148	155
148	164
148	167
148	169
148	170
148	173
148	178
148	181
148	182
148	183
148	184
148	357
149	7
149	16
149	35
149	39
149	59
149	86
149	95
149	103
149	108
149	112
149	118
149	125
149	131
149	134
149	135
149	136
149	137
149	144
149	156
149	160
149	166
149	169
149	171
149	172
149	178
149	180
149	183
149	239
149	468
150	7
150	23
150	33
150	58
150	68
150	70
150	71
150	82
150	88
150	97
150	99
150	104
150	109
150	113
150	128
150	129
150	135
150	139
150	140
150	153
150	154
150	162
150	163
150	166
150	168
150	169
150	175
150	179
150	570
151	8
151	35
151	42
151	50
151	51
151	52
151	69
151	72
151	78
151	83
151	89
151	107
151	115
151	119
151	127
151	142
151	156
151	159
151	160
151	163
151	164
151	167
151	170
151	172
151	173
151	181
151	182
151	184
151	657
152	6
152	18
152	29
152	53
152	77
152	86
152	96
152	124
152	130
152	131
152	136
152	139
152	140
152	142
152	143
152	144
152	153
152	156
152	157
152	160
152	161
152	171
152	172
152	177
152	178
152	179
152	180
152	183
152	489
152	670
153	12
153	23
153	27
153	35
153	36
153	56
153	67
153	71
153	79
153	82
153	84
153	88
153	93
153	105
153	113
153	123
153	134
153	135
153	139
153	141
153	144
153	150
153	152
153	154
153	162
153	166
153	168
153	169
153	179
153	713
153	790
154	25
154	27
154	37
154	51
154	56
154	58
154	59
154	71
154	77
154	79
154	84
154	92
154	100
154	110
154	112
154	116
154	131
154	133
154	141
154	143
154	150
154	153
154	162
154	166
154	168
154	169
154	175
154	176
154	179
154	343
154	993
155	4
155	10
155	19
155	43
155	45
155	50
155	69
155	71
155	81
155	83
155	90
155	96
155	107
155	115
155	119
155	127
155	135
155	138
155	146
155	148
155	159
155	164
155	167
155	169
155	170
155	173
155	180
155	182
155	184
155	412
155	580
156	16
156	19
156	35
156	39
156	42
156	76
156	77
156	96
156	105
156	114
156	118
156	125
156	130
156	131
156	138
156	143
156	144
156	149
156	151
156	152
156	157
156	159
156	160
156	161
156	171
156	172
156	173
156	178
156	180
156	183
156	950
157	6
157	29
157	31
157	39
157	46
157	54
157	76
157	85
157	86
157	95
157	105
157	108
157	114
157	118
157	122
157	125
157	127
157	131
157	134
157	143
157	152
157	156
157	161
157	167
157	171
157	172
157	178
157	180
157	182
157	183
157	306
157	954
158	1
158	9
158	25
158	26
158	31
158	33
158	49
158	56
158	58
158	65
158	74
158	79
158	93
158	100
158	110
158	113
158	116
158	120
158	121
158	126
158	128
158	133
158	135
158	139
158	142
158	143
158	168
158	169
158	175
158	176
158	179
158	180
158	373
159	15
159	33
159	37
159	41
159	43
159	45
159	61
159	75
159	78
159	81
159	83
159	85
159	89
159	90
159	107
159	115
159	138
159	142
159	146
159	151
159	155
159	156
159	161
159	164
159	167
159	170
159	171
159	173
159	181
159	182
159	184
159	294
159	895
160	6
160	13
160	18
160	38
160	39
160	54
160	59
160	76
160	77
160	95
160	102
160	105
160	108
160	114
160	115
160	123
160	125
160	136
160	140
160	143
160	144
160	146
160	147
160	149
160	151
160	152
160	156
160	171
160	174
160	178
160	180
160	453
160	690
161	7
161	16
161	50
161	58
161	59
161	76
161	86
161	95
161	96
161	99
161	105
161	108
161	118
161	125
161	128
161	130
161	131
161	134
161	136
161	140
161	144
161	152
161	156
161	157
161	159
161	168
161	171
161	172
161	178
161	179
161	180
161	183
161	482
161	992
162	8
162	31
162	47
162	48
162	49
162	58
162	63
162	65
162	67
162	70
162	71
162	82
162	91
162	93
162	100
162	104
162	120
162	126
162	133
162	136
162	139
162	141
162	147
162	150
162	153
162	154
162	166
162	168
162	175
162	176
162	179
162	180
162	236
162	838
163	3
163	10
163	11
163	20
163	34
163	40
163	41
163	48
163	61
163	63
163	64
163	68
163	73
163	80
163	82
163	87
163	91
163	103
163	106
163	109
163	111
163	122
163	124
163	132
163	145
163	147
163	150
163	151
163	164
163	165
163	174
163	175
163	177
163	180
163	471
164	12
164	15
164	20
164	27
164	42
164	43
164	45
164	50
164	57
164	69
164	75
164	78
164	85
164	89
164	90
164	92
164	95
164	107
164	119
164	127
164	145
164	146
164	148
164	151
164	155
164	159
164	163
164	166
164	167
164	170
164	173
164	181
164	182
164	184
164	541
164	659
165	2
165	5
165	11
165	14
165	18
165	26
165	32
165	36
165	40
165	48
165	54
165	61
165	73
165	80
165	88
165	89
165	98
165	103
165	106
165	109
165	111
165	117
165	121
165	122
165	123
165	124
165	132
165	137
165	145
165	146
165	147
165	163
165	174
165	177
165	840
165	978
166	1
166	4
166	5
166	13
166	22
166	31
166	49
166	60
166	65
166	70
166	82
166	88
166	93
166	94
166	110
166	113
166	116
166	119
166	126
166	129
166	135
166	137
166	141
166	149
166	150
166	153
166	154
166	162
166	164
166	168
166	169
166	175
166	176
166	179
166	183
166	275
166	584
167	6
167	8
167	17
167	19
167	21
167	28
167	45
167	51
167	53
167	69
167	75
167	77
167	78
167	81
167	85
167	88
167	90
167	92
167	95
167	115
167	119
167	127
167	138
167	142
167	146
167	148
167	151
167	155
167	157
167	159
167	164
167	170
167	173
167	181
167	182
167	184
167	454
167	781
168	1
168	7
168	24
168	25
168	27
168	31
168	56
168	60
168	62
168	65
168	66
168	68
168	74
168	93
168	99
168	107
168	112
168	113
168	129
168	132
168	133
168	139
168	150
168	153
168	154
168	158
168	161
168	162
168	166
168	169
168	172
168	175
168	176
168	179
168	181
168	183
168	184
168	625
168	645
169	1
169	13
169	17
169	22
169	24
169	25
169	31
169	36
169	37
169	47
169	51
169	60
169	62
169	65
169	82
169	87
169	93
169	94
169	101
169	104
169	113
169	118
169	120
169	129
169	148
169	149
169	150
169	153
169	154
169	155
169	158
169	166
169	168
169	172
169	175
169	176
169	179
169	525
169	734
170	8
170	19
170	21
170	30
170	33
170	42
170	45
170	51
170	52
170	56
170	57
170	58
170	72
170	75
170	76
170	81
170	83
170	85
170	92
170	115
170	119
170	126
170	127
170	142
170	144
170	148
170	151
170	155
170	159
170	164
170	167
170	173
170	175
170	176
170	180
170	181
170	182
170	184
170	667
170	678
171	6
171	7
171	22
171	29
171	39
171	46
171	52
171	53
171	55
171	59
171	76
171	77
171	86
171	95
171	102
171	107
171	108
171	131
171	134
171	136
171	140
171	143
171	144
171	149
171	152
171	156
171	157
171	159
171	160
171	161
171	172
171	176
171	177
171	178
171	180
171	181
171	183
171	184
171	560
171	994
172	3
172	6
172	7
172	18
172	29
172	35
172	38
172	53
172	54
172	59
172	64
172	66
172	76
172	77
172	95
172	96
172	102
172	104
172	105
172	114
172	125
172	130
172	131
172	134
172	139
172	140
172	143
172	144
172	149
172	151
172	152
172	156
172	157
172	161
172	168
172	169
172	171
172	174
172	178
172	180
172	183
172	612
172	714
173	2
173	15
173	17
173	19
173	21
173	30
173	32
173	43
173	47
173	50
173	51
173	52
173	57
173	69
173	72
173	75
173	78
173	83
173	85
173	87
173	89
173	90
173	101
173	111
173	115
173	119
173	133
173	142
173	146
173	148
173	151
173	155
173	156
173	159
173	164
173	167
173	170
173	174
173	181
173	182
173	184
173	285
173	724
174	3
174	5
174	10
174	20
174	26
174	28
174	29
174	34
174	40
174	41
174	44
174	48
174	61
174	64
174	72
174	73
174	80
174	87
174	89
174	91
174	98
174	106
174	108
174	109
174	111
174	117
174	121
174	122
174	123
174	124
174	128
174	137
174	141
174	145
174	147
174	160
174	163
174	165
174	172
174	173
174	176
174	177
174	700
174	930
175	9
175	14
175	24
175	25
175	27
175	36
175	37
175	43
175	47
175	49
175	56
175	58
175	62
175	68
175	74
175	84
175	88
175	93
175	97
175	99
175	101
175	104
175	109
175	110
175	112
175	120
175	122
175	133
175	139
175	140
175	145
175	150
175	154
175	158
175	162
175	163
175	166
175	168
175	169
175	170
175	179
175	181
175	777
175	829
176	12
176	22
176	23
176	25
176	36
176	37
176	47
176	60
176	65
176	67
176	71
176	74
176	84
176	90
176	94
176	97
176	100
176	107
176	110
176	112
176	113
176	116
176	120
176	121
176	126
176	129
176	133
176	134
176	135
176	141
176	154
176	158
176	162
176	166
176	168
176	169
176	170
176	171
176	174
176	179
176	180
176	181
176	540
176	831
177	2
177	3
177	5
177	11
177	20
177	24
177	26
177	28
177	34
177	41
177	44
177	46
177	48
177	61
177	63
177	64
177	73
177	78
177	79
177	80
177	87
177	91
177	98
177	103
177	106
177	109
177	111
177	116
177	117
177	121
177	122
177	123
177	124
177	132
177	137
177	147
177	152
177	163
177	165
177	171
177	174
177	178
177	277
177	752
178	18
178	29
178	35
178	53
178	54
178	55
178	62
178	76
178	77
178	86
178	95
178	96
178	102
178	104
178	105
178	108
178	114
178	118
178	125
178	128
178	129
178	130
178	131
178	133
178	134
178	136
178	140
178	143
178	144
178	147
178	148
178	149
178	152
178	156
178	157
178	160
178	161
178	171
178	172
178	177
178	180
178	183
178	258
178	601
178	708
179	1
179	23
179	24
179	27
179	34
179	36
179	42
179	57
179	58
179	65
179	67
179	68
179	70
179	76
179	79
179	84
179	94
179	99
179	100
179	101
179	110
179	112
179	116
179	124
179	126
179	129
179	133
179	135
179	139
179	141
179	147
179	150
179	152
179	153
179	154
179	158
179	161
179	162
179	166
179	168
179	169
179	175
179	176
179	184
179	283
179	445
179	491
180	6
180	8
180	29
180	38
180	43
180	46
180	53
180	54
180	55
180	59
180	77
180	84
180	86
180	95
180	96
180	102
180	105
180	108
180	114
180	118
180	120
180	125
180	130
180	131
180	134
180	136
180	140
180	143
180	144
180	149
180	152
180	155
180	156
180	157
180	158
180	160
180	161
180	162
180	163
180	170
180	171
180	172
180	176
180	178
180	183
180	452
180	858
181	4
181	17
181	19
181	21
181	30
181	32
181	33
181	43
181	45
181	46
181	50
181	51
181	52
181	57
181	65
181	69
181	72
181	75
181	78
181	81
181	83
181	85
181	92
181	96
181	107
181	115
181	118
181	126
181	127
181	138
181	142
181	143
181	148
181	151
181	159
181	164
181	167
181	168
181	170
181	171
181	173
181	175
181	176
181	182
181	184
181	308
181	989
182	1
182	4
182	8
182	9
182	24
182	30
182	32
182	33
182	42
182	43
182	44
182	45
182	50
182	51
182	57
182	69
182	72
182	75
182	81
182	83
182	89
182	90
182	92
182	98
182	103
182	104
182	106
182	107
182	115
182	119
182	138
182	142
182	145
182	146
182	148
182	151
182	155
182	157
182	159
182	164
182	167
182	170
182	173
182	181
182	184
182	341
182	776
183	6
183	7
183	13
183	16
183	18
183	29
183	38
183	39
183	46
183	53
183	54
183	55
183	59
183	74
183	75
183	76
183	77
183	86
183	94
183	95
183	96
183	102
183	105
183	108
183	112
183	114
183	118
183	123
183	125
183	130
183	131
183	132
183	134
183	136
183	143
183	148
183	149
183	152
183	156
183	157
183	161
183	166
183	168
183	171
183	172
183	178
183	180
183	441
183	832
184	3
184	4
184	8
184	15
184	17
184	21
184	30
184	32
184	33
184	41
184	42
184	45
184	50
184	51
184	52
184	55
184	57
184	66
184	69
184	70
184	72
184	78
184	80
184	81
184	83
184	84
184	85
184	89
184	92
184	107
184	115
184	138
184	142
184	146
184	148
184	151
184	155
184	159
184	164
184	167
184	168
184	170
184	171
184	173
184	179
184	181
184	182
184	332
184	804
185	207
185	278
185	285
185	289
185	312
185	313
185	320
185	322
185	330
185	341
186	274
186	305
186	307
186	321
186	333
186	336
186	338
186	343
186	344
186	345
187	286
187	291
187	306
187	307
187	325
187	336
187	338
187	343
187	344
187	345
188	69
188	215
188	309
188	321
188	330
188	334
188	338
188	343
188	344
188	345
189	324
189	329
189	331
189	332
189	334
189	335
189	338
189	340
189	341
189	342
190	221
190	323
190	324
190	326
190	331
190	332
190	339
190	341
190	342
190	476
191	114
191	226
191	278
191	300
191	323
191	325
191	339
191	340
191	341
191	342
192	246
192	266
192	276
192	283
192	286
192	298
192	306
192	312
192	327
192	791
193	219
193	264
193	268
193	326
193	334
193	335
193	339
193	340
193	341
193	342
194	282
194	318
194	324
194	325
194	330
194	338
194	343
194	344
194	345
194	551
195	224
195	310
195	318
195	323
195	324
195	334
195	339
195	340
195	341
195	342
196	206
196	220
196	244
196	279
196	294
196	296
196	312
196	319
196	320
196	370
197	234
197	253
197	266
197	287
197	288
197	306
197	314
197	317
197	327
197	595
198	225
198	253
198	266
198	283
198	286
198	287
198	292
198	311
198	317
198	327
199	213
199	223
199	293
199	299
199	300
199	303
199	326
199	329
199	337
199	425
200	221
200	250
200	325
200	333
200	334
200	336
200	338
200	343
200	344
200	345
201	249
201	255
201	259
201	279
201	285
201	290
201	313
201	319
201	320
201	322
201	446
202	262
202	267
202	286
202	295
202	298
202	306
202	311
202	320
202	327
202	328
202	333
203	288
203	300
203	301
203	324
203	330
203	332
203	335
203	339
203	340
203	341
203	608
204	214
204	244
204	250
204	277
204	278
204	281
204	301
204	312
204	319
204	331
204	493
205	231
205	262
205	283
205	287
205	295
205	298
205	302
205	311
205	314
205	327
205	341
206	196
206	210
206	228
206	279
206	289
206	294
206	305
206	312
206	320
206	322
206	856
207	185
207	226
207	244
207	269
207	278
207	294
207	296
207	312
207	320
207	335
207	732
208	226
208	238
208	255
208	272
208	321
208	325
208	333
208	338
208	343
208	344
208	345
209	229
209	234
209	257
209	293
209	302
209	312
209	316
209	326
209	329
209	337
209	748
210	206
210	238
210	249
210	266
210	269
210	285
210	289
210	301
210	319
210	320
210	337
211	271
211	292
211	304
211	323
211	325
211	334
211	335
211	339
211	340
211	341
211	342
212	269
212	280
212	289
212	294
212	296
212	310
212	312
212	319
212	320
212	344
212	606
213	199
213	247
213	261
213	284
213	302
213	303
213	316
213	326
213	328
213	329
213	337
214	204
214	268
214	277
214	278
214	280
214	289
214	296
214	309
214	312
214	322
214	900
215	188
215	217
215	224
215	227
215	271
215	308
215	316
215	328
215	329
215	332
215	334
215	337
216	238
216	240
216	253
216	291
216	309
216	315
216	330
216	336
216	340
216	343
216	344
216	345
217	215
217	222
217	224
217	261
217	262
217	271
217	286
217	299
217	319
217	326
217	328
217	337
218	231
218	258
218	262
218	286
218	303
218	306
218	311
218	314
218	317
218	327
218	340
218	642
219	193
219	226
219	297
219	307
219	318
219	321
219	330
219	332
219	336
219	338
219	344
219	345
220	196
220	229
220	270
220	271
220	273
220	275
220	287
220	293
220	326
220	328
220	330
220	337
221	190
221	200
221	228
221	265
221	315
221	330
221	333
221	336
221	340
221	343
221	344
221	345
222	217
222	227
222	230
222	234
222	239
222	278
222	291
222	303
222	316
222	326
222	328
222	337
223	199
223	292
223	294
223	310
223	327
223	332
223	334
223	335
223	339
223	340
223	341
223	342
224	195
224	215
224	217
224	227
224	229
224	242
224	255
224	273
224	308
224	326
224	329
224	626
225	198
225	236
225	305
225	324
225	326
225	331
225	332
225	335
225	339
225	340
225	341
225	342
226	191
226	207
226	208
226	219
226	268
226	331
226	332
226	334
226	335
226	339
226	340
226	341
226	342
227	215
227	222
227	224
227	232
227	242
227	259
227	271
227	279
227	293
227	302
227	316
227	318
227	328
228	206
228	221
228	230
228	236
228	307
228	315
228	325
228	334
228	336
228	343
228	344
228	345
228	722
229	209
229	220
229	224
229	251
229	252
229	261
229	299
229	307
229	316
229	328
229	329
229	337
229	339
230	222
230	228
230	284
230	290
230	291
230	315
230	319
230	333
230	336
230	338
230	343
230	345
230	860
231	205
231	218
231	258
231	266
231	287
231	298
231	303
231	306
231	311
231	314
231	316
231	327
231	965
232	227
232	234
232	242
232	248
232	251
232	256
232	270
232	276
232	279
232	293
232	302
232	328
232	329
233	260
233	261
233	295
233	304
233	305
233	324
233	334
233	335
233	339
233	340
233	341
233	342
233	962
234	197
234	209
234	222
234	232
234	248
234	257
234	273
234	299
234	303
234	308
234	325
234	326
234	337
235	273
235	292
235	293
235	300
235	309
235	324
235	331
235	332
235	334
235	340
235	341
235	342
235	740
236	162
236	225
236	228
236	261
236	273
236	302
236	303
236	308
236	316
236	328
236	329
236	333
236	337
237	257
237	258
237	266
237	267
237	276
237	283
237	295
237	306
237	314
237	317
237	327
237	345
237	711
238	208
238	210
238	216
238	247
238	282
238	284
238	292
238	331
238	335
238	339
238	340
238	341
238	342
238	967
239	149
239	222
239	270
239	287
239	291
239	293
239	295
239	303
239	308
239	316
239	326
239	328
239	329
239	337
240	216
240	252
240	253
240	255
240	262
240	307
240	315
240	328
240	333
240	338
240	343
240	344
240	345
240	487
241	67
241	249
241	251
241	259
241	280
241	289
241	296
241	301
241	308
241	312
241	313
241	319
241	322
241	333
242	224
242	227
242	232
242	247
242	251
242	271
242	299
242	302
242	308
242	326
242	328
242	329
242	337
242	338
243	254
243	290
243	297
243	325
243	330
243	333
243	334
243	336
243	338
243	342
243	343
243	344
243	345
243	916
244	196
244	204
244	207
244	250
244	259
244	277
244	280
244	285
244	294
244	312
244	313
244	329
244	339
244	472
245	253
245	267
245	276
245	286
245	290
245	295
245	298
245	299
245	306
245	314
245	317
245	321
245	327
245	739
246	192
246	251
246	255
246	256
246	309
246	318
246	328
246	330
246	333
246	336
246	338
246	343
246	344
246	345
246	731
247	213
247	238
247	242
247	284
247	288
247	300
247	319
247	331
247	332
247	334
247	335
247	340
247	341
247	342
247	387
248	232
248	234
248	259
248	261
248	293
248	299
248	302
248	303
248	308
248	323
248	328
248	329
248	336
248	337
248	741
249	201
249	210
249	241
249	279
249	280
249	289
249	296
249	301
249	313
249	315
249	319
249	320
249	322
249	344
249	578
250	200
250	204
250	244
250	269
250	277
250	278
250	280
250	294
250	296
250	312
250	320
250	322
250	325
250	345
250	745
251	146
251	229
251	232
251	241
251	242
251	246
251	270
251	275
251	294
251	299
251	302
251	303
251	308
251	328
251	337
252	229
252	240
252	256
252	272
252	293
252	309
252	318
252	325
252	332
252	333
252	338
252	343
252	344
252	345
252	929
253	197
253	198
253	216
253	240
253	245
253	262
253	266
253	287
253	302
253	306
253	311
253	314
253	317
253	327
253	999
254	243
254	265
254	274
254	290
254	297
254	301
254	307
254	318
254	330
254	336
254	337
254	338
254	343
254	344
254	345
254	847
255	201
255	208
255	224
255	240
255	246
255	271
255	297
255	318
255	325
255	330
255	336
255	338
255	343
255	344
255	345
255	609
256	232
256	246
256	252
256	304
256	307
256	309
256	321
256	325
256	330
256	333
256	336
256	342
256	343
256	344
256	345
256	464
257	209
257	234
257	237
257	281
257	291
257	297
257	317
257	318
257	321
257	325
257	330
257	333
257	338
257	343
257	344
257	345
258	178
258	218
258	231
258	237
258	262
258	283
258	287
258	289
258	295
258	297
258	298
258	311
258	314
258	317
258	327
258	345
259	201
259	227
259	241
259	244
259	248
259	268
259	269
259	277
259	278
259	279
259	294
259	301
259	312
259	319
259	322
259	764
260	233
260	272
260	274
260	304
260	305
260	308
260	310
260	324
260	331
260	332
260	334
260	339
260	340
260	341
260	342
260	345
261	213
261	217
261	229
261	233
261	236
261	248
261	270
261	273
261	275
261	283
261	299
261	316
261	328
261	329
261	332
261	337
261	345
262	202
262	205
262	217
262	218
262	240
262	253
262	258
262	267
262	276
262	295
262	298
262	306
262	311
262	317
262	327
262	337
262	343
263	264
263	268
263	274
263	277
263	284
263	288
263	310
263	318
263	323
263	325
263	331
263	335
263	339
263	340
263	341
263	342
263	752
264	193
264	263
264	275
264	288
264	304
264	310
264	316
264	323
264	324
264	329
264	331
264	334
264	335
264	339
264	341
264	342
264	434
265	221
265	254
265	274
265	281
265	291
265	303
265	321
265	325
265	330
265	331
265	333
265	336
265	338
265	343
265	344
265	345
265	454
266	192
266	197
266	198
266	210
266	231
266	237
266	253
266	276
266	283
266	286
266	295
266	311
266	317
266	327
266	331
266	336
266	430
267	202
267	237
267	245
267	262
267	275
267	283
267	286
267	287
267	295
267	298
267	311
267	314
267	317
267	327
267	332
267	340
267	640
268	193
268	214
268	226
268	259
268	263
268	274
268	282
268	310
268	323
268	326
268	331
268	332
268	335
268	339
268	340
268	341
268	342
269	207
269	210
269	212
269	250
269	259
269	277
269	279
269	282
269	301
269	312
269	313
269	319
269	320
269	322
269	327
269	342
269	892
270	220
270	232
270	239
270	251
270	261
270	273
270	297
270	302
270	303
270	308
270	316
270	323
270	326
270	329
270	336
270	337
270	342
270	828
271	68
271	211
271	215
271	217
271	220
271	227
271	242
271	255
271	273
271	275
271	293
271	303
271	305
271	314
271	316
271	326
271	329
271	337
272	10
272	208
272	252
272	260
272	304
272	307
272	309
272	315
272	320
272	325
272	328
272	330
272	333
272	336
272	338
272	343
272	344
272	345
273	220
273	224
273	234
273	235
273	236
273	261
273	270
273	271
273	275
273	277
273	282
273	308
273	323
273	326
273	328
273	329
273	337
273	981
274	186
274	254
274	260
274	263
274	265
274	268
274	299
274	304
274	310
274	323
274	324
274	332
274	334
274	335
274	339
274	340
274	342
274	942
275	166
275	220
275	251
275	261
275	264
275	267
275	271
275	273
275	285
275	293
275	299
275	302
275	308
275	314
275	316
275	326
275	328
275	329
275	337
276	7
276	192
276	232
276	237
276	245
276	262
276	266
276	283
276	286
276	287
276	290
276	298
276	306
276	311
276	314
276	317
276	327
276	331
276	342
277	177
277	204
277	214
277	244
277	250
277	259
277	263
277	269
277	273
277	279
277	280
277	296
277	301
277	312
277	313
277	319
277	320
277	322
277	344
278	185
278	191
278	204
278	207
278	214
278	222
278	250
278	259
278	280
278	285
278	289
278	296
278	301
278	312
278	313
278	314
278	319
278	331
278	517
279	196
279	201
279	206
279	227
279	232
279	249
279	259
279	269
279	277
279	294
279	296
279	298
279	300
279	301
279	313
279	319
279	322
279	324
279	643
280	212
280	214
280	241
280	244
280	249
280	250
280	277
280	278
280	285
280	296
280	301
280	312
280	319
280	320
280	322
280	327
280	329
280	342
280	748
281	204
281	257
281	265
281	291
281	297
281	300
281	307
281	315
281	318
281	320
281	321
281	333
281	334
281	336
281	338
281	343
281	344
281	345
281	780
282	194
282	238
282	268
282	269
282	273
282	292
282	305
282	310
282	313
282	324
282	331
282	332
282	334
282	335
282	339
282	340
282	341
282	342
282	722
283	179
283	192
283	198
283	205
283	237
283	258
283	261
283	266
283	267
283	276
283	287
283	292
283	295
283	306
283	310
283	311
283	317
283	319
283	327
284	213
284	230
284	238
284	247
284	263
284	300
284	301
284	304
284	305
284	310
284	323
284	331
284	334
284	335
284	339
284	340
284	341
284	342
284	399
285	173
285	185
285	201
285	210
285	244
285	275
285	278
285	280
285	287
285	289
285	294
285	296
285	301
285	312
285	313
285	318
285	319
285	322
285	327
286	187
286	192
286	198
286	202
286	217
286	218
286	245
286	266
286	267
286	276
286	287
286	295
286	298
286	306
286	314
286	327
286	329
286	330
286	418
287	197
287	198
287	205
287	220
287	231
287	239
287	253
287	258
287	267
287	276
287	283
287	285
287	286
287	289
287	295
287	298
287	314
287	317
287	327
287	369
288	197
288	203
288	247
288	263
288	264
288	292
288	298
288	304
288	305
288	313
288	314
288	323
288	331
288	332
288	335
288	339
288	340
288	341
288	342
288	474
289	185
289	206
289	210
289	212
289	214
289	241
289	249
289	258
289	278
289	285
289	287
289	294
289	296
289	312
289	313
289	320
289	322
289	335
289	343
289	447
290	201
290	230
290	243
290	245
290	254
290	276
290	291
290	293
290	297
290	309
290	315
290	321
290	325
290	330
290	333
290	338
290	343
290	344
290	345
290	723
291	187
291	216
291	222
291	230
291	239
291	257
291	265
291	281
291	290
291	309
291	315
291	318
291	330
291	333
291	335
291	336
291	337
291	343
291	344
291	345
291	854
292	98
292	198
292	211
292	223
292	235
292	238
292	282
292	283
292	288
292	304
292	305
292	315
292	320
292	323
292	327
292	331
292	332
292	334
292	339
292	340
292	341
293	199
293	209
293	220
293	227
293	232
293	235
293	239
293	248
293	252
293	271
293	275
293	290
293	299
293	302
293	308
293	326
293	328
293	329
293	337
293	338
293	455
294	159
294	196
294	206
294	207
294	212
294	223
294	244
294	250
294	251
294	259
294	279
294	285
294	289
294	296
294	313
294	319
294	320
294	322
294	336
294	341
294	796
295	202
295	205
295	233
295	237
295	239
295	245
295	258
295	262
295	266
295	267
295	283
295	286
295	287
295	298
295	302
295	311
295	314
295	317
295	327
295	342
295	985
296	5
296	196
296	207
296	212
296	214
296	241
296	249
296	250
296	277
296	278
296	279
296	280
296	285
296	289
296	294
296	301
296	313
296	315
296	316
296	320
296	329
296	339
297	219
297	243
297	254
297	255
297	257
297	258
297	270
297	281
297	290
297	307
297	309
297	315
297	328
297	333
297	336
297	337
297	338
297	340
297	343
297	344
297	345
297	763
298	192
298	202
298	205
298	231
298	245
298	258
298	262
298	267
298	276
298	279
298	286
298	287
298	288
298	295
298	303
298	306
298	311
298	314
298	317
298	327
298	344
298	807
299	199
299	217
299	229
299	234
299	242
299	245
299	248
299	251
299	261
299	274
299	275
299	293
299	301
299	302
299	303
299	313
299	316
299	326
299	328
299	329
299	337
299	959
300	191
300	199
300	203
300	235
300	247
300	279
300	281
300	284
300	305
300	310
300	323
300	324
300	331
300	332
300	334
300	335
300	339
300	340
300	341
300	342
300	343
300	346
301	203
301	204
301	210
301	241
301	249
301	254
301	259
301	269
301	277
301	278
301	279
301	280
301	284
301	285
301	296
301	299
301	312
301	313
301	319
301	320
301	322
301	341
301	699
302	205
302	209
302	213
302	227
302	232
302	236
302	242
302	248
302	251
302	253
302	270
302	275
302	293
302	295
302	299
302	316
302	320
302	326
302	328
302	329
302	337
302	345
302	951
303	199
303	213
303	218
303	222
303	231
303	234
303	236
303	239
303	248
303	251
303	265
303	270
303	271
303	298
303	299
303	308
303	316
303	326
303	328
303	329
303	337
303	338
303	477
304	211
304	233
304	256
304	260
304	264
304	272
304	274
304	284
304	288
304	292
304	305
304	309
304	323
304	324
304	332
304	334
304	335
304	339
304	340
304	341
304	342
304	345
304	751
305	186
305	206
305	225
305	233
305	260
305	271
305	282
305	284
305	288
305	292
305	300
305	304
305	310
305	322
305	331
305	332
305	334
305	335
305	338
305	339
305	340
305	342
305	821
306	157
306	187
306	192
306	197
306	202
306	218
306	231
306	237
306	245
306	253
306	262
306	276
306	283
306	286
306	298
306	311
306	314
306	317
306	327
306	329
306	336
306	339
306	341
307	186
307	187
307	219
307	228
307	229
307	240
307	254
307	256
307	272
307	281
307	297
307	311
307	317
307	321
307	330
307	333
307	336
307	338
307	342
307	343
307	344
307	345
307	898
308	181
308	215
308	224
308	234
308	236
308	239
308	241
308	242
308	248
308	251
308	260
308	270
308	273
308	275
308	293
308	303
308	326
308	329
308	331
308	335
308	337
308	343
308	390
309	188
309	214
309	216
309	235
309	246
309	252
309	256
309	272
309	290
309	291
309	297
309	304
309	318
309	325
309	330
309	336
309	338
309	339
309	343
309	344
309	345
309	457
309	789
310	142
310	195
310	212
310	223
310	260
310	263
310	264
310	268
310	274
310	282
310	283
310	284
310	300
310	305
310	315
310	317
310	332
310	334
310	335
310	339
310	340
310	341
310	342
310	343
311	198
311	202
311	205
311	218
311	231
311	253
311	258
311	262
311	266
311	267
311	276
311	283
311	295
311	298
311	306
311	307
311	314
311	317
311	322
311	323
311	327
311	334
311	338
311	814
312	185
312	192
312	196
312	204
312	206
312	207
312	209
312	212
312	214
312	241
312	244
312	250
312	259
312	269
312	277
312	278
312	280
312	285
312	289
312	301
312	313
312	333
312	338
312	736
313	185
313	201
313	241
313	244
313	249
313	269
313	277
313	278
313	279
313	282
313	285
313	288
313	289
313	294
313	296
313	299
313	301
313	312
313	319
313	320
313	322
313	323
313	341
313	710
313	859
314	197
314	205
314	218
314	231
314	237
314	245
314	253
314	258
314	267
314	271
314	275
314	276
314	278
314	286
314	287
314	288
314	295
314	298
314	306
314	311
314	317
314	321
314	327
314	411
314	685
315	216
315	221
315	228
315	230
315	240
315	249
315	272
315	281
315	290
315	291
315	292
315	296
315	297
315	310
315	318
315	321
315	325
315	330
315	336
315	338
315	341
315	343
315	344
315	345
315	614
316	209
316	213
316	215
316	222
316	227
316	229
316	231
316	236
316	239
316	261
316	264
316	270
316	271
316	275
316	296
316	299
316	302
316	303
316	326
316	328
316	329
316	337
316	342
316	343
316	519
317	197
317	198
317	218
317	237
317	245
317	253
317	257
317	258
317	262
317	266
317	267
317	276
317	283
317	287
317	295
317	298
317	306
317	307
317	310
317	311
317	314
317	327
317	330
317	400
317	763
318	194
318	195
318	219
318	227
318	246
318	252
318	254
318	255
318	257
318	263
318	281
318	285
318	291
318	309
318	315
318	321
318	330
318	333
318	336
318	338
318	340
318	343
318	344
318	345
318	409
319	196
319	201
319	204
319	210
319	212
319	217
319	230
319	241
319	247
319	249
319	259
319	269
319	277
319	278
319	279
319	280
319	283
319	285
319	294
319	301
319	313
319	320
319	322
319	343
319	621
320	185
320	196
320	201
320	202
320	206
320	207
320	210
320	212
320	249
320	250
320	269
320	272
320	277
320	280
320	281
320	289
320	292
320	294
320	296
320	301
320	302
320	313
320	319
320	322
320	335
320	865
321	96
321	186
321	188
321	208
321	219
321	245
321	256
321	257
321	265
321	281
321	290
321	307
321	314
321	315
321	318
321	325
321	330
321	332
321	333
321	335
321	336
321	337
321	338
321	343
321	344
321	345
322	185
322	201
322	206
322	214
322	241
322	249
322	250
322	259
322	269
322	277
322	279
322	280
322	285
322	289
322	294
322	301
322	305
322	311
322	313
322	319
322	320
322	324
322	326
322	336
322	337
322	639
322	764
323	190
323	191
323	195
323	211
323	248
323	263
323	264
323	268
323	270
323	273
323	274
323	284
323	288
323	292
323	300
323	304
323	311
323	313
323	324
323	331
323	333
323	334
323	335
323	339
323	340
323	341
323	342
323	617
324	135
324	189
324	190
324	194
324	195
324	203
324	225
324	233
324	235
324	260
324	264
324	274
324	279
324	282
324	300
324	304
324	322
324	323
324	325
324	331
324	332
324	334
324	335
324	339
324	340
324	341
324	342
324	344
325	187
325	191
325	194
325	200
325	208
325	211
325	228
325	234
325	243
325	250
325	252
325	255
325	256
325	257
325	263
325	265
325	272
325	290
325	309
325	315
325	321
325	324
325	333
325	336
325	343
325	344
325	345
325	553
325	977
326	190
326	193
326	199
326	209
326	213
326	217
326	220
326	222
326	224
326	225
326	234
326	239
326	242
326	268
326	270
326	271
326	273
326	275
326	293
326	299
326	302
326	303
326	308
326	316
326	322
326	328
326	329
326	337
326	345
326	987
327	192
327	197
327	198
327	202
327	205
327	218
327	223
327	231
327	237
327	245
327	253
327	258
327	262
327	266
327	267
327	269
327	276
327	280
327	283
327	285
327	286
327	287
327	292
327	295
327	298
327	306
327	311
327	314
327	317
327	709
327	891
328	202
328	213
328	215
328	217
328	220
328	222
328	227
328	229
328	232
328	236
328	239
328	240
328	242
328	246
328	248
328	251
328	261
328	272
328	273
328	275
328	293
328	297
328	299
328	302
328	303
328	316
328	326
328	329
328	337
328	339
328	344
328	837
328	839
329	189
329	199
329	209
329	213
329	215
329	224
329	229
329	232
329	236
329	239
329	242
329	244
329	248
329	261
329	264
329	270
329	271
329	273
329	275
329	280
329	286
329	293
329	296
329	299
329	302
329	303
329	306
329	308
329	316
329	326
329	328
329	337
329	669
330	185
330	188
330	194
330	203
330	216
330	219
330	220
330	221
330	243
330	246
330	254
330	255
330	256
330	257
330	265
330	272
330	286
330	290
330	291
330	307
330	309
330	315
330	317
330	318
330	321
330	333
330	335
330	336
330	338
330	343
330	344
330	345
330	733
330	971
331	189
331	190
331	204
331	225
331	226
331	235
331	238
331	247
331	260
331	263
331	264
331	265
331	266
331	268
331	276
331	278
331	282
331	284
331	288
331	292
331	300
331	305
331	308
331	323
331	324
331	332
331	334
331	339
331	340
331	341
331	342
331	343
331	453
331	901
332	184
332	189
332	190
332	203
332	215
332	219
332	223
332	225
332	226
332	235
332	247
332	252
332	260
332	261
332	267
332	268
332	274
332	282
332	288
332	292
332	300
332	304
332	305
332	310
332	321
332	324
332	331
332	334
332	335
332	339
332	340
332	341
332	342
332	345
332	811
333	186
333	200
333	202
333	208
333	221
333	230
333	236
333	240
333	241
333	243
333	246
333	252
333	256
333	257
333	265
333	272
333	281
333	290
333	291
333	297
333	307
333	312
333	318
333	321
333	323
333	325
333	330
333	338
333	339
333	341
333	343
333	344
333	345
333	423
333	516
334	126
334	188
334	189
334	193
334	195
334	200
334	211
334	215
334	223
334	226
334	228
334	233
334	235
334	243
334	247
334	260
334	264
334	274
334	281
334	282
334	284
334	292
334	300
334	304
334	305
334	310
334	311
334	323
334	324
334	331
334	332
334	335
334	339
334	340
334	341
334	342
334	442
335	189
335	193
335	203
335	207
335	211
335	223
335	225
335	226
335	233
335	238
335	247
335	263
335	264
335	268
335	274
335	282
335	284
335	288
335	289
335	291
335	300
335	304
335	305
335	308
335	310
335	320
335	321
335	323
335	324
335	330
335	332
335	334
335	339
335	340
335	341
335	342
335	344
335	883
336	186
336	187
336	200
336	216
336	219
336	221
336	228
336	230
336	243
336	246
336	248
336	254
336	255
336	256
336	265
336	266
336	270
336	272
336	281
336	291
336	294
336	297
336	306
336	307
336	309
336	315
336	318
336	321
336	322
336	325
336	330
336	338
336	340
336	343
336	344
336	345
336	404
336	783
337	120
337	199
337	209
337	210
337	213
337	215
337	217
337	220
337	222
337	229
337	234
337	236
337	239
337	242
337	248
337	251
337	254
337	261
337	262
337	270
337	271
337	273
337	275
337	291
337	293
337	297
337	299
337	302
337	303
337	308
337	316
337	321
337	322
337	326
337	328
337	329
337	344
337	744
338	15
338	186
338	187
338	188
338	189
338	194
338	200
338	208
338	219
338	230
338	240
338	242
338	243
338	246
338	252
338	254
338	255
338	257
338	265
338	272
338	281
338	290
338	293
338	297
338	303
338	305
338	307
338	309
338	311
338	312
338	315
338	318
338	321
338	330
338	333
338	336
338	339
338	343
338	344
338	345
338	459
339	190
339	191
339	193
339	195
339	203
339	211
339	223
339	225
339	226
339	229
339	233
339	238
339	244
339	260
339	263
339	264
339	268
339	274
339	282
339	284
339	288
339	292
339	296
339	300
339	304
339	305
339	306
339	309
339	310
339	323
339	324
339	328
339	331
339	332
339	333
339	334
339	335
339	338
339	340
339	341
339	342
339	345
339	753
339	944
340	189
340	191
340	193
340	195
340	203
340	211
340	216
340	218
340	221
340	223
340	225
340	226
340	233
340	235
340	238
340	247
340	260
340	263
340	267
340	268
340	274
340	282
340	284
340	288
340	292
340	297
340	300
340	304
340	305
340	310
340	318
340	323
340	324
340	331
340	332
340	334
340	335
340	336
340	339
340	341
340	342
340	343
340	344
340	533
340	636
341	182
341	185
341	189
341	190
341	191
341	193
341	195
341	203
341	205
341	211
341	223
341	225
341	226
341	233
341	235
341	238
341	247
341	260
341	263
341	264
341	268
341	282
341	284
341	288
341	292
341	294
341	300
341	301
341	304
341	306
341	310
341	313
341	315
341	323
341	324
341	331
341	332
341	333
341	334
341	335
341	339
341	340
341	342
341	344
341	756
342	33
342	189
342	190
342	191
342	193
342	195
342	211
342	223
342	225
342	226
342	233
342	235
342	238
342	243
342	247
342	256
342	260
342	263
342	264
342	268
342	269
342	270
342	274
342	276
342	280
342	282
342	284
342	288
342	295
342	300
342	304
342	305
342	307
342	310
342	316
342	323
342	324
342	331
342	332
342	334
342	335
342	339
342	340
342	341
342	727
342	956
343	76
343	154
343	186
343	187
343	188
343	194
343	200
343	208
343	216
343	221
343	228
343	230
343	240
343	243
343	246
343	252
343	254
343	255
343	256
343	257
343	262
343	265
343	272
343	281
343	289
343	290
343	291
343	297
343	300
343	307
343	308
343	309
343	310
343	315
343	316
343	318
343	319
343	321
343	325
343	330
343	331
343	333
343	336
343	338
343	340
343	344
343	345
344	186
344	187
344	188
344	194
344	200
344	208
344	212
344	216
344	219
344	221
344	228
344	240
344	243
344	246
344	249
344	252
344	254
344	255
344	256
344	257
344	265
344	272
344	277
344	281
344	290
344	291
344	297
344	298
344	307
344	309
344	315
344	318
344	321
344	324
344	325
344	328
344	330
344	333
344	335
344	336
344	337
344	338
344	340
344	341
344	343
344	345
344	382
344	435
345	22
345	186
345	187
345	188
345	194
345	200
345	208
345	216
345	219
345	221
345	228
345	230
345	237
345	240
345	243
345	246
345	250
345	252
345	254
345	255
345	256
345	257
345	258
345	260
345	261
345	265
345	272
345	281
345	290
345	291
345	297
345	302
345	304
345	307
345	309
345	315
345	318
345	321
345	325
345	326
345	330
345	332
345	333
345	336
345	338
345	339
345	343
345	344
345	443
345	737
346	300
346	364
346	376
346	397
346	405
346	443
346	452
346	453
346	470
346	474
347	356
347	414
347	428
347	429
347	435
347	437
347	439
347	445
347	446
347	453
348	385
348	428
348	462
348	463
348	465
348	471
348	473
348	474
348	475
348	477
349	367
349	376
349	415
349	439
349	443
349	445
349	455
349	464
349	465
349	872
350	82
350	378
350	418
350	454
350	457
350	461
350	468
350	472
350	476
351	399
351	405
351	409
351	412
351	429
351	435
351	440
351	448
351	470
351	477
352	391
352	414
352	419
352	433
352	440
352	441
352	448
352	462
352	473
352	477
353	372
353	397
353	401
353	411
353	415
353	419
353	448
353	455
353	456
353	850
354	379
354	387
354	392
354	394
354	400
354	424
354	441
354	468
354	470
354	554
355	365
355	397
355	416
355	438
355	458
355	461
355	462
355	468
355	472
355	476
356	92
356	347
356	376
356	379
356	387
356	411
356	429
356	448
356	476
356	477
357	148
357	406
357	420
357	426
357	433
357	440
357	453
357	460
357	470
357	477
358	413
358	416
358	444
358	445
358	451
358	452
358	454
358	458
358	464
358	468
358	476
359	377
359	404
359	405
359	451
359	460
359	462
359	466
359	471
359	473
359	474
359	475
360	398
360	406
360	422
360	451
360	452
360	454
360	458
360	464
360	468
360	473
360	476
361	363
361	391
361	395
361	396
361	424
361	434
361	438
361	454
361	472
361	476
361	513
362	364
362	370
362	378
362	383
362	384
362	425
362	439
362	441
362	442
362	470
362	475
363	361
363	444
363	450
363	452
363	454
363	461
363	464
363	470
363	472
363	473
363	476
364	346
364	362
364	372
364	384
364	391
364	435
364	455
364	467
364	475
364	477
364	899
365	355
365	373
365	404
365	410
365	419
365	432
365	450
365	461
365	464
365	468
365	476
366	413
366	432
366	437
366	449
366	451
366	462
366	465
366	466
366	473
366	474
366	475
367	349
367	371
367	376
367	385
367	395
367	409
367	414
367	419
367	445
367	453
367	470
368	399
368	408
368	441
368	462
368	463
368	466
368	468
368	471
368	473
368	474
368	475
369	287
369	374
369	386
369	427
369	434
369	442
369	446
369	463
369	473
369	474
369	475
370	196
370	362
370	414
370	424
370	426
370	437
370	439
370	441
370	453
370	471
370	475
370	477
371	367
371	398
371	437
371	460
371	463
371	465
371	466
371	467
371	471
371	473
371	474
371	475
372	83
372	353
372	364
372	414
372	418
372	420
372	433
372	442
372	455
372	470
372	476
372	477
373	158
373	365
373	407
373	409
373	418
373	422
373	427
373	430
373	438
373	450
373	473
373	476
374	369
374	403
374	411
374	414
374	424
374	435
374	436
374	442
374	443
374	453
374	457
374	477
375	405
375	425
375	436
375	446
375	449
375	451
375	462
375	470
375	471
375	473
375	474
375	475
376	346
376	349
376	356
376	367
376	411
376	415
376	425
376	442
376	444
376	449
376	470
376	994
377	359
377	401
377	435
377	447
377	455
377	460
377	465
377	469
377	473
377	474
377	475
377	689
378	350
378	362
378	430
378	442
378	444
378	450
378	452
378	459
378	461
378	468
378	472
378	476
379	354
379	356
379	383
379	405
379	409
379	417
379	423
379	440
379	455
379	470
379	471
379	473
380	403
380	405
380	414
380	421
380	424
380	439
380	441
380	450
380	452
380	473
380	477
380	652
381	401
381	429
381	449
381	453
381	457
381	463
381	467
381	469
381	471
381	473
381	474
381	475
382	344
382	421
382	431
382	435
382	436
382	456
382	462
382	469
382	471
382	473
382	474
382	475
383	44
383	362
383	379
383	400
383	403
383	442
383	443
383	448
383	470
383	471
383	476
383	477
384	40
384	362
384	364
384	391
384	400
384	423
384	428
384	437
384	448
384	453
384	466
384	475
384	477
385	348
385	367
385	405
385	422
385	424
385	435
385	437
385	441
385	443
385	453
385	463
385	470
385	477
386	369
386	422
386	434
386	439
386	460
386	462
386	465
386	467
386	469
386	473
386	474
386	475
386	947
387	247
387	354
387	356
387	400
387	437
387	438
387	441
387	442
387	443
387	450
387	455
387	470
387	477
388	392
388	403
388	406
388	426
388	430
388	431
388	452
388	459
388	464
388	468
388	472
388	476
388	665
389	407
389	416
389	428
389	438
389	457
389	458
389	459
389	460
389	461
389	470
389	472
389	476
389	768
390	308
390	396
390	417
390	422
390	431
390	441
390	458
390	459
390	461
390	462
390	468
390	472
390	476
391	352
391	361
391	364
391	384
391	394
391	403
391	408
391	409
391	441
391	456
391	470
391	477
391	537
392	354
392	388
392	396
392	414
392	416
392	428
392	454
392	457
392	458
392	464
392	468
392	472
392	476
393	397
393	413
393	438
393	441
393	444
393	450
393	457
393	458
393	459
393	461
393	464
393	466
393	472
393	476
394	354
394	391
394	418
394	426
394	435
394	437
394	439
394	445
394	448
394	455
394	460
394	470
394	477
394	812
395	361
395	367
395	398
395	416
395	417
395	450
395	451
395	452
395	458
395	459
395	461
395	472
395	476
395	949
396	361
396	390
396	392
396	417
396	418
396	434
396	452
396	454
396	461
396	467
396	468
396	472
396	476
396	914
397	346
397	353
397	355
397	393
397	403
397	405
397	423
397	433
397	435
397	439
397	440
397	443
397	448
397	457
398	360
398	371
398	395
398	405
398	414
398	415
398	419
398	420
398	429
398	435
398	441
398	443
398	445
398	704
399	284
399	351
399	368
399	401
399	428
399	440
399	451
399	454
399	460
399	467
399	469
399	473
399	474
399	475
400	317
400	354
400	383
400	384
400	387
400	408
400	423
400	432
400	433
400	440
400	441
400	443
400	453
400	458
400	477
401	353
401	377
401	381
401	399
401	405
401	428
401	432
401	440
401	443
401	465
401	466
401	467
401	469
401	473
401	474
402	419
402	427
402	436
402	444
402	447
402	449
402	460
402	467
402	469
402	470
402	471
402	473
402	474
402	475
402	600
403	374
403	380
403	383
403	388
403	391
403	397
403	420
403	421
403	423
403	434
403	437
403	440
403	446
403	455
403	602
404	336
404	359
404	365
404	407
404	416
404	418
404	422
404	430
404	444
404	445
404	448
404	461
404	468
404	472
404	476
405	62
405	346
405	351
405	359
405	375
405	379
405	380
405	385
405	397
405	398
405	401
405	415
405	421
405	448
405	477
406	357
406	360
406	388
406	411
406	416
406	422
406	444
406	450
406	454
406	455
406	458
406	459
406	464
406	472
406	476
407	373
407	389
407	404
407	410
407	416
407	425
407	438
407	450
407	453
407	457
407	467
407	468
407	472
407	476
407	681
408	368
408	391
408	400
408	431
408	434
408	443
408	460
408	462
408	466
408	467
408	469
408	471
408	473
408	474
408	475
409	318
409	351
409	367
409	373
409	379
409	391
409	411
409	415
409	423
409	435
409	439
409	440
409	455
409	466
409	471
410	2
410	365
410	407
410	429
410	438
410	444
410	445
410	452
410	453
410	457
410	458
410	459
410	461
410	464
410	472
410	476
411	314
411	353
411	356
411	374
411	376
411	406
411	409
411	415
411	432
411	433
411	437
411	445
411	455
411	459
411	470
411	477
412	155
412	351
412	446
412	451
412	452
412	456
412	460
412	463
412	465
412	467
412	469
412	471
412	472
412	473
412	474
412	475
413	358
413	366
413	393
413	422
413	430
413	438
413	450
413	457
413	458
413	461
413	464
413	467
413	468
413	471
413	476
413	714
414	347
414	352
414	367
414	370
414	372
414	374
414	380
414	392
414	398
414	419
414	426
414	441
414	468
414	470
414	475
414	477
415	349
415	353
415	376
415	398
415	405
415	409
415	411
415	421
415	422
415	429
415	435
415	436
415	441
415	455
415	458
415	477
415	918
416	355
416	358
416	389
416	392
416	395
416	404
416	406
416	407
416	419
416	445
416	446
416	457
416	459
416	461
416	472
416	476
416	477
417	379
417	390
417	395
417	396
417	430
417	438
417	444
417	455
417	457
417	459
417	464
417	468
417	469
417	472
417	474
417	476
417	762
418	286
418	350
418	372
418	373
418	394
418	396
418	404
418	422
418	439
418	444
418	452
418	458
418	459
418	464
418	468
418	472
418	475
419	352
419	353
419	365
419	367
419	398
419	402
419	414
419	416
419	421
419	426
419	429
419	433
419	439
419	442
419	447
419	470
419	552
420	357
420	372
420	398
420	403
420	423
420	424
420	426
420	429
420	433
420	434
420	440
420	443
420	448
420	455
420	459
420	468
420	477
420	737
421	380
421	382
421	403
421	405
421	415
421	419
421	424
421	437
421	440
421	441
421	442
421	445
421	446
421	447
421	453
421	455
421	460
421	477
422	360
422	373
422	385
422	386
422	390
422	404
422	406
422	413
422	415
422	418
422	438
422	452
422	454
422	457
422	458
422	459
422	470
422	476
423	333
423	379
423	384
423	397
423	400
423	403
423	409
423	420
423	433
423	442
423	443
423	445
423	455
423	456
423	466
423	470
423	474
423	477
424	354
424	361
424	370
424	374
424	380
424	385
424	420
424	421
424	425
424	433
424	435
424	442
424	455
424	459
424	470
424	471
424	477
424	610
425	199
425	362
425	375
425	376
425	407
425	424
425	426
425	429
425	433
425	435
425	437
425	441
425	445
425	448
425	454
425	458
425	470
425	477
426	357
426	370
426	388
426	394
426	414
426	419
426	420
426	425
426	435
426	436
426	439
426	440
426	442
426	443
426	445
426	472
426	477
426	889
427	369
427	373
427	402
427	433
427	447
427	456
427	460
427	462
427	463
427	466
427	467
427	469
427	471
427	473
427	474
427	475
427	476
427	522
428	347
428	348
428	384
428	389
428	392
428	399
428	401
428	436
428	447
428	451
428	456
428	460
428	466
428	469
428	471
428	473
428	474
428	475
428	745
429	347
429	351
429	356
429	381
429	398
429	410
429	415
429	419
429	420
429	425
429	435
429	440
429	441
429	443
429	463
429	470
429	475
429	477
429	957
430	266
430	373
430	378
430	388
430	404
430	413
430	417
430	448
430	449
430	450
430	454
430	458
430	459
430	461
430	466
430	468
430	469
430	472
430	476
431	382
431	388
431	390
431	408
431	436
431	446
431	449
431	451
431	452
431	455
431	463
431	465
431	466
431	467
431	469
431	471
431	473
431	474
431	475
431	989
432	38
432	365
432	366
432	400
432	401
432	411
432	438
432	447
432	449
432	451
432	456
432	460
432	462
432	463
432	465
432	466
432	467
432	471
432	474
432	475
433	352
433	357
433	372
433	397
433	400
433	411
433	419
433	420
433	423
433	424
433	425
433	427
433	438
433	443
433	445
433	448
433	470
433	472
433	475
433	477
433	494
434	91
434	264
434	361
434	369
434	386
434	396
434	403
434	408
434	420
434	446
434	447
434	449
434	456
434	460
434	462
434	466
434	467
434	469
434	471
434	473
434	474
434	475
435	344
435	347
435	351
435	364
435	374
435	377
435	382
435	385
435	394
435	397
435	398
435	409
435	415
435	424
435	425
435	426
435	429
435	440
435	454
435	461
435	462
435	470
435	477
436	374
436	375
436	382
436	402
436	415
436	426
436	428
436	431
436	444
436	446
436	449
436	451
436	456
436	460
436	461
436	462
436	463
436	469
436	471
436	474
436	475
436	476
436	961
437	347
437	366
437	370
437	371
437	384
437	385
437	387
437	394
437	403
437	411
437	421
437	425
437	439
437	442
437	448
437	453
437	455
437	465
437	470
437	472
437	475
437	477
437	569
438	355
438	361
438	373
438	387
438	389
438	393
438	407
438	410
438	413
438	417
438	422
438	432
438	433
438	441
438	450
438	452
438	454
438	457
438	458
438	464
438	468
438	476
438	982
439	347
439	349
439	362
439	370
439	380
439	386
439	394
439	397
439	409
439	418
439	419
439	426
439	437
439	440
439	442
439	445
439	448
439	451
439	453
439	455
439	467
439	470
439	576
440	137
440	351
440	352
440	357
440	379
440	397
440	399
440	400
440	401
440	403
440	409
440	420
440	421
440	426
440	429
440	435
440	439
440	445
440	448
440	463
440	464
440	476
440	477
441	183
441	352
441	354
441	362
441	368
441	370
441	380
441	385
441	387
441	390
441	391
441	393
441	398
441	400
441	414
441	415
441	421
441	425
441	429
441	438
441	442
441	445
441	453
442	334
442	362
442	369
442	372
442	374
442	376
442	378
442	383
442	387
442	419
442	421
442	423
442	424
442	426
442	437
442	439
442	441
442	443
442	446
442	455
442	456
442	467
442	477
443	345
443	346
443	349
443	374
443	383
443	385
443	387
443	397
443	398
443	400
443	401
443	408
443	420
443	423
443	426
443	429
443	433
443	442
443	453
443	454
443	458
443	465
443	470
443	477
444	358
444	363
444	376
444	378
444	393
444	402
444	404
444	406
444	410
444	417
444	418
444	436
444	450
444	452
444	454
444	459
444	461
444	464
444	468
444	469
444	472
444	476
444	477
444	548
445	179
445	347
445	349
445	358
445	367
445	394
445	398
445	404
445	410
445	411
445	416
445	421
445	423
445	425
445	426
445	433
445	439
445	440
445	441
445	447
445	448
445	453
445	470
445	477
446	201
446	347
446	369
446	375
446	403
446	412
446	416
446	421
446	431
446	434
446	436
446	442
446	451
446	456
446	460
446	462
446	463
446	465
446	466
446	469
446	471
446	473
446	474
446	475
447	289
447	377
447	402
447	419
447	421
447	427
447	428
447	432
447	434
447	445
447	448
447	456
447	459
447	460
447	462
447	463
447	465
447	466
447	467
447	471
447	473
447	474
447	475
447	545
448	351
448	352
448	353
448	356
448	383
448	384
448	394
448	397
448	404
448	405
448	420
448	425
448	430
448	433
448	437
448	439
448	440
448	445
448	447
448	453
448	465
448	470
448	474
448	477
448	750
449	366
449	375
449	376
449	381
449	402
449	430
449	431
449	432
449	434
449	436
449	450
449	451
449	456
449	460
449	463
449	465
449	466
449	467
449	469
449	470
449	473
449	474
449	475
449	476
449	948
450	363
450	365
450	373
450	378
450	380
450	387
450	393
450	395
450	406
450	407
450	413
450	430
450	438
450	444
450	449
450	454
450	457
450	459
450	462
450	464
450	468
450	472
450	474
450	476
450	749
451	358
451	359
451	360
451	366
451	375
451	395
451	399
451	412
451	428
451	431
451	432
451	436
451	439
451	446
451	449
451	452
451	456
451	462
451	465
451	467
451	469
451	471
451	474
451	475
451	633
451	887
452	180
452	346
452	358
452	360
452	363
452	378
452	380
452	388
452	395
452	396
452	410
452	412
452	418
452	422
452	431
452	438
452	444
452	451
452	457
452	458
452	459
452	461
452	464
452	468
452	472
452	476
453	160
453	331
453	346
453	347
453	357
453	367
453	370
453	374
453	381
453	384
453	385
453	400
453	407
453	410
453	421
453	437
453	439
453	441
453	443
453	445
453	448
453	455
453	457
453	464
453	470
453	477
454	167
454	265
454	350
454	358
454	360
454	361
454	363
454	392
454	396
454	399
454	406
454	422
454	425
454	430
454	435
454	438
454	443
454	444
454	450
454	458
454	459
454	463
454	464
454	468
454	472
454	476
455	293
455	349
455	353
455	364
455	372
455	377
455	379
455	387
455	394
455	403
455	406
455	409
455	411
455	415
455	417
455	420
455	421
455	423
455	424
455	431
455	437
455	439
455	442
455	453
455	465
455	476
455	477
456	353
456	382
456	391
456	412
456	423
456	427
456	428
456	432
456	434
456	436
456	442
456	446
456	447
456	449
456	451
456	460
456	462
456	463
456	465
456	466
456	467
456	469
456	471
456	472
456	473
456	474
456	475
456	964
457	309
457	350
457	374
457	381
457	389
457	392
457	393
457	397
457	407
457	410
457	413
457	416
457	417
457	422
457	438
457	450
457	452
457	453
457	458
457	459
457	461
457	464
457	468
457	470
457	472
457	474
457	476
457	782
458	355
458	358
458	360
458	389
458	390
458	392
458	393
458	395
458	400
458	406
458	410
458	413
458	415
458	418
458	422
458	425
458	430
458	438
458	443
458	452
458	454
458	457
458	461
458	464
458	466
458	468
458	472
458	476
458	477
458	746
459	338
459	378
459	388
459	389
459	390
459	393
459	395
459	406
459	410
459	411
459	416
459	417
459	418
459	420
459	422
459	424
459	430
459	444
459	447
459	450
459	452
459	454
459	457
459	461
459	464
459	467
459	469
459	472
459	473
459	476
460	357
460	359
460	371
460	377
460	386
460	389
460	394
460	399
460	402
460	408
460	412
460	421
460	427
460	428
460	432
460	434
460	436
460	446
460	447
460	449
460	456
460	463
460	465
460	466
460	467
460	469
460	471
460	473
460	475
460	476
460	477
460	711
461	350
461	355
461	363
461	365
461	378
461	389
461	390
461	393
461	395
461	396
461	404
461	410
461	413
461	416
461	430
461	435
461	436
461	444
461	452
461	457
461	458
461	459
461	464
461	465
461	468
461	469
461	472
461	474
461	475
461	476
461	588
461	638
462	348
462	352
462	355
462	359
462	366
462	368
462	375
462	382
462	386
462	390
462	408
462	427
462	432
462	434
462	435
462	436
462	446
462	447
462	450
462	451
462	456
462	463
462	465
462	466
462	469
462	471
462	473
462	474
462	475
462	477
462	507
462	760
463	348
463	368
463	369
463	371
463	381
463	385
463	412
463	427
463	429
463	431
463	432
463	436
463	440
463	446
463	447
463	449
463	454
463	456
463	460
463	462
463	464
463	465
463	466
463	467
463	468
463	469
463	471
463	473
463	474
463	475
463	682
463	756
464	256
464	349
464	358
464	360
464	363
464	365
464	388
464	392
464	393
464	406
464	410
464	413
464	417
464	418
464	438
464	440
464	444
464	450
464	452
464	453
464	454
464	457
464	458
464	459
464	461
464	463
464	468
464	471
464	472
464	476
464	477
464	581
465	348
465	349
465	366
465	371
465	377
465	386
465	401
465	412
465	431
465	432
465	437
465	443
465	446
465	447
465	448
465	449
465	451
465	455
465	456
465	460
465	461
465	462
465	463
465	466
465	467
465	468
465	469
465	471
465	473
465	474
465	475
465	725
465	754
466	359
466	366
466	368
466	371
466	384
466	393
466	401
466	408
466	409
466	423
466	427
466	428
466	430
466	431
466	432
466	434
466	446
466	447
466	449
466	456
466	458
466	460
466	462
466	463
466	465
466	467
466	469
466	471
466	473
466	474
466	475
466	550
466	693
467	75
467	364
467	371
467	381
467	386
467	396
467	399
467	401
467	402
467	407
467	408
467	412
467	413
467	427
467	431
467	432
467	434
467	439
467	442
467	447
467	449
467	451
467	456
467	459
467	460
467	463
467	465
467	466
467	469
467	471
467	473
467	474
467	475
468	149
468	350
468	354
468	355
468	358
468	360
468	365
468	368
468	378
468	388
468	390
468	392
468	396
468	404
468	407
468	413
468	414
468	417
468	418
468	420
468	430
468	438
468	444
468	450
468	452
468	454
468	457
468	458
468	461
468	463
468	464
468	465
468	472
468	474
468	476
469	32
469	377
469	381
469	382
469	386
469	399
469	401
469	402
469	408
469	412
469	417
469	427
469	428
469	430
469	431
469	434
469	436
469	444
469	446
469	449
469	451
469	456
469	459
469	460
469	461
469	462
469	463
469	465
469	466
469	467
469	471
469	472
469	473
469	474
469	475
469	477
469	747
470	346
470	351
470	354
470	357
470	362
470	363
470	367
470	372
470	375
470	376
470	379
470	383
470	385
470	387
470	389
470	391
470	394
470	402
470	411
470	414
470	419
470	422
470	423
470	424
470	425
470	429
470	433
470	435
470	437
470	439
470	443
470	445
470	448
470	449
470	453
470	457
470	477
470	931
470	980
471	106
471	163
471	348
471	359
471	368
471	370
471	371
471	375
471	379
471	381
471	382
471	383
471	402
471	408
471	409
471	412
471	413
471	424
471	427
471	428
471	431
471	432
471	434
471	436
471	446
471	447
471	451
471	456
471	460
471	462
471	463
471	464
471	465
471	466
471	467
471	469
471	472
471	473
471	474
471	475
472	244
472	350
472	355
472	361
472	363
472	378
472	388
472	389
472	390
472	392
472	393
472	395
472	396
472	404
472	406
472	407
472	410
472	412
472	416
472	417
472	418
472	426
472	430
472	433
472	437
472	444
472	450
472	452
472	454
472	456
472	457
472	458
472	459
472	461
472	464
472	468
472	469
472	471
472	473
472	476
472	477
472	881
473	135
473	348
473	352
473	359
473	360
473	363
473	366
473	368
473	369
473	371
473	373
473	375
473	377
473	379
473	380
473	381
473	382
473	386
473	399
473	401
473	402
473	408
473	412
473	427
473	428
473	431
473	434
473	446
473	447
473	449
473	456
473	459
473	460
473	462
473	463
473	465
473	466
473	467
473	469
473	471
473	472
473	474
473	475
473	477
473	760
473	955
474	288
474	346
474	348
474	359
474	366
474	368
474	369
474	371
474	375
474	377
474	381
474	382
474	386
474	399
474	401
474	402
474	408
474	412
474	417
474	423
474	427
474	428
474	431
474	432
474	434
474	436
474	446
474	447
474	448
474	449
474	450
474	451
474	456
474	457
474	461
474	462
474	463
474	465
474	466
474	467
474	468
474	469
474	471
474	473
474	475
474	476
474	983
475	348
475	359
475	362
475	364
475	366
475	368
475	369
475	370
475	371
475	375
475	377
475	381
475	382
475	384
475	386
475	399
475	402
475	408
475	412
475	414
475	418
475	427
475	428
475	429
475	431
475	432
475	433
475	434
475	436
475	437
475	446
475	447
475	449
475	451
475	456
475	460
475	461
475	462
475	463
475	465
475	466
475	467
475	469
475	471
475	473
475	474
475	749
475	762
476	190
476	350
476	355
476	356
476	358
476	360
476	361
476	363
476	365
476	372
476	373
476	378
476	383
476	388
476	389
476	390
476	392
476	393
476	395
476	396
476	404
476	406
476	407
476	410
476	413
476	416
476	417
476	422
476	427
476	430
476	436
476	438
476	440
476	444
476	449
476	450
476	452
476	454
476	455
476	457
476	458
476	459
476	460
476	461
476	464
476	468
476	472
476	474
476	721
477	303
477	348
477	351
477	352
477	356
477	357
477	364
477	370
477	372
477	374
477	380
477	383
477	384
477	385
477	387
477	391
477	394
477	400
477	405
477	411
477	414
477	415
477	416
477	420
477	421
477	423
477	424
477	425
477	426
477	429
477	433
477	435
477	437
477	440
477	442
477	443
477	444
477	445
477	448
477	453
477	455
477	458
477	460
477	462
477	464
477	469
477	470
477	472
477	473
477	613
478	592
478	667
478	669
478	732
478	736
478	750
478	753
478	758
478	759
478	761
479	620
479	704
479	723
479	724
479	728
479	739
479	740
479	742
479	751
479	755
480	589
480	645
480	665
480	711
480	714
480	719
480	731
480	735
480	737
480	747
481	521
481	606
481	643
481	687
481	699
481	741
481	760
481	762
481	764
481	765
482	161
482	584
482	635
482	669
482	747
482	753
482	757
482	758
482	759
482	761
483	130
483	538
483	558
483	574
483	604
483	648
483	653
483	671
483	673
483	758
484	542
484	571
484	598
484	626
484	644
484	682
484	691
484	702
484	710
484	716
485	602
485	637
485	664
485	689
485	703
485	734
485	743
485	744
485	748
485	756
486	499
486	580
486	609
486	623
486	627
486	641
486	677
486	678
486	734
486	764
487	240
487	664
487	732
487	747
487	753
487	757
487	758
487	759
487	761
488	569
488	570
488	626
488	633
488	637
488	652
488	682
488	710
488	716
488	727
489	152
489	603
489	631
489	689
489	703
489	708
489	718
489	739
489	745
489	748
490	498
490	588
490	616
490	684
490	713
490	722
490	723
490	751
490	754
490	755
491	179
491	565
491	606
491	667
491	684
491	688
491	724
491	738
491	747
491	755
492	502
492	513
492	567
492	608
492	617
492	623
492	627
492	641
492	677
492	853
493	204
493	616
493	673
493	674
493	692
493	706
493	738
493	751
493	754
493	763
494	433
494	555
494	559
494	582
494	654
494	739
494	740
494	743
494	746
494	756
495	586
495	694
495	712
495	739
495	743
495	744
495	746
495	748
495	756
495	763
496	503
496	669
496	693
496	707
496	711
496	736
496	757
496	759
496	761
496	933
497	580
497	609
497	619
497	621
497	623
497	627
497	641
497	677
497	684
497	715
498	490
498	615
498	704
498	711
498	741
498	749
498	760
498	762
498	764
498	765
499	486
499	504
499	513
499	532
499	567
499	641
499	677
499	678
499	679
499	719
500	617
500	620
500	657
500	694
500	708
500	739
500	743
500	744
500	748
500	756
501	545
501	639
501	660
501	713
501	721
501	724
501	727
501	740
501	752
501	754
502	492
502	513
502	533
502	567
502	580
502	585
502	619
502	677
502	678
502	750
503	496
503	513
503	698
503	736
503	746
503	750
503	757
503	758
503	759
503	761
504	499
504	545
504	553
504	609
504	619
504	621
504	663
504	677
504	678
504	700
505	618
505	672
505	734
505	739
505	743
505	744
505	745
505	746
505	752
505	756
506	64
506	582
506	704
506	734
506	743
506	744
506	745
506	746
506	752
506	756
507	462
507	575
507	597
507	620
507	645
507	656
507	658
507	705
507	718
507	749
508	577
508	681
508	693
508	730
508	733
508	749
508	760
508	762
508	764
508	765
509	607
509	659
509	714
509	719
509	720
509	726
509	727
509	731
509	735
509	886
510	529
510	576
510	616
510	651
510	696
510	719
510	726
510	731
510	735
510	737
511	548
511	583
511	626
511	644
511	652
511	686
511	690
511	700
511	716
511	727
512	667
512	674
512	681
512	688
512	723
512	742
512	751
512	754
512	763
512	999
513	361
513	492
513	499
513	502
513	503
513	609
513	619
513	627
513	677
513	687
514	552
514	660
514	679
514	699
514	706
514	722
514	736
514	752
514	754
514	763
515	538
515	556
515	613
515	632
515	636
515	661
515	662
515	685
515	705
515	718
516	333
516	565
516	581
516	630
516	631
516	633
516	671
516	673
516	680
516	735
517	278
517	568
517	675
517	683
517	697
517	730
517	733
517	743
517	760
517	764
517	765
518	541
518	581
518	584
518	604
518	630
518	631
518	669
518	671
518	673
518	680
518	687
519	316
519	592
519	666
519	703
519	715
519	734
519	743
519	744
519	746
519	747
519	748
520	605
520	606
520	633
520	647
520	659
520	719
520	720
520	725
520	731
520	735
520	765
521	481
521	534
521	689
521	712
521	715
521	734
521	739
521	745
521	746
521	748
521	756
522	427
522	542
522	570
522	590
522	598
522	644
522	670
522	690
522	706
522	716
522	755
523	636
523	683
523	687
523	695
523	711
523	741
523	760
523	762
523	763
523	764
523	765
524	577
524	654
524	672
524	689
524	708
524	715
524	734
524	738
524	745
524	748
524	756
525	169
525	556
525	600
525	612
525	620
525	641
525	662
525	668
525	705
525	718
525	763
526	623
526	646
526	676
526	679
526	722
526	733
526	738
526	740
526	751
526	752
526	755
527	674
527	695
527	698
527	717
527	729
527	730
527	741
527	760
527	762
527	764
527	765
528	602
528	708
528	722
528	739
528	743
528	744
528	746
528	748
528	753
528	756
528	875
529	510
529	638
529	645
529	665
529	666
529	713
529	720
529	725
529	731
529	735
529	737
530	552
530	556
530	601
530	679
530	725
530	740
530	742
530	752
530	754
530	755
530	763
531	533
531	590
531	637
531	644
531	670
531	682
531	690
531	691
531	700
531	747
531	762
532	499
532	533
532	545
532	621
532	627
532	641
532	676
532	677
532	678
532	762
532	960
533	340
533	502
533	531
533	532
533	542
533	553
533	619
533	621
533	641
533	677
533	678
534	521
534	563
534	702
534	710
534	717
534	741
534	749
534	760
534	762
534	764
534	765
535	536
535	579
535	651
535	695
535	733
535	741
535	749
535	760
535	764
535	765
535	904
536	535
536	642
536	731
536	732
536	747
536	750
536	753
536	757
536	758
536	761
536	993
537	391
537	554
537	625
537	628
537	634
537	650
537	698
537	709
537	753
537	757
537	759
538	483
538	515
538	565
538	604
538	630
538	631
538	648
538	655
538	671
538	708
538	945
539	589
539	681
539	688
539	709
539	724
539	736
539	747
539	750
539	758
539	759
539	761
540	176
540	703
540	712
540	715
540	728
540	730
540	734
540	743
540	745
540	746
540	748
540	756
541	164
541	518
541	596
541	611
541	628
541	630
541	637
541	648
541	653
541	671
541	673
541	680
542	484
542	522
542	533
542	548
542	555
542	602
542	637
542	670
542	700
542	710
542	716
542	805
543	624
543	666
543	675
543	683
543	697
543	711
543	729
543	730
543	741
543	762
543	764
543	765
544	562
544	595
544	598
544	609
544	626
544	637
544	682
544	690
544	691
544	700
544	716
544	753
545	447
545	501
545	504
545	532
545	580
545	609
545	619
545	621
545	641
545	657
545	667
545	678
546	113
546	555
546	563
546	595
546	633
546	670
546	682
546	690
546	700
546	702
546	710
546	716
547	636
547	647
547	671
547	713
547	715
547	720
547	725
547	726
547	731
547	735
547	737
547	816
548	444
548	511
548	542
548	550
548	560
548	562
548	637
548	644
548	670
548	682
548	700
548	716
549	663
549	673
549	694
549	695
549	702
549	717
549	733
549	749
549	760
549	762
549	764
549	765
550	466
550	548
550	617
550	673
550	684
550	721
550	728
550	738
550	751
550	754
550	755
550	763
551	194
551	698
551	702
551	707
551	729
551	730
551	733
551	749
551	760
551	762
551	764
551	765
552	419
552	514
552	530
552	614
552	639
552	665
552	688
552	719
552	724
552	742
552	751
552	752
553	325
553	504
553	533
553	567
553	586
553	621
553	623
553	627
553	645
553	677
553	678
553	682
554	354
554	537
554	566
554	569
554	614
554	649
554	713
554	722
554	728
554	742
554	754
554	755
555	494
555	542
555	546
555	596
555	637
555	652
555	682
555	690
555	691
555	700
555	710
555	716
556	57
556	515
556	525
556	530
556	608
556	613
556	661
556	662
556	668
556	696
556	705
556	718
557	613
557	629
557	632
557	642
557	656
557	658
557	662
557	668
557	685
557	705
557	718
557	739
558	483
558	581
558	584
558	587
558	596
558	611
558	615
558	630
558	631
558	648
558	655
558	680
559	494
559	592
559	624
559	694
559	712
559	735
559	743
559	744
559	745
559	746
559	748
559	756
560	171
560	548
560	664
560	727
560	729
560	732
560	736
560	747
560	750
560	757
560	758
560	761
561	565
561	581
561	631
561	648
561	653
561	655
561	671
561	673
561	680
561	694
561	754
561	939
562	544
562	548
562	598
562	621
562	626
562	644
562	652
562	670
562	671
562	691
562	700
562	798
563	139
563	534
563	546
563	605
563	651
563	663
563	711
563	729
563	741
563	749
563	760
563	762
563	765
564	572
564	635
564	686
564	703
564	712
564	715
564	739
564	743
564	744
564	745
564	746
564	756
564	758
565	491
565	516
565	538
565	561
565	604
565	611
565	631
565	653
565	655
565	671
565	673
565	680
565	733
566	554
566	664
566	692
566	696
566	727
566	747
566	750
566	753
566	757
566	758
566	759
566	761
566	762
567	492
567	499
567	502
567	553
567	580
567	596
567	609
567	619
567	623
567	627
567	677
567	678
567	686
568	517
568	591
568	683
568	693
568	694
568	698
568	747
568	750
568	753
568	758
568	759
568	761
568	988
569	437
569	488
569	554
569	599
569	631
569	688
569	692
569	713
569	722
569	751
569	754
569	755
569	763
570	150
570	488
570	522
570	575
570	630
570	633
570	652
570	682
570	690
570	691
570	700
570	710
570	716
571	484
571	628
571	642
571	693
571	696
571	723
571	727
571	736
571	747
571	753
571	757
571	759
571	861
572	564
572	618
572	644
572	672
572	692
572	712
572	734
572	739
572	743
572	744
572	745
572	746
572	748
573	34
573	653
573	669
573	681
573	698
573	706
573	727
573	732
573	750
573	753
573	757
573	759
573	761
574	483
574	652
574	665
574	687
574	695
574	717
574	729
574	733
574	741
574	760
574	762
574	764
574	765
575	507
575	570
575	608
575	613
575	620
575	632
575	635
575	658
575	685
575	694
575	705
575	718
575	721
576	439
576	510
576	634
576	636
576	645
576	666
576	698
576	719
576	720
576	725
576	735
576	737
576	764
577	25
577	508
577	524
577	594
577	675
577	702
577	706
577	729
577	730
577	749
577	760
577	762
577	764
577	765
578	249
578	582
578	587
578	619
578	636
578	659
578	666
578	720
578	725
578	726
578	731
578	735
578	737
578	754
579	535
579	672
579	697
579	703
579	708
579	712
579	734
579	743
579	744
579	745
579	746
579	748
579	756
579	757
580	155
580	486
580	497
580	502
580	545
580	567
580	609
580	621
580	623
580	627
580	678
580	730
580	754
580	757
581	464
581	516
581	518
581	558
581	561
581	584
581	596
581	611
581	630
581	631
581	673
581	680
581	690
581	764
582	494
582	506
582	578
582	632
582	654
582	686
582	694
582	734
582	742
582	743
582	744
582	746
582	748
582	756
583	511
583	638
583	679
583	681
583	696
583	709
583	736
583	747
583	750
583	753
583	757
583	758
583	759
583	761
584	166
584	482
584	518
584	558
584	581
584	593
584	596
584	630
584	631
584	648
584	653
584	655
584	680
584	753
585	502
585	589
585	616
585	659
585	714
585	719
585	720
585	725
585	726
585	731
585	735
585	737
585	742
585	758
586	495
586	553
586	669
586	681
586	691
586	696
586	732
586	736
586	747
586	750
586	757
586	758
586	759
586	761
587	558
587	578
587	636
587	665
587	669
587	678
587	714
587	719
587	720
587	725
587	726
587	735
587	737
587	985
588	461
588	490
588	594
588	606
588	638
588	646
588	706
588	707
588	723
588	752
588	754
588	755
588	763
588	764
589	480
589	539
589	585
589	616
589	634
589	710
589	714
589	720
589	725
589	726
589	731
589	735
589	737
589	741
590	127
590	522
590	531
590	598
590	626
590	633
590	637
590	660
590	666
590	685
590	690
590	691
590	700
590	710
591	568
591	669
591	681
591	695
591	696
591	709
591	718
591	727
591	736
591	750
591	753
591	754
591	757
591	758
591	759
592	478
592	519
592	559
592	651
592	672
592	678
592	686
592	712
592	734
592	739
592	743
592	745
592	746
592	748
592	756
593	584
593	634
593	647
593	659
593	684
593	714
593	716
593	719
593	720
593	725
593	726
593	731
593	735
593	737
593	878
594	577
594	588
594	625
594	671
594	675
594	695
594	697
594	699
594	702
594	722
594	749
594	760
594	762
594	764
594	765
595	197
595	544
595	546
595	610
595	644
595	652
595	670
595	682
595	690
595	691
595	700
595	710
595	716
595	731
595	743
596	541
596	555
596	558
596	567
596	581
596	584
596	611
596	648
596	653
596	655
596	671
596	673
596	680
596	710
596	725
597	43
597	507
597	600
597	629
597	632
597	635
597	649
597	655
597	658
597	661
597	668
597	685
597	705
597	718
597	750
598	484
598	522
598	544
598	562
598	590
598	599
598	626
598	644
598	653
598	670
598	690
598	700
598	710
598	716
598	748
599	569
599	598
599	606
599	692
599	697
599	701
599	703
599	706
599	722
599	724
599	728
599	740
599	742
599	755
599	763
600	402
600	525
600	597
600	613
600	629
600	639
600	656
600	658
600	661
600	662
600	668
600	685
600	705
600	718
600	734
601	178
601	530
601	646
601	652
601	667
601	679
601	688
601	706
601	707
601	728
601	736
601	738
601	751
601	752
601	753
601	763
602	403
602	485
602	528
602	542
602	689
602	703
602	708
602	715
602	739
602	741
602	744
602	745
602	746
602	748
602	749
602	756
603	489
603	617
603	667
603	681
603	708
603	712
603	715
603	721
603	734
603	739
603	745
603	746
603	748
603	756
603	759
603	992
604	129
604	483
604	518
604	538
604	565
604	611
604	630
604	648
604	653
604	655
604	671
604	673
604	680
604	689
604	722
604	723
605	520
605	563
605	636
605	647
605	665
605	686
605	693
605	714
605	719
605	720
605	725
605	726
605	728
605	731
605	735
605	737
606	212
606	481
606	491
606	520
606	588
606	599
606	617
606	649
606	684
606	706
606	713
606	724
606	742
606	751
606	755
606	763
607	509
607	618
607	625
607	639
607	684
607	692
607	699
607	721
607	722
607	724
607	725
607	738
607	740
607	752
607	754
607	763
608	203
608	492
608	556
608	575
608	612
608	613
608	632
608	635
608	656
608	662
608	668
608	685
608	705
608	718
608	746
608	748
609	255
609	486
609	497
609	504
609	513
609	544
609	545
609	567
609	580
609	623
609	627
609	641
609	659
609	661
609	678
609	757
610	424
610	595
610	628
610	645
610	693
610	709
610	724
610	727
610	732
610	747
610	750
610	753
610	757
610	758
610	759
610	761
611	541
611	558
611	565
611	581
611	596
611	604
611	648
611	653
611	655
611	671
611	673
611	680
611	687
611	713
611	722
611	736
612	172
612	525
612	608
612	629
612	635
612	653
612	658
612	660
612	661
612	662
612	668
612	685
612	705
612	718
612	728
612	730
613	477
613	515
613	556
613	557
613	575
613	600
613	608
613	620
613	634
613	635
613	661
613	662
613	685
613	705
613	718
613	752
613	758
614	315
614	552
614	554
614	649
614	660
614	665
614	668
614	676
614	692
614	695
614	701
614	723
614	728
614	738
614	751
614	752
614	755
615	498
615	558
615	622
615	625
615	646
615	651
615	656
615	675
615	683
615	702
615	730
615	740
615	760
615	762
615	764
615	765
615	990
616	490
616	493
616	510
616	585
616	589
616	636
616	658
616	665
616	666
616	714
616	719
616	725
616	726
616	735
616	737
616	752
616	973
617	323
617	492
617	500
617	550
617	603
617	606
617	686
617	689
617	694
617	699
617	708
617	734
617	743
617	744
617	745
617	746
617	756
618	505
618	572
618	607
618	626
618	639
618	667
618	676
618	684
618	704
618	707
618	721
618	723
618	728
618	740
618	755
618	763
618	909
619	497
619	502
619	504
619	513
619	533
619	545
619	567
619	578
619	621
619	623
619	627
619	641
619	677
619	678
619	705
619	758
619	997
620	479
620	500
620	507
620	525
620	575
620	613
620	629
620	632
620	656
620	658
620	661
620	662
620	668
620	685
620	705
620	718
620	724
621	319
621	497
621	504
621	532
621	533
621	545
621	553
621	562
621	580
621	619
621	623
621	627
621	632
621	641
621	677
621	678
621	746
622	112
622	615
622	624
622	629
622	675
622	687
622	708
622	711
622	717
622	729
622	741
622	748
622	749
622	760
622	762
622	763
622	765
623	486
623	492
623	497
623	526
623	553
623	567
623	580
623	609
623	619
623	621
623	627
623	641
623	677
623	678
623	689
623	735
623	987
624	543
624	559
624	622
624	663
624	683
624	711
624	717
624	729
624	730
624	733
624	741
624	745
624	749
624	758
624	762
624	764
624	765
624	822
625	168
625	537
625	594
625	607
625	615
625	639
625	649
625	663
625	683
625	702
625	729
625	730
625	741
625	749
625	760
625	762
625	764
625	765
626	224
626	484
626	488
626	511
626	544
626	562
626	590
626	598
626	618
626	652
626	670
626	682
626	690
626	691
626	704
626	710
626	716
626	750
627	127
627	486
627	492
627	497
627	513
627	532
627	553
627	567
627	580
627	609
627	619
627	621
627	623
627	641
627	653
627	677
627	678
627	742
628	537
628	541
628	571
628	610
628	660
628	727
628	732
628	736
628	737
628	747
628	750
628	753
628	757
628	758
628	759
628	761
628	764
628	998
629	557
629	597
629	600
629	612
629	620
629	622
629	632
629	656
629	661
629	662
629	668
629	685
629	705
629	718
629	724
629	735
629	765
629	792
630	516
630	518
630	538
630	541
630	558
630	570
630	581
630	584
630	604
630	631
630	653
630	655
630	671
630	673
630	680
630	702
630	728
630	761
631	489
631	516
631	518
631	538
631	558
631	561
631	565
631	569
631	581
631	584
631	630
631	648
631	653
631	655
631	671
631	673
631	688
631	727
632	515
632	557
632	575
632	582
632	597
632	608
632	620
632	621
632	629
632	635
632	656
632	662
632	668
632	685
632	690
632	705
632	718
632	970
633	451
633	488
633	516
633	520
633	546
633	570
633	590
633	637
633	644
633	652
633	670
633	690
633	691
633	700
633	710
633	716
633	760
633	762
634	537
634	576
634	589
634	593
634	613
634	636
634	645
634	666
634	682
634	705
634	714
634	719
634	720
634	725
634	726
634	731
634	737
634	924
635	482
635	564
635	575
635	597
635	608
635	612
635	613
635	632
635	656
635	658
635	661
635	668
635	685
635	705
635	708
635	718
635	721
635	810
636	340
636	515
636	523
636	547
636	576
636	578
636	587
636	605
636	616
636	634
636	714
636	719
636	720
636	725
636	726
636	731
636	735
636	739
637	485
637	488
637	531
637	541
637	542
637	544
637	548
637	555
637	590
637	633
637	670
637	690
637	691
637	700
637	710
637	716
637	741
637	765
638	461
638	529
638	583
638	588
638	667
638	674
638	688
638	701
638	706
638	707
638	713
638	723
638	731
638	733
638	738
638	740
638	751
638	754
639	322
639	501
639	552
639	600
639	607
639	618
639	625
639	649
639	665
639	688
639	693
639	721
639	722
639	724
639	740
639	752
639	754
639	763
640	267
640	650
640	693
640	696
640	698
640	701
640	703
640	709
640	720
640	732
640	747
640	750
640	753
640	756
640	757
640	758
640	759
640	761
641	486
641	492
641	497
641	499
641	525
641	532
641	533
641	545
641	609
641	619
641	621
641	623
641	627
641	677
641	678
641	690
641	714
641	760
641	979
642	218
642	536
642	557
642	571
642	648
642	657
642	664
642	681
642	698
642	709
642	736
642	747
642	750
642	751
642	753
642	757
642	758
642	759
642	761
643	279
643	481
643	651
643	662
643	687
643	695
643	696
643	699
643	702
643	711
643	717
643	729
643	732
643	733
643	754
643	760
643	762
643	764
643	765
644	484
644	511
644	522
644	531
644	548
644	562
644	572
644	595
644	598
644	633
644	652
644	655
644	670
644	690
644	703
644	710
644	716
644	738
644	996
645	168
645	480
645	507
645	529
645	553
645	576
645	610
645	634
645	647
645	659
645	665
645	670
645	719
645	720
645	725
645	726
645	731
645	735
645	737
646	526
646	588
646	601
646	615
646	649
646	672
646	684
646	704
646	705
646	707
646	721
646	723
646	738
646	742
646	752
646	755
646	761
646	763
646	845
647	108
647	520
647	547
647	593
647	605
647	645
647	659
647	664
647	666
647	681
647	692
647	707
647	714
647	719
647	720
647	726
647	731
647	735
647	737
648	483
648	538
648	541
648	558
648	561
648	584
648	596
648	604
648	611
648	631
648	642
648	653
648	655
648	671
648	673
648	680
648	698
648	730
648	809
649	116
649	554
649	597
649	606
649	614
649	625
649	639
649	646
649	655
649	692
649	704
649	720
649	722
649	724
649	742
649	751
649	752
649	754
649	763
650	93
650	537
650	640
650	657
650	659
650	664
650	677
650	693
650	696
650	709
650	732
650	746
650	747
650	753
650	757
650	758
650	759
650	761
650	763
651	510
651	535
651	563
651	592
651	615
651	643
651	663
651	675
651	717
651	729
651	734
651	741
651	743
651	749
651	760
651	762
651	764
651	765
651	867
652	380
652	488
652	511
652	555
652	562
652	570
652	574
652	595
652	601
652	626
652	633
652	644
652	670
652	682
652	691
652	700
652	710
652	716
652	749
652	761
653	483
653	541
653	561
653	565
653	573
653	584
653	596
653	598
653	604
653	611
653	612
653	627
653	630
653	631
653	648
653	655
653	671
653	673
653	680
653	843
654	73
654	494
654	524
654	582
654	675
654	686
654	694
654	708
654	711
654	712
654	715
654	726
654	739
654	743
654	744
654	745
654	746
654	748
654	756
654	761
655	538
655	558
655	561
655	565
655	584
655	596
655	597
655	604
655	611
655	630
655	631
655	644
655	648
655	649
655	653
655	671
655	673
655	680
655	728
655	934
656	507
656	557
656	600
656	608
656	615
656	620
656	629
656	632
656	635
656	658
656	661
656	662
656	668
656	685
656	703
656	705
656	718
656	738
656	745
656	995
657	151
657	500
657	545
657	642
657	650
657	669
657	681
657	693
657	698
657	709
657	715
657	723
657	727
657	732
657	747
657	750
657	753
657	757
657	758
657	761
658	507
658	557
658	575
658	597
658	600
658	612
658	616
658	620
658	635
658	656
658	661
658	662
658	668
658	685
658	694
658	704
658	705
658	718
658	748
658	773
659	164
659	509
659	520
659	578
659	585
659	593
659	609
659	645
659	647
659	650
659	665
659	666
659	677
659	714
659	717
659	721
659	725
659	726
659	731
659	735
659	737
660	65
660	501
660	514
660	590
660	612
660	614
660	628
660	692
660	701
660	707
660	722
660	723
660	728
660	731
660	740
660	742
660	751
660	752
660	754
660	755
660	763
661	515
661	556
661	597
661	600
661	609
661	612
661	613
661	620
661	629
661	635
661	656
661	658
661	662
661	668
661	685
661	705
661	710
661	718
661	720
661	759
661	972
662	515
662	525
662	556
662	557
662	600
662	608
662	612
662	613
662	620
662	629
662	632
662	643
662	656
662	658
662	661
662	685
662	718
662	731
662	733
662	760
662	925
663	504
663	549
663	563
663	624
663	625
663	651
663	675
663	680
663	697
663	711
663	730
663	733
663	736
663	742
663	749
663	760
663	761
663	762
663	764
663	765
663	920
664	485
664	487
664	560
664	566
664	642
664	647
664	650
664	669
664	698
664	709
664	713
664	721
664	727
664	747
664	750
664	753
664	757
664	758
664	759
664	761
664	921
665	388
665	480
665	529
665	552
665	574
665	587
665	605
665	614
665	616
665	639
665	645
665	659
665	666
665	710
665	714
665	719
665	720
665	725
665	726
665	731
665	737
666	519
666	529
666	543
666	576
666	578
666	590
666	616
666	634
666	647
666	659
666	665
666	671
666	693
666	714
666	719
666	720
666	725
666	726
666	731
666	735
666	737
666	986
667	170
667	478
667	491
667	512
667	545
667	601
667	603
667	618
667	638
667	669
667	674
667	676
667	679
667	701
667	707
667	722
667	723
667	724
667	738
667	740
667	752
667	763
668	72
668	525
668	556
668	557
668	597
668	600
668	608
668	612
668	614
668	620
668	629
668	632
668	635
668	656
668	658
668	661
668	685
668	697
668	705
668	718
668	736
668	754
669	329
669	478
669	482
669	496
669	518
669	573
669	586
669	587
669	591
669	657
669	664
669	667
669	681
669	682
669	696
669	709
669	736
669	753
669	757
669	758
669	759
669	761
670	152
670	522
670	531
670	542
670	546
670	548
670	562
670	595
670	598
670	626
670	633
670	637
670	644
670	645
670	652
670	682
670	691
670	710
670	729
670	742
670	749
670	752
671	483
671	516
671	518
671	538
671	541
671	547
671	561
671	562
671	565
671	594
671	596
671	604
671	611
671	630
671	631
671	648
671	653
671	655
671	666
671	673
671	680
671	802
672	505
672	524
672	572
672	579
672	592
672	646
672	676
672	686
672	689
672	703
672	708
672	712
672	715
672	719
672	732
672	739
672	743
672	744
672	745
672	748
672	756
672	963
673	128
673	483
673	493
673	516
673	518
673	541
673	549
673	550
673	561
673	565
673	581
673	596
673	604
673	611
673	630
673	631
673	648
673	653
673	655
673	671
673	680
673	737
673	755
674	102
674	493
674	512
674	527
674	638
674	667
674	676
674	679
674	688
674	698
674	701
674	703
674	704
674	713
674	721
674	728
674	742
674	746
674	751
674	752
674	754
674	755
674	763
675	517
675	543
675	577
675	594
675	615
675	622
675	651
675	654
675	663
675	697
675	699
675	717
675	726
675	729
675	730
675	733
675	754
675	757
675	760
675	762
675	764
675	765
675	767
676	526
676	532
676	614
676	618
676	667
676	672
676	674
676	679
676	684
676	701
676	721
676	722
676	738
676	739
676	740
676	742
676	743
676	752
676	754
676	755
676	757
676	763
676	786
677	145
677	486
677	492
677	497
677	499
677	502
677	504
677	513
677	532
677	533
677	553
677	567
677	619
677	621
677	623
677	627
677	641
677	650
677	659
677	678
677	700
677	746
677	922
678	170
678	486
678	499
678	502
678	504
678	532
678	533
678	545
678	553
678	567
678	580
678	587
678	592
678	609
678	619
678	621
678	623
678	627
678	641
678	677
678	695
678	732
678	738
679	499
679	514
679	526
679	530
679	583
679	601
679	667
679	674
679	676
679	688
679	689
679	692
679	704
679	706
679	720
679	723
679	724
679	728
679	740
679	742
679	751
679	755
679	937
680	516
680	518
680	541
680	558
680	561
680	565
680	581
680	584
680	596
680	604
680	611
680	630
680	648
680	653
680	655
680	663
680	671
680	673
680	709
680	729
680	740
680	760
680	938
681	407
681	508
681	512
681	539
681	573
681	583
681	586
681	591
681	603
681	642
681	647
681	657
681	669
681	698
681	709
681	727
681	732
681	747
681	750
681	753
681	758
681	761
681	917
682	463
682	484
682	488
682	531
682	544
682	546
682	548
682	553
682	555
682	570
682	595
682	626
682	634
682	652
682	669
682	670
682	690
682	691
682	692
682	700
682	710
682	716
682	762
683	517
683	523
683	543
683	568
683	615
683	624
683	625
683	687
683	691
683	695
683	697
683	699
683	715
683	717
683	729
683	730
683	733
683	735
683	741
683	749
683	760
683	764
683	765
683	793
684	144
684	490
684	491
684	497
684	550
684	593
684	606
684	607
684	618
684	646
684	676
684	692
684	696
684	700
684	713
684	721
684	723
684	738
684	740
684	752
684	754
684	755
684	756
684	763
685	314
685	515
685	557
685	575
685	590
685	597
685	600
685	608
685	612
685	613
685	620
685	629
685	632
685	635
685	656
685	658
685	661
685	662
685	668
685	705
685	718
685	733
685	734
685	765
686	143
686	511
686	564
686	567
686	582
686	592
686	605
686	617
686	654
686	672
686	689
686	694
686	703
686	708
686	712
686	715
686	718
686	734
686	739
686	740
686	743
686	745
686	748
686	756
687	86
687	481
687	513
687	518
687	523
687	574
687	611
687	622
687	643
687	683
687	695
687	699
687	702
687	711
687	733
687	741
687	749
687	752
687	756
687	760
687	762
687	764
687	765
687	958
688	121
688	491
688	512
688	539
688	552
688	569
688	601
688	631
688	638
688	639
688	674
688	679
688	692
688	701
688	704
688	706
688	707
688	713
688	716
688	718
688	721
688	726
688	738
688	754
688	763
689	377
689	485
689	489
689	521
689	524
689	602
689	604
689	617
689	623
689	672
689	679
689	686
689	694
689	703
689	712
689	715
689	729
689	734
689	739
689	744
689	745
689	746
689	748
689	756
689	761
690	160
690	511
690	522
690	531
690	544
690	546
690	555
690	570
690	581
690	590
690	595
690	598
690	626
690	632
690	633
690	637
690	641
690	644
690	682
690	691
690	700
690	710
690	713
690	716
690	759
691	484
691	531
691	544
691	555
691	562
691	570
691	586
691	590
691	595
691	626
691	633
691	637
691	652
691	670
691	682
691	683
691	690
691	699
691	700
691	710
691	716
691	744
691	756
691	794
691	941
692	493
692	566
692	569
692	572
692	599
692	607
692	614
692	647
692	649
692	660
692	679
692	682
692	684
692	688
692	701
692	712
692	713
692	723
692	724
692	738
692	742
692	751
692	752
692	754
692	974
693	466
693	496
693	508
693	568
693	571
693	605
693	610
693	639
693	640
693	650
693	657
693	666
693	696
693	698
693	727
693	732
693	736
693	747
693	750
693	751
693	753
693	757
693	758
693	759
693	761
694	495
694	500
694	549
694	559
694	561
694	568
694	575
694	582
694	617
694	654
694	658
694	686
694	689
694	708
694	712
694	715
694	734
694	739
694	743
694	744
694	745
694	746
694	748
694	756
694	940
695	523
695	527
695	535
695	549
695	574
695	591
695	594
695	614
695	643
695	678
695	683
695	687
695	697
695	702
695	717
695	733
695	741
695	749
695	751
695	756
695	760
695	762
695	764
695	765
695	1000
696	510
696	556
696	566
696	571
696	583
696	586
696	591
696	640
696	643
696	650
696	669
696	684
696	693
696	714
696	727
696	732
696	736
696	747
696	750
696	753
696	757
696	758
696	759
696	761
696	926
697	55
697	517
697	543
697	579
697	594
697	599
697	663
697	668
697	675
697	683
697	695
697	699
697	702
697	711
697	717
697	729
697	733
697	741
697	749
697	750
697	751
697	760
697	762
697	764
697	765
698	503
698	527
698	537
698	551
698	568
698	573
698	576
698	640
698	642
698	648
698	657
698	664
698	674
698	681
698	693
698	709
698	727
698	732
698	736
698	747
698	750
698	753
698	757
698	759
698	761
698	973
699	88
699	301
699	481
699	514
699	594
699	607
699	617
699	643
699	675
699	683
699	687
699	691
699	697
699	702
699	711
699	717
699	729
699	730
699	733
699	741
699	749
699	756
699	760
699	762
699	764
699	765
700	174
700	504
700	511
700	531
700	542
700	544
700	546
700	548
700	555
700	562
700	570
700	590
700	595
700	598
700	633
700	637
700	652
700	677
700	682
700	684
700	690
700	691
700	710
700	716
700	740
700	747
701	599
701	614
701	638
701	640
701	660
701	667
701	674
701	676
701	688
701	692
701	704
701	713
701	720
701	721
701	724
701	726
701	728
701	737
701	738
701	740
701	741
701	748
701	751
701	752
701	763
701	787
702	484
702	534
702	546
702	549
702	551
702	577
702	594
702	615
702	625
702	630
702	643
702	687
702	695
702	697
702	699
702	709
702	717
702	729
702	730
702	733
702	749
702	753
702	760
702	762
702	764
702	906
703	110
703	485
703	489
703	519
703	540
703	564
703	579
703	599
703	602
703	640
703	644
703	656
703	672
703	674
703	686
703	689
703	708
703	712
703	734
703	739
703	743
703	744
703	745
703	746
703	748
703	756
704	398
704	479
704	498
704	506
704	618
704	626
704	646
704	649
704	658
704	674
704	679
704	688
704	701
704	707
704	721
704	722
704	723
704	724
704	738
704	740
704	742
704	750
704	751
704	752
704	758
704	763
704	928
705	507
705	515
705	525
705	556
705	557
705	575
705	597
705	600
705	608
705	612
705	613
705	619
705	620
705	629
705	632
705	634
705	635
705	646
705	656
705	658
705	661
705	668
705	685
705	718
705	723
705	747
705	795
706	493
706	514
706	522
706	573
706	577
706	588
706	599
706	601
706	606
706	638
706	679
706	688
706	713
706	721
706	722
706	723
706	724
706	733
706	738
706	742
706	751
706	752
706	754
706	755
706	758
706	763
706	927
707	496
707	551
707	588
707	601
707	618
707	638
707	646
707	647
707	660
707	667
707	688
707	704
707	713
707	721
707	723
707	724
707	728
707	738
707	740
707	742
707	751
707	754
707	755
707	757
707	762
707	763
707	846
708	178
708	489
708	500
708	524
708	528
708	538
708	579
708	602
708	603
708	617
708	622
708	635
708	654
708	672
708	686
708	694
708	703
708	712
708	715
708	722
708	742
708	743
708	744
708	745
708	746
708	748
708	756
708	961
709	327
709	537
709	539
709	583
709	591
709	610
709	640
709	642
709	650
709	657
709	664
709	669
709	680
709	681
709	698
709	702
709	719
709	727
709	732
709	734
709	736
709	750
709	753
709	757
709	758
709	759
709	761
709	763
710	313
710	484
710	488
710	534
710	542
710	546
710	555
710	570
710	589
710	590
710	595
710	596
710	598
710	626
710	633
710	637
710	644
710	652
710	661
710	665
710	670
710	682
710	690
710	691
710	700
710	716
710	742
710	984
711	237
711	460
711	480
711	496
711	498
711	523
711	543
711	563
711	622
711	624
711	643
711	654
711	663
711	687
711	697
711	699
711	717
711	729
711	730
711	733
711	736
711	741
711	749
711	759
711	760
711	762
711	764
711	765
712	80
712	495
712	521
712	540
712	559
712	564
712	572
712	579
712	592
712	603
712	654
712	672
712	686
712	689
712	692
712	694
712	703
712	708
712	715
712	729
712	739
712	741
712	743
712	744
712	746
712	750
712	756
712	765
713	153
713	490
713	501
713	529
713	547
713	554
713	569
713	606
713	611
713	638
713	664
713	674
713	684
713	688
713	690
713	692
713	701
713	706
713	707
713	721
713	722
713	724
713	728
713	740
713	742
713	751
713	752
713	755
714	172
714	413
714	480
714	509
714	585
714	587
714	589
714	593
714	605
714	616
714	634
714	636
714	641
714	647
714	659
714	665
714	666
714	696
714	719
714	720
714	722
714	725
714	726
714	731
714	734
714	735
714	737
714	761
714	763
715	497
715	519
715	521
715	524
715	540
715	547
715	564
715	602
715	603
715	654
715	657
715	672
715	683
715	686
715	689
715	694
715	708
715	712
715	734
715	739
715	743
715	744
715	745
715	746
715	748
715	756
715	762
715	765
715	774
716	484
716	488
716	511
716	522
716	542
716	544
716	546
716	548
716	555
716	570
716	593
716	595
716	598
716	626
716	633
716	637
716	644
716	652
716	682
716	688
716	690
716	691
716	700
716	710
716	724
716	749
716	751
716	754
716	991
717	144
717	527
717	534
717	549
717	574
717	622
717	624
717	643
717	651
717	659
717	675
717	683
717	695
717	697
717	699
717	702
717	711
717	719
717	726
717	730
717	731
717	741
717	744
717	749
717	751
717	760
717	764
717	765
717	970
718	489
718	507
718	515
718	525
718	556
718	557
718	575
718	591
718	597
718	600
718	608
718	612
718	613
718	620
718	629
718	632
718	635
718	656
718	658
718	661
718	662
718	668
718	685
718	686
718	688
718	705
718	759
718	936
718	1000
719	4
719	480
719	499
719	509
719	510
719	520
719	552
719	576
719	585
719	587
719	593
719	605
719	616
719	634
719	636
719	645
719	647
719	665
719	666
719	672
719	709
719	714
719	717
719	725
719	726
719	731
719	735
719	737
719	757
720	509
720	520
720	529
720	547
720	576
720	578
720	585
720	587
720	589
720	593
720	605
720	634
720	636
720	640
720	645
720	647
720	649
720	661
720	665
720	666
720	679
720	701
720	714
720	725
720	726
720	731
720	735
720	737
720	751
720	988
721	476
721	501
721	550
721	575
721	603
721	607
721	618
721	635
721	639
721	646
721	659
721	664
721	674
721	676
721	684
721	688
721	701
721	704
721	706
721	707
721	713
721	722
721	723
721	728
721	740
721	742
721	751
721	753
721	755
721	763
722	228
722	282
722	490
722	514
722	526
722	528
722	554
722	569
722	594
722	599
722	604
722	607
722	611
722	639
722	649
722	660
722	667
722	676
722	704
722	706
722	708
722	713
722	714
722	721
722	728
722	740
722	751
722	752
722	754
722	755
722	763
723	290
723	479
723	490
723	512
723	571
723	588
723	604
723	614
723	618
723	638
723	646
723	657
723	660
723	667
723	679
723	684
723	692
723	704
723	705
723	706
723	707
723	721
723	728
723	732
723	738
723	740
723	742
723	752
723	755
723	761
723	817
724	173
724	479
724	491
724	501
724	539
724	552
724	599
724	606
724	607
724	610
724	620
724	629
724	639
724	649
724	667
724	679
724	692
724	701
724	704
724	706
724	707
724	713
724	716
724	728
724	740
724	742
724	752
724	754
724	755
724	760
724	763
725	465
725	520
725	529
725	530
725	547
725	576
725	578
725	585
725	587
725	589
725	593
725	596
725	605
725	607
725	616
725	634
725	636
725	645
725	659
725	665
725	666
725	714
725	719
725	720
725	726
725	731
725	735
725	737
725	757
725	762
725	763
726	509
726	510
726	547
726	578
726	585
726	587
726	589
726	593
726	605
726	616
726	634
726	636
726	645
726	647
726	654
726	659
726	665
726	666
726	675
726	688
726	701
726	714
726	717
726	719
726	720
726	725
726	731
726	735
726	737
726	763
726	808
726	952
727	342
727	488
727	501
727	509
727	511
727	560
727	566
727	571
727	573
727	591
727	610
727	628
727	631
727	657
727	664
727	681
727	693
727	696
727	698
727	709
727	732
727	736
727	741
727	747
727	750
727	753
727	756
727	757
727	758
727	759
727	761
727	993
728	70
728	479
728	540
728	550
728	554
728	599
728	601
728	605
728	612
728	614
728	618
728	630
728	655
728	660
728	674
728	679
728	701
728	707
728	713
728	721
728	722
728	723
728	724
728	738
728	742
728	748
728	751
728	752
728	754
728	755
728	763
728	990
729	527
729	543
729	551
729	560
729	563
729	574
729	577
729	622
729	624
729	625
729	643
729	651
729	670
729	675
729	680
729	683
729	689
729	697
729	699
729	702
729	711
729	712
729	730
729	733
729	741
729	746
729	749
729	762
729	764
729	765
729	913
729	995
730	61
730	508
730	517
730	527
730	540
730	543
730	551
730	577
730	580
730	612
730	615
730	624
730	625
730	648
730	663
730	675
730	683
730	699
730	702
730	711
730	717
730	729
730	732
730	733
730	739
730	741
730	743
730	749
730	762
730	764
730	765
730	975
731	246
731	480
731	509
731	510
731	520
731	529
731	536
731	547
731	578
731	585
731	589
731	593
731	595
731	605
731	634
731	636
731	638
731	645
731	647
731	659
731	660
731	662
731	665
731	666
731	714
731	717
731	719
731	720
731	725
731	726
731	735
731	737
731	806
732	207
732	478
732	487
732	536
732	560
732	573
732	586
732	610
732	628
732	640
732	643
732	650
732	657
732	672
732	678
732	681
732	693
732	696
732	698
732	709
732	723
732	727
732	730
732	736
732	747
732	750
732	753
732	757
732	758
732	759
732	761
732	764
732	765
733	330
733	508
733	517
733	526
733	535
733	549
733	551
733	565
733	574
733	624
733	638
733	643
733	662
733	663
733	675
733	683
733	685
733	687
733	695
733	697
733	699
733	702
733	706
733	711
733	729
733	730
733	741
733	749
733	752
733	760
733	762
733	764
733	765
734	63
734	169
734	485
734	486
734	505
734	506
734	519
734	521
734	524
734	540
734	572
734	579
734	582
734	592
734	600
734	603
734	617
734	651
734	685
734	686
734	689
734	694
734	703
734	709
734	714
734	715
734	739
734	743
734	744
734	745
734	746
734	748
734	756
735	71
735	480
735	509
735	510
735	516
735	520
735	529
735	547
735	559
735	576
735	578
735	585
735	587
735	589
735	593
735	605
735	616
735	623
735	629
735	636
735	645
735	647
735	659
735	666
735	683
735	714
735	719
735	720
735	725
735	726
735	731
735	737
735	745
735	835
736	312
736	478
736	496
736	503
736	514
736	539
736	560
736	571
736	583
736	586
736	591
736	601
736	611
736	628
736	642
736	663
736	668
736	669
736	693
736	696
736	698
736	709
736	711
736	727
736	732
736	747
736	750
736	751
736	753
736	757
736	758
736	759
736	761
736	946
737	345
737	420
737	480
737	510
737	529
737	547
737	576
737	578
737	585
737	587
737	589
737	593
737	605
737	616
737	628
737	634
737	645
737	647
737	659
737	665
737	666
737	673
737	701
737	714
737	719
737	720
737	725
737	726
737	731
737	735
737	738
737	744
737	745
737	761
738	491
738	493
738	524
738	526
738	550
738	601
738	607
738	614
738	638
738	644
738	646
738	656
738	667
738	676
738	678
738	684
738	688
738	692
738	701
738	704
738	706
738	707
738	723
738	728
738	737
738	740
738	742
738	745
738	751
738	752
738	754
738	755
738	758
738	763
738	851
739	245
739	479
739	489
739	494
739	495
739	500
739	505
739	521
739	528
739	557
739	564
739	572
739	592
739	602
739	603
739	636
739	654
739	672
739	676
739	686
739	689
739	694
739	703
739	712
739	715
739	730
739	734
739	744
739	745
739	746
739	748
739	749
739	756
739	764
739	907
740	235
740	479
740	494
740	501
740	526
740	530
740	599
740	607
740	615
740	618
740	638
740	639
740	660
740	667
740	676
740	679
740	680
740	684
740	686
740	700
740	701
740	704
740	707
740	713
740	721
740	722
740	723
740	724
740	738
740	742
740	749
740	754
740	755
740	757
740	763
740	830
741	248
741	481
741	498
741	523
741	527
741	534
741	535
741	543
741	563
741	574
741	589
741	602
741	622
741	624
741	625
741	637
741	651
741	683
741	687
741	695
741	697
741	699
741	701
741	711
741	712
741	717
741	727
741	729
741	730
741	733
741	748
741	749
741	760
741	762
741	764
741	765
741	877
742	6
742	479
742	512
742	530
742	552
742	554
742	582
742	585
742	599
742	606
742	627
742	646
742	649
742	660
742	663
742	670
742	674
742	676
742	679
742	692
742	704
742	706
742	707
742	708
742	710
742	713
742	721
742	723
742	724
742	728
742	738
742	740
742	751
742	752
742	754
742	755
742	763
742	876
743	147
743	485
743	494
743	495
743	500
743	505
743	506
743	517
743	519
743	528
743	540
743	559
743	564
743	572
743	579
743	582
743	592
743	595
743	617
743	651
743	654
743	672
743	676
743	686
743	694
743	703
743	708
743	712
743	715
743	730
743	734
743	744
743	745
743	746
743	748
743	756
743	759
743	964
744	145
744	337
744	485
744	495
744	500
744	505
744	506
744	519
744	528
744	559
744	564
744	572
744	579
744	582
744	602
744	617
744	654
744	672
744	689
744	691
744	694
744	703
744	708
744	712
744	715
744	717
744	734
744	737
744	739
744	743
744	745
744	746
744	747
744	748
744	753
744	754
744	756
744	763
744	764
745	250
745	428
745	489
745	505
745	506
745	521
745	524
745	540
745	559
745	564
745	572
745	579
745	592
745	602
745	603
745	617
745	624
745	654
745	656
745	672
745	686
745	689
745	694
745	703
745	708
745	715
745	734
745	735
745	737
745	738
745	739
745	743
745	744
745	746
745	748
745	755
745	756
745	759
745	760
746	458
746	494
746	495
746	503
746	505
746	506
746	519
746	521
746	528
746	540
746	559
746	564
746	572
746	579
746	582
746	592
746	602
746	603
746	608
746	617
746	621
746	650
746	654
746	674
746	677
746	689
746	694
746	703
746	708
746	712
746	715
746	729
746	734
746	739
746	743
746	744
746	745
746	756
746	978
747	469
747	480
747	482
747	487
747	491
747	519
747	531
747	536
747	539
747	560
747	566
747	568
747	571
747	583
747	586
747	610
747	628
747	640
747	642
747	650
747	657
747	664
747	681
747	693
747	696
747	698
747	700
747	705
747	727
747	732
747	736
747	744
747	750
747	753
747	757
747	758
747	759
747	761
747	986
748	209
748	280
748	485
748	489
748	495
748	500
748	519
748	521
748	524
748	528
748	540
748	559
748	572
748	579
748	582
748	592
748	598
748	602
748	603
748	608
748	622
748	654
748	658
748	672
748	686
748	689
748	694
748	701
748	703
748	708
748	715
748	728
748	734
748	739
748	741
748	743
748	744
748	745
748	756
748	760
749	450
749	475
749	498
749	507
749	508
749	534
749	535
749	549
749	551
749	563
749	577
749	594
749	602
749	622
749	624
749	625
749	651
749	652
749	663
749	670
749	683
749	687
749	695
749	697
749	699
749	702
749	711
749	716
749	717
749	729
749	730
749	733
749	739
749	740
749	741
749	755
749	760
749	762
749	764
749	765
750	119
750	448
750	478
750	502
750	503
750	536
750	539
750	560
750	566
750	568
750	573
750	583
750	586
750	591
750	597
750	610
750	626
750	628
750	640
750	642
750	657
750	664
750	681
750	693
750	696
750	697
750	698
750	704
750	709
750	712
750	727
750	732
750	736
750	747
750	755
750	757
750	758
750	759
750	761
750	765
751	304
751	479
751	490
751	493
751	512
751	526
751	550
751	552
751	569
751	601
751	606
751	614
751	638
751	642
751	649
751	660
751	674
751	679
751	692
751	693
751	695
751	697
751	701
751	704
751	706
751	707
751	713
751	716
751	717
751	720
751	721
751	722
751	728
751	736
751	738
751	742
751	752
751	754
751	763
751	849
752	177
752	263
752	501
752	505
752	506
752	514
752	526
752	530
752	552
752	588
752	601
752	607
752	613
752	614
752	616
752	639
752	646
752	649
752	660
752	667
752	670
752	674
752	676
752	684
752	687
752	692
752	701
752	704
752	706
752	713
752	722
752	723
752	724
752	728
752	733
752	738
752	742
752	751
752	754
752	755
752	760
752	763
753	339
753	478
753	482
753	487
753	528
753	536
753	537
753	544
753	566
753	568
753	571
753	573
753	583
753	584
753	591
753	601
753	610
753	628
753	640
753	642
753	650
753	657
753	664
753	669
753	681
753	693
753	696
753	698
753	702
753	709
753	721
753	727
753	732
753	736
753	744
753	747
753	755
753	757
753	758
753	759
753	761
753	996
754	125
754	465
754	490
754	493
754	501
754	512
754	514
754	530
754	550
754	554
754	561
754	569
754	578
754	580
754	588
754	591
754	607
754	638
754	639
754	643
754	649
754	660
754	668
754	674
754	675
754	676
754	684
754	688
754	692
754	706
754	707
754	716
754	722
754	724
754	728
754	738
754	740
754	742
754	744
754	751
754	752
754	755
754	763
755	74
755	479
755	490
755	491
755	522
755	526
755	530
755	550
755	554
755	569
755	588
755	599
755	606
755	614
755	618
755	646
755	660
755	673
755	674
755	676
755	679
755	684
755	706
755	707
755	713
755	721
755	722
755	723
755	724
755	728
755	738
755	740
755	742
755	745
755	749
755	750
755	752
755	753
755	754
755	758
755	761
755	763
755	765
755	824
756	341
756	463
756	485
756	494
756	495
756	500
756	505
756	506
756	521
756	524
756	528
756	540
756	559
756	564
756	579
756	582
756	592
756	602
756	603
756	617
756	640
756	654
756	672
756	684
756	686
756	687
756	689
756	691
756	694
756	695
756	699
756	703
756	708
756	712
756	715
756	727
756	734
756	739
756	743
756	744
756	745
756	746
756	748
756	762
757	118
757	482
757	487
757	496
757	503
757	536
757	537
757	560
757	566
757	571
757	573
757	579
757	580
757	583
757	586
757	591
757	609
757	610
757	628
757	640
757	642
757	650
757	657
757	664
757	669
757	675
757	676
757	693
757	696
757	698
757	707
757	709
757	719
757	725
757	727
757	732
757	736
757	740
757	747
757	750
757	753
757	758
757	759
757	761
757	947
758	47
758	478
758	482
758	483
758	487
758	503
758	536
758	539
758	560
758	564
758	566
758	568
758	583
758	585
758	586
758	591
758	610
758	613
758	619
758	624
758	628
758	640
758	642
758	650
758	657
758	664
758	669
758	681
758	693
758	696
758	704
758	706
758	709
758	727
758	732
758	736
758	738
758	747
758	750
758	753
758	755
758	757
758	759
758	761
758	994
759	478
759	482
759	487
759	496
759	503
759	537
759	539
759	566
759	568
759	571
759	573
759	583
759	586
759	591
759	603
759	610
759	628
759	640
759	642
759	650
759	661
759	664
759	669
759	690
759	693
759	696
759	698
759	709
759	711
759	718
759	727
759	732
759	736
759	743
759	745
759	747
759	750
759	753
759	757
759	758
759	760
759	761
759	764
759	765
759	813
759	932
760	462
760	473
760	481
760	498
760	508
760	517
760	523
760	527
760	534
760	535
760	549
760	551
760	563
760	574
760	577
760	594
760	615
760	622
760	625
760	633
760	641
760	643
760	651
760	662
760	663
760	675
760	680
760	683
760	687
760	695
760	697
760	699
760	702
760	711
760	717
760	724
760	733
760	741
760	745
760	748
760	749
760	752
760	759
760	762
760	764
760	765
761	1
761	66
761	478
761	482
761	487
761	496
761	503
761	536
761	539
761	560
761	566
761	568
761	573
761	583
761	586
761	610
761	628
761	630
761	640
761	642
761	646
761	650
761	652
761	654
761	657
761	663
761	664
761	669
761	681
761	689
761	693
761	696
761	698
761	709
761	714
761	723
761	727
761	732
761	736
761	737
761	747
761	750
761	753
761	755
761	757
761	758
761	759
762	9
762	417
762	475
762	481
762	498
762	508
762	523
762	527
762	531
762	532
762	534
762	543
762	549
762	551
762	563
762	566
762	574
762	577
762	594
762	615
762	622
762	624
762	625
762	633
762	643
762	651
762	663
762	675
762	682
762	687
762	695
762	697
762	699
762	702
762	707
762	711
762	715
762	725
762	729
762	730
762	733
762	741
762	749
762	756
762	760
762	764
762	765
763	297
763	317
763	493
763	495
763	512
763	514
763	523
763	525
763	530
763	550
763	569
763	588
763	599
763	601
763	606
763	607
763	618
763	622
763	639
763	646
763	649
763	650
763	660
763	667
763	674
763	676
763	684
763	688
763	701
763	704
763	706
763	707
763	709
763	714
763	721
763	722
763	724
763	725
763	726
763	728
763	738
763	740
763	742
763	744
763	751
763	752
763	754
763	755
763	803
764	259
764	322
764	481
764	486
764	498
764	508
764	517
764	523
764	527
764	534
764	535
764	543
764	549
764	551
764	574
764	576
764	577
764	581
764	588
764	594
764	615
764	624
764	625
764	628
764	643
764	651
764	663
764	675
764	683
764	687
764	695
764	697
764	699
764	702
764	711
764	717
764	729
764	730
764	732
764	733
764	739
764	741
764	744
764	749
764	759
764	760
764	762
764	765
764	910
765	481
765	498
765	508
765	517
765	520
765	523
765	527
765	534
765	535
765	543
765	549
765	551
765	563
765	574
765	577
765	594
765	615
765	622
765	624
765	625
765	629
765	637
765	643
765	651
765	663
765	675
765	683
765	685
765	687
765	695
765	697
765	699
765	711
765	712
765	715
765	717
765	729
765	730
765	732
765	733
765	741
765	749
765	750
765	755
765	759
765	760
765	762
765	764
765	880
765	980
766	826
766	835
766	893
766	899
766	976
766	988
766	991
766	992
766	996
766	998
767	675
767	772
767	775
767	808
767	864
767	901
767	935
767	944
767	971
767	984
768	389
768	843
768	917
768	945
768	947
768	963
768	993
768	994
768	996
768	998
769	923
769	932
769	970
769	978
769	981
769	991
769	993
769	994
769	996
769	997
770	821
770	851
770	920
770	933
770	935
770	959
770	965
770	969
770	976
770	983
771	836
771	871
771	934
771	938
771	942
771	952
771	953
771	956
771	987
771	997
772	767
772	813
772	819
772	821
772	898
772	908
772	931
772	965
772	969
772	971
773	658
773	838
773	863
773	870
773	877
773	958
773	967
773	988
773	999
773	1000
774	715
774	787
774	903
774	991
774	992
774	993
774	996
774	997
774	998
774	999
775	767
775	906
775	927
775	930
775	951
775	970
775	979
775	985
775	999
775	1000
776	182
776	843
776	872
776	890
776	904
776	943
776	966
776	968
776	975
776	986
777	175
777	793
777	802
777	827
777	904
777	932
777	974
777	992
777	996
777	997
778	786
778	795
778	822
778	856
778	893
778	920
778	933
778	942
778	954
778	984
779	829
779	839
779	847
779	874
779	907
779	926
779	973
779	976
779	981
779	995
780	281
780	837
780	903
780	947
780	964
780	991
780	992
780	994
780	996
780	998
781	167
781	796
781	855
781	907
781	908
781	916
781	960
781	972
781	977
781	995
782	457
782	823
782	836
782	926
782	938
782	948
782	962
782	987
782	990
782	997
783	336
783	975
783	983
783	991
783	992
783	993
783	994
783	996
783	997
783	998
784	77
784	789
784	834
784	860
784	910
784	940
784	986
784	987
784	990
784	991
785	848
785	863
785	870
785	930
785	946
785	969
785	970
785	979
785	999
785	1000
786	676
786	778
786	790
786	803
786	821
786	841
786	852
786	905
786	926
786	976
787	701
787	774
787	790
787	846
787	923
787	947
787	993
787	994
787	997
787	998
788	90
788	888
788	904
788	927
788	943
788	948
788	955
788	968
788	975
788	986
789	309
789	784
789	795
789	836
789	851
789	908
789	934
789	953
789	987
789	990
790	153
790	786
790	787
790	841
790	922
790	928
790	949
790	977
790	995
790	1000
791	192
791	827
791	853
791	867
791	908
791	924
791	936
791	949
791	960
791	981
792	629
792	884
792	921
792	978
792	985
792	988
792	992
792	993
792	997
792	999
793	683
793	777
793	851
793	891
793	940
793	952
793	962
793	963
793	987
793	990
794	691
794	824
794	849
794	884
794	909
794	942
794	954
794	964
794	969
794	995
795	705
795	778
795	789
795	814
795	849
795	869
795	955
795	969
795	980
795	984
796	294
796	781
796	798
796	875
796	907
796	922
796	944
796	976
796	977
796	995
797	806
797	887
797	912
797	917
797	925
797	947
797	973
797	974
797	978
797	988
797	994
798	562
798	796
798	857
798	859
798	901
798	920
798	964
798	973
798	980
798	983
798	984
799	845
799	848
799	881
799	900
799	909
799	967
799	970
799	979
799	985
799	999
799	1000
800	805
800	832
800	841
800	852
800	905
800	944
800	976
800	977
800	981
800	984
800	995
801	872
801	882
801	890
801	896
801	939
801	966
801	973
801	975
801	982
801	986
801	989
802	671
802	777
802	827
802	884
802	899
802	932
802	936
802	963
802	988
802	989
802	996
803	763
803	786
803	841
803	862
803	916
803	928
803	944
803	957
803	972
803	988
803	995
804	184
804	842
804	855
804	870
804	879
804	967
804	977
804	985
804	988
804	999
804	1000
805	542
805	800
805	877
805	889
805	900
805	902
805	906
805	941
805	985
805	999
805	1000
806	731
806	797
806	857
806	893
806	909
806	935
806	964
806	965
806	971
806	984
806	989
807	298
807	850
807	871
807	897
807	909
807	910
807	940
807	952
807	987
807	990
807	995
808	726
808	767
808	823
808	879
808	885
808	886
808	893
808	909
808	920
808	971
808	984
809	648
809	854
809	884
809	921
809	934
809	950
809	963
809	988
809	993
809	996
809	998
810	635
810	869
810	912
810	917
810	932
810	948
810	973
810	991
810	994
810	997
810	998
811	332
811	849
811	881
811	929
811	951
811	967
811	970
811	979
811	985
811	999
811	1000
812	394
812	846
812	862
812	890
812	927
812	941
812	943
812	945
812	968
812	982
812	986
813	759
813	772
813	826
813	828
813	849
813	850
813	859
813	885
813	911
813	920
813	980
814	311
814	795
814	931
814	935
814	954
814	963
814	969
814	970
814	971
814	983
814	984
815	842
815	843
815	855
815	889
815	902
815	949
815	959
815	970
815	979
815	999
815	1000
816	547
816	848
816	870
816	884
816	894
816	902
816	922
816	967
816	979
816	999
816	1000
817	723
817	823
817	870
817	900
817	951
817	970
817	985
817	998
817	999
817	1000
818	107
818	833
818	859
818	941
818	955
818	958
818	968
818	973
818	974
818	982
818	989
819	772
819	868
819	871
819	884
819	950
819	974
819	988
819	989
819	991
819	994
819	996
819	997
820	899
820	922
820	926
820	928
820	936
820	949
820	957
820	960
820	972
820	981
820	995
820	997
821	305
821	770
821	772
821	786
821	845
821	860
821	931
821	942
821	959
821	965
821	971
821	983
822	624
822	778
822	839
822	893
822	904
822	931
822	941
822	964
822	969
822	980
822	983
822	984
823	782
823	808
823	817
823	832
823	871
823	892
823	900
823	934
823	940
823	952
823	953
823	990
824	755
824	794
824	840
824	852
824	901
824	933
824	935
824	937
824	959
824	980
824	983
824	984
825	105
825	832
825	834
825	897
825	938
825	948
825	952
825	953
825	962
825	971
825	990
825	994
826	766
826	813
826	883
826	912
826	991
826	992
826	993
826	994
826	996
826	997
826	998
826	1000
827	777
827	791
827	802
827	828
827	884
827	907
827	913
827	991
827	992
827	993
827	996
827	997
828	270
828	813
828	827
828	858
828	886
828	896
828	906
828	920
828	942
828	965
828	971
828	980
829	175
829	779
829	850
829	873
829	912
829	924
829	936
829	944
829	949
829	957
829	981
829	995
830	740
830	850
830	851
830	871
830	873
830	897
830	923
830	952
830	953
830	956
830	987
830	990
831	176
831	832
831	851
831	876
831	891
831	923
831	952
831	953
831	956
831	983
831	987
831	990
832	183
832	800
832	823
832	825
832	831
832	834
832	891
832	938
832	951
832	962
832	987
832	990
833	818
833	865
833	918
833	920
833	939
833	958
833	961
833	966
833	974
833	975
833	982
833	989
834	784
834	825
834	832
834	854
834	864
834	868
834	910
834	934
834	952
834	953
834	960
834	990
835	735
835	766
835	921
835	939
835	978
835	988
835	991
835	993
835	994
835	996
835	997
835	999
836	771
836	782
836	789
836	857
836	940
836	952
836	953
836	956
836	958
836	962
836	975
836	990
837	328
837	780
837	878
837	915
837	916
837	921
837	948
837	962
837	978
837	996
837	998
837	999
838	162
838	773
838	843
838	864
838	877
838	879
838	894
838	964
838	970
838	979
838	999
838	1000
839	328
839	779
839	822
839	858
839	862
839	864
839	920
839	933
839	954
839	971
839	980
839	983
840	165
840	824
840	849
840	857
840	864
840	886
840	901
840	902
840	921
840	933
840	935
840	983
841	786
841	790
841	800
841	803
841	881
841	903
841	908
841	928
841	949
841	960
841	978
841	981
842	804
842	815
842	866
842	895
842	900
842	920
842	951
842	979
842	985
842	995
842	999
842	1000
843	653
843	768
843	776
843	815
843	838
843	894
843	930
843	952
843	967
843	979
843	999
843	1000
844	913
844	914
844	916
844	917
844	947
844	958
844	991
844	992
844	993
844	994
844	997
844	998
845	646
845	799
845	821
845	861
845	869
845	893
845	911
845	933
845	959
845	969
845	984
845	990
846	707
846	787
846	812
846	867
846	873
846	922
846	941
846	960
846	972
846	976
846	977
846	981
846	995
847	254
847	779
847	852
847	856
847	905
847	926
847	945
847	956
847	957
847	976
847	977
847	991
847	995
848	785
848	799
848	816
848	866
848	879
848	899
848	900
848	913
848	930
848	967
848	996
848	999
848	1000
849	751
849	794
849	795
849	811
849	813
849	840
849	860
849	869
849	920
849	954
849	968
849	971
849	983
850	353
850	807
850	813
850	829
850	830
850	866
850	876
850	892
850	934
850	940
850	962
850	987
850	990
851	738
851	770
851	789
851	793
851	830
851	831
851	875
851	887
851	940
851	953
851	956
851	987
851	990
852	104
852	786
852	800
852	824
852	847
852	862
852	903
852	908
852	926
852	955
852	972
852	977
852	995
853	492
853	791
853	863
853	948
853	974
853	983
853	991
853	992
853	993
853	994
853	996
853	997
853	998
854	291
854	809
854	834
854	871
854	891
854	910
854	938
854	940
854	956
854	961
854	977
854	987
854	990
855	781
855	804
855	815
855	866
855	883
855	894
855	895
855	902
855	948
855	979
855	985
855	999
855	1000
856	206
856	778
856	847
856	862
856	882
856	905
856	926
856	949
856	957
856	977
856	981
856	991
856	995
857	798
857	806
857	836
857	840
857	869
857	901
857	911
857	933
857	959
857	962
857	971
857	978
857	983
858	180
858	828
858	839
858	864
858	896
858	933
858	935
858	953
858	954
858	968
858	969
858	983
858	984
859	313
859	798
859	813
859	818
859	872
859	885
859	898
859	954
859	964
859	969
859	971
859	983
859	994
860	230
860	784
860	821
860	849
860	863
860	892
860	910
860	934
860	938
860	940
860	956
860	987
860	990
861	571
861	845
861	869
861	872
861	911
861	919
861	935
861	959
861	964
861	965
861	972
861	983
861	985
862	803
862	812
862	839
862	852
862	856
862	876
862	888
862	907
862	949
862	957
862	972
862	977
862	981
862	995
863	773
863	785
863	853
863	860
863	875
863	902
863	906
863	930
863	970
863	979
863	985
863	996
863	999
863	1000
864	767
864	834
864	838
864	839
864	840
864	858
864	896
864	920
864	933
864	954
864	959
864	969
864	980
864	984
865	320
865	833
865	875
865	894
865	906
865	917
865	928
865	951
865	967
865	970
865	979
865	985
865	999
865	1000
866	842
866	848
866	850
866	855
866	879
866	902
866	947
866	951
866	967
866	970
866	979
866	991
866	999
866	1000
867	651
867	791
867	846
867	887
867	928
867	936
867	944
867	957
867	960
867	972
867	976
867	977
867	983
867	995
868	123
868	819
868	834
868	880
868	895
868	950
868	957
868	963
868	974
868	978
868	991
868	993
868	997
868	998
869	117
869	795
869	810
869	845
869	849
869	857
869	861
869	885
869	920
869	959
869	963
869	965
869	979
869	980
870	773
870	785
870	804
870	816
870	817
870	889
870	895
870	900
870	963
870	965
870	967
870	979
870	999
870	1000
871	771
871	807
871	819
871	823
871	830
871	854
871	891
871	952
871	953
871	956
871	962
871	969
871	987
871	990
872	349
872	776
872	801
872	859
872	861
872	901
872	933
872	942
872	954
872	964
872	965
872	967
872	969
872	983
872	984
873	829
873	830
873	846
873	888
873	907
873	924
873	944
873	960
873	976
873	977
873	981
873	984
873	992
873	995
873	997
874	779
874	884
874	898
874	908
874	922
874	924
874	936
874	949
874	957
874	959
874	960
874	976
874	977
874	981
874	995
875	528
875	796
875	851
875	863
875	865
875	889
875	894
875	930
875	940
875	967
875	970
875	979
875	985
875	999
875	1000
876	742
876	831
876	850
876	862
876	892
876	897
876	925
876	934
876	938
876	940
876	956
876	962
876	987
876	990
876	997
877	741
877	773
877	805
877	838
877	879
877	930
877	951
877	961
877	967
877	970
877	979
877	981
877	988
877	999
877	1000
878	593
878	837
878	912
878	932
878	947
878	948
878	974
878	978
878	988
878	992
878	993
878	994
878	995
878	996
878	1000
879	804
879	808
879	838
879	848
879	866
879	877
879	895
879	906
879	930
879	954
879	979
879	985
879	993
879	999
879	1000
880	765
880	868
880	910
880	948
880	950
880	963
880	974
880	978
880	986
880	992
880	993
880	994
880	996
880	998
880	1000
881	472
881	799
881	811
881	841
881	900
881	906
881	930
881	951
881	964
881	967
881	970
881	985
881	998
881	999
881	1000
882	141
882	801
882	856
882	919
882	929
882	941
882	945
882	955
882	958
882	973
882	975
882	982
882	986
882	989
882	997
883	335
883	826
883	855
883	888
883	915
883	925
883	948
883	950
883	963
883	988
883	991
883	993
883	994
883	996
883	998
884	13
884	792
884	794
884	802
884	809
884	816
884	819
884	827
884	874
884	967
884	974
884	992
884	994
884	996
884	997
885	133
885	808
885	813
885	859
885	869
885	898
885	931
885	942
885	964
885	969
885	980
885	984
885	993
885	998
885	1000
886	509
886	808
886	828
886	840
886	890
886	896
886	901
886	914
886	931
886	935
886	954
886	959
886	964
886	980
886	984
886	992
887	451
887	797
887	851
887	867
887	927
887	937
887	940
887	946
887	958
887	961
887	966
887	968
887	973
887	975
887	982
887	989
888	122
888	788
888	862
888	873
888	883
888	903
888	905
888	907
888	922
888	949
888	957
888	960
888	965
888	972
888	977
888	995
889	426
889	805
889	815
889	870
889	875
889	900
889	902
889	930
889	967
889	979
889	985
889	987
889	997
889	998
889	999
889	1000
890	30
890	776
890	801
890	812
890	886
890	911
890	914
890	919
890	922
890	929
890	955
890	958
890	961
890	966
890	973
890	989
891	327
891	793
891	831
891	832
891	854
891	871
891	892
891	910
891	946
891	951
891	953
891	956
891	962
891	987
891	990
891	995
892	269
892	823
892	850
892	860
892	876
892	891
892	934
892	938
892	939
892	953
892	956
892	962
892	971
892	980
892	987
892	990
893	49
893	766
893	778
893	806
893	808
893	822
893	845
893	901
893	911
893	931
893	935
893	942
893	954
893	961
893	969
893	992
894	816
894	838
894	843
894	855
894	865
894	875
894	895
894	911
894	913
894	934
894	951
894	956
894	967
894	985
894	999
894	1000
895	159
895	842
895	855
895	868
895	870
895	879
895	894
895	902
895	930
895	937
895	951
895	970
895	973
895	985
895	999
895	1000
896	801
896	828
896	858
896	864
896	886
896	933
896	937
896	942
896	954
896	959
896	963
896	964
896	965
896	980
896	983
896	998
897	29
897	807
897	825
897	830
897	876
897	910
897	934
897	938
897	944
897	952
897	956
897	962
897	967
897	984
897	987
897	990
898	307
898	772
898	859
898	874
898	885
898	909
898	919
898	935
898	942
898	959
898	964
898	965
898	977
898	980
898	983
898	984
899	364
899	766
899	802
899	820
899	848
899	923
899	924
899	925
899	932
899	963
899	974
899	988
899	991
899	993
899	996
899	997
899	998
900	214
900	799
900	805
900	817
900	823
900	842
900	848
900	870
900	881
900	889
900	930
900	949
900	951
900	954
900	985
900	999
900	1000
901	331
901	767
901	798
901	824
901	840
901	857
901	872
901	886
901	893
901	909
901	924
901	930
901	931
901	959
901	969
901	980
901	992
902	805
902	815
902	816
902	840
902	855
902	863
902	866
902	889
902	895
902	959
902	967
902	970
902	979
902	985
902	990
902	999
902	1000
903	774
903	780
903	841
903	852
903	888
903	924
903	928
903	936
903	944
903	960
903	972
903	976
903	977
903	981
903	988
903	995
903	997
904	535
904	776
904	777
904	788
904	822
904	919
904	924
904	929
904	937
904	941
904	946
904	952
904	966
904	968
904	982
904	986
904	989
905	100
905	786
905	800
905	847
905	856
905	888
905	924
905	957
905	960
905	970
905	972
905	976
905	981
905	986
905	987
905	988
905	995
906	702
906	775
906	805
906	828
906	863
906	865
906	879
906	881
906	929
906	951
906	967
906	970
906	979
906	982
906	985
906	999
906	1000
907	739
907	779
907	781
907	796
907	827
907	862
907	873
907	888
907	922
907	926
907	944
907	957
907	977
907	981
907	985
907	993
907	995
908	78
908	772
908	781
908	789
908	791
908	841
908	852
908	874
908	936
908	944
908	957
908	972
908	976
908	977
908	981
908	984
908	995
909	618
909	794
909	799
909	806
909	807
909	808
909	898
909	901
909	911
909	935
909	942
909	943
909	959
909	965
909	969
909	971
909	983
909	984
910	764
910	784
910	807
910	834
910	854
910	860
910	880
910	891
910	897
910	934
910	938
910	940
910	956
910	958
910	962
910	977
910	984
910	990
911	115
911	813
911	845
911	857
911	861
911	890
911	893
911	894
911	909
911	933
911	942
911	954
911	964
911	965
911	969
911	980
911	983
911	989
912	18
912	797
912	810
912	826
912	829
912	878
912	917
912	921
912	923
912	931
912	937
912	960
912	974
912	991
912	992
912	994
912	997
912	998
913	729
913	827
913	844
913	848
913	894
913	916
913	922
913	942
913	947
913	950
913	974
913	978
913	988
913	992
913	993
913	994
913	996
913	998
914	396
914	844
914	886
914	890
914	915
914	918
914	937
914	945
914	946
914	961
914	966
914	973
914	975
914	982
914	985
914	986
914	989
914	996
915	131
915	837
915	883
915	914
915	919
915	929
915	939
915	943
915	958
915	961
915	966
915	968
915	973
915	975
915	981
915	982
915	986
915	989
916	243
916	781
916	803
916	837
916	844
916	913
916	925
916	948
916	950
916	974
916	978
916	981
916	988
916	990
916	992
916	993
916	994
916	998
917	681
917	768
917	797
917	810
917	844
917	865
917	912
917	918
917	921
917	925
917	929
917	943
917	978
917	991
917	992
917	994
917	997
917	998
918	415
918	833
918	914
918	917
918	919
918	929
918	937
918	941
918	943
918	956
918	958
918	961
918	968
918	975
918	982
918	986
918	989
918	991
919	132
919	861
919	882
919	890
919	898
919	904
919	915
919	918
919	936
919	939
919	945
919	946
919	955
919	966
919	968
919	981
919	982
919	986
919	989
920	663
920	770
920	778
920	798
920	808
920	813
920	828
920	833
920	839
920	842
920	849
920	864
920	869
920	935
920	964
920	969
920	971
920	980
920	985
921	664
921	792
921	809
921	835
921	837
921	840
921	912
921	917
921	925
921	943
921	949
921	950
921	954
921	963
921	974
921	992
921	993
921	994
921	997
922	677
922	790
922	796
922	816
922	820
922	846
922	874
922	888
922	890
922	907
922	913
922	928
922	936
922	949
922	960
922	971
922	972
922	976
922	995
923	124
923	769
923	787
923	830
923	831
923	899
923	912
923	925
923	932
923	950
923	955
923	963
923	980
923	988
923	991
923	992
923	993
923	996
923	997
923	998
924	634
924	791
924	829
924	873
924	874
924	899
924	901
924	903
924	904
924	905
924	926
924	928
924	936
924	944
924	949
924	960
924	971
924	977
924	981
924	995
925	662
925	797
925	876
925	883
925	899
925	916
925	917
925	921
925	923
925	944
925	948
925	950
925	953
925	956
925	978
925	988
925	991
925	992
925	993
925	997
925	998
926	696
926	779
926	782
926	786
926	820
926	847
926	852
926	856
926	907
926	924
926	928
926	936
926	946
926	957
926	970
926	972
926	976
926	977
926	981
926	992
926	995
927	706
927	775
927	788
927	812
927	887
927	937
927	939
927	943
927	945
927	946
927	950
927	952
927	955
927	958
927	961
927	966
927	968
927	973
927	986
927	989
927	992
928	704
928	790
928	803
928	820
928	841
928	865
928	867
928	903
928	922
928	924
928	926
928	949
928	957
928	959
928	966
928	972
928	976
928	977
928	981
928	987
928	995
929	252
929	811
929	882
929	890
929	904
929	906
929	915
929	917
929	918
929	937
929	941
929	945
929	946
929	966
929	968
929	973
929	975
929	982
929	986
929	989
929	999
930	174
930	775
930	785
930	843
930	848
930	863
930	875
930	877
930	879
930	881
930	889
930	895
930	900
930	901
930	951
930	960
930	970
930	985
930	990
930	998
930	999
930	1000
931	470
931	772
931	814
931	821
931	822
931	885
931	886
931	893
931	901
931	912
931	933
931	954
931	959
931	963
931	964
931	965
931	971
931	980
931	983
931	984
931	986
931	987
932	759
932	769
932	777
932	802
932	810
932	878
932	899
932	923
932	945
932	947
932	961
932	966
932	974
932	975
932	978
932	988
932	991
932	993
932	994
932	996
932	997
932	998
933	496
933	770
933	778
933	824
933	839
933	840
933	845
933	857
933	858
933	864
933	872
933	896
933	911
933	931
933	942
933	957
933	965
933	971
933	980
933	990
933	996
933	999
934	81
934	655
934	771
934	789
934	809
934	823
934	834
934	850
934	860
934	876
934	892
934	894
934	897
934	910
934	938
934	940
934	956
934	962
934	983
934	987
934	990
934	995
935	58
935	767
935	770
935	806
935	814
935	824
935	840
935	858
935	861
935	886
935	893
935	898
935	909
935	920
935	954
935	964
935	971
935	978
935	983
935	988
935	993
935	1000
936	718
936	791
936	802
936	820
936	829
936	867
936	874
936	903
936	908
936	919
936	922
936	924
936	926
936	949
936	955
936	957
936	960
936	971
936	972
936	976
936	981
936	995
937	679
937	824
937	887
937	895
937	896
937	904
937	912
937	914
937	918
937	927
937	929
937	939
937	941
937	942
937	943
937	946
937	958
937	961
937	966
937	975
937	982
937	986
937	989
938	94
938	680
938	771
938	782
938	825
938	832
938	854
938	860
938	876
938	892
938	897
938	910
938	934
938	952
938	953
938	956
938	958
938	962
938	965
938	987
938	990
938	994
938	996
939	561
939	801
939	833
939	835
939	892
939	915
939	919
939	927
939	937
939	943
939	945
939	946
939	955
939	958
939	961
939	962
939	968
939	973
939	975
939	976
939	986
939	989
939	1000
940	694
940	784
940	793
940	807
940	823
940	836
940	850
940	851
940	854
940	860
940	875
940	876
940	887
940	910
940	934
940	952
940	953
940	962
940	968
940	975
940	984
940	987
940	990
941	691
941	805
941	812
941	818
941	822
941	846
941	882
941	904
941	918
941	929
941	937
941	943
941	945
941	946
941	955
941	958
941	961
941	968
941	975
941	979
941	982
941	986
941	989
942	274
942	771
942	778
942	794
942	821
942	828
942	872
942	885
942	893
942	896
942	898
942	909
942	911
942	913
942	933
942	937
942	964
942	965
942	975
942	980
942	983
942	984
942	996
943	134
943	776
943	788
943	812
943	909
943	915
943	917
943	918
943	921
943	927
943	937
943	939
943	941
943	945
943	946
943	955
943	958
943	966
943	968
943	973
943	982
943	989
943	993
944	339
944	767
944	796
944	800
944	803
944	829
944	867
944	873
944	897
944	903
944	907
944	908
944	924
944	925
944	949
944	951
944	960
944	965
944	972
944	976
944	977
944	981
944	995
945	538
945	768
945	812
945	847
945	882
945	914
945	919
945	927
945	929
945	932
945	939
945	941
945	943
945	946
945	955
945	958
945	959
945	968
945	973
945	975
945	982
945	986
945	989
946	736
946	785
946	887
946	891
946	904
946	914
946	919
946	926
946	927
946	929
946	937
946	939
946	941
946	943
946	945
946	949
946	955
946	961
946	966
946	968
946	972
946	973
946	986
946	989
947	386
947	757
947	768
947	780
947	787
947	797
947	844
947	866
947	878
947	913
947	932
947	950
947	963
947	964
947	974
947	988
947	989
947	992
947	993
947	994
947	996
947	997
947	998
947	999
948	449
948	782
948	788
948	810
948	825
948	837
948	853
948	855
948	878
948	880
948	883
948	916
948	925
948	950
948	977
948	978
948	988
948	991
948	992
948	993
948	994
948	996
948	997
948	998
949	395
949	790
949	791
949	815
949	820
949	829
949	841
949	856
949	862
949	874
949	888
949	900
949	921
949	922
949	924
949	928
949	936
949	944
949	946
949	960
949	967
949	976
949	977
949	995
950	156
950	809
950	819
950	868
950	880
950	883
950	913
950	916
950	921
950	923
950	925
950	927
950	947
950	948
950	963
950	968
950	974
950	976
950	982
950	992
950	994
950	996
950	997
950	999
951	302
951	775
951	811
951	817
951	832
951	842
951	865
951	866
951	877
951	881
951	891
951	894
951	895
951	900
951	906
951	930
951	944
951	967
951	970
951	976
951	979
951	995
951	999
951	1000
952	84
952	726
952	771
952	793
952	807
952	823
952	825
952	830
952	831
952	834
952	836
952	843
952	871
952	897
952	904
952	927
952	938
952	940
952	953
952	956
952	962
952	987
952	990
952	993
952	994
953	41
953	771
953	789
953	823
953	825
953	830
953	831
953	834
953	836
953	851
953	858
953	871
953	891
953	892
953	925
953	938
953	940
953	952
953	956
953	962
953	969
953	987
953	990
953	994
953	996
954	157
954	778
954	794
954	814
954	839
954	849
954	858
954	859
954	864
954	872
954	879
954	886
954	893
954	896
954	900
954	911
954	921
954	931
954	935
954	955
954	959
954	965
954	971
954	984
954	999
955	473
955	788
955	795
955	818
955	852
955	882
955	890
955	919
955	923
955	927
955	936
955	939
955	941
955	943
955	945
955	946
955	954
955	956
955	958
955	961
955	968
955	973
955	975
955	982
955	986
955	989
956	342
956	771
956	830
956	831
956	836
956	847
956	851
956	854
956	860
956	871
956	876
956	891
956	892
956	894
956	897
956	910
956	918
956	925
956	934
956	938
956	952
956	953
956	955
956	962
956	987
956	990
957	429
957	803
957	820
957	829
957	847
957	856
957	862
957	867
957	868
957	874
957	888
957	905
957	907
957	908
957	926
957	928
957	933
957	936
957	960
957	972
957	976
957	979
957	980
957	981
957	982
957	995
958	687
958	773
958	818
958	833
958	836
958	844
958	882
958	887
958	890
958	910
958	915
958	918
958	927
958	937
958	938
958	939
958	941
958	943
958	945
958	955
958	961
958	973
958	975
958	982
958	986
958	989
959	299
959	770
959	815
959	821
959	824
959	845
959	857
959	861
959	864
959	869
959	874
959	886
959	896
959	898
959	901
959	902
959	909
959	928
959	931
959	945
959	954
959	964
959	967
959	969
959	971
959	984
960	532
960	781
960	791
960	820
960	834
960	841
960	846
960	867
960	873
960	874
960	888
960	903
960	905
960	912
960	922
960	924
960	930
960	936
960	944
960	949
960	957
960	961
960	972
960	976
960	981
960	990
960	995
961	436
961	708
961	833
961	854
961	877
961	887
961	890
961	893
961	914
961	915
961	918
961	927
961	932
961	937
961	939
961	941
961	946
961	955
961	958
961	960
961	966
961	973
961	975
961	982
961	983
961	986
961	989
962	233
962	782
962	793
962	825
962	832
962	836
962	837
962	850
962	857
962	871
962	876
962	891
962	892
962	897
962	910
962	934
962	938
962	939
962	940
962	952
962	953
962	956
962	965
962	968
962	980
962	987
962	990
963	672
963	768
963	793
963	802
963	809
963	814
963	868
963	869
963	870
963	880
963	883
963	896
963	899
963	921
963	923
963	931
963	947
963	950
963	974
963	978
963	988
963	991
963	992
963	994
963	996
963	997
963	998
964	456
964	743
964	780
964	794
964	798
964	806
964	822
964	838
964	859
964	861
964	872
964	881
964	885
964	886
964	896
964	898
964	911
964	920
964	931
964	935
964	942
964	947
964	959
964	965
964	969
964	972
964	980
964	983
965	231
965	770
965	772
965	806
965	821
965	828
965	861
965	869
965	870
965	872
965	888
965	896
965	898
965	909
965	911
965	931
965	933
965	938
965	942
965	944
965	954
965	962
965	964
965	971
965	980
965	983
965	984
965	993
966	42
966	109
966	776
966	801
966	833
966	887
966	890
966	904
966	914
966	915
966	919
966	927
966	928
966	929
966	932
966	937
966	943
966	946
966	961
966	968
966	969
966	973
966	974
966	975
966	982
966	986
966	989
966	991
967	238
967	773
967	799
967	804
967	811
967	816
967	843
967	848
967	865
967	866
967	870
967	872
967	875
967	877
967	881
967	884
967	889
967	894
967	897
967	902
967	906
967	949
967	951
967	959
967	970
967	985
967	992
967	999
967	1000
968	140
968	776
968	788
968	812
968	818
968	849
968	858
968	887
968	904
968	915
968	918
968	919
968	927
968	929
968	939
968	940
968	941
968	943
968	945
968	946
968	950
968	955
968	962
968	966
968	973
968	982
968	986
968	989
968	997
969	103
969	770
969	772
969	785
969	794
969	795
969	814
969	822
969	845
969	858
969	859
969	864
969	871
969	872
969	885
969	893
969	901
969	909
969	911
969	920
969	953
969	959
969	964
969	966
969	971
969	976
969	979
969	980
969	983
969	984
970	632
970	717
970	769
970	775
970	785
970	799
970	811
970	814
970	815
970	817
970	838
970	863
970	865
970	866
970	875
970	877
970	881
970	895
970	902
970	905
970	906
970	926
970	930
970	951
970	967
970	974
970	979
970	985
970	999
970	1000
971	99
971	330
971	767
971	772
971	806
971	808
971	814
971	821
971	825
971	828
971	839
971	849
971	857
971	859
971	892
971	909
971	920
971	922
971	924
971	931
971	933
971	935
971	936
971	954
971	959
971	965
971	969
971	979
971	983
971	984
972	89
972	661
972	781
972	803
972	820
972	846
972	852
972	861
972	862
972	867
972	888
972	903
972	905
972	908
972	922
972	926
972	928
972	936
972	944
972	946
972	957
972	960
972	964
972	974
972	976
972	977
972	981
972	982
972	995
972	998
973	616
973	698
973	779
973	797
973	798
973	801
973	810
973	818
973	882
973	887
973	890
973	895
973	914
973	915
973	927
973	929
973	939
973	943
973	945
973	946
973	955
973	958
973	961
973	966
973	968
973	975
973	981
973	982
973	986
973	989
974	692
974	777
974	797
974	818
974	819
974	833
974	853
974	868
974	878
974	880
974	884
974	899
974	912
974	913
974	916
974	921
974	932
974	947
974	950
974	963
974	966
974	970
974	972
974	978
974	981
974	988
974	991
974	992
974	997
974	998
975	730
975	776
975	783
975	788
975	801
975	833
975	836
975	882
975	887
975	914
975	915
975	918
975	929
975	932
975	937
975	939
975	940
975	941
975	942
975	945
975	955
975	958
975	961
975	966
975	973
975	982
975	986
975	989
975	992
975	995
976	53
976	766
976	770
976	779
976	786
976	796
976	800
976	846
976	847
976	867
976	873
976	874
976	903
976	905
976	908
976	922
976	926
976	928
976	936
976	939
976	944
976	949
976	950
976	951
976	957
976	960
976	969
976	972
976	977
976	981
976	995
977	325
977	781
977	790
977	796
977	800
977	804
977	846
977	847
977	852
977	854
977	856
977	862
977	867
977	873
977	874
977	888
977	898
977	903
977	907
977	908
977	910
977	924
977	926
977	928
977	944
977	948
977	949
977	972
977	976
977	989
977	991
977	995
978	165
978	746
978	769
978	792
978	797
978	835
978	837
978	841
978	857
978	868
978	878
978	880
978	913
978	916
978	917
978	925
978	932
978	935
978	948
978	963
978	974
978	982
978	987
978	988
978	989
978	991
978	992
978	993
978	994
978	996
978	997
978	998
979	641
979	775
979	785
979	799
979	811
979	815
979	816
979	838
979	842
979	843
979	855
979	863
979	865
979	866
979	869
979	870
979	875
979	877
979	879
979	889
979	902
979	906
979	941
979	951
979	957
979	969
979	970
979	971
979	985
979	987
979	999
979	1000
980	470
980	765
980	795
980	798
980	813
980	822
980	824
980	828
980	839
980	864
980	869
980	885
980	886
980	892
980	896
980	898
980	901
980	911
980	920
980	923
980	931
980	933
980	942
980	957
980	962
980	964
980	965
980	969
980	984
980	986
980	994
980	1000
981	273
981	769
981	779
981	791
981	800
981	820
981	829
981	841
981	846
981	856
981	862
981	873
981	874
981	877
981	903
981	905
981	907
981	908
981	915
981	916
981	919
981	924
981	926
981	928
981	936
981	944
981	957
981	960
981	972
981	973
981	974
981	976
981	995
982	438
982	801
982	812
982	818
982	833
982	882
982	887
982	904
982	906
982	914
982	915
982	918
982	919
982	929
982	937
982	941
982	943
982	945
982	950
982	955
982	957
982	958
982	961
982	966
982	968
982	972
982	973
982	975
982	978
982	986
982	989
982	996
982	1000
983	474
983	770
983	783
983	798
983	814
983	821
983	822
983	824
983	831
983	839
983	840
983	849
983	853
983	857
983	858
983	859
983	861
983	867
983	872
983	896
983	898
983	909
983	911
983	931
983	934
983	935
983	942
983	961
983	964
983	965
983	969
983	971
983	984
984	710
984	767
984	778
984	795
984	798
984	800
984	806
984	808
984	814
984	822
984	824
984	845
984	858
984	864
984	872
984	873
984	885
984	886
984	897
984	898
984	908
984	909
984	910
984	931
984	940
984	942
984	954
984	959
984	965
984	969
984	971
984	980
984	983
985	295
985	587
985	775
985	792
985	799
985	804
985	805
985	811
985	817
985	842
985	855
985	861
985	863
985	865
985	875
985	879
985	881
985	889
985	894
985	895
985	900
985	902
985	906
985	907
985	914
985	920
985	930
985	967
985	970
985	979
985	993
985	994
985	999
985	1000
986	666
986	747
986	776
986	784
986	788
986	801
986	812
986	880
986	882
986	904
986	905
986	914
986	915
986	918
986	919
986	927
986	929
986	931
986	937
986	939
986	941
986	945
986	946
986	955
986	958
986	961
986	966
986	968
986	973
986	975
986	980
986	982
986	989
986	990
986	998
987	326
987	623
987	771
987	782
987	784
987	789
987	793
987	807
987	830
987	831
987	832
987	850
987	851
987	854
987	860
987	871
987	876
987	889
987	891
987	892
987	897
987	905
987	928
987	931
987	934
987	938
987	940
987	952
987	953
987	956
987	962
987	978
987	979
987	990
987	999
988	568
988	720
988	766
988	773
988	792
988	797
988	802
988	803
988	804
988	809
988	819
988	835
988	877
988	878
988	883
988	899
988	903
988	905
988	913
988	916
988	923
988	925
988	932
988	935
988	947
988	948
988	963
988	974
988	978
988	991
988	992
988	993
988	994
988	996
988	997
988	998
989	181
989	431
989	801
989	802
989	806
989	818
989	819
989	833
989	882
989	887
989	890
989	904
989	911
989	914
989	915
989	918
989	919
989	927
989	929
989	937
989	939
989	941
989	943
989	945
989	946
989	947
989	955
989	958
989	961
989	966
989	968
989	973
989	975
989	977
989	978
989	982
989	986
989	994
990	615
990	728
990	782
990	784
990	789
990	793
990	807
990	823
990	825
990	830
990	831
990	832
990	834
990	836
990	845
990	850
990	851
990	854
990	860
990	871
990	876
990	891
990	892
990	897
990	902
990	910
990	916
990	930
990	933
990	934
990	938
990	940
990	952
990	953
990	956
990	960
990	962
990	986
990	987
990	998
991	136
991	716
991	766
991	769
991	774
991	780
991	783
991	784
991	810
991	819
991	826
991	827
991	835
991	844
991	847
991	853
991	856
991	866
991	868
991	883
991	899
991	912
991	917
991	918
991	923
991	925
991	932
991	948
991	963
991	966
991	974
991	977
991	978
991	988
991	992
991	993
991	994
991	996
991	997
991	998
991	1000
992	161
992	603
992	766
992	774
992	777
992	780
992	783
992	792
992	826
992	827
992	844
992	853
992	873
992	878
992	880
992	884
992	886
992	893
992	901
992	912
992	913
992	916
992	917
992	921
992	923
992	925
992	926
992	927
992	947
992	948
992	950
992	963
992	967
992	974
992	975
992	978
992	988
992	991
992	993
992	996
992	997
992	998
993	154
993	536
993	727
993	768
993	769
993	774
993	783
993	787
993	792
993	809
993	826
993	827
993	835
993	844
993	853
993	868
993	878
993	879
993	880
993	883
993	885
993	899
993	907
993	913
993	916
993	921
993	923
993	925
993	932
993	935
993	943
993	947
993	948
993	952
993	965
993	978
993	985
993	988
993	991
993	992
993	994
993	996
993	997
993	998
994	171
994	376
994	758
994	768
994	769
994	780
994	783
994	787
994	797
994	810
994	819
994	825
994	826
994	835
994	844
994	853
994	859
994	878
994	880
994	883
994	884
994	912
994	913
994	916
994	917
994	921
994	932
994	938
994	947
994	948
994	950
994	952
994	953
994	963
994	978
994	980
994	985
994	988
994	989
994	991
994	993
994	996
994	997
994	998
995	656
995	729
995	779
995	781
995	790
995	794
995	796
995	800
995	803
995	807
995	820
995	829
995	842
995	846
995	847
995	852
995	856
995	862
995	867
995	873
995	874
995	878
995	888
995	891
995	903
995	905
995	907
995	908
995	922
995	924
995	926
995	928
995	934
995	936
995	944
995	949
995	951
995	957
995	960
995	972
995	975
995	976
995	977
995	981
995	996
996	644
996	753
996	766
996	768
996	769
996	774
996	777
996	780
996	783
996	802
996	809
996	819
996	826
996	827
996	835
996	837
996	848
996	853
996	863
996	878
996	880
996	883
996	884
996	899
996	913
996	914
996	923
996	932
996	933
996	938
996	942
996	947
996	948
996	950
996	953
996	963
996	978
996	982
996	988
996	991
996	992
996	993
996	994
996	995
996	997
996	998
997	130
997	619
997	769
997	771
997	774
997	777
997	782
997	783
997	787
997	792
997	810
997	819
997	820
997	826
997	827
997	835
997	844
997	853
997	868
997	873
997	876
997	882
997	884
997	889
997	899
997	903
997	912
997	917
997	921
997	923
997	925
997	932
997	947
997	948
997	950
997	963
997	968
997	974
997	978
997	988
997	991
997	992
997	993
997	994
997	996
997	998
998	26
998	628
998	766
998	768
998	774
998	780
998	783
998	787
998	809
998	810
998	817
998	826
998	837
998	844
998	853
998	868
998	880
998	881
998	883
998	885
998	889
998	896
998	899
998	912
998	913
998	916
998	917
998	923
998	925
998	930
998	932
998	947
998	948
998	963
998	972
998	974
998	978
998	986
998	988
998	990
998	991
998	992
998	993
998	994
998	996
998	997
999	253
999	512
999	773
999	774
999	775
999	785
999	792
999	799
999	804
999	805
999	811
999	815
999	816
999	817
999	835
999	837
999	838
999	842
999	843
999	848
999	855
999	863
999	865
999	866
999	870
999	875
999	877
999	879
999	881
999	889
999	894
999	895
999	900
999	902
999	906
999	929
999	930
999	933
999	947
999	950
999	951
999	954
999	967
999	970
999	979
999	985
999	987
999	1000
1000	138
1000	695
1000	718
1000	773
1000	775
1000	785
1000	790
1000	799
1000	804
1000	805
1000	811
1000	815
1000	816
1000	817
1000	826
1000	838
1000	842
1000	843
1000	848
1000	855
1000	863
1000	865
1000	866
1000	870
1000	875
1000	877
1000	878
1000	879
1000	880
1000	881
1000	885
1000	889
1000	894
1000	895
1000	900
1000	902
1000	906
1000	930
1000	935
1000	939
1000	951
1000	967
1000	970
1000	979
1000	980
1000	982
1000	985
1000	991
1000	999
