1	5
1	38
1	66
1	71
1	91
1	108
1	162
1	168
1	176
2	26
2	128
2	159
2	163
2	164
2	165
2	170
2	176
2	177
2	332
3	7
3	20
3	26
3	44
3	96
3	137
3	167
3	168
3	177
3	996
4	21
4	28
4	75
4	93
4	137
4	170
4	173
4	176
4	182
4	268
5	1
5	26
5	40
5	87
5	124
5	138
5	145
5	171
5	175
5	703
6	35
6	46
6	61
6	97
6	114
6	118
6	156
6	169
6	173
6	545
7	3
7	53
7	96
7	116
7	127
7	129
7	161
7	178
7	183
7	952
8	30
8	31
8	83
8	104
8	146
8	153
8	156
8	181
8	182
8	832
9	23
9	76
9	113
9	114
9	120
9	129
9	157
9	175
9	184
9	656
10	34
10	70
10	109
10	132
10	137
10	144
10	147
10	161
10	176
10	747
11	27
11	57
11	66
11	87
11	103
11	132
11	154
11	163
11	177
11	748
12	61
12	71
12	133
12	144
12	149
12	154
12	165
12	168
12	179
12	414
13	59
13	88
13	102
13	107
13	154
13	166
13	168
13	169
13	181
13	814
14	117
14	118
14	120
14	121
14	128
14	132
14	140
14	165
14	182
14	989
15	54
15	78
15	119
15	121
15	142
15	145
15	150
15	151
15	159
15	933
16	56
16	76
16	83
16	128
16	134
16	172
16	178
16	179
16	180
16	756
17	131
17	134
17	146
17	151
17	163
17	170
17	176
17	182
17	184
17	985
18	34
18	53
18	114
18	155
18	157
18	172
18	176
18	183
18	184
18	713
19	46
19	51
19	75
19	126
19	147
19	155
19	159
19	180
19	184
19	465
20	3
20	46
20	53
20	121
20	131
20	145
20	163
20	177
20	183
20	533
21	4
21	36
21	97
21	102
21	115
21	119
21	140
21	148
21	184
21	614
22	88
22	91
22	128
22	150
22	158
22	166
22	175
22	177
22	184
22	670
23	9
23	25
23	82
23	85
23	104
23	114
23	139
23	152
23	166
23	178
23	610
24	25
24	114
24	120
24	135
24	157
24	158
24	161
24	169
24	175
24	181
24	998
25	23
25	24
25	86
25	94
25	114
25	137
25	158
25	162
25	181
25	182
25	406
26	2
26	3
26	5
26	41
26	88
26	122
26	129
26	168
26	172
26	177
26	916
27	11
27	37
27	66
27	77
27	99
27	109
27	127
27	135
27	179
27	706
28	4
28	98
28	121
28	122
28	131
28	163
28	165
28	173
28	176
28	177
28	628
29	111
29	118
29	120
29	150
29	152
29	156
29	157
29	160
29	175
29	183
29	749
30	8
30	44
30	65
30	86
30	138
30	148
30	170
30	172
30	181
30	182
30	881
31	8
31	49
31	93
31	112
31	120
31	157
31	160
31	166
31	176
31	180
31	529
32	62
32	69
32	119
32	128
32	138
32	153
32	159
32	161
32	168
32	170
32	743
33	47
33	72
33	100
33	119
33	148
33	150
33	166
33	170
33	175
33	181
33	740
34	10
34	18
34	63
34	116
34	140
34	165
34	167
34	174
34	177
34	728
34	1000
35	6
35	48
35	93
35	103
35	104
35	140
35	152
35	153
35	157
35	178
35	911
36	21
36	55
36	90
36	104
36	110
36	113
36	120
36	178
36	179
36	181
36	471
37	27
37	73
37	93
37	102
37	124
37	129
37	134
37	150
37	158
37	166
37	182
37	987
38	1
38	98
38	107
38	110
38	140
38	141
38	144
38	160
38	161
38	172
38	183
38	816
39	110
39	122
39	126
39	131
39	149
39	161
39	171
39	172
39	180
39	182
39	183
39	669
40	5
40	48
40	71
40	87
40	106
40	112
40	123
40	158
40	163
40	173
40	174
40	688
41	26
41	66
41	87
41	97
41	105
41	144
41	163
41	165
41	173
41	174
41	177
41	738
42	78
42	83
42	89
42	143
42	159
42	164
42	165
42	167
42	168
42	177
42	582
42	690
43	90
43	125
43	130
43	139
43	142
43	151
43	159
43	162
43	165
43	167
43	182
43	330
44	3
44	30
44	64
44	73
44	79
44	107
44	132
44	133
44	146
44	174
44	177
44	319
45	68
45	82
45	85
45	115
45	139
45	170
45	172
45	176
45	181
45	182
45	184
45	893
46	6
46	19
46	20
46	61
46	125
46	131
46	145
46	152
46	157
46	168
46	178
46	573
47	33
47	59
47	64
47	94
47	132
47	150
47	158
47	169
47	171
47	175
47	179
47	716
48	35
48	40
48	72
48	85
48	108
48	132
48	147
48	163
48	174
48	177
48	179
48	299
49	31
49	80
49	113
49	122
49	148
49	150
49	168
49	169
49	179
49	183
49	513
49	549
50	78
50	85
50	87
50	92
50	111
50	123
50	127
50	139
50	159
50	160
50	182
50	675
51	19
51	84
51	101
51	107
51	112
51	142
51	153
51	167
51	173
51	183
51	184
51	270
52	57
52	62
52	90
52	107
52	117
52	134
52	141
52	155
52	164
52	177
52	184
52	703
53	7
53	18
53	20
53	54
53	119
53	134
53	142
53	160
53	168
53	172
53	180
53	636
54	15
54	53
54	106
54	128
54	144
54	149
54	152
54	171
54	173
54	175
54	180
54	924
55	36
55	114
55	137
55	148
55	149
55	156
55	161
55	174
55	175
55	178
55	183
55	772
56	16
56	65
56	72
56	97
56	113
56	116
56	138
56	150
56	151
56	168
56	177
56	179
56	760
57	11
57	52
57	76
57	79
57	118
57	130
57	151
57	167
57	170
57	173
57	181
57	184
57	298
58	85
58	86
58	97
58	100
58	114
58	116
58	126
58	129
58	130
58	168
58	169
58	181
58	530
59	13
59	47
59	102
59	122
59	131
59	136
59	161
59	169
59	171
59	178
59	182
59	183
59	422
60	67
60	68
60	101
60	108
60	123
60	124
60	141
60	143
60	153
60	161
60	179
60	182
60	948
61	6
61	12
61	46
61	87
61	117
61	121
61	145
61	163
61	164
61	165
61	174
61	180
61	333
62	32
62	52
62	71
62	79
62	125
62	139
62	141
62	151
62	162
62	168
62	179
62	183
62	719
63	34
63	111
63	133
63	139
63	145
63	147
63	159
63	162
63	163
63	168
63	177
63	404
63	919
64	44
64	47
64	80
64	96
64	98
64	109
64	111
64	113
64	123
64	124
64	133
64	137
64	180
64	749
65	30
65	56
65	96
65	101
65	102
65	106
65	121
65	154
65	159
65	168
65	169
65	175
65	858
65	969
66	1
66	11
66	27
66	41
66	68
66	93
66	104
66	147
66	154
66	164
66	176
66	177
66	664
66	720
67	60
67	74
67	75
67	79
67	82
67	101
67	127
67	137
67	140
67	153
67	158
67	159
67	178
67	307
68	45
68	60
68	66
68	70
68	73
68	84
68	106
68	122
68	124
68	135
68	158
68	175
68	184
68	860
69	32
69	83
69	92
69	114
69	133
69	135
69	161
69	164
69	167
69	168
69	170
69	173
69	477
69	697
70	10
70	68
70	100
70	122
70	133
70	143
70	150
70	166
70	167
70	174
70	175
70	179
70	184
70	224
71	1
71	12
71	40
71	62
71	111
71	118
71	133
71	149
71	152
71	153
71	175
71	176
71	565
71	767
72	33
72	48
72	56
72	132
72	133
72	142
72	157
72	159
72	164
72	169
72	181
72	182
72	403
72	955
73	37
73	44
73	68
73	106
73	121
73	130
73	132
73	138
73	163
73	165
73	166
73	176
73	580
73	826
74	67
74	94
74	115
74	133
74	141
74	153
74	154
74	164
74	165
74	172
74	175
74	180
74	184
74	401
75	4
75	19
75	67
75	92
75	95
75	106
75	162
75	164
75	167
75	170
75	173
75	175
75	178
75	255
75	583
76	9
76	16
76	57
76	93
76	102
76	108
76	113
76	125
76	151
76	160
76	172
76	178
76	179
76	334
76	739
77	27
77	81
77	95
77	96
77	140
77	144
77	155
77	156
77	161
77	164
77	170
77	173
77	178
77	289
77	463
78	15
78	42
78	50
78	80
78	88
78	89
78	135
78	146
78	150
78	155
78	163
78	170
78	171
78	579
78	936
79	44
79	57
79	62
79	67
79	96
79	100
79	113
79	127
79	147
79	162
79	169
79	175
79	176
79	181
79	236
80	49
80	64
80	78
80	81
80	109
80	117
80	122
80	123
80	124
80	142
80	150
80	174
80	175
80	736
80	852
81	77
81	80
81	85
81	87
81	89
81	95
81	138
81	155
81	167
81	173
81	177
81	182
81	184
81	688
81	709
82	23
82	45
82	67
82	98
82	100
82	107
82	153
82	158
82	166
82	168
82	172
82	178
82	181
82	184
82	726
83	8
83	16
83	42
83	69
83	118
83	127
83	138
83	142
83	152
83	161
83	166
83	167
83	181
83	183
83	890
84	51
84	68
84	90
84	97
84	98
84	100
84	101
84	110
84	112
84	121
84	148
84	167
84	168
84	179
84	180
84	372
85	23
85	45
85	48
85	50
85	58
85	81
85	104
85	109
85	127
85	146
85	151
85	155
85	158
85	164
85	184
85	962
86	25
86	30
86	58
86	102
86	103
86	108
86	125
86	153
86	160
86	166
86	171
86	172
86	178
86	180
86	182
86	669
87	5
87	11
87	40
87	41
87	50
87	61
87	81
87	91
87	103
87	123
87	139
87	163
87	167
87	171
87	175
87	547
88	13
88	22
88	26
88	78
88	110
88	112
88	113
88	127
88	158
88	159
88	162
88	170
88	176
88	183
88	629
88	715
89	42
89	78
89	81
89	97
89	100
89	105
89	131
89	133
89	138
89	142
89	169
89	170
89	177
89	181
89	182
89	296
90	36
90	43
90	52
90	84
90	101
90	115
90	121
90	136
90	138
90	155
90	163
90	164
90	173
90	181
90	314
90	698
91	1
91	22
91	87
91	98
91	121
91	123
91	137
91	145
91	147
91	149
91	155
91	157
91	175
91	177
91	180
91	471
91	891
92	50
92	69
92	75
92	114
92	119
92	131
92	139
92	142
92	150
92	159
92	166
92	168
92	173
92	179
92	184
92	480
92	754
93	4
93	31
93	35
93	37
93	66
93	76
93	141
93	142
93	150
93	154
93	159
93	170
93	172
93	176
93	179
93	647
93	759
94	25
94	47
94	74
94	107
94	118
94	131
94	137
94	138
94	154
94	157
94	158
94	161
94	162
94	166
94	179
94	761
94	817
95	75
95	77
95	81
95	96
95	109
95	113
95	129
95	130
95	134
95	143
95	152
95	163
95	166
95	171
95	178
95	180
95	387
96	3
96	7
96	64
96	65
96	77
96	79
96	95
96	140
96	142
96	156
96	162
96	171
96	172
96	175
96	180
96	183
96	765
97	6
97	21
97	41
97	56
97	58
97	84
97	89
97	104
97	110
97	112
97	117
97	134
97	143
97	166
97	167
97	169
97	179
97	218
98	28
98	38
98	64
98	82
98	84
98	91
98	111
98	121
98	123
98	128
98	132
98	174
98	176
98	178
98	180
98	182
98	183
98	668
99	27
99	104
99	116
99	125
99	134
99	152
99	153
99	154
99	159
99	161
99	165
99	166
99	168
99	173
99	175
99	176
99	455
99	724
100	33
100	58
100	70
100	79
100	82
100	84
100	89
100	115
100	139
100	149
100	162
100	163
100	166
100	170
100	176
100	183
100	536
100	854
101	51
101	60
101	65
101	67
101	84
101	90
101	110
101	113
101	116
101	117
101	125
101	129
101	137
101	143
101	149
101	159
101	176
101	257
102	13
102	21
102	37
102	59
102	65
102	76
102	86
102	111
102	134
102	149
102	158
102	161
102	176
102	178
102	180
102	183
102	228
102	833
103	11
103	35
103	86
103	87
103	110
103	122
103	124
103	137
103	140
103	145
103	153
103	156
103	160
103	163
103	174
103	177
103	392
103	657
104	8
104	23
104	35
104	36
104	66
104	85
104	97
104	99
104	108
104	119
104	137
104	140
104	153
104	156
104	169
104	176
104	937
104	962
105	41
105	89
105	114
105	118
105	134
105	147
105	152
105	153
105	157
105	161
105	163
105	167
105	171
105	176
105	180
105	183
105	691
105	971
106	40
106	54
106	65
106	68
106	73
106	75
106	109
106	116
106	124
106	126
106	137
106	145
106	147
106	152
106	154
106	174
106	177
106	441
106	633
107	13
107	38
107	44
107	51
107	52
107	82
107	94
107	142
107	145
107	148
107	155
107	170
107	171
107	172
107	173
107	181
107	182
107	391
107	958
108	1
108	48
108	60
108	76
108	86
108	104
108	115
108	125
108	131
108	136
108	143
108	152
108	156
108	165
108	172
108	175
108	183
108	188
108	710
109	10
109	27
109	64
109	80
109	85
109	95
109	106
109	124
109	128
109	137
109	146
109	147
109	155
109	174
109	177
109	182
109	183
109	424
109	453
110	36
110	38
110	39
110	84
110	88
110	97
110	101
110	103
110	111
110	117
110	118
110	140
110	141
110	153
110	154
110	158
110	171
110	309
110	739
111	29
111	50
111	63
111	64
111	71
111	98
111	102
111	110
111	120
111	121
111	122
111	124
111	137
111	145
111	163
111	166
111	174
111	183
111	468
112	31
112	40
112	51
112	84
112	88
112	97
112	117
112	126
112	135
112	147
112	156
112	158
112	162
112	165
112	171
112	175
112	184
112	997
112	1000
113	9
113	36
113	49
113	56
113	64
113	76
113	79
113	88
113	95
113	101
113	125
113	131
113	132
113	135
113	138
113	153
113	158
113	177
113	282
113	585
114	6
114	9
114	18
114	23
114	24
114	25
114	55
114	58
114	69
114	92
114	105
114	134
114	143
114	152
114	172
114	180
114	182
114	183
114	302
114	718
115	21
115	45
115	74
115	90
115	100
115	108
115	148
115	149
115	150
115	151
115	156
115	157
115	164
115	170
115	177
115	181
115	182
115	184
115	797
115	991
116	7
116	34
116	56
116	58
116	99
116	101
116	106
116	119
116	132
116	133
116	135
116	138
116	139
116	162
116	165
116	166
116	179
116	183
116	713
116	741
117	14
117	52
117	61
117	80
117	97
117	101
117	110
117	112
117	122
117	123
117	124
117	126
117	145
117	158
117	159
117	165
117	174
117	177
117	192
117	997
118	6
118	14
118	29
118	57
118	71
118	83
118	94
118	105
118	110
118	130
118	143
118	150
118	156
118	160
118	171
118	172
118	179
118	183
118	264
118	765
119	15
119	21
119	32
119	33
119	53
119	92
119	104
119	116
119	129
119	137
119	142
119	148
119	153
119	158
119	167
119	171
119	173
119	182
119	184
119	472
119	986
120	9
120	14
120	24
120	29
120	31
120	36
120	111
120	126
120	127
120	136
120	141
120	150
120	157
120	160
120	162
120	164
120	168
120	169
120	175
120	424
120	914
121	14
121	15
121	20
121	28
121	61
121	65
121	73
121	84
121	90
121	91
121	98
121	111
121	157
121	158
121	160
121	162
121	165
121	173
121	177
121	322
121	723
122	26
122	28
122	39
122	49
122	59
122	68
122	70
122	80
122	103
122	111
122	117
122	132
122	150
122	155
122	165
122	174
122	177
122	180
122	184
122	294
122	492
123	40
123	50
123	60
123	64
123	80
123	87
123	91
123	98
123	117
123	133
123	147
123	149
123	158
123	160
123	165
123	174
123	177
123	181
123	182
123	263
123	421
124	5
124	37
124	60
124	64
124	68
124	80
124	103
124	106
124	109
124	111
124	117
124	128
124	147
124	155
124	160
124	165
124	174
124	180
124	184
124	846
124	938
125	43
125	46
125	62
125	76
125	86
125	99
125	101
125	108
125	113
125	130
125	136
125	143
125	147
125	148
125	156
125	157
125	178
125	180
125	184
125	397
125	409
126	19
126	39
126	58
126	106
126	112
126	117
126	120
126	133
126	135
126	138
126	144
126	153
126	157
126	162
126	174
126	175
126	176
126	179
126	183
126	945
126	983
127	7
127	27
127	50
127	67
127	79
127	83
127	85
127	88
127	120
127	138
127	148
127	152
127	159
127	173
127	175
127	181
127	182
127	184
127	194
127	235
127	652
128	2
128	14
128	16
128	22
128	32
128	54
128	98
128	109
128	124
128	130
128	135
128	137
128	145
128	155
128	160
128	165
128	170
128	174
128	177
128	364
128	863
129	7
129	9
129	26
129	37
129	58
129	95
129	101
129	119
129	139
129	141
129	147
129	161
129	162
129	169
129	174
129	175
129	176
129	178
129	179
129	182
129	302
129	686
130	43
130	57
130	58
130	73
130	95
130	118
130	125
130	128
130	131
130	140
130	143
130	144
130	157
130	164
130	166
130	168
130	171
130	180
130	183
130	435
130	470
130	860
131	17
131	20
131	28
131	39
131	46
131	59
131	89
131	92
131	94
131	108
131	113
131	130
131	135
131	140
131	149
131	160
131	163
131	171
131	180
131	183
131	227
131	757
132	10
132	11
132	14
132	44
132	47
132	48
132	72
132	73
132	98
132	113
132	116
132	122
132	137
132	146
132	165
132	174
132	175
132	177
132	179
132	180
132	183
132	587
132	648
133	12
133	44
133	63
133	64
133	69
133	70
133	71
133	72
133	74
133	89
133	116
133	123
133	126
133	136
133	139
133	150
133	154
133	168
133	169
133	175
133	178
133	342
133	738
134	16
134	17
134	37
134	52
134	53
134	95
134	97
134	99
134	102
134	105
134	114
134	144
134	149
134	154
134	158
134	160
134	164
134	171
134	178
134	179
134	183
134	402
134	829
135	24
135	27
135	68
135	69
135	78
135	112
135	113
135	116
135	126
135	128
135	131
135	137
135	145
135	146
135	150
135	156
135	162
135	169
135	175
135	177
135	283
135	663
135	729
136	59
136	90
136	108
136	120
136	125
136	133
136	140
136	149
136	156
136	157
136	159
136	160
136	165
136	169
136	171
136	173
136	178
136	179
136	180
136	183
136	184
136	373
136	527
136	737
137	3
137	4
137	10
137	25
137	55
137	64
137	67
137	91
137	94
137	101
137	103
137	104
137	106
137	109
137	111
137	119
137	128
137	132
137	135
137	147
137	172
137	174
137	419
137	701
138	5
138	30
138	32
138	56
138	73
138	81
138	83
138	89
138	90
138	94
138	113
138	116
138	126
138	127
138	149
138	161
138	164
138	170
138	173
138	181
138	182
138	183
138	244
138	748
139	23
139	43
139	45
139	50
139	62
139	63
139	87
139	92
139	100
139	116
139	129
139	133
139	141
139	151
139	153
139	154
139	155
139	166
139	168
139	176
139	180
139	184
139	251
139	457
139	984
140	14
140	21
140	34
140	35
140	38
140	67
140	77
140	96
140	103
140	104
140	110
140	130
140	131
140	136
140	143
140	148
140	156
140	164
140	172
140	178
140	180
140	184
140	828
140	878
140	880
141	38
141	52
141	60
141	62
141	74
141	93
141	110
141	120
141	129
141	139
141	142
141	149
141	153
141	161
141	163
141	166
141	167
141	168
141	169
141	174
141	175
141	180
141	181
141	479
141	965
142	15
142	43
142	51
142	53
142	72
142	80
142	83
142	89
142	92
142	93
142	96
142	107
142	119
142	141
142	146
142	152
142	158
142	162
142	164
142	166
142	173
142	174
142	181
142	184
142	450
142	600
143	42
143	60
143	70
143	95
143	97
143	101
143	108
143	114
143	118
143	125
143	130
143	140
143	150
143	154
143	156
143	161
143	168
143	169
143	172
143	178
143	179
143	180
143	181
143	183
143	327
143	922
144	10
144	12
144	38
144	41
144	54
144	77
144	126
144	130
144	134
144	146
144	148
144	149
144	153
144	156
144	157
144	160
144	161
144	162
144	164
144	172
144	176
144	178
144	180
144	184
144	358
144	977
144	985
145	5
145	15
145	20
145	46
145	61
145	63
145	91
145	103
145	106
145	107
145	111
145	117
145	128
145	135
145	147
145	156
145	163
145	165
145	167
145	173
145	174
145	179
145	181
145	183
145	427
145	612
145	995
146	8
146	17
146	44
146	78
146	85
146	109
146	132
146	135
146	142
146	144
146	149
146	151
146	155
146	159
146	164
146	167
146	169
146	170
146	171
146	172
146	173
146	176
146	181
146	184
146	333
146	979
146	996
147	10
147	19
147	48
147	63
147	66
147	79
147	91
147	105
147	106
147	109
147	112
147	123
147	124
147	125
147	129
147	137
147	145
147	163
147	165
147	170
147	171
147	173
147	174
147	177
147	181
147	283
147	451
148	21
148	30
148	33
148	49
148	55
148	84
148	107
148	115
148	119
148	125
148	127
148	140
148	144
148	151
148	158
148	164
148	165
148	167
148	170
148	172
148	174
148	178
148	181
148	182
148	184
148	531
148	837
148	922
149	12
149	39
149	54
149	55
149	71
149	91
149	100
149	101
149	102
149	115
149	123
149	131
149	134
149	136
149	138
149	141
149	144
149	146
149	152
149	158
149	161
149	171
149	172
149	175
149	180
149	183
149	433
149	561
149	749
150	15
150	22
150	29
150	33
150	37
150	47
150	49
150	56
150	70
150	78
150	80
150	92
150	93
150	115
150	118
150	120
150	122
150	133
150	135
150	143
150	158
150	168
150	169
150	172
150	176
150	184
150	553
150	712
150	896
151	15
151	17
151	43
151	56
151	57
151	62
151	76
151	85
151	115
151	139
151	146
151	148
151	155
151	156
151	159
151	161
151	162
151	167
151	169
151	173
151	174
151	177
151	178
151	181
151	182
151	184
151	299
151	680
151	809
152	23
152	29
152	35
152	46
152	54
152	71
152	83
152	95
152	99
152	105
152	106
152	108
152	114
152	127
152	142
152	149
152	156
152	157
152	160
152	162
152	166
152	171
152	172
152	173
152	174
152	177
152	183
152	248
152	274
152	286
153	8
153	32
153	35
153	51
153	60
153	67
153	71
153	74
153	82
153	86
153	99
153	103
153	104
153	105
153	110
153	113
153	119
153	126
153	139
153	141
153	144
153	158
153	164
153	168
153	171
153	172
153	176
153	177
153	354
153	626
153	986
154	11
154	12
154	13
154	65
154	66
154	74
154	93
154	94
154	99
154	106
154	110
154	133
154	134
154	139
154	143
154	157
154	160
154	162
154	166
154	170
154	174
154	175
154	178
154	179
154	180
154	183
154	184
154	445
154	515
154	756
154	980
155	18
155	19
155	52
155	77
155	78
155	81
155	85
155	90
155	91
155	107
155	109
155	122
155	124
155	128
155	139
155	146
155	151
155	159
155	164
155	167
155	168
155	170
155	171
155	173
155	176
155	179
155	181
155	184
155	677
155	755
155	759
156	6
156	8
156	29
156	55
156	77
156	96
156	103
156	104
156	108
156	112
156	115
156	118
156	125
156	135
156	136
156	140
156	143
156	144
156	145
156	151
156	152
156	159
156	160
156	161
156	166
156	171
156	173
156	176
156	738
156	978
156	983
157	9
157	18
157	24
157	29
157	31
157	35
157	46
157	72
157	91
157	94
157	105
157	115
157	120
157	121
157	125
157	126
157	130
157	136
157	144
157	152
157	154
157	160
157	171
157	172
157	174
157	178
157	179
157	180
157	183
157	504
157	734
157	994
158	22
158	24
158	25
158	37
158	40
158	47
158	67
158	68
158	82
158	85
158	88
158	94
158	102
158	110
158	112
158	113
158	117
158	119
158	121
158	123
158	134
158	142
158	148
158	149
158	150
158	153
158	163
158	167
158	174
158	176
158	284
158	468
158	506
159	2
159	15
159	19
159	32
159	42
159	43
159	50
159	63
159	65
159	67
159	72
159	88
159	92
159	93
159	99
159	101
159	117
159	127
159	136
159	146
159	151
159	155
159	156
159	167
159	173
159	174
159	180
159	181
159	182
159	184
159	246
159	370
159	641
160	29
160	31
160	38
160	50
160	53
160	76
160	86
160	103
160	118
160	120
160	121
160	123
160	124
160	128
160	131
160	134
160	136
160	144
160	152
160	154
160	156
160	157
160	167
160	168
160	170
160	171
160	173
160	178
160	180
160	298
160	496
160	553
160	983
161	7
161	10
161	24
161	32
161	38
161	39
161	55
161	59
161	60
161	69
161	77
161	83
161	94
161	99
161	102
161	105
161	129
161	138
161	141
161	143
161	144
161	149
161	151
161	156
161	170
161	171
161	172
161	178
161	180
161	183
161	632
161	894
161	923
161	989
162	1
162	25
162	43
162	62
162	63
162	75
162	79
162	88
162	94
162	96
162	100
162	112
162	116
162	120
162	121
162	126
162	129
162	135
162	142
162	144
162	151
162	152
162	154
162	163
162	166
162	169
162	172
162	178
162	179
162	181
162	182
162	786
162	985
162	996
163	2
163	11
163	17
163	20
163	28
163	40
163	41
163	48
163	61
163	63
163	73
163	78
163	87
163	90
163	95
163	100
163	103
163	105
163	111
163	131
163	141
163	145
163	147
163	158
163	162
163	164
163	165
163	168
163	169
163	172
163	174
163	180
163	620
163	959
163	974
164	2
164	42
164	52
164	61
164	66
164	69
164	72
164	74
164	75
164	77
164	85
164	90
164	115
164	120
164	130
164	134
164	138
164	140
164	142
164	144
164	146
164	148
164	153
164	155
164	163
164	166
164	167
164	173
164	174
164	181
164	182
164	184
164	288
164	458
164	459
164	616
165	2
165	12
165	14
165	28
165	34
165	41
165	42
165	43
165	61
165	73
165	74
165	99
165	108
165	112
165	116
165	117
165	121
165	122
165	123
165	124
165	128
165	132
165	136
165	145
165	147
165	148
165	163
165	170
165	171
165	177
165	181
165	183
165	289
165	429
165	557
165	777
166	13
166	22
166	23
166	31
166	33
166	37
166	70
166	73
166	82
166	83
166	86
166	92
166	94
166	95
166	97
166	99
166	100
166	111
166	116
166	130
166	139
166	141
166	142
166	152
166	154
166	156
166	162
166	164
166	171
166	172
166	176
166	179
166	181
166	271
166	372
166	634
166	755
167	3
167	34
167	42
167	43
167	51
167	57
167	69
167	70
167	75
167	81
167	83
167	84
167	87
167	97
167	105
167	119
167	141
167	145
167	146
167	148
167	151
167	155
167	158
167	159
167	160
167	164
167	168
167	169
167	170
167	173
167	180
167	181
167	182
167	183
167	251
167	657
167	689
167	841
168	1
168	3
168	12
168	13
168	26
168	32
168	42
168	46
168	49
168	53
168	56
168	58
168	62
168	63
168	65
168	69
168	82
168	84
168	92
168	99
168	120
168	130
168	133
168	139
168	141
168	143
168	150
168	153
168	155
168	160
168	163
168	167
168	170
168	176
168	179
168	550
168	745
168	762
168	965
169	6
169	13
169	24
169	47
169	49
169	58
169	59
169	65
169	72
169	79
169	89
169	97
169	104
169	120
169	129
169	133
169	135
169	136
169	141
169	143
169	146
169	150
169	151
169	162
169	163
169	167
169	170
169	172
169	175
169	176
169	177
169	178
169	179
169	182
169	184
169	447
169	539
169	929
169	970
170	2
170	4
170	17
170	30
170	32
170	33
170	45
170	57
170	69
170	75
170	77
170	78
170	88
170	89
170	93
170	100
170	107
170	115
170	128
170	138
170	146
170	147
170	148
170	154
170	155
170	160
170	161
170	165
170	167
170	168
170	169
170	173
170	176
170	178
170	179
170	184
170	371
170	446
170	886
170	984
171	5
171	39
171	47
171	54
171	59
171	78
171	86
171	87
171	95
171	96
171	105
171	107
171	110
171	112
171	118
171	119
171	130
171	131
171	134
171	136
171	146
171	147
171	149
171	152
171	153
171	155
171	156
171	157
171	160
171	161
171	165
171	166
171	180
171	181
171	182
171	183
171	452
171	501
171	567
171	595
172	16
172	18
172	26
172	30
172	38
172	39
172	45
172	53
172	74
172	76
172	82
172	86
172	93
172	96
172	107
172	108
172	114
172	118
172	137
172	140
172	143
172	144
172	146
172	148
172	149
172	150
172	152
172	153
172	157
172	161
172	162
172	163
172	166
172	169
172	173
172	178
172	179
172	180
172	183
172	635
172	747
172	868
172	994
173	4
173	6
173	28
173	40
173	41
173	51
173	54
173	57
173	69
173	75
173	77
173	81
173	90
173	92
173	99
173	107
173	119
173	121
173	127
173	136
173	138
173	142
173	145
173	146
173	147
173	151
173	152
173	155
173	156
173	159
173	160
173	164
173	167
173	170
173	172
173	174
173	179
173	182
173	184
173	495
173	644
173	912
173	949
174	34
174	40
174	41
174	44
174	48
174	55
174	61
174	70
174	80
174	98
174	103
174	106
174	109
174	111
174	117
174	122
174	123
174	124
174	126
174	128
174	129
174	132
174	137
174	141
174	142
174	145
174	147
174	148
174	151
174	152
174	154
174	157
174	158
174	159
174	163
174	164
174	173
174	179
174	180
174	181
174	319
174	513
174	599
174	916
175	5
175	9
175	22
175	24
175	29
175	33
175	47
175	54
175	55
175	65
175	68
175	70
175	71
175	74
175	75
175	79
175	80
175	87
175	91
175	96
175	99
175	108
175	112
175	120
175	126
175	127
175	129
175	132
175	133
175	135
175	141
175	149
175	154
175	169
175	176
175	177
175	178
175	179
175	181
175	537
175	653
175	736
175	757
175	949
176	1
176	2
176	4
176	10
176	17
176	18
176	28
176	31
176	45
176	66
176	71
176	73
176	79
176	88
176	93
176	98
176	99
176	100
176	101
176	102
176	104
176	105
176	126
176	129
176	139
176	144
176	146
176	150
176	153
176	155
176	156
176	158
176	166
176	168
176	169
176	170
176	175
176	178
176	179
176	182
176	415
176	552
176	746
176	821
177	2
177	3
177	11
177	20
177	22
177	26
177	28
177	34
177	41
177	42
177	44
177	48
177	52
177	56
177	63
177	66
177	81
177	89
177	91
177	103
177	106
177	109
177	113
177	115
177	117
177	121
177	122
177	123
177	128
177	132
177	135
177	147
177	151
177	152
177	153
177	165
177	169
177	175
177	181
177	182
177	276
177	468
177	686
177	755
178	7
178	16
178	23
178	35
178	36
178	46
178	55
178	59
178	67
178	75
178	76
178	77
178	82
178	86
178	95
178	98
178	102
178	125
178	129
178	133
178	134
178	136
178	140
178	143
178	144
178	148
178	151
178	154
178	157
178	160
178	161
178	162
178	169
178	170
178	172
178	175
178	176
178	180
178	182
178	183
178	556
178	621
178	711
178	722
178	947
179	12
179	16
179	27
179	36
179	47
179	48
179	49
179	56
179	60
179	62
179	70
179	76
179	84
179	92
179	93
179	94
179	97
179	116
179	118
179	126
179	129
179	132
179	134
179	136
179	143
179	145
179	154
179	155
179	157
179	162
179	166
179	168
179	169
179	170
179	172
179	173
179	174
179	175
179	176
179	181
179	182
179	183
179	317
179	329
179	795
179	805
179	820
180	16
180	19
180	31
180	39
180	53
180	54
180	61
180	64
180	74
180	84
180	86
180	91
180	95
180	96
180	98
180	102
180	105
180	114
180	122
180	124
180	125
180	130
180	131
180	132
180	136
180	139
180	140
180	141
180	143
180	144
180	149
180	154
180	157
180	159
180	160
180	161
180	163
180	167
180	171
180	172
180	174
180	178
180	184
180	210
180	344
180	718
180	854
181	8
181	13
181	24
181	25
181	30
181	33
181	36
181	45
181	57
181	58
181	72
181	79
181	82
181	83
181	89
181	90
181	107
181	115
181	123
181	127
181	138
181	141
181	142
181	143
181	145
181	146
181	147
181	148
181	151
181	155
181	159
181	162
181	164
181	165
181	166
181	167
181	171
181	174
181	175
181	177
181	179
181	182
181	184
181	352
181	548
181	815
181	915
182	4
182	8
182	14
182	17
182	25
182	30
182	37
182	39
182	43
182	45
182	50
182	59
182	60
182	72
182	81
182	86
182	89
182	98
182	107
182	109
182	114
182	115
182	119
182	123
182	127
182	129
182	138
182	148
182	151
182	159
182	162
182	164
182	167
182	169
182	171
182	173
182	176
182	177
182	178
182	179
182	181
182	184
182	336
182	724
182	744
182	760
182	825
183	7
183	18
183	20
183	29
183	38
183	39
183	49
183	51
183	55
183	59
183	62
183	83
183	88
183	96
183	98
183	100
183	102
183	105
183	108
183	109
183	111
183	114
183	116
183	118
183	126
183	130
183	131
183	132
183	134
183	136
183	138
183	143
183	145
183	149
183	152
183	154
183	157
183	161
183	165
183	167
183	171
183	172
183	178
183	179
183	184
183	460
183	491
183	723
183	966
184	9
184	17
184	18
184	19
184	21
184	22
184	45
184	51
184	52
184	57
184	68
184	70
184	74
184	81
184	82
184	85
184	92
184	112
184	115
184	119
184	122
184	124
184	125
184	127
184	136
184	139
184	140
184	142
184	144
184	146
184	148
184	150
184	151
184	154
184	155
184	159
184	164
184	169
184	170
184	173
184	180
184	181
184	182
184	183
184	250
184	261
184	309
184	476
184	874
185	235
185	243
185	268
185	273
185	328
185	329
185	330
185	339
185	343
185	690
186	205
186	230
186	271
186	316
186	327
186	329
186	332
186	333
186	342
186	551
187	209
187	211
187	217
187	241
187	287
187	311
187	335
187	341
187	343
187	632
188	108
188	194
188	196
188	255
188	263
188	265
188	277
188	293
188	339
188	344
189	272
189	284
189	298
189	299
189	303
189	318
189	329
189	331
189	339
189	441
190	210
190	234
190	237
190	287
190	291
190	293
190	298
190	318
190	341
190	520
191	221
191	247
191	251
191	262
191	320
191	332
191	334
191	339
191	342
191	613
192	117
192	241
192	253
192	277
192	280
192	286
192	298
192	332
192	336
192	341
193	199
193	204
193	225
193	247
193	253
193	301
193	320
193	336
193	344
193	534
194	127
194	188
194	206
194	237
194	265
194	296
194	304
194	310
194	335
194	344
195	212
195	254
195	259
195	294
195	295
195	300
195	332
195	339
195	340
195	473
196	188
196	212
196	219
196	224
196	256
196	277
196	311
196	338
196	343
196	697
197	249
197	268
197	277
197	290
197	306
197	310
197	327
197	336
197	344
197	525
198	199
198	262
198	267
198	308
198	317
198	323
198	324
198	331
198	340
198	895
199	193
199	198
199	207
199	244
199	312
199	324
199	330
199	337
199	340
199	879
200	202
200	271
200	277
200	281
200	317
200	320
200	323
200	335
200	343
200	964
201	243
201	273
201	290
201	297
201	301
201	315
201	334
201	339
201	342
201	678
202	200
202	266
202	269
202	294
202	299
202	302
202	330
202	341
202	343
202	666
203	243
203	255
203	302
203	304
203	312
203	314
203	322
203	330
203	343
203	866
204	193
204	205
204	258
204	270
204	304
204	314
204	322
204	323
204	327
204	335
204	933
205	186
205	204
205	234
205	271
205	280
205	313
205	320
205	329
205	343
205	344
205	637
206	194
206	224
206	254
206	285
206	301
206	322
206	328
206	341
206	344
206	345
206	983
207	199
207	239
207	323
207	324
207	328
207	331
207	332
207	338
207	340
207	342
207	679
208	216
208	279
208	290
208	294
208	310
208	318
208	325
208	329
208	336
208	339
208	733
209	187
209	276
209	281
209	283
209	289
209	313
209	314
209	337
209	341
209	343
209	499
210	180
210	190
210	213
210	276
210	306
210	313
210	314
210	315
210	341
210	343
210	765
211	187
211	243
211	245
211	256
211	302
211	315
211	326
211	327
211	337
211	340
211	444
212	195
212	196
212	227
212	298
212	313
212	320
212	325
212	330
212	341
212	343
212	462
213	210
213	214
213	237
213	287
213	288
213	299
213	314
213	328
213	335
213	344
213	659
214	213
214	262
214	263
214	270
214	288
214	295
214	314
214	317
214	337
214	699
214	720
215	258
215	263
215	273
215	289
215	293
215	309
215	325
215	334
215	342
215	345
215	806
216	208
216	261
216	275
216	294
216	305
216	307
216	319
216	328
216	343
216	345
216	579
216	750
217	187
217	262
217	263
217	273
217	274
217	289
217	298
217	318
217	321
217	338
217	345
217	999
218	97
218	225
218	242
218	257
218	283
218	298
218	300
218	301
218	307
218	313
218	318
218	335
219	196
219	223
219	233
219	251
219	279
219	284
219	292
219	314
219	320
219	335
219	342
219	905
220	249
220	263
220	283
220	297
220	303
220	306
220	318
220	325
220	330
220	334
220	339
220	618
221	191
221	235
221	286
221	293
221	296
221	308
221	309
221	311
221	338
221	341
221	345
221	888
222	236
222	239
222	267
222	268
222	321
222	326
222	328
222	335
222	336
222	341
222	972
222	993
223	219
223	224
223	242
223	255
223	259
223	308
223	316
223	330
223	332
223	333
223	335
223	681
224	70
224	196
224	206
224	223
224	246
224	268
224	278
224	286
224	293
224	308
224	311
224	345
225	193
225	218
225	289
225	304
225	306
225	318
225	335
225	338
225	343
225	344
225	345
225	570
226	236
226	266
226	284
226	304
226	312
226	315
226	316
226	323
226	326
226	328
226	337
226	969
227	131
227	212
227	231
227	290
227	302
227	303
227	304
227	320
227	323
227	326
227	337
227	340
228	102
228	279
228	299
228	308
228	315
228	323
228	326
228	327
228	331
228	337
228	339
228	340
229	243
229	277
229	282
229	295
229	297
229	320
229	325
229	326
229	339
229	340
229	466
229	659
230	186
230	240
230	253
230	281
230	295
230	304
230	332
230	334
230	335
230	339
230	345
230	416
231	227
231	253
231	267
231	279
231	327
231	329
231	332
231	333
231	334
231	342
231	345
231	690
232	239
232	250
232	290
232	310
232	321
232	324
232	326
232	327
232	331
232	336
232	337
232	376
232	803
233	219
233	261
233	283
233	285
233	296
233	300
233	308
233	325
233	327
233	331
233	337
233	340
233	590
234	190
234	205
234	260
234	267
234	309
234	320
234	325
234	329
234	341
234	343
234	345
234	764
234	971
235	127
235	185
235	221
235	252
235	267
235	269
235	271
235	294
235	297
235	303
235	329
235	344
235	976
236	79
236	222
236	226
236	278
236	299
236	302
236	316
236	317
236	321
236	326
236	334
236	335
236	341
237	190
237	194
237	213
237	289
237	290
237	300
237	305
237	309
237	311
237	338
237	345
237	753
237	877
238	255
238	264
238	266
238	270
238	276
238	283
238	297
238	307
238	317
238	328
238	335
238	339
238	674
239	207
239	222
239	232
239	269
239	276
239	299
239	313
239	319
239	320
239	328
239	339
239	341
239	343
239	766
240	230
240	253
240	257
240	277
240	288
240	292
240	295
240	311
240	317
240	329
240	330
240	339
240	342
240	737
241	187
241	192
241	254
241	273
241	281
241	284
241	296
241	308
241	313
241	324
241	341
241	342
241	343
241	707
242	218
242	223
242	267
242	288
242	294
242	302
242	314
242	317
242	327
242	330
242	332
242	333
242	342
242	452
243	185
243	201
243	203
243	211
243	229
243	256
243	271
243	306
243	315
243	326
243	331
243	337
243	340
243	599
244	138
244	199
244	248
244	283
244	289
244	300
244	312
244	317
244	321
244	330
244	336
244	341
244	342
244	944
245	211
245	251
245	263
245	268
245	291
245	304
245	309
245	316
245	321
245	329
245	332
245	336
245	344
245	967
246	159
246	224
246	254
246	292
246	295
246	303
246	308
246	310
246	325
246	326
246	329
246	330
246	332
246	334
246	440
247	191
247	193
247	265
247	275
247	289
247	308
247	309
247	319
247	320
247	324
247	338
247	340
247	344
247	345
247	638
248	152
248	244
248	288
248	294
248	295
248	300
248	303
248	310
248	316
248	318
248	324
248	329
248	333
248	334
248	342
249	197
249	220
249	256
249	282
249	285
249	300
249	302
249	315
249	322
249	323
249	325
249	337
249	340
249	618
249	991
250	184
250	232
250	260
250	266
250	271
250	277
250	281
250	294
250	313
250	320
250	323
250	334
250	341
250	343
250	344
251	139
251	167
251	191
251	219
251	245
251	259
251	264
251	292
251	297
251	307
251	315
251	324
251	325
251	326
251	342
252	235
252	268
252	275
252	281
252	283
252	294
252	306
252	314
252	316
252	328
252	331
252	335
252	340
252	343
252	642
253	192
253	193
253	230
253	231
253	240
253	260
253	271
253	296
253	313
253	320
253	337
253	341
253	343
253	684
253	935
254	195
254	206
254	241
254	246
254	262
254	291
254	315
254	319
254	323
254	324
254	325
254	331
254	337
254	340
254	932
254	973
255	75
255	188
255	203
255	223
255	238
255	257
255	270
255	300
255	304
255	309
255	312
255	320
255	326
255	327
255	328
255	334
256	196
256	211
256	243
256	249
256	278
256	283
256	291
256	301
256	312
256	316
256	317
256	322
256	339
256	343
256	399
256	661
257	101
257	218
257	240
257	255
257	262
257	275
257	303
257	310
257	314
257	316
257	319
257	322
257	333
257	336
257	340
257	344
258	204
258	215
258	262
258	263
258	272
258	286
258	307
258	318
258	319
258	320
258	336
258	338
258	339
258	344
258	345
258	438
259	195
259	223
259	251
259	260
259	265
259	268
259	276
259	290
259	294
259	318
259	325
259	330
259	333
259	337
259	342
259	469
260	234
260	250
260	253
260	259
260	266
260	271
260	280
260	296
260	299
260	305
260	330
260	337
260	342
260	343
260	714
260	925
261	184
261	216
261	233
261	262
261	274
261	278
261	286
261	292
261	307
261	308
261	319
261	328
261	332
261	334
261	345
261	446
262	191
262	198
262	214
262	217
262	254
262	257
262	258
262	261
262	272
262	286
262	293
262	309
262	319
262	327
262	345
262	364
263	123
263	188
263	214
263	215
263	217
263	220
263	245
263	258
263	267
263	268
263	305
263	309
263	319
263	335
263	338
263	339
263	345
264	118
264	238
264	251
264	266
264	274
264	291
264	295
264	314
264	329
264	331
264	332
264	333
264	334
264	339
264	342
264	345
264	374
265	188
265	194
265	247
265	259
265	272
265	277
265	292
265	308
265	309
265	318
265	319
265	322
265	338
265	340
265	345
265	884
265	978
266	202
266	226
266	238
266	250
266	260
266	264
266	278
266	298
266	300
266	312
266	321
266	325
266	336
266	342
266	344
266	926
266	982
267	198
267	222
267	231
267	234
267	235
267	242
267	263
267	280
267	282
267	303
267	312
267	329
267	330
267	332
267	334
267	342
267	477
268	4
268	185
268	197
268	222
268	224
268	245
268	252
268	259
268	263
268	284
268	300
268	301
268	316
268	317
268	340
268	344
268	969
269	202
269	235
269	239
269	271
269	283
269	287
269	299
269	320
269	329
269	332
269	333
269	334
269	340
269	341
269	343
269	578
269	943
270	51
270	204
270	214
270	238
270	255
270	291
270	293
270	296
270	300
270	304
270	309
270	318
270	323
270	328
270	333
270	344
270	532
271	166
271	186
271	200
271	205
271	235
271	243
271	250
271	253
271	260
271	269
271	287
271	288
271	308
271	336
271	341
271	343
271	344
272	189
272	258
272	262
272	265
272	275
272	277
272	279
272	280
272	293
272	297
272	309
272	321
272	335
272	338
272	344
272	345
272	498
272	681
273	185
273	201
273	215
273	217
273	241
273	274
273	292
273	297
273	303
273	318
273	319
273	332
273	333
273	334
273	336
273	345
273	365
273	689
274	152
274	217
274	261
274	264
274	273
274	275
274	289
274	305
274	307
274	315
274	317
274	319
274	323
274	333
274	338
274	339
274	345
274	919
275	216
275	247
275	252
275	257
275	272
275	274
275	296
275	305
275	306
275	308
275	322
275	332
275	338
275	341
275	344
275	345
275	700
275	813
276	177
276	209
276	210
276	238
276	239
276	259
276	294
276	296
276	298
276	304
276	305
276	313
276	330
276	331
276	341
276	343
276	345
276	973
277	188
277	192
277	196
277	197
277	200
277	229
277	240
277	250
277	265
277	272
277	292
277	305
277	308
277	309
277	311
277	338
277	345
277	421
277	595
278	224
278	236
278	256
278	261
278	266
278	281
278	288
278	296
278	304
278	310
278	312
278	316
278	320
278	329
278	334
278	335
278	344
278	554
278	729
279	208
279	219
279	228
279	231
279	272
279	284
279	285
279	296
279	306
279	309
279	318
279	330
279	334
279	337
279	339
279	342
279	344
279	561
279	870
280	192
280	205
280	260
280	267
280	272
280	281
280	287
280	288
280	289
280	296
280	304
280	312
280	320
280	333
280	341
280	343
280	345
280	450
280	691
281	200
281	209
281	230
281	241
281	250
281	252
281	278
281	280
281	296
281	298
281	299
281	321
281	329
281	338
281	339
281	341
281	343
281	503
281	992
282	113
282	229
282	249
282	267
282	284
282	297
282	311
282	314
282	315
282	323
282	326
282	327
282	331
282	332
282	333
282	334
282	337
282	340
282	1000
283	135
283	147
283	209
283	218
283	220
283	233
283	238
283	244
283	252
283	256
283	269
283	316
283	321
283	322
283	324
283	328
283	342
283	343
283	345
284	158
284	189
284	219
284	226
284	241
284	268
284	279
284	282
284	297
284	303
284	311
284	328
284	332
284	333
284	334
284	338
284	339
284	342
284	343
284	850
285	206
285	233
285	249
285	279
285	286
285	291
285	293
285	315
285	324
285	325
285	326
285	327
285	331
285	335
285	337
285	338
285	340
285	343
285	975
285	980
286	152
286	192
286	221
286	224
286	258
286	261
286	262
286	285
286	289
286	305
286	306
286	307
286	311
286	317
286	318
286	322
286	323
286	328
286	345
286	482
287	187
287	190
287	213
287	269
287	271
287	280
287	291
287	293
287	296
287	298
287	299
287	301
287	310
287	326
287	329
287	331
287	341
287	343
287	877
287	934
288	164
288	213
288	214
288	240
288	242
288	248
288	271
288	278
288	280
288	291
288	292
288	301
288	306
288	321
288	322
288	327
288	334
288	335
288	336
288	340
288	746
289	77
289	165
289	209
289	215
289	217
289	225
289	237
289	244
289	247
289	274
289	280
289	286
289	295
289	302
289	305
289	309
289	315
289	319
289	337
289	338
289	345
290	197
290	201
290	208
290	227
290	232
290	237
290	259
290	302
290	315
290	321
290	324
290	325
290	326
290	327
290	331
290	337
290	340
290	342
290	343
290	473
290	951
291	190
291	245
291	254
291	256
291	264
291	270
291	285
291	287
291	288
291	292
291	300
291	305
291	306
291	310
291	321
291	335
291	336
291	341
291	344
291	462
291	728
292	219
292	240
292	246
292	251
292	261
292	265
292	273
292	277
292	288
292	291
292	309
292	310
292	318
292	324
292	329
292	330
292	332
292	333
292	339
292	566
292	851
293	188
293	190
293	215
293	221
293	224
293	262
293	270
293	272
293	285
293	287
293	304
293	307
293	311
293	319
293	323
293	335
293	338
293	340
293	343
293	345
293	668
293	913
294	122
294	195
294	202
294	208
294	216
294	235
294	242
294	248
294	250
294	252
294	259
294	276
294	303
294	310
294	329
294	331
294	334
294	338
294	339
294	340
294	342
294	939
295	195
295	214
295	229
295	230
295	240
295	246
295	248
295	264
295	289
295	300
295	312
295	318
295	330
295	332
295	333
295	336
295	338
295	339
295	340
295	341
295	342
295	773
295	999
296	89
296	194
296	221
296	233
296	241
296	253
296	260
296	270
296	275
296	276
296	278
296	279
296	280
296	281
296	287
296	298
296	313
296	320
296	328
296	339
296	341
296	343
296	575
297	201
297	220
297	229
297	235
297	238
297	251
297	272
297	273
297	282
297	284
297	300
297	303
297	304
297	317
297	318
297	332
297	333
297	341
297	342
297	345
297	398
297	732
297	740
298	57
298	160
298	189
298	190
298	192
298	212
298	217
298	218
298	266
298	276
298	281
298	287
298	296
298	299
298	304
298	314
298	319
298	320
298	321
298	327
298	341
298	343
298	683
299	48
299	151
299	189
299	202
299	213
299	228
299	236
299	239
299	260
299	269
299	281
299	287
299	298
299	311
299	313
299	320
299	324
299	325
299	329
299	341
299	342
299	343
299	702
300	195
300	218
300	233
300	237
300	244
300	248
300	249
300	255
300	266
300	268
300	270
300	291
300	295
300	297
300	302
300	303
300	312
300	313
300	317
300	328
300	336
300	344
300	463
300	691
301	193
301	201
301	206
301	218
301	256
301	268
301	287
301	288
301	305
301	310
301	313
301	321
301	322
301	331
301	332
301	333
301	335
301	336
301	337
301	339
301	344
301	345
301	700
301	995
302	114
302	129
302	202
302	203
302	211
302	227
302	236
302	242
302	249
302	289
302	290
302	300
302	303
302	316
302	322
302	323
302	324
302	325
302	326
302	327
302	331
302	337
302	340
302	345
303	189
303	220
303	227
303	235
303	246
303	248
303	257
303	267
303	273
303	284
303	294
303	297
303	300
303	302
303	305
303	312
303	319
303	322
303	326
303	330
303	342
303	656
303	988
303	994
304	194
304	203
304	204
304	225
304	226
304	227
304	230
304	245
304	255
304	270
304	276
304	278
304	280
304	293
304	297
304	298
304	314
304	317
304	328
304	334
304	336
304	343
304	627
304	990
305	216
305	237
305	260
305	263
305	274
305	275
305	276
305	277
305	286
305	289
305	291
305	301
305	303
305	307
305	310
305	311
305	315
305	328
305	329
305	335
305	338
305	345
305	466
305	801
306	197
306	210
306	220
306	225
306	243
306	252
306	275
306	279
306	286
306	288
306	291
306	311
306	312
306	314
306	316
306	317
306	320
306	322
306	324
306	328
306	331
306	335
306	344
306	611
306	886
307	67
307	216
307	218
307	238
307	251
307	258
307	261
307	274
307	286
307	293
307	305
307	308
307	309
307	311
307	319
307	322
307	324
307	335
307	338
307	339
307	341
307	343
307	344
307	345
307	762
308	198
308	221
308	223
308	224
308	228
308	233
308	241
308	246
308	247
308	261
308	265
308	271
308	275
308	277
308	307
308	309
308	311
308	314
308	317
308	319
308	338
308	344
308	345
308	390
308	758
309	110
309	184
309	215
309	221
309	234
309	237
309	245
309	247
309	255
309	262
309	263
309	265
309	270
309	272
309	277
309	279
309	289
309	292
309	307
309	308
309	320
309	326
309	332
309	344
309	345
309	911
310	194
310	197
310	208
310	232
310	246
310	248
310	257
310	278
310	287
310	291
310	292
310	294
310	301
310	305
310	317
310	319
310	321
310	322
310	328
310	330
310	335
310	336
310	344
310	649
310	735
310	872
311	187
311	196
311	221
311	224
311	237
311	240
311	277
311	282
311	284
311	286
311	293
311	299
311	305
311	306
311	307
311	308
311	319
311	331
311	333
311	336
311	338
311	343
311	345
311	456
311	682
311	912
312	199
312	203
312	226
312	244
312	255
312	256
312	266
312	267
312	278
312	280
312	295
312	300
312	303
312	306
312	314
312	316
312	321
312	323
312	327
312	329
312	332
312	333
312	336
312	342
312	344
312	681
312	763
313	205
313	209
313	210
313	212
313	218
313	239
313	241
313	250
313	253
313	276
313	296
313	299
313	300
313	301
313	318
313	319
313	321
313	329
313	330
313	331
313	340
313	341
313	343
313	344
313	363
313	714
313	893
314	90
314	203
314	204
314	209
314	210
314	213
314	214
314	219
314	242
314	252
314	257
314	264
314	282
314	298
314	304
314	306
314	308
314	312
314	322
314	328
314	335
314	336
314	338
314	342
314	344
314	543
314	907
315	201
315	210
315	211
315	226
315	228
315	243
315	249
315	251
315	254
315	274
315	282
315	285
315	289
315	290
315	305
315	316
315	319
315	322
315	323
315	324
315	325
315	327
315	337
315	340
315	345
315	592
315	666
315	869
316	186
316	223
316	226
316	236
316	245
316	248
316	252
316	256
316	257
316	268
316	278
316	283
316	302
316	306
316	312
316	315
316	317
316	318
316	323
316	332
316	333
316	334
316	335
316	340
316	344
316	422
316	445
316	517
317	179
317	198
317	200
317	214
317	236
317	238
317	240
317	242
317	244
317	256
317	268
317	274
317	286
317	297
317	300
317	304
317	306
317	308
317	310
317	316
317	321
317	322
317	327
317	329
317	337
317	342
317	344
317	605
317	758
318	189
318	190
318	208
318	217
318	218
318	220
318	225
318	248
318	258
318	259
318	265
318	270
318	273
318	279
318	286
318	292
318	295
318	297
318	313
318	316
318	329
318	333
318	334
318	336
318	339
318	342
318	344
318	651
318	764
319	44
319	174
319	216
319	239
319	247
319	254
319	257
319	258
319	261
319	262
319	263
319	265
319	273
319	274
319	289
319	293
319	298
319	303
319	307
319	308
319	310
319	311
319	313
319	315
319	334
319	335
319	338
319	341
319	449
320	191
320	193
320	200
320	205
320	212
320	219
320	227
320	229
320	234
320	239
320	247
320	250
320	253
320	255
320	258
320	269
320	278
320	280
320	296
320	298
320	299
320	306
320	309
320	335
320	341
320	343
320	765
320	932
320	988
321	217
321	222
321	232
321	236
321	244
321	245
321	266
321	272
321	281
321	283
321	288
321	290
321	291
321	298
321	301
321	310
321	312
321	313
321	317
321	322
321	325
321	333
321	336
321	337
321	338
321	340
321	344
321	750
321	934
321	963
322	121
322	203
322	204
322	206
322	249
322	256
322	257
322	265
322	275
322	283
322	286
322	288
322	301
322	302
322	303
322	306
322	307
322	310
322	314
322	315
322	317
322	321
322	327
322	328
322	332
322	336
322	341
322	342
322	647
322	884
323	198
323	200
323	204
323	207
323	226
323	227
323	228
323	249
323	250
323	254
323	270
323	274
323	282
323	286
323	293
323	302
323	312
323	315
323	316
323	324
323	325
323	327
323	330
323	331
323	337
323	340
323	341
323	342
323	426
323	677
323	761
324	198
324	199
324	207
324	232
324	241
324	247
324	248
324	251
324	254
324	283
324	285
324	290
324	292
324	299
324	302
324	306
324	307
324	315
324	323
324	325
324	326
324	327
324	328
324	331
324	337
324	340
324	341
324	342
324	574
324	671
324	694
325	208
325	212
325	215
325	220
325	229
325	233
325	234
325	246
325	249
325	251
325	254
325	259
325	266
325	285
325	290
325	299
325	302
325	315
325	321
325	323
325	324
325	326
325	327
325	331
325	337
325	339
325	340
325	341
325	488
325	762
325	990
326	211
326	222
326	226
326	227
326	228
326	229
326	232
326	236
326	243
326	246
326	251
326	255
326	282
326	285
326	287
326	290
326	302
326	303
326	309
326	324
326	325
326	327
326	331
326	333
326	336
326	337
326	338
326	340
326	345
326	689
326	720
326	739
327	143
327	186
327	197
327	204
327	211
327	228
327	231
327	232
327	233
327	242
327	255
327	262
327	282
327	285
327	288
327	290
327	298
327	302
327	312
327	315
327	317
327	322
327	323
327	324
327	325
327	326
327	331
327	335
327	337
327	340
327	360
327	997
328	185
328	206
328	207
328	213
328	216
328	222
328	226
328	238
328	239
328	252
328	255
328	261
328	270
328	283
328	284
328	286
328	296
328	300
328	304
328	305
328	306
328	310
328	314
328	322
328	324
328	336
328	337
328	340
328	342
328	344
328	416
328	426
328	455
328	979
329	179
329	185
329	186
329	189
329	205
329	208
329	231
329	234
329	235
329	240
329	245
329	246
329	248
329	264
329	267
329	269
329	278
329	281
329	287
329	292
329	294
329	299
329	305
329	312
329	313
329	317
329	318
329	330
329	334
329	336
329	339
329	342
329	670
329	890
330	43
330	185
330	199
330	202
330	203
330	212
330	220
330	223
330	240
330	242
330	244
330	246
330	259
330	260
330	267
330	276
330	279
330	292
330	295
330	303
330	310
330	313
330	323
330	329
330	331
330	332
330	333
330	334
330	339
330	341
330	342
330	344
330	345
330	373
330	914
331	189
331	198
331	207
331	228
331	232
331	233
331	243
331	252
331	254
331	264
331	276
331	282
331	285
331	287
331	290
331	294
331	301
331	302
331	306
331	311
331	313
331	323
331	324
331	325
331	326
331	327
331	330
331	333
331	336
331	337
331	340
331	341
331	345
331	646
331	735
331	967
332	2
332	186
332	191
332	192
332	195
332	207
332	223
332	230
332	231
332	242
332	245
332	246
332	261
332	264
332	267
332	269
332	273
332	275
332	282
332	284
332	292
332	295
332	297
332	301
332	309
332	312
332	316
332	322
332	330
332	333
332	334
332	336
332	339
332	340
332	531
332	558
332	761
333	61
333	146
333	186
333	223
333	231
333	242
333	248
333	257
333	259
333	264
333	269
333	270
333	273
333	274
333	280
333	282
333	284
333	292
333	295
333	297
333	301
333	311
333	312
333	316
333	318
333	321
333	326
333	330
333	331
333	332
333	334
333	338
333	339
333	340
333	342
333	783
333	789
334	76
334	191
334	201
334	215
334	220
334	230
334	231
334	236
334	246
334	248
334	250
334	255
334	261
334	264
334	267
334	269
334	273
334	278
334	279
334	282
334	284
334	288
334	294
334	304
334	316
334	318
334	319
334	329
334	330
334	332
334	333
334	339
334	341
334	342
334	343
334	345
334	609
334	763
335	187
335	194
335	200
335	204
335	213
335	218
335	219
335	222
335	223
335	225
335	230
335	236
335	238
335	252
335	263
335	272
335	278
335	285
335	288
335	291
335	293
335	301
335	305
335	306
335	307
335	310
335	314
335	316
335	319
335	320
335	327
335	336
335	338
335	339
335	344
335	362
335	487
335	724
335	921
336	182
336	192
336	193
336	197
336	208
336	222
336	232
336	244
336	245
336	257
336	258
336	266
336	271
336	273
336	288
336	291
336	295
336	300
336	301
336	304
336	310
336	311
336	312
336	314
336	318
336	321
336	322
336	326
336	328
336	329
336	331
336	332
336	335
336	337
336	338
336	339
336	344
336	493
336	638
337	199
337	209
337	211
337	214
337	226
337	227
337	228
337	232
337	233
337	243
337	249
337	253
337	254
337	259
337	260
337	279
337	282
337	285
337	289
337	290
337	301
337	302
337	315
337	317
337	321
337	323
337	324
337	325
337	326
337	327
337	328
337	331
337	336
337	338
337	340
337	343
337	344
337	454
337	472
337	763
337	955
338	196
338	207
338	217
338	221
338	225
338	237
338	247
338	258
338	263
338	265
338	272
338	274
338	275
338	277
338	281
338	284
338	285
338	289
338	293
338	294
338	295
338	305
338	307
338	308
338	311
338	314
338	319
338	321
338	326
338	333
338	335
338	336
338	337
338	339
338	341
338	344
338	345
338	414
338	762
338	798
338	950
339	185
339	188
339	189
339	191
339	195
339	201
339	208
339	220
339	228
339	229
339	230
339	238
339	239
339	240
339	256
339	258
339	263
339	264
339	274
339	279
339	281
339	284
339	292
339	294
339	295
339	296
339	301
339	307
339	318
339	325
339	329
339	330
339	332
339	333
339	334
339	335
339	336
339	338
339	342
339	345
339	563
339	572
339	753
339	779
340	195
340	198
340	199
340	207
340	211
340	227
340	228
340	229
340	233
340	243
340	247
340	249
340	252
340	254
340	257
340	265
340	268
340	269
340	282
340	285
340	288
340	290
340	293
340	294
340	295
340	302
340	313
340	315
340	316
340	321
340	323
340	324
340	325
340	326
340	327
340	328
340	331
340	332
340	333
340	337
340	342
340	643
340	654
340	756
340	897
340	982
341	187
341	190
341	192
341	202
341	206
341	209
341	210
341	212
341	221
341	222
341	234
341	236
341	239
341	241
341	244
341	250
341	253
341	269
341	271
341	275
341	276
341	280
341	281
341	287
341	291
341	295
341	296
341	297
341	298
341	299
341	307
341	313
341	319
341	320
341	322
341	323
341	324
341	325
341	330
341	331
341	334
341	338
341	343
341	538
341	726
341	729
341	955
342	133
342	186
342	191
342	201
342	207
342	215
342	219
342	231
342	240
342	241
342	242
342	244
342	248
342	251
342	259
342	260
342	264
342	266
342	267
342	279
342	283
342	284
342	290
342	294
342	295
342	297
342	299
342	303
342	312
342	314
342	317
342	318
342	322
342	323
342	324
342	328
342	329
342	330
342	333
342	334
342	339
342	340
342	343
342	345
342	460
342	569
342	907
342	956
343	185
343	187
343	196
343	200
343	202
343	203
343	205
343	209
343	210
343	212
343	216
343	225
343	234
343	239
343	241
343	250
343	252
343	253
343	256
343	260
343	269
343	271
343	276
343	280
343	281
343	283
343	284
343	285
343	287
343	290
343	293
343	296
343	298
343	299
343	304
343	307
343	311
343	313
343	320
343	334
343	337
343	341
343	342
343	344
343	366
343	477
343	538
343	564
343	974
344	180
344	188
344	193
344	194
344	197
344	205
344	206
344	213
344	225
344	235
344	245
344	247
344	250
344	257
344	258
344	266
344	268
344	270
344	271
344	272
344	275
344	278
344	279
344	291
344	300
344	301
344	306
344	307
344	308
344	309
344	310
344	312
344	313
344	314
344	316
344	317
344	318
344	321
344	328
344	330
344	335
344	336
344	337
344	338
344	343
344	577
344	645
344	750
344	775
345	206
345	215
345	216
345	217
345	221
345	224
345	225
345	230
345	231
345	234
345	237
345	247
345	258
345	261
345	262
345	263
345	264
345	265
345	272
345	273
345	274
345	275
345	276
345	277
345	280
345	283
345	286
345	289
345	293
345	297
345	301
345	302
345	305
345	307
345	308
345	309
345	311
345	315
345	326
345	330
345	331
345	334
345	338
345	339
345	342
345	913
345	926
345	944
345	947
345	954
346	361
346	397
346	413
346	435
346	438
346	454
346	462
346	464
346	472
346	843
347	355
347	395
347	405
347	435
347	438
347	455
347	456
347	465
347	467
347	662
348	377
348	383
348	384
348	385
348	403
348	426
348	428
348	441
348	472
348	710
349	364
349	386
349	389
349	393
349	405
349	415
349	432
349	450
349	465
349	623
350	393
350	430
350	440
350	460
350	461
350	464
350	465
350	469
350	475
350	821
351	356
351	382
351	417
351	445
351	450
351	467
351	469
351	476
351	477
351	649
352	181
352	374
352	433
352	449
352	452
352	454
352	459
352	463
352	473
352	476
353	371
353	374
353	391
353	438
353	442
353	446
353	447
353	464
353	476
353	626
354	153
354	367
354	374
354	390
354	413
354	425
354	446
354	451
354	466
354	469
355	347
355	381
355	388
355	452
355	454
355	462
355	470
355	473
355	476
355	753
356	351
356	380
356	447
356	450
356	457
356	459
356	462
356	466
356	468
356	799
357	358
357	364
357	394
357	420
357	455
357	459
357	464
357	467
357	471
357	957
358	144
358	357
358	365
358	385
358	391
358	432
358	435
358	470
358	475
358	476
359	393
359	414
359	423
359	461
359	462
359	463
359	464
359	470
359	473
359	507
360	327
360	389
360	425
360	428
360	437
360	451
360	463
360	469
360	475
360	477
361	346
361	402
361	425
361	441
361	445
361	451
361	453
361	460
361	468
361	642
362	335
362	369
362	373
362	423
362	455
362	456
362	460
362	467
362	470
362	474
362	477
363	313
363	391
363	400
363	414
363	443
363	448
363	449
363	462
363	466
363	469
363	474
364	128
364	262
364	349
364	357
364	379
364	407
364	426
364	436
364	461
364	469
364	472
365	273
365	358
365	389
365	432
365	440
365	454
365	458
365	461
365	463
365	474
365	475
366	343
366	380
366	410
366	421
366	457
366	463
366	467
366	469
366	470
366	471
366	474
367	354
367	387
367	426
367	437
367	449
367	452
367	465
367	472
367	473
367	627
367	998
368	412
368	438
368	448
368	455
368	457
368	460
368	467
368	471
368	473
368	474
368	759
369	362
369	395
369	406
369	408
369	418
369	426
369	449
369	453
369	476
369	975
370	159
370	389
370	396
370	408
370	432
370	443
370	451
370	458
370	470
370	471
370	477
371	170
371	353
371	389
371	437
371	451
371	465
371	468
371	470
371	472
371	474
371	476
372	84
372	166
372	430
372	434
372	440
372	456
372	458
372	460
372	465
372	470
372	472
372	473
373	136
373	330
373	362
373	376
373	385
373	406
373	419
373	424
373	458
373	460
373	466
373	467
374	264
374	352
374	353
374	354
374	383
374	401
374	415
374	418
374	419
374	429
374	435
374	455
375	384
375	386
375	396
375	407
375	418
375	421
375	449
375	452
375	458
375	468
375	476
375	841
376	232
376	373
376	380
376	385
376	399
376	415
376	420
376	438
376	442
376	457
376	475
376	477
377	348
377	381
377	401
377	412
377	430
377	431
377	433
377	462
377	465
377	470
377	477
377	672
378	409
378	422
378	429
378	436
378	443
378	458
378	467
378	469
378	470
378	471
378	477
378	921
379	364
379	385
379	392
379	426
379	431
379	436
379	437
379	449
379	461
379	468
379	472
379	717
380	356
380	366
380	376
380	382
380	384
380	392
380	440
380	453
380	462
380	473
380	475
380	646
381	355
381	377
381	386
381	389
381	402
381	422
381	431
381	439
381	450
381	452
381	474
381	963
382	351
382	380
382	390
382	397
382	418
382	428
382	437
382	442
382	445
382	465
382	471
382	654
383	348
383	374
383	405
383	416
383	421
383	428
383	445
383	446
383	452
383	454
383	460
383	685
384	348
384	375
384	380
384	396
384	450
384	452
384	458
384	466
384	472
384	473
384	475
384	500
385	348
385	358
385	373
385	376
385	379
385	388
385	404
385	409
385	452
385	464
385	477
385	753
386	349
386	375
386	381
386	397
386	403
386	409
386	460
386	469
386	472
386	474
386	475
386	736
387	95
387	367
387	420
387	428
387	431
387	432
387	446
387	448
387	465
387	466
387	472
387	475
387	945
388	355
388	385
388	400
388	422
388	424
388	434
388	447
388	454
388	464
388	466
388	468
388	469
388	807
389	349
389	360
389	365
389	370
389	371
389	381
389	401
389	424
389	431
389	451
389	467
389	474
389	750
390	308
390	354
390	382
390	391
390	416
390	429
390	431
390	434
390	438
390	439
390	466
390	474
390	931
391	107
391	353
391	358
391	363
391	390
391	395
391	410
391	429
391	437
391	451
391	470
391	474
391	476
392	103
392	379
392	380
392	399
392	425
392	433
392	441
392	443
392	447
392	454
392	458
392	463
392	468
393	349
393	350
393	359
393	402
393	411
393	417
393	419
393	428
393	436
393	447
393	454
393	463
393	465
393	603
394	357
394	400
394	448
394	449
394	451
394	456
394	457
394	463
394	465
394	470
394	471
394	477
394	549
394	904
395	347
395	369
395	391
395	401
395	405
395	408
395	423
395	451
395	463
395	464
395	467
395	474
395	477
395	742
396	370
396	375
396	384
396	399
396	400
396	403
396	405
396	408
396	434
396	436
396	452
396	456
396	474
396	687
397	125
397	346
397	382
397	386
397	409
397	412
397	418
397	427
397	436
397	440
397	450
397	453
397	456
397	477
398	297
398	402
398	404
398	414
398	418
398	432
398	452
398	457
398	460
398	463
398	464
398	469
398	476
398	477
399	256
399	376
399	392
399	396
399	415
399	422
399	431
399	433
399	434
399	435
399	444
399	446
399	456
399	463
400	363
400	388
400	394
400	396
400	417
400	426
400	439
400	442
400	457
400	458
400	465
400	474
400	476
400	477
400	509
401	74
401	374
401	377
401	389
401	395
401	419
401	433
401	437
401	439
401	457
401	459
401	466
401	467
401	471
401	477
402	134
402	361
402	381
402	393
402	398
402	415
402	423
402	440
402	442
402	450
402	453
402	454
402	456
402	462
402	727
403	72
403	348
403	386
403	396
403	411
403	429
403	432
403	441
403	453
403	454
403	458
403	464
403	471
403	477
403	978
404	63
404	385
404	398
404	426
404	434
404	437
404	445
404	450
404	453
404	462
404	463
404	468
404	470
404	474
404	476
405	347
405	349
405	383
405	395
405	396
405	420
405	438
405	439
405	453
405	462
405	468
405	472
405	474
405	475
405	743
406	25
406	369
406	373
406	425
406	438
406	440
406	446
406	451
406	459
406	460
406	466
406	468
406	471
406	475
406	476
406	752
407	364
407	375
407	410
407	417
407	427
407	437
407	446
407	448
407	453
407	460
407	464
407	468
407	469
407	475
407	718
407	952
408	369
408	370
408	395
408	396
408	430
408	438
408	445
408	450
408	451
408	455
408	456
408	467
408	470
408	475
408	477
408	754
409	125
409	378
409	385
409	386
409	397
409	412
409	426
409	441
409	445
409	447
409	452
409	455
409	467
409	471
409	477
409	725
410	366
410	391
410	407
410	413
410	425
410	432
410	439
410	446
410	450
410	463
410	464
410	465
410	466
410	476
410	477
410	607
410	698
411	393
411	403
411	416
411	428
411	429
411	432
411	436
411	438
411	442
411	448
411	455
411	458
411	461
411	468
411	472
411	754
411	992
412	368
412	377
412	397
412	409
412	415
412	421
412	432
412	443
412	451
412	455
412	459
412	461
412	466
412	471
412	475
412	476
412	707
413	346
413	354
413	410
413	419
413	424
413	430
413	436
413	437
413	443
413	444
413	447
413	448
413	459
413	460
413	466
413	475
413	705
414	12
414	338
414	359
414	363
414	398
414	429
414	439
414	440
414	442
414	443
414	444
414	453
414	457
414	462
414	466
414	468
414	473
415	176
415	349
415	374
415	376
415	399
415	402
415	412
415	422
415	435
415	437
415	442
415	455
415	459
415	466
415	470
415	471
415	477
416	230
416	328
416	383
416	390
416	411
416	430
416	441
416	444
416	446
416	450
416	460
416	461
416	464
416	469
416	470
416	471
416	475
416	477
417	351
417	393
417	400
417	407
417	428
417	433
417	436
417	443
417	445
417	447
417	449
417	461
417	465
417	469
417	472
417	474
417	695
417	971
418	369
418	374
418	375
418	382
418	397
418	398
418	420
418	426
418	445
418	448
418	452
418	455
418	456
418	461
418	468
418	475
418	477
418	941
419	137
419	373
419	374
419	393
419	401
419	413
419	429
419	431
419	439
419	446
419	449
419	451
419	454
419	455
419	466
419	468
419	469
419	476
420	357
420	376
420	387
420	405
420	418
420	430
420	437
420	453
420	455
420	460
420	461
420	462
420	464
420	466
420	469
420	470
420	472
420	716
421	123
421	277
421	366
421	375
421	383
421	412
421	423
421	428
421	438
421	444
421	446
421	459
421	463
421	467
421	470
421	471
421	473
421	477
422	59
422	316
422	378
422	381
422	388
422	399
422	415
422	431
422	434
422	455
422	456
422	457
422	460
422	463
422	464
422	471
422	475
422	477
423	359
423	362
423	395
423	402
423	421
423	429
423	435
423	440
423	441
423	445
423	457
423	459
423	467
423	470
423	471
423	473
423	475
423	794
423	957
424	109
424	120
424	373
424	388
424	389
424	413
424	431
424	437
424	439
424	454
424	455
424	456
424	458
424	462
424	464
424	468
424	472
424	473
424	476
425	354
425	360
425	361
425	392
425	406
425	410
425	427
425	432
425	435
425	436
425	449
425	453
425	459
425	470
425	474
425	475
425	476
425	478
425	864
426	323
426	328
426	348
426	364
426	367
426	369
426	379
426	400
426	404
426	409
426	418
426	430
426	448
426	454
426	464
426	466
426	471
426	474
426	476
427	145
427	397
427	407
427	425
427	429
427	434
427	438
427	442
427	445
427	453
427	454
427	455
427	457
427	462
427	468
427	469
427	472
427	474
427	619
428	348
428	360
428	382
428	383
428	387
428	393
428	411
428	417
428	421
428	431
428	436
428	441
428	449
428	452
428	459
428	462
428	472
428	993
428	999
429	165
429	374
429	378
429	390
429	391
429	403
429	411
429	414
429	419
429	423
429	427
429	434
429	457
429	458
429	462
429	469
429	474
429	475
429	476
429	544
430	350
430	372
430	377
430	408
430	413
430	416
430	420
430	426
430	441
430	444
430	447
430	457
430	463
430	467
430	470
430	471
430	473
430	477
430	871
430	977
431	377
431	379
431	381
431	387
431	389
431	390
431	399
431	419
431	422
431	424
431	428
431	432
431	446
431	453
431	460
431	469
431	475
431	476
431	742
431	930
432	349
432	358
432	365
432	370
432	387
432	398
432	403
432	410
432	411
432	412
432	425
432	431
432	435
432	440
432	462
432	468
432	469
432	473
432	474
432	800
432	997
433	149
433	352
433	377
433	392
433	399
433	401
433	417
433	435
433	441
433	443
433	447
433	448
433	451
433	454
433	455
433	458
433	459
433	465
433	472
433	477
433	960
434	372
434	388
434	390
434	396
434	399
434	404
434	422
434	427
434	429
434	446
434	449
434	450
434	453
434	454
434	466
434	467
434	473
434	474
434	476
434	848
434	968
435	130
435	346
435	347
435	358
435	374
435	399
435	415
435	423
435	425
435	432
435	433
435	444
435	459
435	460
435	463
435	470
435	471
435	472
435	473
435	477
435	715
436	364
436	378
436	379
436	393
436	396
436	397
436	411
436	413
436	417
436	425
436	428
436	437
436	444
436	445
436	467
436	469
436	472
436	473
436	476
436	563
436	615
436	625
437	360
437	367
437	371
437	379
437	382
437	391
437	401
437	404
437	407
437	413
437	415
437	420
437	424
437	436
437	444
437	460
437	464
437	468
437	473
437	476
437	617
437	640
438	258
438	346
438	347
438	353
438	368
438	376
438	390
438	405
438	406
438	408
438	411
438	421
438	427
438	450
438	456
438	458
438	459
438	465
438	472
438	473
438	476
438	897
439	381
439	390
439	400
439	401
439	405
439	410
439	414
439	419
439	424
439	444
439	448
439	453
439	460
439	465
439	466
439	469
439	472
439	473
439	475
439	476
439	940
439	961
440	246
440	350
440	365
440	372
440	380
440	397
440	402
440	406
440	414
440	423
440	432
440	451
440	452
440	453
440	454
440	457
440	462
440	468
440	469
440	476
440	746
440	760
441	106
441	189
441	348
441	361
441	392
441	403
441	409
441	416
441	423
441	428
441	430
441	433
441	443
441	444
441	447
441	454
441	459
441	467
441	469
441	470
441	471
441	472
442	353
442	376
442	382
442	400
442	402
442	411
442	414
442	415
442	427
442	445
442	446
442	448
442	450
442	458
442	461
442	469
442	472
442	473
442	474
442	475
442	477
442	655
442	730
443	363
443	370
443	378
443	392
443	412
443	413
443	414
443	417
443	433
443	441
443	447
443	452
443	456
443	465
443	467
443	470
443	471
443	473
443	475
443	476
443	477
443	725
443	899
444	211
444	399
444	413
444	414
444	416
444	421
444	430
444	435
444	436
444	437
444	439
444	441
444	448
444	454
444	459
444	460
444	461
444	462
444	467
444	472
444	473
444	474
444	920
445	154
445	316
445	351
445	361
445	382
445	383
445	404
445	408
445	409
445	417
445	418
445	423
445	427
445	436
445	442
445	449
445	451
445	455
445	461
445	465
445	468
445	477
445	920
446	170
446	261
446	353
446	354
446	383
446	387
446	399
446	406
446	407
446	410
446	416
446	419
446	421
446	431
446	434
446	442
446	449
446	461
446	463
446	465
446	466
446	468
446	474
446	475
447	169
447	353
447	356
447	388
447	392
447	393
447	409
447	413
447	417
447	430
447	433
447	441
447	443
447	449
447	456
447	457
447	459
447	466
447	469
447	470
447	471
447	472
447	477
447	601
447	714
448	363
448	368
448	387
448	394
448	407
448	411
448	413
448	418
448	426
448	433
448	439
448	442
448	444
448	452
448	460
448	461
448	466
448	470
448	472
448	474
448	475
448	476
448	614
448	752
448	811
449	319
449	352
449	363
449	367
449	369
449	375
449	379
449	394
449	417
449	419
449	425
449	428
449	434
449	445
449	446
449	447
449	456
449	457
449	460
449	472
449	474
449	475
449	476
449	477
449	757
449	944
450	142
450	280
450	349
450	351
450	356
450	381
450	384
450	397
450	402
450	404
450	408
450	410
450	416
450	434
450	438
450	442
450	458
450	461
450	464
450	466
450	467
450	468
450	472
450	475
450	476
450	910
451	147
451	354
451	360
451	361
451	370
451	371
451	389
451	391
451	394
451	395
451	406
451	408
451	412
451	419
451	433
451	440
451	445
451	453
451	454
451	456
451	469
451	471
451	474
451	476
451	485
451	754
452	171
452	242
452	352
452	355
452	367
452	375
452	381
452	383
452	384
452	385
452	396
452	398
452	409
452	418
452	428
452	440
452	443
452	448
452	455
452	457
452	466
452	469
452	472
452	473
452	476
452	477
452	708
453	109
453	361
453	369
453	380
453	397
453	402
453	403
453	404
453	405
453	407
453	414
453	420
453	425
453	427
453	431
453	434
453	439
453	440
453	451
453	457
453	461
453	465
453	467
453	469
453	473
453	474
453	477
453	686
453	791
454	337
454	346
454	352
454	355
454	365
454	383
454	388
454	392
454	393
454	402
454	403
454	419
454	424
454	426
454	427
454	433
454	434
454	440
454	441
454	444
454	451
454	459
454	461
454	464
454	467
454	468
454	471
454	474
454	768
455	99
455	328
455	347
455	357
455	362
455	368
455	374
455	408
455	409
455	411
455	412
455	415
455	418
455	419
455	420
455	422
455	424
455	427
455	433
455	445
455	452
455	456
455	457
455	459
455	463
455	469
455	473
455	474
455	477
456	311
456	347
456	362
456	372
456	394
456	396
456	397
456	399
456	402
456	408
456	418
456	422
456	424
456	438
456	443
456	447
456	449
456	451
456	455
456	457
456	459
456	463
456	464
456	466
456	467
456	470
456	473
456	477
456	688
456	755
457	139
457	356
457	366
457	368
457	376
457	394
457	398
457	400
457	401
457	414
457	422
457	423
457	427
457	429
457	430
457	440
457	447
457	449
457	452
457	453
457	455
457	456
457	459
457	463
457	467
457	469
457	471
457	476
457	477
457	631
457	728
458	164
458	365
458	370
458	372
458	373
458	375
458	378
458	384
458	392
458	400
458	403
458	411
458	424
458	429
458	433
458	438
458	442
458	450
458	461
458	462
458	464
458	465
458	468
458	469
458	470
458	472
458	473
458	474
458	475
458	560
458	725
459	164
459	352
459	356
459	357
459	401
459	406
459	412
459	413
459	415
459	421
459	423
459	425
459	428
459	433
459	435
459	438
459	441
459	444
459	447
459	454
459	455
459	456
459	457
459	462
459	463
459	470
459	472
459	475
459	477
459	484
459	583
460	183
460	342
460	350
460	361
460	362
460	368
460	372
460	373
460	383
460	386
460	398
460	406
460	407
460	413
460	416
460	420
460	422
460	431
460	435
460	437
460	439
460	444
460	448
460	449
460	462
460	464
460	465
460	467
460	468
460	471
460	474
460	535
461	350
461	359
461	364
461	365
461	379
461	411
461	412
461	416
461	417
461	418
461	420
461	442
461	444
461	445
461	446
461	448
461	450
461	453
461	454
461	458
461	463
461	464
461	465
461	467
461	468
461	471
461	473
461	474
461	475
461	477
461	528
461	780
461	889
462	212
462	291
462	346
462	355
462	356
462	359
462	363
462	377
462	380
462	402
462	404
462	405
462	414
462	420
462	424
462	427
462	428
462	429
462	432
462	440
462	444
462	458
462	459
462	460
462	464
462	465
462	466
462	467
462	472
462	473
462	476
462	477
462	834
463	77
463	300
463	352
463	359
463	360
463	365
463	366
463	392
463	393
463	394
463	395
463	398
463	399
463	404
463	410
463	421
463	422
463	430
463	435
463	446
463	455
463	456
463	457
463	459
463	461
463	464
463	467
463	468
463	470
463	471
463	473
463	477
463	596
463	738
464	346
464	350
464	353
464	357
464	359
464	385
464	388
464	395
464	398
464	403
464	407
464	410
464	416
464	420
464	422
464	424
464	426
464	437
464	450
464	454
464	456
464	458
464	460
464	461
464	462
464	463
464	465
464	473
464	474
464	475
464	476
464	477
464	494
464	704
464	717
465	19
465	347
465	349
465	350
465	367
465	371
465	372
465	377
465	382
465	387
465	393
465	394
465	400
465	410
465	417
465	433
465	438
465	439
465	443
465	445
465	446
465	453
465	458
465	460
465	461
465	462
465	464
465	466
465	468
465	470
465	471
465	472
465	473
465	587
465	609
466	229
466	305
466	354
466	356
466	363
466	373
466	384
466	387
466	388
466	390
466	401
466	406
466	410
466	412
466	413
466	414
466	415
466	419
466	420
466	426
466	434
466	439
466	446
466	447
466	448
466	450
466	452
466	456
466	462
466	465
466	468
466	471
466	473
466	475
466	734
466	926
467	347
467	351
467	357
467	362
467	366
467	368
467	373
467	378
467	389
467	395
467	401
467	408
467	409
467	421
467	423
467	430
467	434
467	436
467	441
467	443
467	444
467	450
467	453
467	454
467	456
467	457
467	460
467	461
467	462
467	463
467	471
467	472
467	475
467	476
467	477
467	562
467	802
467	953
467	958
468	111
468	158
468	177
468	356
468	361
468	371
468	375
468	379
468	388
468	392
468	404
468	405
468	406
468	407
468	411
468	414
468	418
468	419
468	424
468	427
468	432
468	437
468	440
468	445
468	446
468	450
468	454
468	458
468	460
468	461
468	463
468	465
468	466
468	471
468	472
468	473
468	475
468	476
468	762
469	259
469	350
469	351
469	354
469	360
469	363
469	364
469	366
469	378
469	386
469	388
469	398
469	407
469	416
469	417
469	419
469	420
469	427
469	429
469	431
469	432
469	436
469	439
469	440
469	441
469	442
469	447
469	451
469	452
469	453
469	455
469	457
469	458
469	470
469	475
469	476
469	591
469	960
469	987
470	130
470	355
470	358
470	359
470	362
470	366
470	370
470	371
470	372
470	377
470	378
470	391
470	394
470	404
470	408
470	415
470	416
470	420
470	421
470	423
470	425
470	430
470	435
470	441
470	443
470	447
470	448
470	456
470	458
470	459
470	463
470	465
470	469
470	471
470	474
470	476
470	477
470	571
470	676
470	709
471	36
471	91
471	357
471	366
471	368
471	370
471	378
471	382
471	394
471	401
471	403
471	406
471	409
471	412
471	415
471	416
471	421
471	422
471	423
471	426
471	430
471	435
471	441
471	443
471	447
471	451
471	454
471	457
471	460
471	461
471	463
471	465
471	466
471	467
471	468
471	470
471	472
471	473
471	476
471	683
471	751
471	974
472	119
472	337
472	346
472	348
472	364
472	367
472	371
472	372
472	379
472	384
472	386
472	387
472	405
472	411
472	417
472	420
472	424
472	427
472	428
472	433
472	435
472	436
472	438
472	439
472	441
472	442
472	444
472	447
472	448
472	449
472	450
472	452
472	458
472	459
472	462
472	465
472	467
472	468
472	471
472	473
472	475
472	530
472	937
473	195
473	290
473	352
473	355
473	359
473	367
473	368
473	372
473	380
473	384
473	414
473	421
473	423
473	424
473	430
473	432
473	434
473	435
473	436
473	437
473	438
473	439
473	442
473	443
473	444
473	452
473	453
473	455
473	456
473	458
473	461
473	462
473	463
473	464
473	465
473	466
473	468
473	471
473	472
473	474
473	475
473	607
473	804
474	362
474	363
474	365
474	366
474	368
474	371
474	381
474	386
474	389
474	390
474	391
474	395
474	396
474	400
474	404
474	405
474	417
474	425
474	426
474	427
474	429
474	432
474	434
474	442
474	444
474	446
474	448
474	449
474	451
474	453
474	454
474	455
474	458
474	460
474	461
474	464
474	470
474	473
474	476
474	735
474	743
474	827
474	982
475	350
475	358
475	360
475	365
475	376
475	380
475	384
475	386
475	387
475	405
475	406
475	407
475	408
475	412
475	413
475	416
475	418
475	422
475	423
475	425
475	429
475	431
475	439
475	442
475	443
475	446
475	448
475	449
475	450
475	458
475	459
475	461
475	464
475	466
475	467
475	468
475	469
475	472
475	473
475	477
475	489
475	711
475	721
475	997
476	184
476	351
476	352
476	353
476	355
476	358
476	369
476	371
476	375
476	391
476	398
476	400
476	404
476	406
476	410
476	412
476	419
476	424
476	425
476	426
476	429
476	431
476	434
476	436
476	437
476	438
476	439
476	440
476	443
476	448
476	449
476	450
476	451
476	452
476	457
476	462
476	464
476	467
476	468
476	469
476	470
476	471
476	474
476	514
476	680
476	692
477	69
477	267
477	343
477	351
477	360
477	362
477	370
477	376
477	377
477	378
477	385
477	394
477	395
477	397
477	398
477	400
477	401
477	403
477	408
477	409
477	410
477	415
477	416
477	418
477	421
477	422
477	430
477	433
477	435
477	442
477	443
477	445
477	447
477	449
477	452
477	453
477	455
477	456
477	457
477	459
477	461
477	462
477	463
477	464
477	467
477	470
477	475
477	652
477	673
478	425
478	501
478	526
478	633
478	700
478	701
478	748
478	760
478	761
478	764
479	141
479	648
479	677
479	678
479	699
479	737
479	746
479	750
479	752
479	756
480	92
480	572
480	590
480	727
480	730
480	738
480	750
480	751
480	761
480	762
481	634
481	646
481	648
481	703
481	736
481	737
481	747
481	750
481	756
481	993
482	286
482	496
482	517
482	547
482	634
482	651
482	669
482	728
482	733
482	735
483	605
483	653
483	717
483	724
483	725
483	727
483	738
483	745
483	748
483	793
484	459
484	525
484	604
484	688
484	697
484	723
484	736
484	738
484	745
484	752
485	451
485	542
485	596
485	600
485	639
485	643
485	685
485	711
485	752
485	758
486	587
486	615
486	641
486	656
486	659
486	685
486	735
486	755
486	765
486	943
487	335
487	499
487	528
487	625
487	743
487	748
487	750
487	752
487	759
487	760
488	325
488	577
488	653
488	665
488	689
488	733
488	735
488	741
488	755
488	758
489	475
489	601
489	606
489	654
489	656
489	718
489	720
489	726
489	728
489	745
490	630
490	632
490	671
490	695
490	720
490	731
490	745
490	749
490	754
490	918
491	183
491	515
491	551
491	580
491	586
491	636
491	675
491	726
491	758
491	759
492	122
492	565
492	610
492	628
492	689
492	701
492	707
492	721
492	739
492	750
493	336
493	617
493	643
493	663
493	679
493	680
493	688
493	703
493	725
493	750
494	464
494	580
494	597
494	612
494	662
494	674
494	726
494	735
494	737
494	765
495	173
495	563
495	606
495	655
495	667
495	697
495	728
495	745
495	756
495	758
496	160
496	482
496	502
496	573
496	620
496	627
496	738
496	740
496	757
496	761
497	514
497	642
497	652
497	665
497	722
497	733
497	735
497	742
497	760
497	999
498	272
498	599
498	686
498	706
498	719
498	732
498	736
498	744
498	747
498	761
499	209
499	487
499	514
499	543
499	613
499	622
499	646
499	661
499	704
499	754
500	384
500	559
500	658
500	691
500	718
500	723
500	737
500	742
500	750
500	756
501	171
501	478
501	534
501	548
501	595
501	606
501	639
501	696
501	738
501	744
502	496
502	577
502	602
502	678
502	697
502	700
502	744
502	745
502	760
502	956
503	281
503	518
503	642
503	665
503	679
503	722
503	733
503	736
503	738
503	749
504	157
504	662
504	678
504	690
504	736
504	740
504	743
504	754
504	757
504	760
505	570
505	620
505	711
505	736
505	741
505	752
505	754
505	762
505	763
505	796
506	158
506	507
506	585
506	595
506	645
506	657
506	690
506	748
506	757
506	760
507	359
507	506
507	541
507	628
507	703
507	711
507	737
507	742
507	746
507	749
508	585
508	634
508	650
508	666
508	692
508	720
508	750
508	752
508	756
508	868
509	400
509	567
509	668
509	671
509	691
509	712
509	713
509	739
509	744
509	749
509	751
510	644
510	653
510	696
510	699
510	703
510	718
510	733
510	740
510	743
510	755
510	994
511	589
511	659
511	660
511	661
511	687
511	708
511	719
511	745
511	755
511	765
511	975
512	550
512	577
512	580
512	597
512	618
512	673
512	693
512	698
512	737
512	746
512	996
513	49
513	174
513	621
513	628
513	685
513	693
513	695
513	720
513	731
513	738
513	758
514	476
514	497
514	499
514	551
514	617
514	622
514	681
514	698
514	704
514	707
514	765
515	154
515	491
515	605
515	614
515	615
515	681
515	683
515	694
515	735
515	755
515	765
516	598
516	655
516	666
516	687
516	692
516	704
516	749
516	754
516	757
516	785
516	900
517	316
517	482
517	534
517	548
517	631
517	658
517	680
517	684
517	690
517	742
517	748
518	503
518	571
518	623
518	628
518	664
518	690
518	720
518	732
518	733
518	735
518	898
519	570
519	623
519	635
519	637
519	646
519	686
519	702
519	719
519	755
519	764
519	959
520	190
520	649
520	661
520	698
520	703
520	715
520	719
520	720
520	731
520	738
520	762
521	601
521	648
521	649
521	664
521	672
521	690
521	718
521	742
521	750
521	751
521	998
522	608
522	656
522	665
522	666
522	704
522	720
522	726
522	734
522	755
522	765
522	905
523	579
523	627
523	640
523	668
523	693
523	696
523	711
523	729
523	753
523	760
523	882
524	528
524	590
524	594
524	687
524	704
524	724
524	731
524	748
524	758
524	762
524	904
525	197
525	484
525	635
525	636
525	656
525	704
525	707
525	718
525	740
525	746
525	765
526	478
526	612
526	621
526	638
526	675
526	689
526	691
526	710
526	736
526	753
526	981
527	136
527	534
527	636
527	637
527	646
527	692
527	728
527	731
527	738
527	758
527	762
528	461
528	487
528	524
528	559
528	632
528	647
528	698
528	700
528	709
528	736
528	737
529	31
529	565
529	601
529	608
529	666
529	717
529	721
529	730
529	747
529	749
529	750
530	58
530	472
530	557
530	570
530	644
530	651
530	663
530	699
530	722
530	737
530	763
531	148
531	332
531	586
531	594
531	645
531	677
531	691
531	701
531	721
531	756
531	761
532	270
532	573
532	603
532	644
532	648
532	658
532	668
532	703
532	737
532	748
532	756
533	20
533	600
533	634
533	671
533	677
533	686
533	699
533	705
533	727
533	730
533	756
534	193
534	501
534	517
534	527
534	543
534	638
534	665
534	676
534	706
534	730
534	752
535	460
535	585
535	650
535	672
535	677
535	682
535	703
535	710
535	728
535	748
535	918
536	100
536	573
536	578
536	585
536	602
536	647
536	715
536	728
536	730
536	731
536	747
536	758
537	175
537	551
537	592
537	594
537	624
537	683
537	697
537	716
537	732
537	763
537	764
537	781
538	341
538	343
538	542
538	646
538	648
538	674
538	676
538	678
538	701
538	702
538	731
538	757
539	169
539	598
539	641
539	647
539	653
539	695
539	710
539	714
539	715
539	758
539	762
539	763
540	626
540	650
540	682
540	690
540	714
540	737
540	739
540	742
540	750
540	756
540	765
540	839
541	507
541	613
541	680
541	703
541	706
541	707
541	737
541	739
541	756
541	764
541	765
541	788
542	485
542	538
542	667
542	679
542	716
542	722
542	727
542	734
542	749
542	763
542	764
542	902
543	314
543	499
543	534
543	592
543	620
543	633
543	686
543	740
543	756
543	757
543	760
543	956
544	429
544	575
544	649
544	658
544	670
544	682
544	707
544	715
544	722
544	727
544	742
544	763
545	6
545	609
545	628
545	639
545	658
545	670
545	693
545	697
545	710
545	712
545	749
545	751
546	632
546	642
546	649
546	651
546	665
546	718
546	720
546	735
546	743
546	755
546	763
546	769
547	87
547	482
547	571
547	603
547	616
547	646
547	683
547	685
547	686
547	733
547	743
547	762
548	181
548	501
548	517
548	562
548	603
548	636
548	644
548	688
548	705
548	740
548	758
548	760
549	49
549	394
549	577
549	681
549	702
549	704
549	708
549	722
549	732
549	755
549	758
549	765
550	168
550	512
550	649
550	681
550	692
550	695
550	701
550	704
550	707
550	746
550	750
550	753
551	186
551	491
551	514
551	537
551	635
551	636
551	637
551	672
551	706
551	719
551	725
551	765
552	176
552	591
552	614
552	647
552	661
552	677
552	714
552	719
552	747
552	757
552	758
552	764
553	150
553	160
553	563
553	590
553	596
553	598
553	676
553	729
553	738
553	742
553	745
553	765
554	278
554	558
554	596
554	661
554	687
554	711
554	716
554	732
554	734
554	752
554	761
554	764
555	560
555	625
555	651
555	670
555	686
555	712
555	713
555	735
555	739
555	746
555	751
555	824
556	178
556	645
556	662
556	709
556	733
556	747
556	749
556	752
556	754
556	761
556	763
556	764
557	165
557	530
557	643
557	662
557	667
557	670
557	690
557	700
557	741
557	748
557	764
557	896
558	332
558	554
558	613
558	672
558	700
558	723
558	736
558	739
558	740
558	741
558	761
558	909
559	500
559	528
559	587
559	595
559	675
559	716
559	744
559	752
559	760
559	761
559	764
559	977
560	458
560	555
560	579
560	586
560	640
560	674
560	686
560	701
560	713
560	722
560	736
560	739
561	149
561	279
561	592
561	611
561	659
561	686
561	725
561	737
561	740
561	742
561	757
561	759
562	467
562	548
562	564
562	582
562	603
562	625
562	710
562	728
562	729
562	734
562	751
562	753
562	754
563	339
563	436
563	495
563	553
563	611
563	654
563	663
563	677
563	720
563	734
563	738
563	745
563	756
564	343
564	562
564	609
564	621
564	654
564	670
564	673
564	674
564	675
564	712
564	715
564	729
564	743
565	71
565	492
565	529
565	592
565	628
565	684
565	686
565	698
565	700
565	754
565	757
565	758
565	759
566	292
566	602
566	605
566	628
566	630
566	670
566	694
566	701
566	710
566	712
566	729
566	730
566	765
567	171
567	509
567	579
567	594
567	605
567	627
567	628
567	668
567	670
567	712
567	748
567	753
567	764
568	593
568	619
568	661
568	664
568	669
568	711
568	716
568	717
568	725
568	732
568	748
568	763
568	991
569	342
569	591
569	615
569	668
569	673
569	706
569	707
569	720
569	736
569	740
569	757
569	760
569	761
570	225
570	505
570	519
570	530
570	583
570	637
570	674
570	689
570	699
570	708
570	725
570	754
570	755
571	470
571	518
571	547
571	597
571	607
571	634
571	700
571	713
571	722
571	733
571	757
571	762
571	763
572	339
572	480
572	582
572	587
572	611
572	668
572	712
572	713
572	718
572	721
572	747
572	756
572	761
573	46
573	496
573	532
573	536
573	620
573	643
573	655
573	685
573	725
573	747
573	757
573	763
573	764
574	324
574	588
574	608
574	642
574	655
574	662
574	664
574	683
574	708
574	716
574	747
574	763
574	764
575	296
575	544
575	639
575	672
575	673
575	701
575	712
575	732
575	737
575	742
575	744
575	746
575	750
575	761
576	589
576	606
576	641
576	665
576	713
576	716
576	719
576	724
576	727
576	728
576	738
576	749
576	903
576	984
577	344
577	488
577	502
577	512
577	549
577	653
577	683
577	704
577	718
577	723
577	733
577	743
577	765
577	924
578	269
578	536
578	630
578	654
578	658
578	666
578	705
578	714
578	724
578	730
578	738
578	759
578	762
578	763
579	78
579	216
579	523
579	560
579	567
579	662
579	668
579	675
579	680
579	682
579	701
579	706
579	741
579	751
580	73
580	491
580	494
580	512
580	583
580	661
580	704
580	718
580	726
580	732
580	755
580	759
580	765
580	927
581	631
581	647
581	654
581	677
581	685
581	690
581	694
581	708
581	719
581	727
581	730
581	748
581	758
581	965
582	42
582	562
582	572
582	586
582	635
582	640
582	661
582	666
582	691
582	693
582	698
582	717
582	762
582	985
583	75
583	459
583	570
583	580
583	606
583	635
583	636
583	646
583	650
583	674
583	678
583	706
583	715
583	738
584	601
584	608
584	630
584	656
584	657
584	660
584	668
584	711
584	730
584	747
584	748
584	758
584	763
584	845
585	113
585	506
585	508
585	535
585	536
585	647
585	648
585	662
585	707
585	711
585	742
585	750
585	756
585	759
586	491
586	531
586	560
586	582
586	655
586	669
586	675
586	691
586	717
586	742
586	751
586	758
586	762
586	950
587	132
587	465
587	486
587	559
587	572
587	609
587	668
587	669
587	676
587	693
587	711
587	712
587	729
587	736
588	574
588	593
588	614
588	638
588	644
588	656
588	688
588	698
588	730
588	740
588	757
588	761
588	765
588	927
589	511
589	576
589	604
589	614
589	640
589	653
589	664
589	714
589	738
589	748
589	749
589	758
589	762
589	859
590	233
590	480
590	524
590	553
590	605
590	621
590	659
590	660
590	671
590	693
590	705
590	752
590	761
590	762
591	469
591	552
591	569
591	621
591	686
591	706
591	715
591	722
591	736
591	744
591	748
591	756
591	759
591	762
592	315
592	537
592	543
592	561
592	565
592	626
592	651
592	681
592	697
592	711
592	723
592	744
592	752
592	759
593	568
593	588
593	605
593	619
593	623
593	685
593	701
593	705
593	711
593	717
593	734
593	746
593	760
593	851
594	524
594	531
594	537
594	567
594	605
594	677
594	687
594	693
594	719
594	737
594	738
594	745
594	758
594	762
594	879
595	171
595	277
595	501
595	506
595	559
595	609
595	613
595	627
595	703
595	716
595	733
595	744
595	745
595	757
595	761
596	463
596	485
596	553
596	554
596	642
596	647
596	679
596	684
596	695
596	719
596	720
596	724
596	730
596	746
596	762
597	494
597	512
597	571
597	607
597	618
597	629
597	634
597	642
597	663
597	722
597	732
597	735
597	751
597	765
597	899
598	516
598	539
598	553
598	613
598	640
598	643
598	684
598	698
598	717
598	740
598	752
598	760
598	761
598	875
598	892
599	174
599	243
599	498
599	608
599	669
599	701
599	730
599	734
599	735
599	741
599	746
599	747
599	749
599	763
599	764
600	142
600	485
600	533
600	620
600	715
600	723
600	727
600	731
600	733
600	745
600	748
600	749
600	751
600	758
600	762
601	447
601	489
601	521
601	529
601	584
601	630
601	649
601	723
601	739
601	740
601	749
601	756
601	763
601	764
601	993
602	502
602	536
602	566
602	632
602	670
602	672
602	692
602	738
602	742
602	746
602	747
602	750
602	756
602	970
602	994
603	393
603	532
603	547
603	548
603	562
603	636
603	649
603	673
603	707
603	714
603	716
603	725
603	742
603	756
603	764
604	484
604	589
604	655
604	668
604	694
604	715
604	727
604	728
604	730
604	734
604	738
604	753
604	761
604	762
604	873
605	317
605	483
605	515
605	566
605	567
605	590
605	593
605	594
605	640
605	705
605	714
605	724
605	731
605	743
605	756
605	988
606	489
606	495
606	501
606	576
606	583
606	656
606	683
606	709
606	714
606	724
606	733
606	738
606	740
606	745
606	941
606	942
607	410
607	473
607	571
607	597
607	610
607	651
607	682
607	683
607	696
607	699
607	722
607	723
607	740
607	741
607	743
607	750
608	522
608	529
608	574
608	584
608	599
608	610
608	620
608	622
608	639
608	702
608	715
608	726
608	748
608	754
608	763
608	861
609	334
609	465
609	545
609	564
609	587
609	595
609	613
609	619
609	627
609	628
609	659
609	694
609	696
609	722
609	751
609	753
610	23
610	492
610	607
610	608
610	670
610	693
610	694
610	710
610	729
610	748
610	751
610	753
610	761
610	762
610	763
610	764
611	306
611	561
611	563
611	572
611	627
611	641
611	662
611	701
611	745
611	748
611	752
611	759
611	760
611	761
611	762
611	832
612	145
612	494
612	526
612	636
612	659
612	664
612	667
612	672
612	676
612	678
612	685
612	704
612	710
612	726
612	755
612	765
613	191
613	499
613	541
613	558
613	595
613	598
613	609
613	697
613	713
613	740
613	741
613	744
613	750
613	752
613	759
613	802
614	21
614	448
614	515
614	552
614	588
614	589
614	618
614	633
614	708
614	719
614	724
614	730
614	745
614	750
614	758
614	761
615	436
615	486
615	515
615	569
615	622
615	630
615	674
615	676
615	683
615	697
615	708
615	726
615	737
615	755
615	764
615	765
616	164
616	547
616	626
616	642
616	663
616	664
616	696
616	702
616	707
616	718
616	720
616	739
616	740
616	743
616	750
616	853
617	437
617	493
617	514
617	623
617	651
617	668
617	687
617	689
617	716
617	717
617	734
617	739
617	740
617	747
617	754
617	765
617	966
618	220
618	249
618	512
618	597
618	614
618	649
618	673
618	675
618	680
618	682
618	692
618	698
618	706
618	707
618	725
618	726
618	756
619	427
619	568
619	593
619	609
619	630
619	666
619	684
619	708
619	710
619	713
619	717
619	734
619	739
619	746
619	749
619	763
619	765
620	163
620	496
620	505
620	543
620	573
620	600
620	608
620	662
620	663
620	670
620	716
620	721
620	739
620	741
620	754
620	758
620	970
621	178
621	513
621	526
621	564
621	590
621	591
621	626
621	645
621	657
621	669
621	689
621	721
621	729
621	749
621	750
621	753
621	987
622	499
622	514
622	608
622	615
622	637
622	640
622	656
622	659
622	676
622	681
622	684
622	705
622	727
622	755
622	759
622	761
622	990
623	349
623	518
623	519
623	593
623	617
623	631
623	637
623	647
623	666
623	711
623	718
623	729
623	732
623	739
623	746
623	747
623	754
624	537
624	634
624	660
624	681
624	685
624	690
624	704
624	706
624	716
624	732
624	734
624	739
624	747
624	749
624	765
624	968
624	987
625	436
625	487
625	555
625	562
625	627
625	640
625	669
625	670
625	676
625	693
625	713
625	718
625	730
625	751
625	757
625	761
625	976
626	153
626	353
626	540
626	592
626	616
626	621
626	629
626	634
626	647
626	653
626	696
626	718
626	733
626	740
626	743
626	753
626	756
627	304
627	367
627	496
627	523
627	567
627	595
627	609
627	611
627	625
627	664
627	690
627	709
627	717
627	746
627	748
627	757
627	760
628	28
628	492
628	507
628	513
628	518
628	545
628	565
628	566
628	567
628	609
628	657
628	668
628	671
628	673
628	689
628	751
628	753
629	88
629	597
629	626
629	636
629	664
629	673
629	679
629	696
629	699
629	712
629	718
629	722
629	735
629	742
629	743
629	744
629	840
630	490
630	566
630	578
630	584
630	601
630	615
630	619
630	667
630	685
630	711
630	726
630	734
630	739
630	741
630	752
630	756
630	838
631	457
631	517
631	581
631	623
631	657
631	660
631	666
631	695
631	717
631	724
631	739
631	740
631	741
631	748
631	754
631	756
631	763
631	976
632	161
632	187
632	490
632	528
632	546
632	602
632	649
632	650
632	661
632	679
632	703
632	704
632	706
632	707
632	737
632	746
632	753
632	756
633	106
633	478
633	543
633	614
633	652
633	654
633	664
633	677
633	695
633	705
633	715
633	716
633	730
633	731
633	742
633	752
633	762
633	857
634	166
634	481
634	482
634	508
634	533
634	571
634	597
634	624
634	626
634	663
634	665
634	683
634	718
634	726
634	730
634	732
634	735
634	842
635	172
635	519
635	525
635	551
635	582
635	583
635	661
635	662
635	688
635	692
635	702
635	708
635	722
635	726
635	729
635	739
635	755
635	765
636	53
636	491
636	525
636	527
636	548
636	551
636	583
636	603
636	612
636	629
636	661
636	701
636	702
636	704
636	726
636	727
636	753
636	823
637	205
637	519
637	527
637	551
637	570
637	622
637	623
637	656
637	660
637	673
637	679
637	681
637	708
637	711
637	755
637	759
637	765
637	892
638	247
638	336
638	526
638	534
638	588
638	641
638	642
638	653
638	686
638	688
638	695
638	703
638	720
638	736
638	741
638	748
638	752
638	759
639	485
639	501
639	545
639	575
639	608
639	649
639	652
639	655
639	660
639	681
639	685
639	688
639	732
639	741
639	749
639	763
639	862
639	937
640	437
640	523
640	560
640	582
640	589
640	598
640	605
640	622
640	625
640	669
640	672
640	687
640	689
640	711
640	721
640	753
640	765
640	995
641	159
641	486
641	539
641	576
641	611
641	638
641	671
641	680
641	690
641	706
641	709
641	711
641	734
641	744
641	746
641	752
641	759
641	761
642	252
642	361
642	497
642	503
642	546
642	574
642	596
642	597
642	616
642	638
642	682
642	683
642	721
642	722
642	735
642	741
642	743
642	765
643	340
643	485
643	493
643	557
643	573
643	598
643	657
643	658
643	662
643	680
643	719
643	728
643	734
643	743
643	747
643	754
643	762
643	763
643	894
644	173
644	510
644	530
644	532
644	548
644	588
644	645
644	684
644	686
644	688
644	695
644	703
644	708
644	709
644	723
644	744
644	748
644	755
644	906
645	344
645	506
645	531
645	556
645	621
645	644
645	652
645	667
645	669
645	674
645	694
645	701
645	710
645	729
645	731
645	753
645	757
645	761
645	818
646	331
646	380
646	481
646	499
646	519
646	527
646	538
646	547
646	583
646	656
646	666
646	684
646	702
646	704
646	708
646	727
646	755
646	757
646	765
647	93
647	322
647	528
647	536
647	539
647	552
647	581
647	585
647	596
647	623
647	626
647	660
647	684
647	695
647	705
647	720
647	728
647	745
647	753
648	132
648	479
648	481
648	521
648	532
648	538
648	585
648	658
648	688
648	692
648	707
648	714
648	718
648	724
648	726
648	745
648	756
648	757
648	882
649	310
649	351
649	520
649	521
649	544
649	546
649	550
649	601
649	603
649	618
649	632
649	639
649	672
649	693
649	725
649	742
649	743
649	750
649	753
650	508
650	535
650	540
650	583
650	632
650	658
650	669
650	679
650	692
650	694
650	696
650	699
650	703
650	705
650	713
650	725
650	746
650	753
650	842
651	318
651	482
651	530
651	546
651	555
651	592
651	607
651	617
651	653
651	664
651	670
651	712
651	722
651	733
651	738
651	743
651	748
651	755
651	836
652	127
652	477
652	497
652	633
652	639
652	645
652	657
652	671
652	675
652	682
652	689
652	691
652	693
652	701
652	710
652	712
652	720
652	753
652	760
653	175
653	483
653	488
653	510
653	539
653	577
653	589
653	626
653	638
653	651
653	663
653	664
653	699
653	729
653	735
653	737
653	743
653	764
653	990
654	340
654	382
654	489
654	563
654	564
654	578
654	581
654	633
654	659
654	712
654	717
654	718
654	727
654	730
654	731
654	742
654	756
654	758
654	762
655	442
655	495
655	516
655	573
655	574
655	586
655	604
655	639
655	670
655	671
655	717
655	732
655	734
655	735
655	738
655	747
655	754
655	762
655	787
656	9
656	303
656	486
656	489
656	522
656	525
656	584
656	588
656	606
656	622
656	637
656	646
656	674
656	678
656	687
656	700
656	702
656	709
656	750
656	765
657	103
657	167
657	506
657	584
657	621
657	628
657	631
657	643
657	652
657	660
657	705
657	706
657	714
657	716
657	732
657	739
657	741
657	751
657	754
657	764
658	500
658	517
658	532
658	544
658	545
658	578
658	643
658	648
658	650
658	675
658	679
658	685
658	691
658	703
658	742
658	746
658	754
658	756
658	774
658	946
659	213
659	229
659	486
659	511
659	561
659	590
659	609
659	612
659	622
659	654
659	674
659	676
659	681
659	688
659	702
659	707
659	709
659	726
659	728
659	765
660	511
660	584
660	590
660	624
660	631
660	637
660	639
660	647
660	657
660	677
660	703
660	711
660	721
660	731
660	732
660	749
660	763
660	764
660	959
660	986
661	256
661	499
661	511
661	520
661	552
661	554
661	568
661	580
661	582
661	632
661	635
661	636
661	670
661	678
661	681
661	702
661	743
661	755
661	765
661	876
662	347
662	494
662	504
662	556
662	557
662	574
662	579
662	585
662	611
662	620
662	635
662	643
662	669
662	711
662	741
662	747
662	749
662	751
662	764
662	838
663	135
663	493
663	530
663	563
663	597
663	616
663	620
663	634
663	653
663	699
663	718
663	719
663	722
663	727
663	729
663	733
663	734
663	743
663	762
663	855
664	66
664	518
664	521
664	568
664	574
664	589
664	612
664	616
664	627
664	629
664	633
664	651
664	653
664	683
664	697
664	699
664	718
664	722
664	725
664	735
664	925
665	488
665	497
665	503
665	522
665	534
665	546
665	576
665	634
665	674
665	695
665	696
665	699
665	702
665	714
665	718
665	722
665	735
665	743
665	765
665	790
665	898
666	202
666	315
666	508
666	516
666	522
666	529
666	578
666	582
666	619
666	623
666	631
666	646
666	667
666	717
666	719
666	749
666	754
666	759
666	760
666	763
666	765
667	495
667	542
667	557
667	612
667	630
667	645
667	666
667	685
667	686
667	687
667	710
667	711
667	732
667	739
667	740
667	745
667	747
667	759
667	764
667	889
667	917
668	98
668	293
668	509
668	523
668	532
668	567
668	569
668	572
668	579
668	584
668	587
668	604
668	617
668	628
668	669
668	686
668	693
668	703
668	704
668	712
668	713
669	39
669	86
669	482
669	568
669	586
669	587
669	599
669	621
669	625
669	640
669	645
669	650
669	662
669	668
669	694
669	721
669	724
669	737
669	753
669	761
669	763
670	22
670	329
670	544
670	545
670	555
670	557
670	564
670	566
670	567
670	602
670	610
670	620
670	625
670	651
670	655
670	661
670	713
670	721
670	729
670	752
670	753
671	324
671	490
671	509
671	533
671	590
671	628
671	641
671	652
671	655
671	701
671	703
671	705
671	712
671	727
671	728
671	730
671	731
671	745
671	758
671	760
671	762
671	848
672	377
672	521
672	535
672	551
672	558
672	575
672	602
672	612
672	640
672	649
672	673
672	674
672	680
672	681
672	707
672	725
672	735
672	736
672	744
672	750
672	756
672	931
673	477
673	512
673	564
673	569
673	575
673	603
673	618
673	628
673	629
673	637
673	672
673	725
673	734
673	737
673	742
673	746
673	750
673	756
673	758
673	759
673	761
673	928
674	238
674	494
674	538
674	560
674	564
674	570
674	583
674	615
674	645
674	656
674	659
674	665
674	672
674	678
674	688
674	704
674	708
674	721
674	727
674	744
674	755
674	999
675	50
675	491
675	526
675	559
675	564
675	579
675	586
675	618
675	652
675	658
675	694
675	701
675	702
675	705
675	710
675	713
675	744
675	751
675	753
675	756
675	765
675	995
676	470
676	534
676	538
676	553
676	587
676	612
676	615
676	622
676	625
676	659
676	678
676	687
676	697
676	704
676	708
676	726
676	735
676	743
676	755
676	761
676	765
676	880
677	155
677	323
677	479
677	531
677	533
677	535
677	552
677	563
677	581
677	594
677	633
677	660
677	691
677	692
677	724
677	728
677	730
677	731
677	733
677	736
677	758
677	762
678	201
678	479
678	502
678	504
678	538
678	583
678	612
678	656
678	661
678	674
678	676
678	702
678	708
678	714
678	726
678	744
678	745
678	752
678	755
678	760
678	763
678	765
678	953
679	207
679	493
679	503
679	542
679	596
679	629
679	632
679	637
679	650
679	658
679	680
679	682
679	703
679	708
679	725
679	732
679	735
679	743
679	746
679	750
679	755
679	756
679	998
680	151
680	476
680	493
680	517
680	541
680	579
680	618
680	641
680	643
680	672
680	679
680	682
680	691
680	692
680	695
680	707
680	711
680	725
680	735
680	737
680	742
680	746
680	764
681	223
681	272
681	312
681	514
681	515
681	549
681	550
681	592
681	622
681	624
681	637
681	639
681	659
681	661
681	672
681	702
681	711
681	726
681	740
681	755
681	758
681	759
681	765
682	311
682	535
682	540
682	544
682	579
682	607
682	618
682	642
682	652
682	679
682	680
682	707
682	709
682	725
682	728
682	730
682	731
682	737
682	742
682	750
682	755
682	757
682	902
683	298
683	471
683	515
683	537
683	547
683	574
683	577
683	606
683	607
683	615
683	634
683	642
683	664
683	693
683	696
683	714
683	718
683	722
683	733
683	735
683	743
683	751
683	760
684	253
684	517
684	565
684	596
684	598
684	619
684	622
684	644
684	646
684	647
684	691
684	700
684	709
684	727
684	738
684	740
684	748
684	754
684	759
684	760
684	761
684	909
684	981
685	383
685	485
685	486
685	513
685	547
685	573
685	581
685	593
685	612
685	624
685	630
685	639
685	658
685	667
685	687
685	723
685	739
685	741
685	744
685	762
685	763
685	764
685	988
686	129
686	177
686	453
686	498
686	519
686	533
686	543
686	547
686	555
686	560
686	561
686	565
686	591
686	638
686	644
686	667
686	668
686	698
686	700
686	723
686	729
686	744
686	749
687	396
687	511
687	516
687	524
687	554
687	594
687	617
687	640
687	656
687	667
687	676
687	685
687	717
687	724
687	729
687	732
687	741
687	743
687	747
687	749
687	754
687	764
687	968
688	40
688	81
688	456
688	484
688	493
688	548
688	588
688	635
688	638
688	639
688	644
688	648
688	659
688	674
688	700
688	702
688	709
688	723
688	746
688	750
688	752
688	760
688	761
689	167
689	273
689	326
689	488
689	492
689	526
689	570
689	617
689	621
689	628
689	640
689	652
689	693
689	713
689	715
689	717
689	721
689	729
689	736
689	744
689	751
689	753
689	758
690	42
690	185
690	231
690	504
690	506
690	517
690	518
690	521
690	540
690	557
690	581
690	624
690	627
690	641
690	700
690	715
690	719
690	721
690	736
690	740
690	748
690	759
690	760
690	761
691	105
691	280
691	300
691	500
691	509
691	526
691	531
691	582
691	586
691	652
691	658
691	677
691	680
691	684
691	694
691	710
691	712
691	718
691	721
691	729
691	747
691	751
691	756
691	763
692	476
692	508
692	516
692	527
692	550
692	602
692	618
692	635
692	648
692	650
692	677
692	680
692	698
692	710
692	723
692	725
692	729
692	737
692	746
692	750
692	754
692	755
692	756
692	856
693	512
693	513
693	523
693	545
693	582
693	587
693	590
693	594
693	610
693	625
693	649
693	652
693	668
693	683
693	689
693	694
693	698
693	708
693	721
693	722
693	751
693	753
693	876
693	998
694	324
694	515
694	566
694	581
694	604
694	609
694	610
694	645
694	650
694	669
694	675
694	691
694	693
694	710
694	713
694	714
694	743
694	746
694	750
694	751
694	753
694	755
694	948
694	972
695	417
695	490
695	513
695	539
695	550
695	596
695	631
695	633
695	638
695	644
695	647
695	665
695	680
695	705
695	709
695	715
695	719
695	721
695	728
695	730
695	731
695	752
695	757
695	891
695	901
696	501
696	510
696	523
696	607
696	609
696	616
696	626
696	629
696	650
696	665
696	683
696	699
696	704
696	722
696	728
696	733
696	735
696	741
696	743
696	745
696	755
696	763
696	849
696	906
696	963
697	69
697	196
697	484
697	495
697	502
697	537
697	545
697	592
697	613
697	615
697	664
697	676
697	726
697	736
697	740
697	744
697	745
697	748
697	753
697	757
697	759
697	760
697	761
697	763
697	980
698	90
698	410
698	512
698	514
698	520
698	528
698	565
698	582
698	588
698	598
698	618
698	686
698	692
698	693
698	705
698	706
698	723
698	735
698	736
698	747
698	748
698	752
698	757
698	761
698	830
699	214
699	479
699	510
699	530
699	533
699	570
699	607
699	629
699	650
699	653
699	663
699	664
699	665
699	696
699	711
699	722
699	733
699	735
699	743
699	747
699	750
699	757
699	759
699	763
699	792
700	275
700	301
700	478
700	502
700	528
700	557
700	558
700	565
700	571
700	656
700	684
700	686
700	688
700	690
700	701
700	713
700	718
700	734
700	736
700	756
700	757
700	758
700	759
700	760
700	973
701	137
701	478
701	492
701	531
701	538
701	550
701	560
701	566
701	575
701	579
701	593
701	599
701	611
701	636
701	645
701	652
701	671
701	675
701	700
701	710
701	713
701	721
701	731
701	751
701	753
701	885
702	299
702	519
702	538
702	549
702	608
702	616
702	635
702	636
702	646
702	656
702	659
702	661
702	665
702	675
702	678
702	681
702	688
702	704
702	717
702	726
702	727
702	737
702	751
702	760
702	765
702	865
703	5
703	52
703	481
703	493
703	507
703	510
703	520
703	532
703	535
703	541
703	595
703	632
703	638
703	644
703	650
703	658
703	660
703	668
703	671
703	679
703	719
703	742
703	746
703	756
703	763
703	874
704	464
704	499
704	514
704	516
704	522
704	524
704	525
704	549
704	550
704	577
704	580
704	612
704	624
704	632
704	636
704	646
704	668
704	674
704	676
704	696
704	702
704	713
704	726
704	749
704	765
704	996
705	413
705	533
705	548
705	578
705	590
705	593
705	605
705	622
705	633
705	647
705	650
705	657
705	671
705	675
705	695
705	698
705	709
705	715
705	720
705	727
705	728
705	733
705	745
705	757
705	765
705	947
706	27
706	498
706	534
706	541
706	551
706	569
706	579
706	583
706	591
706	618
706	624
706	632
706	641
706	657
706	698
706	709
706	719
706	723
706	739
706	748
706	752
706	759
706	760
706	761
706	764
706	989
707	241
707	412
707	492
707	514
707	525
707	541
707	544
707	550
707	569
707	585
707	603
707	616
707	618
707	632
707	648
707	659
707	672
707	680
707	682
707	712
707	713
707	725
707	727
707	740
707	741
707	750
707	808
708	452
708	511
708	549
708	570
708	574
708	581
708	614
708	615
708	619
708	635
708	637
708	644
708	646
708	674
708	676
708	678
708	679
708	693
708	726
708	730
708	741
708	755
708	761
708	762
708	765
708	829
708	942
709	81
709	470
709	528
709	556
709	606
709	627
709	641
709	644
709	656
709	659
709	682
709	684
709	688
709	695
709	705
709	706
709	712
709	723
709	736
709	737
709	744
709	754
709	757
709	759
709	760
709	761
709	923
710	108
710	348
710	526
710	535
710	539
710	545
710	562
710	566
710	610
710	612
710	619
710	645
710	652
710	667
710	675
710	691
710	692
710	694
710	701
710	713
710	733
710	742
710	751
710	753
710	754
710	757
710	764
710	776
711	178
711	475
711	485
711	505
711	507
711	523
711	554
711	568
711	584
711	585
711	587
711	592
711	593
711	623
711	630
711	637
711	640
711	641
711	660
711	662
711	667
711	680
711	681
711	699
711	739
711	741
711	750
711	764
712	150
712	509
712	545
712	555
712	564
712	566
712	567
712	572
712	575
712	587
712	629
712	651
712	652
712	654
712	668
712	671
712	691
712	707
712	709
712	715
712	721
712	729
712	730
712	732
712	741
712	751
712	754
712	908
713	18
713	116
713	509
713	555
713	560
713	571
713	572
713	576
713	613
713	619
713	625
713	650
713	668
713	670
713	675
713	689
713	694
713	700
713	701
713	704
713	707
713	710
713	716
713	721
713	726
713	729
713	731
713	751
714	260
714	313
714	447
714	539
714	540
714	552
714	578
714	589
714	603
714	605
714	606
714	648
714	657
714	665
714	678
714	683
714	694
714	715
714	719
714	727
714	729
714	731
714	738
714	745
714	758
714	759
714	760
714	762
715	88
715	435
715	520
715	536
715	539
715	544
715	564
715	583
715	591
715	600
715	604
715	608
715	633
715	689
715	690
715	695
715	705
715	712
715	714
715	717
715	719
715	721
715	727
715	731
715	733
715	738
715	758
715	762
715	940
716	47
716	420
716	537
716	542
716	554
716	559
716	568
716	574
716	576
716	595
716	603
716	617
716	620
716	624
716	633
716	657
716	713
716	717
716	724
716	726
716	728
716	732
716	734
716	749
716	755
716	757
716	762
716	763
716	764
717	379
717	464
717	483
717	529
717	568
717	582
717	586
717	593
717	598
717	617
717	619
717	627
717	631
717	654
717	655
717	666
717	687
717	689
717	702
717	715
717	716
717	734
717	737
717	741
717	742
717	747
717	763
717	764
717	986
718	114
718	180
718	407
718	489
718	500
718	510
718	521
718	525
718	546
718	572
718	577
718	580
718	616
718	623
718	625
718	626
718	629
718	634
718	648
718	654
718	663
718	664
718	665
718	683
718	691
718	700
718	722
718	733
718	735
718	743
719	62
719	498
719	511
719	519
719	520
719	551
719	552
719	576
719	581
719	594
719	596
719	614
719	643
719	663
719	666
719	690
719	695
719	703
719	706
719	714
719	715
719	720
719	724
719	728
719	738
719	745
719	751
719	752
719	900
719	964
720	66
720	214
720	326
720	489
720	490
720	508
720	513
720	518
720	520
720	522
720	546
720	563
720	569
720	596
720	616
720	638
720	647
720	652
720	705
720	719
720	724
720	728
720	730
720	731
720	733
720	745
720	750
720	760
720	762
720	763
721	475
721	492
721	529
721	531
721	572
721	620
721	621
721	640
721	642
721	660
721	669
721	670
721	674
721	689
721	690
721	691
721	693
721	695
721	701
721	712
721	713
721	715
721	729
721	733
721	739
721	749
721	753
721	760
721	862
721	992
722	178
722	497
722	503
722	530
722	542
722	544
722	549
722	560
722	571
722	591
722	597
722	607
722	609
722	629
722	635
722	642
722	651
722	663
722	664
722	665
722	683
722	693
722	696
722	699
722	718
722	726
722	727
722	744
722	762
722	873
722	961
723	121
723	183
723	484
723	500
723	558
723	577
723	592
723	600
723	601
723	607
723	644
723	685
723	686
723	688
723	692
723	698
723	706
723	709
723	726
723	731
723	735
723	741
723	744
723	748
723	752
723	757
723	758
723	759
723	761
723	765
723	850
724	99
724	182
724	335
724	483
724	524
724	576
724	578
724	596
724	605
724	606
724	614
724	631
724	648
724	669
724	677
724	687
724	716
724	719
724	720
724	728
724	730
724	734
724	739
724	745
724	752
724	753
724	754
724	755
724	758
724	762
724	763
725	409
725	443
725	458
725	483
725	493
725	551
725	561
725	568
725	570
725	573
725	603
725	618
725	649
725	650
725	664
725	672
725	673
725	679
725	680
725	682
725	692
725	707
725	731
725	737
725	742
725	745
725	746
725	752
725	756
725	763
725	764
726	82
726	341
726	489
726	491
726	494
726	522
726	580
726	608
726	612
726	615
726	618
726	630
726	634
726	635
726	636
726	648
726	659
726	676
726	678
726	681
726	697
726	702
726	704
726	708
726	713
726	716
726	722
726	723
726	755
726	759
726	976
727	402
727	480
727	483
727	533
727	542
727	544
727	576
727	581
727	600
727	604
727	622
727	636
727	646
727	654
727	663
727	671
727	674
727	684
727	702
727	705
727	707
727	714
727	715
727	722
727	730
727	742
727	745
727	756
727	758
727	762
727	885
727	961
728	34
728	291
728	457
728	482
728	489
728	495
728	527
728	535
728	536
728	562
728	576
728	604
728	643
728	647
728	659
728	671
728	677
728	682
728	695
728	696
728	705
728	716
728	719
728	720
728	724
728	735
728	736
728	741
728	745
728	755
728	758
728	835
729	135
729	278
729	341
729	523
729	553
729	562
729	564
729	566
729	587
729	610
729	621
729	623
729	635
729	645
729	653
729	663
729	670
729	686
729	687
729	689
729	691
729	692
729	712
729	713
729	714
729	721
729	731
729	736
729	751
729	753
729	759
729	782
730	442
730	480
730	529
730	533
730	534
730	536
730	566
730	578
730	581
730	584
730	588
730	596
730	599
730	604
730	614
730	625
730	633
730	634
730	654
730	671
730	677
730	682
730	695
730	708
730	712
730	720
730	724
730	727
730	757
730	810
730	930
730	1000
731	490
731	513
731	520
731	524
731	527
731	536
731	538
731	600
731	605
731	633
731	645
731	654
731	660
731	671
731	677
731	682
731	695
731	701
731	713
731	714
731	715
731	720
731	723
731	725
731	729
731	751
731	758
731	759
731	760
731	762
731	764
731	770
731	989
731	1000
732	297
732	498
732	518
732	537
732	549
732	554
732	568
732	575
732	580
732	597
732	623
732	624
732	634
732	639
732	655
732	657
732	660
732	667
732	679
732	687
732	712
732	716
732	738
732	739
732	740
732	745
732	749
732	752
732	754
732	758
732	763
732	764
732	847
732	962
733	208
733	482
733	488
733	497
733	503
733	510
733	518
733	547
733	556
733	571
733	577
733	595
733	600
733	606
733	626
733	651
733	663
733	677
733	683
733	696
733	699
733	705
733	710
733	715
733	718
733	720
733	721
733	735
733	743
733	746
733	753
733	756
733	758
733	931
733	964
734	157
734	466
734	522
734	542
734	554
734	562
734	563
734	593
734	599
734	604
734	617
734	619
734	624
734	630
734	641
734	643
734	655
734	663
734	673
734	700
734	716
734	717
734	724
734	736
734	739
734	740
734	741
734	743
734	747
734	749
734	750
734	753
734	754
734	760
734	764
734	863
735	310
735	331
735	474
735	482
735	486
735	488
735	494
735	497
735	515
735	518
735	546
735	555
735	597
735	599
735	629
735	634
735	642
735	653
735	655
735	664
735	665
735	672
735	676
735	679
735	680
735	683
735	696
735	698
735	699
735	718
735	723
735	728
735	733
735	743
735	757
735	933
736	80
736	175
736	386
736	481
736	484
736	498
736	503
736	504
736	505
736	526
736	528
736	558
736	560
736	569
736	587
736	591
736	638
736	672
736	677
736	689
736	690
736	697
736	698
736	700
736	709
736	728
736	729
736	734
736	740
736	743
736	744
736	752
736	757
736	759
736	764
736	952
737	136
737	240
737	479
737	481
737	494
737	500
737	507
737	512
737	528
737	530
737	532
737	540
737	541
737	561
737	575
737	594
737	615
737	632
737	653
737	669
737	673
737	680
737	682
737	692
737	702
737	709
737	717
737	725
737	742
737	744
737	746
737	747
737	753
737	754
737	756
737	946
738	41
738	133
738	156
738	463
738	480
738	483
738	484
738	496
738	501
738	503
738	513
738	520
738	527
738	553
738	563
738	576
738	578
738	583
738	589
738	594
738	602
738	604
738	606
738	651
738	655
738	684
738	714
738	715
738	719
738	732
738	741
738	751
738	755
738	757
738	758
738	759
738	762
739	76
739	110
739	326
739	492
739	509
739	540
739	541
739	555
739	558
739	560
739	601
739	616
739	617
739	619
739	620
739	623
739	624
739	630
739	631
739	635
739	657
739	667
739	685
739	706
739	711
739	721
739	724
739	732
739	734
739	741
739	746
739	747
739	749
739	751
739	754
739	764
739	765
740	33
740	297
740	496
740	504
740	510
740	525
740	543
740	548
740	558
740	561
740	569
740	588
740	598
740	601
740	606
740	607
740	613
740	616
740	617
740	626
740	631
740	667
740	681
740	684
740	690
740	697
740	707
740	732
740	734
740	736
740	744
740	748
740	753
740	757
740	759
740	761
740	990
740	991
741	116
741	488
741	505
741	557
741	558
741	579
741	599
741	607
741	613
741	620
741	630
741	631
741	638
741	639
741	642
741	657
741	662
741	685
741	687
741	696
741	707
741	708
741	711
741	712
741	717
741	723
741	728
741	734
741	738
741	739
741	747
741	751
741	754
741	763
741	764
741	771
741	883
741	981
742	395
742	431
742	497
742	500
742	507
742	517
742	521
742	540
742	544
742	553
742	561
742	575
742	585
742	586
742	602
742	603
742	629
742	633
742	649
742	654
742	658
742	673
742	680
742	682
742	703
742	710
742	717
742	725
742	727
742	737
742	743
742	746
742	756
742	759
742	760
742	761
742	765
742	979
743	32
743	405
743	474
743	487
743	504
743	510
743	546
743	547
743	564
743	577
743	605
743	607
743	616
743	626
743	629
743	642
743	643
743	649
743	651
743	653
743	661
743	663
743	665
743	676
743	679
743	683
743	687
743	694
743	696
743	699
743	718
743	733
743	734
743	735
743	736
743	742
743	744
743	816
744	182
744	498
744	501
744	502
744	509
744	559
744	575
744	591
744	592
744	595
744	613
744	629
744	641
744	644
744	672
744	674
744	675
744	678
744	685
744	686
744	689
744	697
744	709
744	722
744	723
744	736
744	737
744	740
744	743
744	749
744	752
744	754
744	757
744	758
744	759
744	760
744	762
744	823
744	849
745	168
745	483
745	484
745	489
745	490
745	495
745	502
745	511
745	553
745	563
745	594
745	595
745	600
745	606
745	611
745	614
745	647
745	648
745	667
745	671
745	678
745	696
745	697
745	705
745	714
745	719
745	720
745	724
745	725
745	727
745	728
745	732
745	746
745	747
745	754
745	758
745	792
745	867
745	928
746	176
746	288
746	440
746	479
746	507
746	512
746	525
746	550
746	555
746	575
746	593
746	596
746	599
746	602
746	619
746	623
746	627
746	632
746	641
746	650
746	658
746	673
746	679
746	680
746	688
746	692
746	694
746	703
746	725
746	733
746	737
746	739
746	742
746	745
746	750
746	751
746	756
746	763
746	784
747	10
747	172
747	481
747	498
747	529
747	536
747	552
747	556
747	572
747	573
747	574
747	584
747	599
747	602
747	617
747	623
747	624
747	643
747	655
747	662
747	667
747	687
747	691
747	698
747	699
747	717
747	734
747	737
747	739
747	741
747	745
747	749
747	750
747	751
747	752
747	754
747	756
747	762
747	917
747	992
748	11
748	138
748	478
748	483
748	487
748	506
748	517
748	524
748	532
748	535
748	557
748	567
748	568
748	581
748	584
748	589
748	591
748	600
748	608
748	610
748	611
748	627
748	631
748	638
748	644
748	651
748	684
748	690
748	697
748	698
748	706
748	723
748	740
748	752
748	754
748	757
748	759
748	760
748	953
748	972
749	29
749	64
749	149
749	490
749	503
749	507
749	509
749	516
749	529
749	542
749	545
749	556
749	576
749	589
749	599
749	600
749	601
749	619
749	621
749	624
749	639
749	660
749	662
749	666
749	686
749	687
749	704
749	716
749	721
749	732
749	734
749	739
749	744
749	747
749	754
749	758
749	759
749	761
749	763
749	764
749	939
750	216
750	321
750	344
750	389
750	479
750	480
750	481
750	487
750	492
750	493
750	500
750	508
750	521
750	529
750	540
750	550
750	575
750	585
750	602
750	607
750	613
750	614
750	616
750	621
750	649
750	656
750	672
750	673
750	679
750	682
750	688
750	692
750	694
750	699
750	707
750	711
750	720
750	734
750	746
750	747
750	756
751	471
751	480
751	509
751	521
751	545
751	555
751	562
751	579
751	586
751	597
751	600
751	609
751	610
751	625
751	628
751	657
751	662
751	675
751	683
751	689
751	691
751	693
751	694
751	701
751	702
751	710
751	712
751	713
751	719
751	729
751	731
751	738
751	739
751	741
751	746
751	747
751	753
751	755
751	936
751	938
751	966
752	406
752	448
752	479
752	484
752	485
752	487
752	505
752	508
752	534
752	554
752	556
752	559
752	590
752	592
752	598
752	611
752	613
752	630
752	633
752	638
752	641
752	670
752	678
752	688
752	695
752	698
752	706
752	719
752	723
752	724
752	725
752	732
752	736
752	744
752	747
752	748
752	757
752	759
752	760
752	761
752	819
752	910
753	237
753	339
753	355
753	385
753	523
753	526
753	550
753	562
753	567
753	604
753	609
753	610
753	621
753	626
753	628
753	632
753	636
753	640
753	645
753	647
753	649
753	650
753	652
753	669
753	670
753	675
753	689
753	693
753	694
753	697
753	701
753	710
753	721
753	724
753	729
753	733
753	734
753	737
753	740
753	751
753	759
753	760
753	778
754	92
754	408
754	411
754	451
754	490
754	499
754	504
754	505
754	516
754	556
754	562
754	565
754	570
754	608
754	617
754	620
754	623
754	631
754	643
754	655
754	657
754	658
754	666
754	684
754	687
754	692
754	709
754	710
754	712
754	724
754	732
754	734
754	737
754	739
754	741
754	744
754	745
754	747
754	748
754	749
754	760
754	763
754	764
755	155
755	166
755	177
755	456
755	486
755	488
755	510
755	511
755	515
755	519
755	522
755	546
755	549
755	570
755	580
755	612
755	615
755	622
755	635
755	637
755	644
755	646
755	651
755	661
755	674
755	676
755	678
755	679
755	681
755	682
755	692
755	694
755	696
755	708
755	716
755	724
755	726
755	728
755	738
755	751
755	757
755	762
755	764
755	765
756	16
756	154
756	340
756	479
756	481
756	495
756	500
756	508
756	531
756	532
756	533
756	540
756	541
756	543
756	563
756	572
756	585
756	591
756	601
756	602
756	603
756	605
756	618
756	626
756	630
756	631
756	632
756	648
756	654
756	658
756	672
756	673
756	675
756	679
756	691
756	692
756	700
756	703
756	725
756	727
756	733
756	737
756	742
756	746
756	747
756	750
756	831
757	131
757	175
757	449
757	496
757	504
757	506
757	516
757	538
757	543
757	552
757	561
757	565
757	569
757	571
757	573
757	588
757	595
757	625
757	627
757	645
757	646
757	648
757	682
757	695
757	697
757	698
757	699
757	700
757	705
757	709
757	710
757	716
757	723
757	730
757	735
757	736
757	738
757	740
757	744
757	748
757	752
757	755
757	759
757	760
757	761
757	954
757	995
758	308
758	317
758	485
758	488
758	491
758	495
758	513
758	524
758	527
758	536
758	539
758	548
758	549
758	552
758	565
758	581
758	584
758	586
758	589
758	594
758	600
758	614
758	620
758	654
758	671
758	673
758	677
758	681
758	689
758	700
758	714
758	715
758	723
758	724
758	727
758	728
758	731
758	732
758	733
758	738
758	744
758	745
758	749
758	762
758	763
758	887
758	960
759	93
759	155
759	368
759	487
759	491
759	561
759	565
759	578
759	580
759	585
759	591
759	592
759	611
759	613
759	622
759	637
759	638
759	641
759	666
759	667
759	673
759	681
759	684
759	690
759	697
759	699
759	700
759	706
759	709
759	714
759	723
759	726
759	729
759	731
759	736
759	738
759	740
759	742
759	744
759	748
759	749
759	752
759	753
759	757
759	760
759	761
759	844
759	935
760	56
760	182
760	440
760	478
760	487
760	497
760	502
760	504
760	506
760	523
760	543
760	548
760	559
760	569
760	593
760	598
760	611
760	627
760	652
760	666
760	671
760	678
760	683
760	684
760	688
760	690
760	697
760	700
760	702
760	706
760	709
760	714
760	720
760	721
760	731
760	734
760	742
760	744
760	748
760	752
760	753
760	754
760	757
760	759
760	761
760	764
760	765
760	822
761	94
761	323
761	332
761	478
761	480
761	496
761	498
761	531
761	554
761	556
761	558
761	559
761	569
761	572
761	575
761	588
761	590
761	595
761	598
761	604
761	610
761	611
761	614
761	622
761	625
761	641
761	645
761	669
761	673
761	676
761	684
761	688
761	690
761	697
761	698
761	706
761	708
761	709
761	723
761	740
761	742
761	749
761	752
761	757
761	759
761	760
761	834
761	940
762	168
762	307
762	325
762	338
762	468
762	480
762	505
762	520
762	524
762	527
762	539
762	547
762	571
762	578
762	582
762	586
762	589
762	590
762	591
762	594
762	596
762	600
762	604
762	610
762	611
762	633
762	643
762	654
762	655
762	663
762	671
762	677
762	685
762	708
762	714
762	715
762	716
762	720
762	722
762	724
762	727
762	731
762	738
762	744
762	747
762	755
762	758
762	764
763	312
763	334
763	337
763	505
763	530
763	537
763	539
763	542
763	544
763	546
763	556
763	568
763	571
763	573
763	574
763	578
763	584
763	599
763	601
763	608
763	610
763	619
763	631
763	639
763	643
763	660
763	666
763	669
763	678
763	685
763	691
763	696
763	697
763	699
763	703
763	716
763	717
763	720
763	724
763	725
763	732
763	741
763	746
763	749
763	754
763	758
763	764
763	847
763	870
764	234
764	318
764	478
764	519
764	537
764	541
764	542
764	552
764	554
764	556
764	557
764	559
764	567
764	573
764	574
764	599
764	601
764	603
764	610
764	615
764	653
764	657
764	660
764	662
764	667
764	680
764	685
764	687
764	706
764	710
764	711
764	716
764	717
764	725
764	731
764	732
764	734
764	736
764	739
764	741
764	749
764	754
764	755
764	760
764	762
764	763
764	812
764	951
764	978
765	96
765	118
765	210
765	320
765	486
765	494
765	511
765	514
765	515
765	522
765	525
765	540
765	541
765	549
765	551
765	553
765	566
765	577
765	580
765	588
765	597
765	612
765	615
765	617
765	619
765	624
765	635
765	637
765	640
765	642
765	646
765	656
765	659
765	661
765	665
765	666
765	675
765	676
765	678
765	681
765	702
765	704
765	705
765	708
765	723
765	739
765	742
765	755
765	760
765	929
766	239
766	771
766	786
766	849
766	902
766	965
766	974
766	979
766	980
766	993
767	71
767	909
767	949
767	952
767	967
767	976
767	985
767	987
767	995
767	999
768	454
768	776
768	789
768	889
768	917
768	958
768	972
768	988
768	990
768	998
769	546
769	799
769	828
769	861
769	866
769	934
769	942
769	963
769	976
769	995
770	731
770	829
770	875
770	895
770	910
770	935
770	939
770	953
770	963
770	983
771	741
771	766
771	805
771	926
771	928
771	949
771	974
771	981
771	988
771	993
772	55
772	773
772	798
772	841
772	913
772	932
772	937
772	942
772	946
772	993
773	295
773	772
773	803
773	883
773	923
773	947
773	958
773	962
773	970
773	993
774	658
774	830
774	851
774	881
774	888
774	919
774	955
774	981
774	988
774	992
775	344
775	910
775	914
775	981
775	982
775	985
775	989
775	995
775	997
775	998
776	710
776	768
776	801
776	835
776	854
776	876
776	939
776	953
776	978
776	996
777	165
777	796
777	812
777	854
777	860
777	896
777	938
777	943
777	952
777	957
778	753
778	782
778	846
778	855
778	857
778	864
778	894
778	912
778	965
778	980
779	339
779	828
779	830
779	906
779	934
779	936
779	948
779	952
779	963
779	995
780	461
780	878
780	921
780	934
780	948
780	967
780	982
780	987
780	997
780	999
781	537
781	791
781	840
781	866
781	917
781	933
781	952
781	965
781	995
781	999
782	729
782	778
782	849
782	902
782	907
782	926
782	937
782	944
782	969
782	996
783	333
783	788
783	859
783	867
783	878
783	938
783	954
783	975
783	992
783	994
784	746
784	785
784	868
784	876
784	915
784	927
784	963
784	976
784	995
784	997
785	516
785	784
785	879
785	880
785	882
785	902
785	932
785	954
785	978
785	999
786	162
786	766
786	817
786	876
786	879
786	882
786	904
786	940
786	969
786	971
787	655
787	807
787	837
787	843
787	851
787	899
787	907
787	962
787	985
787	988
788	541
788	783
788	857
788	858
788	883
788	904
788	923
788	933
788	968
788	980
788	996
789	333
789	768
789	799
789	822
789	838
789	856
789	879
789	936
789	939
789	950
789	999
790	665
790	794
790	836
790	911
790	918
790	938
790	960
790	971
790	983
790	986
790	997
791	453
791	781
791	861
791	896
791	901
791	903
791	942
791	960
791	994
791	1000
792	699
792	745
792	875
792	929
792	933
792	939
792	958
792	973
792	979
792	982
792	993
793	483
793	867
793	870
793	876
793	885
793	908
793	933
793	967
793	976
793	987
793	997
794	423
794	790
794	843
794	848
794	915
794	918
794	924
794	939
794	957
794	990
794	999
795	179
795	829
795	848
795	884
795	921
795	934
795	961
795	974
795	979
795	987
795	995
796	505
796	777
796	809
796	812
796	845
796	864
796	891
796	903
796	936
796	937
796	986
797	115
797	811
797	820
797	924
797	928
797	940
797	957
797	964
797	965
797	982
797	998
798	338
798	772
798	819
798	859
798	916
798	919
798	923
798	925
798	968
798	993
798	1000
799	356
799	769
799	789
799	844
799	869
799	901
799	902
799	938
799	979
799	982
799	997
800	432
800	803
800	816
800	866
800	872
800	922
800	931
800	948
800	974
800	987
800	995
801	305
801	776
801	869
801	872
801	908
801	929
801	952
801	953
801	958
801	977
801	978
802	467
802	613
802	861
802	865
802	880
802	888
802	928
802	937
802	954
802	972
802	987
803	232
803	773
803	800
803	820
803	821
803	843
803	898
803	931
803	939
803	968
803	1000
804	473
804	912
804	915
804	927
804	928
804	941
804	966
804	980
804	983
804	993
804	1000
805	179
805	771
805	813
805	821
805	825
805	855
805	860
805	919
805	978
805	979
805	989
806	215
806	848
806	858
806	871
806	900
806	903
806	908
806	935
806	944
806	968
806	1000
807	388
807	787
807	856
807	929
807	944
807	953
807	957
807	974
807	979
807	989
807	996
808	707
808	864
808	898
808	903
808	905
808	930
808	972
808	990
808	991
808	997
808	999
809	151
809	796
809	832
809	864
809	895
809	917
809	938
809	971
809	973
809	986
809	999
810	730
810	837
810	844
810	847
810	943
810	974
810	975
810	978
810	982
810	991
810	996
810	1000
811	448
811	797
811	877
811	886
811	975
811	979
811	981
811	982
811	986
811	990
811	995
811	998
812	764
812	777
812	796
812	835
812	888
812	938
812	945
812	954
812	972
812	974
812	979
812	990
813	275
813	805
813	848
813	882
813	884
813	909
813	923
813	933
813	945
813	963
813	976
813	995
814	13
814	818
814	891
814	950
814	953
814	962
814	978
814	982
814	989
814	991
814	996
814	998
815	181
815	848
815	852
815	856
815	860
815	882
815	930
815	948
815	955
815	967
815	992
815	997
816	38
816	743
816	800
816	853
816	861
816	886
816	887
816	926
816	932
816	949
816	978
816	992
817	94
817	786
817	842
817	845
817	879
817	903
817	927
817	941
817	947
817	975
817	978
817	985
818	645
818	814
818	823
818	918
818	921
818	926
818	928
818	930
818	943
818	990
818	995
818	999
819	752
819	798
819	897
819	908
819	949
819	960
819	968
819	980
819	983
819	985
819	993
819	1000
820	179
820	797
820	803
820	837
820	907
820	961
820	970
820	980
820	983
820	984
820	997
820	1000
821	176
821	350
821	803
821	805
821	934
821	936
821	957
821	979
821	980
821	981
821	982
821	989
822	760
822	789
822	866
822	877
822	891
822	905
822	931
822	941
822	956
822	985
822	992
822	999
823	636
823	744
823	818
823	845
823	883
823	890
823	902
823	910
823	954
823	984
823	989
823	999
824	555
824	864
824	931
824	941
824	950
824	961
824	965
824	966
824	981
824	983
824	996
824	1000
825	182
825	805
825	853
825	866
825	884
825	908
825	911
825	951
825	968
825	970
825	978
825	983
826	73
826	858
826	910
826	958
826	979
826	980
826	981
826	986
826	989
826	990
826	993
826	996
827	474
827	877
827	926
827	930
827	945
827	955
827	975
827	980
827	988
827	991
827	992
827	994
828	140
828	769
828	779
828	830
828	899
828	935
828	939
828	953
828	962
828	978
828	981
828	989
828	998
829	134
829	708
829	770
829	795
829	899
829	911
829	912
829	947
829	961
829	982
829	991
829	993
829	1000
830	698
830	774
830	779
830	828
830	915
830	926
830	931
830	940
830	950
830	964
830	974
830	982
830	993
831	756
831	837
831	906
831	909
831	910
831	921
831	928
831	934
831	970
831	978
831	981
831	982
831	996
832	8
832	611
832	809
832	846
832	880
832	893
832	941
832	943
832	962
832	984
832	992
832	995
832	997
833	102
833	900
833	917
833	921
833	922
833	929
833	948
833	956
833	967
833	973
833	976
833	987
833	1000
834	462
834	761
834	837
834	873
834	874
834	893
834	905
834	925
834	965
834	967
834	985
834	990
834	997
835	728
835	776
835	812
835	936
835	942
835	948
835	960
835	977
835	979
835	981
835	989
835	996
835	998
836	651
836	790
836	889
836	918
836	919
836	936
836	938
836	969
836	972
836	980
836	986
836	987
836	997
837	148
837	787
837	810
837	820
837	831
837	834
837	875
837	880
837	957
837	975
837	982
837	986
837	996
838	630
838	662
838	789
838	839
838	843
838	858
838	879
838	890
838	919
838	955
838	996
838	997
838	999
839	540
839	838
839	858
839	883
839	928
839	942
839	951
839	956
839	973
839	984
839	988
839	991
839	992
840	629
840	781
840	853
840	874
840	876
840	884
840	907
840	950
840	952
840	976
840	982
840	987
840	995
841	167
841	375
841	772
841	851
841	853
841	946
841	959
841	969
841	971
841	974
841	981
841	994
841	997
842	634
842	650
842	817
842	845
842	867
842	884
842	957
842	976
842	978
842	981
842	986
842	988
842	996
843	346
843	787
843	794
843	803
843	838
843	858
843	887
843	891
843	937
843	960
843	964
843	978
843	997
843	999
844	759
844	799
844	810
844	902
844	929
844	930
844	935
844	955
844	960
844	970
844	972
844	983
844	990
844	992
845	584
845	796
845	817
845	823
845	842
845	856
845	897
845	913
845	956
845	973
845	984
845	985
845	988
845	994
846	124
846	778
846	832
846	866
846	873
846	888
846	892
846	905
846	907
846	975
846	980
846	988
846	992
846	1000
847	732
847	763
847	810
847	849
847	889
847	920
847	921
847	926
847	929
847	942
847	959
847	970
847	977
847	986
848	434
848	671
848	794
848	795
848	806
848	813
848	815
848	862
848	868
848	870
848	907
848	976
848	987
848	991
849	696
849	744
849	766
849	782
849	847
849	932
849	938
849	944
849	946
849	947
849	966
849	969
849	993
849	994
850	284
850	723
850	879
850	885
850	893
850	912
850	937
850	944
850	949
850	950
850	952
850	993
850	998
850	1000
851	292
851	593
851	774
851	787
851	841
851	890
851	893
851	925
851	933
851	934
851	973
851	985
851	991
851	998
852	80
852	815
852	860
852	880
852	884
852	920
852	923
852	928
852	935
852	936
852	951
852	990
852	995
852	999
853	616
853	816
853	825
853	840
853	841
853	877
853	898
853	926
853	931
853	945
853	969
853	974
853	984
853	993
854	100
854	180
854	776
854	777
854	856
854	857
854	861
854	882
854	905
854	917
854	930
854	961
854	989
854	990
854	997
855	663
855	778
855	805
855	899
855	904
855	909
855	910
855	923
855	932
855	947
855	977
855	982
855	994
855	998
855	999
856	692
856	789
856	807
856	815
856	845
856	854
856	868
856	873
856	878
856	888
856	954
856	975
856	988
856	992
856	998
857	633
857	778
857	788
857	854
857	891
857	894
857	898
857	943
857	956
857	961
857	969
857	970
857	975
857	983
857	1000
858	65
858	788
858	806
858	826
858	838
858	839
858	843
858	870
858	916
858	933
858	951
858	966
858	970
858	977
858	983
859	589
859	783
859	798
859	860
859	877
859	878
859	901
859	906
859	952
859	955
859	973
859	974
859	984
859	991
859	994
860	68
860	130
860	777
860	805
860	815
860	852
860	859
860	864
860	890
860	891
860	912
860	969
860	978
860	979
860	990
861	608
861	769
861	791
861	802
861	816
861	854
861	887
861	914
861	928
861	954
861	964
861	970
861	979
861	990
861	999
862	639
862	721
862	848
862	865
862	868
862	870
862	875
862	883
862	922
862	952
862	958
862	975
862	987
862	994
862	995
863	128
863	734
863	878
863	897
863	930
863	964
863	968
863	970
863	979
863	981
863	986
863	994
863	996
863	998
863	999
864	425
864	778
864	796
864	808
864	809
864	824
864	860
864	887
864	957
864	977
864	983
864	990
864	994
864	997
864	999
865	702
865	802
865	862
865	883
865	919
865	923
865	931
865	939
865	940
865	955
865	957
865	959
865	983
865	986
865	1000
866	203
866	769
866	781
866	800
866	822
866	825
866	846
866	933
866	934
866	953
866	963
866	971
866	984
866	987
866	995
867	745
867	783
867	793
867	842
867	885
867	899
867	904
867	910
867	932
867	957
867	958
867	978
867	981
867	988
867	993
868	172
868	508
868	784
868	848
868	856
868	862
868	887
868	906
868	922
868	938
868	963
868	967
868	987
868	998
868	1000
869	315
869	799
869	801
869	881
869	885
869	886
869	887
869	913
869	915
869	944
869	945
869	950
869	953
869	960
869	971
870	279
870	763
870	793
870	848
870	858
870	862
870	872
870	933
870	945
870	956
870	963
870	964
870	967
870	972
870	989
871	430
871	806
871	888
871	901
871	903
871	922
871	924
871	956
871	959
871	961
871	962
871	973
871	975
871	992
871	999
872	310
872	800
872	801
872	870
872	876
872	884
872	896
872	921
872	933
872	937
872	948
872	963
872	973
872	981
872	992
872	995
873	604
873	722
873	834
873	846
873	856
873	877
873	881
873	882
873	954
873	967
873	975
873	977
873	984
873	985
873	995
873	996
874	184
874	703
874	834
874	840
874	890
874	895
874	901
874	906
874	914
874	925
874	927
874	968
874	971
874	973
874	975
874	996
875	598
875	770
875	792
875	837
875	862
875	897
875	899
875	911
875	916
875	924
875	929
875	934
875	953
875	959
875	964
875	976
876	661
876	693
876	776
876	784
876	786
876	793
876	840
876	872
876	901
876	918
876	934
876	951
876	963
876	976
876	978
876	995
877	237
877	287
877	811
877	822
877	827
877	853
877	859
877	873
877	899
877	927
877	928
877	940
877	965
877	984
877	992
877	994
878	140
878	780
878	783
878	856
878	859
878	863
878	881
878	889
878	894
878	910
878	939
878	942
878	956
878	962
878	982
878	988
879	199
879	594
879	785
879	786
879	789
879	817
879	838
879	850
879	916
879	932
879	946
879	949
879	950
879	974
879	993
879	997
880	140
880	676
880	785
880	802
880	832
880	837
880	852
880	885
880	891
880	905
880	914
880	921
880	924
880	957
880	990
880	991
881	30
881	774
881	869
881	873
881	878
881	903
881	907
881	932
881	946
881	949
881	950
881	969
881	984
881	991
881	994
881	999
882	523
882	648
882	785
882	786
882	813
882	815
882	854
882	873
882	909
882	924
882	929
882	938
882	943
882	954
882	997
882	999
883	741
883	773
883	788
883	823
883	839
883	862
883	865
883	918
883	925
883	951
883	955
883	965
883	966
883	968
883	978
883	980
884	265
884	322
884	795
884	813
884	825
884	840
884	842
884	852
884	872
884	915
884	921
884	922
884	924
884	934
884	952
884	967
884	985
885	701
885	727
885	793
885	850
885	867
885	869
885	880
885	920
885	940
885	945
885	947
885	950
885	954
885	969
885	971
885	974
885	986
886	170
886	306
886	811
886	816
886	869
886	913
886	922
886	937
886	940
886	945
886	967
886	971
886	972
886	973
886	974
886	987
886	991
887	758
887	816
887	843
887	861
887	864
887	868
887	869
887	914
887	915
887	924
887	955
887	972
887	985
887	987
887	990
887	994
887	999
888	221
888	774
888	802
888	812
888	846
888	856
888	871
888	893
888	895
888	920
888	942
888	964
888	967
888	971
888	985
888	991
888	992
889	461
889	667
889	768
889	836
889	847
889	878
889	890
889	900
889	918
889	924
889	931
889	938
889	954
889	960
889	983
889	988
889	997
890	83
890	329
890	823
890	838
890	851
890	860
890	874
890	889
890	900
890	917
890	928
890	930
890	954
890	959
890	972
890	992
890	995
891	91
891	695
891	796
891	814
891	822
891	843
891	857
891	860
891	880
891	892
891	908
891	916
891	955
891	966
891	978
891	997
891	999
892	598
892	637
892	846
892	891
892	899
892	903
892	917
892	928
892	930
892	945
892	954
892	966
892	972
892	990
892	992
892	994
892	997
893	45
893	313
893	832
893	834
893	850
893	851
893	888
893	894
893	925
893	938
893	941
893	948
893	975
893	976
893	977
893	991
893	992
894	161
894	643
894	778
894	857
894	878
894	893
894	900
894	904
894	911
894	917
894	935
894	946
894	966
894	970
894	973
894	980
894	992
895	198
895	770
895	809
895	874
895	888
895	901
895	906
895	911
895	912
895	931
895	935
895	943
895	961
895	965
895	980
895	997
895	1000
896	150
896	557
896	777
896	791
896	872
896	907
896	919
896	927
896	933
896	941
896	943
896	952
896	965
896	975
896	984
896	991
896	994
897	340
897	438
897	819
897	845
897	863
897	875
897	904
897	959
897	968
897	970
897	972
897	981
897	983
897	989
897	996
897	998
897	999
898	518
898	665
898	803
898	808
898	853
898	857
898	902
898	913
898	914
898	915
898	944
898	945
898	964
898	969
898	971
898	974
898	993
899	443
899	597
899	787
899	828
899	829
899	855
899	867
899	875
899	877
899	892
899	909
899	920
899	936
899	945
899	949
899	959
899	981
899	986
900	516
900	719
900	806
900	833
900	889
900	890
900	894
900	908
900	918
900	922
900	935
900	951
900	961
900	965
900	967
900	980
900	991
900	1000
901	695
901	791
901	799
901	859
901	871
901	874
901	876
901	895
901	931
901	951
901	956
901	962
901	973
901	984
901	985
901	989
901	991
901	996
902	542
902	682
902	766
902	782
902	785
902	799
902	823
902	844
902	898
902	913
902	922
902	928
902	944
902	955
902	987
902	990
902	997
902	999
903	576
903	791
903	796
903	806
903	808
903	817
903	871
903	881
903	892
903	913
903	927
903	940
903	949
903	956
903	959
903	962
903	985
903	988
904	394
904	524
904	786
904	788
904	855
904	867
904	894
904	897
904	920
904	942
904	943
904	947
904	952
904	954
904	979
904	986
904	989
904	998
905	219
905	522
905	808
905	822
905	834
905	846
905	854
905	880
905	906
905	911
905	927
905	955
905	964
905	973
905	980
905	991
905	994
905	996
906	644
906	696
906	779
906	831
906	859
906	868
906	874
906	895
906	905
906	909
906	925
906	934
906	962
906	973
906	984
906	988
906	991
906	996
906	1000
907	314
907	342
907	782
907	787
907	820
907	840
907	846
907	848
907	881
907	896
907	941
907	942
907	957
907	966
907	985
907	988
907	989
907	992
907	994
908	712
908	793
908	801
908	806
908	819
908	825
908	891
908	900
908	923
908	939
908	964
908	970
908	973
908	976
908	980
908	983
908	987
908	989
908	1000
909	558
909	684
909	767
909	813
909	831
909	855
909	882
909	899
909	906
909	919
909	953
909	964
909	966
909	977
909	983
909	986
909	988
909	989
909	998
910	450
910	752
910	770
910	775
910	823
910	826
910	831
910	855
910	867
910	878
910	947
910	948
910	958
910	959
910	966
910	986
910	990
910	997
910	998
911	35
911	309
911	790
911	825
911	829
911	875
911	894
911	895
911	905
911	912
911	916
911	919
911	928
911	947
911	966
911	983
911	990
911	996
911	998
912	173
912	311
912	778
912	804
912	829
912	850
912	860
912	895
912	911
912	950
912	951
912	968
912	980
912	983
912	985
912	990
912	992
912	995
912	1000
913	293
913	345
913	772
913	845
913	869
913	886
913	898
913	902
913	903
913	926
913	932
913	949
913	952
913	968
913	969
913	974
913	989
913	993
913	995
914	120
914	330
914	775
914	861
914	874
914	880
914	887
914	898
914	918
914	924
914	960
914	963
914	968
914	970
914	972
914	977
914	981
914	997
914	999
915	181
915	784
915	794
915	804
915	830
915	869
915	884
915	887
915	898
915	926
915	932
915	944
915	946
915	950
915	958
915	971
915	979
915	985
915	993
916	26
916	174
916	798
916	858
916	875
916	879
916	891
916	911
916	923
916	927
916	948
916	956
916	966
916	968
916	972
916	975
916	980
916	983
916	1000
917	667
917	747
917	768
917	781
917	809
917	833
917	854
917	890
917	892
917	894
917	924
917	954
917	960
917	961
917	984
917	985
917	991
917	997
917	999
917	1000
918	490
918	535
918	790
918	794
918	818
918	836
918	876
918	883
918	889
918	900
918	914
918	926
918	935
918	936
918	952
918	972
918	985
918	988
918	997
918	999
919	63
919	274
919	774
919	798
919	805
919	836
919	838
919	865
919	896
919	909
919	911
919	935
919	939
919	950
919	951
919	962
919	965
919	968
919	970
919	1000
920	444
920	445
920	847
920	852
920	885
920	888
920	899
920	904
920	925
920	935
920	940
920	959
920	964
920	972
920	977
920	979
920	987
920	989
920	996
920	998
921	335
921	378
921	780
921	795
921	818
921	831
921	833
921	847
921	872
921	880
921	884
921	933
921	948
921	950
921	962
921	976
921	978
921	987
921	995
921	996
922	143
922	148
922	800
922	833
922	862
922	868
922	871
922	884
922	886
922	900
922	902
922	929
922	944
922	948
922	963
922	967
922	975
922	976
922	991
922	995
923	161
923	709
923	773
923	788
923	798
923	813
923	852
923	855
923	865
923	908
923	916
923	930
923	939
923	947
923	969
923	980
923	981
923	983
923	988
923	992
923	996
924	54
924	577
924	794
924	797
924	871
924	875
924	880
924	882
924	884
924	887
924	889
924	914
924	917
924	938
924	962
924	966
924	970
924	984
924	990
924	997
924	998
925	260
925	664
925	798
925	834
925	851
925	874
925	883
925	893
925	906
925	920
925	937
925	941
925	946
925	962
925	964
925	975
925	982
925	984
925	991
925	994
925	998
926	266
926	345
926	466
926	771
926	782
926	816
926	818
926	827
926	830
926	847
926	853
926	913
926	915
926	918
926	940
926	949
926	957
926	985
926	987
926	993
926	998
927	580
927	588
927	784
927	804
927	817
927	874
927	877
927	896
927	903
927	905
927	916
927	938
927	942
927	965
927	975
927	983
927	984
927	986
927	988
927	994
927	995
928	673
928	745
928	771
928	797
928	802
928	804
928	818
928	831
928	839
928	852
928	861
928	877
928	890
928	892
928	902
928	911
928	954
928	997
928	998
928	999
928	1000
929	169
929	765
929	792
929	801
929	807
929	833
929	844
929	847
929	875
929	882
929	922
929	935
929	942
929	943
929	951
929	953
929	964
929	978
929	983
929	987
929	996
930	431
930	730
930	808
930	815
930	818
930	827
930	844
930	854
930	863
930	890
930	892
930	923
930	934
930	955
930	960
930	973
930	987
930	990
930	991
930	994
930	996
931	390
931	672
931	733
931	800
931	803
931	822
931	824
931	830
931	853
931	865
931	889
931	895
931	901
931	939
931	945
931	947
931	965
931	970
931	977
931	980
931	981
931	1000
932	254
932	320
932	772
932	785
932	816
932	849
932	855
932	867
932	879
932	881
932	913
932	915
932	934
932	940
932	944
932	945
932	948
932	950
932	971
932	989
932	998
932	999
933	15
933	204
933	735
933	781
933	788
933	792
933	793
933	813
933	851
933	858
933	866
933	870
933	872
933	896
933	921
933	934
933	957
933	976
933	987
933	990
933	993
933	995
934	287
934	321
934	769
934	779
934	780
934	795
934	821
934	831
934	851
934	866
934	875
934	876
934	884
934	906
934	930
934	932
934	933
934	967
934	968
934	975
934	987
934	995
935	253
935	759
935	770
935	806
935	828
935	844
935	852
935	894
935	895
935	900
935	918
935	919
935	920
935	929
935	951
935	961
935	966
935	970
935	977
935	980
935	999
935	1000
936	78
936	751
936	779
936	789
936	796
936	821
936	835
936	836
936	852
936	899
936	918
936	939
936	955
936	956
936	958
936	959
936	960
936	972
936	990
936	997
936	998
936	999
937	104
937	472
937	639
937	772
937	782
937	796
937	802
937	843
937	850
937	872
937	886
937	925
937	940
937	941
937	945
937	946
937	947
937	949
937	971
937	986
937	990
937	993
938	124
938	751
938	777
938	783
938	790
938	799
938	809
938	812
938	836
938	849
938	868
938	882
938	889
938	893
938	924
938	927
938	942
938	946
938	955
938	960
938	981
938	983
938	990
939	294
939	749
939	770
939	776
939	789
939	792
939	794
939	803
939	828
939	865
939	878
939	908
939	919
939	923
939	931
939	936
939	946
939	947
939	965
939	980
939	988
939	990
939	1000
940	439
940	715
940	761
940	786
940	797
940	830
940	865
940	877
940	885
940	886
940	903
940	920
940	926
940	932
940	937
940	941
940	945
940	949
940	950
940	953
940	974
940	988
940	993
941	418
941	606
941	804
941	817
941	822
941	824
941	832
941	893
941	896
941	907
941	925
941	937
941	940
941	942
941	945
941	951
941	976
941	983
941	984
941	985
941	986
941	991
941	994
942	606
942	708
942	769
942	772
942	791
942	835
942	839
942	847
942	878
942	888
942	904
942	907
942	927
942	929
942	938
942	941
942	946
942	961
942	962
942	985
942	988
942	994
942	997
943	269
943	486
943	777
943	810
943	818
943	832
943	857
943	882
943	895
943	896
943	904
943	929
943	957
943	964
943	978
943	980
943	982
943	986
943	989
943	992
943	996
943	998
943	1000
944	244
944	345
944	449
944	782
944	806
944	807
944	849
944	850
944	869
944	898
944	902
944	915
944	922
944	932
944	946
944	949
944	953
944	955
944	969
944	976
944	984
944	989
944	993
945	126
945	387
945	812
945	813
945	827
945	853
945	869
945	870
945	885
945	886
945	892
945	898
945	899
945	931
945	932
945	937
945	940
945	941
945	969
945	971
945	974
945	989
945	993
946	658
946	737
946	772
946	841
946	849
946	879
946	881
946	894
946	915
946	925
946	937
946	938
946	939
946	942
946	944
946	949
946	960
946	969
946	971
946	973
946	974
946	984
946	993
946	996
947	178
947	345
947	705
947	773
947	817
947	829
947	849
947	855
947	885
947	904
947	910
947	911
947	923
947	931
947	937
947	939
947	951
947	961
947	965
947	966
947	970
947	993
947	995
947	1000
948	60
948	694
948	779
948	780
948	800
948	815
948	833
948	835
948	872
948	893
948	910
948	916
948	921
948	922
948	932
948	951
948	952
948	963
948	967
948	979
948	984
948	985
948	987
948	995
949	173
949	175
949	767
949	771
949	816
949	819
949	850
949	879
949	881
949	899
949	903
949	913
949	926
949	937
949	940
949	944
949	946
949	950
949	964
949	971
949	974
949	984
949	999
949	1000
950	338
950	586
950	789
950	814
950	824
950	830
950	840
950	850
950	869
950	879
950	881
950	885
950	912
950	915
950	919
950	921
950	932
950	940
950	949
950	969
950	971
950	972
950	983
950	993
951	290
951	764
951	825
951	839
951	852
951	858
951	876
951	883
951	900
951	901
951	912
951	919
951	929
951	935
951	941
951	947
951	948
951	965
951	968
951	979
951	980
951	994
951	998
951	1000
952	7
952	407
952	736
952	767
952	777
952	779
952	781
952	801
952	840
952	850
952	859
952	862
952	884
952	896
952	904
952	913
952	918
952	948
952	963
952	967
952	976
952	977
952	987
952	992
952	995
953	467
953	678
953	748
953	770
953	776
953	801
953	807
953	814
953	828
953	866
953	869
953	875
953	909
953	929
953	940
953	944
953	961
953	968
953	977
953	979
953	982
953	988
953	991
953	998
953	1000
954	345
954	757
954	783
954	785
954	802
954	812
954	823
954	856
954	861
954	873
954	882
954	885
954	889
954	890
954	892
954	904
954	917
954	928
954	955
954	957
954	960
954	972
954	978
954	980
954	982
954	993
955	72
955	337
955	341
955	774
955	815
955	827
955	838
955	844
955	859
955	865
955	883
955	887
955	891
955	902
955	905
955	930
955	936
955	938
955	944
955	954
955	968
955	972
955	984
955	987
955	997
955	999
956	342
956	502
956	543
956	822
956	833
956	839
956	845
956	857
956	870
956	871
956	878
956	901
956	903
956	916
956	936
956	971
956	973
956	975
956	979
956	984
956	985
956	988
956	989
956	992
956	996
956	997
957	357
957	423
957	777
957	794
957	797
957	807
957	821
957	837
957	842
957	864
957	865
957	867
957	880
957	907
957	926
957	933
957	943
957	954
957	958
957	978
957	984
957	986
957	989
957	996
957	998
957	1000
958	107
958	467
958	768
958	773
958	792
958	801
958	826
958	862
958	867
958	910
958	915
958	936
958	957
958	959
958	960
958	961
958	963
958	964
958	971
958	973
958	979
958	986
958	989
958	993
958	996
958	998
959	163
959	519
959	660
959	841
959	847
959	865
959	871
959	875
959	890
959	897
959	899
959	903
959	910
959	920
959	936
959	958
959	963
959	964
959	976
959	977
959	979
959	980
959	981
959	982
959	985
959	986
959	989
960	433
960	469
960	758
960	790
960	791
960	819
960	835
960	843
960	844
960	869
960	889
960	914
960	917
960	930
960	936
960	938
960	946
960	954
960	958
960	961
960	967
960	972
960	977
960	989
960	995
960	997
960	999
961	439
961	722
961	727
961	795
961	820
961	824
961	829
961	854
961	857
961	871
961	895
961	900
961	917
961	935
961	942
961	947
961	953
961	958
961	960
961	966
961	967
961	968
961	970
961	980
961	983
961	993
961	1000
962	85
962	104
962	732
962	773
962	787
962	814
962	828
962	832
962	871
962	878
962	901
962	903
962	906
962	919
962	921
962	924
962	925
962	942
962	977
962	984
962	985
962	986
962	988
962	991
962	994
962	997
962	999
963	321
963	381
963	696
963	769
963	770
963	779
963	784
963	813
963	866
963	868
963	870
963	872
963	876
963	914
963	922
963	948
963	952
963	958
963	959
963	967
963	976
963	983
963	985
963	986
963	987
963	991
963	993
963	994
964	200
964	719
964	733
964	797
964	830
964	843
964	861
964	863
964	870
964	875
964	888
964	898
964	905
964	908
964	909
964	920
964	925
964	929
964	943
964	949
964	958
964	959
964	978
964	979
964	981
964	986
964	996
964	999
965	141
965	168
965	581
965	766
965	778
965	781
965	797
965	824
965	834
965	877
965	883
965	895
965	896
965	900
965	919
965	927
965	931
965	939
965	947
965	951
965	966
965	968
965	970
965	981
965	986
965	994
965	995
965	1000
966	183
966	617
966	751
966	804
966	824
966	849
966	858
966	883
966	891
966	892
966	894
966	907
966	909
966	910
966	911
966	916
966	924
966	935
966	947
966	961
966	965
966	968
966	970
966	972
966	976
966	982
966	983
966	994
967	245
967	331
967	767
967	780
967	793
967	815
967	833
967	834
967	868
967	870
967	873
967	884
967	886
967	888
967	900
967	922
967	934
967	948
967	952
967	960
967	961
967	963
967	969
967	970
967	976
967	977
967	982
967	987
967	995
968	434
968	624
968	687
968	788
968	798
968	803
968	806
968	819
968	825
968	863
968	874
968	883
968	897
968	912
968	913
968	914
968	916
968	919
968	934
968	951
968	953
968	955
968	961
968	965
968	966
968	983
968	989
968	990
968	998
969	65
969	226
969	268
969	782
969	786
969	836
969	841
969	849
969	853
969	857
969	860
969	881
969	885
969	898
969	913
969	923
969	944
969	945
969	946
969	950
969	967
969	971
969	974
969	976
969	982
969	989
969	993
969	996
969	998
970	169
970	602
970	620
970	773
970	820
970	825
970	831
970	844
970	847
970	857
970	858
970	861
970	863
970	894
970	897
970	908
970	914
970	919
970	924
970	931
970	935
970	947
970	961
970	965
970	966
970	967
970	982
970	995
970	998
970	1000
971	105
971	234
971	417
971	786
971	790
971	809
971	841
971	866
971	869
971	874
971	885
971	886
971	888
971	898
971	915
971	932
971	937
971	945
971	946
971	949
971	950
971	956
971	958
971	969
971	980
971	981
971	985
971	990
971	992
971	993
972	222
972	694
972	748
972	768
972	802
972	808
972	812
972	836
972	844
972	870
972	886
972	887
972	890
972	892
972	897
972	914
972	916
972	918
972	920
972	936
972	950
972	954
972	955
972	960
972	966
972	979
972	988
972	992
972	994
972	997
972	998
973	254
973	276
973	700
973	792
973	809
973	833
973	839
973	845
973	851
973	859
973	871
973	872
973	874
973	886
973	894
973	901
973	905
973	906
973	908
973	930
973	946
973	956
973	958
973	975
973	979
973	983
973	984
973	985
973	991
973	992
973	994
973	1000
974	163
974	343
974	471
974	766
974	771
974	795
974	800
974	807
974	810
974	812
974	830
974	841
974	853
974	859
974	879
974	885
974	886
974	898
974	913
974	940
974	945
974	946
974	949
974	969
974	975
974	977
974	983
974	987
974	993
974	995
974	999
974	1000
975	285
975	369
975	511
975	783
975	810
975	811
975	817
975	827
975	837
975	846
975	856
975	857
975	862
975	871
975	873
975	874
975	893
975	896
975	916
975	922
975	925
975	927
975	934
975	956
975	973
975	974
975	977
975	986
975	992
975	994
975	995
975	998
975	1000
976	235
976	625
976	631
976	726
976	767
976	769
976	784
976	793
976	813
976	833
976	840
976	842
976	848
976	875
976	876
976	893
976	908
976	921
976	922
976	933
976	941
976	944
976	952
976	959
976	963
976	966
976	967
976	969
976	987
976	990
976	994
976	995
976	1000
977	144
977	430
977	559
977	801
977	835
977	847
977	855
977	858
977	864
977	873
977	893
977	909
977	914
977	920
977	931
977	935
977	952
977	953
977	959
977	960
977	962
977	967
977	974
977	975
977	978
977	979
977	981
977	982
977	986
977	988
977	989
977	996
977	998
978	156
978	265
978	403
978	764
978	776
978	785
978	801
978	805
978	810
978	814
978	816
978	817
978	825
978	828
978	831
978	842
978	843
978	860
978	867
978	876
978	883
978	891
978	921
978	929
978	943
978	954
978	957
978	964
978	977
978	987
978	989
978	994
978	996
978	998
979	146
979	328
979	742
979	766
979	792
979	795
979	799
979	805
979	807
979	811
979	812
979	821
979	826
979	835
979	860
979	861
979	863
979	904
979	915
979	920
979	948
979	951
979	953
979	956
979	958
979	959
979	964
979	972
979	973
979	977
979	984
979	989
979	990
979	996
979	998
980	154
980	285
980	697
980	766
980	778
980	788
980	804
980	819
980	820
980	821
980	826
980	827
980	836
980	846
980	883
980	894
980	895
980	900
980	905
980	908
980	912
980	916
980	923
980	931
980	935
980	939
980	943
980	951
980	954
980	959
980	961
980	971
980	983
980	989
980	992
980	999
981	526
981	684
981	741
981	771
981	774
981	775
981	811
981	821
981	824
981	826
981	828
981	831
981	835
981	841
981	842
981	863
981	867
981	872
981	897
981	899
981	914
981	923
981	931
981	938
981	959
981	964
981	965
981	971
981	977
981	986
981	987
981	991
981	996
981	997
981	998
981	999
982	266
982	340
982	474
982	775
982	780
982	792
982	797
982	799
982	810
982	811
982	814
982	821
982	829
982	830
982	831
982	837
982	840
982	855
982	878
982	925
982	943
982	953
982	954
982	959
982	966
982	967
982	969
982	970
982	977
982	984
982	986
982	988
982	989
982	995
982	996
982	998
982	1000
983	126
983	156
983	160
983	206
983	770
983	790
983	804
983	819
983	820
983	824
983	825
983	844
983	857
983	858
983	864
983	865
983	889
983	897
983	908
983	909
983	911
983	912
983	916
983	923
983	927
983	929
983	938
983	941
983	950
983	961
983	963
983	966
983	968
983	973
983	974
983	980
983	987
983	1000
984	139
984	170
984	576
984	820
984	823
984	832
984	839
984	845
984	853
984	859
984	866
984	873
984	877
984	881
984	896
984	901
984	906
984	917
984	924
984	925
984	927
984	941
984	944
984	946
984	948
984	949
984	955
984	956
984	957
984	962
984	973
984	979
984	982
984	988
984	991
984	992
984	994
984	997
985	17
985	144
985	162
985	582
985	767
985	775
985	787
985	817
985	819
985	822
985	834
985	845
985	851
985	873
985	884
985	887
985	888
985	901
985	903
985	907
985	912
985	915
985	917
985	918
985	926
985	941
985	942
985	948
985	956
985	959
985	962
985	963
985	971
985	973
985	986
985	988
985	991
985	992
985	994
985	996
986	119
986	153
986	660
986	717
986	790
986	796
986	809
986	811
986	826
986	836
986	837
986	842
986	847
986	863
986	865
986	885
986	899
986	904
986	909
986	910
986	927
986	937
986	941
986	943
986	957
986	958
986	959
986	962
986	963
986	964
986	965
986	975
986	977
986	981
986	982
986	985
986	989
986	990
986	998
986	999
987	37
987	469
987	621
987	624
987	767
987	780
987	793
987	795
987	800
987	802
987	833
987	836
987	840
987	848
987	862
987	866
987	868
987	886
987	887
987	902
987	908
987	920
987	921
987	926
987	929
987	930
987	933
987	934
987	948
987	952
987	955
987	963
987	967
987	974
987	976
987	978
987	981
987	983
987	992
987	995
988	303
988	320
988	605
988	685
988	768
988	771
988	774
988	787
988	827
988	839
988	842
988	845
988	846
988	856
988	867
988	878
988	889
988	903
988	906
988	907
988	909
988	918
988	923
988	927
988	939
988	940
988	942
988	953
988	956
988	962
988	972
988	977
988	982
988	984
988	985
988	991
988	992
988	994
988	997
988	998
989	14
989	161
989	706
989	731
989	775
989	805
989	807
989	814
989	821
989	823
989	826
989	828
989	835
989	854
989	870
989	897
989	901
989	904
989	907
989	908
989	909
989	913
989	920
989	932
989	943
989	944
989	945
989	956
989	957
989	958
989	959
989	960
989	968
989	969
989	977
989	978
989	979
989	980
989	982
989	986
989	994
990	304
990	325
990	622
990	653
990	740
990	768
990	794
990	808
990	811
990	812
990	818
990	826
990	834
990	844
990	852
990	854
990	860
990	861
990	864
990	880
990	887
990	892
990	902
990	910
990	911
990	912
990	924
990	930
990	933
990	936
990	937
990	938
990	939
990	968
990	971
990	976
990	979
990	986
990	992
990	999
990	1000
991	115
991	249
991	568
991	740
991	808
991	810
991	814
991	827
991	829
991	839
991	848
991	851
991	859
991	880
991	881
991	886
991	888
991	893
991	896
991	900
991	901
991	905
991	906
991	917
991	922
991	925
991	930
991	941
991	953
991	962
991	963
991	973
991	981
991	984
991	985
991	988
991	992
991	993
991	994
991	995
991	1000
992	281
992	411
992	721
992	747
992	774
992	783
992	815
992	816
992	822
992	827
992	832
992	839
992	844
992	846
992	856
992	871
992	872
992	877
992	888
992	890
992	892
992	893
992	894
992	907
992	912
992	923
992	943
992	952
992	956
992	971
992	972
992	973
992	975
992	980
992	984
992	985
992	987
992	988
992	990
992	991
992	994
992	998
993	222
993	428
993	481
993	601
993	766
993	771
993	772
993	773
993	792
993	798
993	804
993	819
993	826
993	829
993	830
993	849
993	850
993	853
993	867
993	879
993	898
993	913
993	915
993	926
993	933
993	937
993	940
993	944
993	945
993	946
993	947
993	950
993	954
993	958
993	961
993	963
993	969
993	971
993	974
993	991
993	996
993	997
993	999
994	157
994	172
994	303
994	510
994	602
994	783
994	791
994	827
994	841
994	845
994	849
994	855
994	859
994	862
994	863
994	864
994	877
994	881
994	887
994	892
994	896
994	905
994	907
994	925
994	927
994	930
994	941
994	942
994	951
994	962
994	963
994	965
994	966
994	972
994	973
994	975
994	976
994	978
994	984
994	985
994	988
994	989
994	991
994	992
994	996
995	145
995	301
995	640
995	675
995	757
995	767
995	769
995	775
995	779
995	781
995	784
995	795
995	800
995	811
995	813
995	818
995	832
995	840
995	852
995	862
995	866
995	872
995	873
995	876
995	890
995	912
995	913
995	921
995	922
995	927
995	933
995	934
995	947
995	948
995	952
995	960
995	965
995	967
995	970
995	974
995	975
995	976
995	982
995	987
995	991
996	3
996	146
996	162
996	512
996	704
996	776
996	782
996	788
996	807
996	810
996	814
996	824
996	826
996	831
996	835
996	837
996	838
996	842
996	863
996	873
996	874
996	897
996	901
996	905
996	906
996	911
996	920
996	921
996	923
996	929
996	930
996	943
996	946
996	956
996	957
996	958
996	964
996	969
996	977
996	978
996	979
996	981
996	982
996	985
996	993
996	994
996	998
997	112
997	117
997	327
997	432
997	475
997	775
997	780
997	784
997	790
997	793
997	799
997	808
997	815
997	820
997	832
997	834
997	836
997	838
997	841
997	843
997	854
997	864
997	879
997	882
997	889
997	891
997	892
997	895
997	902
997	910
997	914
997	917
997	918
997	924
997	928
997	936
997	942
997	955
997	956
997	960
997	962
997	972
997	981
997	984
997	988
997	993
997	999
998	24
998	367
998	521
998	679
998	693
998	768
998	775
998	797
998	811
998	814
998	828
998	835
998	850
998	851
998	855
998	856
998	863
998	868
998	897
998	904
998	909
998	910
998	911
998	920
998	924
998	925
998	926
998	928
998	932
998	936
998	943
998	951
998	953
998	957
998	958
998	968
998	969
998	970
998	972
998	975
998	977
998	978
998	979
998	981
998	982
998	986
998	988
998	992
998	996
999	217
999	295
999	428
999	497
999	674
999	767
999	780
999	781
999	785
999	789
999	794
999	808
999	809
999	818
999	822
999	823
999	838
999	843
999	852
999	855
999	861
999	863
999	864
999	871
999	881
999	882
999	887
999	891
999	897
999	902
999	914
999	917
999	918
999	928
999	932
999	935
999	936
999	949
999	955
999	960
999	962
999	964
999	974
999	980
999	981
999	986
999	990
999	993
999	997
1000	34
1000	112
1000	282
1000	730
1000	731
1000	791
1000	798
1000	803
1000	804
1000	806
1000	810
1000	819
1000	820
1000	824
1000	829
1000	833
1000	846
1000	850
1000	857
1000	865
1000	868
1000	895
1000	900
1000	906
1000	908
1000	912
1000	916
1000	917
1000	919
1000	928
1000	931
1000	935
1000	939
1000	943
1000	947
1000	949
1000	951
1000	953
1000	957
1000	961
1000	965
1000	970
1000	973
1000	974
1000	975
1000	976
1000	982
1000	983
1000	990
1000	991
