1	3
1	62
1	100
1	101
1	103
1	135
1	151
1	169
1	179
1	658
2	3
2	44
2	106
2	123
2	147
2	150
2	163
2	164
2	168
2	764
3	1
3	2
3	63
3	80
3	124
3	132
3	157
3	163
3	173
3	177
4	90
4	104
4	115
4	118
4	142
4	148
4	169
4	181
4	184
4	912
5	34
5	126
5	132
5	137
5	138
5	150
5	165
5	174
5	177
5	308
6	113
6	124
6	152
6	160
6	172
6	174
6	178
6	180
6	183
6	626
7	86
7	130
7	135
7	147
7	152
7	164
7	172
7	180
7	183
7	301
8	19
8	64
8	103
8	114
8	138
8	167
8	170
8	173
8	181
8	184
9	23
9	24
9	66
9	133
9	150
9	153
9	161
9	175
9	184
9	717
10	41
10	49
10	64
10	111
10	145
10	165
10	176
10	177
10	178
10	285
11	48
11	64
11	102
11	106
11	111
11	112
11	132
11	163
11	171
11	174
12	93
12	97
12	140
12	158
12	162
12	173
12	174
12	175
12	176
12	179
13	60
13	132
13	133
13	139
13	162
13	173
13	176
13	179
13	184
13	848
14	28
14	32
14	68
14	73
14	96
14	99
14	124
14	147
14	165
14	174
15	69
15	125
15	138
15	142
15	162
15	169
15	170
15	173
15	184
15	789
16	55
16	67
16	95
16	131
16	133
16	152
16	156
16	181
16	183
16	184
17	42
17	43
17	81
17	90
17	125
17	134
17	142
17	156
17	159
17	182
18	32
18	35
18	39
18	57
18	128
18	156
18	178
18	180
18	183
18	604
19	8
19	107
19	131
19	155
19	159
19	163
19	170
19	171
19	181
19	182
20	73
20	91
20	103
20	128
20	132
20	146
20	171
20	174
20	177
20	181
21	92
21	104
21	115
21	144
21	155
21	164
21	167
21	173
21	180
21	184
22	60
22	103
22	104
22	110
22	126
22	154
22	155
22	169
22	182
22	987
23	9
23	35
23	79
23	81
23	104
23	116
23	129
23	139
23	141
23	147
23	166
24	9
24	37
24	89
24	113
24	121
24	161
24	166
24	168
24	169
24	175
24	179
25	28
25	71
25	92
25	129
25	162
25	166
25	168
25	172
25	175
25	176
25	724
26	80
26	99
26	100
26	122
26	123
26	124
26	142
26	163
26	165
26	174
26	979
27	28
27	70
27	81
27	86
27	94
27	110
27	129
27	158
27	159
27	176
27	179
28	14
28	25
28	27
28	48
28	109
28	132
28	145
28	154
28	163
28	174
28	177
29	50
29	70
29	136
29	149
29	153
29	156
29	160
29	161
29	171
29	172
29	197
30	41
30	54
30	92
30	146
30	148
30	159
30	173
30	180
30	181
30	182
30	985
31	49
31	102
31	137
31	147
31	158
31	166
31	167
31	169
31	175
31	176
31	179
32	14
32	18
32	34
32	89
32	92
32	146
32	162
32	181
32	182
32	184
32	725
33	45
33	128
33	155
33	159
33	164
33	165
33	167
33	171
33	173
33	182
33	311
34	5
34	32
34	47
34	90
34	109
34	117
34	121
34	147
34	163
34	177
34	962
35	18
35	23
35	44
35	51
35	77
35	91
35	95
35	149
35	160
35	171
35	178
36	85
36	91
36	93
36	113
36	122
36	133
36	162
36	166
36	176
36	178
36	179
37	24
37	59
37	70
37	92
37	97
37	100
37	130
37	144
37	153
37	162
37	175
37	179
38	45
38	76
38	86
38	102
38	103
38	130
38	160
38	172
38	173
38	178
38	183
38	432
39	18
39	105
39	108
39	115
39	132
39	144
39	156
39	157
39	163
39	178
39	180
39	183
40	77
40	87
40	103
40	109
40	111
40	117
40	123
40	141
40	162
40	165
40	177
40	344
41	10
41	30
41	69
41	103
41	122
41	124
41	151
41	163
41	165
41	174
41	183
41	618
42	17
42	45
42	83
42	115
42	116
42	146
42	160
42	164
42	170
42	179
42	182
42	977
43	17
43	62
43	101
43	159
43	167
43	170
43	171
43	173
43	174
43	181
43	182
43	937
44	2
44	35
44	63
44	80
44	107
44	122
44	129
44	147
44	163
44	165
44	174
44	392
45	33
45	38
45	42
45	80
45	90
45	107
45	120
45	146
45	162
45	181
45	182
45	184
46	65
46	76
46	124
46	136
46	140
46	144
46	152
46	157
46	171
46	173
46	178
46	179
47	34
47	66
47	71
47	85
47	96
47	133
47	139
47	150
47	167
47	175
47	176
47	735
48	11
48	28
48	76
48	91
48	117
48	119
48	121
48	128
48	137
48	147
48	151
48	179
49	10
49	31
49	89
49	97
49	99
49	108
49	126
49	150
49	166
49	168
49	169
49	867
50	29
50	64
50	122
50	141
50	151
50	159
50	164
50	167
50	170
50	173
50	182
50	184
51	35
51	100
51	119
51	137
51	146
51	155
51	159
51	163
51	173
51	181
51	182
51	184
52	61
52	66
52	79
52	107
52	116
52	127
52	138
52	148
52	151
52	164
52	170
52	181
53	59
53	77
53	118
53	134
53	143
53	155
53	158
53	160
53	161
53	182
53	183
53	690
54	30
54	60
54	85
54	131
54	140
54	143
54	152
54	156
54	172
54	173
54	178
54	183
55	16
55	58
55	101
55	114
55	130
55	142
55	143
55	152
55	153
55	172
55	180
55	908
56	82
56	83
56	84
56	93
56	106
56	116
56	133
56	135
56	139
56	154
56	167
56	175
56	178
57	18
57	85
57	92
57	107
57	138
57	148
57	157
57	158
57	173
57	178
57	181
57	184
57	918
58	55
58	77
58	87
58	113
58	126
58	146
58	153
58	166
58	169
58	175
58	176
58	179
58	663
59	37
59	53
59	98
59	102
59	112
59	130
59	134
59	155
59	156
59	171
59	172
59	180
59	183
60	13
60	22
60	54
60	65
60	82
60	88
60	126
60	130
60	139
60	153
60	154
60	164
60	180
61	52
61	87
61	98
61	103
61	106
61	122
61	132
61	153
61	165
61	171
61	174
61	177
61	696
62	1
62	43
62	80
62	94
62	99
62	110
62	116
62	120
62	152
62	158
62	168
62	184
62	577
63	3
63	44
63	103
63	110
63	113
63	145
63	161
63	163
63	164
63	165
63	174
63	177
63	813
64	8
64	10
64	11
64	50
64	103
64	117
64	128
64	145
64	152
64	165
64	172
64	174
64	177
64	470
65	46
65	60
65	77
65	100
65	113
65	154
65	158
65	160
65	162
65	166
65	167
65	175
65	179
65	904
66	9
66	47
66	52
66	95
66	101
66	104
66	120
66	134
66	154
66	158
66	162
66	164
66	175
66	749
67	16
67	79
67	81
67	115
67	126
67	133
67	134
67	154
67	158
67	168
67	169
67	175
67	179
67	720
68	14
68	72
68	74
68	104
68	113
68	153
68	154
68	158
68	164
68	166
68	167
68	176
68	179
68	376
69	15
69	41
69	73
69	75
69	81
69	109
69	131
69	142
69	148
69	155
69	173
69	182
69	184
69	941
70	27
70	29
70	37
70	79
70	117
70	120
70	123
70	139
70	150
70	166
70	169
70	174
70	175
70	590
71	25
71	47
71	74
71	82
71	94
71	119
71	126
71	141
71	149
71	167
71	169
71	172
71	179
71	859
72	68
72	93
72	127
72	148
72	151
72	160
72	161
72	163
72	167
72	170
72	173
72	182
72	184
72	239
73	14
73	20
73	69
73	74
73	104
73	105
73	121
73	127
73	128
73	163
73	165
73	174
73	177
73	597
74	68
74	71
74	73
74	84
74	100
74	101
74	122
74	135
74	141
74	165
74	166
74	169
74	172
74	737
75	69
75	85
75	112
75	125
75	148
75	155
75	167
75	170
75	173
75	174
75	177
75	181
75	183
75	184
75	680
76	38
76	46
76	48
76	88
76	113
76	129
76	143
76	156
76	157
76	161
76	172
76	180
76	182
76	183
76	438
77	35
77	40
77	53
77	58
77	65
77	110
77	136
77	144
77	152
77	156
77	158
77	161
77	171
77	183
77	431
78	84
78	94
78	119
78	138
78	139
78	142
78	151
78	159
78	160
78	167
78	174
78	181
78	182
78	184
78	739
79	23
79	52
79	67
79	70
79	97
79	100
79	112
79	120
79	126
79	149
79	153
79	158
79	162
79	171
79	177
80	3
80	26
80	44
80	45
80	62
80	101
80	117
80	124
80	132
80	163
80	165
80	171
80	173
80	174
80	1000
81	17
81	23
81	27
81	67
81	69
81	82
81	127
81	142
81	146
81	155
81	164
81	173
81	181
81	182
81	764
82	56
82	60
82	71
82	81
82	83
82	112
82	130
82	150
82	153
82	156
82	162
82	168
82	174
82	176
82	409
83	42
83	56
83	82
83	85
83	115
83	119
83	138
83	146
83	151
83	160
83	164
83	167
83	179
83	181
83	299
84	56
84	74
84	78
84	88
84	100
84	104
84	107
84	110
84	133
84	139
84	141
84	154
84	161
84	165
84	174
84	819
85	36
85	47
85	54
85	57
85	75
85	83
85	107
85	115
85	136
85	148
85	151
85	155
85	159
85	168
85	182
85	184
86	7
86	27
86	38
86	94
86	117
86	118
86	119
86	131
86	140
86	144
86	156
86	157
86	162
86	180
86	183
86	763
87	40
87	58
87	61
87	91
87	103
87	110
87	117
87	128
87	137
87	147
87	163
87	171
87	174
87	177
87	178
87	180
88	60
88	76
88	84
88	94
88	101
88	102
88	113
88	116
88	118
88	158
88	168
88	169
88	176
88	178
88	179
88	989
89	24
89	32
89	49
89	90
89	116
89	142
89	151
89	159
89	164
89	166
89	167
89	169
89	170
89	181
89	182
89	945
90	4
90	17
90	34
90	45
90	89
90	92
90	141
90	146
90	159
90	164
90	167
90	169
90	173
90	175
90	184
90	832
91	20
91	35
91	36
91	48
91	87
91	103
91	106
91	122
91	137
91	147
91	150
91	160
91	165
91	174
91	177
91	181
91	519
92	21
92	25
92	30
92	32
92	37
92	57
92	90
92	100
92	113
92	115
92	142
92	147
92	151
92	170
92	181
92	184
92	984
93	12
93	36
93	56
93	72
93	97
93	129
93	147
93	153
93	154
93	156
93	158
93	163
93	169
93	170
93	175
93	179
93	474
94	27
94	62
94	71
94	78
94	86
94	88
94	110
94	112
94	126
94	127
94	133
94	146
94	153
94	161
94	175
94	179
94	868
95	16
95	35
95	66
95	97
95	102
95	125
95	134
95	140
95	149
95	154
95	167
95	171
95	172
95	177
95	178
95	180
95	183
96	14
96	47
96	118
96	135
96	136
96	138
96	143
96	144
96	149
96	157
96	163
96	171
96	172
96	178
96	180
96	183
96	465
97	12
97	37
97	49
97	79
97	93
97	95
97	113
97	129
97	136
97	141
97	154
97	155
97	159
97	160
97	162
97	169
97	173
97	175
98	59
98	61
98	106
98	109
98	111
98	113
98	117
98	121
98	124
98	128
98	137
98	140
98	154
98	156
98	165
98	174
98	177
98	871
99	14
99	26
99	49
99	62
99	107
99	110
99	111
99	116
99	120
99	129
99	139
99	141
99	142
99	150
99	158
99	169
99	176
99	719
100	1
100	26
100	37
100	51
100	65
100	74
100	79
100	84
100	92
100	120
100	129
100	139
100	141
100	150
100	168
100	172
100	177
100	625
101	1
101	43
101	55
101	66
101	74
101	80
101	88
101	113
101	148
101	150
101	152
101	153
101	159
101	166
101	168
101	175
101	176
101	179
102	11
102	31
102	38
102	59
102	88
102	95
102	108
102	111
102	130
102	131
102	149
102	157
102	160
102	161
102	165
102	180
102	183
102	828
103	1
103	8
103	20
103	22
103	38
103	40
103	41
103	61
103	63
103	64
103	87
103	91
103	123
103	140
103	170
103	174
103	177
103	541
104	4
104	21
104	22
104	23
104	66
104	68
104	73
104	84
104	112
104	151
104	157
104	158
104	166
104	169
104	176
104	179
104	181
104	689
105	39
105	73
105	108
105	125
105	137
105	143
105	152
105	157
105	158
105	160
105	161
105	164
105	165
105	172
105	178
105	180
105	183
105	323
106	2
106	11
106	56
106	61
106	91
106	98
106	121
106	122
106	123
106	139
106	142
106	145
106	149
106	159
106	163
106	165
106	172
106	177
106	701
107	19
107	44
107	45
107	52
107	57
107	84
107	85
107	99
107	115
107	125
107	151
107	153
107	155
107	167
107	168
107	173
107	181
107	184
107	433
108	39
108	49
108	102
108	105
108	114
108	125
108	142
108	143
108	149
108	159
108	160
108	161
108	166
108	169
108	171
108	172
108	180
108	183
108	857
109	28
109	34
109	40
109	69
109	98
109	111
109	117
109	121
109	123
109	137
109	145
109	150
109	163
109	166
109	173
109	176
109	177
109	184
109	640
110	22
110	27
110	62
110	63
110	77
110	84
110	87
110	94
110	99
110	115
110	126
110	131
110	152
110	153
110	158
110	168
110	176
110	179
110	787
111	10
111	11
111	40
111	98
111	99
111	102
111	109
111	122
111	124
111	126
111	128
111	137
111	140
111	147
111	163
111	165
111	174
111	176
111	181
112	11
112	59
112	75
112	79
112	82
112	94
112	104
112	120
112	129
112	141
112	143
112	144
112	145
112	154
112	168
112	169
112	175
112	176
112	341
113	6
113	24
113	36
113	58
113	63
113	65
113	68
113	76
113	88
113	92
113	97
113	98
113	101
113	116
113	135
113	159
113	162
113	175
113	176
113	471
114	8
114	55
114	108
114	115
114	125
114	129
114	130
114	136
114	139
114	140
114	144
114	156
114	160
114	171
114	172
114	173
114	175
114	178
114	180
114	862
115	4
115	21
115	39
115	42
115	67
115	83
115	85
115	92
115	107
115	110
115	114
115	136
115	158
115	164
115	167
115	170
115	181
115	182
115	184
115	637
116	23
116	42
116	52
116	56
116	62
116	88
116	89
116	99
116	113
116	140
116	150
116	153
116	161
116	166
116	168
116	175
116	176
116	179
116	183
116	664
117	34
117	40
117	48
117	64
117	70
117	80
117	86
117	87
117	98
117	109
117	123
117	141
117	147
117	163
117	164
117	174
117	176
117	177
117	180
117	474
118	4
118	53
118	86
118	88
118	96
118	125
118	137
118	149
118	152
118	156
118	160
118	161
118	165
118	170
118	172
118	178
118	180
118	183
118	184
118	546
119	48
119	51
119	71
119	78
119	83
119	86
119	127
119	138
119	146
119	151
119	157
119	164
119	167
119	170
119	173
119	176
119	179
119	181
119	182
119	184
119	325
120	45
120	62
120	66
120	70
120	79
120	99
120	100
120	112
120	127
120	135
120	148
120	154
120	162
120	168
120	175
120	176
120	177
120	179
120	183
120	184
120	362
121	24
121	34
121	48
121	73
121	98
121	106
121	109
121	128
121	132
121	137
121	145
121	147
121	149
121	154
121	163
121	166
121	167
121	172
121	177
121	181
121	253
122	26
122	36
122	41
122	44
122	50
122	61
122	74
122	91
122	106
122	111
122	123
122	139
122	145
122	152
122	156
122	163
122	165
122	168
122	174
122	177
122	379
123	2
123	26
123	40
123	70
123	103
123	106
123	109
123	117
123	122
123	124
123	129
123	137
123	144
123	145
123	154
123	163
123	169
123	174
123	177
123	184
123	456
124	3
124	6
124	14
124	26
124	41
124	46
124	80
124	98
124	111
124	123
124	132
124	137
124	145
124	147
124	165
124	169
124	174
124	176
124	177
124	179
124	734
125	15
125	17
125	75
125	95
125	105
125	107
125	108
125	114
125	118
125	140
125	145
125	149
125	152
125	156
125	158
125	160
125	172
125	178
125	180
125	183
125	747
126	5
126	22
126	49
126	58
126	60
126	67
126	71
126	79
126	94
126	110
126	111
126	132
126	141
126	143
126	150
126	158
126	170
126	176
126	180
126	182
126	914
127	52
127	72
127	73
127	81
127	94
127	119
127	120
127	139
127	141
127	142
127	148
127	155
127	159
127	164
127	167
127	173
127	175
127	182
127	184
127	612
127	748
128	18
128	20
128	33
128	48
128	64
128	73
128	87
128	98
128	111
128	121
128	132
128	145
128	147
128	153
128	159
128	169
128	174
128	177
128	181
128	183
128	858
129	23
129	25
129	27
129	44
129	76
129	93
129	97
129	99
129	100
129	112
129	114
129	123
129	133
129	135
129	155
129	158
129	159
129	166
129	169
129	177
129	179
129	662
130	7
130	37
130	38
130	55
130	59
130	60
130	82
130	102
130	114
130	140
130	155
130	156
130	157
130	158
130	161
130	171
130	178
130	179
130	180
130	183
130	506
130	998
131	16
131	19
131	54
131	69
131	86
131	102
131	110
131	134
131	136
131	138
131	148
131	149
131	156
131	157
131	161
131	168
131	171
131	178
131	180
131	182
131	183
131	261
132	3
132	5
132	11
132	13
132	20
132	28
132	39
132	61
132	80
132	121
132	124
132	126
132	128
132	137
132	141
132	145
132	147
132	154
132	165
132	175
132	177
132	184
132	699
133	9
133	13
133	16
133	36
133	47
133	56
133	67
133	84
133	94
133	129
133	138
133	141
133	148
133	151
133	153
133	161
133	162
133	168
133	171
133	176
133	177
133	179
133	340
134	17
134	53
134	59
134	66
134	67
134	95
134	131
134	135
134	136
134	140
134	144
134	149
134	157
134	158
134	160
134	161
134	171
134	172
134	176
134	178
134	179
134	180
134	335
135	1
135	7
135	56
135	74
135	96
135	113
135	120
135	129
135	134
135	146
135	150
135	152
135	158
135	162
135	166
135	167
135	168
135	169
135	175
135	179
135	181
135	930
135	995
136	29
136	46
136	77
136	85
136	96
136	97
136	114
136	115
136	131
136	134
136	143
136	144
136	149
136	150
136	156
136	157
136	160
136	163
136	171
136	178
136	179
136	180
136	184
136	935
137	5
137	31
137	48
137	51
137	87
137	91
137	98
137	105
137	109
137	111
137	118
137	121
137	123
137	124
137	132
137	145
137	160
137	162
137	163
137	165
137	168
137	174
137	177
137	270
138	5
138	8
138	15
138	52
138	57
138	78
138	83
138	96
138	119
138	131
138	133
138	144
138	149
138	151
138	154
138	155
138	159
138	164
138	170
138	173
138	181
138	182
138	184
138	875
139	13
139	23
139	47
139	56
139	60
139	70
139	78
139	84
139	99
139	100
139	106
139	114
139	122
139	127
139	141
139	147
139	150
139	153
139	154
139	158
139	159
139	162
139	169
139	176
139	318
140	12
140	46
140	54
140	86
140	95
140	98
140	103
140	111
140	114
140	116
140	125
140	130
140	134
140	144
140	147
140	149
140	157
140	160
140	161
140	171
140	172
140	177
140	183
140	184
140	454
141	23
141	40
141	50
141	71
141	74
141	84
141	90
141	97
141	99
141	100
141	112
141	117
141	126
141	127
141	132
141	133
141	139
141	145
141	149
141	153
141	162
141	168
141	169
141	175
141	297
142	4
142	15
142	17
142	26
142	55
142	69
142	78
142	81
142	89
142	92
142	99
142	106
142	108
142	127
142	146
142	148
142	151
142	152
142	164
142	167
142	170
142	172
142	179
142	181
142	184
142	902
143	53
143	54
143	55
143	76
143	96
143	105
143	108
143	112
143	126
143	136
143	144
143	150
143	154
143	156
143	157
143	158
143	161
143	170
143	171
143	172
143	175
143	178
143	180
143	183
143	184
143	613
144	21
144	37
144	39
144	46
144	77
144	86
144	96
144	112
144	114
144	123
144	134
144	136
144	138
144	140
144	143
144	152
144	153
144	157
144	161
144	169
144	170
144	171
144	172
144	178
144	180
144	413
144	704
145	10
145	28
145	63
145	64
145	106
145	109
145	112
145	121
145	122
145	123
145	124
145	125
145	128
145	132
145	137
145	141
145	147
145	150
145	154
145	162
145	165
145	174
145	175
145	177
145	184
145	966
145	973
146	20
146	30
146	32
146	42
146	45
146	51
146	58
146	81
146	83
146	90
146	94
146	119
146	135
146	142
146	148
146	149
146	155
146	159
146	164
146	166
146	170
146	173
146	178
146	182
146	183
146	184
146	464
147	2
147	7
147	14
147	23
147	31
147	34
147	44
147	48
147	87
147	91
147	92
147	93
147	111
147	117
147	121
147	124
147	128
147	132
147	139
147	140
147	145
147	163
147	165
147	174
147	177
147	182
147	856
148	4
148	30
148	52
148	57
148	69
148	72
148	75
148	85
148	101
148	120
148	127
148	131
148	133
148	142
148	146
148	149
148	151
148	158
148	159
148	163
148	167
148	170
148	173
148	176
148	181
148	182
148	184
148	808
149	29
149	35
149	71
149	79
149	95
149	96
149	102
149	106
149	108
149	118
149	121
149	125
149	131
149	134
149	136
149	138
149	140
149	141
149	146
149	148
149	160
149	161
149	171
149	172
149	178
149	181
149	183
149	295
149	825
150	2
150	5
150	9
150	47
150	49
150	70
150	82
150	91
150	99
150	100
150	101
150	109
150	116
150	126
150	135
150	136
150	139
150	143
150	145
150	151
150	153
150	154
150	162
150	166
150	168
150	169
150	176
150	181
150	344
151	1
151	41
151	48
151	50
151	52
151	72
151	78
151	83
151	85
151	89
151	92
151	104
151	107
151	119
151	133
151	138
151	142
151	148
151	150
151	155
151	159
151	167
151	170
151	173
151	174
151	177
151	181
151	184
151	311
152	6
152	7
152	16
152	46
152	54
152	55
152	62
152	64
152	77
152	101
152	105
152	110
152	118
152	122
152	125
152	135
152	142
152	144
152	157
152	160
152	161
152	171
152	172
152	175
152	178
152	179
152	180
152	183
152	836
152	999
153	9
153	29
153	37
153	55
153	58
153	60
153	61
153	68
153	79
153	82
153	93
153	94
153	101
153	107
153	110
153	116
153	128
153	133
153	139
153	141
153	144
153	150
153	158
153	166
153	168
153	170
153	172
153	176
153	181
153	422
153	841
154	22
154	28
154	56
154	60
154	65
154	66
154	67
154	68
154	84
154	93
154	95
154	97
154	98
154	112
154	120
154	121
154	123
154	132
154	138
154	139
154	143
154	145
154	150
154	157
154	166
154	168
154	175
154	176
154	179
154	445
154	530
155	19
155	21
155	22
155	33
155	51
155	53
155	59
155	69
155	75
155	81
155	85
155	97
155	107
155	127
155	129
155	130
155	138
155	146
155	151
155	159
155	161
155	163
155	164
155	170
155	171
155	173
155	181
155	182
155	184
155	198
155	624
156	16
156	17
156	18
156	29
156	39
156	54
156	59
156	76
156	77
156	82
156	86
156	93
156	98
156	114
156	118
156	122
156	125
156	130
156	131
156	136
156	143
156	169
156	171
156	172
156	176
156	177
156	178
156	180
156	182
156	183
156	374
157	3
157	39
157	46
157	57
157	76
157	86
157	96
157	102
157	104
157	105
157	119
157	130
157	131
157	134
157	136
157	140
157	143
157	144
157	152
157	154
157	160
157	161
157	168
157	170
157	171
157	176
157	178
157	180
157	182
157	183
157	457
157	978
158	12
158	27
158	31
158	53
158	57
158	62
158	65
158	66
158	67
158	68
158	77
158	79
158	88
158	93
158	99
158	104
158	105
158	110
158	115
158	125
158	126
158	129
158	130
158	134
158	135
158	139
158	143
158	148
158	153
158	169
158	175
158	179
158	327
159	17
159	19
159	27
159	30
159	33
159	43
159	50
159	51
159	78
159	85
159	89
159	90
159	97
159	101
159	106
159	108
159	113
159	127
159	128
159	129
159	138
159	139
159	146
159	148
159	151
159	155
159	164
159	165
159	167
159	170
159	182
159	687
159	923
160	6
160	29
160	35
160	38
160	42
160	53
160	65
160	72
160	78
160	83
160	91
160	97
160	102
160	105
160	108
160	114
160	118
160	125
160	134
160	136
160	137
160	140
160	149
160	152
160	157
160	171
160	172
160	178
160	179
160	180
160	182
160	235
160	701
161	9
161	24
161	29
161	53
161	63
161	72
161	76
161	77
161	84
161	94
161	102
161	105
161	108
161	116
161	118
161	130
161	131
161	133
161	134
161	140
161	143
161	144
161	149
161	152
161	155
161	157
161	165
161	171
161	172
161	178
161	180
161	183
161	331
161	890
162	12
162	13
162	15
162	25
162	32
162	36
162	37
162	40
162	45
162	65
162	66
162	79
162	82
162	86
162	97
162	113
162	120
162	133
162	135
162	137
162	139
162	141
162	145
162	150
162	166
162	168
162	174
162	175
162	178
162	179
162	182
162	183
162	508
162	810
163	2
163	3
163	11
163	19
163	26
163	28
163	34
163	39
163	41
163	44
163	51
163	63
163	72
163	73
163	80
163	87
163	93
163	96
163	106
163	109
163	111
163	117
163	121
163	122
163	123
163	136
163	137
163	147
163	148
163	155
163	168
163	174
163	177
163	184
163	404
164	2
164	7
164	21
164	33
164	42
164	50
164	52
164	60
164	63
164	66
164	68
164	81
164	83
164	89
164	90
164	105
164	115
164	117
164	119
164	127
164	138
164	142
164	146
164	155
164	159
164	167
164	170
164	173
164	174
164	178
164	180
164	181
164	182
164	184
164	752
164	979
165	5
165	10
165	14
165	26
165	33
165	40
165	41
165	44
165	61
165	63
165	64
165	73
165	74
165	80
165	84
165	91
165	98
165	102
165	105
165	106
165	111
165	118
165	122
165	124
165	132
165	137
165	145
165	147
165	159
165	161
165	170
165	174
165	180
165	182
165	716
165	970
166	23
166	24
166	25
166	31
166	36
166	49
166	58
166	65
166	68
166	70
166	74
166	89
166	101
166	104
166	108
166	109
166	116
166	121
166	129
166	135
166	146
166	150
166	153
166	154
166	162
166	167
166	168
166	169
166	170
166	172
166	175
166	178
166	179
166	180
166	183
166	694
166	958
167	8
167	21
167	31
167	33
167	43
167	47
167	50
167	56
167	65
167	68
167	71
167	72
167	75
167	78
167	83
167	89
167	90
167	95
167	107
167	115
167	119
167	121
167	127
167	135
167	142
167	148
167	151
167	159
167	164
167	166
167	170
167	173
167	175
167	181
167	182
167	184
167	692
167	754
168	2
168	24
168	25
168	49
168	62
168	67
168	82
168	85
168	88
168	100
168	101
168	107
168	110
168	112
168	116
168	120
168	122
168	131
168	133
168	135
168	137
168	141
168	150
168	153
168	154
168	157
168	162
168	163
168	166
168	169
168	171
168	173
168	175
168	176
168	178
168	179
168	182
168	308
168	939
169	1
169	4
169	15
169	22
169	24
169	31
169	49
169	58
169	67
169	70
169	71
169	74
169	88
169	89
169	90
169	93
169	97
169	99
169	104
169	108
169	112
169	123
169	124
169	128
169	129
169	135
169	139
169	141
169	144
169	150
169	156
169	158
169	166
169	168
169	172
169	176
169	183
169	187
169	199
170	8
170	15
170	19
170	42
170	43
170	50
170	52
170	72
170	75
170	89
170	92
170	93
170	103
170	115
170	118
170	119
170	126
170	138
170	142
170	143
170	144
170	146
170	148
170	151
170	153
170	155
170	157
170	159
170	164
170	165
170	166
170	167
170	173
170	180
170	181
170	182
170	183
170	184
170	246
170	982
171	11
171	19
171	20
171	29
171	33
171	35
171	43
171	46
171	59
171	61
171	77
171	79
171	80
171	87
171	95
171	96
171	108
171	114
171	130
171	131
171	133
171	134
171	136
171	140
171	143
171	144
171	149
171	152
171	155
171	156
171	157
171	160
171	161
171	168
171	172
171	178
171	180
171	183
171	543
171	750
172	6
172	7
172	25
172	29
172	38
172	54
172	55
172	59
172	64
172	71
172	74
172	76
172	95
172	96
172	100
172	105
172	106
172	108
172	114
172	118
172	121
172	125
172	134
172	140
172	142
172	143
172	144
172	149
172	152
172	153
172	156
172	160
172	161
172	166
172	169
172	171
172	178
172	179
172	180
172	183
172	184
172	739
172	996
173	3
173	8
173	12
173	13
173	15
173	21
173	30
173	33
173	38
173	43
173	46
173	50
173	51
173	54
173	57
173	69
173	72
173	75
173	80
173	81
173	90
173	97
173	107
173	109
173	114
173	119
173	127
173	138
173	146
173	148
173	151
173	155
173	164
173	167
173	168
173	170
173	175
173	181
173	182
173	183
173	184
173	610
173	617
174	5
174	6
174	11
174	12
174	14
174	20
174	26
174	28
174	41
174	43
174	44
174	61
174	63
174	64
174	70
174	73
174	75
174	78
174	80
174	82
174	84
174	87
174	91
174	98
174	103
174	111
174	117
174	122
174	123
174	124
174	128
174	137
174	145
174	147
174	151
174	162
174	163
174	164
174	165
174	177
174	181
174	183
174	212
174	306
175	9
175	12
175	24
175	25
175	31
175	37
175	47
175	56
175	58
175	65
175	66
175	67
175	70
175	90
175	93
175	94
175	97
175	101
175	112
175	113
175	114
175	116
175	120
175	127
175	132
175	135
175	141
175	143
175	145
175	152
175	154
175	158
175	162
175	166
175	167
175	168
175	173
175	176
175	178
175	180
175	182
175	183
175	473
175	496
176	10
176	12
176	13
176	25
176	27
176	31
176	36
176	47
176	58
176	68
176	82
176	88
176	99
176	101
176	104
176	109
176	110
176	111
176	112
176	113
176	116
176	117
176	119
176	120
176	124
176	126
176	133
176	134
176	139
176	148
176	150
176	153
176	154
176	156
176	157
176	168
176	169
176	175
176	177
176	179
176	180
176	183
176	955
176	998
177	3
177	5
177	10
177	20
177	28
177	34
177	40
177	61
177	63
177	64
177	73
177	75
177	79
177	87
177	91
177	95
177	98
177	100
177	103
177	106
177	109
177	117
177	120
177	121
177	122
177	123
177	124
177	128
177	129
177	132
177	133
177	137
177	140
177	145
177	147
177	151
177	156
177	163
177	174
177	176
177	181
177	183
177	727
177	927
178	6
178	10
178	18
178	35
178	36
178	38
178	39
178	46
178	54
178	56
178	57
178	87
178	88
178	95
178	96
178	105
178	114
178	118
178	125
178	130
178	131
178	134
178	136
178	143
178	144
178	146
178	149
178	152
178	156
178	157
178	160
178	161
178	162
178	164
178	166
178	168
178	171
178	172
178	175
178	180
178	181
178	183
178	265
178	375
178	653
179	1
179	12
179	13
179	24
179	27
179	31
179	36
179	37
179	42
179	46
179	48
179	58
179	65
179	67
179	68
179	71
179	83
179	88
179	93
179	94
179	101
179	104
179	110
179	116
179	119
179	120
179	124
179	129
179	130
179	133
179	134
179	135
179	136
179	142
179	152
179	154
179	158
179	160
179	162
179	166
179	168
179	172
179	176
179	182
179	255
179	522
179	936
180	6
180	7
180	18
180	21
180	30
180	39
180	55
180	59
180	60
180	76
180	86
180	87
180	95
180	96
180	102
180	105
180	108
180	114
180	117
180	118
180	125
180	126
180	130
180	131
180	134
180	136
180	143
180	144
180	152
180	156
180	157
180	160
180	161
180	164
180	165
180	166
180	170
180	171
180	172
180	175
180	176
180	178
180	181
180	182
180	183
180	709
180	756
181	4
181	8
181	16
181	19
181	20
181	30
181	32
181	43
181	45
181	51
181	52
181	57
181	75
181	78
181	81
181	83
181	89
181	91
181	92
181	104
181	107
181	111
181	115
181	119
181	121
181	128
181	135
181	138
181	142
181	148
181	149
181	150
181	151
181	153
181	155
181	164
181	167
181	170
181	173
181	174
181	177
181	178
181	180
181	182
181	184
181	260
181	911
182	17
182	19
182	22
182	30
182	32
182	33
182	42
182	43
182	45
182	50
182	51
182	53
182	69
182	72
182	76
182	78
182	81
182	85
182	89
182	115
182	119
182	126
182	127
182	131
182	138
182	146
182	147
182	148
182	155
182	156
182	157
182	159
182	160
182	162
182	164
182	165
182	167
182	168
182	170
182	173
182	175
182	179
182	180
182	181
182	184
182	388
182	439
183	6
183	7
183	16
183	18
183	38
183	39
183	41
183	53
183	54
183	59
183	75
183	76
183	77
183	86
183	95
183	96
183	102
183	105
183	108
183	116
183	118
183	120
183	125
183	128
183	130
183	131
183	140
183	143
183	146
183	149
183	152
183	156
183	157
183	161
183	162
183	166
183	169
183	170
183	171
183	172
183	173
183	174
183	175
183	176
183	177
183	178
183	180
183	283
183	803
184	4
184	8
184	9
184	13
184	15
184	16
184	21
184	32
184	45
184	50
184	51
184	57
184	62
184	69
184	72
184	75
184	78
184	85
184	90
184	92
184	107
184	109
184	115
184	118
184	119
184	120
184	123
184	127
184	132
184	136
184	138
184	140
184	142
184	143
184	145
184	146
184	148
184	151
184	155
184	163
184	164
184	167
184	170
184	172
184	173
184	181
184	182
184	370
184	469
185	279
185	287
185	291
185	293
185	312
185	314
185	325
185	343
185	344
185	345
186	188
186	215
186	238
186	284
186	291
186	299
186	304
186	309
186	324
186	325
187	169
187	279
187	292
187	308
187	311
187	315
187	328
187	330
187	333
187	342
188	186
188	191
188	195
188	239
188	257
188	319
188	338
188	339
188	342
188	886
189	272
189	282
189	284
189	310
189	316
189	320
189	324
189	325
189	328
189	337
190	200
190	230
190	273
190	302
190	304
190	319
190	326
190	342
190	757
191	188
191	196
191	200
191	233
191	238
191	293
191	326
191	338
191	342
191	344
192	220
192	242
192	270
192	278
192	295
192	298
192	326
192	327
192	338
192	475
193	211
193	278
193	308
193	309
193	311
193	315
193	328
193	330
193	336
193	550
194	225
194	230
194	250
194	270
194	319
194	321
194	323
194	327
194	341
194	343
195	188
195	312
195	328
195	331
195	332
195	335
195	341
195	344
195	345
195	718
196	191
196	307
196	313
196	316
196	326
196	334
196	337
196	338
196	339
196	443
197	29
197	284
197	287
197	308
197	310
197	316
197	320
197	324
197	325
197	334
198	155
198	225
198	281
198	309
198	326
198	332
198	336
198	337
198	338
198	342
199	169
199	239
199	250
199	283
199	295
199	335
199	337
199	343
199	344
199	345
200	190
200	191
200	240
200	316
200	317
200	333
200	336
200	339
200	342
200	980
201	246
201	247
201	250
201	257
201	268
201	270
201	282
201	298
201	299
201	337
202	216
202	251
202	258
202	274
202	275
202	280
202	285
202	304
202	308
202	332
203	219
203	225
203	255
203	310
203	316
203	320
203	324
203	325
203	332
203	343
204	232
204	281
204	306
204	322
204	326
204	327
204	332
204	336
204	342
204	345
205	217
205	258
205	266
205	291
205	306
205	310
205	316
205	320
205	324
205	325
206	233
206	247
206	263
206	302
206	314
206	322
206	332
206	333
206	336
206	343
207	232
207	243
207	302
207	318
207	323
207	326
207	331
207	334
207	340
207	345
208	239
208	285
208	286
208	308
208	311
208	319
208	328
208	330
208	338
208	897
209	224
209	233
209	259
209	274
209	280
209	282
209	304
209	305
209	317
209	342
210	214
210	224
210	255
210	256
210	258
210	259
210	263
210	285
210	306
210	458
211	193
211	233
211	239
211	300
211	306
211	308
211	309
211	328
211	330
211	345
211	767
212	174
212	217
212	287
212	303
212	305
212	320
212	321
212	327
212	335
212	339
212	340
213	214
213	216
213	263
213	267
213	280
213	282
213	286
213	298
213	325
213	335
213	815
214	210
214	213
214	228
214	258
214	259
214	261
214	267
214	304
214	317
214	340
214	644
215	186
215	223
215	255
215	266
215	287
215	310
215	316
215	320
215	324
215	325
215	954
216	202
216	213
216	244
216	251
216	263
216	275
216	282
216	302
216	304
216	334
216	657
217	205
217	212
217	260
217	313
217	325
217	327
217	334
217	338
217	341
217	343
217	344
218	224
218	228
218	256
218	258
218	260
218	274
218	277
218	280
218	282
218	310
218	328
219	203
219	222
219	234
219	316
219	320
219	324
219	325
219	326
219	342
219	343
219	687
220	192
220	249
220	269
220	317
220	326
220	329
220	336
220	337
220	342
220	344
220	629
221	272
221	279
221	281
221	284
221	291
221	310
221	316
221	320
221	324
221	325
221	345
222	219
222	224
222	235
222	275
222	284
222	291
222	310
222	320
222	324
222	325
222	326
222	328
223	215
223	262
223	296
223	301
223	311
223	314
223	315
223	328
223	330
223	334
223	344
223	762
224	209
224	210
224	218
224	222
224	233
224	256
224	267
224	274
224	304
224	313
224	342
224	977
225	194
225	198
225	203
225	235
225	265
225	268
225	291
225	310
225	316
225	320
225	324
225	325
226	246
226	291
226	298
226	323
226	325
226	329
226	332
226	333
226	335
226	336
226	339
226	342
227	244
227	247
227	261
227	273
227	275
227	277
227	289
227	327
227	335
227	340
227	341
227	344
228	214
228	218
228	243
228	244
228	251
228	256
228	267
228	282
228	304
228	309
228	319
228	943
229	268
229	288
229	299
229	317
229	322
229	326
229	329
229	333
229	334
229	338
229	343
229	344
230	190
230	194
230	263
230	279
230	303
230	308
230	309
230	311
230	315
230	328
230	330
230	336
231	286
231	296
231	303
231	308
231	309
231	315
231	320
231	323
231	328
231	330
231	336
231	764
232	204
232	207
232	271
232	277
232	311
232	312
232	314
232	321
232	327
232	331
232	345
232	982
233	191
233	206
233	209
233	211
233	224
233	256
233	259
233	274
233	280
233	282
233	304
233	342
234	219
234	291
234	294
234	310
234	316
234	318
234	320
234	324
234	325
234	335
234	338
234	437
235	160
235	222
235	225
235	248
235	262
235	310
235	312
235	316
235	320
235	324
235	325
235	339
236	239
236	256
236	269
236	296
236	297
236	299
236	303
236	309
236	315
236	328
236	330
236	331
236	461
237	246
237	264
237	271
237	274
237	290
237	307
237	319
237	326
237	330
237	336
237	337
237	339
237	343
238	186
238	191
238	248
238	266
238	284
238	295
238	310
238	316
238	320
238	322
238	324
238	325
238	762
239	72
239	188
239	199
239	208
239	211
239	236
239	290
239	301
239	303
239	310
239	311
239	328
239	330
240	200
240	244
240	260
240	270
240	273
240	276
240	305
240	323
240	331
240	334
240	336
240	341
240	343
241	253
241	276
241	306
241	319
241	321
241	332
241	336
241	337
241	338
241	339
241	340
241	342
241	410
242	192
242	260
242	265
242	296
242	317
242	321
242	322
242	327
242	331
242	334
242	338
242	341
242	711
243	207
243	228
243	252
243	278
243	285
243	295
243	299
243	306
243	322
243	331
243	339
243	343
243	472
244	216
244	227
244	228
244	240
244	256
244	259
244	263
244	267
244	274
244	282
244	304
244	345
244	915
245	254
245	266
245	273
245	288
245	290
245	295
245	297
245	306
245	321
245	322
245	329
245	337
245	729
246	170
246	201
246	226
246	237
246	297
246	298
246	301
246	306
246	329
246	333
246	339
246	342
246	343
247	201
247	206
247	227
247	249
247	288
247	323
247	326
247	328
247	329
247	338
247	342
247	345
247	555
248	235
248	238
248	266
248	272
248	278
248	310
248	311
248	314
248	316
248	320
248	324
248	325
248	331
249	220
249	247
249	271
249	279
249	285
249	292
249	302
249	306
249	308
249	319
249	321
249	332
249	337
250	194
250	199
250	201
250	262
250	288
250	305
250	314
250	321
250	327
250	331
250	337
250	340
250	341
250	343
251	202
251	216
251	228
251	258
251	259
251	267
251	274
251	277
251	280
251	284
251	304
251	321
251	340
251	953
252	243
252	258
252	264
252	278
252	283
252	298
252	301
252	307
252	319
252	332
252	333
252	337
252	342
252	989
253	121
253	241
253	290
253	293
253	297
253	302
253	312
253	318
253	321
253	340
253	341
253	342
253	344
253	345
254	245
254	287
254	320
254	326
254	328
254	329
254	332
254	333
254	335
254	336
254	338
254	339
254	342
254	922
255	179
255	203
255	210
255	215
255	279
255	280
255	300
255	301
255	309
255	311
255	315
255	319
255	328
255	330
256	210
256	218
256	224
256	228
256	233
256	236
256	244
256	258
256	280
256	282
256	303
256	316
256	341
256	367
257	188
257	201
257	271
257	285
257	302
257	312
257	321
257	322
257	329
257	333
257	334
257	336
257	340
257	342
257	678
258	202
258	205
258	210
258	214
258	218
258	251
258	252
258	256
258	263
258	267
258	282
258	304
258	321
258	342
258	642
259	209
259	210
259	214
259	233
259	244
259	251
259	279
259	280
259	282
259	293
259	304
259	308
259	317
259	326
259	984
260	181
260	217
260	218
260	240
260	242
260	264
260	303
260	317
260	319
260	327
260	330
260	340
260	343
260	344
260	345
261	131
261	214
261	227
261	289
261	301
261	311
261	331
261	334
261	335
261	340
261	341
261	342
261	343
261	344
261	345
262	223
262	235
262	250
262	269
262	292
262	300
262	301
262	303
262	308
262	311
262	315
262	323
262	330
262	331
262	755
263	206
263	210
263	213
263	216
263	230
263	244
263	258
263	274
263	280
263	282
263	304
263	318
263	344
263	345
263	988
264	237
264	252
264	260
264	293
264	313
264	317
264	323
264	324
264	332
264	335
264	339
264	340
264	343
264	345
264	592
265	178
265	225
265	242
265	288
265	289
265	296
265	299
265	304
265	312
265	313
265	318
265	323
265	335
265	341
265	343
266	205
266	215
266	238
266	245
266	248
266	272
266	291
266	304
266	316
266	320
266	323
266	324
266	325
266	340
266	932
267	213
267	214
267	224
267	228
267	244
267	251
267	258
267	272
267	274
267	282
267	300
267	304
267	344
267	345
267	994
268	201
268	225
268	229
268	271
268	273
268	277
268	299
268	327
268	332
268	336
268	337
268	338
268	340
268	342
268	344
268	638
269	220
269	236
269	262
269	296
269	298
269	300
269	301
269	303
269	307
269	309
269	311
269	328
269	330
269	337
269	342
269	602
270	137
270	192
270	194
270	201
270	240
270	280
270	317
270	322
270	325
270	327
270	334
270	335
270	341
270	343
270	344
270	345
271	232
271	237
271	249
271	257
271	268
271	298
271	302
271	305
271	307
271	326
271	327
271	330
271	332
271	340
271	342
271	965
272	189
272	221
272	248
272	266
272	267
272	284
272	290
272	291
272	307
272	316
272	320
272	324
272	325
272	326
272	331
272	600
273	190
273	227
273	240
273	245
273	268
273	288
273	290
273	291
273	293
273	295
273	317
273	332
273	333
273	337
273	338
273	593
274	202
274	209
274	218
274	224
274	233
274	237
274	244
274	251
274	263
274	267
274	280
274	298
274	304
274	320
274	323
274	342
275	202
275	216
275	222
275	227
275	276
275	305
275	312
275	314
275	318
275	319
275	330
275	331
275	334
275	341
275	343
275	344
275	345
276	240
276	241
276	275
276	296
276	298
276	305
276	313
276	317
276	318
276	320
276	323
276	335
276	336
276	341
276	343
276	345
276	972
277	218
277	227
277	232
277	251
277	268
277	287
277	298
277	302
277	313
277	314
277	320
277	323
277	331
277	334
277	335
277	341
277	345
277	670
278	192
278	193
278	243
278	248
278	252
278	287
278	298
278	299
278	313
278	319
278	332
278	333
278	336
278	337
278	339
278	340
278	342
278	405
279	185
279	187
279	221
279	230
279	249
279	255
279	259
279	292
279	296
279	303
279	308
279	309
279	310
279	315
279	321
279	328
279	330
279	440
280	202
280	209
280	213
280	218
280	233
280	251
280	255
280	256
280	259
280	263
280	270
280	274
280	282
280	299
280	304
280	332
280	339
280	745
281	198
281	204
281	221
281	288
281	293
281	317
281	319
281	327
281	329
281	332
281	333
281	336
281	337
281	338
281	339
281	342
281	344
281	544
282	189
282	201
282	209
282	213
282	216
282	218
282	228
282	233
282	244
282	256
282	258
282	259
282	263
282	267
282	280
282	295
282	318
282	344
282	381
283	183
283	199
283	252
283	284
283	287
283	293
283	294
283	295
283	314
283	317
283	321
283	327
283	331
283	335
283	337
283	338
283	340
283	343
283	344
284	186
284	189
284	197
284	221
284	222
284	238
284	251
284	272
284	283
284	291
284	308
284	309
284	310
284	316
284	320
284	324
284	325
284	326
284	333
284	900
285	10
285	202
285	208
285	210
285	243
285	249
285	257
285	289
285	290
285	296
285	299
285	302
285	322
285	329
285	333
285	335
285	337
285	338
285	339
285	342
286	208
286	213
286	231
286	292
286	296
286	298
286	300
286	301
286	303
286	308
286	309
286	311
286	315
286	319
286	322
286	328
286	330
286	334
286	345
286	757
287	185
287	197
287	212
287	215
287	254
287	277
287	278
287	283
287	294
287	302
287	312
287	321
287	327
287	331
287	334
287	336
287	340
287	343
287	345
287	460
288	229
288	245
288	247
288	250
288	265
288	273
288	281
288	295
288	299
288	300
288	306
288	307
288	322
288	323
288	326
288	329
288	334
288	339
288	342
288	345
288	851
289	227
289	261
289	265
289	285
289	294
289	299
289	307
289	313
289	314
289	318
289	327
289	333
289	334
289	338
289	339
289	340
289	341
289	343
289	344
289	345
289	449
290	237
290	239
290	245
290	253
290	272
290	273
290	285
290	295
290	299
290	312
290	314
290	319
290	321
290	322
290	325
290	329
290	333
290	337
290	338
290	339
290	928
291	185
291	186
291	205
291	221
291	222
291	225
291	226
291	234
291	266
291	272
291	273
291	284
291	294
291	310
291	316
291	320
291	321
291	324
291	325
291	345
291	708
292	187
292	249
292	262
292	279
292	286
292	296
292	300
292	301
292	308
292	309
292	311
292	314
292	315
292	318
292	328
292	329
292	330
292	336
292	338
292	345
292	616
293	185
293	191
293	253
293	259
293	264
293	273
293	281
293	283
293	295
293	304
293	313
293	314
293	321
293	330
293	334
293	335
293	340
293	341
293	343
293	344
293	345
293	427
294	234
294	283
294	287
294	289
294	291
294	300
294	305
294	314
294	317
294	318
294	321
294	323
294	324
294	326
294	334
294	335
294	337
294	339
294	340
294	341
294	343
294	929
295	149
295	192
295	199
295	238
295	243
295	245
295	273
295	282
295	283
295	288
295	290
295	293
295	298
295	307
295	319
295	323
295	329
295	332
295	337
295	338
295	339
295	340
296	223
296	231
296	236
296	242
296	265
296	269
296	276
296	279
296	285
296	286
296	292
296	300
296	301
296	308
296	310
296	311
296	315
296	328
296	330
296	331
296	336
296	752
297	141
297	236
297	245
297	246
297	253
297	306
297	312
297	313
297	317
297	318
297	323
297	325
297	327
297	329
297	331
297	334
297	335
297	340
297	341
297	343
297	344
297	345
298	192
298	201
298	213
298	226
298	246
298	252
298	269
298	271
298	274
298	276
298	277
298	278
298	286
298	295
298	307
298	319
298	322
298	335
298	336
298	337
298	338
298	339
298	993
299	83
299	186
299	201
299	229
299	236
299	243
299	265
299	268
299	278
299	280
299	285
299	288
299	289
299	290
299	302
299	306
299	314
299	326
299	329
299	336
299	339
299	342
299	343
300	211
300	255
300	262
300	267
300	269
300	286
300	288
300	292
300	294
300	296
300	301
300	303
300	309
300	311
300	314
300	315
300	328
300	329
300	330
300	344
300	345
300	444
300	782
301	7
301	223
301	239
301	246
301	252
301	255
301	261
301	262
301	269
301	286
301	292
301	296
301	300
301	303
301	308
301	309
301	315
301	325
301	328
301	330
301	333
301	343
301	744
302	190
302	206
302	207
302	216
302	249
302	253
302	257
302	271
302	277
302	285
302	287
302	299
302	307
302	322
302	326
302	327
302	332
302	333
302	336
302	337
302	338
302	339
302	344
302	356
303	212
303	230
303	231
303	236
303	239
303	256
303	260
303	262
303	269
303	279
303	286
303	300
303	301
303	308
303	309
303	311
303	314
303	315
303	322
303	328
303	330
303	337
303	338
303	672
304	186
304	190
304	202
304	209
304	214
304	216
304	224
304	228
304	233
304	244
304	251
304	258
304	259
304	263
304	265
304	266
304	267
304	274
304	280
304	293
304	339
304	342
304	343
304	481
305	209
305	212
305	240
305	250
305	271
305	275
305	276
305	294
305	307
305	312
305	315
305	317
305	318
305	324
305	327
305	331
305	333
305	337
305	340
305	341
305	343
305	344
305	345
305	538
306	174
306	204
306	205
306	210
306	211
306	241
306	243
306	245
306	246
306	249
306	288
306	297
306	299
306	317
306	322
306	324
306	326
306	329
306	331
306	333
306	336
306	338
306	339
306	342
306	345
307	196
307	237
307	252
307	269
307	271
307	272
307	288
307	289
307	295
307	298
307	302
307	305
307	316
307	319
307	322
307	329
307	333
307	334
307	336
307	337
307	338
307	341
307	342
307	344
307	843
308	5
308	168
308	187
308	193
308	197
308	202
308	208
308	211
308	230
308	231
308	249
308	259
308	262
308	279
308	284
308	286
308	292
308	296
308	301
308	303
308	309
308	315
308	328
308	330
308	335
308	337
309	186
309	193
309	198
309	211
309	228
309	230
309	231
309	236
309	255
309	269
309	279
309	284
309	286
309	292
309	300
309	301
309	303
309	308
309	310
309	311
309	313
309	315
309	318
309	323
309	328
309	330
309	753
310	189
310	197
310	203
310	205
310	215
310	218
310	221
310	222
310	225
310	234
310	235
310	238
310	239
310	248
310	279
310	284
310	291
310	296
310	309
310	316
310	320
310	324
310	325
310	331
310	333
310	341
310	650
311	33
311	151
311	187
311	193
311	208
311	223
311	230
311	232
311	239
311	248
311	255
311	261
311	262
311	269
311	286
311	292
311	296
311	300
311	303
311	309
311	312
311	315
311	328
311	329
311	330
311	335
311	342
311	344
312	185
312	195
312	232
312	235
312	253
312	257
312	265
312	275
312	287
312	290
312	297
312	305
312	311
312	316
312	318
312	321
312	322
312	323
312	331
312	332
312	335
312	336
312	340
312	341
312	343
312	344
312	345
312	721
313	196
313	217
313	224
313	264
313	265
313	276
313	277
313	278
313	289
313	293
313	297
313	309
313	315
313	317
313	321
313	323
313	327
313	331
313	332
313	334
313	337
313	338
313	340
313	343
313	344
313	345
313	542
313	959
314	185
314	206
314	223
314	232
314	248
314	250
314	275
314	277
314	283
314	289
314	290
314	292
314	293
314	294
314	299
314	300
314	303
314	316
314	318
314	327
314	334
314	335
314	340
314	341
314	343
314	344
314	345
314	352
315	187
315	193
315	223
315	230
315	231
315	236
315	255
315	262
315	279
315	286
315	292
315	296
315	300
315	301
315	303
315	305
315	308
315	309
315	311
315	313
315	316
315	318
315	324
315	327
315	328
315	329
315	330
315	336
315	401
315	728
316	189
316	196
316	197
316	200
316	203
316	205
316	215
316	219
316	221
316	225
316	234
316	235
316	238
316	248
316	256
316	266
316	272
316	284
316	291
316	307
316	310
316	312
316	314
316	315
316	320
316	324
316	325
316	329
316	344
316	445
317	200
317	209
317	214
317	220
317	229
317	242
317	259
317	260
317	264
317	270
317	273
317	276
317	281
317	283
317	294
317	297
317	305
317	306
317	313
317	321
317	323
317	331
317	333
317	334
317	335
317	340
317	341
317	344
317	345
317	369
317	946
318	139
318	207
318	234
318	253
318	263
318	265
318	275
318	276
318	282
318	289
318	292
318	294
318	297
318	305
318	309
318	312
318	314
318	315
318	321
318	323
318	324
318	326
318	327
318	331
318	333
318	334
318	335
318	338
318	343
318	344
318	345
318	781
319	188
319	190
319	194
319	208
319	228
319	237
319	241
319	249
319	252
319	255
319	260
319	275
319	278
319	281
319	286
319	290
319	295
319	298
319	307
319	322
319	329
319	332
319	333
319	336
319	337
319	338
319	339
319	340
319	341
319	342
319	343
319	646
320	189
320	197
320	203
320	205
320	212
320	215
320	219
320	221
320	222
320	225
320	231
320	234
320	235
320	238
320	248
320	254
320	266
320	272
320	274
320	276
320	277
320	284
320	291
320	310
320	316
320	324
320	325
320	327
320	331
320	338
320	726
320	743
321	194
321	212
321	232
321	241
321	242
321	245
321	249
321	250
321	251
321	253
321	257
321	258
321	279
321	283
321	287
321	290
321	291
321	293
321	294
321	312
321	313
321	317
321	318
321	331
321	333
321	334
321	335
321	340
321	343
321	344
321	345
321	517
321	933
322	204
322	206
322	229
322	238
322	242
322	243
322	245
322	257
322	270
322	285
322	286
322	288
322	290
322	298
322	302
322	303
322	306
322	307
322	312
322	319
322	324
322	329
322	332
322	333
322	334
322	336
322	338
322	339
322	341
322	342
322	343
322	501
322	948
323	105
323	194
323	207
323	226
323	231
323	240
323	247
323	262
323	264
323	265
323	266
323	274
323	276
323	277
323	288
323	294
323	295
323	297
323	309
323	312
323	313
323	317
323	318
323	327
323	330
323	331
323	335
323	336
323	340
323	341
323	343
323	344
323	345
324	186
324	189
324	197
324	203
324	205
324	215
324	219
324	221
324	222
324	225
324	234
324	235
324	238
324	248
324	264
324	266
324	272
324	284
324	291
324	294
324	305
324	306
324	310
324	315
324	316
324	318
324	320
324	322
324	325
324	329
324	339
324	343
324	722
324	726
325	119
325	185
325	186
325	189
325	197
325	203
325	205
325	213
325	215
325	217
325	219
325	221
325	222
325	225
325	226
325	234
325	235
325	238
325	248
325	266
325	270
325	272
325	284
325	290
325	291
325	297
325	301
325	310
325	316
325	320
325	324
325	327
325	328
325	779
326	190
326	191
326	192
326	196
326	198
326	204
326	207
326	219
326	220
326	222
326	229
326	237
326	247
326	254
326	259
326	271
326	272
326	284
326	288
326	294
326	299
326	302
326	306
326	318
326	329
326	332
326	333
326	336
326	337
326	339
326	341
326	345
326	348
326	587
327	158
327	192
327	194
327	204
327	212
327	217
327	227
327	232
327	242
327	250
327	260
327	268
327	270
327	271
327	281
327	283
327	287
327	289
327	297
327	302
327	305
327	313
327	314
327	315
327	318
327	320
327	323
327	325
327	330
327	334
327	335
327	337
327	340
327	341
327	344
328	187
328	189
328	193
328	195
328	208
328	211
328	218
328	222
328	223
328	230
328	231
328	236
328	239
328	247
328	254
328	255
328	269
328	279
328	286
328	292
328	296
328	300
328	301
328	303
328	308
328	309
328	311
328	315
328	325
328	330
328	332
328	333
328	345
328	539
328	823
329	220
329	226
329	229
329	245
329	246
329	247
329	254
329	257
329	281
329	285
329	288
329	290
329	292
329	295
329	297
329	299
329	300
329	306
329	307
329	311
329	315
329	316
329	319
329	322
329	324
329	326
329	332
329	333
329	334
329	335
329	338
329	339
329	340
329	341
329	342
329	537
329	929
330	187
330	193
330	208
330	211
330	223
330	230
330	231
330	236
330	237
330	239
330	255
330	260
330	262
330	269
330	271
330	275
330	279
330	286
330	292
330	293
330	296
330	300
330	301
330	303
330	308
330	309
330	311
330	315
330	323
330	327
330	328
330	333
330	341
330	342
330	344
330	518
330	674
331	161
331	195
331	207
331	232
331	236
331	240
331	242
331	243
331	248
331	250
331	261
331	262
331	272
331	275
331	277
331	283
331	287
331	296
331	297
331	305
331	306
331	310
331	312
331	313
331	317
331	318
331	320
331	321
331	323
331	334
331	335
331	336
331	339
331	340
331	341
331	344
331	345
331	623
332	195
332	198
332	202
332	203
332	204
332	206
332	226
332	241
332	249
332	252
332	254
332	264
332	268
332	271
332	273
332	278
332	280
332	281
332	295
332	302
332	312
332	313
332	319
332	322
332	326
332	328
332	329
332	333
332	335
332	336
332	337
332	338
332	339
332	340
332	341
332	342
332	441
332	742
333	187
333	200
333	206
333	226
333	229
333	246
333	252
333	254
333	257
333	273
333	278
333	281
333	284
333	285
333	289
333	290
333	301
333	302
333	305
333	306
333	307
333	310
333	317
333	318
333	319
333	321
333	322
333	326
333	328
333	329
333	330
333	332
333	337
333	338
333	339
333	340
333	342
333	419
333	742
334	196
334	197
334	207
334	216
334	217
334	223
334	229
334	240
334	242
334	257
334	261
334	270
334	275
334	277
334	286
334	287
334	288
334	289
334	293
334	294
334	297
334	307
334	313
334	314
334	317
334	318
334	321
334	322
334	327
334	329
334	331
334	335
334	340
334	341
334	343
334	344
334	345
334	679
334	1000
335	134
335	195
335	199
335	212
335	213
335	226
335	227
335	234
335	254
335	261
335	264
335	265
335	270
335	276
335	277
335	283
335	285
335	293
335	294
335	297
335	298
335	308
335	311
335	312
335	314
335	317
335	318
335	321
335	323
335	327
335	329
335	331
335	332
335	334
335	338
335	339
335	340
335	341
335	344
335	705
336	193
336	198
336	200
336	204
336	206
336	220
336	226
336	230
336	231
336	237
336	240
336	241
336	254
336	257
336	268
336	276
336	278
336	281
336	287
336	292
336	296
336	298
336	299
336	302
336	306
336	307
336	312
336	315
336	319
336	322
336	323
336	326
336	331
336	332
336	337
336	338
336	339
336	342
336	631
336	827
337	189
337	196
337	198
337	199
337	201
337	220
337	237
337	241
337	245
337	249
337	250
337	252
337	268
337	269
337	273
337	278
337	281
337	283
337	285
337	290
337	294
337	295
337	298
337	302
337	303
337	305
337	307
337	308
337	313
337	319
337	326
337	327
337	332
337	333
337	336
337	338
337	339
337	341
337	686
337	835
338	188
338	191
338	192
338	196
338	198
338	208
338	217
338	229
338	234
338	241
338	242
338	247
338	254
338	268
338	273
338	281
338	283
338	285
338	289
338	290
338	292
338	295
338	298
338	302
338	303
338	306
338	307
338	313
338	318
338	319
338	320
338	322
338	329
338	332
338	333
338	335
338	336
338	337
338	341
338	342
338	837
338	899
339	188
339	196
339	200
339	212
339	226
339	235
339	237
339	241
339	243
339	246
339	254
339	264
339	278
339	280
339	281
339	285
339	288
339	289
339	290
339	294
339	295
339	298
339	299
339	302
339	304
339	306
339	319
339	322
339	324
339	326
339	329
339	331
339	332
339	333
339	335
339	336
339	337
339	341
339	342
339	343
339	552
339	557
339	855
340	133
340	207
340	212
340	214
340	227
340	241
340	250
340	251
340	253
340	257
340	260
340	261
340	264
340	266
340	268
340	271
340	278
340	283
340	287
340	289
340	293
340	294
340	295
340	297
340	305
340	312
340	313
340	314
340	317
340	319
340	321
340	323
340	327
340	329
340	331
340	332
340	333
340	334
340	335
340	341
340	343
340	344
340	345
340	493
341	112
341	194
341	195
341	217
341	227
341	240
341	242
341	250
341	253
341	256
341	261
341	265
341	270
341	275
341	276
341	277
341	289
341	293
341	294
341	297
341	305
341	307
341	310
341	312
341	314
341	317
341	319
341	322
341	323
341	326
341	327
341	329
341	330
341	331
341	332
341	334
341	335
341	337
341	338
341	339
341	340
341	342
341	343
341	344
341	667
342	187
342	188
342	190
342	191
342	198
342	200
342	204
342	209
342	219
342	220
342	224
342	226
342	233
342	241
342	246
342	247
342	252
342	253
342	254
342	257
342	258
342	261
342	268
342	269
342	271
342	274
342	278
342	281
342	285
342	288
342	299
342	304
342	306
342	307
342	311
342	319
342	322
342	329
342	330
342	332
342	333
342	336
342	338
342	339
342	341
342	580
342	996
343	185
343	194
343	199
343	203
343	206
343	217
343	219
343	229
343	237
343	240
343	243
343	246
343	250
343	260
343	261
343	264
343	265
343	270
343	275
343	276
343	283
343	287
343	289
343	293
343	294
343	297
343	299
343	301
343	304
343	305
343	312
343	313
343	314
343	318
343	319
343	321
343	322
343	323
343	324
343	334
343	339
343	340
343	341
343	344
343	345
343	654
343	861
344	40
344	150
344	185
344	191
344	195
344	199
344	217
344	220
344	223
344	227
344	229
344	253
344	260
344	261
344	263
344	267
344	268
344	270
344	275
344	281
344	282
344	283
344	289
344	293
344	297
344	300
344	302
344	305
344	307
344	311
344	312
344	313
344	314
344	316
344	317
344	318
344	321
344	323
344	327
344	330
344	331
344	334
344	335
344	340
344	341
344	343
344	345
345	185
345	195
345	199
345	204
345	207
345	211
345	221
345	232
345	244
345	247
345	253
345	260
345	261
345	263
345	264
345	267
345	270
345	275
345	276
345	277
345	286
345	287
345	288
345	289
345	291
345	292
345	293
345	297
345	300
345	305
345	306
345	312
345	313
345	314
345	317
345	318
345	321
345	323
345	326
345	328
345	331
345	334
345	340
345	343
345	344
345	421
345	698
345	760
346	349
346	363
346	397
346	414
346	421
346	440
346	451
346	459
346	466
346	475
347	370
347	373
347	403
347	412
347	414
347	454
347	464
347	470
347	476
347	477
348	326
348	381
348	391
348	396
348	423
348	428
348	469
348	473
348	474
348	477
349	346
349	375
349	382
349	404
349	422
349	433
349	466
349	475
349	476
349	648
350	396
350	403
350	404
350	410
350	418
350	434
350	437
350	441
350	445
350	461
351	396
351	428
351	449
351	452
351	459
351	461
351	468
351	471
351	472
351	475
352	314
352	367
352	379
352	396
352	417
352	419
352	420
352	450
352	454
352	471
353	387
353	391
353	436
353	447
353	458
353	465
353	469
353	473
353	474
353	477
354	366
354	397
354	405
354	447
354	462
354	472
354	473
354	474
354	477
354	865
355	390
355	399
355	413
355	457
355	467
355	469
355	472
355	473
355	474
355	477
356	302
356	372
356	402
356	415
356	439
356	448
356	450
356	456
356	467
356	468
356	474
357	389
357	390
357	438
357	440
357	458
357	462
357	463
357	469
357	472
357	474
357	477
358	367
358	398
358	410
358	423
358	425
358	442
358	446
358	457
358	459
358	466
358	475
359	361
359	381
359	383
359	410
359	443
359	451
359	461
359	474
359	475
359	476
359	744
360	406
360	417
360	427
360	430
360	462
360	463
360	469
360	472
360	473
360	477
360	535
361	359
361	381
361	413
361	438
361	440
361	459
361	460
361	466
361	467
361	468
361	473
362	120
362	367
362	385
362	387
362	410
362	425
362	436
362	450
362	454
362	464
362	466
363	346
363	406
363	417
363	421
363	435
363	448
363	449
363	450
363	453
363	454
363	460
364	365
364	409
364	426
364	434
364	453
364	464
364	466
364	467
364	475
364	476
364	887
365	364
365	373
365	387
365	396
365	415
365	463
365	464
365	469
365	470
365	471
365	476
366	354
366	401
366	404
366	418
366	424
366	426
366	446
366	457
366	461
366	465
366	466
366	468
367	256
367	352
367	358
367	362
367	424
367	441
367	446
367	451
367	452
367	468
367	473
367	476
368	429
368	441
368	453
368	455
368	457
368	463
368	464
368	469
368	472
368	473
368	474
368	477
369	317
369	380
369	390
369	398
369	441
369	448
369	452
369	458
369	467
369	468
369	473
369	475
370	184
370	347
370	379
370	396
370	444
370	463
370	469
370	472
370	473
370	474
370	475
370	477
371	384
371	392
371	402
371	410
371	420
371	427
371	433
371	454
371	457
371	464
371	476
371	972
372	356
372	387
372	394
372	395
372	407
372	445
372	448
372	461
372	464
372	465
372	471
372	985
373	347
373	365
373	388
373	403
373	437
373	442
373	445
373	446
373	448
373	469
373	470
373	952
374	156
374	380
374	399
374	411
374	412
374	425
374	431
374	434
374	437
374	438
374	439
374	471
375	178
375	349
375	392
375	397
375	412
375	419
375	437
375	442
375	454
375	459
375	463
375	472
376	68
376	388
376	390
376	428
376	449
376	457
376	458
376	462
376	469
376	472
376	473
376	474
376	477
377	384
377	406
377	412
377	418
377	420
377	430
377	438
377	454
377	464
377	465
377	467
377	470
377	685
378	389
378	405
378	409
378	437
378	444
378	452
378	455
378	457
378	459
378	465
378	468
378	475
378	476
379	122
379	352
379	370
379	399
379	406
379	417
379	428
379	455
379	462
379	463
379	472
379	473
379	477
380	369
380	374
380	393
380	428
380	438
380	451
380	453
380	460
380	465
380	471
380	473
380	475
380	476
381	282
381	348
381	359
381	361
381	404
381	405
381	411
381	432
381	456
381	461
381	468
381	473
381	476
382	349
382	395
382	423
382	427
382	444
382	447
382	455
382	462
382	466
382	469
382	474
382	477
382	776
383	359
383	399
383	444
383	454
383	457
383	458
383	459
383	463
383	469
383	472
383	473
383	474
383	579
384	371
384	377
384	396
384	419
384	420
384	445
384	452
384	453
384	454
384	465
384	471
384	475
384	749
385	362
385	387
385	401
385	412
385	420
385	434
385	441
385	447
385	454
385	456
385	470
385	471
385	476
385	765
386	390
386	407
386	422
386	432
386	436
386	449
386	459
386	460
386	463
386	466
386	469
386	472
386	476
386	671
387	353
387	362
387	365
387	372
387	385
387	405
387	407
387	414
387	434
387	439
387	450
387	458
387	468
387	499
388	182
388	373
388	376
388	409
388	439
388	440
388	444
388	447
388	458
388	468
388	469
388	472
388	473
388	477
389	357
389	378
389	394
389	398
389	400
389	406
389	408
389	427
389	438
389	445
389	454
389	456
389	469
389	471
390	355
390	357
390	369
390	376
390	386
390	403
390	405
390	433
390	443
390	447
390	451
390	452
390	468
390	476
391	348
391	353
391	398
391	407
391	443
391	455
391	458
391	462
391	468
391	472
391	473
391	474
391	477
391	611
392	44
392	371
392	375
392	393
392	400
392	408
392	412
392	419
392	446
392	450
392	452
392	470
392	471
392	475
393	380
393	392
393	410
393	422
393	435
393	436
393	443
393	445
393	446
393	460
393	462
393	465
393	467
393	475
394	372
394	389
394	426
394	429
394	444
394	451
394	452
394	455
394	462
394	469
394	473
394	474
394	477
394	607
395	372
395	382
395	413
395	421
395	444
395	452
395	458
395	462
395	469
395	471
395	472
395	474
395	477
395	696
396	348
396	350
396	351
396	352
396	365
396	370
396	384
396	407
396	412
396	439
396	445
396	450
396	464
396	468
396	473
397	346
397	354
397	375
397	406
397	407
397	414
397	439
397	445
397	448
397	452
397	456
397	467
397	470
397	471
397	920
398	358
398	369
398	389
398	391
398	417
398	419
398	441
398	442
398	445
398	453
398	461
398	467
398	475
398	476
398	864
399	355
399	374
399	379
399	383
399	413
399	414
399	416
399	430
399	440
399	447
399	460
399	463
399	473
399	474
399	475
399	634
400	389
400	392
400	409
400	414
400	420
400	422
400	425
400	437
400	438
400	441
400	454
400	456
400	467
400	470
400	471
400	476
401	315
401	366
401	385
401	409
401	417
401	421
401	424
401	431
401	436
401	441
401	446
401	457
401	460
401	461
401	464
401	477
402	356
402	371
402	407
402	411
402	417
402	419
402	427
402	442
402	444
402	445
402	448
402	454
402	459
402	469
402	470
402	471
403	347
403	350
403	373
403	390
403	415
403	423
403	434
403	439
403	442
403	456
403	458
403	464
403	471
403	475
403	477
403	608
404	163
404	349
404	350
404	366
404	381
404	406
404	417
404	420
404	425
404	427
404	437
404	439
404	448
404	451
404	464
404	470
404	471
405	278
405	354
405	378
405	381
405	387
405	390
405	425
405	434
405	436
405	441
405	449
405	456
405	460
405	466
405	468
405	475
405	476
406	360
406	363
406	377
406	379
406	389
406	397
406	404
406	415
406	419
406	439
406	442
406	446
406	456
406	464
406	467
406	471
406	520
407	372
407	386
407	387
407	391
407	396
407	397
407	402
407	414
407	420
407	427
407	436
407	437
407	439
407	469
407	470
407	475
407	765
408	389
408	392
408	420
408	430
408	434
408	439
408	444
408	445
408	447
408	450
408	454
408	455
408	462
408	464
408	470
408	471
408	745
409	82
409	364
409	378
409	388
409	400
409	401
409	411
409	424
409	432
409	446
409	449
409	454
409	455
409	459
409	461
409	462
409	476
410	241
410	350
410	358
410	359
410	362
410	371
410	393
410	437
410	438
410	442
410	443
410	450
410	454
410	456
410	462
410	464
410	471
411	374
411	381
411	402
411	409
411	422
411	430
411	434
411	436
411	443
411	453
411	457
411	461
411	464
411	465
411	466
411	467
411	700
412	347
412	374
412	375
412	377
412	385
412	392
412	396
412	415
412	421
412	425
412	430
412	431
412	456
412	461
412	463
412	470
412	472
413	144
413	355
413	361
413	395
413	399
413	427
413	430
413	432
413	449
413	462
413	463
413	466
413	469
413	472
413	473
413	474
413	477
414	346
414	347
414	387
414	397
414	399
414	400
414	407
414	431
414	434
414	438
414	448
414	450
414	460
414	468
414	470
414	471
414	474
414	684
415	356
415	365
415	403
415	406
415	412
415	419
415	431
415	439
415	441
415	446
415	448
415	450
415	451
415	452
415	456
415	462
415	471
415	472
415	941
416	399
416	426
416	429
416	440
416	445
416	449
416	454
416	458
416	462
416	463
416	468
416	469
416	470
416	471
416	472
416	473
416	474
416	477
416	753
417	352
417	360
417	363
417	379
417	398
417	401
417	402
417	404
417	432
417	441
417	450
417	452
417	453
417	459
417	461
417	467
417	475
417	476
417	584
418	350
418	366
418	377
418	428
418	433
418	435
418	448
418	451
418	452
418	459
418	461
418	465
418	468
418	470
418	474
418	475
418	476
418	477
418	917
419	333
419	352
419	375
419	384
419	392
419	398
419	402
419	406
419	415
419	424
419	437
419	440
419	448
419	454
419	456
419	466
419	467
419	470
419	471
419	476
420	352
420	371
420	377
420	384
420	385
420	400
420	404
420	407
420	408
420	426
420	431
420	438
420	449
420	457
420	460
420	464
420	465
420	470
420	476
420	559
421	345
421	346
421	363
421	395
421	401
421	412
421	433
421	441
421	443
421	449
421	456
421	459
421	465
421	467
421	468
421	471
421	473
421	475
421	476
421	477
422	153
422	349
422	386
422	393
422	400
422	411
422	434
422	436
422	439
422	443
422	444
422	446
422	453
422	460
422	461
422	465
422	467
422	469
422	471
422	476
423	348
423	358
423	382
423	403
423	426
423	430
423	440
423	447
423	455
423	456
423	458
423	459
423	466
423	469
423	470
423	472
423	473
423	474
423	477
423	635
424	366
424	367
424	401
424	409
424	419
424	433
424	434
424	436
424	448
424	449
424	450
424	453
424	457
424	459
424	461
424	466
424	471
424	474
424	475
424	746
424	758
425	358
425	362
425	374
425	400
425	404
425	405
425	412
425	433
425	434
425	437
425	438
425	442
425	444
425	445
425	456
425	459
425	463
425	464
425	470
425	471
425	734
426	364
426	366
426	394
426	416
426	420
426	423
426	429
426	430
426	433
426	444
426	447
426	448
426	455
426	462
426	463
426	470
426	472
426	473
426	474
426	477
426	876
427	293
427	360
427	371
427	382
427	389
427	402
427	404
427	407
427	413
427	431
427	432
427	434
427	437
427	438
427	444
427	450
427	453
427	456
427	464
427	470
427	471
427	477
428	348
428	351
428	376
428	379
428	380
428	418
428	432
428	440
428	441
428	443
428	446
428	453
428	457
428	460
428	465
428	466
428	467
428	468
428	472
428	474
428	475
428	999
429	368
429	394
429	416
429	426
429	435
429	436
429	443
429	444
429	447
429	452
429	455
429	458
429	462
429	463
429	464
429	465
429	469
429	472
429	473
429	474
429	477
429	760
430	360
430	377
430	399
430	408
430	411
430	412
430	413
430	423
430	426
430	444
430	451
430	453
430	454
430	455
430	458
430	462
430	463
430	469
430	472
430	473
430	474
430	477
430	957
431	77
431	374
431	401
431	412
431	414
431	415
431	420
431	427
431	438
431	442
431	445
431	446
431	450
431	455
431	456
431	460
431	464
431	465
431	468
431	470
431	471
431	474
431	476
432	38
432	381
432	386
432	409
432	413
432	417
432	427
432	428
432	443
432	446
432	449
432	452
432	453
432	456
432	457
432	458
432	459
432	466
432	468
432	469
432	470
432	473
432	476
433	107
433	349
433	371
433	390
433	418
433	421
433	424
433	425
433	426
433	441
433	451
433	453
433	459
433	460
433	461
433	465
433	466
433	467
433	468
433	470
433	472
433	473
433	477
434	350
434	364
434	374
434	385
434	387
434	403
434	405
434	408
434	411
434	414
434	422
434	424
434	425
434	427
434	442
434	448
434	450
434	456
434	460
434	461
434	464
434	470
434	471
434	656
435	363
435	393
435	418
435	429
435	436
435	439
435	441
435	445
435	446
435	449
435	450
435	452
435	455
435	459
435	460
435	461
435	462
435	465
435	466
435	468
435	474
435	475
435	476
435	720
436	353
436	362
436	386
436	393
436	401
436	405
436	407
436	411
436	422
436	424
436	429
436	435
436	437
436	443
436	451
436	457
436	461
436	463
436	468
436	471
436	472
436	475
436	476
436	641
437	234
437	350
437	373
437	374
437	375
437	378
437	400
437	404
437	407
437	410
437	419
437	425
437	427
437	436
437	442
437	445
437	446
437	447
437	448
437	452
437	454
437	460
437	462
437	464
438	76
438	357
438	361
438	374
438	377
438	380
438	389
438	400
438	410
438	414
438	420
438	425
438	427
438	431
438	439
438	442
438	447
438	451
438	456
438	461
438	469
438	470
438	471
438	476
438	761
439	182
439	356
439	374
439	387
439	388
439	396
439	397
439	403
439	404
439	406
439	407
439	408
439	415
439	422
439	435
439	438
439	448
439	456
439	457
439	458
439	460
439	469
439	471
439	474
439	833
440	279
440	346
440	357
440	361
440	388
440	399
440	416
440	419
440	423
440	428
440	442
440	444
440	447
440	453
440	455
440	458
440	461
440	462
440	463
440	468
440	469
440	472
440	473
440	474
440	477
441	332
441	350
441	367
441	368
441	369
441	385
441	398
441	400
441	401
441	405
441	415
441	417
441	421
441	428
441	433
441	435
441	449
441	456
441	462
441	465
441	466
441	467
441	472
441	475
441	659
442	358
442	373
442	375
442	398
442	402
442	403
442	406
442	410
442	425
442	431
442	434
442	437
442	438
442	440
442	445
442	450
442	453
442	454
442	456
442	459
442	465
442	470
442	471
442	477
442	732
443	196
443	359
443	390
443	391
443	393
443	410
443	411
443	421
443	422
443	428
443	429
443	432
443	436
443	451
443	455
443	458
443	460
443	461
443	464
443	465
443	466
443	467
443	468
443	471
443	473
443	476
444	300
444	370
444	378
444	382
444	383
444	388
444	394
444	395
444	402
444	408
444	422
444	425
444	426
444	427
444	429
444	430
444	440
444	455
444	458
444	462
444	463
444	470
444	472
444	473
444	474
444	475
444	477
445	154
445	316
445	350
445	372
445	373
445	384
445	389
445	393
445	396
445	397
445	398
445	402
445	408
445	416
445	425
445	431
445	435
445	437
445	442
445	448
445	451
445	464
445	470
445	471
445	473
445	475
445	476
446	358
446	366
446	367
446	373
446	392
446	393
446	401
446	406
446	409
446	415
446	422
446	428
446	431
446	432
446	435
446	437
446	451
446	452
446	453
446	457
446	458
446	459
446	460
446	464
446	467
446	468
446	686
447	353
447	354
447	382
447	385
447	388
447	390
447	399
447	408
447	423
447	426
447	429
447	437
447	438
447	440
447	455
447	458
447	463
447	466
447	469
447	472
447	473
447	474
447	475
447	476
447	477
447	548
447	755
448	356
448	363
448	369
448	372
448	373
448	397
448	402
448	404
448	414
448	415
448	418
448	419
448	424
448	426
448	434
448	437
448	439
448	445
448	450
448	451
448	454
448	456
448	460
448	461
448	464
448	470
448	476
448	773
449	289
449	351
449	363
449	376
449	386
449	405
449	409
449	413
449	416
449	420
449	421
449	424
449	432
449	435
449	441
449	453
449	457
449	459
449	460
449	461
449	464
449	465
449	468
449	473
449	475
449	476
449	477
449	532
450	352
450	356
450	362
450	363
450	387
450	392
450	396
450	408
450	410
450	414
450	415
450	417
450	424
450	427
450	431
450	434
450	435
450	442
450	448
450	452
450	453
450	454
450	455
450	456
450	457
450	470
450	471
450	714
451	346
451	359
451	367
451	380
451	390
451	394
451	404
451	415
451	418
451	430
451	433
451	436
451	438
451	443
451	445
451	446
451	448
451	452
451	453
451	457
451	458
451	460
451	461
451	465
451	466
451	474
451	475
451	476
451	632
452	351
452	367
452	369
452	378
452	384
452	390
452	392
452	394
452	395
452	397
452	415
452	417
452	418
452	429
452	432
452	435
452	437
452	446
452	450
452	451
452	457
452	461
452	466
452	467
452	468
452	475
452	476
452	708
452	990
453	363
453	364
453	368
453	380
453	384
453	398
453	411
453	417
453	422
453	424
453	427
453	428
453	430
453	432
453	433
453	440
453	442
453	446
453	449
453	450
453	451
453	457
453	460
453	465
453	468
453	471
453	475
453	476
453	477
453	732
453	947
454	140
454	347
454	352
454	362
454	363
454	371
454	375
454	377
454	383
454	384
454	385
454	389
454	400
454	402
454	408
454	409
454	410
454	416
454	419
454	430
454	437
454	442
454	448
454	450
454	458
454	464
454	467
454	468
454	470
454	476
454	965
455	368
455	378
455	379
455	382
455	391
455	394
455	408
455	409
455	423
455	426
455	429
455	430
455	431
455	435
455	440
455	443
455	444
455	447
455	450
455	458
455	461
455	462
455	463
455	469
455	471
455	472
455	473
455	474
455	477
455	710
455	993
456	123
456	356
456	381
456	385
456	389
456	397
456	400
456	403
456	405
456	406
456	410
456	412
456	415
456	419
456	421
456	423
456	425
456	427
456	431
456	432
456	434
456	438
456	439
456	441
456	442
456	448
456	450
456	457
456	459
456	463
456	464
456	470
456	676
457	157
457	355
457	358
457	366
457	368
457	371
457	376
457	378
457	383
457	401
457	411
457	420
457	424
457	428
457	432
457	436
457	439
457	446
457	449
457	450
457	451
457	452
457	453
457	456
457	459
457	460
457	461
457	465
457	467
457	468
457	470
457	472
457	476
458	210
458	353
458	357
458	369
458	376
458	383
458	387
458	388
458	391
458	395
458	403
458	416
458	423
458	429
458	430
458	432
458	439
458	440
458	443
458	444
458	446
458	447
458	451
458	454
458	455
458	463
458	469
458	472
458	473
458	474
458	475
458	477
458	850
459	346
459	351
459	358
459	361
459	375
459	378
459	383
459	386
459	402
459	409
459	417
459	418
459	421
459	423
459	424
459	425
459	432
459	433
459	435
459	442
459	446
459	449
459	456
459	457
459	463
459	467
459	468
459	469
459	472
459	475
459	476
459	523
459	992
460	287
460	361
460	363
460	380
460	386
460	393
460	399
460	401
460	405
460	414
460	420
460	422
460	428
460	431
460	433
460	434
460	435
460	437
460	439
460	443
460	446
460	448
460	449
460	451
460	453
460	457
460	465
460	466
460	467
460	470
460	473
460	475
460	476
460	477
460	713
461	236
461	350
461	351
461	359
461	366
461	372
461	381
461	398
461	401
461	409
461	411
461	412
461	417
461	418
461	422
461	424
461	433
461	434
461	435
461	436
461	438
461	440
461	443
461	448
461	449
461	451
461	452
461	455
461	457
461	465
461	466
461	467
461	471
461	475
461	477
462	354
462	357
462	360
462	376
462	379
462	382
462	391
462	393
462	394
462	395
462	408
462	409
462	410
462	413
462	415
462	416
462	426
462	429
462	430
462	435
462	437
462	440
462	441
462	444
462	455
462	463
462	464
462	466
462	469
462	472
462	473
462	474
462	477
462	547
462	884
463	357
463	360
463	365
463	368
463	370
463	375
463	379
463	383
463	386
463	399
463	412
463	413
463	416
463	425
463	426
463	429
463	430
463	436
463	440
463	444
463	447
463	455
463	456
463	458
463	459
463	462
463	465
463	466
463	469
463	472
463	473
463	474
463	475
463	477
463	589
463	693
464	146
464	347
464	362
464	364
464	365
464	368
464	371
464	372
464	377
464	396
464	401
464	403
464	404
464	406
464	408
464	410
464	411
464	420
464	425
464	427
464	429
464	431
464	434
464	437
464	443
464	445
464	446
464	448
464	449
464	454
464	456
464	462
464	470
464	474
464	476
464	921
465	96
465	353
465	366
465	372
465	377
465	378
465	380
465	384
465	393
465	411
465	418
465	420
465	421
465	422
465	428
465	429
465	431
465	433
465	435
465	441
465	442
465	443
465	449
465	451
465	453
465	457
465	460
465	461
465	463
465	466
465	467
465	470
465	472
465	475
465	476
465	489
466	346
466	349
466	358
466	361
466	362
466	364
466	366
466	382
466	386
466	405
466	411
466	413
466	419
466	423
466	424
466	428
466	432
466	433
466	435
466	441
466	443
466	447
466	451
466	452
466	460
466	461
466	462
466	463
466	465
466	467
466	474
466	475
466	476
466	477
466	763
466	951
467	355
467	356
467	361
467	364
467	369
467	377
467	393
467	397
467	398
467	400
467	406
467	411
467	417
467	419
467	421
467	422
467	428
467	433
467	441
467	443
467	446
467	452
467	454
467	457
467	459
467	460
467	461
467	465
467	466
467	468
467	470
467	472
467	475
467	476
467	477
467	533
467	683
468	351
468	356
468	361
468	366
468	367
468	369
468	378
468	381
468	387
468	388
468	390
468	391
468	396
468	405
468	414
468	416
468	418
468	421
468	428
468	431
468	432
468	433
468	435
468	436
468	440
468	443
468	446
468	449
468	452
468	453
468	454
468	457
468	459
468	467
468	474
468	475
468	476
468	477
468	761
468	905
469	184
469	348
469	353
469	355
469	357
469	360
469	365
469	368
469	370
469	373
469	376
469	382
469	383
469	386
469	388
469	389
469	394
469	395
469	402
469	407
469	413
469	416
469	422
469	423
469	429
469	430
469	432
469	438
469	439
469	440
469	447
469	455
469	458
469	459
469	462
469	463
469	472
469	473
469	474
469	475
469	477
469	721
470	64
470	347
470	365
470	373
470	377
470	385
470	392
470	397
470	400
470	402
470	404
470	407
470	408
470	412
470	414
470	416
470	418
470	419
470	420
470	423
470	425
470	426
470	427
470	431
470	432
470	433
470	434
470	438
470	442
470	444
470	445
470	448
470	450
470	454
470	456
470	457
470	460
470	464
470	465
470	467
470	471
470	473
470	475
470	476
470	706
471	113
471	351
471	352
471	365
471	372
471	374
471	380
471	384
471	385
471	389
471	392
471	395
471	397
471	400
471	402
471	403
471	404
471	406
471	408
471	410
471	414
471	415
471	416
471	419
471	421
471	422
471	424
471	425
471	427
471	431
471	434
471	436
471	438
471	439
471	442
471	443
471	445
471	450
471	453
471	455
471	461
471	470
471	474
471	573
471	853
472	243
472	351
472	354
472	355
472	357
472	360
472	368
472	370
472	375
472	376
472	379
472	383
472	386
472	388
472	391
472	395
472	412
472	413
472	415
472	416
472	423
472	426
472	428
472	429
472	430
472	433
472	436
472	440
472	441
472	444
472	447
472	455
472	457
472	458
472	459
472	462
472	463
472	465
472	467
472	469
472	473
472	474
472	475
472	477
472	725
472	925
473	175
473	348
473	353
473	354
473	355
473	360
473	361
473	367
473	368
473	369
473	370
473	376
473	379
473	380
473	381
473	383
473	388
473	391
473	394
473	396
473	399
473	413
473	416
473	421
473	423
473	426
473	429
473	430
473	432
473	433
473	440
473	443
473	444
473	445
473	447
473	449
473	455
473	458
473	460
473	462
473	463
473	469
473	470
473	472
473	474
473	477
473	509
474	93
474	117
474	348
474	353
474	354
474	355
474	356
474	357
474	359
474	368
474	370
474	376
474	382
474	383
474	391
474	394
474	395
474	399
474	413
474	414
474	416
474	418
474	423
474	424
474	426
474	428
474	429
474	430
474	431
474	435
474	439
474	440
474	444
474	447
474	451
474	455
474	458
474	462
474	463
474	464
474	466
474	468
474	469
474	471
474	472
474	473
474	477
474	733
475	192
475	346
475	349
475	351
475	358
475	359
475	364
475	369
475	370
475	378
475	380
475	384
475	392
475	393
475	398
475	399
475	403
475	405
475	407
475	417
475	418
475	421
475	424
475	428
475	435
475	436
475	441
475	444
475	445
475	447
475	449
475	451
475	452
475	453
475	458
475	459
475	460
475	461
475	463
475	465
475	466
475	467
475	468
475	469
475	470
475	472
475	476
475	682
476	347
476	349
476	359
476	364
476	365
476	367
476	371
476	378
476	380
476	381
476	385
476	386
476	390
476	398
476	400
476	405
476	409
476	417
476	418
476	419
476	420
476	421
476	422
476	431
476	432
476	435
476	436
476	438
476	443
476	445
476	447
476	448
476	449
476	451
476	452
476	453
476	454
476	457
476	459
476	460
476	464
476	465
476	466
476	467
476	468
476	470
476	475
476	583
476	675
477	347
477	348
477	353
477	354
477	355
477	357
477	360
477	368
477	370
477	376
477	379
477	382
477	388
477	391
477	394
477	395
477	401
477	403
477	413
477	416
477	418
477	421
477	423
477	426
477	427
477	429
477	430
477	433
477	440
477	442
477	444
477	447
477	449
477	453
477	455
477	458
477	460
477	461
477	462
477	463
477	466
477	467
477	468
477	469
477	472
477	473
477	474
477	669
477	981
478	482
478	486
478	609
478	634
478	661
478	698
478	755
478	756
478	758
478	760
479	597
479	600
479	614
479	649
479	684
479	732
479	738
479	759
479	760
479	761
480	540
480	600
480	690
480	706
480	719
480	735
480	740
480	743
480	753
480	938
481	304
481	517
481	527
481	609
481	685
481	688
481	689
481	726
481	748
481	757
482	478
482	536
482	542
482	590
482	598
482	644
482	748
482	756
482	758
483	576
483	633
483	634
483	644
483	652
483	664
483	681
483	687
483	765
483	896
484	527
484	566
484	609
484	620
484	664
484	714
484	718
484	751
484	756
484	758
485	633
485	638
485	686
485	693
485	704
485	712
485	715
485	717
485	737
485	742
486	478
486	670
486	692
486	698
486	707
486	720
486	724
486	725
486	736
486	749
487	593
487	632
487	689
487	691
487	719
487	720
487	730
487	741
487	743
487	764
488	547
488	553
488	580
488	669
488	679
488	693
488	704
488	716
488	720
488	752
489	465
489	492
489	572
489	588
489	625
489	691
489	702
489	729
489	733
489	739
490	612
490	614
490	654
490	679
490	728
490	751
490	755
490	760
490	761
490	762
491	530
491	536
491	611
491	638
491	649
491	663
491	711
491	713
491	715
491	742
492	489
492	515
492	580
492	642
492	649
492	675
492	679
492	683
492	716
492	863
493	340
493	504
493	630
493	673
493	692
493	720
493	724
493	725
493	736
493	759
494	558
494	616
494	637
494	664
494	698
494	720
494	724
494	725
494	736
494	759
495	570
495	580
495	594
495	657
495	687
495	710
495	740
495	744
495	745
495	758
496	175
496	637
496	662
496	707
496	721
496	724
496	725
496	730
496	736
496	759
497	504
497	532
497	548
497	608
497	643
497	709
497	711
497	713
497	742
497	872
498	553
498	632
498	670
498	672
498	685
498	716
498	731
498	748
498	757
498	996
499	387
499	522
499	533
499	560
499	633
499	692
499	701
499	745
499	747
499	758
500	606
500	648
500	683
500	686
500	704
500	709
500	712
500	717
500	734
500	744
501	322
501	623
501	640
501	645
501	654
501	667
501	669
501	679
501	716
501	726
502	519
502	579
502	641
502	647
502	665
502	674
502	684
502	742
502	763
502	764
503	680
503	684
503	699
503	712
503	723
503	728
503	733
503	739
503	745
503	753
504	493
504	497
504	627
504	630
504	637
504	671
504	698
504	720
504	746
504	764
505	643
505	653
505	664
505	678
505	686
505	705
505	712
505	722
505	742
505	909
506	130
506	592
506	616
506	681
506	690
506	718
506	740
506	745
506	747
506	750
507	522
507	524
507	598
507	627
507	663
507	686
507	705
507	713
507	744
507	986
508	162
508	547
508	558
508	596
508	628
508	640
508	642
508	680
508	716
508	717
509	473
509	656
509	660
509	685
509	699
509	726
509	731
509	737
509	748
509	757
510	539
510	586
510	659
510	677
510	680
510	706
510	723
510	729
510	739
510	759
511	576
511	596
511	605
511	629
511	697
511	702
511	723
511	727
511	729
511	733
512	551
512	591
512	611
512	646
512	650
512	686
512	731
512	743
512	763
512	764
513	529
513	610
513	619
513	707
513	720
513	721
513	724
513	734
513	736
513	761
514	520
514	568
514	620
514	647
514	666
514	692
514	707
514	724
514	735
514	736
515	492
515	645
515	691
515	701
515	708
515	728
515	738
515	751
515	754
515	762
516	518
516	547
516	558
516	586
516	669
516	679
516	709
516	716
516	737
516	821
517	321
517	481
517	518
517	559
517	580
517	604
517	628
517	648
517	669
517	716
518	330
518	516
518	517
518	603
518	642
518	648
518	658
518	667
518	669
518	708
519	91
519	502
519	531
519	577
519	625
519	641
519	673
519	737
519	739
519	753
519	763
520	406
520	514
520	527
520	709
520	711
520	713
520	717
520	720
520	722
520	742
520	744
521	524
521	571
521	604
521	685
521	695
521	704
521	706
521	738
521	739
521	748
521	757
522	179
522	499
522	507
522	651
522	661
522	699
522	702
522	723
522	729
522	739
522	748
523	459
523	538
523	585
523	615
523	654
523	666
523	671
523	707
523	724
523	725
523	736
524	507
524	521
524	533
524	571
524	591
524	670
524	713
524	726
524	731
524	748
524	757
525	619
525	645
525	655
525	692
525	703
525	707
525	720
525	721
525	736
525	744
525	830
526	576
526	663
526	678
526	704
526	709
526	715
526	722
526	735
526	744
526	765
526	847
527	481
527	484
527	520
527	588
527	644
527	688
527	689
527	726
527	731
527	748
527	757
528	542
528	596
528	612
528	623
528	625
528	711
528	712
528	715
528	742
528	743
528	744
529	513
529	574
529	600
529	603
529	633
529	701
529	718
529	732
529	740
529	747
529	750
530	154
530	491
530	583
530	594
530	656
530	685
530	689
530	695
530	706
530	750
530	757
531	519
531	570
531	604
531	621
531	647
531	654
531	719
531	720
531	757
531	764
531	765
532	449
532	497
532	576
532	664
532	665
532	693
532	694
532	704
532	705
532	750
532	756
533	467
533	499
533	524
533	619
533	660
533	701
533	740
533	742
533	745
533	747
533	758
534	572
534	668
534	674
534	700
534	708
534	735
534	743
534	753
534	759
534	765
534	971
535	360
535	542
535	550
535	589
535	692
535	708
535	737
535	754
535	759
535	761
535	762
536	482
536	491
536	594
536	631
536	647
536	665
536	696
536	747
536	749
536	750
536	760
537	329
537	543
537	557
537	605
537	664
537	732
537	746
537	749
537	751
537	754
537	762
538	305
538	523
538	573
538	605
538	641
538	670
538	682
538	695
538	731
538	748
538	757
539	328
539	510
539	589
539	672
539	680
539	691
539	710
539	723
539	727
539	733
539	739
540	480
540	553
540	630
540	656
540	688
540	694
540	719
540	753
540	763
540	765
540	967
541	103
541	644
541	672
541	685
541	709
541	726
541	731
541	747
541	748
541	752
541	757
542	313
542	482
542	528
542	535
542	594
542	701
542	718
542	743
542	747
542	758
542	763
543	171
543	537
543	619
543	653
543	666
543	698
543	707
543	721
543	725
543	734
543	736
544	281
544	581
544	614
544	644
544	660
544	689
544	706
544	726
544	731
544	748
544	757
545	591
545	650
545	691
545	710
545	730
545	741
545	742
545	743
545	753
545	764
545	765
546	118
546	559
546	588
546	646
546	654
546	673
546	674
546	719
546	730
546	731
546	735
546	763
547	462
547	488
547	508
547	516
547	553
547	608
547	669
547	675
547	693
547	715
547	716
547	757
548	447
548	497
548	558
548	559
548	582
548	642
548	663
548	688
548	705
548	713
548	722
548	744
549	563
549	570
549	594
549	621
549	634
549	697
549	730
549	735
549	743
549	753
549	763
549	765
550	193
550	535
550	634
550	662
550	707
550	746
550	749
550	754
550	755
550	759
550	760
550	762
551	512
551	591
551	597
551	598
551	665
551	694
551	721
551	733
551	740
551	745
551	747
551	758
552	339
552	572
552	601
552	617
552	652
552	732
552	747
552	751
552	752
552	755
552	759
552	761
553	488
553	498
553	540
553	547
553	569
553	635
553	667
553	679
553	683
553	716
553	746
553	882
554	634
554	697
554	700
554	722
554	737
554	749
554	750
554	755
554	759
554	760
554	761
554	762
555	247
555	624
555	634
555	639
555	675
555	717
555	728
555	738
555	751
555	752
555	755
555	762
556	684
556	688
556	716
556	732
556	738
556	746
556	749
556	753
556	755
556	759
556	760
556	762
557	339
557	537
557	620
557	657
557	676
557	682
557	714
557	728
557	751
557	752
557	755
557	760
558	494
558	508
558	516
558	548
558	623
558	635
558	638
558	654
558	675
558	679
558	683
558	693
559	420
559	517
559	546
559	548
559	561
559	618
559	635
559	670
559	703
559	735
559	743
559	753
560	499
560	578
560	616
560	650
560	690
560	703
560	734
560	741
560	743
560	751
560	764
560	765
561	559
561	593
561	656
561	690
561	703
561	728
561	747
561	753
561	763
561	764
561	765
561	869
562	596
562	602
562	606
562	684
562	697
562	737
562	745
562	746
562	752
562	760
562	761
562	762
563	549
563	619
563	632
563	668
563	682
563	700
563	703
563	730
563	741
563	753
563	757
563	765
564	615
564	642
564	677
564	684
564	702
564	723
564	727
564	733
564	739
564	748
564	749
564	916
565	570
565	605
565	622
565	646
565	650
565	679
565	730
565	743
565	750
565	757
565	763
565	765
566	484
566	634
566	657
566	662
566	696
566	710
566	714
566	722
566	731
566	732
566	740
566	745
567	626
567	648
567	657
567	661
567	665
567	696
567	701
567	709
567	714
567	720
567	745
567	756
567	759
568	514
568	610
568	712
568	728
568	737
568	738
568	746
568	749
568	755
568	759
568	760
568	762
568	994
569	553
569	580
569	623
569	628
569	640
569	642
569	654
569	667
569	687
569	693
569	719
569	725
569	992
570	495
570	531
570	549
570	565
570	611
570	650
570	688
570	716
570	730
570	741
570	750
570	753
570	758
571	521
571	524
571	573
571	605
571	607
571	659
571	706
571	716
571	726
571	732
571	739
571	748
571	757
572	489
572	534
572	552
572	578
572	674
572	690
572	703
572	712
572	730
572	741
572	753
572	757
572	764
573	471
573	538
573	571
573	592
573	599
573	605
573	644
573	685
573	690
573	695
573	748
573	752
573	757
574	529
574	579
574	646
574	647
574	658
574	676
574	737
574	741
574	743
574	753
574	756
574	763
574	765
575	600
575	616
575	618
575	661
575	690
575	730
575	735
575	740
575	741
575	743
575	749
575	763
575	765
576	483
576	511
576	526
576	532
576	590
576	664
576	714
576	732
576	740
576	747
576	750
576	756
576	757
577	62
577	519
577	615
577	621
577	639
577	677
577	684
577	699
577	723
577	727
577	729
577	733
577	763
578	560
578	572
578	592
578	622
578	668
578	685
578	688
578	689
578	719
578	741
578	749
578	753
578	765
579	383
579	502
579	574
579	615
579	676
579	677
579	690
579	719
579	737
579	741
579	751
579	753
579	765
580	342
580	488
580	492
580	495
580	517
580	569
580	635
580	654
580	669
580	683
580	684
580	690
580	705
580	739
581	544
581	589
581	627
581	658
581	678
581	705
581	712
581	713
581	717
581	724
581	734
581	743
581	744
581	748
582	548
582	586
582	596
582	597
582	638
582	643
582	646
582	660
582	711
582	712
582	713
582	744
582	759
582	802
583	476
583	530
583	607
583	608
583	644
583	687
583	706
583	721
583	726
583	731
583	738
583	748
583	757
583	764
584	417
584	612
584	637
584	691
584	704
584	705
584	711
584	712
584	713
584	715
584	721
584	734
584	742
584	753
585	523
585	603
585	619
585	630
585	671
585	688
585	692
585	710
585	711
585	720
585	721
585	724
585	725
585	736
586	510
586	516
586	582
586	663
586	667
586	705
586	715
586	717
586	722
586	734
586	735
586	742
586	744
586	924
587	326
587	593
587	656
587	670
587	685
587	689
587	692
587	695
587	726
587	731
587	748
587	754
587	757
587	760
588	489
588	527
588	546
588	659
588	680
588	691
588	702
588	723
588	727
588	729
588	733
588	742
588	746
588	763
589	463
589	535
589	539
589	581
589	610
589	678
589	699
589	705
589	715
589	717
589	722
589	742
589	744
589	756
590	70
590	482
590	576
590	594
590	597
590	646
590	665
590	687
590	727
590	737
590	740
590	747
590	758
590	764
591	512
591	524
591	545
591	551
591	673
591	676
591	723
591	730
591	733
591	743
591	753
591	763
591	764
591	765
592	264
592	506
592	573
592	578
592	605
592	608
592	641
592	656
592	672
592	686
592	695
592	731
592	748
592	757
593	273
593	487
593	561
593	587
593	618
593	633
593	650
593	663
593	673
593	708
593	735
593	741
593	753
593	764
594	495
594	530
594	536
594	542
594	549
594	590
594	602
594	658
594	671
594	681
594	687
594	718
594	750
594	758
595	607
595	624
595	656
595	672
595	680
595	685
595	689
595	693
595	695
595	706
595	725
595	731
595	757
595	764
596	508
596	511
596	528
596	562
596	582
596	663
596	678
596	696
596	705
596	715
596	722
596	734
596	744
596	754
597	73
597	479
597	551
597	582
597	590
597	604
597	660
597	662
597	681
597	718
597	733
597	747
597	750
597	758
598	482
598	507
598	551
598	601
598	624
598	639
598	662
598	694
598	718
598	740
598	750
598	752
598	756
598	945
599	573
599	610
599	652
599	663
599	680
599	686
599	705
599	706
599	709
599	722
599	728
599	734
599	742
599	744
599	854
600	272
600	479
600	480
600	529
600	575
600	617
600	651
600	657
600	660
600	661
600	664
600	747
600	750
600	751
600	758
601	552
601	598
601	661
601	687
601	694
601	696
601	713
601	718
601	725
601	745
601	746
601	747
601	756
601	758
601	852
602	269
602	562
602	594
602	629
602	636
602	652
602	659
602	677
602	699
602	721
602	723
602	727
602	729
602	739
602	751
603	518
603	529
603	585
603	604
603	634
603	656
603	659
603	661
603	694
603	710
603	740
603	745
603	750
603	758
603	844
604	18
604	517
604	521
604	531
604	597
604	603
604	622
604	632
604	668
604	676
604	719
604	741
604	762
604	764
604	765
605	511
605	537
605	538
605	565
605	571
605	573
605	592
605	629
605	670
605	689
605	695
605	706
605	726
605	729
605	757
606	500
606	562
606	630
606	713
606	729
606	746
606	749
606	750
606	751
606	752
606	754
606	755
606	759
606	760
606	983
607	394
607	571
607	583
607	595
607	672
607	685
607	689
607	706
607	731
607	732
607	746
607	748
607	752
607	753
607	759
608	403
608	497
608	547
608	583
608	592
608	644
608	670
608	695
608	715
608	726
608	731
608	748
608	749
608	756
608	757
609	478
609	481
609	484
609	628
609	634
609	657
609	660
609	662
609	665
609	701
609	718
609	719
609	731
609	745
609	764
610	173
610	513
610	568
610	589
610	599
610	663
610	675
610	704
610	706
610	709
610	715
610	717
610	742
610	744
610	753
611	391
611	491
611	512
611	570
611	647
611	683
611	685
611	692
611	719
611	730
611	735
611	743
611	763
611	764
611	765
612	127
612	490
612	528
612	584
612	661
612	678
612	709
612	714
612	715
612	717
612	722
612	734
612	742
612	744
612	764
613	143
613	643
613	651
613	663
613	684
613	687
613	691
613	699
613	702
613	723
613	725
613	727
613	729
613	733
613	739
614	479
614	490
614	544
614	635
614	727
614	732
614	735
614	738
614	746
614	752
614	754
614	759
614	760
614	761
614	961
615	523
615	564
615	577
615	579
615	621
615	677
615	691
615	692
615	699
615	703
615	727
615	729
615	733
615	739
615	826
616	292
616	494
616	506
616	560
616	575
616	620
616	660
616	666
616	671
616	698
616	707
616	720
616	724
616	725
616	736
617	173
617	552
617	600
617	664
617	694
617	710
617	714
617	727
617	740
617	744
617	745
617	747
617	756
617	758
617	765
618	41
618	559
618	575
618	593
618	646
618	647
618	668
618	749
618	753
618	755
618	757
618	761
618	762
618	763
618	764
619	513
619	525
619	533
619	543
619	563
619	585
619	655
619	668
619	692
619	712
619	720
619	721
619	724
619	736
619	765
620	484
620	514
620	557
620	616
620	630
620	671
620	698
620	719
620	721
620	724
620	725
620	736
620	746
620	760
620	990
621	531
621	549
621	577
621	615
621	651
621	669
621	680
621	684
621	691
621	696
621	702
621	729
621	733
621	739
621	891
622	565
622	578
622	604
622	627
622	644
622	646
622	662
622	668
622	688
622	690
622	703
622	743
622	752
622	753
622	765
622	769
623	331
623	501
623	528
623	558
623	569
623	635
623	637
623	648
623	654
623	667
623	669
623	683
623	705
623	708
623	711
623	716
624	155
624	555
624	595
624	598
624	632
624	715
624	722
624	737
624	749
624	751
624	752
624	754
624	755
624	759
624	761
624	762
625	100
625	489
625	519
625	528
625	647
625	688
625	692
625	718
625	719
625	730
625	735
625	741
625	752
625	763
625	764
625	765
626	6
626	567
626	631
626	681
626	696
626	710
626	714
626	716
626	717
626	727
626	741
626	747
626	750
626	756
626	758
626	762
627	504
627	507
627	581
627	622
627	709
627	711
627	713
627	715
627	722
627	730
627	734
627	742
627	744
627	747
627	762
627	817
628	508
628	517
628	569
628	609
628	640
628	642
628	648
628	651
628	669
628	679
628	683
628	692
628	693
628	694
628	696
628	716
629	220
629	511
629	602
629	605
629	636
629	651
629	656
629	659
629	699
629	702
629	708
629	722
629	723
629	727
629	733
629	739
630	493
630	504
630	540
630	585
630	606
630	620
630	655
630	698
630	720
630	721
630	724
630	725
630	733
630	736
630	745
630	763
630	910
631	336
631	536
631	626
631	657
631	664
631	696
631	699
631	701
631	702
631	706
631	710
631	745
631	747
631	750
631	751
631	756
631	763
632	451
632	487
632	498
632	563
632	604
632	624
632	650
632	688
632	689
632	701
632	703
632	712
632	730
632	743
632	753
632	763
632	764
633	483
633	485
633	499
633	529
633	593
633	657
633	662
633	665
633	681
633	714
633	727
633	740
633	747
633	750
633	751
633	758
633	759
634	399
634	478
634	483
634	549
634	550
634	554
634	555
634	566
634	603
634	609
634	674
634	694
634	714
634	740
634	745
634	750
634	756
635	423
635	553
635	558
635	559
635	580
635	614
635	623
635	642
635	667
635	675
635	679
635	683
635	693
635	703
635	716
635	752
635	761
636	602
636	629
636	662
636	668
636	677
636	691
636	699
636	702
636	704
636	723
636	727
636	729
636	730
636	733
636	739
636	748
636	934
637	115
637	494
637	496
637	504
637	584
637	623
637	655
637	656
637	678
637	692
637	697
637	707
637	720
637	721
637	724
637	725
637	736
638	268
638	485
638	491
638	558
638	582
638	671
638	678
638	685
638	686
638	711
638	712
638	716
638	717
638	722
638	725
638	734
638	744
639	555
639	577
639	598
639	658
639	660
639	682
639	698
639	700
639	737
639	751
639	752
639	754
639	756
639	759
639	760
639	761
639	791
640	109
640	501
640	508
640	569
640	628
640	642
640	648
640	654
640	664
640	665
640	667
640	675
640	693
640	704
640	716
640	745
640	755
641	436
641	502
641	519
641	538
641	592
641	647
641	687
641	688
641	705
641	719
641	735
641	743
641	753
641	755
641	763
641	764
641	765
642	258
642	492
642	508
642	518
642	548
642	564
642	569
642	628
642	635
642	640
642	643
642	667
642	675
642	693
642	716
642	720
642	760
643	497
643	505
643	582
643	613
643	642
643	678
643	704
643	709
643	713
643	715
643	721
643	722
643	723
643	742
643	744
643	749
643	811
644	214
644	482
644	483
644	527
644	541
644	544
644	573
644	583
644	608
644	622
644	646
644	672
644	726
644	731
644	748
644	757
644	764
645	501
645	515
645	525
645	663
645	697
645	700
645	707
645	732
645	737
645	738
645	743
645	746
645	751
645	752
645	754
645	762
645	765
645	919
646	319
646	512
646	546
646	565
646	574
646	582
646	590
646	618
646	622
646	644
646	730
646	735
646	740
646	741
646	750
646	753
646	763
646	765
647	502
647	514
647	531
647	536
647	574
647	611
647	618
647	625
647	641
647	676
647	690
647	723
647	731
647	735
647	743
647	761
647	763
647	940
648	349
648	500
648	517
648	518
648	567
648	623
648	628
648	640
648	652
648	669
648	675
648	679
648	683
648	693
648	711
648	716
648	717
648	761
649	479
649	491
649	492
649	655
649	697
649	699
649	700
649	703
649	708
649	732
649	738
649	746
649	749
649	752
649	760
649	761
649	762
649	960
650	310
650	512
650	545
650	560
650	565
650	570
650	593
650	632
650	655
650	666
650	690
650	703
650	715
650	723
650	739
650	741
650	763
650	764
651	522
651	600
651	613
651	621
651	628
651	629
651	659
651	680
651	702
651	707
651	722
651	723
651	727
651	729
651	733
651	739
651	741
651	753
652	483
652	552
652	599
652	602
652	648
652	653
652	664
652	682
652	728
652	737
652	749
652	750
652	754
652	755
652	759
652	760
652	761
652	762
653	178
653	505
653	543
653	652
653	704
653	728
653	731
653	732
653	737
653	738
653	740
653	746
653	749
653	754
653	759
653	761
653	762
653	764
654	343
654	490
654	501
654	523
654	531
654	546
654	558
654	569
654	580
654	623
654	640
654	667
654	670
654	675
654	683
654	693
654	716
654	721
655	525
655	619
655	630
655	637
655	649
655	650
655	671
655	692
655	698
655	707
655	720
655	721
655	724
655	725
655	727
655	746
655	758
655	849
656	434
656	509
656	530
656	540
656	561
656	587
656	592
656	595
656	603
656	629
656	637
656	672
656	689
656	695
656	711
656	726
656	748
656	757
657	216
657	495
657	557
657	566
657	567
657	600
657	609
657	631
657	633
657	662
657	664
657	676
657	690
657	728
657	743
657	747
657	750
657	758
658	1
658	518
658	574
658	581
658	594
658	639
658	674
658	708
658	728
658	737
658	738
658	749
658	751
658	752
658	754
658	756
658	759
658	760
658	761
659	441
659	510
659	571
659	588
659	602
659	603
659	629
659	651
659	680
659	684
659	699
659	702
659	723
659	724
659	727
659	739
659	740
659	749
659	752
660	509
660	533
660	544
660	582
660	597
660	600
660	609
660	616
660	639
660	662
660	668
660	681
660	701
660	710
660	740
660	747
660	750
660	758
660	997
661	478
661	522
661	567
661	575
661	600
661	601
661	603
661	612
661	665
661	673
661	687
661	710
661	714
661	740
661	747
661	756
661	757
661	758
661	913
662	129
662	496
662	550
662	566
662	597
662	598
662	609
662	622
662	633
662	636
662	657
662	660
662	664
662	742
662	745
662	747
662	750
662	756
662	758
662	765
663	58
663	491
663	507
663	526
663	548
663	586
663	593
663	596
663	599
663	610
663	613
663	645
663	666
663	686
663	709
663	711
663	717
663	742
663	753
663	758
664	116
664	483
664	484
664	494
664	505
664	532
664	537
664	576
664	600
664	617
664	631
664	640
664	652
664	657
664	662
664	694
664	740
664	745
664	755
664	756
665	502
665	532
665	536
665	551
665	567
665	590
665	609
665	633
665	640
665	661
665	670
665	689
665	694
665	696
665	711
665	714
665	731
665	756
665	758
665	964
666	514
666	523
666	543
666	616
666	650
666	663
666	671
666	692
666	698
666	700
666	707
666	720
666	721
666	724
666	725
666	734
666	735
666	736
666	751
666	901
667	341
667	501
667	518
667	553
667	569
667	586
667	623
667	635
667	640
667	642
667	654
667	679
667	683
667	693
667	714
667	716
667	717
667	732
667	757
667	758
668	534
668	563
668	578
668	604
668	618
668	619
668	622
668	636
668	660
668	673
668	696
668	703
668	719
668	739
668	743
668	761
668	763
668	764
668	765
668	997
669	477
669	488
669	501
669	516
669	517
669	518
669	547
669	580
669	621
669	623
669	628
669	648
669	675
669	679
669	686
669	693
669	695
669	718
669	732
669	748
670	277
670	486
670	498
670	524
670	538
670	559
670	587
670	605
670	608
670	654
670	665
670	689
670	695
670	706
670	714
670	726
670	731
670	737
670	748
670	757
671	386
671	504
671	523
671	585
671	594
671	616
671	620
671	638
671	655
671	666
671	698
671	700
671	707
671	720
671	721
671	725
671	736
671	740
671	745
671	754
672	303
672	498
672	539
672	541
672	592
672	595
672	607
672	644
672	656
672	689
672	705
672	706
672	709
672	710
672	726
672	731
672	732
672	740
672	748
672	757
672	761
673	493
673	519
673	546
673	591
673	593
673	661
673	668
673	674
673	676
673	690
673	696
673	697
673	700
673	729
673	735
673	743
673	753
673	763
673	764
673	765
673	986
674	330
674	502
674	534
674	546
674	572
674	634
674	658
674	673
674	676
674	688
674	690
674	697
674	703
674	708
674	719
674	730
674	733
674	744
674	759
674	763
674	765
675	476
675	492
675	547
675	555
675	558
675	610
675	635
675	640
675	642
675	648
675	654
675	669
675	679
675	683
675	693
675	716
675	719
675	728
675	730
675	752
675	761
676	456
676	557
676	574
676	579
676	591
676	604
676	647
676	657
676	673
676	674
676	688
676	693
676	703
676	713
676	723
676	735
676	741
676	747
676	753
676	764
676	765
677	510
677	564
677	577
677	579
677	602
677	615
677	636
677	680
677	684
677	691
677	699
677	723
677	729
677	733
677	738
677	739
677	756
677	761
677	763
677	765
677	950
678	257
678	505
678	526
678	581
678	589
678	596
678	612
678	637
678	638
678	643
678	689
678	704
678	712
678	713
678	714
678	719
678	722
678	729
678	734
678	742
678	744
678	750
679	334
679	488
679	490
679	492
679	501
679	516
679	553
679	558
679	565
679	628
679	635
679	648
679	667
679	669
679	675
679	683
679	693
679	716
679	724
679	726
679	729
679	764
680	75
680	503
680	508
680	510
680	539
680	588
680	595
680	599
680	621
680	651
680	659
680	677
680	691
680	703
680	723
680	727
680	729
680	733
680	739
680	751
680	756
680	764
681	483
681	506
681	594
681	597
681	626
681	633
681	660
681	694
681	696
681	701
681	705
681	715
681	718
681	735
681	740
681	742
681	745
681	750
681	754
681	756
681	764
681	895
682	475
682	538
682	557
682	563
682	639
682	652
682	697
682	699
682	706
682	711
682	728
682	732
682	746
682	748
682	749
682	751
682	754
682	755
682	759
682	760
682	761
682	762
683	467
683	492
683	500
683	553
683	558
683	580
683	611
683	623
683	628
683	635
683	648
683	654
683	667
683	675
683	679
683	693
683	700
683	716
683	726
683	739
683	760
683	763
684	414
684	479
684	502
684	503
684	556
684	562
684	564
684	577
684	580
684	613
684	621
684	659
684	677
684	691
684	699
684	702
684	727
684	728
684	729
684	733
684	739
684	759
685	377
685	481
685	498
685	509
685	521
685	530
685	541
685	573
685	578
685	587
685	595
685	607
685	611
685	638
685	686
685	706
685	726
685	731
685	748
685	751
685	753
685	757
686	337
686	446
686	485
686	500
686	505
686	507
686	512
686	592
686	599
686	638
686	663
686	669
686	685
686	690
686	704
686	709
686	712
686	713
686	715
686	717
686	734
686	736
686	738
687	159
687	219
687	483
687	495
687	569
687	583
687	590
687	594
687	601
687	613
687	641
687	661
687	694
687	695
687	696
687	699
687	701
687	714
687	718
687	745
687	750
687	756
687	760
688	481
688	527
688	540
688	548
688	556
688	570
688	578
688	585
688	622
688	625
688	632
688	641
688	674
688	676
688	735
688	741
688	743
688	747
688	758
688	763
688	764
688	765
688	944
689	104
689	481
689	487
689	527
689	530
689	544
689	578
689	587
689	595
689	605
689	607
689	632
689	656
689	665
689	670
689	672
689	678
689	695
689	706
689	731
689	734
689	748
689	757
689	758
690	53
690	480
690	506
690	560
690	561
690	572
690	573
690	575
690	579
690	580
690	622
690	647
690	650
690	657
690	673
690	674
690	686
690	695
690	703
690	719
690	741
690	754
690	755
690	764
691	487
691	489
691	515
691	539
691	545
691	584
691	588
691	613
691	615
691	621
691	636
691	677
691	680
691	684
691	697
691	699
691	727
691	729
691	733
691	739
691	760
691	763
691	783
691	995
692	167
692	486
692	493
692	499
692	514
692	525
692	535
692	585
692	587
692	611
692	615
692	619
692	625
692	628
692	637
692	655
692	666
692	698
692	707
692	720
692	721
692	725
692	736
692	754
693	463
693	485
693	488
693	532
693	547
693	558
693	569
693	595
693	628
693	635
693	640
693	642
693	648
693	654
693	667
693	669
693	675
693	676
693	679
693	683
693	698
693	712
693	716
693	737
693	752
694	166
694	532
694	540
694	551
694	598
694	601
694	603
694	617
694	628
694	634
694	664
694	665
694	681
694	687
694	696
694	706
694	710
694	714
694	729
694	745
694	750
694	751
694	758
694	760
694	765
695	521
695	530
695	538
695	573
695	587
695	592
695	595
695	605
695	608
695	656
695	669
695	670
695	687
695	689
695	690
695	706
695	708
695	720
695	726
695	729
695	731
695	748
695	749
695	757
695	845
696	61
696	395
696	536
696	566
696	567
696	596
696	601
696	621
696	626
696	628
696	631
696	665
696	668
696	673
696	681
696	687
696	694
696	710
696	714
696	718
696	726
696	745
696	747
696	750
696	756
696	764
697	511
697	549
697	554
697	562
697	637
697	645
697	649
697	673
697	674
697	682
697	691
697	700
697	708
697	728
697	737
697	741
697	742
697	746
697	751
697	752
697	754
697	755
697	759
697	761
697	762
697	907
698	345
698	478
698	486
698	494
698	504
698	543
698	616
698	620
698	630
698	639
698	655
698	666
698	671
698	692
698	693
698	707
698	715
698	718
698	720
698	721
698	724
698	725
698	730
698	736
698	750
698	756
699	132
699	503
699	509
699	522
699	577
699	589
699	602
699	613
699	615
699	629
699	631
699	636
699	649
699	659
699	677
699	682
699	684
699	687
699	691
699	723
699	727
699	729
699	733
699	739
699	745
699	754
700	411
700	534
700	554
700	563
700	639
700	645
700	649
700	666
700	671
700	673
700	683
700	697
700	708
700	732
700	733
700	738
700	746
700	751
700	752
700	754
700	755
700	758
700	759
700	760
700	761
700	762
701	106
701	160
701	499
701	515
701	529
701	533
701	542
701	567
701	609
701	631
701	632
701	660
701	681
701	687
701	710
701	711
701	715
701	718
701	738
701	740
701	741
701	742
701	750
701	754
701	756
701	758
702	489
702	511
702	522
702	564
702	588
702	613
702	621
702	629
702	631
702	636
702	651
702	659
702	684
702	718
702	722
702	723
702	727
702	729
702	730
702	732
702	733
702	734
702	739
702	741
702	757
702	880
703	525
703	559
703	560
703	561
703	563
703	572
703	615
703	622
703	632
703	635
703	649
703	650
703	668
703	674
703	676
703	680
703	690
703	723
703	730
703	732
703	733
703	743
703	753
703	763
703	764
703	765
703	974
704	144
704	485
704	488
704	500
704	521
704	526
704	532
704	584
704	610
704	636
704	640
704	643
704	653
704	678
704	686
704	705
704	709
704	711
704	712
704	713
704	715
704	717
704	722
704	734
704	742
704	760
704	762
705	335
705	505
705	507
705	532
705	548
705	580
705	581
705	584
705	586
705	589
705	596
705	599
705	623
705	641
705	672
705	681
705	704
705	709
705	710
705	711
705	712
705	713
705	717
705	734
705	742
705	744
705	754
706	470
706	480
706	510
706	521
706	530
706	544
706	571
706	583
706	595
706	599
706	605
706	607
706	610
706	631
706	670
706	672
706	682
706	685
706	689
706	694
706	695
706	707
706	726
706	731
706	748
706	757
706	765
707	486
707	496
707	513
707	514
707	523
707	525
707	543
707	550
707	616
707	637
707	645
707	651
707	655
707	666
707	671
707	692
707	698
707	706
707	719
707	721
707	724
707	725
707	728
707	736
707	740
707	741
707	758
707	988
708	291
708	452
708	515
708	518
708	534
708	535
708	593
708	623
708	629
708	649
708	658
708	674
708	695
708	697
708	700
708	709
708	728
708	732
708	736
708	737
708	746
708	749
708	751
708	752
708	755
708	760
708	761
708	762
709	180
709	497
709	500
709	516
709	520
709	526
709	541
709	567
709	599
709	610
709	612
709	627
709	643
709	663
709	672
709	686
709	704
709	705
709	708
709	711
709	712
709	715
709	725
709	734
709	738
709	744
709	761
709	762
710	455
710	495
710	539
710	545
710	566
710	585
710	603
710	617
710	626
710	631
710	660
710	661
710	672
710	694
710	696
710	701
710	705
710	714
710	718
710	730
710	731
710	738
710	740
710	745
710	746
710	756
710	758
710	971
711	242
711	491
711	497
711	520
711	528
711	582
711	584
711	585
711	623
711	627
711	638
711	648
711	656
711	663
711	665
711	682
711	701
711	704
711	705
711	709
711	712
711	715
711	717
711	722
711	734
711	741
711	742
711	744
711	761
712	485
712	500
712	503
712	505
712	528
712	568
712	572
712	581
712	582
712	584
712	619
712	632
712	638
712	678
712	686
712	693
712	704
712	705
712	709
712	711
712	713
712	722
712	734
712	739
712	742
712	745
712	753
712	757
712	970
713	460
713	491
713	497
713	507
713	520
713	524
713	548
713	581
713	582
713	584
713	601
713	606
713	627
713	643
713	676
713	678
713	686
713	704
713	705
713	712
713	717
713	722
713	724
713	733
713	734
713	735
713	742
713	744
713	745
713	748
714	450
714	484
714	557
714	566
714	567
714	576
714	612
714	617
714	626
714	633
714	634
714	661
714	665
714	667
714	670
714	678
714	687
714	694
714	696
714	710
714	718
714	740
714	743
714	750
714	753
714	756
714	758
714	759
714	760
714	978
715	485
715	491
715	526
715	528
715	547
715	584
715	586
715	589
715	596
715	608
715	610
715	612
715	624
715	627
715	643
715	650
715	681
715	686
715	698
715	701
715	704
715	709
715	711
715	717
715	722
715	734
715	744
715	752
715	762
715	991
716	165
716	488
716	492
716	498
716	501
716	508
716	516
716	517
716	547
716	553
716	556
716	570
716	571
716	623
716	626
716	628
716	635
716	638
716	640
716	642
716	648
716	654
716	667
716	675
716	679
716	683
716	693
716	717
716	724
716	753
717	9
717	485
717	500
717	508
717	520
717	555
717	581
717	586
717	589
717	610
717	612
717	626
717	638
717	648
717	663
717	667
717	686
717	704
717	705
717	711
717	713
717	715
717	716
717	718
717	722
717	723
717	726
717	734
717	742
717	744
718	195
718	484
718	506
718	529
718	542
718	594
718	597
718	598
718	601
718	609
718	625
718	669
718	681
718	687
718	696
718	698
718	701
718	702
718	710
718	714
718	717
718	727
718	742
718	743
718	745
718	747
718	750
718	756
718	761
718	840
719	99
719	480
719	487
719	531
719	540
719	546
719	569
719	578
719	579
719	604
719	609
719	611
719	620
719	625
719	641
719	668
719	674
719	675
719	678
719	690
719	707
719	721
719	730
719	735
719	738
719	740
719	741
719	747
719	763
719	764
719	765
720	67
720	435
720	486
720	487
720	488
720	493
720	494
720	504
720	513
720	520
720	525
720	531
720	567
720	585
720	616
720	619
720	630
720	637
720	642
720	655
720	666
720	671
720	692
720	695
720	698
720	721
720	724
720	725
720	736
720	744
720	756
721	312
721	469
721	496
721	513
721	525
721	543
721	551
721	583
721	584
721	585
721	602
721	619
721	620
721	630
721	637
721	643
721	654
721	655
721	666
721	671
721	692
721	698
721	707
721	719
721	720
721	722
721	724
721	725
721	727
721	733
721	736
722	324
722	505
722	520
722	526
722	548
722	554
722	566
722	586
722	589
722	596
722	599
722	612
722	624
722	627
722	629
722	638
722	643
722	651
722	678
722	702
722	704
722	711
722	712
722	713
722	715
722	717
722	721
722	734
722	743
722	755
722	956
723	503
723	510
723	511
723	522
723	539
723	564
723	577
723	588
723	591
723	602
723	613
723	629
723	636
723	643
723	647
723	650
723	651
723	659
723	676
723	677
723	680
723	699
723	702
723	703
723	717
723	727
723	729
723	739
723	747
723	763
723	874
724	25
724	486
724	493
724	494
724	496
724	513
724	514
724	523
724	581
724	585
724	616
724	619
724	620
724	630
724	637
724	655
724	659
724	666
724	679
724	698
724	707
724	713
724	716
724	720
724	721
724	725
724	736
724	742
724	746
724	749
724	762
724	763
725	32
725	472
725	486
725	493
725	494
725	496
725	523
725	543
725	569
725	585
725	595
725	601
725	613
725	616
725	620
725	630
725	637
725	638
725	655
725	666
725	671
725	692
725	698
725	707
725	709
725	720
725	721
725	724
725	736
725	738
725	751
725	754
726	320
726	324
726	481
726	501
726	509
726	524
726	527
726	541
726	544
726	571
726	583
726	587
726	605
726	608
726	644
726	656
726	670
726	672
726	679
726	683
726	685
726	695
726	696
726	706
726	717
726	731
726	741
726	748
726	756
726	757
726	758
726	764
727	177
727	511
727	539
727	564
727	577
727	588
727	590
727	602
727	613
727	614
727	615
727	617
727	626
727	629
727	633
727	636
727	651
727	655
727	659
727	680
727	684
727	691
727	699
727	702
727	718
727	721
727	723
727	729
727	733
727	739
727	763
727	881
728	315
728	490
728	503
728	515
728	555
728	557
728	561
728	568
728	599
728	652
728	653
728	657
728	658
728	675
728	682
728	684
728	697
728	707
728	708
728	731
728	732
728	737
728	738
728	746
728	749
728	752
728	753
728	754
728	755
728	759
728	760
728	761
728	765
728	926
729	245
729	489
729	510
729	511
729	522
729	577
729	588
729	602
729	605
729	606
729	613
729	615
729	621
729	636
729	651
729	673
729	677
729	678
729	679
729	680
729	684
729	691
729	694
729	695
729	699
729	702
729	723
729	727
729	733
729	739
729	743
729	746
729	755
729	765
730	487
730	496
730	545
730	546
730	549
730	563
730	565
730	570
730	572
730	575
730	591
730	611
730	625
730	627
730	632
730	636
730	646
730	674
730	675
730	698
730	702
730	703
730	710
730	719
730	735
730	736
730	741
730	743
730	744
730	754
730	763
730	764
730	765
730	780
731	498
731	509
731	512
731	524
731	527
731	538
731	541
731	544
731	546
731	566
731	583
731	587
731	592
731	595
731	607
731	608
731	609
731	644
731	647
731	653
731	665
731	670
731	672
731	685
731	689
731	695
731	706
731	710
731	726
731	728
731	735
731	748
731	751
731	757
731	969
732	442
732	453
732	479
732	529
732	537
732	552
732	556
732	566
732	571
732	576
732	607
732	614
732	645
732	649
732	653
732	667
732	669
732	672
732	682
732	700
732	702
732	703
732	708
732	728
732	737
732	738
732	749
732	751
732	752
732	754
732	755
732	759
732	760
732	761
732	762
733	474
733	489
733	503
733	511
733	539
733	551
733	564
733	577
733	588
733	591
733	597
733	613
733	615
733	621
733	629
733	630
733	636
733	651
733	674
733	677
733	680
733	684
733	691
733	699
733	700
733	702
733	703
733	713
733	721
733	727
733	729
733	739
733	745
733	763
733	888
734	124
734	425
734	500
734	513
734	543
734	560
734	581
734	584
734	586
734	596
734	599
734	612
734	627
734	638
734	666
734	678
734	686
734	689
734	702
734	704
734	705
734	709
734	711
734	712
734	713
734	715
734	717
734	722
734	738
734	742
734	744
734	747
734	749
734	756
734	765
735	47
735	480
735	514
735	526
735	534
735	546
735	549
735	559
735	575
735	586
735	593
735	611
735	614
735	625
735	641
735	646
735	647
735	666
735	673
735	676
735	681
735	688
735	713
735	719
735	730
735	731
735	741
735	743
735	744
735	752
735	753
735	763
735	764
735	765
735	975
736	486
736	493
736	494
736	496
736	513
736	514
736	523
736	525
736	543
736	585
736	616
736	619
736	620
736	630
736	637
736	666
736	671
736	686
736	692
736	698
736	707
736	708
736	720
736	721
736	724
736	725
736	730
736	737
736	739
736	740
736	745
736	758
736	759
736	760
736	762
736	774
736	860
737	74
737	485
737	509
737	516
737	519
737	535
737	554
737	562
737	568
737	574
737	579
737	590
737	624
737	639
737	645
737	652
737	653
737	658
737	670
737	693
737	697
737	708
737	728
737	732
737	736
737	738
737	741
737	746
737	749
737	751
737	752
737	754
737	755
737	759
737	760
737	761
737	762
738	479
738	515
738	521
738	555
738	556
738	568
738	583
738	614
738	645
738	649
738	653
738	658
738	677
738	686
738	700
738	701
738	709
738	710
738	719
738	725
738	728
738	732
738	734
738	737
738	746
738	747
738	749
738	751
738	752
738	754
738	755
738	759
738	760
738	761
738	762
738	894
738	991
739	78
739	172
739	489
739	503
739	510
739	519
739	521
739	522
739	539
739	564
739	571
739	580
739	602
739	613
739	615
739	621
739	629
739	636
739	650
739	651
739	659
739	668
739	677
739	680
739	683
739	684
739	691
739	699
739	702
739	712
739	723
739	727
739	729
739	733
739	736
739	741
739	765
740	480
740	495
740	506
740	529
740	533
740	551
740	566
740	575
740	576
740	590
740	598
740	603
740	617
740	633
740	634
740	646
740	653
740	659
740	660
740	661
740	664
740	671
740	672
740	681
740	701
740	707
740	710
740	714
740	719
740	736
740	744
740	745
740	747
740	750
740	756
740	758
740	798
740	820
741	487
741	545
741	560
741	563
741	570
741	572
741	574
741	575
741	578
741	579
741	593
741	604
741	625
741	626
741	646
741	650
741	651
741	676
741	688
741	690
741	697
741	701
741	702
741	707
741	711
741	719
741	726
741	730
741	735
741	737
741	739
741	743
741	753
741	757
741	763
741	764
741	883
741	975
742	332
742	333
742	485
742	491
742	497
742	502
742	505
742	520
742	528
742	533
742	545
742	584
742	586
742	588
742	589
742	599
742	610
742	612
742	627
742	643
742	662
742	663
742	678
742	681
742	697
742	701
742	704
742	705
742	711
742	712
742	713
742	717
742	718
742	724
742	734
742	744
742	749
742	761
743	320
743	480
743	487
743	512
743	528
743	534
743	542
743	545
743	549
743	559
743	560
743	565
743	574
743	575
743	581
743	591
743	611
743	622
743	632
743	641
743	645
743	647
743	657
743	668
743	673
743	688
743	703
743	714
743	718
743	722
743	729
743	730
743	735
743	741
743	748
743	755
743	763
743	764
743	976
744	301
744	359
744	495
744	500
744	507
744	520
744	525
744	526
744	528
744	548
744	581
744	582
744	586
744	589
744	596
744	599
744	610
744	612
744	617
744	627
744	638
744	643
744	674
744	678
744	705
744	709
744	711
744	713
744	715
744	717
744	720
744	730
744	734
744	735
744	740
744	742
744	746
744	755
744	762
745	280
745	408
745	495
745	499
745	503
745	506
745	533
745	551
745	562
745	566
745	567
745	601
745	603
745	609
745	617
745	630
745	631
745	634
745	640
745	662
745	664
745	671
745	681
745	687
745	694
745	696
745	699
745	710
745	712
745	713
745	718
745	733
745	736
745	740
745	747
745	748
745	750
745	756
745	758
745	762
746	424
746	504
746	537
746	550
746	553
746	556
746	562
746	568
746	588
746	601
746	606
746	607
746	614
746	620
746	645
746	649
746	653
746	655
746	682
746	697
746	700
746	708
746	710
746	724
746	728
746	729
746	737
746	738
746	744
746	749
746	751
746	752
746	754
746	755
746	759
746	760
746	761
746	762
746	763
746	931
747	125
747	499
747	506
747	529
747	533
747	536
747	541
747	542
747	551
747	552
747	561
747	576
747	590
747	597
747	600
747	601
747	617
747	626
747	627
747	631
747	633
747	657
747	660
747	661
747	662
747	676
747	688
747	696
747	718
747	719
747	723
747	734
747	738
747	740
747	745
747	748
747	756
747	758
747	759
747	968
748	127
748	481
748	482
748	498
748	509
748	521
748	522
748	524
748	527
748	538
748	541
748	544
748	564
748	571
748	573
748	581
748	583
748	587
748	592
748	607
748	608
748	636
748	644
748	656
748	669
748	670
748	672
748	682
748	685
748	689
748	695
748	706
748	713
748	726
748	731
748	743
748	745
748	747
748	754
748	757
748	846
749	66
749	384
749	486
749	536
749	537
749	550
749	554
749	556
749	564
749	568
749	575
749	578
749	606
749	608
749	618
749	624
749	643
749	649
749	652
749	653
749	658
749	659
749	682
749	695
749	708
749	724
749	728
749	732
749	734
749	737
749	738
749	742
749	746
749	751
749	752
749	754
749	755
749	759
749	760
749	761
749	762
750	171
750	506
750	529
750	530
750	532
750	536
750	554
750	565
750	570
750	576
750	594
750	597
750	598
750	600
750	603
750	606
750	626
750	631
750	633
750	634
750	646
750	652
750	657
750	660
750	662
750	678
750	681
750	687
750	694
750	696
750	698
750	701
750	714
750	718
750	740
750	745
750	753
750	755
750	756
750	760
750	942
751	484
751	490
751	515
751	537
751	552
751	555
751	557
751	560
751	579
751	600
751	602
751	606
751	624
751	631
751	633
751	639
751	645
751	658
751	666
751	680
751	682
751	685
751	694
751	697
751	700
751	708
751	725
751	731
751	732
751	737
751	738
751	746
751	749
751	752
751	754
751	755
751	759
751	760
751	761
751	762
751	893
751	906
752	164
752	296
752	488
752	541
752	552
752	555
752	557
752	562
752	573
752	598
752	606
752	607
752	614
752	622
752	624
752	625
752	635
752	639
752	645
752	649
752	658
752	659
752	675
752	693
752	697
752	700
752	708
752	715
752	728
752	732
752	735
752	737
752	738
752	746
752	749
752	751
752	754
752	755
752	759
752	760
752	761
752	762
753	309
753	416
753	480
753	503
753	519
753	534
753	540
753	545
753	549
753	556
753	559
753	561
753	563
753	570
753	572
753	574
753	578
753	579
753	584
753	591
753	593
753	607
753	610
753	618
753	622
753	632
753	641
753	646
753	651
753	663
753	673
753	676
753	685
753	703
753	712
753	714
753	716
753	728
753	735
753	741
753	750
753	764
753	765
754	167
754	515
754	535
754	537
754	550
754	587
754	596
754	606
754	614
754	624
754	639
754	645
754	652
754	653
754	658
754	671
754	681
754	682
754	690
754	692
754	697
754	699
754	700
754	701
754	705
754	725
754	728
754	730
754	732
754	737
754	738
754	746
754	748
754	749
754	751
754	752
754	755
754	758
754	759
754	760
754	761
754	762
754	963
755	262
755	447
755	478
755	490
755	550
755	552
755	554
755	555
755	556
755	557
755	568
755	606
755	618
755	624
755	640
755	641
755	652
755	664
755	682
755	690
755	697
755	700
755	708
755	722
755	728
755	729
755	732
755	737
755	738
755	743
755	744
755	746
755	749
755	750
755	751
755	752
755	754
755	756
755	759
755	760
755	761
755	762
755	764
756	180
756	478
756	482
756	484
756	532
756	567
756	574
756	576
756	589
756	598
756	601
756	608
756	617
756	626
756	631
756	634
756	639
756	658
756	661
756	662
756	664
756	665
756	677
756	680
756	681
756	687
756	696
756	698
756	701
756	710
756	714
756	718
756	720
756	726
756	734
756	740
756	745
756	747
756	750
756	755
756	758
756	764
756	795
757	190
757	286
757	481
757	498
757	509
757	521
757	524
757	527
757	530
757	531
757	538
757	541
757	544
757	547
757	563
757	565
757	571
757	572
757	573
757	576
757	583
757	587
757	592
757	595
757	605
757	608
757	618
757	644
757	656
757	661
757	667
757	670
757	672
757	685
757	689
757	695
757	702
757	706
757	712
757	726
757	731
757	741
757	748
757	762
758	424
758	478
758	482
758	484
758	495
758	499
758	533
758	542
758	551
758	570
758	590
758	594
758	597
758	600
758	601
758	603
758	617
758	626
758	633
758	655
758	657
758	660
758	661
758	662
758	663
758	665
758	667
758	688
758	689
758	694
758	700
758	701
758	707
758	710
758	714
758	726
758	736
758	740
758	745
758	747
758	754
758	756
758	760
758	762
758	955
759	479
759	493
759	494
759	496
759	510
759	534
759	535
759	550
759	552
759	554
759	556
759	567
759	568
759	582
759	606
759	607
759	614
759	624
759	633
759	639
759	652
759	653
759	658
759	674
759	682
759	684
759	697
759	700
759	714
759	728
759	732
759	736
759	737
759	738
759	746
759	747
759	749
759	751
759	752
759	754
759	755
759	760
759	761
759	762
759	842
759	966
760	345
760	429
760	478
760	479
760	490
760	536
760	550
760	554
760	556
760	557
760	562
760	568
760	587
760	606
760	614
760	620
760	639
760	642
760	649
760	652
760	658
760	682
760	683
760	687
760	691
760	694
760	700
760	704
760	708
760	714
760	728
760	732
760	736
760	737
760	738
760	746
760	749
760	750
760	751
760	752
760	754
760	755
760	758
760	759
760	761
760	762
761	438
761	468
761	479
761	490
761	513
761	535
761	552
761	554
761	562
761	614
761	618
761	624
761	635
761	639
761	647
761	648
761	649
761	652
761	653
761	658
761	668
761	672
761	675
761	677
761	682
761	697
761	700
761	708
761	709
761	711
761	718
761	728
761	732
761	737
761	738
761	742
761	746
761	749
761	751
761	752
761	754
761	755
761	759
761	760
761	762
761	949
762	223
762	238
762	490
762	515
762	535
762	537
762	550
762	554
762	555
762	556
762	562
762	568
762	604
762	618
762	624
762	626
762	627
762	645
762	649
762	652
762	653
762	682
762	697
762	700
762	704
762	708
762	709
762	715
762	724
762	732
762	736
762	737
762	738
762	744
762	745
762	746
762	749
762	751
762	752
762	754
762	755
762	757
762	758
762	759
762	760
762	761
762	763
762	765
763	86
763	466
763	502
763	512
763	519
763	540
763	542
763	546
763	549
763	561
763	565
763	574
763	575
763	577
763	588
763	591
763	611
763	618
763	625
763	630
763	631
763	632
763	641
763	646
763	647
763	650
763	668
763	673
763	674
763	677
763	683
763	688
763	691
763	703
763	719
763	723
763	724
763	727
763	730
763	733
763	735
763	741
763	743
763	746
763	762
763	764
763	765
763	824
764	2
764	81
764	231
764	487
764	502
764	504
764	512
764	531
764	545
764	560
764	561
764	572
764	583
764	590
764	591
764	593
764	595
764	604
764	609
764	611
764	612
764	618
764	625
764	632
764	641
764	644
764	650
764	653
764	668
764	673
764	676
764	679
764	680
764	681
764	688
764	690
764	696
764	703
764	719
764	726
764	730
764	735
764	741
764	743
764	753
764	755
764	756
764	763
764	765
765	385
765	407
765	483
765	526
765	531
765	534
765	540
765	545
765	549
765	560
765	561
765	563
765	565
765	574
765	575
765	578
765	579
765	591
765	604
765	611
765	617
765	619
765	622
765	625
765	641
765	645
765	646
765	662
765	668
765	673
765	674
765	676
765	677
765	688
765	694
765	703
765	706
765	719
765	728
765	729
765	730
765	734
765	735
765	739
765	753
765	762
765	763
765	764
765	889
766	817
766	865
766	887
766	920
766	926
766	949
766	963
766	970
766	987
766	989
767	211
767	776
767	877
767	934
767	971
767	975
767	983
767	984
767	994
767	998
768	795
768	891
768	947
768	952
768	971
768	980
768	981
768	988
768	989
768	996
769	622
769	844
769	883
769	912
769	919
769	941
769	964
769	970
769	979
769	991
770	793
770	807
770	826
770	837
770	844
770	862
770	907
770	915
770	937
770	971
771	794
771	833
771	881
771	883
771	900
771	922
771	958
771	968
771	999
771	1000
772	775
772	798
772	801
772	814
772	831
772	925
772	966
772	976
772	990
772	991
773	448
773	787
773	835
773	931
773	953
773	954
773	960
773	969
773	978
773	999
774	736
774	824
774	852
774	889
774	961
774	975
774	982
774	984
774	989
774	996
775	772
775	808
775	927
775	938
775	939
775	956
775	961
775	966
775	967
775	990
776	382
776	767
776	803
776	863
776	889
776	897
776	898
776	967
776	980
776	996
777	793
777	795
777	886
777	889
777	939
777	971
777	974
777	979
777	994
777	995
778	791
778	833
778	885
778	890
778	925
778	936
778	967
778	976
778	986
778	997
779	325
779	812
779	817
779	846
779	898
779	916
779	936
779	950
779	985
779	996
780	730
780	842
780	893
780	949
780	964
780	965
780	970
780	973
780	989
780	992
781	318
781	784
781	786
781	855
781	915
781	934
781	978
781	979
781	996
781	998
782	300
782	838
782	847
782	894
782	931
782	968
782	984
782	992
782	999
782	1000
783	691
783	876
783	877
783	935
783	938
783	942
783	972
783	983
783	994
783	998
784	781
784	805
784	872
784	899
784	910
784	916
784	951
784	979
784	983
784	991
785	794
785	837
785	906
785	922
785	923
785	932
785	972
785	982
785	990
785	1000
786	781
786	892
786	914
786	917
786	971
786	977
786	986
786	990
786	995
786	998
787	110
787	773
787	819
787	860
787	863
787	928
787	930
787	956
787	980
787	991
788	827
788	872
788	917
788	924
788	943
788	945
788	976
788	982
788	986
788	997
789	15
789	794
789	846
789	854
789	895
789	915
789	956
789	967
789	975
789	989
790	864
790	880
790	923
790	934
790	968
790	986
790	992
790	994
790	999
790	1000
791	639
791	778
791	870
791	903
791	920
791	958
791	959
791	966
791	987
791	991
792	823
792	867
792	888
792	899
792	906
792	927
792	960
792	970
792	998
792	999
792	1000
793	770
793	777
793	914
793	935
793	939
793	947
793	974
793	992
793	994
793	995
793	998
794	771
794	785
794	789
794	861
794	906
794	931
794	953
794	969
794	996
794	999
794	1000
795	756
795	768
795	777
795	797
795	823
795	913
795	962
795	966
795	969
795	992
795	1000
796	802
796	882
796	928
796	940
796	942
796	943
796	961
796	962
796	975
796	986
796	993
797	795
797	887
797	896
797	899
797	913
797	933
797	961
797	977
797	982
797	999
797	1000
798	740
798	772
798	897
798	910
798	917
798	924
798	939
798	953
798	986
798	990
798	997
799	829
799	862
799	909
799	910
799	961
799	967
799	976
799	985
799	986
799	993
799	998
800	851
800	896
800	909
800	924
800	939
800	945
800	950
800	961
800	976
800	981
800	990
801	772
801	860
801	906
801	927
801	965
801	967
801	976
801	978
801	988
801	993
801	997
802	582
802	796
802	833
802	859
802	880
802	886
802	941
802	952
802	979
802	983
802	994
803	183
803	776
803	804
803	809
803	841
803	855
803	947
803	953
803	965
803	975
803	984
804	803
804	844
804	887
804	906
804	916
804	933
804	936
804	951
804	975
804	985
804	996
805	784
805	845
805	934
805	941
805	948
805	951
805	975
805	977
805	995
805	998
805	999
806	821
806	856
806	860
806	870
806	874
806	903
806	952
806	978
806	984
806	993
806	996
807	770
807	826
807	883
807	886
807	930
807	941
807	951
807	983
807	994
807	997
807	998
808	148
808	775
808	872
808	877
808	911
808	913
808	967
808	977
808	990
808	993
808	997
809	803
809	833
809	861
809	863
809	887
809	889
809	897
809	927
809	985
809	987
809	989
810	162
810	812
810	830
810	865
810	895
810	947
810	948
810	950
810	958
810	975
810	984
811	643
811	830
811	831
811	857
811	916
811	933
811	938
811	958
811	981
811	988
811	996
812	779
812	810
812	825
812	836
812	893
812	907
812	945
812	949
812	955
812	973
812	991
813	63
813	856
813	904
813	919
813	955
813	964
813	967
813	972
813	973
813	987
813	991
814	772
814	815
814	868
814	880
814	884
814	904
814	943
814	963
814	967
814	985
814	986
815	213
815	814
815	885
815	911
815	914
815	940
815	943
815	971
815	979
815	990
815	993
816	820
816	821
816	844
816	885
816	911
816	917
816	936
816	965
816	982
816	986
816	990
817	627
817	766
817	779
817	878
817	903
817	924
817	963
817	978
817	988
817	989
817	996
818	829
818	864
818	896
818	898
818	906
818	931
818	969
818	974
818	982
818	986
818	992
819	84
819	787
819	821
819	841
819	854
819	880
819	902
819	908
819	948
819	988
819	989
820	740
820	816
820	843
820	864
820	869
820	942
820	961
820	986
820	990
820	997
820	999
821	516
821	806
821	816
821	819
821	888
821	910
821	915
821	935
821	937
821	979
821	994
822	859
822	861
822	889
822	892
822	894
822	907
822	910
822	916
822	993
822	995
822	1000
823	328
823	792
823	795
823	859
823	880
823	932
823	936
823	962
823	968
823	980
823	982
823	999
824	763
824	774
824	877
824	883
824	925
824	944
824	953
824	954
824	968
824	982
824	999
824	1000
825	149
825	812
825	835
825	847
825	861
825	893
825	919
825	949
825	964
825	970
825	973
825	994
826	615
826	770
826	807
826	830
826	908
826	924
826	928
826	940
826	947
826	980
826	981
826	988
827	336
827	788
827	876
827	892
827	907
827	914
827	926
827	935
827	971
827	995
827	998
827	1000
828	102
828	850
828	874
828	938
828	945
828	947
828	949
828	972
828	973
828	975
828	991
828	999
829	799
829	818
829	837
829	855
829	916
829	924
829	925
829	976
829	986
829	990
829	995
829	997
830	525
830	810
830	811
830	826
830	842
830	856
830	861
830	866
830	900
830	980
830	984
830	987
831	772
831	811
831	897
831	905
831	913
831	931
831	947
831	952
831	956
831	978
831	980
831	988
832	90
832	849
832	858
832	879
832	901
832	912
832	938
832	955
832	963
832	969
832	972
832	999
833	439
833	771
833	778
833	802
833	809
833	853
833	857
833	877
833	979
833	980
833	995
833	998
834	883
834	888
834	911
834	917
834	927
834	939
834	967
834	969
834	971
834	972
834	986
834	997
835	337
835	773
835	825
835	839
835	849
835	918
835	922
835	946
835	963
835	964
835	973
835	987
836	152
836	812
836	843
836	848
836	850
836	869
836	886
836	938
836	949
836	959
836	973
836	990
837	338
837	770
837	785
837	829
837	885
837	888
837	920
837	940
837	942
837	943
837	950
837	967
838	782
838	871
838	907
838	920
838	922
838	923
838	947
838	962
838	977
838	982
838	999
838	1000
839	835
839	852
839	855
839	858
839	936
839	937
839	958
839	959
839	980
839	984
839	989
839	996
840	718
840	902
840	914
840	918
840	929
840	941
840	954
840	962
840	971
840	977
840	979
840	994
841	153
841	803
841	819
841	871
841	931
841	954
841	962
841	968
841	982
841	985
841	999
841	1000
842	759
842	780
842	830
842	849
842	852
842	949
842	955
842	963
842	970
842	973
842	987
842	996
843	307
843	820
843	836
843	866
843	884
843	910
843	924
843	940
843	942
843	945
843	965
843	993
844	603
844	769
844	770
844	804
844	816
844	879
844	897
844	933
844	936
844	958
844	980
844	990
845	695
845	805
845	847
845	873
845	886
845	892
845	907
845	929
845	976
845	977
845	979
845	1000
846	748
846	779
846	789
846	898
846	905
846	911
846	947
846	948
846	953
846	955
846	985
846	988
846	995
847	526
847	782
847	825
847	845
847	876
847	893
847	904
847	906
847	916
847	935
847	941
847	971
847	977
848	13
848	836
848	901
848	926
848	930
848	938
848	954
848	955
848	959
848	966
848	969
848	987
848	992
849	655
849	832
849	835
849	842
849	860
849	921
849	930
849	948
849	959
849	964
849	970
849	972
849	991
850	458
850	828
850	836
850	890
850	901
850	946
850	949
850	956
850	966
850	967
850	987
850	991
850	994
851	288
851	800
851	906
851	939
851	944
851	953
851	962
851	964
851	969
851	971
851	982
851	992
851	1000
852	601
852	774
852	839
852	842
852	948
852	951
852	955
852	958
852	975
852	976
852	978
852	985
852	996
853	471
853	833
853	854
853	894
853	915
853	934
853	944
853	971
853	974
853	977
853	984
853	994
853	998
854	599
854	789
854	819
854	853
854	874
854	889
854	905
854	908
854	929
854	975
854	981
854	985
854	995
855	339
855	781
855	803
855	829
855	839
855	890
855	905
855	918
855	935
855	980
855	984
855	989
855	996
856	147
856	806
856	813
856	830
856	860
856	895
856	898
856	928
856	932
856	947
856	982
856	988
856	997
857	108
857	811
857	833
857	937
857	941
857	951
857	967
857	974
857	977
857	979
857	995
857	997
857	998
858	128
858	832
858	839
858	908
858	938
858	955
858	959
858	963
858	972
858	973
858	979
858	991
858	998
859	71
859	802
859	822
859	823
859	877
859	930
859	935
859	937
859	957
859	958
859	964
859	973
859	994
859	995
860	736
860	787
860	801
860	806
860	849
860	856
860	879
860	939
860	945
860	976
860	978
860	985
860	988
860	996
861	343
861	794
861	809
861	822
861	825
861	830
861	870
861	887
861	898
861	923
861	952
861	956
861	981
861	984
862	114
862	770
862	799
862	881
862	910
862	911
862	925
862	929
862	942
862	976
862	986
862	990
862	993
862	997
863	492
863	776
863	787
863	809
863	878
863	898
863	928
863	951
863	978
863	981
863	986
863	996
863	998
863	1000
864	398
864	790
864	818
864	820
864	880
864	891
864	932
864	954
864	962
864	974
864	988
864	994
864	999
864	1000
865	354
865	766
865	810
865	872
865	903
865	920
865	935
865	944
865	946
865	959
865	964
865	966
865	972
865	973
866	830
866	843
866	881
866	900
866	914
866	921
866	930
866	941
866	973
866	974
866	977
866	979
866	983
866	994
867	49
867	792
867	877
867	896
867	923
867	931
867	944
867	949
867	960
867	964
867	968
867	975
867	999
867	1000
868	94
868	814
868	872
868	882
868	885
868	894
868	937
868	942
868	950
868	976
868	982
868	993
868	997
868	998
869	561
869	820
869	836
869	898
869	901
869	903
869	913
869	919
869	964
869	970
869	972
869	973
869	987
869	996
870	791
870	806
870	861
870	918
870	928
870	936
870	958
870	973
870	976
870	978
870	985
870	989
870	996
870	997
871	98
871	838
871	841
871	900
871	913
871	932
871	937
871	944
871	960
871	969
871	984
871	987
871	992
871	998
872	497
872	784
872	788
872	808
872	865
872	868
872	885
872	904
872	939
872	942
872	950
872	976
872	994
872	997
873	845
873	875
873	928
873	933
873	955
873	960
873	962
873	978
873	980
873	981
873	982
873	985
873	989
873	996
874	723
874	806
874	828
874	854
874	889
874	902
874	936
874	946
874	959
874	963
874	966
874	972
874	987
874	991
875	138
875	873
875	878
875	879
875	925
875	947
875	958
875	972
875	978
875	980
875	983
875	984
875	991
875	996
876	426
876	783
876	827
876	847
876	898
876	908
876	914
876	925
876	935
876	951
876	974
876	980
876	994
876	995
876	998
877	767
877	783
877	808
877	824
877	833
877	859
877	867
877	915
877	937
877	955
877	977
877	981
877	983
877	994
877	998
878	817
878	863
878	875
878	889
878	898
878	925
878	936
878	941
878	948
878	952
878	979
878	983
878	989
878	996
878	999
879	832
879	844
879	860
879	875
879	884
879	887
879	898
879	918
879	923
879	952
879	961
879	975
879	978
879	986
879	988
880	702
880	790
880	802
880	814
880	819
880	823
880	864
880	891
880	899
880	922
880	960
880	968
880	982
880	992
880	998
881	727
881	771
881	862
881	866
881	932
881	953
881	954
881	960
881	962
881	969
881	987
881	992
881	993
881	999
881	1000
882	553
882	796
882	868
882	890
882	925
882	931
882	934
882	948
882	961
882	967
882	979
882	986
882	987
882	990
882	993
883	741
883	769
883	771
883	807
883	824
883	834
883	919
883	920
883	946
883	949
883	955
883	966
883	972
883	987
883	991
884	462
884	814
884	843
884	879
884	886
884	942
884	943
884	948
884	950
884	961
884	967
884	988
884	990
884	993
884	994
885	778
885	815
885	816
885	837
885	868
885	872
885	890
885	903
885	912
885	946
885	950
885	957
885	961
885	976
885	981
885	993
886	188
886	777
886	802
886	807
886	836
886	845
886	884
886	934
886	946
886	951
886	974
886	975
886	979
886	989
886	995
886	998
887	364
887	766
887	797
887	804
887	809
887	861
887	879
887	905
887	933
887	945
887	969
887	981
887	984
887	988
887	995
887	996
888	733
888	792
888	821
888	834
888	837
888	909
888	922
888	924
888	943
888	950
888	953
888	965
888	986
888	990
888	993
888	997
889	765
889	774
889	776
889	777
889	809
889	822
889	854
889	874
889	878
889	956
889	967
889	981
889	984
889	988
889	992
889	996
890	161
890	778
890	850
890	855
890	882
890	885
890	909
890	924
890	940
890	959
890	961
890	976
890	987
890	991
890	993
890	997
891	621
891	768
891	864
891	880
891	908
891	913
891	932
891	944
891	947
891	954
891	968
891	969
891	976
891	981
891	992
891	1000
892	786
892	822
892	827
892	845
892	930
892	937
892	960
892	961
892	964
892	965
892	971
892	972
892	977
892	979
892	994
892	995
893	751
893	780
893	812
893	825
893	847
893	902
893	928
893	945
893	946
893	964
893	965
893	973
893	987
893	991
893	992
893	999
894	738
894	782
894	822
894	853
894	868
894	907
894	916
894	921
894	927
894	929
894	930
894	969
894	977
894	987
894	995
894	998
895	681
895	789
895	810
895	856
895	897
895	947
895	950
895	956
895	968
895	975
895	981
895	984
895	985
895	988
895	992
895	994
895	1000
896	483
896	797
896	800
896	818
896	867
896	899
896	909
896	914
896	922
896	923
896	926
896	932
896	960
896	969
896	998
896	999
896	1000
897	208
897	776
897	798
897	809
897	831
897	844
897	895
897	905
897	927
897	933
897	946
897	952
897	963
897	980
897	984
897	989
897	995
898	776
898	779
898	818
898	846
898	856
898	861
898	863
898	869
898	876
898	878
898	879
898	923
898	930
898	933
898	948
898	978
898	985
899	338
899	784
899	792
899	797
899	880
899	896
899	900
899	910
899	931
899	942
899	953
899	962
899	977
899	982
899	987
899	992
899	999
900	284
900	771
900	830
900	866
900	871
900	899
900	913
900	917
900	920
900	932
900	945
900	953
900	962
900	982
900	992
900	999
900	1000
901	666
901	832
901	848
901	850
901	869
901	920
901	938
901	946
901	958
901	963
901	966
901	973
901	978
901	981
901	982
901	993
901	994
902	142
902	819
902	840
902	874
902	893
902	912
902	946
902	948
902	956
902	959
902	963
902	966
902	972
902	973
902	975
902	987
902	991
903	791
903	806
903	817
903	865
903	869
903	885
903	912
903	919
903	921
903	926
903	946
903	959
903	968
903	970
903	972
903	978
903	991
904	65
904	813
904	814
904	847
904	872
904	907
904	910
904	912
904	915
904	916
904	937
904	957
904	977
904	979
904	983
904	984
904	990
904	995
905	468
905	831
905	846
905	854
905	855
905	887
905	897
905	920
905	936
905	952
905	972
905	973
905	975
905	979
905	985
905	988
905	989
905	999
906	751
906	785
906	792
906	794
906	801
906	804
906	818
906	847
906	851
906	932
906	939
906	943
906	960
906	969
906	982
906	992
906	999
906	1000
907	697
907	770
907	812
907	822
907	827
907	838
907	845
907	894
907	904
907	914
907	935
907	971
907	980
907	984
907	988
907	994
907	995
907	998
908	55
908	819
908	826
908	854
908	858
908	876
908	891
908	925
908	928
908	947
908	948
908	956
908	958
908	980
908	981
908	984
908	985
908	997
909	505
909	799
909	800
909	888
909	890
909	896
909	917
909	927
909	939
909	943
909	956
909	965
909	984
909	986
909	988
909	993
909	996
909	997
910	630
910	784
910	798
910	799
910	821
910	822
910	843
910	862
910	899
910	904
910	916
910	929
910	937
910	951
910	957
910	974
910	979
910	983
910	989
911	181
911	808
911	815
911	816
911	834
911	846
911	862
911	914
911	938
911	939
911	950
911	965
911	967
911	976
911	978
911	983
911	990
911	993
911	997
912	4
912	769
912	832
912	885
912	902
912	903
912	904
912	926
912	938
912	945
912	946
912	953
912	959
912	963
912	964
912	969
912	973
912	974
912	987
913	661
913	795
913	797
913	808
913	831
913	869
913	871
913	891
913	900
913	923
913	928
913	954
913	968
913	969
913	988
913	992
913	996
913	999
913	1000
914	126
914	786
914	793
914	815
914	827
914	840
914	866
914	876
914	896
914	907
914	911
914	921
914	929
914	957
914	962
914	983
914	990
914	994
914	996
915	244
915	770
915	781
915	789
915	821
915	853
915	877
915	904
915	926
915	930
915	937
915	947
915	951
915	959
915	971
915	979
915	983
915	994
915	997
916	564
916	779
916	784
916	804
916	811
916	822
916	829
916	847
916	894
916	904
916	910
916	921
916	937
916	951
916	968
916	974
916	988
916	995
916	998
917	418
917	786
917	788
917	798
917	816
917	834
917	900
917	909
917	919
917	927
917	940
917	949
917	950
917	952
917	961
917	965
917	967
917	993
917	994
918	57
918	835
918	840
918	855
918	870
918	879
918	921
918	933
918	936
918	951
918	952
918	956
918	958
918	975
918	984
918	988
918	989
918	995
918	999
919	645
919	769
919	813
919	825
919	869
919	883
919	903
919	917
919	920
919	926
919	928
919	931
919	965
919	966
919	969
919	970
919	972
919	980
919	987
919	991
920	397
920	766
920	791
920	837
920	838
920	865
920	883
920	900
920	901
920	905
920	919
920	926
920	927
920	938
920	963
920	968
920	970
920	972
920	973
920	991
921	464
921	849
921	866
921	894
921	903
921	914
921	916
921	918
921	929
921	930
921	936
921	970
921	971
921	974
921	977
921	981
921	983
921	994
921	995
921	998
922	254
922	771
922	785
922	835
922	838
922	880
922	888
922	896
922	931
922	944
922	954
922	960
922	968
922	969
922	971
922	983
922	985
922	988
922	992
922	999
923	159
923	785
923	790
923	838
923	861
923	867
923	879
923	896
923	898
923	913
923	935
923	948
923	950
923	953
923	954
923	960
923	982
923	992
923	999
923	1000
924	586
924	788
924	798
924	800
924	817
924	826
924	829
924	843
924	888
924	890
924	925
924	927
924	942
924	963
924	976
924	980
924	983
924	991
924	993
924	995
925	472
925	772
925	778
925	824
925	829
925	862
925	875
925	876
925	878
925	882
925	908
925	924
925	940
925	942
925	961
925	962
925	967
925	986
925	990
925	993
925	997
926	728
926	766
926	827
926	848
926	896
926	903
926	912
926	915
926	919
926	920
926	936
926	945
926	946
926	955
926	960
926	964
926	970
926	972
926	983
926	987
926	991
927	177
927	775
927	792
927	801
927	809
927	834
927	894
927	897
927	909
927	917
927	920
927	924
927	935
927	939
927	940
927	943
927	947
927	965
927	986
927	993
927	997
928	290
928	787
928	796
928	826
928	856
928	863
928	870
928	873
928	893
928	908
928	913
928	919
928	933
928	936
928	948
928	958
928	960
928	975
928	976
928	980
928	981
928	985
929	294
929	329
929	840
929	845
929	854
929	862
929	894
929	910
929	914
929	921
929	934
929	940
929	944
929	951
929	962
929	971
929	974
929	975
929	979
929	983
929	994
929	998
930	135
930	787
930	807
930	848
930	849
930	859
930	866
930	892
930	894
930	898
930	915
930	921
930	933
930	934
930	935
930	957
930	962
930	974
930	983
930	993
930	994
930	998
931	746
931	773
931	782
931	794
931	818
931	831
931	841
931	867
931	882
931	899
931	919
931	922
931	944
931	960
931	962
931	963
931	968
931	977
931	979
931	991
931	992
931	1000
932	266
932	785
932	823
932	856
932	864
932	871
932	881
932	891
932	896
932	900
932	906
932	943
932	944
932	949
932	954
932	968
932	974
932	977
932	982
932	992
932	994
932	1000
933	321
933	797
933	804
933	811
933	844
933	873
933	887
933	897
933	898
933	918
933	928
933	930
933	935
933	938
933	952
933	954
933	955
933	956
933	980
933	981
933	989
933	996
934	636
934	767
934	781
934	790
934	805
934	853
934	882
934	886
934	929
934	930
934	952
934	957
934	971
934	977
934	980
934	981
934	983
934	990
934	993
934	994
934	995
934	998
935	136
935	783
935	793
935	821
935	827
935	847
935	855
935	859
935	865
935	876
935	907
935	923
935	927
935	930
935	933
935	957
935	960
935	970
935	971
935	974
935	979
935	983
935	998
936	179
936	778
936	779
936	804
936	816
936	823
936	839
936	844
936	870
936	874
936	878
936	905
936	918
936	921
936	926
936	928
936	943
936	952
936	958
936	975
936	978
936	988
936	989
937	43
937	770
937	821
937	839
937	857
937	859
937	868
937	871
937	877
937	892
937	904
937	910
937	915
937	916
937	941
937	951
937	957
937	978
937	984
937	993
937	995
937	998
937	999
938	480
938	775
938	783
938	811
938	828
938	832
938	836
938	848
938	858
938	901
938	911
938	912
938	920
938	933
938	945
938	947
938	959
938	963
938	964
938	970
938	973
938	987
938	989
939	168
939	775
939	777
939	793
939	798
939	800
939	834
939	851
939	860
939	872
939	906
939	909
939	911
939	927
939	940
939	944
939	950
939	965
939	982
939	986
939	990
939	993
939	997
940	647
940	796
940	815
940	826
940	837
940	843
940	890
940	917
940	925
940	927
940	929
940	939
940	943
940	961
940	965
940	966
940	974
940	981
940	983
940	986
940	993
940	997
940	998
941	69
941	415
941	769
941	802
941	805
941	807
941	840
941	847
941	857
941	866
941	878
941	937
941	944
941	957
941	959
941	964
941	977
941	979
941	983
941	992
941	994
941	995
941	997
941	998
942	750
942	783
942	796
942	820
942	837
942	843
942	862
942	868
942	872
942	884
942	899
942	924
942	925
942	949
942	950
942	967
942	968
942	976
942	986
942	992
942	993
942	994
942	997
942	1000
943	228
943	788
943	796
943	814
943	815
943	837
943	884
943	888
943	906
943	909
943	927
943	932
943	936
943	940
943	944
943	961
943	965
943	967
943	968
943	969
943	976
943	990
943	991
943	997
944	688
944	824
944	851
944	853
944	865
944	867
944	871
944	891
944	922
944	929
944	931
944	932
944	939
944	941
944	943
944	953
944	954
944	962
944	968
944	977
944	982
944	992
944	999
944	1000
945	89
945	598
945	788
945	800
945	812
945	828
945	843
945	860
945	887
945	893
945	900
945	912
945	926
945	938
945	949
945	955
945	963
945	964
945	966
945	970
945	972
945	973
945	974
945	991
946	317
946	835
946	850
946	865
946	874
946	883
946	885
946	886
946	893
946	897
946	901
946	902
946	903
946	912
946	926
946	954
946	959
946	963
946	965
946	966
946	987
946	990
946	991
946	996
947	453
947	768
947	793
947	803
947	810
947	826
947	828
947	831
947	838
947	846
947	856
947	875
947	891
947	895
947	908
947	915
947	927
947	938
947	952
947	956
947	988
947	989
947	996
947	997
948	322
948	805
948	810
948	819
948	846
948	849
948	852
948	878
948	882
948	884
948	898
948	902
948	908
948	923
948	928
948	952
948	956
948	978
948	980
948	984
948	985
948	988
948	996
948	998
949	761
949	766
949	780
949	812
949	825
949	828
949	836
949	842
949	850
949	867
949	883
949	917
949	932
949	942
949	945
949	959
949	963
949	964
949	972
949	987
949	991
949	997
949	999
949	1000
950	677
950	779
950	800
950	810
950	837
950	868
950	872
950	884
950	885
950	888
950	895
950	911
950	917
950	923
950	939
950	942
950	957
950	965
950	973
950	976
950	986
950	990
950	997
950	1000
951	466
951	784
951	804
951	805
951	807
951	852
951	857
951	863
951	876
951	886
951	910
951	915
951	916
951	918
951	929
951	937
951	954
951	957
951	971
951	976
951	983
951	988
951	995
951	998
952	373
952	768
952	802
952	806
952	831
952	861
952	878
952	879
952	897
952	905
952	917
952	918
952	933
952	934
952	936
952	947
952	948
952	956
952	957
952	974
952	978
952	981
952	983
952	994
952	1000
953	251
953	773
953	794
953	798
953	803
953	824
953	846
953	851
953	881
953	888
953	899
953	900
953	912
953	923
953	944
953	954
953	960
953	966
953	968
953	969
953	978
953	985
953	992
953	999
953	1000
954	215
954	773
954	824
954	840
954	841
954	848
954	864
954	881
954	891
954	913
954	922
954	923
954	932
954	933
954	944
954	946
954	951
954	953
954	958
954	960
954	962
954	963
954	975
954	982
954	992
954	1000
955	176
955	758
955	812
955	813
955	832
955	842
955	846
955	848
955	852
955	858
955	873
955	877
955	883
955	926
955	933
955	945
955	959
955	961
955	963
955	964
955	966
955	970
955	987
955	989
955	991
955	998
956	722
956	775
956	787
956	789
956	831
956	850
956	861
956	889
956	895
956	902
956	908
956	909
956	918
956	933
956	947
956	948
956	952
956	971
956	973
956	975
956	978
956	981
956	987
956	989
956	993
956	996
957	430
957	859
957	885
957	904
957	910
957	914
957	930
957	934
957	935
957	937
957	941
957	950
957	951
957	952
957	962
957	964
957	971
957	974
957	977
957	978
957	983
957	989
957	991
957	994
957	995
957	998
958	166
958	771
958	791
958	810
958	811
958	839
958	844
958	852
958	859
958	870
958	875
958	901
958	908
958	918
958	928
958	936
958	954
958	966
958	972
958	975
958	978
958	980
958	981
958	985
958	988
958	995
959	313
959	791
959	836
959	839
959	848
959	849
959	858
959	865
959	874
959	890
959	902
959	903
959	912
959	915
959	938
959	941
959	946
959	949
959	955
959	963
959	980
959	987
959	989
959	991
959	997
959	1000
960	649
960	773
960	792
960	867
960	871
960	873
960	880
960	881
960	892
960	896
960	906
960	922
960	923
960	926
960	928
960	931
960	935
960	953
960	954
960	962
960	965
960	969
960	971
960	982
960	993
960	999
960	1000
961	614
961	774
961	775
961	796
961	797
961	799
961	800
961	820
961	879
961	882
961	884
961	885
961	890
961	892
961	917
961	925
961	940
961	943
961	955
961	965
961	967
961	969
961	974
961	990
961	993
961	995
961	997
962	34
962	795
962	796
962	823
962	838
962	840
962	841
962	851
962	864
962	873
962	881
962	899
962	900
962	914
962	925
962	929
962	930
962	931
962	944
962	954
962	957
962	960
962	969
962	982
962	992
962	999
962	1000
963	754
963	766
963	814
963	817
963	832
963	835
963	842
963	858
963	874
963	897
963	901
963	902
963	912
963	920
963	924
963	931
963	938
963	945
963	946
963	949
963	954
963	955
963	959
963	970
963	972
963	987
963	992
963	998
964	665
964	769
964	780
964	813
964	825
964	835
964	849
964	851
964	859
964	865
964	867
964	869
964	892
964	893
964	912
964	926
964	938
964	941
964	945
964	949
964	955
964	957
964	966
964	970
964	973
964	980
964	987
964	1000
965	271
965	454
965	780
965	801
965	803
965	816
965	843
965	888
965	892
965	893
965	909
965	911
965	917
965	919
965	927
965	939
965	940
965	943
965	946
965	950
965	960
965	961
965	966
965	967
965	986
965	990
965	993
965	997
966	145
966	759
966	772
966	775
966	791
966	795
966	848
966	850
966	865
966	874
966	883
966	901
966	902
966	919
966	940
966	945
966	946
966	953
966	955
966	958
966	964
966	965
966	970
966	972
966	986
966	987
966	990
966	991
967	540
967	775
967	776
967	778
967	789
967	799
967	801
967	808
967	813
967	814
967	834
967	837
967	850
967	857
967	882
967	884
967	889
967	911
967	917
967	925
967	942
967	943
967	961
967	965
967	976
967	981
967	990
967	992
967	995
967	997
968	747
968	771
968	782
968	790
968	823
968	824
968	841
968	867
968	880
968	891
968	895
968	903
968	913
968	916
968	920
968	922
968	931
968	932
968	942
968	943
968	944
968	953
968	969
968	982
968	986
968	989
968	992
968	998
968	999
968	1000
969	731
969	773
969	794
969	795
969	818
969	832
969	834
969	848
969	851
969	871
969	881
969	887
969	891
969	894
969	896
969	906
969	912
969	913
969	919
969	922
969	943
969	953
969	960
969	961
969	962
969	968
969	982
969	992
969	999
969	1000
970	165
970	712
970	766
970	769
970	780
970	792
970	825
970	842
970	849
970	869
970	903
970	919
970	920
970	921
970	926
970	935
970	938
970	945
970	955
970	963
970	964
970	966
970	972
970	979
970	980
970	985
970	987
970	991
970	996
970	999
971	534
971	710
971	767
971	768
971	770
971	777
971	786
971	815
971	827
971	834
971	840
971	847
971	851
971	853
971	892
971	907
971	915
971	921
971	922
971	929
971	934
971	935
971	951
971	956
971	957
971	960
971	977
971	983
971	984
971	992
971	995
972	276
972	371
972	783
972	785
972	813
972	828
972	832
972	834
972	849
972	858
972	865
972	869
972	874
972	875
972	883
972	892
972	902
972	903
972	905
972	919
972	920
972	926
972	945
972	949
972	958
972	963
972	966
972	970
972	989
972	990
972	991
973	145
973	780
973	812
973	813
973	825
973	828
973	835
973	836
973	842
973	858
973	859
973	865
973	866
973	869
973	870
973	893
973	901
973	902
973	905
973	912
973	920
973	938
973	945
973	950
973	956
973	964
973	985
973	987
973	991
973	995
973	1000
974	703
974	777
974	793
974	818
974	853
974	857
974	864
974	866
974	876
974	886
974	910
974	912
974	916
974	921
974	929
974	930
974	932
974	935
974	940
974	945
974	952
974	957
974	961
974	979
974	983
974	990
974	993
974	994
974	995
974	997
974	998
975	735
975	741
975	767
975	774
975	789
975	796
975	803
975	804
975	805
975	810
975	828
975	852
975	854
975	867
975	879
975	886
975	895
975	902
975	905
975	918
975	928
975	929
975	936
975	954
975	956
975	958
975	978
975	981
975	984
975	985
975	988
975	993
976	743
976	772
976	778
976	788
976	799
976	800
976	801
976	829
976	845
976	852
976	860
976	862
976	868
976	870
976	872
976	885
976	890
976	891
976	911
976	924
976	928
976	942
976	943
976	950
976	951
976	967
976	986
976	990
976	993
976	996
976	997
976	999
976	1000
977	42
977	224
977	786
977	797
977	805
977	808
977	838
977	840
977	845
977	847
977	853
977	857
977	866
977	877
977	892
977	894
977	899
977	904
977	921
977	931
977	932
977	934
977	941
977	944
977	957
977	971
977	979
977	983
977	989
977	995
977	998
977	999
977	1000
978	157
978	714
978	773
978	781
978	801
978	806
978	817
978	831
978	852
978	860
978	863
978	870
978	873
978	875
978	879
978	898
978	901
978	903
978	911
978	936
978	937
978	948
978	952
978	953
978	956
978	957
978	958
978	975
978	983
978	984
978	985
978	988
978	989
978	996
979	26
979	164
979	769
979	777
979	781
979	784
979	802
979	815
979	821
979	833
979	840
979	845
979	857
979	858
979	866
979	878
979	882
979	886
979	892
979	904
979	905
979	910
979	915
979	929
979	931
979	935
979	941
979	970
979	974
979	977
979	985
979	986
979	994
979	995
980	200
980	768
980	776
980	787
980	823
980	826
980	830
980	831
980	833
980	839
980	844
980	855
980	873
980	875
980	876
980	897
980	907
980	908
980	919
980	924
980	928
980	933
980	934
980	948
980	958
980	959
980	964
980	970
980	981
980	984
980	985
980	989
980	996
980	1000
981	477
981	768
981	800
981	811
981	826
981	854
981	861
981	863
981	873
981	877
981	885
981	887
981	889
981	891
981	895
981	901
981	908
981	921
981	928
981	933
981	934
981	940
981	952
981	956
981	958
981	967
981	975
981	980
981	984
981	985
981	986
981	988
981	989
981	994
982	170
982	232
982	774
982	785
982	788
982	797
982	816
982	818
982	823
982	824
982	838
982	841
982	851
982	856
982	868
982	873
982	880
982	899
982	900
982	901
982	906
982	923
982	932
982	939
982	944
982	954
982	960
982	962
982	968
982	969
982	988
982	989
982	992
982	999
982	1000
983	606
983	767
983	783
983	784
983	802
983	807
983	866
983	875
983	877
983	878
983	904
983	910
983	911
983	914
983	915
983	921
983	922
983	924
983	926
983	929
983	930
983	934
983	935
983	940
983	941
983	951
983	952
983	957
983	971
983	974
983	977
983	978
983	984
983	985
983	994
983	995
984	92
984	259
984	767
984	774
984	782
984	803
984	806
984	810
984	830
984	839
984	853
984	855
984	861
984	871
984	875
984	887
984	889
984	895
984	897
984	904
984	907
984	908
984	909
984	918
984	937
984	948
984	971
984	975
984	978
984	980
984	981
984	983
984	985
984	988
984	989
984	996
984	997
985	30
985	372
985	779
985	799
985	804
985	809
985	814
985	841
985	846
985	852
985	854
985	860
985	870
985	873
985	895
985	898
985	905
985	908
985	922
985	928
985	948
985	953
985	958
985	970
985	973
985	975
985	978
985	979
985	980
985	981
985	983
985	984
985	988
985	989
985	990
985	992
985	996
986	507
986	673
986	778
986	786
986	788
986	790
986	796
986	798
986	799
986	814
986	816
986	818
986	820
986	829
986	834
986	862
986	863
986	879
986	882
986	888
986	909
986	925
986	927
986	939
986	940
986	942
986	950
986	965
986	966
986	968
986	976
986	979
986	981
986	987
986	990
986	991
986	993
986	997
987	22
987	766
987	791
987	809
987	813
987	830
987	835
987	842
987	848
987	850
987	869
987	871
987	874
987	881
987	882
987	883
987	890
987	893
987	894
987	899
987	902
987	912
987	919
987	926
987	938
987	946
987	949
987	955
987	956
987	959
987	963
987	964
987	966
987	970
987	973
987	986
987	991
987	997
988	263
988	707
988	768
988	801
988	811
988	817
988	819
988	826
988	831
988	846
988	856
988	860
988	864
988	879
988	884
988	887
988	889
988	895
988	905
988	907
988	909
988	913
988	916
988	918
988	922
988	936
988	947
988	948
988	951
988	958
988	975
988	978
988	981
988	982
988	984
988	985
988	989
988	995
989	88
989	252
989	766
989	768
989	774
989	780
989	789
989	809
989	817
989	819
989	839
989	855
989	870
989	873
989	878
989	886
989	897
989	905
989	910
989	918
989	933
989	936
989	938
989	947
989	955
989	956
989	957
989	959
989	968
989	972
989	977
989	978
989	980
989	981
989	982
989	984
989	985
989	988
989	996
990	452
990	620
990	772
990	775
990	785
990	786
990	798
990	800
990	808
990	815
990	816
990	820
990	829
990	836
990	844
990	862
990	882
990	884
990	888
990	904
990	911
990	914
990	925
990	934
990	939
990	943
990	946
990	950
990	961
990	965
990	966
990	967
990	972
990	974
990	976
990	985
990	986
990	993
990	997
991	715
991	738
991	769
991	772
991	784
991	787
991	791
991	812
991	813
991	828
991	849
991	850
991	858
991	874
991	875
991	883
991	890
991	893
991	902
991	903
991	919
991	920
991	924
991	926
991	931
991	943
991	945
991	946
991	949
991	955
991	957
991	959
991	966
991	970
991	972
991	973
991	986
991	987
991	992
991	996
992	459
992	569
992	780
992	782
992	790
992	793
992	795
992	818
992	848
992	851
992	871
992	880
992	881
992	889
992	891
992	893
992	895
992	899
992	900
992	906
992	913
992	922
992	923
992	931
992	932
992	941
992	942
992	944
992	953
992	954
992	962
992	963
992	967
992	968
992	969
992	971
992	982
992	985
992	991
992	999
992	1000
993	298
993	455
993	796
993	799
993	801
993	806
993	808
993	815
993	822
993	843
993	862
993	868
993	881
993	882
993	884
993	885
993	888
993	890
993	901
993	909
993	911
993	917
993	924
993	925
993	927
993	930
993	934
993	937
993	939
993	940
993	942
993	956
993	960
993	961
993	965
993	974
993	975
993	976
993	986
993	990
993	997
993	998
994	267
994	568
994	767
994	777
994	783
994	790
994	793
994	802
994	807
994	821
994	825
994	840
994	850
994	853
994	859
994	864
994	866
994	872
994	876
994	877
994	884
994	892
994	895
994	901
994	907
994	914
994	915
994	917
994	921
994	929
994	930
994	932
994	934
994	941
994	942
994	952
994	957
994	974
994	979
994	981
994	983
994	995
994	998
995	135
995	691
995	777
995	786
995	793
995	805
995	822
995	827
995	829
995	833
995	846
995	854
995	857
995	859
995	876
995	886
995	887
995	892
995	894
995	897
995	904
995	907
995	916
995	918
995	921
995	924
995	934
995	937
995	941
995	951
995	957
995	958
995	961
995	967
995	971
995	973
995	974
995	977
995	979
995	983
995	988
995	994
995	998
996	172
996	342
996	498
996	768
996	774
996	776
996	779
996	781
996	794
996	804
996	806
996	811
996	817
996	839
996	842
996	852
996	855
996	860
996	863
996	869
996	870
996	873
996	875
996	878
996	887
996	889
996	909
996	913
996	914
996	933
996	946
996	947
996	948
996	956
996	970
996	976
996	978
996	980
996	984
996	985
996	989
996	991
996	997
996	999
997	660
997	668
997	778
997	788
997	798
997	801
997	807
997	808
997	820
997	829
997	834
997	856
997	857
997	862
997	868
997	870
997	872
997	888
997	890
997	908
997	909
997	911
997	915
997	925
997	927
997	939
997	940
997	941
997	942
997	943
997	947
997	949
997	950
997	959
997	961
997	965
997	967
997	974
997	976
997	984
997	986
997	987
997	990
997	993
997	996
998	130
998	176
998	767
998	781
998	783
998	786
998	792
998	793
998	799
998	805
998	807
998	827
998	833
998	853
998	857
998	858
998	863
998	868
998	871
998	876
998	877
998	880
998	886
998	894
998	896
998	907
998	916
998	921
998	929
998	930
998	934
998	935
998	937
998	940
998	941
998	948
998	951
998	955
998	957
998	963
998	968
998	974
998	977
998	993
998	994
998	995
999	152
999	428
999	771
999	773
999	782
999	790
999	792
999	794
999	797
999	805
999	820
999	823
999	824
999	828
999	832
999	838
999	841
999	864
999	867
999	878
999	881
999	893
999	896
999	899
999	900
999	905
999	906
999	913
999	918
999	922
999	923
999	937
999	944
999	949
999	953
999	960
999	962
999	968
999	969
999	970
999	976
999	977
999	982
999	992
999	996
999	1000
1000	80
1000	334
1000	771
1000	782
1000	785
1000	790
1000	792
1000	794
1000	795
1000	797
1000	822
1000	824
1000	827
1000	838
1000	841
1000	845
1000	851
1000	863
1000	864
1000	867
1000	881
1000	891
1000	895
1000	896
1000	900
1000	906
1000	913
1000	923
1000	931
1000	932
1000	942
1000	944
1000	949
1000	950
1000	952
1000	953
1000	954
1000	959
1000	960
1000	962
1000	964
1000	968
1000	969
1000	973
1000	976
1000	977
1000	980
1000	982
1000	992
1000	999
