1	90
1	116
1	132
1	156
1	173
1	192
1	197
1	202
1	203
1	562
2	7
2	115
2	158
2	173
2	178
2	179
2	193
2	203
2	891
3	51
3	117
3	120
3	132
3	138
3	160
3	162
3	163
3	191
3	979
4	44
4	47
4	48
4	53
4	96
4	105
4	146
4	157
4	188
4	406
5	8
5	122
5	136
5	161
5	168
5	188
5	193
5	194
5	201
5	576
6	57
6	99
6	106
6	138
6	144
6	176
6	179
6	191
6	195
6	697
7	2
7	14
7	25
7	97
7	148
7	164
7	173
7	192
7	202
7	670
8	5
8	69
8	97
8	102
8	110
8	168
8	170
8	184
8	198
8	393
9	77
9	134
9	167
9	175
9	176
9	189
9	194
9	198
9	201
9	438
10	94
10	95
10	119
10	123
10	149
10	171
10	175
10	186
10	200
10	938
11	61
11	95
11	111
11	150
11	153
11	172
11	182
11	196
11	199
11	850
12	46
12	66
12	70
12	80
12	119
12	133
12	140
12	188
12	200
12	974
13	38
13	87
13	109
13	130
13	138
13	158
13	163
13	179
13	190
13	221
14	7
14	17
14	82
14	119
14	125
14	140
14	157
14	167
14	179
14	644
15	54
15	99
15	123
15	130
15	151
15	154
15	190
15	191
15	194
15	508
16	55
16	106
16	124
16	151
16	172
16	179
16	180
16	188
16	191
16	939
17	14
17	78
17	83
17	125
17	126
17	151
17	188
17	194
17	195
17	858
18	40
18	71
18	73
18	160
18	178
18	189
18	197
18	202
18	203
18	905
19	79
19	127
19	136
19	168
19	173
19	181
19	185
19	191
19	194
19	619
20	46
20	50
20	78
20	84
20	123
20	156
20	163
20	170
20	188
20	732
21	63
21	68
21	100
21	124
21	173
21	177
21	178
21	184
21	192
21	473
22	27
22	30
22	94
22	125
22	150
22	159
22	175
22	195
22	200
22	460
23	51
23	71
23	95
23	160
23	164
23	170
23	191
23	196
23	200
23	448
24	26
24	61
24	74
24	105
24	116
24	141
24	142
24	166
24	195
24	438
25	7
25	72
25	75
25	81
25	96
25	168
25	177
25	185
25	194
25	201
25	484
26	24
26	32
26	48
26	86
26	110
26	116
26	146
26	157
26	188
26	398
26	569
27	22
27	48
27	148
27	158
27	160
27	177
27	197
27	198
27	202
27	203
27	828
28	34
28	118
28	131
28	139
28	157
28	163
28	172
28	179
28	190
28	192
28	324
29	40
29	44
29	104
29	142
29	161
29	170
29	183
29	189
29	198
29	199
29	297
30	22
30	49
30	50
30	111
30	114
30	155
30	169
30	184
30	196
30	199
30	326
31	48
31	58
31	64
31	113
31	137
31	149
31	154
31	178
31	195
31	202
31	893
32	26
32	64
32	109
32	125
32	128
32	139
32	176
32	179
32	190
32	484
32	688
33	77
33	104
33	161
33	170
33	181
33	184
33	185
33	187
33	193
33	201
33	323
34	28
34	97
34	148
34	152
34	161
34	175
34	178
34	181
34	197
34	202
34	696
35	69
35	75
35	105
35	114
35	133
35	146
35	153
35	178
35	186
35	195
35	983
36	66
36	83
36	109
36	115
36	136
36	168
36	170
36	194
36	198
36	201
36	456
37	65
37	70
37	94
37	134
37	135
37	143
37	181
37	196
37	199
37	200
37	492
38	13
38	71
38	75
38	91
38	121
38	135
38	164
38	169
38	192
38	196
38	762
39	81
39	160
39	172
39	173
39	174
39	175
39	181
39	192
39	193
39	197
39	528
40	18
40	29
40	56
40	61
40	126
40	143
40	177
40	181
40	184
40	203
40	488
41	44
41	52
41	53
41	103
41	124
41	135
41	155
41	179
41	181
41	197
41	627
42	72
42	101
42	115
42	123
42	134
42	160
42	190
42	192
42	202
42	203
42	693
43	151
43	162
43	163
43	169
43	170
43	179
43	183
43	188
43	190
43	191
43	789
44	4
44	29
44	41
44	117
44	124
44	178
44	192
44	199
44	202
44	694
44	705
45	127
45	143
45	147
45	159
45	175
45	182
45	198
45	199
45	200
45	202
45	940
46	12
46	20
46	71
46	77
46	85
46	93
46	94
46	125
46	145
46	191
46	195
46	439
47	4
47	58
47	91
47	151
47	164
47	169
47	171
47	189
47	196
47	199
47	200
47	963
48	4
48	26
48	27
48	31
48	63
48	89
48	125
48	152
48	154
48	159
48	174
48	468
49	30
49	142
49	146
49	147
49	160
49	174
49	177
49	193
49	197
49	202
49	203
49	368
50	20
50	30
50	82
50	88
50	113
50	125
50	127
50	140
50	148
50	156
50	165
50	995
51	3
51	23
51	65
51	107
51	141
51	147
51	149
51	155
51	159
51	196
51	197
51	656
52	41
52	101
52	111
52	128
52	152
52	174
52	178
52	182
52	192
52	193
52	200
52	607
53	4
53	41
53	143
53	159
53	162
53	169
53	175
53	196
53	199
53	200
53	215
53	478
54	15
54	93
54	113
54	125
54	141
54	151
54	154
54	156
54	167
54	188
54	195
54	658
55	16
55	95
55	111
55	132
55	135
55	144
55	149
55	164
55	169
55	171
55	199
55	350
56	40
56	66
56	67
56	129
56	137
56	158
56	166
56	170
56	173
56	174
56	197
56	481
57	6
57	73
57	134
57	144
57	164
57	183
57	185
57	191
57	194
57	198
57	202
57	427
58	31
58	47
58	77
58	85
58	121
58	154
58	166
58	186
58	195
58	200
58	273
58	894
59	112
59	114
59	118
59	150
59	162
59	171
59	174
59	176
59	180
59	191
59	404
59	973
60	108
60	128
60	149
60	150
60	155
60	171
60	182
60	186
60	194
60	196
60	376
60	743
61	11
61	24
61	40
61	70
61	133
61	140
61	156
61	174
61	186
61	188
61	193
61	936
62	70
62	71
62	94
62	127
62	161
62	167
62	183
62	184
62	185
62	194
62	201
62	301
62	978
63	21
63	48
63	67
63	74
63	84
63	93
63	125
63	145
63	149
63	154
63	165
63	181
63	531
64	31
64	32
64	70
64	85
64	88
64	140
64	151
64	165
64	171
64	186
64	188
64	468
64	963
65	37
65	51
65	86
65	122
65	143
65	159
65	162
65	168
65	182
65	191
65	199
65	700
65	911
66	12
66	36
66	56
66	117
66	120
66	158
66	175
66	181
66	197
66	202
66	203
66	433
66	621
67	56
67	63
67	148
67	167
67	170
67	183
67	184
67	185
67	187
67	198
67	199
67	201
67	659
68	21
68	74
68	84
68	89
68	105
68	109
68	137
68	141
68	145
68	146
68	166
68	177
68	664
69	8
69	35
69	130
69	147
69	152
69	173
69	174
69	177
69	178
69	193
69	202
69	275
69	628
70	12
70	37
70	61
70	62
70	64
70	105
70	146
70	153
70	156
70	165
70	181
70	284
70	852
71	18
71	23
71	38
71	46
71	62
71	95
71	111
71	164
71	182
71	198
71	199
71	200
71	961
72	25
72	42
72	86
72	100
72	116
72	117
72	146
72	178
72	189
72	192
72	202
72	203
72	997
73	18
73	57
73	99
73	120
73	127
73	142
73	164
73	187
73	189
73	194
73	198
73	201
73	203
73	447
74	24
74	63
74	68
74	125
74	153
74	154
74	159
74	164
74	165
74	182
74	186
74	195
74	197
74	719
75	25
75	35
75	38
75	135
75	144
75	167
75	170
75	184
75	185
75	189
75	194
75	195
75	198
75	446
76	122
76	127
76	144
76	159
76	165
76	168
76	183
76	185
76	187
76	194
76	195
76	198
76	201
76	458
77	9
77	33
77	46
77	58
77	82
77	85
77	127
77	140
77	143
77	145
77	156
77	195
77	227
77	928
78	17
78	20
78	110
78	125
78	132
78	145
78	152
78	156
78	157
78	165
78	168
78	195
78	201
78	395
79	19
79	85
79	104
79	112
79	134
79	144
79	170
79	175
79	183
79	187
79	193
79	194
79	201
79	450
80	12
80	109
80	112
80	117
80	120
80	151
80	158
80	172
80	176
80	179
80	180
80	186
80	644
80	702
81	25
81	39
81	98
81	136
81	156
81	167
81	173
81	178
81	189
81	194
81	198
81	201
81	489
81	658
82	14
82	50
82	77
82	110
82	119
82	138
82	154
82	156
82	160
82	165
82	167
82	173
82	186
82	372
82	748
83	17
83	36
83	118
83	124
83	148
83	152
83	160
83	166
83	181
83	187
83	192
83	197
83	202
83	203
83	409
84	20
84	63
84	68
84	86
84	118
84	119
84	141
84	148
84	154
84	157
84	188
84	195
84	203
84	294
84	812
85	46
85	58
85	64
85	77
85	79
85	98
85	110
85	146
85	149
85	157
85	183
85	188
85	195
85	460
85	842
86	26
86	65
86	72
86	84
86	93
86	108
86	114
86	150
86	159
86	164
86	171
86	175
86	199
86	200
86	343
87	13
87	101
87	107
87	120
87	124
87	125
87	131
87	138
87	139
87	162
87	169
87	180
87	190
87	191
87	801
88	50
88	64
88	104
88	124
88	127
88	133
88	153
88	156
88	157
88	165
88	166
88	186
88	188
88	202
88	717
89	48
89	68
89	97
89	113
89	118
89	119
89	146
89	151
89	153
89	154
89	186
89	195
89	196
89	198
89	914
90	1
90	99
90	109
90	132
90	135
90	160
90	163
90	174
90	176
90	179
90	180
90	190
90	191
90	457
90	979
91	38
91	47
91	95
91	100
91	121
91	147
91	155
91	171
91	183
91	189
91	197
91	199
91	200
91	754
91	961
92	107
92	112
92	152
92	158
92	163
92	174
92	177
92	181
92	189
92	192
92	193
92	197
92	202
92	203
92	349
92	489
93	46
93	54
93	63
93	86
93	102
93	113
93	118
93	133
93	137
93	141
93	146
93	150
93	159
93	186
93	188
93	316
94	10
94	22
94	37
94	46
94	62
94	95
94	117
94	122
94	147
94	150
94	155
94	163
94	185
94	196
94	397
94	437
95	10
95	11
95	23
95	55
95	71
95	91
95	94
95	124
95	158
95	164
95	170
95	175
95	177
95	187
95	199
95	918
96	4
96	25
96	100
96	110
96	113
96	119
96	145
96	153
96	154
96	157
96	161
96	168
96	188
96	196
96	342
96	672
97	7
97	8
97	34
97	89
97	132
97	152
97	173
97	177
97	182
97	191
97	193
97	197
97	202
97	203
97	385
97	773
98	81
98	85
98	127
98	140
98	142
98	161
98	165
98	170
98	178
98	184
98	187
98	189
98	198
98	201
98	203
98	826
99	6
99	15
99	73
99	90
99	131
99	132
99	138
99	139
99	156
99	162
99	179
99	180
99	195
99	198
99	203
99	935
100	21
100	72
100	91
100	96
100	116
100	126
100	148
100	166
100	180
100	187
100	190
100	193
100	197
100	202
100	580
100	626
101	42
101	52
101	87
101	105
101	110
101	116
101	166
101	174
101	181
101	190
101	193
101	197
101	198
101	202
101	203
101	335
102	8
102	93
102	115
102	129
102	135
102	139
102	144
102	163
102	184
102	185
102	186
102	187
102	189
102	198
102	201
102	463
103	41
103	120
103	126
103	158
103	159
103	166
103	174
103	185
103	192
103	193
103	197
103	201
103	202
103	203
103	363
103	635
104	29
104	33
104	79
104	88
104	126
104	131
104	136
104	166
104	167
104	168
104	169
104	183
104	187
104	189
104	198
104	388
104	461
105	4
105	24
105	35
105	68
105	70
105	101
105	133
105	150
105	154
105	157
105	165
105	177
105	186
105	195
105	198
105	200
105	510
106	6
106	16
106	120
106	123
106	129
106	132
106	141
106	152
106	157
106	163
106	171
106	172
106	176
106	180
106	190
106	191
106	354
107	51
107	87
107	92
107	121
107	122
107	147
107	171
107	175
107	182
107	186
107	188
107	196
107	197
107	199
107	200
107	631
107	696
108	60
108	86
108	123
108	149
108	150
108	152
108	158
108	159
108	164
108	171
108	175
108	180
108	182
108	185
108	200
108	401
108	445
109	13
109	32
109	36
109	68
109	80
109	90
109	117
109	128
109	172
109	174
109	176
109	180
109	190
109	191
109	198
109	285
109	704
110	8
110	26
110	78
110	82
110	85
110	96
110	101
110	137
110	145
110	154
110	170
110	186
110	188
110	193
110	195
110	202
110	834
111	11
111	30
111	52
111	55
111	71
111	127
111	143
111	147
111	155
111	157
111	171
111	172
111	176
111	196
111	199
111	758
111	992
112	59
112	79
112	80
112	92
112	122
112	128
112	138
112	151
112	162
112	172
112	179
112	180
112	189
112	191
112	197
112	330
112	488
113	31
113	50
113	54
113	89
113	93
113	96
113	131
113	135
113	137
113	147
113	148
113	154
113	155
113	156
113	157
113	195
113	467
114	30
114	35
114	59
114	86
114	121
114	122
114	140
114	149
114	150
114	155
114	159
114	182
114	185
114	193
114	199
114	200
114	827
115	2
115	36
115	42
115	102
115	135
115	142
115	144
115	161
115	170
115	179
115	183
115	184
115	185
115	194
115	200
115	201
115	476
115	917
116	1
116	24
116	26
116	72
116	100
116	101
116	131
116	149
116	157
116	173
116	174
116	178
116	181
116	190
116	192
116	197
116	203
116	867
117	3
117	44
117	66
117	72
117	80
117	94
117	109
117	118
117	146
117	158
117	166
117	174
117	181
117	193
117	197
117	202
117	240
117	998
118	28
118	59
118	83
118	84
118	89
118	93
118	117
118	130
118	131
118	151
118	163
118	172
118	176
118	179
118	190
118	196
118	479
118	674
119	10
119	12
119	14
119	82
119	84
119	89
119	96
119	133
119	138
119	143
119	156
119	161
119	166
119	186
119	188
119	195
119	205
119	229
120	3
120	66
120	73
120	80
120	87
120	103
120	106
120	128
120	138
120	151
120	161
120	172
120	174
120	176
120	179
120	190
120	956
120	999
121	38
121	58
121	91
121	107
121	114
121	122
121	135
121	141
121	152
121	159
121	168
121	182
121	188
121	192
121	196
121	199
121	200
121	436
121	711
122	5
122	65
122	76
122	94
122	107
122	112
122	114
122	121
122	143
122	146
122	159
122	169
122	175
122	182
122	184
122	192
122	196
122	415
122	536
123	10
123	15
123	20
123	42
123	106
123	108
123	138
123	139
123	144
123	151
123	162
123	163
123	172
123	176
123	180
123	191
123	202
123	264
123	390
124	16
124	21
124	41
124	44
124	83
124	87
124	88
124	95
124	133
124	155
124	160
124	166
124	173
124	177
124	181
124	192
124	193
124	203
124	321
125	14
125	17
125	22
125	32
125	46
125	48
125	50
125	54
125	63
125	74
125	78
125	87
125	140
125	141
125	153
125	161
125	185
125	199
125	650
125	987
126	17
126	40
126	100
126	103
126	104
126	140
126	145
126	152
126	158
126	160
126	173
126	174
126	175
126	177
126	178
126	184
126	193
126	203
126	794
126	946
127	19
127	45
127	50
127	62
127	73
127	76
127	77
127	88
127	98
127	111
127	129
127	131
127	144
127	161
127	183
127	184
127	187
127	201
127	271
127	362
128	32
128	52
128	60
128	109
128	112
128	120
128	131
128	132
128	136
128	141
128	151
128	163
128	176
128	178
128	180
128	190
128	191
128	198
128	454
128	693
129	56
129	102
129	106
129	127
129	136
129	137
129	141
129	167
129	168
129	170
129	184
129	187
129	189
129	194
129	195
129	197
129	198
129	201
129	668
129	715
130	13
130	15
130	69
130	118
130	131
130	139
130	140
130	162
130	165
130	172
130	176
130	179
130	180
130	183
130	190
130	191
130	194
130	197
130	485
130	530
131	28
131	87
131	99
131	104
131	113
131	116
131	118
131	127
131	128
131	130
131	138
131	151
131	156
131	163
131	172
131	190
131	191
131	196
131	699
131	813
132	1
132	3
132	55
132	78
132	90
132	97
132	99
132	106
132	128
132	139
132	154
132	162
132	172
132	176
132	179
132	190
132	191
132	202
132	490
132	849
133	12
133	35
133	61
133	88
133	93
133	105
133	119
133	124
133	137
133	141
133	156
133	161
133	162
133	170
133	179
133	186
133	195
133	203
133	488
133	686
134	9
134	37
134	42
134	57
134	79
134	136
134	145
134	164
134	167
134	170
134	175
134	184
134	185
134	186
134	187
134	189
134	198
134	201
134	203
134	495
134	624
135	37
135	38
135	41
135	55
135	75
135	90
135	102
135	113
135	115
135	121
135	143
135	150
135	164
135	169
135	182
135	196
135	199
135	200
135	201
135	396
135	525
136	5
136	19
136	36
136	81
136	104
136	128
136	129
136	134
136	154
136	167
136	178
136	184
136	185
136	189
136	191
136	192
136	198
136	200
136	201
136	614
136	840
137	31
137	56
137	68
137	93
137	110
137	113
137	129
137	133
137	140
137	141
137	145
137	153
137	158
137	165
137	179
137	186
137	188
137	192
137	196
137	397
137	673
138	3
138	6
138	13
138	82
138	87
138	99
138	112
138	119
138	120
138	123
138	131
138	139
138	149
138	179
138	180
138	182
138	185
138	190
138	194
138	386
138	691
139	28
139	32
139	87
139	99
139	102
139	123
139	130
139	132
139	138
139	153
139	162
139	163
139	176
139	177
139	179
139	180
139	181
139	191
139	192
139	199
139	411
139	615
140	12
140	14
140	50
140	61
140	64
140	77
140	98
140	114
140	125
140	126
140	130
140	137
140	141
140	143
140	146
140	164
140	165
140	186
140	188
140	195
140	453
140	992
141	24
141	51
141	54
141	68
141	84
141	93
141	106
141	121
141	125
141	128
141	129
141	133
141	137
141	140
141	146
141	152
141	157
141	186
141	188
141	189
141	272
141	581
142	24
142	29
142	49
142	73
142	98
142	115
142	161
142	165
142	168
142	170
142	183
142	184
142	186
142	187
142	189
142	194
142	196
142	198
142	199
142	267
142	603
142	902
143	37
143	40
143	45
143	53
143	65
143	77
143	111
143	119
143	122
143	135
143	140
143	149
143	150
143	169
143	171
143	175
143	180
143	181
143	199
143	200
143	426
143	838
143	879
144	6
144	55
144	57
144	75
144	76
144	79
144	102
144	115
144	123
144	127
144	151
144	161
144	168
144	173
144	183
144	184
144	189
144	198
144	200
144	201
144	202
144	225
144	650
145	46
145	63
145	68
145	77
145	78
145	96
145	110
145	126
145	134
145	137
145	146
145	153
145	157
145	164
145	165
145	172
145	183
145	186
145	187
145	188
145	195
145	198
145	656
145	848
146	4
146	26
146	35
146	49
146	68
146	70
146	72
146	85
146	89
146	93
146	117
146	122
146	140
146	141
146	145
146	148
146	153
146	165
146	168
146	182
146	195
146	306
146	819
146	920
147	45
147	49
147	51
147	69
147	91
147	94
147	107
147	111
147	113
147	149
147	168
147	169
147	171
147	175
147	181
147	182
147	183
147	191
147	196
147	199
147	200
147	678
147	833
147	915
148	7
148	27
148	34
148	50
148	67
148	83
148	84
148	100
148	113
148	146
148	158
148	163
148	173
148	174
148	177
148	181
148	190
148	192
148	193
148	197
148	202
148	203
148	687
148	995
149	10
149	31
149	51
149	55
149	60
149	63
149	85
149	108
149	114
149	116
149	138
149	143
149	147
149	169
149	172
149	175
149	178
149	180
149	182
149	196
149	199
149	200
149	364
149	589
149	888
150	11
150	22
150	59
150	60
150	86
150	93
150	94
150	105
150	108
150	114
150	135
150	143
150	155
150	164
150	169
150	171
150	181
150	182
150	188
150	193
150	194
150	196
150	200
150	459
150	945
151	15
151	16
151	17
151	43
151	47
151	54
151	64
151	80
151	89
151	112
151	118
151	120
151	123
151	128
151	131
151	144
151	162
151	163
151	172
151	176
151	180
151	190
151	201
151	923
151	963
151	979
152	34
152	48
152	52
152	69
152	78
152	83
152	92
152	97
152	106
152	108
152	121
152	126
152	141
152	160
152	166
152	173
152	174
152	177
152	178
152	181
152	188
152	193
152	198
152	202
152	630
152	685
153	11
153	35
153	70
153	74
153	88
153	89
153	96
153	125
153	137
153	139
153	145
153	146
153	156
153	157
153	163
153	165
153	169
153	171
153	186
153	187
153	188
153	195
153	196
153	439
153	442
153	570
154	15
154	31
154	48
154	54
154	58
154	63
154	74
154	82
154	84
154	89
154	96
154	105
154	110
154	113
154	132
154	136
154	157
154	165
154	182
154	186
154	192
154	194
154	200
154	380
154	440
154	457
155	30
155	41
155	51
155	60
155	91
155	94
155	111
155	113
155	114
155	124
155	150
155	164
155	169
155	170
155	172
155	175
155	182
155	184
155	187
155	194
155	196
155	199
155	200
155	224
155	601
155	665
156	1
156	20
156	50
156	54
156	61
156	70
156	77
156	78
156	81
156	82
156	88
156	99
156	113
156	119
156	131
156	133
156	153
156	157
156	165
156	176
156	182
156	186
156	190
156	199
156	478
156	734
156	927
157	4
157	14
157	26
157	28
157	78
157	84
157	85
157	88
157	96
157	105
157	106
157	111
157	113
157	116
157	141
157	145
157	153
157	154
157	156
157	163
157	177
157	194
157	195
157	201
157	283
157	680
157	994
158	2
158	13
158	27
158	56
158	66
158	80
158	92
158	95
158	103
158	108
158	117
158	126
158	137
158	148
158	162
158	166
158	172
158	178
158	179
158	181
158	193
158	197
158	198
158	202
158	203
158	228
158	410
159	22
159	45
159	48
159	51
159	53
159	65
159	74
159	76
159	86
159	93
159	103
159	108
159	114
159	121
159	122
159	164
159	165
159	175
159	180
159	182
159	189
159	196
159	197
159	200
159	201
159	369
159	557
160	3
160	18
160	23
160	27
160	39
160	42
160	49
160	82
160	83
160	90
160	124
160	126
160	152
160	167
160	174
160	177
160	178
160	181
160	183
160	191
160	193
160	197
160	201
160	202
160	203
160	302
160	312
160	799
161	5
161	29
161	33
161	34
161	62
161	96
161	98
161	115
161	119
161	120
161	125
161	127
161	133
161	142
161	144
161	167
161	168
161	183
161	184
161	187
161	189
161	194
161	198
161	200
161	201
161	203
161	502
161	769
161	784
162	3
162	43
162	53
162	59
162	65
162	87
162	99
162	112
162	123
162	130
162	132
162	133
162	139
162	151
162	158
162	163
162	170
162	172
162	176
162	179
162	184
162	190
162	191
162	192
162	200
162	203
162	466
162	476
162	803
163	3
163	13
163	20
163	28
163	43
163	90
163	92
163	94
163	102
163	106
163	118
163	123
163	128
163	131
163	139
163	148
163	151
163	153
163	157
163	162
163	167
163	176
163	179
163	180
163	190
163	191
163	201
163	546
163	566
164	7
164	23
164	38
164	47
164	55
164	57
164	71
164	73
164	74
164	86
164	95
164	108
164	134
164	135
164	140
164	145
164	150
164	155
164	159
164	167
164	169
164	171
164	182
164	199
164	200
164	201
164	209
164	673
164	814
165	50
165	63
165	64
165	70
165	74
165	76
165	78
165	82
165	88
165	98
165	105
165	130
165	137
165	140
165	142
165	145
165	146
165	153
165	154
165	156
165	159
165	167
165	171
165	182
165	193
165	195
165	675
165	676
165	870
166	24
166	56
166	58
166	68
166	83
166	88
166	100
166	101
166	103
166	104
166	117
166	119
166	124
166	152
166	158
166	173
166	174
166	175
166	177
166	178
166	181
166	192
166	194
166	195
166	197
166	202
166	203
166	261
166	514
166	981
167	9
167	14
167	54
167	62
167	67
167	75
167	81
167	82
167	104
167	129
167	134
167	136
167	160
167	161
167	163
167	164
167	165
167	170
167	184
167	185
167	186
167	187
167	189
167	194
167	196
167	198
167	201
167	445
167	604
167	637
168	5
168	8
168	19
168	25
168	36
168	65
168	76
168	78
168	96
168	104
168	121
168	129
168	142
168	144
168	146
168	147
168	161
168	170
168	173
168	176
168	182
168	183
168	185
168	187
168	189
168	194
168	198
168	201
168	425
168	930
168	964
169	30
169	38
169	43
169	47
169	53
169	55
169	87
169	104
169	122
169	135
169	143
169	147
169	149
169	150
169	153
169	155
169	164
169	171
169	175
169	178
169	185
169	188
169	194
169	196
169	199
169	200
169	203
169	346
169	360
169	462
169	649
170	8
170	20
170	23
170	29
170	33
170	36
170	43
170	56
170	67
170	75
170	79
170	95
170	98
170	110
170	115
170	129
170	133
170	134
170	142
170	155
170	162
170	167
170	168
170	183
170	185
170	189
170	194
170	201
170	351
170	501
170	595
171	10
171	47
171	55
171	59
171	60
171	64
171	86
171	91
171	106
171	107
171	108
171	111
171	143
171	147
171	150
171	153
171	164
171	165
171	169
171	172
171	173
171	175
171	182
171	188
171	190
171	192
171	196
171	199
171	200
171	239
171	294
171	416
172	11
172	16
172	28
172	39
172	80
172	106
172	109
172	111
172	112
172	118
172	120
172	123
172	130
172	131
172	132
172	145
172	149
172	151
172	155
172	158
172	162
172	171
172	176
172	177
172	179
172	180
172	190
172	191
172	195
172	216
172	610
172	980
173	1
173	2
173	7
173	19
173	21
173	39
173	56
173	69
173	81
173	82
173	97
173	116
173	124
173	126
173	144
173	148
173	152
173	166
173	168
173	171
173	174
173	176
173	177
173	178
173	185
173	192
173	195
173	202
173	203
173	270
173	567
173	590
174	39
174	48
174	49
174	52
174	56
174	59
174	61
174	69
174	90
174	92
174	101
174	103
174	109
174	116
174	117
174	120
174	126
174	148
174	152
174	160
174	166
174	173
174	176
174	180
174	183
174	197
174	200
174	202
174	203
174	372
174	973
174	997
175	9
175	10
175	22
175	34
175	39
175	45
175	53
175	66
175	79
175	86
175	95
175	107
175	108
175	122
175	126
175	134
175	143
175	147
175	149
175	155
175	159
175	166
175	169
175	171
175	182
175	190
175	196
175	199
175	200
175	434
175	862
175	882
175	971
176	6
176	9
176	32
176	59
176	80
176	90
176	106
176	109
176	111
176	118
176	120
176	123
176	128
176	130
176	132
176	139
176	151
176	156
176	162
176	163
176	168
176	172
176	173
176	174
176	180
176	184
176	190
176	191
176	194
176	199
176	202
176	370
176	589
176	632
177	21
177	25
177	27
177	40
177	49
177	68
177	69
177	92
177	95
177	97
177	105
177	124
177	126
177	139
177	148
177	152
177	157
177	160
177	166
177	172
177	173
177	178
177	181
177	187
177	192
177	193
177	195
177	199
177	202
177	203
177	420
177	456
177	837
177	842
178	2
178	18
178	21
178	31
178	34
178	35
178	44
178	52
178	69
178	72
178	81
178	98
178	116
178	126
178	128
178	136
178	149
178	152
178	158
178	160
178	166
178	169
178	173
178	177
178	180
178	183
178	192
178	193
178	197
178	202
178	203
178	459
178	461
178	640
179	2
179	6
179	13
179	14
179	16
179	28
179	32
179	41
179	43
179	80
179	90
179	99
179	112
179	115
179	118
179	120
179	130
179	132
179	133
179	137
179	138
179	139
179	158
179	162
179	163
179	172
179	180
179	186
179	191
179	193
179	201
179	202
179	213
179	389
179	451
180	16
180	59
180	80
180	87
180	90
180	99
180	100
180	106
180	108
180	109
180	112
180	123
180	128
180	130
180	138
180	139
180	143
180	149
180	151
180	159
180	163
180	172
180	174
180	176
180	178
180	179
180	190
180	191
180	195
180	196
180	202
180	414
180	594
180	633
180	928
181	19
181	33
181	34
181	37
181	39
181	40
181	41
181	63
181	66
181	70
181	83
181	92
181	101
181	116
181	117
181	124
181	139
181	143
181	147
181	148
181	150
181	152
181	158
181	160
181	166
181	177
181	185
181	192
181	193
181	197
181	200
181	203
181	243
181	480
181	779
182	11
182	45
182	52
182	60
182	65
182	71
182	74
182	97
182	107
182	108
182	114
182	121
182	122
182	135
182	138
182	146
182	147
182	149
182	150
182	154
182	155
182	156
182	159
182	164
182	165
182	168
182	171
182	175
182	196
182	200
182	203
182	405
182	464
182	472
182	809
183	29
183	43
183	57
183	62
183	67
183	76
183	79
183	85
183	91
183	104
183	115
183	127
183	130
183	142
183	144
183	145
183	147
183	160
183	161
183	168
183	170
183	174
183	178
183	184
183	185
183	187
183	188
183	189
183	194
183	198
183	201
183	320
183	464
183	477
183	825
184	8
184	21
184	30
184	33
184	40
184	62
184	67
184	75
184	98
184	102
184	115
184	122
184	126
184	127
184	129
184	134
184	136
184	142
184	144
184	155
184	161
184	162
184	167
184	176
184	183
184	185
184	187
184	189
184	194
184	195
184	198
184	203
184	803
184	832
184	849
184	912
185	19
185	25
185	33
185	57
185	62
185	67
185	75
185	76
185	94
185	102
185	103
185	108
185	114
185	115
185	125
185	134
185	136
185	138
185	167
185	168
185	169
185	170
185	173
185	181
185	183
185	184
185	187
185	189
185	194
185	197
185	198
185	202
185	340
185	478
185	908
185	993
186	10
186	35
186	58
186	60
186	61
186	64
186	74
186	80
186	82
186	88
186	89
186	93
186	102
186	105
186	107
186	110
186	119
186	133
186	134
186	137
186	140
186	141
186	142
186	145
186	153
186	154
186	156
186	167
186	179
186	188
186	195
186	197
186	199
186	288
186	486
186	676
186	827
187	33
187	67
187	73
187	76
187	79
187	83
187	95
187	98
187	100
187	102
187	104
187	127
187	129
187	134
187	142
187	145
187	153
187	155
187	161
187	167
187	168
187	177
187	183
187	184
187	185
187	189
187	194
187	196
187	198
187	199
187	200
187	201
187	203
187	441
187	506
187	624
187	947
188	4
188	5
188	12
188	16
188	17
188	20
188	26
188	43
188	54
188	61
188	64
188	84
188	85
188	88
188	93
188	96
188	107
188	110
188	119
188	121
188	137
188	140
188	141
188	145
188	150
188	152
188	153
188	169
188	171
188	183
188	186
188	191
188	195
188	406
188	757
188	835
188	994
189	9
189	18
189	29
189	47
189	72
189	73
189	75
189	81
189	91
189	92
189	98
189	102
189	104
189	112
189	129
189	134
189	136
189	141
189	142
189	144
189	159
189	161
189	167
189	168
189	170
189	183
189	184
189	185
189	187
189	190
189	196
189	197
189	198
189	201
189	203
189	452
189	471
189	943
190	13
190	15
190	28
190	32
190	42
190	43
190	87
190	90
190	100
190	101
190	106
190	109
190	116
190	118
190	120
190	128
190	130
190	131
190	132
190	138
190	148
190	151
190	156
190	162
190	163
190	171
190	172
190	175
190	176
190	180
190	189
190	191
190	196
190	201
190	203
190	417
190	578
190	655
190	835
191	3
191	6
191	15
191	16
191	19
191	23
191	43
191	46
191	57
191	59
191	65
191	87
191	90
191	97
191	106
191	109
191	112
191	123
191	128
191	130
191	131
191	132
191	136
191	139
191	147
191	160
191	162
191	163
191	172
191	176
191	179
191	180
191	188
191	190
191	203
191	636
191	657
191	891
191	982
192	1
192	7
192	21
192	28
192	38
192	39
192	42
192	44
192	52
192	72
192	83
192	92
192	103
192	116
192	121
192	122
192	124
192	136
192	137
192	139
192	148
192	154
192	162
192	166
192	171
192	173
192	177
192	178
192	181
192	193
192	197
192	198
192	199
192	202
192	203
192	485
192	487
192	687
192	747
193	2
193	5
193	33
193	39
193	49
193	52
193	61
193	69
193	79
193	92
193	97
193	100
193	101
193	103
193	110
193	114
193	117
193	124
193	126
193	148
193	150
193	152
193	158
193	160
193	165
193	177
193	178
193	179
193	181
193	192
193	195
193	197
193	199
193	201
193	202
193	203
193	762
193	850
193	866
193	943
194	5
194	9
194	15
194	17
194	19
194	25
194	36
194	57
194	60
194	62
194	73
194	75
194	76
194	79
194	81
194	115
194	129
194	130
194	138
194	142
194	150
194	154
194	155
194	157
194	161
194	166
194	167
194	168
194	169
194	170
194	176
194	183
194	184
194	185
194	187
194	201
194	282
194	407
194	555
194	664
195	6
195	17
195	22
195	24
195	31
195	35
195	46
195	54
195	58
195	74
195	75
195	76
195	77
195	78
195	84
195	85
195	89
195	99
195	105
195	110
195	113
195	119
195	129
195	133
195	140
195	145
195	146
195	153
195	157
195	165
195	166
195	172
195	173
195	177
195	180
195	184
195	186
195	188
195	193
195	292
195	551
195	592
195	737
196	11
196	23
196	30
196	37
196	38
196	47
196	51
196	53
196	60
196	89
196	94
196	96
196	107
196	111
196	118
196	121
196	122
196	131
196	135
196	137
196	142
196	147
196	149
196	150
196	153
196	155
196	159
196	167
196	169
196	171
196	175
196	180
196	182
196	187
196	189
196	190
196	199
196	200
196	201
196	202
196	246
196	454
196	484
196	875
197	1
197	18
197	27
197	34
197	39
197	41
197	49
197	51
197	56
197	66
197	74
197	83
197	91
197	92
197	97
197	100
197	101
197	103
197	107
197	112
197	116
197	117
197	129
197	130
197	148
197	158
197	159
197	160
197	166
197	174
197	178
197	181
197	185
197	186
197	189
197	192
197	193
197	199
197	200
197	203
197	486
197	647
197	674
197	883
197	995
198	8
198	9
198	27
198	29
198	36
198	45
198	57
198	67
198	71
198	73
198	75
198	76
198	81
198	89
198	98
198	99
198	101
198	102
198	104
198	105
198	109
198	128
198	129
198	134
198	136
198	142
198	144
198	145
198	152
198	158
198	161
198	167
198	168
198	183
198	184
198	185
198	187
198	189
198	192
198	201
198	332
198	623
198	815
198	957
198	984
199	11
199	29
199	30
199	37
199	44
199	45
199	47
199	53
199	55
199	65
199	67
199	71
199	86
199	91
199	95
199	107
199	111
199	114
199	121
199	125
199	135
199	139
199	142
199	143
199	147
199	149
199	155
199	156
199	164
199	169
199	171
199	175
199	176
199	177
199	186
199	187
199	192
199	193
199	196
199	197
199	200
199	276
199	400
199	403
199	577
199	735
200	10
200	12
200	22
200	23
200	37
200	45
200	47
200	52
200	53
200	58
200	71
200	86
200	91
200	105
200	107
200	108
200	114
200	115
200	121
200	135
200	136
200	143
200	144
200	147
200	149
200	150
200	154
200	155
200	159
200	161
200	162
200	164
200	169
200	171
200	174
200	175
200	181
200	182
200	187
200	196
200	197
200	199
200	226
200	359
200	375
200	667
200	761
201	5
201	9
201	25
201	33
201	36
201	62
201	67
201	73
201	76
201	78
201	79
201	81
201	98
201	102
201	103
201	115
201	127
201	129
201	134
201	135
201	136
201	144
201	151
201	157
201	159
201	160
201	161
201	163
201	164
201	167
201	168
201	170
201	179
201	183
201	187
201	189
201	190
201	193
201	194
201	196
201	198
201	202
201	249
201	378
201	656
201	669
201	958
202	1
202	7
202	18
202	27
202	31
202	34
202	42
202	44
202	45
202	49
202	57
202	66
202	69
202	72
202	83
202	88
202	92
202	97
202	100
202	101
202	103
202	110
202	117
202	123
202	132
202	144
202	148
202	152
202	158
202	160
202	166
202	173
202	174
202	176
202	177
202	178
202	179
202	180
202	185
202	192
202	193
202	196
202	201
202	203
202	421
202	444
202	473
202	763
202	806
203	1
203	2
203	18
203	27
203	40
203	42
203	49
203	66
203	72
203	73
203	83
203	84
203	92
203	97
203	98
203	99
203	101
203	103
203	116
203	124
203	126
203	133
203	134
203	148
203	158
203	160
203	161
203	162
203	166
203	169
203	173
203	174
203	177
203	178
203	181
203	182
203	184
203	187
203	189
203	190
203	191
203	192
203	193
203	197
203	202
203	423
203	489
203	647
203	674
203	847
204	228
204	264
204	301
204	417
204	460
204	463
204	471
204	475
204	476
204	988
205	119
205	251
205	355
205	363
205	390
205	414
205	422
205	457
205	469
205	482
206	225
206	230
206	349
206	379
206	385
206	410
206	450
206	461
206	468
206	785
207	213
207	259
207	294
207	308
207	320
207	356
207	444
207	456
207	480
207	694
208	221
208	239
208	262
208	265
208	311
208	312
208	333
208	408
208	424
208	892
209	164
209	312
209	343
209	423
209	425
209	443
209	449
209	455
209	469
209	489
210	212
210	272
210	321
210	354
210	380
210	401
210	427
210	474
210	490
210	972
211	260
211	277
211	330
211	400
211	425
211	431
211	457
211	463
211	474
211	579
212	210
212	340
212	377
212	450
212	451
212	462
212	474
212	483
212	490
212	614
213	179
213	207
213	231
213	245
213	284
213	316
213	447
213	455
213	482
213	486
214	248
214	294
214	403
214	410
214	426
214	435
214	461
214	462
214	468
214	850
215	53
215	270
215	336
215	347
215	386
215	430
215	451
215	474
215	488
215	490
216	172
216	266
216	395
216	396
216	406
216	409
216	438
216	448
216	460
216	481
217	218
217	228
217	354
217	389
217	431
217	437
217	444
217	480
217	485
217	897
218	217
218	297
218	355
218	436
218	437
218	438
218	456
218	472
218	484
218	655
219	318
219	361
219	417
219	429
219	455
219	472
219	479
219	482
219	486
219	775
220	332
220	334
220	434
220	443
220	454
220	473
220	483
220	488
220	491
220	568
221	13
221	208
221	259
221	283
221	310
221	312
221	333
221	410
221	424
221	458
222	243
222	256
222	341
222	384
222	400
222	415
222	420
222	448
222	463
222	710
223	287
223	361
223	435
223	441
223	465
223	471
223	476
223	477
223	479
223	662
224	155
224	300
224	319
224	357
224	387
224	410
224	460
224	480
224	487
224	490
225	144
225	206
225	344
225	362
225	398
225	404
225	458
225	459
225	477
225	491
226	200
226	332
226	395
226	412
226	435
226	456
226	472
226	480
226	484
226	485
227	77
227	354
227	370
227	432
227	436
227	438
227	472
227	480
227	485
227	486
228	158
228	204
228	217
228	234
228	291
228	340
228	373
228	411
228	475
228	476
229	119
229	234
229	314
229	355
229	422
229	446
229	466
229	470
229	477
229	491
230	206
230	252
230	300
230	340
230	396
230	403
230	438
230	481
230	487
230	543
231	213
231	342
231	345
231	377
231	392
231	427
231	458
231	474
231	490
231	558
232	270
232	310
232	325
232	430
232	439
232	462
232	463
232	474
232	490
232	653
233	276
233	303
233	356
233	387
233	395
233	407
233	463
233	478
233	487
233	802
234	228
234	229
234	448
234	460
234	464
234	470
234	478
234	481
234	487
234	954
235	270
235	334
235	350
235	363
235	383
235	414
235	423
235	482
235	489
235	975
236	260
236	311
236	348
236	393
236	425
236	457
236	463
236	477
236	489
236	778
236	989
237	265
237	321
237	345
237	392
237	399
237	430
237	431
237	474
237	484
237	490
237	834
238	258
238	281
238	284
238	383
238	401
238	413
238	459
238	473
238	477
238	485
238	851
239	171
239	208
239	304
239	331
239	371
239	431
239	435
239	444
239	456
239	484
239	485
240	117
240	318
240	361
240	363
240	396
240	419
240	421
240	437
240	445
240	455
240	486
241	243
241	256
241	309
241	359
241	369
241	375
241	425
241	457
241	463
241	483
241	645
242	358
242	379
242	409
242	424
242	426
242	435
242	450
242	453
242	459
242	468
242	990
243	181
243	222
243	241
243	285
243	290
243	349
243	384
243	393
243	419
243	425
243	463
244	261
244	293
244	366
244	389
244	397
244	433
244	434
244	470
244	479
244	488
244	786
245	213
245	262
245	361
245	365
245	390
245	398
245	441
245	482
245	486
245	489
245	980
246	196
246	284
246	404
246	412
246	431
246	462
246	469
246	474
246	480
246	484
246	485
247	347
247	348
247	427
247	451
247	453
247	462
247	470
247	474
247	479
247	490
247	605
248	214
248	294
248	338
248	387
248	396
248	402
248	440
248	448
248	481
248	487
248	924
249	201
249	330
249	356
249	358
249	377
249	427
249	461
249	462
249	467
249	481
249	490
250	362
250	391
250	407
250	414
250	435
250	445
250	460
250	484
250	486
250	489
250	997
251	205
251	289
251	353
251	376
251	414
251	449
251	462
251	476
251	486
251	489
251	828
252	230
252	263
252	289
252	349
252	365
252	420
252	467
252	478
252	481
252	487
252	946
253	284
253	382
253	411
253	418
253	441
253	467
253	471
253	476
253	479
253	488
253	944
254	257
254	280
254	389
254	399
254	406
254	416
254	418
254	441
254	467
254	479
254	780
255	263
255	337
255	357
255	381
255	387
255	393
255	399
255	402
255	464
255	487
255	840
256	222
256	241
256	259
256	315
256	334
256	361
256	415
256	425
256	463
256	479
256	964
257	254
257	297
257	334
257	396
257	407
257	409
257	432
257	478
257	481
257	487
257	849
258	238
258	314
258	350
258	369
258	401
258	430
258	434
258	469
258	488
258	491
258	676
259	207
259	221
259	256
259	294
259	452
259	456
259	472
259	480
259	484
259	485
259	667
260	211
260	236
260	311
260	339
260	367
260	385
260	393
260	457
260	463
260	486
260	542
261	166
261	244
261	287
261	298
261	357
261	394
261	405
261	433
261	454
261	466
261	469
262	208
262	245
262	292
262	326
262	333
262	370
262	388
262	401
262	411
262	489
262	819
263	252
263	255
263	312
263	334
263	347
263	420
263	460
263	464
263	481
263	486
263	487
263	696
264	123
264	204
264	265
264	386
264	389
264	406
264	465
264	467
264	473
264	475
264	476
264	488
265	208
265	237
265	264
265	270
265	324
265	430
265	451
265	453
265	462
265	474
265	490
265	839
266	216
266	319
266	321
266	346
266	361
266	410
266	435
266	450
266	453
266	461
266	468
266	683
267	142
267	283
267	286
267	305
267	307
267	326
267	359
267	384
267	408
267	415
267	424
267	488
268	332
268	345
268	347
268	348
268	363
268	416
268	434
268	451
268	463
268	474
268	490
268	781
269	282
269	283
269	328
269	372
269	403
269	410
269	453
269	461
269	468
269	476
269	481
269	997
270	173
270	215
270	232
270	235
270	265
270	272
270	368
270	451
270	457
270	462
270	474
270	490
271	127
271	283
271	317
271	326
271	329
271	355
271	359
271	388
271	407
271	408
271	424
271	440
272	141
272	210
272	270
272	332
272	346
272	374
272	412
272	462
272	470
272	474
272	481
272	490
273	58
273	292
273	326
273	333
273	341
273	355
273	364
273	370
273	408
273	411
273	416
273	475
274	365
274	390
274	391
274	428
274	438
274	449
274	455
274	467
274	469
274	482
274	483
274	792
275	69
275	285
275	303
275	308
275	352
275	397
275	398
275	408
275	428
275	454
275	455
275	591
276	199
276	233
276	328
276	335
276	381
276	396
276	420
276	440
276	448
276	475
276	481
276	489
277	211
277	311
277	315
277	339
277	375
277	400
277	415
277	454
277	457
277	466
277	473
277	657
278	338
278	346
278	432
278	464
278	465
278	471
278	475
278	476
278	479
278	484
278	669
278	1000
279	390
279	415
279	426
279	437
279	442
279	445
279	449
279	477
279	480
279	482
279	489
279	998
280	254
280	338
280	354
280	374
280	386
280	406
280	411
280	465
280	475
280	476
280	479
280	724
281	238
281	333
281	352
281	378
281	399
281	405
281	427
281	466
281	470
281	479
281	488
281	679
282	194
282	269
282	302
282	377
282	386
282	421
282	426
282	450
282	453
282	461
282	468
282	469
283	157
283	221
283	267
283	269
283	271
283	286
283	307
283	310
283	317
283	353
283	364
283	472
284	70
284	213
284	238
284	246
284	253
284	436
284	444
284	446
284	456
284	480
284	485
284	490
285	109
285	243
285	275
285	289
285	352
285	388
285	401
285	419
285	428
285	477
285	488
285	970
286	267
286	283
286	290
286	292
286	348
286	360
286	388
286	408
286	411
286	424
286	594
286	655
287	223
287	261
287	317
287	411
287	441
287	457
287	467
287	471
287	472
287	479
287	871
287	900
288	186
288	342
288	348
288	374
288	427
288	439
288	442
288	451
288	453
288	466
288	481
288	490
289	251
289	252
289	285
289	391
289	429
289	437
289	447
289	452
289	481
289	486
289	489
289	660
290	243
290	286
290	315
290	339
290	359
290	377
290	393
290	425
290	457
290	463
290	475
290	582
291	228
291	319
291	373
291	386
291	403
291	405
291	465
291	471
291	475
291	476
291	479
291	832
292	195
292	262
292	273
292	286
292	298
292	359
292	364
292	370
292	388
292	424
292	453
292	480
292	960
293	244
293	353
293	369
293	397
293	398
293	413
293	453
293	454
293	457
293	470
293	473
293	478
293	931
294	84
294	171
294	207
294	214
294	248
294	259
294	392
294	424
294	454
294	456
294	472
294	484
294	485
295	344
295	394
295	406
295	419
295	422
295	431
295	445
295	466
295	479
295	483
295	488
295	491
295	942
296	343
296	403
296	419
296	421
296	426
296	434
296	448
296	450
296	453
296	461
296	468
296	483
296	769
297	29
297	218
297	257
297	395
297	441
297	442
297	465
297	467
297	471
297	475
297	476
297	479
297	845
298	261
298	292
298	361
298	364
298	378
298	428
298	459
298	465
298	466
298	483
298	488
298	491
298	703
299	311
299	339
299	375
299	393
299	400
299	415
299	425
299	449
299	461
299	469
299	487
299	670
299	822
300	224
300	230
300	319
300	337
300	397
300	413
300	429
300	448
300	477
300	478
300	481
300	487
300	847
301	62
301	204
301	379
301	418
301	430
301	432
301	463
301	471
301	475
301	476
301	479
301	480
301	498
302	160
302	282
302	331
302	375
302	384
302	393
302	415
302	425
302	451
302	457
302	463
302	485
302	856
303	233
303	275
303	311
303	355
303	376
303	437
303	443
303	449
303	455
303	482
303	486
303	489
303	776
304	239
304	336
304	392
304	414
304	417
304	431
304	461
304	473
304	484
304	485
304	487
304	620
304	713
305	267
305	324
305	329
305	344
305	378
305	379
305	385
305	441
305	458
305	462
305	483
305	488
305	966
306	146
306	340
306	381
306	396
306	399
306	409
306	413
306	419
306	423
306	453
306	460
306	478
306	479
307	267
307	283
307	310
307	326
307	328
307	355
307	364
307	380
307	388
307	424
307	434
307	490
307	965
308	207
308	275
308	329
308	344
308	381
308	454
308	459
308	470
308	473
308	477
308	487
308	489
308	810
309	241
309	315
309	375
309	376
309	387
309	400
309	415
309	425
309	457
309	463
309	464
309	476
309	1000
310	221
310	232
310	283
310	307
310	313
310	317
310	388
310	394
310	408
310	417
310	424
310	606
310	977
311	208
311	236
311	260
311	277
311	299
311	303
311	375
311	404
311	415
311	431
311	457
311	463
311	895
312	160
312	208
312	209
312	221
312	263
312	317
312	355
312	359
312	364
312	382
312	408
312	424
312	460
312	627
313	310
313	324
313	389
313	425
313	441
313	465
313	467
313	471
313	472
313	473
313	475
313	476
313	479
313	987
314	229
314	258
314	322
314	342
314	387
314	394
314	428
314	431
314	433
314	452
314	467
314	491
314	751
314	811
315	256
315	277
315	290
315	309
315	343
315	375
315	393
315	415
315	418
315	443
315	457
315	463
315	482
315	621
316	93
316	213
316	319
316	325
316	363
316	395
316	419
316	424
316	451
316	460
316	464
316	478
316	481
316	487
317	271
317	283
317	287
317	310
317	312
317	333
317	359
317	381
317	408
317	424
317	442
317	445
317	504
317	604
318	219
318	240
318	326
318	361
318	362
318	443
318	447
318	458
318	474
318	482
318	486
318	489
318	490
318	625
319	224
319	266
319	291
319	300
319	316
319	409
319	440
319	456
319	460
319	464
319	466
319	478
319	481
319	890
320	183
320	207
320	337
320	366
320	395
320	404
320	426
320	430
320	446
320	472
320	480
320	484
320	490
320	756
321	124
321	210
321	237
321	266
321	347
321	357
321	374
321	377
321	404
321	427
321	439
321	474
321	483
321	490
322	314
322	324
322	378
322	383
322	405
322	419
322	433
322	446
322	451
322	452
322	458
322	468
322	486
322	798
323	33
323	342
323	343
323	356
323	363
323	403
323	421
323	426
323	435
323	453
323	461
323	468
323	491
323	930
324	28
324	265
324	305
324	313
324	322
324	376
324	422
324	434
324	439
324	452
324	470
324	483
324	488
324	491
325	232
325	316
325	338
325	357
325	387
325	393
325	395
325	407
325	408
325	460
325	469
325	478
325	487
325	916
326	30
326	262
326	267
326	271
326	273
326	307
326	318
326	359
326	364
326	398
326	408
326	424
326	430
326	452
327	366
327	402
327	416
327	417
327	427
327	444
327	446
327	469
327	471
327	476
327	480
327	484
327	485
327	739
328	269
328	276
328	307
328	349
328	375
328	379
328	421
328	435
328	444
328	450
328	453
328	461
328	468
328	726
329	271
329	305
329	308
329	332
329	360
329	388
329	397
329	422
329	452
329	470
329	471
329	479
329	483
329	491
329	513
330	112
330	211
330	249
330	356
330	357
330	358
330	368
330	374
330	439
330	450
330	451
330	462
330	481
330	490
330	834
331	239
331	302
331	374
331	385
331	394
331	401
331	422
331	452
331	459
331	461
331	477
331	487
331	488
331	491
331	872
332	198
332	220
332	226
332	268
332	272
332	329
332	342
332	345
332	407
332	430
332	439
332	451
332	457
332	462
332	490
333	208
333	221
333	262
333	273
333	281
333	317
333	355
333	370
333	380
333	388
333	411
333	424
333	469
333	477
333	497
334	220
334	235
334	256
334	257
334	263
334	357
334	399
334	413
334	420
334	432
334	458
334	460
334	464
334	478
334	996
335	101
335	276
335	362
335	367
335	388
335	414
335	423
335	437
335	442
335	447
335	454
335	469
335	471
335	482
335	487
336	215
336	304
336	354
336	392
336	404
336	446
336	454
336	459
336	467
336	472
336	473
336	480
336	484
336	698
336	974
337	255
337	300
337	320
337	382
337	386
337	412
337	431
337	436
337	442
337	472
337	480
337	484
337	485
337	580
337	952
338	248
338	278
338	280
338	325
338	340
338	381
338	414
338	440
338	455
338	464
338	478
338	481
338	487
338	491
338	913
339	260
339	277
339	290
339	299
339	363
339	384
339	400
339	425
339	432
339	446
339	457
339	463
339	477
339	640
339	816
340	185
340	212
340	228
340	230
340	306
340	338
340	341
340	347
340	385
340	413
340	420
340	464
340	478
340	482
340	487
341	222
341	273
341	340
341	387
341	396
341	407
341	413
341	420
341	448
341	465
341	481
341	487
341	491
341	678
341	827
342	96
342	231
342	288
342	314
342	323
342	332
342	357
342	374
342	395
342	430
342	439
342	447
342	451
342	462
342	490
343	86
343	209
343	296
343	315
343	323
343	351
343	404
343	426
343	435
343	450
343	453
343	461
343	468
343	476
343	968
344	225
344	295
344	305
344	308
344	356
344	369
344	378
344	392
344	423
344	454
344	466
344	467
344	473
344	484
344	588
345	231
345	237
345	268
345	332
345	356
345	365
345	396
345	416
345	417
345	439
345	451
345	474
345	490
345	853
345	925
346	169
346	266
346	272
346	278
346	397
346	403
346	421
346	426
346	435
346	450
346	453
346	461
346	468
346	490
346	628
347	215
347	247
347	263
347	268
347	321
347	340
347	373
347	427
347	439
347	451
347	469
347	474
347	490
347	654
347	821
348	236
348	247
348	268
348	286
348	288
348	358
348	377
348	430
348	462
348	466
348	467
348	474
348	490
348	491
348	885
349	92
349	206
349	243
349	252
349	328
349	351
349	404
349	410
349	421
349	426
349	435
349	450
349	453
349	461
349	468
350	55
350	235
350	258
350	363
350	376
350	414
350	423
350	429
350	443
350	447
350	452
350	458
350	469
350	474
350	486
350	991
351	170
351	343
351	349
351	380
351	406
351	411
351	418
351	432
351	441
351	459
351	466
351	467
351	471
351	475
351	479
351	841
352	275
352	281
352	285
352	405
352	406
352	454
352	464
352	468
352	470
352	477
352	480
352	483
352	488
352	491
352	959
352	980
353	251
353	283
353	293
353	383
353	387
353	394
353	397
353	400
353	408
353	433
353	466
353	470
353	483
353	491
353	669
353	691
354	106
354	210
354	217
354	227
354	280
354	336
354	404
354	405
354	417
354	438
354	456
354	468
354	472
354	480
354	485
354	491
355	205
355	218
355	229
355	271
355	273
355	303
355	307
355	312
355	333
355	359
355	364
355	370
355	408
355	424
355	581
355	682
356	207
356	233
356	249
356	323
356	330
356	344
356	345
356	374
356	427
356	430
356	450
356	462
356	474
356	490
356	694
356	999
357	224
357	255
357	261
357	321
357	325
357	330
357	334
357	342
357	379
357	381
357	407
357	440
357	460
357	464
357	481
357	848
358	242
358	249
358	330
358	348
358	374
358	417
358	427
358	430
358	439
358	442
358	452
358	462
358	474
358	490
358	605
358	677
359	200
359	241
359	267
359	271
359	290
359	292
359	312
359	317
359	326
359	355
359	370
359	388
359	408
359	413
359	454
359	784
360	169
360	286
360	329
360	409
360	428
360	452
360	458
360	460
360	470
360	473
360	478
360	483
360	486
360	488
360	491
360	840
361	219
361	223
361	240
361	245
361	256
361	266
361	298
361	318
361	363
361	429
361	433
361	443
361	445
361	449
361	455
361	482
361	682
362	127
362	225
362	250
362	318
362	335
362	371
362	383
362	390
362	394
362	406
362	449
362	455
362	467
362	469
362	486
362	489
362	554
363	103
363	205
363	235
363	240
363	268
363	316
363	323
363	339
363	350
363	361
363	371
363	376
363	442
363	486
363	487
363	489
363	775
364	149
364	273
364	283
364	292
364	298
364	307
364	312
364	326
364	355
364	370
364	388
364	398
364	408
364	438
364	464
364	485
364	654
365	245
365	252
365	274
365	345
365	378
365	391
365	423
365	437
365	442
365	447
365	452
365	453
365	482
365	486
365	489
365	651
365	991
366	244
366	320
366	327
366	368
366	372
366	385
366	402
366	409
366	412
366	417
366	434
366	438
366	447
366	480
366	484
366	485
366	692
367	260
367	335
367	397
367	414
367	418
367	423
367	442
367	445
367	447
367	449
367	455
367	458
367	469
367	488
367	489
367	782
367	852
368	49
368	270
368	330
368	366
368	372
368	382
368	384
368	400
368	402
368	416
368	431
368	436
368	438
368	456
368	468
368	480
368	949
369	159
369	241
369	258
369	293
369	344
369	378
369	384
369	385
369	402
369	428
369	434
369	447
369	456
369	459
369	477
369	483
369	618
370	176
370	227
370	262
370	273
370	292
370	333
370	355
370	359
370	364
370	388
370	404
370	408
370	424
370	449
370	462
370	485
370	972
371	239
371	362
371	363
371	400
371	412
371	429
371	443
371	445
371	449
371	455
371	469
371	477
371	482
371	489
371	491
371	829
371	896
372	82
372	174
372	269
372	366
372	368
372	395
372	401
372	404
372	431
372	438
372	444
372	446
372	470
372	472
372	473
372	480
372	485
373	228
373	291
373	347
373	380
373	392
373	418
373	441
373	455
373	465
373	467
373	471
373	475
373	476
373	479
373	488
373	571
373	612
374	272
374	280
374	288
374	321
374	330
374	331
374	342
374	356
374	358
374	430
374	439
374	457
374	470
374	474
374	485
374	490
374	638
374	848
375	200
375	241
375	277
375	299
375	302
375	309
375	311
375	315
375	328
375	384
375	400
375	410
375	457
375	463
375	478
375	481
375	482
375	567
376	60
376	251
376	303
376	309
376	324
376	350
376	363
376	390
376	395
376	418
376	423
376	442
376	447
376	449
376	475
376	482
376	483
376	489
377	212
377	231
377	249
377	282
377	290
377	321
377	348
377	421
377	427
377	439
377	446
377	451
377	462
377	474
377	486
377	490
377	587
377	647
378	201
378	281
378	298
378	305
378	322
378	344
378	365
378	369
378	396
378	418
378	434
378	452
378	454
378	474
378	479
378	488
378	491
378	901
379	206
379	242
379	301
379	305
379	328
379	357
379	391
379	400
379	403
379	410
379	421
379	435
379	443
379	450
379	453
379	461
379	468
379	837
380	154
380	210
380	307
380	333
380	351
380	373
380	389
380	411
380	418
380	432
380	465
380	467
380	472
380	475
380	476
380	479
380	491
380	780
381	255
381	276
381	306
381	308
381	317
381	338
381	357
381	384
381	413
381	435
381	436
381	440
381	448
381	460
381	464
381	467
381	487
381	791
382	253
382	312
382	337
382	368
382	402
382	404
382	407
382	416
382	422
382	428
382	436
382	446
382	456
382	472
382	484
382	485
382	491
382	716
382	912
383	235
383	238
383	322
383	353
383	362
383	390
383	405
383	406
383	428
383	433
383	454
383	459
383	473
383	477
383	483
383	486
383	491
383	689
383	841
384	222
384	243
384	267
384	302
384	339
384	368
384	369
384	375
384	381
384	393
384	400
384	415
384	425
384	457
384	463
384	466
384	488
384	512
384	672
385	97
385	206
385	260
385	305
385	331
385	340
385	366
385	369
385	422
385	434
385	438
385	451
385	452
385	459
385	473
385	483
385	488
385	491
385	794
386	138
386	215
386	264
386	280
386	282
386	291
386	337
386	406
386	411
386	432
386	442
386	456
386	465
386	467
386	471
386	475
386	476
386	479
386	695
387	224
387	233
387	248
387	255
387	309
387	314
387	325
387	341
387	353
387	399
387	409
387	421
387	440
387	455
387	471
387	481
387	487
387	692
387	815
388	104
388	262
388	271
388	285
388	286
388	292
388	307
388	310
388	329
388	333
388	335
388	359
388	364
388	370
388	391
388	424
388	428
388	478
388	955
389	179
389	217
389	244
389	254
389	264
389	313
389	380
389	411
389	447
389	464
389	465
389	467
389	471
389	475
389	476
389	479
389	483
389	487
389	971
390	123
390	205
390	245
390	274
390	279
390	362
390	376
390	383
390	416
390	425
390	429
390	443
390	447
390	469
390	478
390	483
390	486
390	489
390	987
391	250
391	274
391	289
391	365
391	379
391	388
391	397
391	429
391	442
391	445
391	447
391	448
391	449
391	450
391	469
391	478
391	486
391	489
391	752
392	231
392	237
392	294
392	304
392	336
392	344
392	373
392	410
392	416
392	417
392	431
392	444
392	446
392	456
392	468
392	472
392	484
392	485
392	639
392	993
393	8
393	236
393	243
393	255
393	260
393	290
393	299
393	302
393	315
393	325
393	384
393	400
393	425
393	427
393	433
393	452
393	457
393	463
393	484
393	552
394	261
394	295
394	310
394	314
394	331
394	353
394	362
394	398
394	436
394	449
394	458
394	470
394	476
394	477
394	483
394	486
394	488
394	491
394	593
394	680
395	78
395	216
395	226
395	233
395	297
395	316
395	320
395	325
395	342
395	372
395	376
395	407
395	409
395	440
395	448
395	460
395	478
395	481
395	487
395	772
396	135
396	216
396	230
396	240
396	248
396	257
396	276
396	306
396	341
396	345
396	378
396	400
396	409
396	448
396	464
396	481
396	484
396	485
396	487
396	668
397	94
397	137
397	244
397	275
397	293
397	300
397	329
397	346
397	353
397	367
397	391
397	398
397	401
397	405
397	434
397	454
397	465
397	466
397	482
397	488
398	26
398	225
398	245
398	275
398	293
398	326
398	364
398	394
398	397
398	433
398	440
398	458
398	459
398	460
398	470
398	477
398	482
398	483
398	491
398	848
399	237
399	254
399	255
399	281
399	306
399	334
399	387
399	407
399	409
399	420
399	425
399	440
399	443
399	460
399	464
399	473
399	478
399	481
399	788
399	989
400	199
400	211
400	222
400	277
400	299
400	309
400	339
400	353
400	368
400	371
400	375
400	379
400	384
400	393
400	396
400	415
400	418
400	437
400	457
400	463
400	844
401	108
401	210
401	238
401	258
401	262
401	285
401	331
401	372
401	397
401	419
401	433
401	441
401	454
401	456
401	458
401	466
401	470
401	477
401	483
401	485
401	602
402	248
402	255
402	327
402	366
402	368
402	369
402	382
402	416
402	417
402	431
402	436
402	444
402	446
402	456
402	471
402	472
402	475
402	484
402	490
402	583
402	798
403	199
403	214
403	230
403	269
403	291
403	296
403	323
403	346
403	379
403	408
403	410
403	414
403	415
403	421
403	426
403	450
403	453
403	459
403	461
403	468
403	585
404	59
404	225
404	246
404	311
404	320
404	321
404	336
404	343
404	349
404	354
404	370
404	372
404	382
404	416
404	417
404	436
404	438
404	444
404	446
404	480
404	571
405	182
405	261
405	281
405	291
405	322
405	352
405	354
405	383
405	397
405	419
405	436
405	454
405	460
405	473
405	483
405	487
405	488
405	489
405	490
405	491
405	986
406	4
406	188
406	216
406	254
406	264
406	280
406	295
406	351
406	352
406	362
406	383
406	386
406	432
406	441
406	445
406	454
406	465
406	467
406	471
406	475
406	476
406	479
407	194
407	233
407	250
407	257
407	271
407	325
407	332
407	341
407	357
407	382
407	395
407	399
407	440
407	444
407	448
407	460
407	464
407	478
407	481
407	484
407	487
407	696
408	208
408	267
408	271
408	273
408	275
408	286
408	310
408	312
408	317
408	325
408	326
408	353
408	355
408	359
408	364
408	370
408	403
408	426
408	428
408	451
408	951
408	983
409	83
409	216
409	242
409	257
409	306
409	319
409	360
409	366
409	387
409	395
409	396
409	399
409	440
409	448
409	449
409	456
409	478
409	481
409	486
409	487
409	796
409	851
410	158
410	206
410	214
410	221
410	224
410	266
410	269
410	349
410	375
410	379
410	392
410	403
410	421
410	426
410	435
410	436
410	450
410	453
410	461
410	468
410	489
410	641
411	139
411	228
411	253
411	262
411	273
411	280
411	286
411	287
411	333
411	351
411	380
411	386
411	389
411	432
411	441
411	442
411	465
411	471
411	476
411	479
411	480
411	489
411	984
412	226
412	246
412	272
412	337
412	366
412	371
412	416
412	417
412	419
412	424
412	431
412	438
412	444
412	445
412	446
412	451
412	472
412	477
412	484
412	485
412	535
412	664
412	712
413	238
413	293
413	300
413	306
413	334
413	340
413	341
413	359
413	381
413	414
413	420
413	440
413	448
413	464
413	466
413	473
413	476
413	478
413	481
413	487
413	673
413	740
413	941
414	180
414	205
414	235
414	250
414	251
414	304
414	335
414	338
414	350
414	367
414	403
414	413
414	415
414	429
414	443
414	455
414	461
414	469
414	482
414	485
414	486
414	489
414	969
415	122
415	222
415	256
415	267
415	277
415	279
415	299
415	302
415	309
415	311
415	315
415	384
415	400
415	403
415	414
415	425
415	440
415	441
415	457
415	463
415	472
415	586
415	996
416	171
416	254
416	268
416	273
416	327
416	345
416	368
416	382
416	390
416	392
416	402
416	404
416	412
416	429
416	438
416	446
416	456
416	464
416	472
416	480
416	484
416	485
416	648
417	190
417	204
417	219
417	304
417	310
417	327
417	345
417	354
417	358
417	366
417	392
417	402
417	404
417	412
417	431
417	438
417	444
417	472
417	478
417	484
417	485
417	491
417	687
418	253
418	254
418	301
418	315
418	351
418	367
418	373
418	376
418	378
418	380
418	400
418	432
418	465
418	467
418	471
418	472
418	473
418	475
418	476
418	479
418	672
418	851
418	898
419	240
419	243
419	285
419	295
419	296
419	306
419	316
419	322
419	401
419	405
419	412
419	433
419	434
419	446
419	452
419	466
419	473
419	477
419	483
419	488
419	491
419	707
419	926
420	177
420	222
420	252
420	263
420	276
420	334
420	340
420	341
420	399
420	413
420	444
420	448
420	456
420	460
420	462
420	464
420	471
420	473
420	478
420	481
420	482
420	487
420	999
421	202
421	240
421	282
421	296
421	323
421	328
421	346
421	349
421	377
421	379
421	387
421	403
421	410
421	430
421	434
421	435
421	450
421	453
421	460
421	461
421	463
421	468
421	629
421	671
422	205
422	229
422	295
422	324
422	329
422	331
422	382
422	385
422	433
422	454
422	463
422	465
422	466
422	470
422	473
422	474
422	477
422	480
422	483
422	488
422	489
422	491
422	574
422	836
423	203
423	209
423	235
423	306
423	335
423	344
423	350
423	365
423	367
423	376
423	429
423	436
423	437
423	443
423	455
423	469
423	476
423	481
423	482
423	483
423	485
423	486
423	880
423	985
424	208
424	221
424	242
424	267
424	271
424	286
424	292
424	294
424	307
424	310
424	312
424	316
424	317
424	326
424	333
424	355
424	370
424	388
424	412
424	439
424	445
424	471
424	490
424	634
424	985
425	168
425	209
425	211
425	236
425	241
425	243
425	256
425	290
425	299
425	302
425	309
425	313
425	339
425	384
425	390
425	393
425	399
425	415
425	450
425	451
425	455
425	457
425	463
425	479
425	906
426	143
426	214
426	242
426	279
426	282
426	296
426	320
426	323
426	343
426	346
426	349
426	403
426	408
426	410
426	432
426	435
426	449
426	450
426	453
426	461
426	468
426	484
426	488
426	616
426	697
427	57
427	210
427	231
427	247
427	249
427	281
427	288
427	321
427	327
427	347
427	356
427	358
427	377
427	393
427	430
427	439
427	451
427	462
427	465
427	467
427	468
427	476
427	490
427	736
427	817
428	274
428	275
428	285
428	298
428	314
428	360
428	369
428	382
428	383
428	388
428	408
428	434
428	439
428	449
428	452
428	454
428	458
428	459
428	466
428	470
428	482
428	483
428	488
428	677
428	686
428	768
429	219
429	289
429	300
429	350
429	361
429	371
429	390
429	391
429	414
429	416
429	423
429	437
429	440
429	442
429	445
429	447
429	452
429	457
429	459
429	480
429	481
429	486
429	489
429	619
429	767
429	777
430	215
430	232
430	237
430	258
430	265
430	301
430	320
430	326
430	332
430	342
430	348
430	356
430	358
430	374
430	421
430	427
430	433
430	439
430	441
430	451
430	462
430	474
430	480
430	490
430	695
430	978
431	211
431	217
431	237
431	239
431	246
431	295
431	304
431	311
431	314
431	337
431	368
431	372
431	392
431	402
431	412
431	417
431	436
431	448
431	456
431	480
431	482
431	484
431	485
431	685
431	690
431	773
432	227
432	257
432	278
432	301
432	334
432	339
432	351
432	380
432	386
432	406
432	411
432	418
432	426
432	439
432	441
432	465
432	467
432	470
432	471
432	475
432	476
432	479
432	489
432	694
432	711
432	755
433	66
433	244
433	261
433	314
433	322
433	353
433	361
433	383
433	393
433	398
433	401
433	419
433	422
433	430
433	437
433	440
433	458
433	466
433	473
433	475
433	477
433	482
433	486
433	488
433	491
433	765
433	986
434	175
434	220
434	244
434	258
434	268
434	296
434	307
434	324
434	366
434	369
434	378
434	385
434	397
434	419
434	421
434	428
434	436
434	452
434	458
434	459
434	460
434	463
434	470
434	473
434	477
434	489
434	933
435	214
435	223
435	226
435	239
435	242
435	250
435	266
435	323
435	328
435	343
435	346
435	349
435	379
435	381
435	410
435	421
435	426
435	437
435	450
435	453
435	461
435	468
435	482
435	491
435	846
435	859
435	860
436	121
436	218
436	227
436	284
436	337
436	368
436	381
436	382
436	394
436	402
436	404
436	405
436	410
436	423
436	431
436	434
436	438
436	440
436	446
436	456
436	472
436	480
436	484
436	485
436	488
436	709
436	804
437	94
437	217
437	218
437	240
437	279
437	289
437	303
437	335
437	365
437	400
437	423
437	429
437	433
437	435
437	442
437	445
437	447
437	449
437	458
437	469
437	476
437	479
437	482
437	486
437	489
437	691
437	732
438	9
438	24
438	216
438	218
438	227
438	230
438	274
438	354
438	364
438	366
438	368
438	372
438	385
438	404
438	412
438	416
438	417
438	436
438	455
438	456
438	458
438	468
438	472
438	480
438	484
438	485
438	824
439	46
439	153
439	232
439	288
439	321
439	324
439	330
439	332
439	342
439	345
439	347
439	358
439	374
439	377
439	424
439	427
439	428
439	430
439	432
439	451
439	457
439	462
439	474
439	480
439	484
439	490
439	491
440	154
440	248
440	271
440	276
440	319
440	338
440	357
440	381
440	387
440	395
440	398
440	399
440	407
440	409
440	413
440	415
440	429
440	433
440	436
440	460
440	464
440	478
440	480
440	481
440	484
440	487
440	598
441	187
441	223
441	245
441	253
441	254
441	287
441	297
441	305
441	313
441	351
441	373
441	401
441	406
441	411
441	415
441	430
441	432
441	459
441	465
441	467
441	471
441	474
441	475
441	479
441	485
441	582
441	708
442	153
442	279
442	288
442	297
442	317
442	335
442	337
442	358
442	363
442	365
442	367
442	376
442	386
442	391
442	411
442	429
442	437
442	443
442	445
442	447
442	449
442	455
442	465
442	482
442	486
442	489
442	746
443	209
443	220
443	303
443	315
443	318
443	350
443	361
443	371
443	379
443	390
443	399
443	414
443	423
443	442
443	447
443	455
443	465
443	469
443	472
443	474
443	482
443	486
443	488
443	489
443	522
443	684
443	847
444	202
444	207
444	217
444	239
444	284
444	327
444	328
444	372
444	392
444	402
444	404
444	407
444	412
444	417
444	420
444	446
444	447
444	472
444	474
444	475
444	480
444	484
444	485
444	490
444	491
444	520
444	613
445	108
445	167
445	240
445	250
445	279
445	295
445	317
445	361
445	367
445	371
445	391
445	406
445	412
445	424
445	429
445	437
445	442
445	447
445	449
445	455
445	460
445	469
445	471
445	477
445	480
445	482
445	486
445	489
446	75
446	229
446	284
446	320
446	322
446	327
446	336
446	339
446	372
446	377
446	382
446	392
446	402
446	404
446	412
446	416
446	419
446	436
446	444
446	459
446	461
446	463
446	472
446	480
446	484
446	485
446	558
446	918
447	73
447	213
447	289
447	318
447	335
447	342
447	350
447	365
447	366
447	367
447	369
447	376
447	389
447	390
447	391
447	429
447	437
447	442
447	443
447	444
447	445
447	450
447	457
447	481
447	482
447	486
447	489
447	771
447	951
448	23
448	216
448	222
448	234
448	248
448	276
448	296
448	300
448	341
448	381
448	391
448	395
448	396
448	407
448	409
448	413
448	420
448	431
448	454
448	460
448	464
448	470
448	471
448	475
448	476
448	478
448	487
448	851
448	940
449	209
449	251
449	274
449	279
449	299
449	303
449	361
449	362
449	367
449	370
449	371
449	376
449	391
449	394
449	409
449	426
449	428
449	437
449	442
449	445
449	456
449	466
449	469
449	482
449	486
449	487
449	489
449	820
449	844
450	79
450	206
450	212
450	242
450	266
450	282
450	296
450	328
450	330
450	343
450	346
450	349
450	356
450	379
450	391
450	403
450	410
450	421
450	425
450	426
450	435
450	447
450	453
450	458
450	461
450	468
450	483
450	488
450	774
450	807
451	179
451	212
451	215
451	247
451	265
451	268
451	270
451	288
451	302
451	316
451	322
451	330
451	332
451	342
451	345
451	347
451	377
451	385
451	408
451	412
451	425
451	427
451	430
451	439
451	456
451	462
451	475
451	490
451	544
451	606
452	189
452	259
452	289
452	314
452	322
452	324
452	326
452	329
452	331
452	350
452	358
452	360
452	365
452	378
452	385
452	393
452	419
452	428
452	429
452	434
452	453
452	454
452	458
452	459
452	466
452	473
452	477
452	491
452	691
452	746
453	140
453	242
453	247
453	265
453	266
453	269
453	282
453	288
453	292
453	293
453	296
453	306
453	323
453	328
453	343
453	346
453	349
453	365
453	379
453	403
453	410
453	421
453	426
453	435
453	450
453	452
453	461
453	468
453	486
453	670
453	684
454	128
454	196
454	220
454	261
454	275
454	277
454	293
454	294
454	308
454	335
454	336
454	344
454	352
454	359
454	378
454	383
454	397
454	401
454	405
454	406
454	422
454	428
454	448
454	452
454	455
454	464
454	473
454	477
454	483
454	491
454	839
455	209
455	213
455	219
455	240
455	274
455	275
455	303
455	338
455	361
455	362
455	367
455	371
455	373
455	387
455	414
455	423
455	425
455	438
455	442
455	443
455	445
455	454
455	466
455	468
455	469
455	481
455	482
455	486
455	692
455	831
455	919
456	36
456	177
456	207
456	218
456	226
456	239
456	259
456	284
456	294
456	319
456	354
456	368
456	369
456	382
456	386
456	392
456	401
456	402
456	409
456	416
456	420
456	431
456	436
456	438
456	449
456	451
456	472
456	480
456	484
456	485
456	490
456	625
457	90
457	154
457	205
457	211
457	236
457	241
457	260
457	270
457	277
457	287
457	290
457	293
457	302
457	309
457	311
457	315
457	332
457	339
457	374
457	375
457	384
457	393
457	400
457	415
457	425
457	429
457	439
457	447
457	463
457	487
457	516
457	679
458	76
458	221
458	225
458	231
458	305
458	318
458	322
458	334
458	350
458	360
458	367
458	394
458	398
458	401
458	428
458	433
458	434
458	437
458	438
458	450
458	452
458	459
458	462
458	466
458	470
458	473
458	477
458	483
458	488
458	491
458	503
458	546
459	150
459	178
459	225
459	238
459	242
459	298
459	308
459	331
459	336
459	351
459	369
459	383
459	385
459	398
459	403
459	428
459	429
459	434
459	441
459	446
459	452
459	458
459	466
459	471
459	472
459	473
459	478
459	483
459	488
459	491
459	686
459	857
460	22
460	85
460	204
460	216
460	224
460	234
460	250
460	263
460	306
460	312
460	316
460	319
460	325
460	334
460	357
460	360
460	381
460	395
460	398
460	399
460	405
460	407
460	420
460	421
460	434
460	440
460	445
460	448
460	478
460	481
460	487
460	662
461	104
461	178
461	206
461	214
461	249
461	266
461	269
461	282
461	296
461	299
461	304
461	323
461	328
461	331
461	343
461	346
461	349
461	379
461	403
461	410
461	414
461	421
461	426
461	435
461	446
461	450
461	453
461	465
461	468
461	481
461	488
461	491
461	622
462	169
462	212
462	214
462	232
462	246
462	247
462	249
462	251
462	265
462	270
462	272
462	305
462	330
462	332
462	342
462	348
462	356
462	358
462	370
462	377
462	420
462	427
462	430
462	439
462	451
462	458
462	474
462	482
462	483
462	486
462	490
462	830
462	948
463	102
463	204
463	211
463	222
463	232
463	233
463	236
463	241
463	243
463	256
463	260
463	268
463	290
463	301
463	302
463	309
463	311
463	315
463	339
463	375
463	384
463	393
463	400
463	415
463	421
463	422
463	425
463	434
463	446
463	457
463	636
463	814
463	852
464	182
464	183
464	234
464	255
464	263
464	278
464	309
464	316
464	319
464	334
464	338
464	340
464	352
464	357
464	364
464	381
464	389
464	396
464	399
464	407
464	413
464	416
464	420
464	440
464	448
464	454
464	465
464	478
464	480
464	481
464	484
464	487
464	997
465	223
465	264
465	278
465	280
465	291
465	297
465	298
465	313
465	341
465	373
465	380
465	386
465	389
465	397
465	406
465	411
465	418
465	422
465	427
465	432
465	441
465	442
465	443
465	461
465	464
465	467
465	471
465	475
465	476
465	478
465	479
465	527
465	631
465	660
466	162
466	229
466	261
466	277
466	281
466	288
466	295
466	298
466	319
466	344
466	348
466	351
466	353
466	384
466	397
466	401
466	413
466	419
466	422
466	428
466	433
466	449
466	452
466	455
466	458
466	459
466	470
466	473
466	476
466	477
466	483
466	488
466	541
466	787
467	113
467	249
467	252
467	253
467	254
467	264
467	274
467	287
467	297
467	313
467	314
467	336
467	344
467	348
467	351
467	362
467	373
467	380
467	381
467	386
467	389
467	406
467	418
467	427
467	432
467	441
467	465
467	471
467	475
467	476
467	479
467	484
467	808
467	833
468	48
468	64
468	206
468	214
468	242
468	266
468	269
468	282
468	296
468	322
468	323
468	328
468	343
468	346
468	349
468	352
468	354
468	368
468	379
468	392
468	403
468	410
468	421
468	426
468	427
468	435
468	438
468	450
468	453
468	455
468	461
468	474
468	489
468	783
469	205
469	209
469	246
469	258
469	261
469	274
469	282
469	299
469	325
469	327
469	333
469	335
469	347
469	350
469	362
469	367
469	371
469	390
469	391
469	414
469	423
469	437
469	443
469	445
469	449
469	455
469	472
469	482
469	486
469	487
469	489
469	572
469	874
469	970
470	229
470	234
470	244
470	247
470	272
470	281
470	293
470	308
470	324
470	329
470	352
470	353
470	360
470	372
470	374
470	394
470	398
470	401
470	422
470	428
470	432
470	434
470	448
470	458
470	466
470	473
470	477
470	479
470	484
470	488
470	490
470	491
470	760
470	795
470	829
471	189
471	204
471	223
471	253
471	278
471	287
471	291
471	297
471	301
471	313
471	327
471	329
471	335
471	351
471	373
471	386
471	387
471	389
471	402
471	406
471	411
471	418
471	420
471	424
471	432
471	441
471	445
471	448
471	459
471	465
471	467
471	475
471	476
471	479
471	483
471	511
471	842
471	911
472	182
472	218
472	219
472	226
472	227
472	259
472	283
472	287
472	294
472	313
472	320
472	336
472	337
472	354
472	372
472	380
472	382
472	392
472	402
472	412
472	415
472	416
472	417
472	418
472	436
472	438
472	443
472	444
472	446
472	456
472	459
472	469
472	480
472	483
472	484
472	588
472	665
472	953
473	21
473	202
473	220
473	238
473	264
473	277
473	293
473	304
473	308
473	313
473	336
473	344
473	360
473	372
473	383
473	385
473	399
473	405
473	413
473	418
473	419
473	420
473	422
473	433
473	434
473	452
473	454
473	458
473	459
473	466
473	470
473	477
473	483
473	487
473	488
473	491
473	617
473	950
474	210
474	211
474	212
474	215
474	231
474	232
474	237
474	246
474	247
474	265
474	268
474	270
474	272
474	318
474	321
474	345
474	347
474	348
474	350
474	356
474	358
474	374
474	377
474	378
474	422
474	430
474	439
474	441
474	443
474	444
474	462
474	468
474	485
474	490
474	491
474	505
474	561
474	617
474	667
475	204
475	228
475	264
475	273
475	276
475	278
475	280
475	290
475	291
475	297
475	301
475	313
475	351
475	373
475	376
475	380
475	386
475	389
475	402
475	406
475	418
475	432
475	433
475	441
475	444
475	448
475	451
475	465
475	467
475	471
475	476
475	479
475	481
475	486
475	490
475	596
475	639
475	653
475	695
476	115
476	162
476	204
476	223
476	228
476	251
476	253
476	264
476	269
476	278
476	280
476	291
476	297
476	301
476	309
476	313
476	327
476	343
476	373
476	380
476	386
476	389
476	394
476	406
476	411
476	413
476	418
476	423
476	427
476	432
476	437
476	448
476	465
476	466
476	467
476	471
476	475
476	479
476	509
476	988
477	183
477	223
477	225
477	229
477	236
477	238
477	279
477	285
477	300
477	308
477	331
477	333
477	339
477	352
477	369
477	371
477	383
477	394
477	398
477	401
477	412
477	419
477	422
477	433
477	434
477	445
477	452
477	454
477	458
477	466
477	470
477	473
477	478
477	482
477	487
477	488
477	489
477	491
477	650
477	778
477	826
478	53
478	156
478	185
478	233
478	234
478	252
478	257
478	293
478	300
478	306
478	316
478	319
478	325
478	334
478	338
478	340
478	360
478	375
478	388
478	390
478	391
478	395
478	399
478	407
478	409
478	413
478	417
478	420
478	440
478	448
478	459
478	460
478	464
478	465
478	477
478	481
478	486
478	487
478	488
478	489
478	821
478	941
479	118
479	219
479	223
479	244
479	247
479	253
479	254
479	256
479	278
479	280
479	281
479	287
479	291
479	295
479	297
479	301
479	306
479	313
479	329
479	351
479	373
479	378
479	380
479	386
479	389
479	406
479	411
479	418
479	425
479	432
479	437
479	441
479	465
479	467
479	470
479	471
479	475
479	476
479	490
479	611
479	725
479	926
480	181
480	207
480	217
480	224
480	226
480	227
480	246
480	259
480	279
480	284
480	292
480	301
480	320
480	327
480	336
480	337
480	352
480	354
480	366
480	368
480	372
480	404
480	411
480	416
480	422
480	429
480	430
480	431
480	436
480	438
480	439
480	440
480	444
480	445
480	446
480	456
480	464
480	472
480	484
480	485
480	808
480	830
480	831
481	56
481	216
481	230
481	234
481	248
481	249
481	252
481	257
481	263
481	269
481	272
481	276
481	288
481	289
481	300
481	316
481	319
481	330
481	338
481	341
481	357
481	375
481	387
481	395
481	396
481	399
481	407
481	409
481	413
481	420
481	423
481	429
481	440
481	447
481	455
481	460
481	461
481	464
481	475
481	478
481	688
481	745
481	967
482	205
482	213
482	219
482	235
482	245
482	274
482	279
482	303
482	315
482	318
482	335
482	340
482	361
482	365
482	371
482	375
482	376
482	397
482	398
482	414
482	420
482	423
482	428
482	431
482	433
482	435
482	437
482	442
482	443
482	445
482	447
482	449
482	455
482	462
482	469
482	477
482	486
482	489
482	491
482	524
482	683
482	824
482	955
483	212
483	220
483	241
483	274
483	295
483	296
483	298
483	305
483	321
483	324
483	329
483	352
483	353
483	360
483	369
483	376
483	383
483	385
483	389
483	390
483	394
483	398
483	401
483	405
483	419
483	422
483	423
483	428
483	450
483	454
483	458
483	459
483	462
483	466
483	471
483	472
483	473
483	488
483	489
483	491
483	695
483	759
483	800
483	864
484	25
484	32
484	196
484	218
484	226
484	237
484	239
484	246
484	250
484	259
484	278
484	294
484	304
484	320
484	327
484	336
484	337
484	344
484	366
484	382
484	392
484	393
484	396
484	402
484	407
484	412
484	416
484	417
484	426
484	431
484	436
484	438
484	439
484	440
484	444
484	446
484	456
484	464
484	467
484	470
484	472
484	480
484	485
484	559
485	130
485	192
485	217
485	226
485	227
485	238
485	239
485	246
485	259
485	284
485	294
485	302
485	304
485	327
485	337
485	354
485	364
485	366
485	370
485	372
485	374
485	382
485	392
485	396
485	401
485	412
485	414
485	416
485	417
485	423
485	431
485	436
485	438
485	441
485	444
485	446
485	456
485	474
485	480
485	484
485	487
485	488
485	563
485	809
485	999
486	186
486	197
486	213
486	219
486	227
486	240
486	245
486	250
486	251
486	260
486	263
486	289
486	303
486	318
486	322
486	350
486	360
486	362
486	363
486	365
486	377
486	383
486	390
486	391
486	394
486	409
486	414
486	423
486	429
486	433
486	437
486	442
486	443
486	445
486	447
486	449
486	453
486	455
486	462
486	469
486	475
486	478
486	482
486	489
486	969
486	984
487	192
487	224
487	230
487	233
487	234
487	248
487	252
487	255
487	257
487	263
487	299
487	300
487	304
487	308
487	316
487	325
487	331
487	335
487	338
487	340
487	341
487	363
487	381
487	387
487	389
487	395
487	396
487	405
487	407
487	409
487	413
487	420
487	440
487	448
487	449
487	457
487	460
487	464
487	469
487	473
487	477
487	478
487	485
487	490
487	793
487	903
487	996
488	40
488	112
488	133
488	215
488	220
488	244
488	253
488	258
488	264
488	267
488	281
488	285
488	295
488	298
488	305
488	324
488	331
488	352
488	360
488	367
488	373
488	378
488	384
488	385
488	394
488	397
488	405
488	419
488	422
488	426
488	428
488	433
488	436
488	443
488	450
488	458
488	459
488	461
488	466
488	470
488	473
488	477
488	478
488	483
488	485
488	640
488	689
489	81
489	92
489	203
489	209
489	235
489	236
489	245
489	250
489	251
489	262
489	276
489	279
489	289
489	303
489	308
489	318
489	362
489	363
489	365
489	367
489	371
489	376
489	390
489	391
489	405
489	410
489	411
489	414
489	422
489	429
489	432
489	434
489	437
489	442
489	443
489	445
489	447
489	449
489	468
489	469
489	477
489	478
489	482
489	483
489	486
489	493
489	590
490	132
490	210
490	212
490	215
490	224
490	231
490	232
490	237
490	247
490	249
490	265
490	268
490	270
490	272
490	284
490	288
490	307
490	318
490	320
490	321
490	330
490	332
490	342
490	345
490	346
490	347
490	348
490	356
490	358
490	374
490	377
490	402
490	405
490	424
490	427
490	430
490	439
490	444
490	451
490	456
490	462
490	470
490	474
490	475
490	479
490	487
490	815
490	853
490	936
490	1000
491	220
491	225
491	229
491	258
491	295
491	298
491	314
491	323
491	324
491	329
491	331
491	338
491	341
491	348
491	352
491	353
491	354
491	360
491	371
491	378
491	380
491	382
491	383
491	385
491	394
491	398
491	405
491	417
491	419
491	422
491	433
491	435
491	439
491	444
491	452
491	454
491	458
491	459
491	461
491	470
491	473
491	474
491	477
491	482
491	483
491	651
491	714
491	741
491	919
491	956
492	37
492	511
492	522
492	523
492	542
492	585
492	635
492	637
492	690
492	692
493	489
493	552
493	589
493	592
493	628
493	636
493	639
493	650
493	654
493	684
494	529
494	550
494	564
494	603
494	651
494	669
494	673
494	686
494	691
494	990
495	134
495	639
495	647
495	652
495	673
495	674
495	679
495	686
495	690
495	692
496	545
496	642
496	644
496	653
496	656
496	671
496	678
496	691
496	693
496	821
497	333
497	657
497	671
497	672
497	681
497	682
497	693
497	694
497	695
497	696
498	301
498	524
498	606
498	637
498	677
498	679
498	686
498	690
498	691
498	692
499	514
499	581
499	604
499	619
499	654
499	655
499	663
499	667
499	684
499	822
500	501
500	502
500	584
500	677
500	678
500	688
500	691
500	694
500	697
500	869
501	170
501	500
501	516
501	586
501	594
501	595
501	649
501	650
501	673
501	688
502	161
502	500
502	554
502	566
502	622
502	637
502	638
502	645
502	672
502	685
503	458
503	530
503	543
503	557
503	566
503	625
503	656
503	672
503	685
503	694
504	317
504	540
504	551
504	638
504	650
504	655
504	665
504	674
504	686
504	692
505	474
505	558
505	565
505	614
505	631
505	653
505	670
505	680
505	688
505	693
506	187
506	646
506	649
506	652
506	665
506	674
506	678
506	679
506	690
506	692
507	545
507	546
507	571
507	617
507	633
507	653
507	669
507	683
507	693
507	768
508	15
508	602
508	641
508	650
508	676
508	684
508	690
508	691
508	696
508	697
509	476
509	549
509	595
509	626
509	633
509	639
509	663
509	671
509	693
509	695
510	105
510	562
510	563
510	576
510	636
510	639
510	646
510	648
510	662
510	697
511	471
511	492
511	575
511	594
511	665
511	674
511	686
511	690
511	692
511	696
512	384
512	516
512	561
512	579
512	607
512	616
512	632
512	653
512	665
512	673
513	329
513	516
513	524
513	550
513	564
513	581
513	583
513	584
513	657
513	669
514	166
514	499
514	574
514	581
514	612
514	643
514	649
514	662
514	663
514	666
515	606
515	652
515	675
515	679
515	685
515	686
515	690
515	692
515	693
515	938
516	457
516	501
516	512
516	513
516	618
516	651
516	662
516	669
516	673
516	689
517	536
517	639
517	648
517	654
517	662
517	666
517	667
517	684
517	695
517	931
518	528
518	607
518	640
518	645
518	667
518	672
518	677
518	685
518	693
518	789
519	613
519	675
519	677
519	678
519	683
519	690
519	694
519	696
519	697
519	833
520	444
520	543
520	569
520	611
520	619
520	640
520	660
520	663
520	685
520	691
521	555
521	587
521	659
521	668
521	674
521	680
521	691
521	694
521	696
521	697
521	989
522	443
522	492
522	549
522	617
522	626
522	631
522	641
522	664
522	671
522	685
522	693
523	492
523	568
523	644
523	653
523	657
523	671
523	681
523	683
523	691
523	695
523	838
524	482
524	498
524	513
524	586
524	594
524	603
524	649
524	669
524	673
524	681
524	686
525	135
525	526
525	566
525	569
525	611
525	624
525	629
525	638
525	640
525	685
525	697
526	525
526	553
526	554
526	611
526	625
526	640
526	667
526	672
526	673
526	685
526	992
527	465
527	544
527	555
527	557
527	575
527	598
527	619
527	625
527	635
527	640
527	685
528	39
528	518
528	532
528	625
528	633
528	640
528	645
528	669
528	672
528	673
528	685
529	494
529	543
529	555
529	566
529	569
529	607
529	672
529	676
529	683
529	685
529	965
530	130
530	503
530	546
530	584
530	607
530	612
530	640
530	672
530	675
530	685
530	692
531	63
531	548
531	582
531	623
531	648
531	660
531	670
531	681
531	682
531	683
531	695
532	528
532	555
532	569
532	605
532	607
532	619
532	631
532	647
532	672
532	685
532	728
533	534
533	548
533	551
533	593
533	626
533	653
533	671
533	687
533	692
533	693
533	950
534	533
534	592
534	645
534	651
534	656
534	670
534	676
534	682
534	683
534	695
534	806
535	412
535	563
535	583
535	605
535	615
535	672
535	682
535	688
535	691
535	696
535	697
536	122
536	517
536	604
536	668
536	670
536	677
536	681
536	683
536	691
536	694
536	695
537	554
537	556
537	652
537	655
537	663
537	674
537	679
537	689
537	690
537	692
537	975
538	595
538	633
538	634
538	637
538	660
538	679
538	686
538	690
538	691
538	692
538	981
539	549
539	610
539	619
539	626
539	630
539	656
539	659
539	668
539	679
539	681
539	799
540	504
540	559
540	587
540	605
540	630
540	658
540	685
540	687
540	689
540	843
540	957
541	466
541	593
541	612
541	629
541	643
541	656
541	675
541	678
541	680
541	696
541	697
542	260
542	492
542	578
542	600
542	638
542	655
542	673
542	674
542	686
542	690
542	692
543	230
543	503
543	520
543	529
543	603
543	611
543	619
543	625
543	685
543	695
543	696
544	451
544	527
544	570
544	600
544	612
544	615
544	647
544	664
544	677
544	680
544	693
544	694
545	496
545	507
545	589
545	590
545	609
545	630
545	631
545	664
545	682
545	687
545	692
545	999
546	163
546	458
546	507
546	530
546	554
546	575
546	588
546	594
546	619
546	645
546	672
546	685
547	560
547	582
547	600
547	608
547	610
547	646
547	658
547	687
547	689
547	690
547	696
547	733
548	531
548	533
548	647
548	649
548	659
548	663
548	676
548	680
548	688
548	691
548	696
548	876
549	509
549	522
549	539
549	587
549	604
549	632
549	664
549	667
549	682
549	683
549	695
549	777
550	494
550	513
550	584
550	616
550	633
550	649
550	651
550	666
550	669
550	673
550	696
550	850
551	195
551	504
551	533
551	568
551	574
551	597
551	617
551	618
551	641
551	658
551	687
551	689
552	393
552	493
552	621
552	636
552	643
552	646
552	659
552	666
552	674
552	679
552	684
552	696
553	526
553	556
553	558
553	597
553	652
553	665
553	674
553	679
553	688
553	690
553	692
553	706
554	362
554	502
554	526
554	537
554	546
554	572
554	619
554	625
554	645
554	646
554	671
554	685
555	194
555	521
555	527
555	529
555	532
555	562
555	575
555	610
555	611
555	625
555	668
555	672
556	537
556	553
556	620
556	623
556	636
556	643
556	655
556	661
556	662
556	667
556	684
556	993
557	159
557	503
557	527
557	585
557	593
557	626
557	657
557	670
557	681
557	683
557	690
557	693
558	231
558	446
558	505
558	553
558	622
558	642
558	648
558	668
558	670
558	686
558	691
558	695
559	484
559	540
559	572
559	580
559	582
559	597
559	601
559	641
559	668
559	687
559	689
559	692
560	547
560	598
560	618
560	624
560	643
560	644
560	658
560	687
560	689
560	690
560	692
560	877
561	474
561	512
561	579
561	595
561	603
561	637
561	649
561	651
561	655
561	659
561	660
561	669
561	673
562	1
562	510
562	555
562	614
562	618
562	621
562	631
562	639
562	646
562	648
562	663
562	666
562	684
563	485
563	510
563	535
563	589
563	598
563	621
563	636
563	663
563	667
563	674
563	684
563	697
563	972
564	494
564	513
564	575
564	595
564	603
564	607
564	624
564	637
564	651
564	669
564	673
564	674
564	836
565	505
565	574
565	596
565	608
565	626
565	633
565	644
565	657
565	670
565	681
565	695
565	790
565	824
566	163
566	502
566	503
566	525
566	529
566	576
566	607
566	645
566	649
566	656
566	672
566	685
566	690
567	173
567	375
567	581
567	594
567	614
567	620
567	621
567	646
567	663
567	667
567	670
567	673
567	684
568	220
568	523
568	551
568	609
568	630
568	631
568	655
568	656
568	657
568	671
568	677
568	683
568	695
569	26
569	520
569	525
569	529
569	532
569	575
569	602
569	603
569	611
569	634
569	642
569	672
569	685
570	153
570	544
570	582
570	605
570	608
570	609
570	624
570	644
570	658
570	683
570	687
570	689
570	697
571	373
571	404
571	507
571	593
571	626
571	651
571	656
571	668
571	682
571	689
571	693
571	694
571	697
572	469
572	554
572	559
572	587
572	591
572	610
572	628
572	637
572	641
572	665
572	687
572	689
572	853
573	579
573	606
573	613
573	637
573	665
573	669
573	679
573	686
573	687
573	690
573	692
573	694
573	990
574	422
574	514
574	551
574	565
574	587
574	608
574	617
574	624
574	636
574	644
574	652
574	658
574	689
575	511
575	527
575	546
575	555
575	564
575	569
575	577
575	607
575	645
575	672
575	685
575	686
575	845
575	899
576	5
576	510
576	566
576	638
576	652
576	655
576	663
576	665
576	674
576	679
576	686
576	689
576	690
576	692
577	199
577	575
577	639
577	665
577	666
577	675
577	676
577	677
577	678
577	688
577	694
577	696
577	697
577	981
578	190
578	542
578	579
578	602
578	609
578	659
578	674
578	675
578	677
578	680
578	691
578	695
578	696
578	978
579	211
579	512
579	561
579	573
579	578
579	599
579	616
579	632
579	649
579	664
579	669
579	671
579	673
579	681
580	100
580	337
580	559
580	585
580	591
580	602
580	606
580	610
580	635
580	641
580	644
580	687
580	689
580	693
581	141
581	355
581	499
581	513
581	514
581	567
581	623
581	643
581	646
581	666
581	678
581	681
581	684
581	693
582	290
582	441
582	531
582	547
582	559
582	570
582	585
582	596
582	611
582	618
582	641
582	673
582	687
582	689
583	402
583	513
583	535
583	612
583	646
583	659
583	676
583	678
583	680
583	687
583	688
583	694
583	695
583	697
584	500
584	513
584	530
584	550
584	594
584	599
584	616
584	632
584	643
584	649
584	653
584	669
584	673
584	988
585	403
585	492
585	557
585	580
585	582
585	610
585	617
585	624
585	636
585	644
585	647
585	687
585	689
585	967
586	415
586	501
586	524
586	595
586	600
586	603
586	616
586	632
586	638
586	649
586	651
586	669
586	673
586	692
586	693
587	377
587	521
587	540
587	549
587	572
587	574
587	591
587	616
587	618
587	626
587	641
587	644
587	670
587	687
587	689
588	344
588	472
588	546
588	594
588	601
588	628
588	658
588	659
588	661
588	662
588	677
588	680
588	694
588	696
588	697
589	149
589	176
589	493
589	545
589	563
589	639
589	643
589	645
589	652
589	654
589	660
589	662
589	663
589	665
589	667
590	173
590	489
590	545
590	618
590	622
590	623
590	625
590	629
590	631
590	664
590	668
590	670
590	681
590	683
590	695
591	275
591	572
591	580
591	587
591	595
591	605
591	624
591	633
591	644
591	658
591	684
591	687
591	688
591	689
591	823
592	195
592	493
592	534
592	596
592	627
592	642
592	645
592	647
592	680
592	682
592	691
592	694
592	696
592	697
592	720
593	394
593	533
593	541
593	557
593	571
593	609
593	626
593	636
593	644
593	669
593	670
593	681
593	683
593	693
593	695
594	180
594	286
594	501
594	511
594	524
594	546
594	567
594	584
594	588
594	599
594	632
594	649
594	651
594	673
594	677
595	170
595	501
595	509
595	538
595	561
595	564
595	586
595	591
595	616
595	632
595	649
595	651
595	669
595	673
595	674
596	475
596	565
596	582
596	592
596	600
596	661
596	667
596	673
596	675
596	676
596	678
596	687
596	688
596	694
596	697
596	1000
597	551
597	553
597	559
597	606
597	617
597	635
597	644
597	661
597	665
597	674
597	679
597	686
597	690
597	692
597	843
597	952
598	440
598	527
598	560
598	563
598	605
598	608
598	618
598	636
598	640
598	641
598	642
598	644
598	658
598	687
598	689
598	836
599	579
599	584
599	594
599	603
599	609
599	626
599	632
599	637
599	649
599	651
599	669
599	673
599	675
599	690
599	838
599	847
600	542
600	544
600	547
600	586
600	596
600	607
600	650
600	659
600	677
600	678
600	684
600	691
600	694
600	696
600	697
600	958
601	155
601	559
601	588
601	609
601	631
601	647
601	656
601	659
601	661
601	670
601	676
601	684
601	688
601	691
601	694
601	696
602	401
602	508
602	569
602	578
602	580
602	604
602	612
602	627
602	661
602	672
602	680
602	688
602	691
602	696
602	697
602	781
603	142
603	494
603	524
603	543
603	561
603	564
603	569
603	586
603	599
603	616
603	632
603	651
603	669
603	676
603	683
603	688
603	843
604	167
604	317
604	499
604	536
604	549
604	602
604	618
604	654
604	656
604	657
604	664
604	668
604	678
604	682
604	683
604	693
604	695
605	247
605	358
605	532
605	535
605	540
605	570
605	591
605	598
605	608
605	611
605	617
605	624
605	634
605	658
605	687
605	688
605	689
606	310
606	451
606	498
606	515
606	573
606	580
606	597
606	613
606	629
606	642
606	652
606	663
606	674
606	676
606	686
606	690
606	692
607	52
607	512
607	518
607	529
607	530
607	532
607	564
607	566
607	575
607	600
607	611
607	628
607	640
607	645
607	672
607	676
607	685
608	547
608	565
608	570
608	574
608	598
608	605
608	610
608	618
608	624
608	626
608	629
608	657
608	658
608	661
608	687
608	689
608	953
609	545
609	568
609	570
609	578
609	593
609	599
609	601
609	628
609	650
609	659
609	677
609	678
609	680
609	688
609	691
609	694
609	921
610	172
610	539
610	547
610	555
610	572
610	580
610	585
610	608
610	617
610	641
610	644
610	651
610	659
610	685
610	687
610	689
610	868
611	479
611	520
611	525
611	526
611	543
611	555
611	569
611	582
611	605
611	607
611	619
611	625
611	632
611	645
611	672
611	680
611	691
612	373
612	514
612	530
612	541
612	544
612	583
612	602
612	628
612	631
612	657
612	675
612	678
612	682
612	684
612	691
612	694
612	696
613	444
613	519
613	573
613	606
613	615
613	634
613	635
613	638
613	651
613	669
613	674
613	679
613	680
613	686
613	688
613	690
613	692
613	971
614	136
614	212
614	505
614	562
614	567
614	623
614	643
614	645
614	646
614	647
614	654
614	662
614	663
614	666
614	674
614	678
614	684
614	697
615	139
615	535
615	544
615	613
615	621
615	627
615	628
615	654
615	661
615	675
615	676
615	677
615	687
615	688
615	695
615	696
615	697
615	836
616	426
616	512
616	550
616	579
616	584
616	586
616	587
616	595
616	603
616	621
616	622
616	649
616	651
616	669
616	673
616	676
616	694
616	805
617	473
617	474
617	507
617	522
617	551
617	574
617	585
617	597
617	605
617	610
617	618
617	624
617	641
617	643
617	658
617	668
617	687
617	689
618	369
618	516
618	551
618	560
618	562
618	582
618	587
618	590
618	598
618	604
618	608
618	617
618	624
618	641
618	657
618	687
618	689
618	817
619	19
619	429
619	499
619	520
619	527
619	532
619	539
619	543
619	546
619	554
619	611
619	640
619	645
619	664
619	666
619	672
619	685
619	693
620	304
620	556
620	567
620	621
620	626
620	630
620	636
620	639
620	643
620	654
620	662
620	663
620	666
620	667
620	675
620	684
620	685
620	691
620	835
621	66
621	315
621	552
621	562
621	563
621	567
621	615
621	616
621	620
621	623
621	630
621	639
621	643
621	659
621	662
621	667
621	681
621	684
621	690
622	461
622	502
622	558
622	590
622	616
622	631
622	633
622	640
622	642
622	644
622	653
622	671
622	680
622	681
622	683
622	686
622	693
622	695
622	861
623	198
623	531
623	556
623	581
623	590
623	614
623	621
623	628
623	639
623	646
623	654
623	662
623	663
623	666
623	667
623	671
623	672
623	684
623	696
623	753
624	134
624	187
624	525
624	560
624	564
624	570
624	574
624	585
624	591
624	605
624	608
624	617
624	618
624	657
624	658
624	664
624	666
624	685
624	687
624	689
625	318
625	456
625	503
625	526
625	527
625	528
625	543
625	554
625	555
625	590
625	611
625	640
625	645
625	659
625	664
625	672
625	673
625	680
625	685
625	695
626	100
626	509
626	522
626	533
626	539
626	557
626	565
626	571
626	587
626	593
626	599
626	608
626	620
626	641
626	648
626	655
626	664
626	683
626	693
626	853
627	41
627	312
627	592
627	602
627	615
627	628
627	629
627	637
627	659
627	664
627	675
627	679
627	681
627	687
627	688
627	689
627	691
627	694
627	696
627	697
628	69
628	346
628	493
628	572
628	588
628	607
628	609
628	612
628	615
628	623
628	627
628	629
628	636
628	677
628	678
628	688
628	691
628	692
628	696
628	697
629	421
629	525
629	541
629	590
629	606
629	608
629	627
629	628
629	657
629	661
629	675
629	676
629	677
629	678
629	681
629	688
629	691
629	696
629	697
629	976
630	152
630	539
630	540
630	545
630	568
630	620
630	621
630	648
630	655
630	657
630	660
630	664
630	668
630	682
630	683
630	689
630	693
630	695
630	697
630	967
631	107
631	465
631	505
631	522
631	532
631	545
631	562
631	568
631	590
631	601
631	612
631	622
631	635
631	642
631	648
631	657
631	660
631	680
631	681
631	682
632	176
632	512
632	549
632	579
632	584
632	586
632	594
632	595
632	599
632	603
632	611
632	639
632	642
632	649
632	651
632	669
632	673
632	679
632	690
632	723
633	180
633	507
633	509
633	528
633	538
633	550
633	565
633	591
633	622
633	642
633	653
633	660
633	664
633	668
633	682
633	692
633	693
633	695
633	696
633	977
634	424
634	538
634	569
634	605
634	613
634	635
634	637
634	638
634	652
634	655
634	665
634	674
634	676
634	679
634	682
634	685
634	686
634	689
634	690
634	692
634	841
635	103
635	492
635	527
635	580
635	597
635	613
635	631
635	634
635	637
635	638
635	639
635	655
635	665
635	671
635	674
635	679
635	686
635	689
635	690
635	692
635	825
636	191
636	463
636	493
636	510
636	552
636	556
636	563
636	574
636	585
636	593
636	598
636	620
636	628
636	639
636	643
636	646
636	654
636	666
636	667
636	670
636	684
636	694
637	167
637	492
637	498
637	502
637	538
637	561
637	564
637	572
637	573
637	599
637	627
637	634
637	635
637	638
637	652
637	655
637	665
637	671
637	679
637	690
637	692
637	873
638	374
638	502
638	504
638	525
638	542
638	576
638	586
638	613
638	634
638	635
638	637
638	644
638	647
638	654
638	655
638	665
638	672
638	674
638	686
638	690
638	692
638	949
639	392
639	475
639	493
639	495
639	509
639	510
639	517
639	562
639	577
639	589
639	620
639	621
639	623
639	632
639	635
639	636
639	654
639	658
639	663
639	666
639	667
639	681
639	684
640	178
640	339
640	488
640	518
640	520
640	525
640	526
640	527
640	528
640	530
640	598
640	607
640	619
640	622
640	625
640	645
640	656
640	664
640	672
640	685
640	686
640	694
640	695
641	410
641	508
641	522
641	551
641	559
641	572
641	580
641	582
641	587
641	598
641	610
641	617
641	618
641	626
641	644
641	645
641	651
641	658
641	678
641	687
641	689
641	863
641	976
642	496
642	558
642	569
642	592
642	598
642	606
642	622
642	631
642	632
642	633
642	648
642	656
642	657
642	660
642	664
642	670
642	681
642	682
642	693
642	696
642	792
642	830
642	907
643	514
643	541
643	552
643	556
643	560
643	581
643	584
643	589
643	614
643	617
643	620
643	621
643	636
643	646
643	647
643	650
643	654
643	662
643	663
643	666
643	684
643	692
643	855
643	889
644	14
644	80
644	496
644	523
644	560
644	565
644	570
644	574
644	580
644	585
644	587
644	591
644	593
644	597
644	598
644	610
644	622
644	638
644	641
644	654
644	658
644	687
644	689
644	694
645	241
645	502
645	518
645	528
645	534
645	546
645	554
645	566
645	575
645	589
645	592
645	607
645	611
645	614
645	619
645	625
645	640
645	641
645	657
645	669
645	672
645	683
645	685
645	731
646	506
646	510
646	547
646	552
646	554
646	562
646	567
646	581
646	583
646	614
646	623
646	636
646	643
646	654
646	662
646	663
646	666
646	667
646	670
646	679
646	684
646	686
646	854
646	909
647	197
647	203
647	377
647	495
647	532
647	544
647	548
647	585
647	592
647	601
647	614
647	638
647	643
647	650
647	662
647	675
647	676
647	678
647	680
647	688
647	691
647	694
647	696
647	697
648	416
648	510
648	517
648	531
648	558
648	562
648	626
648	630
648	631
648	642
648	653
648	656
648	664
648	667
648	668
648	671
648	673
648	675
648	682
648	683
648	691
648	693
648	695
648	982
649	169
649	501
649	506
649	514
649	524
649	548
649	550
649	561
649	566
649	579
649	584
649	586
649	594
649	595
649	599
649	616
649	632
649	651
649	658
649	669
649	671
649	673
649	693
649	814
650	125
650	144
650	477
650	493
650	501
650	504
650	508
650	600
650	609
650	643
650	647
650	659
650	661
650	669
650	676
650	677
650	678
650	680
650	688
650	691
650	693
650	694
650	695
650	696
651	365
651	491
651	494
651	516
651	534
651	550
651	561
651	564
651	571
651	586
651	594
651	595
651	599
651	603
651	610
651	613
651	616
651	632
651	641
651	649
651	661
651	669
651	673
651	695
652	495
652	506
652	515
652	537
652	553
652	574
652	576
652	589
652	606
652	634
652	637
652	655
652	670
652	674
652	679
652	682
652	686
652	687
652	690
652	691
652	692
652	695
652	697
652	837
652	966
653	232
653	475
653	496
653	505
653	507
653	512
653	523
653	533
653	584
653	622
653	633
653	648
653	656
653	659
653	661
653	664
653	668
653	671
653	680
653	682
653	686
653	693
653	695
653	697
653	849
654	347
654	364
654	493
654	499
654	517
654	589
654	604
654	614
654	615
654	620
654	623
654	636
654	638
654	639
654	643
654	644
654	646
654	658
654	662
654	666
654	667
654	668
654	684
654	690
654	807
655	190
655	218
655	286
655	499
655	504
655	537
655	542
655	556
655	561
655	568
655	576
655	626
655	630
655	634
655	635
655	637
655	638
655	652
655	665
655	674
655	679
655	686
655	690
655	692
655	696
656	51
656	145
656	201
656	496
656	503
656	534
656	539
656	541
656	566
656	568
656	571
656	601
656	604
656	640
656	642
656	648
656	653
656	660
656	668
656	670
656	675
656	681
656	682
656	694
656	695
656	696
657	191
657	277
657	497
657	513
657	523
657	557
657	565
657	568
657	604
657	608
657	612
657	618
657	624
657	629
657	630
657	631
657	642
657	645
657	660
657	668
657	670
657	671
657	676
657	682
657	693
657	695
658	54
658	81
658	540
658	547
658	551
658	560
658	570
658	574
658	588
658	591
658	598
658	605
658	608
658	617
658	624
658	639
658	641
658	644
658	649
658	654
658	667
658	683
658	687
658	689
658	693
658	696
659	67
659	521
659	539
659	548
659	552
659	561
659	578
659	583
659	588
659	600
659	601
659	609
659	610
659	621
659	625
659	627
659	650
659	653
659	661
659	675
659	676
659	679
659	688
659	696
659	697
659	929
660	289
660	465
660	520
660	531
660	538
660	561
660	589
660	630
660	631
660	633
660	642
660	656
660	657
660	664
660	665
660	668
660	670
660	671
660	680
660	681
660	682
660	683
660	686
660	693
660	695
660	697
661	556
661	588
661	596
661	597
661	601
661	602
661	608
661	615
661	629
661	650
661	651
661	653
661	659
661	672
661	675
661	676
661	678
661	680
661	684
661	691
661	694
661	695
661	696
661	697
661	797
661	968
662	223
662	460
662	510
662	514
662	516
662	517
662	556
662	588
662	589
662	614
662	620
662	621
662	623
662	643
662	646
662	647
662	654
662	663
662	666
662	667
662	671
662	672
662	679
662	684
662	693
662	694
662	826
663	499
663	509
663	514
663	520
663	537
663	548
663	562
663	563
663	567
663	576
663	589
663	606
663	614
663	620
663	623
663	639
663	643
663	646
663	662
663	666
663	667
663	674
663	684
663	686
663	727
663	896
663	974
664	68
664	194
664	412
664	522
664	544
664	545
664	549
664	579
664	590
664	604
664	619
664	624
664	625
664	626
664	627
664	630
664	633
664	640
664	642
664	648
664	653
664	660
664	671
664	683
664	689
664	693
664	695
664	697
665	155
665	472
665	504
665	506
665	511
665	512
665	553
665	572
665	573
665	576
665	577
665	589
665	597
665	634
665	635
665	637
665	638
665	655
665	660
665	670
665	674
665	677
665	679
665	682
665	686
665	690
665	692
665	934
666	514
666	517
666	550
666	552
666	562
666	577
666	581
666	614
666	619
666	620
666	623
666	624
666	636
666	639
666	643
666	646
666	654
666	662
666	663
666	667
666	669
666	684
666	692
666	695
666	697
666	812
666	904
666	921
667	200
667	259
667	474
667	499
667	517
667	518
667	526
667	549
667	556
667	563
667	567
667	589
667	596
667	620
667	621
667	623
667	636
667	639
667	646
667	648
667	654
667	658
667	662
667	663
667	666
667	671
667	681
667	684
668	129
668	396
668	521
668	536
668	539
668	555
668	558
668	559
668	571
668	590
668	604
668	617
668	630
668	633
668	648
668	653
668	654
668	656
668	657
668	660
668	669
668	671
668	675
668	677
668	681
668	682
668	683
668	693
668	820
669	201
669	278
669	353
669	494
669	507
669	513
669	516
669	524
669	528
669	550
669	561
669	564
669	573
669	579
669	584
669	586
669	593
669	595
669	599
669	603
669	613
669	616
669	632
669	645
669	649
669	650
669	651
669	666
669	668
669	673
670	7
670	299
670	453
670	505
670	531
670	534
670	536
670	557
670	558
670	565
670	567
670	587
670	590
670	593
670	601
670	636
670	642
670	646
670	652
670	656
670	657
670	660
670	665
670	671
670	681
670	682
670	683
670	686
670	688
670	693
670	695
671	421
671	496
671	497
671	509
671	522
671	523
671	533
671	554
671	568
671	579
671	622
671	623
671	635
671	637
671	648
671	649
671	653
671	657
671	660
671	662
671	664
671	667
671	668
671	670
671	679
671	681
671	683
671	689
671	693
671	695
671	738
671	810
672	96
672	384
672	418
672	497
672	502
672	503
672	518
672	526
672	528
672	529
672	530
672	532
672	535
672	546
672	555
672	566
672	569
672	575
672	602
672	607
672	611
672	619
672	623
672	625
672	638
672	640
672	645
672	661
672	662
672	676
672	681
672	685
673	137
673	164
673	413
673	494
673	495
673	501
673	512
673	516
673	524
673	526
673	528
673	542
673	550
673	561
673	564
673	567
673	579
673	582
673	584
673	586
673	594
673	595
673	596
673	599
673	616
673	625
673	632
673	648
673	649
673	651
673	669
673	696
673	721
674	118
674	197
674	203
674	495
674	504
674	506
674	511
674	521
674	537
674	542
674	552
674	553
674	563
674	564
674	576
674	578
674	595
674	597
674	606
674	613
674	614
674	634
674	635
674	638
674	652
674	655
674	663
674	665
674	684
674	686
674	690
674	692
674	695
675	165
675	515
675	519
675	530
675	541
675	577
675	578
675	596
675	599
675	612
675	615
675	620
675	627
675	629
675	647
675	648
675	656
675	659
675	661
675	668
675	676
675	677
675	680
675	681
675	682
675	686
675	688
675	691
675	694
675	696
675	697
675	823
675	828
676	165
676	186
676	258
676	508
676	529
676	534
676	548
676	577
676	583
676	596
676	601
676	603
676	606
676	607
676	615
676	616
676	629
676	634
676	647
676	650
676	657
676	659
676	661
676	672
676	675
676	677
676	680
676	681
676	688
676	691
676	694
676	696
676	697
677	358
677	428
677	498
677	500
677	518
677	519
677	536
677	544
677	568
677	577
677	578
677	588
677	594
677	600
677	609
677	615
677	628
677	629
677	650
677	665
677	668
677	675
677	676
677	678
677	680
677	683
677	684
677	689
677	691
677	694
677	696
677	697
677	742
677	747
678	147
678	341
678	496
678	500
678	506
678	519
678	541
678	577
678	581
678	583
678	596
678	600
678	604
678	609
678	612
678	614
678	628
678	629
678	641
678	647
678	650
678	661
678	677
678	679
678	680
678	683
678	684
678	685
678	688
678	691
678	694
678	696
678	697
678	739
679	281
679	457
679	495
679	498
679	506
679	515
679	537
679	538
679	539
679	552
679	553
679	573
679	576
679	597
679	613
679	627
679	632
679	634
679	635
679	637
679	646
679	652
679	655
679	659
679	662
679	665
679	671
679	678
679	686
679	687
679	690
679	692
679	750
679	865
680	157
680	394
680	505
680	521
680	541
680	544
680	548
680	578
680	583
680	588
680	592
680	602
680	609
680	611
680	613
680	622
680	625
680	631
680	647
680	650
680	653
680	660
680	661
680	675
680	676
680	677
680	678
680	682
680	683
680	688
680	692
680	694
680	697
680	722
681	497
681	523
681	524
681	531
681	536
681	539
681	557
681	565
681	579
681	581
681	590
681	593
681	621
681	622
681	627
681	629
681	631
681	639
681	642
681	656
681	660
681	667
681	668
681	670
681	671
681	672
681	675
681	676
681	682
681	683
681	693
681	695
681	757
681	822
681	839
682	355
682	361
682	497
682	531
682	534
682	535
682	545
682	549
682	571
682	592
682	604
682	612
682	630
682	631
682	633
682	634
682	642
682	648
682	652
682	653
682	656
682	657
682	660
682	665
682	668
682	670
682	675
682	680
682	681
682	683
682	685
682	688
682	693
682	695
682	718
682	982
683	266
683	482
683	507
683	519
683	523
683	529
683	531
683	534
683	536
683	549
683	557
683	568
683	570
683	590
683	593
683	603
683	604
683	622
683	626
683	630
683	645
683	648
683	658
683	660
683	664
683	668
683	670
683	671
683	677
683	678
683	680
683	681
683	682
683	687
683	692
683	695
683	770
684	443
684	453
684	493
684	499
684	508
684	517
684	552
684	556
684	562
684	563
684	567
684	581
684	591
684	600
684	601
684	612
684	614
684	620
684	621
684	623
684	636
684	639
684	643
684	646
684	654
684	661
684	662
684	663
684	666
684	667
684	674
684	677
684	678
684	688
684	697
684	887
684	947
685	152
685	431
685	502
685	503
685	515
685	518
685	520
685	522
685	525
685	526
685	527
685	528
685	529
685	530
685	532
685	540
685	543
685	546
685	554
685	566
685	569
685	575
685	607
685	610
685	619
685	620
685	624
685	625
685	634
685	640
685	645
685	672
685	678
685	682
685	691
685	693
685	697
685	850
686	133
686	428
686	459
686	494
686	495
686	498
686	504
686	511
686	515
686	524
686	538
686	542
686	558
686	573
686	575
686	576
686	597
686	606
686	613
686	622
686	634
686	635
686	638
686	640
686	646
686	652
686	653
686	655
686	660
686	663
686	665
686	670
686	674
686	675
686	679
686	690
686	692
686	787
687	148
687	192
687	417
687	533
687	540
687	545
687	547
687	551
687	559
687	560
687	570
687	572
687	573
687	580
687	582
687	583
687	585
687	587
687	591
687	596
687	598
687	605
687	608
687	610
687	615
687	617
687	618
687	624
687	627
687	641
687	644
687	652
687	658
687	679
687	683
687	689
687	690
687	985
688	32
688	481
688	500
688	501
688	505
688	535
688	548
688	553
688	577
688	583
688	591
688	596
688	601
688	602
688	603
688	605
688	609
688	613
688	615
688	627
688	628
688	629
688	647
688	650
688	659
688	670
688	675
688	676
688	678
688	680
688	682
688	684
688	690
688	691
688	694
688	696
688	697
688	801
688	852
689	383
689	488
689	516
689	537
689	540
689	547
689	551
689	559
689	560
689	570
689	571
689	572
689	574
689	576
689	580
689	582
689	585
689	587
689	591
689	598
689	605
689	608
689	610
689	617
689	618
689	624
689	627
689	630
689	634
689	635
689	641
689	644
689	658
689	664
689	671
689	677
689	687
689	694
689	832
689	983
690	431
690	492
690	495
690	498
690	506
690	508
690	511
690	515
690	519
690	537
690	538
690	542
690	547
690	553
690	557
690	560
690	566
690	573
690	576
690	597
690	599
690	606
690	613
690	621
690	632
690	634
690	635
690	637
690	638
690	652
690	654
690	655
690	665
690	674
690	679
690	686
690	687
690	688
690	692
690	816
690	962
690	973
691	138
691	353
691	437
691	452
691	494
691	496
691	498
691	500
691	508
691	520
691	521
691	523
691	535
691	536
691	538
691	548
691	558
691	578
691	592
691	600
691	601
691	602
691	609
691	611
691	612
691	620
691	627
691	628
691	629
691	647
691	648
691	650
691	652
691	661
691	675
691	676
691	677
691	678
691	685
691	688
691	694
691	696
691	697
692	366
692	387
692	455
692	492
692	495
692	498
692	504
692	506
692	511
692	515
692	530
692	533
692	537
692	538
692	542
692	545
692	553
692	559
692	560
692	573
692	576
692	586
692	597
692	606
692	613
692	628
692	633
692	634
692	635
692	637
692	638
692	643
692	652
692	655
692	665
692	666
692	674
692	679
692	680
692	683
692	686
692	690
692	695
692	846
693	42
693	128
693	496
693	497
693	505
693	507
693	509
693	515
693	518
693	522
693	533
693	544
693	557
693	571
693	580
693	581
693	586
693	593
693	604
693	619
693	622
693	626
693	630
693	633
693	642
693	648
693	649
693	650
693	653
693	657
693	658
693	660
693	662
693	664
693	668
693	670
693	671
693	681
693	682
693	685
693	695
693	696
693	841
693	996
694	44
694	207
694	356
694	432
694	497
694	500
694	503
694	519
694	521
694	536
694	544
694	571
694	573
694	577
694	583
694	588
694	592
694	596
694	600
694	601
694	609
694	612
694	616
694	627
694	636
694	640
694	644
694	647
694	650
694	656
694	661
694	662
694	675
694	676
694	677
694	678
694	680
694	688
694	689
694	691
694	695
694	696
694	697
694	805
695	386
695	430
695	475
695	483
695	497
695	509
695	517
695	523
695	531
695	534
695	536
695	543
695	549
695	558
695	565
695	568
695	578
695	583
695	590
695	593
695	604
695	615
695	622
695	625
695	630
695	633
695	640
695	648
695	650
695	651
695	652
695	653
695	656
695	657
695	660
695	661
695	664
695	666
695	670
695	671
695	674
695	681
695	682
695	683
695	692
695	693
695	694
696	34
696	107
696	263
696	407
696	497
696	508
696	511
696	519
696	521
696	535
696	541
696	543
696	547
696	548
696	550
696	552
696	577
696	578
696	588
696	592
696	600
696	601
696	602
696	612
696	615
696	623
696	627
696	628
696	629
696	633
696	642
696	647
696	650
696	655
696	656
696	658
696	659
696	661
696	673
696	675
696	676
696	677
696	678
696	688
696	691
696	693
696	694
696	697
697	6
697	426
697	500
697	508
697	510
697	519
697	521
697	525
697	535
697	541
697	563
697	570
697	571
697	577
697	583
697	588
697	592
697	596
697	600
697	602
697	614
697	615
697	627
697	628
697	629
697	630
697	647
697	652
697	653
697	659
697	660
697	661
697	664
697	666
697	675
697	676
697	677
697	678
697	680
697	684
697	685
697	688
697	691
697	694
697	696
697	818
697	975
697	993
698	336
698	747
698	757
698	761
698	771
698	799
698	830
698	839
698	841
698	848
699	131
699	707
699	714
699	767
699	779
699	799
699	814
699	843
699	851
700	65
700	741
700	752
700	769
700	804
700	810
700	834
700	843
700	848
700	851
701	746
701	761
701	789
701	821
701	822
701	823
701	841
701	848
701	851
701	881
702	80
702	714
702	828
702	834
702	838
702	839
702	843
702	846
702	847
702	850
703	298
703	726
703	749
703	771
703	813
703	815
703	820
703	823
703	837
703	844
704	109
704	710
704	786
704	792
704	805
704	830
704	840
704	845
704	851
704	853
705	44
705	708
705	791
705	807
705	829
705	831
705	842
705	844
705	846
705	848
706	553
706	748
706	762
706	819
706	822
706	834
706	836
706	838
706	846
706	849
707	419
707	699
707	758
707	790
707	810
707	816
707	842
707	846
707	851
707	853
708	441
708	705
708	758
708	795
708	817
708	821
708	827
708	835
708	837
708	847
709	436
709	715
709	779
709	782
709	822
709	835
709	839
709	841
709	844
709	849
710	222
710	704
710	712
710	731
710	756
710	765
710	780
710	820
710	825
710	834
710	851
711	121
711	432
711	731
711	751
711	763
711	809
711	814
711	827
711	840
711	845
711	853
712	412
712	710
712	732
712	774
712	780
712	781
712	833
712	842
712	845
712	848
712	852
713	304
713	808
713	813
713	828
713	831
713	837
713	840
713	844
713	848
713	852
713	853
714	491
714	699
714	702
714	763
714	777
714	790
714	828
714	834
714	836
714	843
714	852
715	129
715	709
715	760
715	765
715	791
715	822
715	824
715	837
715	838
715	850
715	852
716	382
716	770
716	771
716	772
716	778
716	802
716	809
716	812
716	820
716	843
716	850
717	88
717	763
717	764
717	773
717	787
717	790
717	798
717	807
717	815
717	816
717	819
718	682
718	728
718	772
718	784
718	796
718	831
718	832
718	840
718	843
718	851
718	853
719	74
719	767
719	783
719	786
719	811
719	815
719	820
719	832
719	834
719	851
719	852
720	592
720	725
720	767
720	770
720	779
720	783
720	817
720	824
720	843
720	851
720	853
721	673
721	725
721	764
721	775
721	793
721	817
721	826
721	840
721	845
721	851
721	853
722	680
722	729
722	761
722	775
722	786
722	814
722	829
722	836
722	844
722	846
722	849
723	632
723	755
723	799
723	803
723	828
723	832
723	835
723	837
723	838
723	845
723	846
724	280
724	742
724	765
724	778
724	799
724	805
724	824
724	830
724	838
724	843
724	847
725	479
725	720
725	721
725	753
725	774
725	811
725	828
725	840
725	843
725	852
725	853
726	328
726	703
726	733
726	773
726	777
726	815
726	818
726	820
726	824
726	832
726	852
727	663
727	760
727	794
727	799
727	804
727	815
727	823
727	825
727	838
727	844
727	848
728	532
728	718
728	745
728	755
728	782
728	813
728	817
728	819
728	836
728	839
728	844
728	846
729	722
729	733
729	782
729	805
729	821
729	827
729	831
729	836
729	847
729	848
729	849
729	992
730	734
730	748
730	793
730	801
730	806
730	808
730	813
730	817
730	818
730	833
730	845
730	998
731	645
731	710
731	711
731	744
731	753
731	772
731	818
731	829
731	830
731	834
731	845
731	851
732	20
732	437
732	712
732	747
732	757
732	816
732	822
732	824
732	828
732	833
732	842
732	852
733	547
733	726
733	729
733	740
733	774
733	793
733	799
733	817
733	823
733	825
733	833
733	842
734	156
734	730
734	748
734	776
734	781
734	798
734	805
734	807
734	830
734	851
734	852
734	884
735	199
735	745
735	782
735	804
735	805
735	811
735	822
735	833
735	839
735	844
735	847
735	910
736	427
736	771
736	779
736	783
736	801
736	815
736	818
736	829
736	833
736	841
736	844
736	845
737	195
737	778
737	804
737	820
737	825
737	827
737	836
737	837
737	846
737	850
737	852
737	853
738	671
738	749
738	792
738	793
738	824
738	826
738	835
738	841
738	842
738	844
738	847
738	848
739	327
739	678
739	745
739	754
739	768
739	774
739	785
739	815
739	818
739	848
739	851
739	852
740	413
740	733
740	742
740	776
740	787
740	797
740	814
740	825
740	827
740	828
740	838
740	839
741	491
741	700
741	773
741	778
741	782
741	800
741	810
741	826
741	840
741	844
741	845
741	853
742	677
742	724
742	740
742	750
742	785
742	787
742	808
742	809
742	813
742	835
742	849
742	850
743	60
743	777
743	797
743	799
743	803
743	804
743	820
743	827
743	835
743	839
743	847
743	853
744	731
744	759
744	802
744	813
744	820
744	822
744	835
744	847
744	848
744	849
744	850
744	852
744	986
745	481
745	728
745	735
745	739
745	756
745	788
745	807
745	819
745	821
745	835
745	836
745	840
745	850
746	442
746	452
746	701
746	747
746	756
746	770
746	776
746	809
746	823
746	831
746	833
746	836
746	853
747	192
747	677
747	698
747	732
747	746
747	821
747	825
747	836
747	838
747	841
747	848
747	849
747	852
748	82
748	706
748	730
748	734
748	749
748	756
748	768
748	782
748	787
748	829
748	842
748	844
748	852
749	703
749	738
749	748
749	765
749	801
749	823
749	827
749	831
749	841
749	842
749	845
749	991
749	1000
750	679
750	742
750	782
750	819
750	820
750	826
750	828
750	830
750	839
750	844
750	847
750	850
750	851
751	314
751	711
751	768
751	777
751	779
751	783
751	788
751	791
751	795
751	812
751	832
751	834
751	853
752	391
752	700
752	793
752	813
752	817
752	818
752	821
752	831
752	841
752	844
752	850
752	852
752	934
753	623
753	725
753	731
753	780
753	787
753	790
753	808
753	816
753	825
753	834
753	844
753	846
753	853
754	91
754	739
754	763
754	766
754	784
754	811
754	826
754	833
754	840
754	845
754	847
754	851
754	853
755	432
755	723
755	728
755	772
755	826
755	827
755	828
755	836
755	839
755	841
755	846
755	849
755	851
756	320
756	710
756	745
756	746
756	748
756	795
756	803
756	816
756	821
756	826
756	834
756	840
756	843
756	851
757	188
757	681
757	698
757	732
757	785
757	806
757	807
757	822
757	825
757	831
757	841
757	843
757	844
757	846
758	111
758	707
758	708
758	763
758	775
758	780
758	781
758	797
758	817
758	821
758	831
758	835
758	839
758	850
759	483
759	744
759	771
759	782
759	788
759	811
759	814
759	817
759	832
759	834
759	846
759	847
759	850
759	852
760	470
760	715
760	727
760	777
760	798
760	804
760	810
760	811
760	816
760	832
760	849
760	851
760	853
760	927
761	200
761	698
761	701
761	722
761	819
761	824
761	829
761	831
761	835
761	838
761	841
761	844
761	848
761	852
762	38
762	193
762	706
762	767
762	792
762	794
762	795
762	800
762	818
762	838
762	843
762	845
762	849
762	853
763	202
763	711
763	714
763	717
763	754
763	758
763	767
763	809
763	811
763	816
763	817
763	824
763	832
763	851
764	717
764	721
764	773
764	800
764	806
764	835
764	838
764	840
764	841
764	843
764	845
764	850
764	851
764	923
765	433
765	710
765	715
765	724
765	749
765	792
765	797
765	809
765	812
765	828
765	837
765	838
765	845
765	847
765	848
766	754
766	781
766	783
766	805
766	806
766	816
766	826
766	831
766	832
766	834
766	839
766	840
766	845
766	852
766	903
767	429
767	699
767	719
767	720
767	762
767	763
767	769
767	789
767	800
767	801
767	812
767	823
767	834
767	845
767	853
768	428
768	507
768	739
768	748
768	751
768	793
768	810
768	814
768	823
768	825
768	830
768	842
768	848
768	851
768	852
769	161
769	296
769	700
769	767
769	773
769	775
769	795
769	811
769	834
769	836
769	838
769	840
769	843
769	849
769	851
770	683
770	716
770	720
770	746
770	799
770	803
770	806
770	808
770	813
770	815
770	830
770	841
770	842
770	847
770	852
771	447
771	698
771	703
771	716
771	736
771	759
771	781
771	793
771	802
771	814
771	822
771	827
771	828
771	837
771	838
772	395
772	716
772	718
772	731
772	755
772	773
772	779
772	792
772	798
772	810
772	818
772	826
772	832
772	849
772	850
772	853
773	97
773	431
773	717
773	726
773	741
773	764
773	769
773	772
773	798
773	801
773	806
773	823
773	824
773	834
773	847
773	851
774	450
774	712
774	725
774	733
774	739
774	793
774	801
774	803
774	830
774	831
774	839
774	840
774	841
774	846
774	848
774	851
775	219
775	363
775	721
775	722
775	758
775	769
775	781
775	784
775	799
775	801
775	809
775	817
775	820
775	835
775	839
775	849
776	303
776	734
776	740
776	746
776	794
776	813
776	818
776	825
776	828
776	829
776	830
776	834
776	836
776	842
776	846
776	848
777	429
777	549
777	714
777	726
777	743
777	751
777	760
777	783
777	791
777	810
777	816
777	825
777	839
777	843
777	851
777	853
778	236
778	477
778	716
778	724
778	737
778	741
778	790
778	805
778	831
778	832
778	836
778	838
778	839
778	847
778	848
778	850
779	181
779	699
779	709
779	720
779	736
779	751
779	772
779	787
779	826
779	827
779	834
779	840
779	843
779	845
779	846
779	848
780	254
780	380
780	710
780	712
780	753
780	758
780	792
780	806
780	810
780	826
780	840
780	845
780	850
780	851
780	852
780	853
781	268
781	602
781	712
781	734
781	758
781	766
781	771
781	775
781	807
781	823
781	824
781	829
781	833
781	834
781	844
781	852
782	367
782	709
782	728
782	729
782	735
782	741
782	748
782	750
782	759
782	794
782	802
782	818
782	819
782	825
782	837
782	847
782	966
783	468
783	719
783	720
783	736
783	751
783	766
783	777
783	787
783	798
783	811
783	814
783	822
783	823
783	826
783	827
783	832
783	853
784	161
784	359
784	718
784	754
784	775
784	786
784	796
784	804
784	809
784	812
784	829
784	836
784	837
784	838
784	840
784	841
784	850
785	206
785	739
785	742
785	757
785	794
785	803
785	817
785	818
785	821
785	823
785	824
785	831
785	833
785	837
785	844
785	845
785	942
786	244
786	704
786	719
786	722
786	784
786	788
786	809
786	812
786	817
786	827
786	828
786	832
786	835
786	839
786	850
786	852
786	853
787	466
787	686
787	717
787	740
787	742
787	748
787	753
787	779
787	783
787	795
787	796
787	811
787	826
787	834
787	845
787	849
787	851
788	399
788	745
788	751
788	759
788	786
788	789
788	795
788	812
788	822
788	828
788	830
788	835
788	836
788	838
788	839
788	841
788	849
789	43
789	518
789	701
789	767
789	788
789	807
789	808
789	815
789	824
789	825
789	831
789	841
789	842
789	843
789	847
789	848
789	852
789	853
790	565
790	707
790	714
790	717
790	753
790	778
790	796
790	823
790	826
790	832
790	840
790	843
790	845
790	847
790	850
790	851
790	853
790	962
791	381
791	705
791	715
791	751
791	777
791	796
791	804
791	805
791	810
791	816
791	817
791	818
791	820
791	827
791	828
791	847
791	849
791	969
792	274
792	642
792	704
792	738
792	762
792	765
792	772
792	780
792	800
792	806
792	823
792	826
792	832
792	833
792	834
792	835
792	851
792	853
793	487
793	721
793	730
793	733
793	738
793	752
793	768
793	771
793	774
793	802
793	808
793	812
793	813
793	815
793	824
793	829
793	835
793	842
794	126
794	385
794	727
794	762
794	776
794	782
794	785
794	803
794	810
794	815
794	823
794	824
794	828
794	833
794	841
794	844
794	849
794	852
795	470
795	708
795	751
795	756
795	762
795	769
795	787
795	788
795	800
795	816
795	828
795	832
795	834
795	842
795	843
795	848
795	853
795	944
796	409
796	718
796	784
796	787
796	790
796	791
796	809
796	813
796	814
796	821
796	827
796	836
796	838
796	839
796	844
796	846
796	849
796	851
797	661
797	740
797	743
797	758
797	765
797	798
797	800
797	811
797	812
797	818
797	820
797	822
797	825
797	836
797	837
797	839
797	842
797	847
798	322
798	402
798	717
798	734
798	760
798	772
798	773
798	783
798	797
798	805
798	806
798	832
798	833
798	834
798	836
798	840
798	845
798	853
799	160
799	539
799	698
799	699
799	723
799	724
799	727
799	733
799	743
799	770
799	775
799	809
799	810
799	812
799	827
799	836
799	846
799	847
799	850
800	483
800	741
800	762
800	764
800	767
800	792
800	795
800	797
800	802
800	816
800	826
800	833
800	837
800	840
800	843
800	845
800	850
800	853
800	915
801	87
801	688
801	730
801	736
801	749
801	767
801	773
801	774
801	775
801	824
801	825
801	830
801	831
801	833
801	835
801	844
801	848
801	850
801	852
802	233
802	716
802	744
802	771
802	782
802	793
802	800
802	809
802	812
802	816
802	819
802	820
802	821
802	823
802	824
802	836
802	837
802	840
802	847
803	162
803	184
803	723
803	743
803	756
803	770
803	774
803	785
803	794
803	824
803	825
803	830
803	836
803	842
803	844
803	845
803	848
803	849
803	852
804	436
804	700
804	727
804	735
804	737
804	743
804	760
804	784
804	791
804	805
804	813
804	814
804	817
804	819
804	821
804	837
804	840
804	842
804	849
804	937
805	616
805	694
805	704
805	724
805	729
805	734
805	735
805	766
805	778
805	791
805	798
805	804
805	816
805	819
805	822
805	836
805	846
805	849
805	850
805	853
806	202
806	534
806	730
806	757
806	764
806	766
806	770
806	773
806	780
806	792
806	798
806	811
806	816
806	818
806	831
806	840
806	843
806	845
806	849
806	853
807	450
807	654
807	705
807	717
807	734
807	745
807	757
807	781
807	789
807	814
807	815
807	823
807	825
807	827
807	830
807	833
807	834
807	842
807	849
807	852
808	467
808	480
808	713
808	730
808	742
808	753
808	770
808	789
808	793
808	818
808	823
808	825
808	827
808	829
808	830
808	831
808	832
808	837
808	843
808	844
808	848
809	182
809	485
809	711
809	716
809	742
809	746
809	763
809	765
809	775
809	784
809	786
809	796
809	799
809	802
809	820
809	830
809	831
809	839
809	843
809	845
809	849
810	308
810	671
810	700
810	707
810	741
810	760
810	768
810	772
810	777
810	780
810	791
810	794
810	799
810	816
810	820
810	826
810	832
810	837
810	842
810	843
810	845
810	853
811	314
811	719
811	725
811	735
811	754
811	759
811	760
811	763
811	769
811	783
811	787
811	797
811	806
811	814
811	821
811	832
811	834
811	840
811	841
811	850
811	851
811	853
811	945
812	84
812	666
812	716
812	751
812	765
812	767
812	784
812	786
812	788
812	793
812	797
812	799
812	802
812	820
812	822
812	824
812	826
812	827
812	835
812	837
812	840
812	847
812	852
812	922
813	131
813	703
813	713
813	728
813	730
813	742
813	744
813	752
813	770
813	776
813	793
813	796
813	804
813	815
813	818
813	823
813	825
813	829
813	831
813	835
813	841
813	842
813	853
813	970
814	164
814	463
814	649
814	699
814	711
814	722
814	740
814	759
814	768
814	771
814	783
814	796
814	804
814	807
814	811
814	817
814	821
814	824
814	827
814	835
814	837
814	838
814	846
814	847
814	849
814	850
815	198
815	387
815	490
815	703
815	717
815	719
815	726
815	727
815	736
815	739
815	770
815	789
815	793
815	794
815	807
815	813
815	828
815	829
815	833
815	834
815	837
815	838
815	839
815	841
815	847
815	852
816	339
816	690
816	707
816	717
816	732
816	753
816	756
816	760
816	763
816	766
816	777
816	791
816	795
816	800
816	802
816	805
816	806
816	810
816	822
816	826
816	829
816	836
816	840
816	843
816	850
816	853
817	427
817	618
817	708
817	720
817	721
817	728
817	730
817	733
817	752
817	758
817	759
817	763
817	775
817	785
817	786
817	791
817	804
817	814
817	826
817	827
817	838
817	839
817	846
817	847
817	849
817	850
818	697
818	726
818	730
818	731
818	736
818	739
818	752
818	762
818	772
818	776
818	782
818	785
818	791
818	797
818	806
818	808
818	813
818	820
818	826
818	829
818	833
818	841
818	842
818	844
818	848
818	852
818	994
819	146
819	262
819	706
819	717
819	728
819	745
819	750
819	761
819	782
819	802
819	804
819	805
819	824
819	825
819	826
819	828
819	835
819	836
819	837
819	839
819	840
819	842
819	844
819	846
819	848
819	849
819	850
819	886
820	449
820	668
820	703
820	710
820	716
820	719
820	726
820	737
820	743
820	744
820	750
820	775
820	791
820	797
820	802
820	809
820	810
820	812
820	818
820	821
820	822
820	827
820	828
820	830
820	835
820	841
820	847
820	850
820	939
821	347
821	478
821	496
821	701
821	708
821	729
821	745
821	747
821	752
821	756
821	758
821	785
821	796
821	802
821	804
821	811
821	814
821	820
821	822
821	835
821	836
821	837
821	838
821	840
821	841
821	843
821	846
821	849
821	850
822	299
822	499
822	681
822	701
822	706
822	709
822	715
822	732
822	735
822	744
822	757
822	771
822	783
822	788
822	797
822	805
822	812
822	816
822	820
822	821
822	826
822	827
822	835
822	837
822	838
822	842
822	843
822	846
822	848
822	849
823	591
823	675
823	701
823	703
823	727
823	733
823	746
823	749
823	767
823	768
823	773
823	781
823	783
823	785
823	790
823	792
823	794
823	802
823	807
823	808
823	813
823	825
823	829
823	830
823	832
823	836
823	838
823	842
823	847
823	848
823	935
824	438
824	482
824	565
824	715
824	720
824	724
824	726
824	732
824	738
824	761
824	763
824	773
824	781
824	785
824	789
824	793
824	794
824	801
824	802
824	803
824	812
824	814
824	819
824	825
824	830
824	831
824	833
824	841
824	842
824	848
824	852
825	183
825	635
825	710
825	727
825	733
825	737
825	740
825	747
825	753
825	757
825	768
825	776
825	777
825	782
825	789
825	797
825	801
825	803
825	807
825	808
825	813
825	819
825	823
825	824
825	829
825	841
825	844
825	848
825	851
825	852
825	977
826	98
826	477
826	662
826	721
826	738
826	741
826	750
826	754
826	755
826	756
826	766
826	772
826	779
826	780
826	783
826	787
826	790
826	792
826	800
826	810
826	812
826	816
826	817
826	818
826	819
826	822
826	829
826	843
826	845
826	851
826	853
827	114
827	186
827	341
827	708
827	711
827	729
827	737
827	740
827	743
827	749
827	755
827	771
827	779
827	783
827	786
827	791
827	796
827	799
827	807
827	808
827	812
827	814
827	817
827	820
827	822
827	828
827	833
827	834
827	842
827	849
827	850
828	27
828	251
828	675
828	702
828	713
828	714
828	723
828	725
828	732
828	740
828	750
828	755
828	765
828	771
828	776
828	786
828	788
828	791
828	794
828	795
828	815
828	819
828	820
828	827
828	835
828	837
828	839
828	842
828	844
828	847
828	849
829	371
829	470
829	705
829	722
829	731
829	736
829	748
829	761
829	776
829	781
829	784
829	793
829	808
829	813
829	815
829	816
829	818
829	823
829	825
829	826
829	830
829	831
829	832
829	835
829	837
829	841
829	842
829	844
829	847
829	852
829	994
830	462
830	480
830	642
830	698
830	704
830	724
830	731
830	734
830	750
830	768
830	770
830	774
830	776
830	788
830	801
830	803
830	807
830	808
830	809
830	820
830	823
830	824
830	829
830	831
830	833
830	840
830	842
830	844
830	848
830	850
830	851
830	852
831	455
831	480
831	705
831	713
831	718
831	729
831	746
831	749
831	752
831	757
831	758
831	761
831	766
831	774
831	778
831	785
831	789
831	801
831	806
831	808
831	809
831	813
831	824
831	829
831	830
831	833
831	835
831	837
831	842
831	847
831	848
831	852
831	954
832	184
832	291
832	689
832	718
832	719
832	723
832	726
832	751
832	759
832	760
832	763
832	766
832	772
832	778
832	783
832	786
832	790
832	792
832	795
832	798
832	808
832	810
832	811
832	823
832	829
832	834
832	839
832	840
832	843
832	845
832	847
832	853
832	932
833	147
833	467
833	519
833	712
833	730
833	732
833	733
833	735
833	736
833	746
833	754
833	781
833	785
833	792
833	794
833	798
833	800
833	801
833	807
833	815
833	818
833	824
833	827
833	830
833	831
833	835
833	841
833	842
833	844
833	849
833	850
833	852
833	853
833	996
834	110
834	237
834	330
834	700
834	702
834	706
834	710
834	714
834	719
834	731
834	751
834	753
834	756
834	759
834	766
834	767
834	769
834	773
834	776
834	779
834	781
834	787
834	792
834	795
834	798
834	807
834	811
834	815
834	827
834	832
834	843
834	844
834	845
834	846
835	188
835	190
835	620
835	708
835	709
835	723
835	738
835	742
835	743
835	744
835	745
835	758
835	761
835	764
835	775
835	786
835	788
835	792
835	793
835	801
835	812
835	813
835	814
835	819
835	820
835	821
835	822
835	828
835	829
835	831
835	833
835	838
835	846
835	847
836	422
836	564
836	598
836	615
836	706
836	714
836	722
836	728
836	729
836	737
836	745
836	746
836	747
836	755
836	769
836	776
836	778
836	784
836	788
836	796
836	797
836	798
836	799
836	802
836	803
836	805
836	816
836	819
836	821
836	823
836	838
836	846
836	850
836	852
837	177
837	379
837	652
837	703
837	708
837	713
837	715
837	723
837	737
837	765
837	771
837	782
837	784
837	785
837	797
837	800
837	802
837	804
837	808
837	810
837	812
837	814
837	815
837	819
837	821
837	822
837	828
837	829
837	831
837	845
837	846
837	847
837	849
837	850
837	851
838	143
838	523
838	599
838	702
838	706
838	715
838	723
838	724
838	727
838	740
838	747
838	761
838	762
838	764
838	765
838	769
838	771
838	778
838	784
838	788
838	796
838	814
838	815
838	817
838	821
838	822
838	823
838	835
838	836
838	845
838	846
838	847
838	848
838	849
838	850
838	853
839	265
839	454
839	681
839	698
839	702
839	709
839	728
839	735
839	740
839	743
839	750
839	755
839	758
839	766
839	774
839	775
839	777
839	778
839	786
839	788
839	796
839	797
839	809
839	815
839	817
839	819
839	828
839	832
839	841
839	842
839	844
839	845
839	846
839	849
839	850
839	929
840	136
840	255
840	360
840	704
840	711
840	713
840	718
840	721
840	725
840	741
840	745
840	754
840	756
840	764
840	766
840	769
840	774
840	779
840	780
840	784
840	790
840	798
840	800
840	802
840	804
840	806
840	811
840	812
840	816
840	819
840	821
840	830
840	832
840	845
840	851
840	995
841	351
841	383
841	634
841	693
841	698
841	701
841	709
841	736
841	738
841	747
841	749
841	752
841	755
841	757
841	761
841	764
841	770
841	774
841	784
841	788
841	789
841	794
841	811
841	813
841	815
841	818
841	820
841	821
841	824
841	825
841	829
841	833
841	839
841	842
841	843
841	848
841	849
842	85
842	177
842	471
842	705
842	707
842	712
842	732
842	733
842	738
842	748
842	749
842	768
842	770
842	776
842	789
842	793
842	795
842	797
842	803
842	804
842	807
842	810
842	813
842	818
842	819
842	822
842	823
842	824
842	827
842	828
842	829
842	830
842	831
842	833
842	839
842	841
842	846
842	991
843	540
843	597
843	603
843	699
843	700
843	702
843	714
843	716
843	718
843	720
843	724
843	725
843	756
843	757
843	762
843	764
843	769
843	777
843	779
843	789
843	790
843	795
843	800
843	806
843	808
843	809
843	810
843	816
843	821
843	822
843	826
843	832
843	834
843	841
843	845
843	846
843	847
843	851
843	948
844	400
844	449
844	703
844	705
844	709
844	713
844	722
844	727
844	728
844	735
844	736
844	738
844	741
844	748
844	750
844	752
844	753
844	757
844	761
844	781
844	785
844	794
844	796
844	801
844	803
844	808
844	818
844	819
844	825
844	828
844	829
844	830
844	833
844	834
844	839
844	848
844	852
844	905
844	959
845	297
845	575
845	704
845	711
845	712
845	721
845	723
845	730
845	731
845	736
845	741
845	749
845	754
845	762
845	764
845	765
845	766
845	767
845	779
845	780
845	785
845	787
845	790
845	798
845	800
845	803
845	806
845	809
845	810
845	826
845	832
845	834
845	837
845	838
845	839
845	840
845	843
845	851
845	976
845	998
846	435
846	692
846	702
846	705
846	706
846	707
846	722
846	723
846	728
846	737
846	753
846	755
846	757
846	759
846	774
846	776
846	779
846	796
846	799
846	805
846	814
846	817
846	819
846	821
846	822
846	834
846	835
846	836
846	837
846	838
846	839
846	842
846	843
846	847
846	849
846	850
846	851
846	853
846	878
846	913
846	960
847	203
847	300
847	443
847	599
847	702
847	708
847	724
847	729
847	735
847	738
847	743
847	744
847	750
847	754
847	759
847	765
847	770
847	773
847	778
847	782
847	789
847	790
847	791
847	797
847	799
847	802
847	812
847	814
847	815
847	817
847	820
847	823
847	828
847	829
847	831
847	832
847	835
847	837
847	838
847	843
847	846
848	145
848	357
848	374
848	398
848	698
848	700
848	701
848	705
848	712
848	713
848	727
848	729
848	738
848	739
848	744
848	747
848	761
848	765
848	768
848	774
848	776
848	778
848	779
848	789
848	795
848	801
848	803
848	808
848	818
848	819
848	822
848	823
848	824
848	825
848	830
848	831
848	838
848	841
848	844
848	851
848	852
848	853
849	132
849	184
849	257
849	653
849	706
849	709
849	722
849	729
849	742
849	744
849	747
849	755
849	760
849	762
849	769
849	772
849	775
849	787
849	788
849	791
849	794
849	796
849	803
849	804
849	805
849	806
849	807
849	809
849	814
849	817
849	819
849	821
849	822
849	827
849	828
849	833
849	837
849	838
849	839
849	841
849	846
849	850
849	853
850	11
850	193
850	214
850	550
850	685
850	702
850	715
850	716
850	737
850	742
850	744
850	745
850	750
850	752
850	758
850	759
850	764
850	772
850	778
850	780
850	784
850	786
850	790
850	799
850	800
850	801
850	805
850	811
850	814
850	816
850	817
850	819
850	820
850	821
850	827
850	830
850	833
850	836
850	837
850	838
850	839
850	846
850	849
850	852
850	853
851	238
851	409
851	418
851	448
851	699
851	700
851	701
851	704
851	707
851	710
851	718
851	719
851	720
851	721
851	731
851	734
851	739
851	750
851	754
851	755
851	756
851	760
851	763
851	764
851	768
851	769
851	773
851	774
851	777
851	780
851	787
851	790
851	792
851	796
851	811
851	825
851	826
851	830
851	837
851	840
851	843
851	845
851	846
851	848
851	852
851	853
852	70
852	367
852	463
852	688
852	712
852	713
852	714
852	715
852	719
852	725
852	726
852	732
852	734
852	737
852	739
852	744
852	747
852	748
852	752
852	759
852	761
852	766
852	768
852	770
852	780
852	781
852	786
852	789
852	794
852	801
852	803
852	807
852	812
852	815
852	818
852	824
852	825
852	829
852	830
852	831
852	833
852	836
852	844
852	848
852	850
852	851
853	345
853	490
853	572
853	626
853	704
853	707
853	711
853	713
853	718
853	720
853	721
853	725
853	737
853	741
853	743
853	746
853	751
853	753
853	754
853	760
853	762
853	767
853	772
853	777
853	780
853	783
853	786
853	789
853	790
853	792
853	795
853	798
853	800
853	805
853	806
853	810
853	811
853	813
853	816
853	826
853	832
853	833
853	838
853	846
853	848
853	849
853	850
853	851
854	646
854	876
854	884
854	888
854	906
854	946
854	973
854	987
854	991
854	992
855	643
855	932
855	946
855	970
855	978
855	979
855	987
855	988
855	998
855	1000
856	302
856	899
856	914
856	941
856	944
856	951
856	957
856	983
856	990
856	1000
857	459
857	918
857	942
857	953
857	957
857	959
857	963
857	966
857	967
857	995
858	17
858	943
858	956
858	960
858	968
858	976
858	985
858	989
858	992
858	1000
859	435
859	923
859	937
859	948
859	952
859	972
859	974
859	976
859	992
859	997
860	435
860	866
860	893
860	919
860	926
860	959
860	966
860	982
860	987
860	995
861	622
861	883
861	894
861	914
861	938
861	971
861	986
861	987
861	988
861	994
862	175
862	874
862	915
862	937
862	938
862	944
862	945
862	957
862	980
862	996
863	641
863	872
863	922
863	930
863	961
863	971
863	993
863	995
863	998
863	1000
864	483
864	867
864	913
864	936
864	950
864	965
864	971
864	975
864	976
864	995
865	679
865	875
865	905
865	909
865	918
865	920
865	933
865	963
865	967
865	995
866	193
866	860
866	910
866	935
866	959
866	961
866	982
866	988
866	993
866	995
867	116
867	864
867	895
867	929
867	934
867	949
867	978
867	979
867	981
867	991
868	610
868	879
868	902
868	935
868	948
868	951
868	989
868	991
868	995
868	999
869	500
869	917
869	941
869	953
869	958
869	960
869	983
869	989
869	994
869	999
869	1000
870	165
870	885
870	889
870	902
870	941
870	957
870	962
870	973
870	984
870	997
870	998
871	287
871	889
871	925
871	936
871	961
871	962
871	967
871	982
871	984
871	993
871	995
872	331
872	863
872	908
872	912
872	963
872	967
872	982
872	986
872	993
872	995
872	996
873	637
873	887
873	906
873	917
873	958
873	962
873	980
873	985
873	994
873	997
873	999
874	469
874	862
874	888
874	943
874	950
874	991
874	992
874	994
874	995
874	999
874	1000
875	196
875	865
875	881
875	899
875	943
875	954
875	983
875	986
875	989
875	999
875	1000
876	548
876	854
876	901
876	916
876	929
876	935
876	938
876	953
876	969
876	971
876	997
877	560
877	917
877	950
877	951
877	969
877	977
877	978
877	986
877	990
877	997
877	999
878	846
878	892
878	909
878	919
878	931
878	938
878	963
878	966
878	990
878	993
878	995
879	143
879	868
879	931
879	933
879	962
879	965
879	975
879	976
879	984
879	986
879	994
880	423
880	919
880	931
880	940
880	963
880	968
880	970
880	982
880	983
880	993
880	995
881	701
881	875
881	901
881	928
881	965
881	974
881	975
881	977
881	985
881	987
881	999
882	175
882	901
882	915
882	929
882	936
882	945
882	953
882	964
882	970
882	978
882	979
882	987
883	197
883	861
883	908
883	919
883	924
883	934
883	960
883	974
883	976
883	977
883	997
883	1000
884	734
884	854
884	890
884	928
884	932
884	933
884	946
884	968
884	970
884	987
884	998
884	999
885	348
885	870
885	938
885	939
885	940
885	945
885	956
885	961
885	975
885	986
885	996
885	998
886	819
886	900
886	924
886	939
886	951
886	956
886	959
886	972
886	981
886	988
886	992
886	1000
887	684
887	873
887	891
887	904
887	922
887	927
887	940
887	943
887	976
887	985
887	997
887	998
888	149
888	854
888	874
888	946
888	947
888	953
888	968
888	969
888	978
888	979
888	987
888	988
889	643
889	870
889	871
889	909
889	919
889	959
889	967
889	969
889	982
889	993
889	995
889	1000
890	319
890	884
890	910
890	935
890	949
890	952
890	968
890	970
890	977
890	978
890	979
890	987
890	1000
891	2
891	191
891	887
891	894
891	914
891	923
891	927
891	957
891	960
891	981
891	994
891	999
891	1000
892	208
892	878
892	913
892	926
892	940
892	944
892	963
892	971
892	973
892	977
892	980
892	990
892	992
893	31
893	860
893	919
893	924
893	936
893	941
893	945
893	960
893	962
893	970
893	971
893	974
893	988
894	58
894	861
894	891
894	909
894	917
894	922
894	948
894	964
894	972
894	981
894	992
894	994
894	996
895	311
895	867
895	903
895	911
895	929
895	930
895	949
895	953
895	967
895	970
895	979
895	987
895	1000
896	371
896	663
896	917
896	936
896	943
896	956
896	977
896	982
896	989
896	994
896	996
896	998
896	999
897	217
897	930
897	948
897	957
897	972
897	984
897	985
897	990
897	991
897	992
897	993
897	996
897	1000
898	418
898	912
898	922
898	928
898	951
898	955
898	957
898	960
898	976
898	977
898	983
898	989
898	994
898	996
899	575
899	856
899	875
899	913
899	934
899	942
899	945
899	946
899	950
899	955
899	964
899	981
899	990
899	991
900	287
900	886
900	949
900	955
900	963
900	967
900	968
900	971
900	983
900	991
900	992
900	994
900	999
900	1000
901	378
901	876
901	881
901	882
901	934
901	939
901	946
901	949
901	968
901	970
901	978
901	985
901	987
901	999
902	142
902	868
902	870
902	933
902	956
902	979
902	981
902	983
902	991
902	992
902	994
902	996
902	997
902	1000
903	487
903	766
903	895
903	913
903	915
903	921
903	922
903	933
903	940
903	974
903	986
903	991
903	993
903	999
904	666
904	887
904	905
904	909
904	941
904	959
904	961
904	963
904	966
904	982
904	983
904	992
904	993
904	995
905	18
905	844
905	865
905	904
905	907
905	928
905	959
905	961
905	966
905	973
905	974
905	984
905	993
905	995
906	425
906	854
906	873
906	911
906	926
906	932
906	953
906	955
906	968
906	970
906	974
906	978
906	979
906	987
907	642
907	905
907	918
907	951
907	958
907	961
907	963
907	966
907	967
907	980
907	982
907	983
907	993
907	995
908	185
908	872
908	883
908	922
908	924
908	944
908	945
908	946
908	965
908	982
908	988
908	994
908	995
908	997
908	998
909	646
909	865
909	878
909	889
909	894
909	904
909	931
909	937
909	961
909	962
909	982
909	988
909	993
909	995
909	997
910	735
910	866
910	890
910	927
910	928
910	939
910	942
910	951
910	958
910	970
910	971
910	984
910	986
910	988
910	998
911	65
911	471
911	895
911	906
911	918
911	935
911	938
911	953
911	954
911	968
911	970
911	978
911	980
911	983
911	987
912	184
912	382
912	872
912	898
912	932
912	947
912	969
912	973
912	978
912	983
912	989
912	990
912	996
912	999
912	1000
913	338
913	846
913	864
913	892
913	899
913	903
913	916
913	952
913	962
913	964
913	965
913	972
913	988
913	995
913	998
914	89
914	856
914	861
914	891
914	922
914	926
914	927
914	969
914	971
914	973
914	975
914	985
914	997
914	998
914	999
915	147
915	800
915	862
915	882
915	903
915	937
915	941
915	954
915	973
915	977
915	985
915	989
915	995
915	996
915	998
916	325
916	876
916	913
916	929
916	932
916	935
916	946
916	951
916	953
916	954
916	962
916	970
916	978
916	979
916	998
917	115
917	869
917	873
917	877
917	894
917	896
917	922
917	923
917	959
917	986
917	990
917	991
917	996
917	999
917	1000
918	95
918	446
918	857
918	865
918	907
918	911
918	930
918	955
918	959
918	961
918	966
918	980
918	982
918	991
918	993
918	995
919	455
919	491
919	860
919	878
919	880
919	883
919	889
919	893
919	926
919	930
919	943
919	963
919	966
919	992
919	993
919	995
920	146
920	865
920	927
920	928
920	933
920	944
920	947
920	960
920	964
920	967
920	983
920	984
920	986
920	988
920	997
920	998
921	609
921	666
921	903
921	924
921	925
921	926
921	937
921	946
921	954
921	960
921	964
921	977
921	984
921	986
921	988
921	999
922	812
922	863
922	887
922	894
922	898
922	903
922	908
922	914
922	917
922	952
922	964
922	977
922	980
922	984
922	986
922	994
923	151
923	764
923	859
923	891
923	917
923	944
923	949
923	952
923	961
923	965
923	974
923	980
923	984
923	986
923	989
923	998
924	248
924	883
924	886
924	893
924	908
924	921
924	950
924	962
924	964
924	967
924	969
924	980
924	984
924	986
924	989
924	998
925	345
925	871
925	921
925	939
925	950
925	952
925	955
925	964
925	971
925	976
925	978
925	980
925	984
925	985
925	997
925	999
926	419
926	479
926	860
926	892
926	906
926	914
926	919
926	921
926	935
926	958
926	965
926	976
926	977
926	986
926	988
926	997
927	156
927	760
927	887
927	891
927	910
927	914
927	920
927	933
927	941
927	955
927	959
927	970
927	976
927	979
927	985
927	998
928	77
928	180
928	881
928	884
928	898
928	905
928	910
928	920
928	944
928	955
928	964
928	971
928	984
928	985
928	986
928	997
928	1000
929	659
929	839
929	867
929	876
929	882
929	895
929	916
929	934
929	937
929	946
929	947
929	965
929	968
929	969
929	978
929	979
929	984
930	168
930	323
930	863
930	895
930	897
930	918
930	919
930	959
930	961
930	964
930	966
930	967
930	982
930	987
930	990
930	993
930	995
931	293
931	517
931	878
931	879
931	880
931	909
931	942
931	955
931	957
931	959
931	963
931	966
931	967
931	972
931	982
931	993
931	995
932	832
932	855
932	884
932	906
932	912
932	916
932	934
932	940
932	953
932	959
932	963
932	965
932	968
932	970
932	973
932	978
932	987
933	434
933	865
933	879
933	884
933	902
933	903
933	920
933	927
933	939
933	956
933	962
933	965
933	973
933	978
933	986
933	994
933	997
934	665
934	752
934	867
934	883
934	899
934	901
934	929
934	932
934	935
934	937
934	938
934	946
934	949
934	968
934	979
934	980
934	987
934	999
935	99
935	823
935	866
935	868
935	876
935	890
935	911
935	916
935	926
935	934
935	945
935	949
935	962
935	968
935	975
935	978
935	979
935	987
936	61
936	490
936	864
936	871
936	882
936	893
936	896
936	941
936	951
936	958
936	962
936	965
936	975
936	980
936	984
936	986
936	997
936	1000
937	804
937	859
937	862
937	909
937	915
937	921
937	929
937	934
937	962
937	963
937	964
937	965
937	971
937	973
937	974
937	977
937	998
937	1000
938	10
938	515
938	861
938	862
938	876
938	878
938	885
938	911
938	934
938	945
938	952
938	965
938	986
938	988
938	992
938	997
938	998
938	1000
939	16
939	820
939	885
939	886
939	901
939	910
939	925
939	933
939	958
939	962
939	972
939	973
939	978
939	983
939	984
939	988
939	996
939	997
939	998
940	45
940	448
940	880
940	885
940	887
940	892
940	903
940	932
940	944
940	945
940	946
940	958
940	974
940	979
940	984
940	985
940	994
940	996
940	998
941	413
941	478
941	856
941	869
941	870
941	893
941	904
941	915
941	927
941	936
941	945
941	948
941	950
941	962
941	964
941	975
941	984
941	992
941	998
942	295
942	785
942	857
942	899
942	910
942	931
942	947
942	948
942	952
942	955
942	956
942	958
942	960
942	981
942	983
942	987
942	989
942	990
942	992
942	1000
943	189
943	193
943	858
943	874
943	875
943	887
943	896
943	919
943	947
943	953
943	967
943	975
943	983
943	985
943	990
943	991
943	994
943	996
943	999
943	1000
944	253
944	795
944	856
944	862
944	892
944	908
944	920
944	923
944	928
944	940
944	947
944	961
944	962
944	973
944	976
944	991
944	992
944	997
944	998
944	1000
945	150
945	811
945	862
945	882
945	885
945	893
945	899
945	908
945	935
945	938
945	940
945	941
945	956
945	971
945	975
945	977
945	979
945	988
945	995
945	997
946	126
946	252
946	854
946	855
946	884
946	888
946	899
946	901
946	908
946	916
946	921
946	929
946	934
946	940
946	968
946	975
946	978
946	979
946	986
946	987
947	187
947	684
947	888
947	912
947	920
947	929
947	942
947	943
947	944
947	948
947	951
947	956
947	965
947	969
947	972
947	981
947	989
947	991
947	994
947	996
947	998
948	462
948	843
948	859
948	868
948	894
948	897
948	941
948	942
948	947
948	949
948	954
948	955
948	956
948	976
948	982
948	984
948	989
948	994
948	996
948	999
948	1000
949	368
949	638
949	867
949	890
949	895
949	900
949	901
949	923
949	934
949	935
949	948
949	953
949	966
949	968
949	970
949	977
949	978
949	979
949	981
949	987
949	997
950	473
950	533
950	864
950	874
950	877
950	899
950	924
950	925
950	941
950	953
950	955
950	969
950	972
950	981
950	988
950	989
950	990
950	994
950	996
950	998
950	999
951	408
951	447
951	856
951	868
951	877
951	886
951	898
951	907
951	910
951	916
951	936
951	947
951	954
951	956
951	957
951	974
951	990
951	992
951	997
951	999
951	1000
952	337
952	597
952	859
952	890
952	913
952	922
952	923
952	925
952	938
952	942
952	958
952	968
952	974
952	977
952	980
952	984
952	988
952	990
952	995
952	996
952	997
953	472
953	608
953	857
953	869
953	876
953	882
953	888
953	895
953	906
953	911
953	916
953	932
953	943
953	949
953	950
953	968
953	970
953	979
953	987
953	988
953	990
954	234
954	831
954	875
954	911
954	915
954	916
954	921
954	948
954	951
954	960
954	974
954	981
954	984
954	985
954	989
954	990
954	991
954	992
954	994
954	996
954	999
954	1000
955	388
955	482
955	898
955	899
955	900
955	906
955	918
955	925
955	927
955	928
955	931
955	942
955	948
955	950
955	969
955	972
955	979
955	990
955	991
955	992
955	996
955	999
955	1000
956	120
956	491
956	858
956	885
956	886
956	896
956	902
956	933
956	942
956	945
956	947
956	948
956	951
956	965
956	972
956	987
956	988
956	990
956	994
956	996
956	998
956	999
956	1000
957	198
957	540
957	856
957	857
957	862
957	870
957	891
957	897
957	898
957	931
957	951
957	960
957	970
957	972
957	981
957	983
957	985
957	989
957	991
957	996
957	997
957	999
957	1000
958	201
958	600
958	869
958	873
958	907
958	910
958	926
958	936
958	939
958	940
958	942
958	952
958	964
958	973
958	974
958	976
958	983
958	988
958	989
958	993
958	997
958	998
958	999
959	352
959	844
959	857
959	860
959	866
959	886
959	889
959	904
959	905
959	917
959	918
959	927
959	930
959	931
959	932
959	963
959	967
959	980
959	982
959	989
959	992
959	993
959	995
960	292
960	846
960	858
960	869
960	883
960	891
960	893
960	898
960	920
960	921
960	942
960	954
960	957
960	961
960	963
960	969
960	972
960	976
960	980
960	983
960	992
960	994
960	996
960	1000
961	71
961	91
961	863
961	866
961	871
961	885
961	904
961	905
961	907
961	909
961	918
961	923
961	930
961	944
961	960
961	963
961	966
961	967
961	981
961	982
961	986
961	993
961	995
961	997
962	690
962	790
962	870
962	871
962	873
962	879
962	893
962	909
962	913
962	916
962	924
962	933
962	935
962	936
962	937
962	939
962	941
962	944
962	965
962	976
962	981
962	985
962	989
962	995
963	47
963	64
963	151
963	857
963	865
963	872
963	878
963	880
963	892
963	900
963	904
963	907
963	919
963	931
963	932
963	937
963	959
963	960
963	961
963	982
963	993
963	995
963	996
963	999
964	168
964	256
964	882
964	894
964	899
964	913
964	920
964	921
964	922
964	924
964	925
964	928
964	930
964	937
964	941
964	958
964	969
964	970
964	973
964	975
964	977
964	986
964	990
964	998
964	1000
965	307
965	529
965	864
965	879
965	881
965	908
965	913
965	923
965	926
965	929
965	932
965	933
965	936
965	937
965	938
965	947
965	956
965	962
965	969
965	973
965	975
965	977
965	993
965	994
965	997
966	305
966	652
966	782
966	857
966	860
966	878
966	904
966	905
966	907
966	918
966	919
966	930
966	931
966	949
966	961
966	967
966	973
966	982
966	986
966	989
966	990
966	991
966	993
966	995
966	997
967	481
967	585
967	630
967	857
967	865
967	871
967	872
967	889
967	895
967	900
967	907
967	920
967	924
967	930
967	931
967	943
967	959
967	961
967	966
967	968
967	974
967	980
967	982
967	993
967	995
968	343
968	661
968	858
968	880
968	884
968	888
968	890
968	900
968	901
968	906
968	911
968	929
968	932
968	934
968	935
968	946
968	949
968	952
968	953
968	967
968	971
968	978
968	979
968	987
968	999
969	414
969	486
969	791
969	876
969	877
969	888
969	889
969	912
969	914
969	924
969	929
969	947
969	950
969	955
969	960
969	964
969	965
969	981
969	983
969	989
969	990
969	991
969	992
969	994
969	996
969	1000
970	285
970	469
970	813
970	855
970	880
970	882
970	884
970	890
970	893
970	895
970	901
970	906
970	910
970	911
970	916
970	927
970	932
970	949
970	953
970	957
970	964
970	976
970	978
970	979
970	982
970	987
971	175
971	389
971	613
971	861
971	863
971	864
971	876
971	892
971	893
971	900
971	910
971	914
971	925
971	928
971	937
971	945
971	968
971	972
971	974
971	979
971	984
971	985
971	988
971	989
971	997
971	1000
972	210
972	370
972	563
972	859
972	886
972	894
972	897
972	913
972	931
972	939
972	947
972	950
972	955
972	956
972	957
972	960
972	971
972	980
972	981
972	987
972	990
972	991
972	992
972	993
972	994
972	996
972	999
973	59
973	174
973	690
973	854
973	870
973	892
973	905
973	912
973	914
973	915
973	932
973	933
973	937
973	939
973	944
973	958
973	964
973	965
973	966
973	975
973	980
973	985
973	988
973	989
973	991
973	996
973	997
974	12
974	336
974	663
974	859
974	881
974	883
974	893
974	903
974	905
974	906
974	923
974	937
974	940
974	951
974	952
974	954
974	958
974	967
974	971
974	975
974	976
974	979
974	980
974	985
974	991
974	993
974	997
974	998
975	235
975	537
975	697
975	864
975	879
975	881
975	885
975	914
975	935
975	936
975	941
975	943
975	945
975	946
975	964
975	965
975	973
975	974
975	976
975	980
975	981
975	985
975	986
975	993
975	994
975	998
975	999
975	1000
976	629
976	641
976	845
976	858
976	859
976	864
976	879
976	883
976	887
976	898
976	925
976	926
976	927
976	944
976	948
976	958
976	960
976	962
976	970
976	974
976	975
976	977
976	980
976	985
976	987
976	988
976	990
976	991
976	998
977	310
977	633
977	825
977	877
977	881
977	883
977	890
977	892
977	896
977	898
977	915
977	921
977	922
977	926
977	937
977	945
977	949
977	952
977	964
977	965
977	976
977	980
977	981
977	984
977	986
977	994
977	996
977	997
977	998
977	999
978	62
978	430
978	578
978	855
978	867
978	877
978	882
978	888
978	890
978	901
978	906
978	911
978	912
978	916
978	925
978	929
978	932
978	933
978	935
978	939
978	946
978	949
978	968
978	970
978	979
978	987
978	990
978	992
978	995
978	997
979	3
979	90
979	151
979	855
979	867
979	882
979	888
979	890
979	895
979	902
979	906
979	916
979	927
979	929
979	934
979	935
979	940
979	945
979	946
979	949
979	953
979	955
979	968
979	970
979	971
979	974
979	978
979	985
979	987
979	995
980	172
980	245
980	352
980	862
980	873
980	892
980	907
980	911
980	918
980	922
980	923
980	924
980	925
980	934
980	936
980	952
980	959
980	960
980	967
980	972
980	973
980	974
980	975
980	976
980	977
980	985
980	986
980	988
980	994
980	998
981	166
981	538
981	577
981	867
981	886
981	891
981	894
981	899
981	902
981	942
981	947
981	949
981	950
981	954
981	957
981	961
981	962
981	969
981	972
981	975
981	977
981	986
981	989
981	991
981	992
981	993
981	994
981	996
981	998
981	999
982	191
982	648
982	682
982	860
982	866
982	871
982	872
982	880
982	889
982	896
982	904
982	907
982	908
982	909
982	918
982	930
982	931
982	948
982	959
982	961
982	963
982	966
982	967
982	970
982	988
982	991
982	993
982	995
982	996
982	998
982	999
983	35
983	408
983	689
983	856
983	869
983	875
983	880
983	898
983	900
983	902
983	904
983	907
983	911
983	912
983	920
983	939
983	942
983	943
983	957
983	958
983	960
983	969
983	989
983	990
983	992
983	994
983	996
983	997
983	998
983	999
983	1000
984	198
984	411
984	486
984	870
984	871
984	879
984	897
984	905
984	910
984	920
984	921
984	922
984	923
984	924
984	925
984	928
984	929
984	936
984	939
984	940
984	941
984	948
984	952
984	954
984	971
984	977
984	985
984	987
984	989
984	996
984	998
985	423
985	424
985	687
985	858
985	873
985	881
985	887
985	897
985	901
985	914
985	915
985	925
985	927
985	928
985	940
985	943
985	954
985	957
985	962
985	971
985	973
985	974
985	975
985	976
985	979
985	980
985	984
985	988
985	990
985	996
985	997
985	998
986	405
986	433
986	744
986	861
986	872
986	875
986	877
986	879
986	885
986	903
986	910
986	917
986	920
986	921
986	922
986	923
986	924
986	926
986	928
986	933
986	936
986	938
986	946
986	961
986	964
986	966
986	975
986	977
986	980
986	981
986	993
986	995
987	125
987	313
987	390
987	854
987	855
987	860
987	861
987	881
987	882
987	884
987	888
987	890
987	895
987	901
987	906
987	911
987	930
987	932
987	934
987	935
987	942
987	946
987	949
987	953
987	956
987	968
987	970
987	972
987	976
987	978
987	979
987	984
987	994
988	204
988	476
988	584
988	855
988	861
988	866
988	886
988	888
988	893
988	908
988	909
988	910
988	913
988	920
988	921
988	926
988	938
988	939
988	945
988	950
988	952
988	953
988	956
988	958
988	971
988	973
988	976
988	980
988	982
988	985
988	992
988	997
988	998
989	236
989	399
989	521
989	858
989	868
989	869
989	875
989	896
989	898
989	912
989	915
989	923
989	924
989	942
989	947
989	948
989	950
989	954
989	957
989	958
989	959
989	962
989	966
989	969
989	971
989	973
989	981
989	983
989	984
989	990
989	991
989	994
989	996
989	999
989	1000
990	242
990	494
990	573
990	856
990	877
990	878
990	892
990	897
990	899
990	912
990	917
990	930
990	942
990	943
990	950
990	951
990	952
990	953
990	954
990	955
990	956
990	964
990	966
990	969
990	972
990	976
990	978
990	983
990	985
990	989
990	991
990	992
990	994
990	998
990	999
991	350
991	365
991	749
991	842
991	854
991	867
991	868
991	874
991	897
991	899
991	900
991	902
991	903
991	917
991	918
991	943
991	944
991	947
991	954
991	955
991	957
991	966
991	969
991	972
991	973
991	974
991	976
991	981
991	982
991	989
991	990
991	992
991	996
991	998
991	999
991	1000
992	111
992	140
992	526
992	729
992	854
992	858
992	859
992	874
992	886
992	892
992	894
992	897
992	900
992	902
992	904
992	919
992	938
992	941
992	942
992	944
992	951
992	954
992	955
992	959
992	960
992	969
992	972
992	978
992	981
992	983
992	988
992	990
992	991
992	993
992	994
992	996
992	999
992	1000
993	185
993	392
993	556
993	697
993	863
993	866
993	871
993	872
993	878
993	880
993	889
993	897
993	903
993	904
993	905
993	907
993	909
993	918
993	919
993	930
993	931
993	958
993	959
993	961
993	963
993	965
993	966
993	967
993	972
993	974
993	975
993	981
993	982
993	986
993	992
993	995
993	997
993	998
994	157
994	188
994	818
994	829
994	861
994	869
994	873
994	874
994	879
994	891
994	894
994	896
994	898
994	900
994	902
994	908
994	922
994	933
994	940
994	943
994	947
994	948
994	950
994	954
994	956
994	960
994	965
994	969
994	972
994	975
994	977
994	980
994	981
994	983
994	987
994	989
994	990
994	992
994	996
994	997
994	999
994	1000
995	50
995	148
995	197
995	840
995	857
995	860
995	863
995	864
995	865
995	866
995	868
995	871
995	872
995	874
995	878
995	880
995	889
995	904
995	905
995	907
995	908
995	909
995	913
995	915
995	918
995	919
995	930
995	931
995	945
995	952
995	959
995	961
995	962
995	963
995	966
995	967
995	978
995	979
995	982
995	986
995	993
995	1000
996	334
996	415
996	487
996	693
996	833
996	862
996	872
996	885
996	894
996	896
996	897
996	898
996	902
996	912
996	915
996	917
996	939
996	940
996	943
996	947
996	948
996	950
996	952
996	954
996	955
996	956
996	957
996	960
996	963
996	969
996	972
996	973
996	977
996	981
996	982
996	983
996	984
996	985
996	989
996	991
996	992
996	994
996	999
996	1000
997	72
997	174
997	250
997	269
997	464
997	859
997	870
997	873
997	876
997	877
997	883
997	887
997	902
997	908
997	909
997	914
997	920
997	925
997	926
997	928
997	933
997	936
997	938
997	939
997	944
997	945
997	949
997	951
997	952
997	957
997	958
997	961
997	965
997	966
997	971
997	973
997	974
997	977
997	978
997	983
997	985
997	988
997	993
997	994
997	998
998	117
998	279
998	730
998	845
998	855
998	863
998	870
998	884
998	885
998	887
998	896
998	908
998	910
998	913
998	914
998	915
998	916
998	920
998	923
998	924
998	927
998	937
998	938
998	939
998	940
998	941
998	944
998	947
998	950
998	956
998	958
998	964
998	974
998	975
998	976
998	977
998	980
998	981
998	982
998	983
998	984
998	985
998	988
998	990
998	991
998	993
998	997
999	120
999	356
999	420
999	485
999	545
999	868
999	869
999	873
999	874
999	875
999	877
999	881
999	884
999	891
999	896
999	900
999	901
999	903
999	912
999	914
999	917
999	921
999	925
999	934
999	943
999	948
999	950
999	951
999	954
999	955
999	956
999	957
999	958
999	963
999	968
999	972
999	975
999	977
999	981
999	982
999	983
999	989
999	990
999	991
999	992
999	994
999	996
999	1000
1000	278
1000	309
1000	490
1000	596
1000	749
1000	855
1000	856
1000	858
1000	863
1000	869
1000	874
1000	875
1000	883
1000	886
1000	889
1000	890
1000	891
1000	895
1000	897
1000	900
1000	902
1000	912
1000	917
1000	928
1000	936
1000	937
1000	938
1000	942
1000	943
1000	944
1000	948
1000	951
1000	954
1000	955
1000	956
1000	957
1000	960
1000	964
1000	969
1000	971
1000	975
1000	983
1000	989
1000	991
1000	992
1000	994
1000	995
1000	996
1000	999
