1	47
1	107
1	110
1	121
1	130
1	136
1	140
1	144
1	146
1	172
2	62
2	101
2	115
2	116
2	123
2	125
2	143
2	150
2	152
2	175
3	6
3	73
3	83
3	89
3	154
3	155
3	158
3	159
3	161
3	164
4	15
4	71
4	80
4	103
4	107
4	119
4	138
4	148
4	151
4	520
5	8
5	14
5	72
5	102
5	120
5	131
5	132
5	133
5	147
5	755
6	3
6	43
6	90
6	110
6	142
6	154
6	155
6	158
6	161
6	366
7	72
7	98
7	108
7	135
7	136
7	139
7	144
7	145
7	146
7	996
8	5
8	21
8	132
8	133
8	143
8	147
8	150
8	152
8	170
8	935
9	79
9	96
9	129
9	149
9	153
9	157
9	160
9	164
9	171
9	174
10	27
10	42
10	64
10	84
10	94
10	102
10	104
10	126
10	137
10	153
11	54
11	104
11	124
11	149
11	157
11	160
11	169
11	173
11	175
11	521
12	28
12	33
12	42
12	57
12	100
12	103
12	122
12	137
12	156
12	919
13	36
13	77
13	112
13	142
13	154
13	155
13	159
13	161
13	165
13	499
14	5
14	70
14	85
14	115
14	116
14	123
14	143
14	152
14	169
14	172
15	4
15	25
15	80
15	113
15	119
15	121
15	138
15	148
15	155
15	775
16	150
16	151
16	152
16	156
16	168
16	170
16	171
16	172
16	175
16	417
17	25
17	61
17	80
17	107
17	113
17	119
17	145
17	148
17	157
17	170
18	69
18	114
18	126
18	133
18	149
18	157
18	163
18	164
18	171
18	172
18	175
19	28
19	50
19	55
19	60
19	82
19	86
19	104
19	122
19	126
19	137
19	175
20	70
20	104
20	106
20	120
20	123
20	131
20	136
20	147
20	150
20	152
20	480
21	8
21	57
21	81
21	90
21	142
21	154
21	155
21	158
21	159
21	161
21	164
22	41
22	63
22	129
22	136
22	140
22	141
22	144
22	145
22	146
22	170
22	474
23	76
23	82
23	83
23	94
23	140
23	142
23	154
23	158
23	159
23	161
23	173
24	37
24	54
24	94
24	156
24	163
24	164
24	165
24	167
24	170
24	174
24	175
25	15
25	17
25	29
25	45
25	78
25	113
25	127
25	138
25	148
25	160
25	286
26	51
26	64
26	84
26	93
26	100
26	104
26	119
26	122
26	126
26	137
26	174
27	10
27	108
27	163
27	167
27	168
27	169
27	171
27	172
27	174
27	175
27	916
28	12
28	19
28	33
28	60
28	93
28	94
28	103
28	122
28	126
28	137
28	153
28	166
29	25
29	45
29	75
29	78
29	86
29	88
29	92
29	107
29	119
29	148
29	169
29	893
30	38
30	51
30	76
30	134
30	137
30	139
30	142
30	154
30	155
30	158
30	159
30	161
31	62
31	105
31	123
31	125
31	133
31	143
31	145
31	147
31	150
31	151
31	152
31	646
32	105
32	138
32	151
32	160
32	163
32	165
32	167
32	170
32	171
32	174
32	175
32	766
33	12
33	28
33	55
33	84
33	93
33	100
33	103
33	104
33	126
33	137
33	146
33	171
34	73
34	150
34	157
34	162
34	166
34	168
34	170
34	171
34	172
34	173
34	174
34	998
35	91
35	95
35	108
35	143
35	153
35	157
35	167
35	168
35	172
35	173
35	175
35	763
36	13
36	128
36	136
36	157
36	166
36	168
36	170
36	171
36	173
36	174
36	175
36	426
37	24
37	45
37	58
37	71
37	78
37	80
37	88
37	92
37	97
37	119
37	148
37	161
38	30
38	119
38	156
38	163
38	167
38	169
38	170
38	171
38	173
38	174
38	175
38	290
39	40
39	41
39	56
39	63
39	73
39	98
39	136
39	140
39	144
39	145
39	146
39	163
40	39
40	90
40	128
40	131
40	156
40	160
40	168
40	170
40	172
40	173
40	174
40	898
41	22
41	39
41	59
41	63
41	75
41	87
41	135
41	136
41	140
41	146
41	174
41	952
42	10
42	12
42	60
42	84
42	100
42	102
42	122
42	126
42	137
42	159
42	173
42	457
43	6
43	54
43	114
43	127
43	156
43	163
43	165
43	169
43	170
43	171
43	173
43	790
44	66
44	67
44	115
44	120
44	132
44	143
44	147
44	150
44	152
44	165
44	172
44	816
45	25
45	29
45	37
45	54
45	86
45	97
45	98
45	101
45	107
45	120
45	138
45	148
46	52
46	68
46	76
46	83
46	84
46	90
46	155
46	158
46	159
46	161
46	172
46	989
47	1
47	52
47	120
47	125
47	131
47	132
47	133
47	143
47	147
47	150
47	152
47	154
48	87
48	111
48	112
48	117
48	129
48	134
48	154
48	155
48	158
48	159
48	161
48	169
49	80
49	109
49	110
49	114
49	162
49	165
49	167
49	169
49	172
49	174
49	175
49	273
50	19
50	60
50	65
50	80
50	94
50	102
50	103
50	104
50	122
50	137
50	160
50	979
51	26
51	30
51	57
51	76
51	112
51	134
51	154
51	155
51	157
51	158
51	159
51	161
52	46
52	47
52	68
52	89
52	90
52	134
52	154
52	155
52	158
52	159
52	161
52	172
53	93
53	104
53	110
53	129
53	135
53	136
53	140
53	144
53	145
53	146
53	158
53	682
54	11
54	24
54	43
54	45
54	58
54	88
54	97
54	107
54	121
54	138
54	148
54	782
55	19
55	33
55	93
55	94
55	96
55	102
55	103
55	114
55	122
55	126
55	137
55	173
56	39
56	105
56	108
56	109
56	110
56	129
56	130
56	135
56	144
56	145
56	146
56	169
56	173
57	12
57	21
57	51
57	82
57	89
57	112
57	128
57	134
57	154
57	158
57	159
57	161
57	538
58	37
58	54
58	73
58	88
58	92
58	101
58	113
58	119
58	121
58	138
58	148
58	162
58	783
59	41
59	73
59	83
59	98
59	109
59	110
59	130
59	140
59	144
59	145
59	146
59	164
59	644
60	19
60	28
60	42
60	50
60	94
60	103
60	122
60	126
60	137
60	141
60	160
60	175
60	433
61	17
61	71
61	78
61	88
61	101
61	107
61	121
61	138
61	148
61	161
61	168
61	170
61	549
62	2
62	31
62	66
62	88
62	105
62	131
62	132
62	143
62	147
62	150
62	152
62	156
62	172
63	22
63	39
63	41
63	108
63	109
63	129
63	135
63	144
63	145
63	146
63	157
63	158
63	765
64	10
64	26
64	65
64	84
64	94
64	102
64	103
64	122
64	126
64	128
64	171
64	172
64	733
65	50
65	64
65	88
65	93
65	94
65	100
65	103
65	104
65	122
65	126
65	139
65	167
65	453
66	44
66	62
66	67
66	115
66	116
66	118
66	120
66	131
66	133
66	135
66	150
66	152
66	723
67	44
67	66
67	70
67	120
67	125
67	133
67	143
67	147
67	150
67	152
67	170
67	171
67	992
68	46
68	52
68	79
68	83
68	98
68	117
68	142
68	154
68	155
68	158
68	159
68	161
68	168
68	333
69	18
69	81
69	108
69	109
69	129
69	130
69	135
69	136
69	140
69	144
69	145
69	146
69	153
69	493
70	14
70	20
70	67
70	123
70	124
70	132
70	133
70	143
70	147
70	150
70	152
70	167
70	170
70	404
71	4
71	37
71	61
71	78
71	86
71	91
71	107
71	111
71	113
71	121
71	130
71	138
71	148
71	459
72	5
72	7
72	137
72	139
72	151
72	153
72	162
72	168
72	169
72	170
72	171
72	174
72	175
72	427
73	3
73	34
73	39
73	58
73	59
73	75
73	108
73	129
73	130
73	135
73	136
73	140
73	145
73	520
74	107
74	123
74	147
74	149
74	153
74	160
74	162
74	165
74	166
74	167
74	168
74	171
74	172
74	175
75	29
75	41
75	73
75	109
75	110
75	129
75	130
75	135
75	136
75	140
75	145
75	146
75	155
75	157
76	23
76	30
76	46
76	51
76	82
76	117
76	126
76	155
76	158
76	159
76	161
76	166
76	169
76	232
77	13
77	81
77	82
77	83
77	89
77	143
77	155
77	158
77	159
77	161
77	164
77	168
77	174
77	806
78	25
78	29
78	37
78	61
78	71
78	79
78	92
78	101
78	113
78	119
78	138
78	148
78	159
78	170
78	305
79	9
79	68
79	78
79	81
79	87
79	89
79	90
79	95
79	117
79	134
79	142
79	154
79	155
79	159
79	161
80	4
80	15
80	17
80	37
80	49
80	50
80	86
80	97
80	101
80	113
80	119
80	121
80	127
80	138
80	148
81	21
81	69
81	77
81	79
81	87
81	90
81	112
81	134
81	142
81	155
81	156
81	158
81	159
81	161
81	169
82	19
82	23
82	57
82	76
82	77
82	112
82	117
82	131
82	134
82	149
82	154
82	158
82	159
82	161
82	275
83	3
83	23
83	46
83	59
83	68
83	77
83	117
83	134
83	154
83	156
83	158
83	159
83	161
83	173
83	285
84	10
84	26
84	33
84	42
84	46
84	64
84	93
84	94
84	100
84	102
84	104
84	132
84	137
84	142
84	576
85	14
85	99
85	105
85	106
85	115
85	116
85	125
85	132
85	133
85	147
85	150
85	152
85	169
85	174
85	243
86	19
86	29
86	45
86	71
86	80
86	88
86	92
86	93
86	97
86	101
86	107
86	113
86	121
86	136
86	148
86	168
87	41
87	48
87	79
87	81
87	90
87	112
87	134
87	142
87	144
87	154
87	155
87	158
87	159
87	161
87	167
87	650
88	29
88	37
88	54
88	58
88	61
88	62
88	65
88	86
88	97
88	113
88	119
88	121
88	138
88	148
88	152
88	528
89	3
89	52
89	57
89	77
89	79
89	109
89	112
89	117
89	124
89	142
89	147
89	154
89	158
89	159
89	161
89	173
90	6
90	21
90	40
90	46
90	52
90	79
90	81
90	87
90	142
90	154
90	155
90	158
90	159
90	161
90	170
90	174
91	35
91	71
91	116
91	128
91	138
91	160
91	164
91	165
91	166
91	167
91	169
91	170
91	172
91	173
91	174
91	175
91	741
92	29
92	37
92	58
92	78
92	86
92	97
92	101
92	107
92	113
92	114
92	121
92	138
92	143
92	148
92	152
92	164
92	815
93	26
93	28
93	33
93	53
93	55
93	65
93	84
93	86
93	100
93	102
93	103
93	104
93	126
93	137
93	162
93	166
93	287
94	10
94	23
94	24
94	28
94	50
94	55
94	60
94	64
94	65
94	84
94	100
94	102
94	103
94	126
94	130
94	137
94	597
95	35
95	79
95	125
95	132
95	139
95	151
95	153
95	157
95	161
95	164
95	165
95	166
95	170
95	171
95	173
95	175
95	526
96	9
96	55
96	142
96	144
96	153
96	157
96	159
96	160
96	162
96	163
96	166
96	169
96	170
96	171
96	173
96	174
96	516
97	37
97	45
97	54
97	80
97	86
97	88
97	92
97	101
97	107
97	121
97	138
97	142
97	148
97	162
97	172
97	175
97	334
98	7
98	39
98	45
98	59
98	68
98	109
98	110
98	129
98	130
98	135
98	136
98	140
98	144
98	145
98	153
98	158
98	447
99	85
99	108
99	117
99	118
99	149
99	155
99	157
99	165
99	166
99	167
99	168
99	169
99	170
99	171
99	173
99	175
99	938
100	12
100	26
100	33
100	42
100	65
100	84
100	93
100	94
100	102
100	104
100	118
100	122
100	126
100	137
100	166
100	167
100	255
101	2
101	45
101	58
101	61
101	78
101	80
101	86
101	92
101	97
101	113
101	119
101	121
101	125
101	128
101	138
101	148
101	945
102	5
102	10
102	42
102	50
102	55
102	64
102	84
102	93
102	94
102	100
102	104
102	122
102	126
102	137
102	146
102	163
102	560
103	4
103	12
103	28
103	33
103	50
103	55
103	60
103	64
103	65
103	93
103	94
103	104
103	122
103	126
103	137
103	145
103	153
103	778
104	10
104	11
104	19
104	20
104	26
104	33
104	50
104	53
104	65
104	84
104	93
104	100
104	102
104	103
104	122
104	137
104	163
104	934
105	31
105	32
105	56
105	62
105	85
105	106
105	115
105	123
105	125
105	131
105	132
105	133
105	147
105	150
105	151
105	152
105	165
105	397
106	20
106	85
106	105
106	115
106	116
106	120
106	123
106	125
106	131
106	132
106	143
106	147
106	150
106	152
106	161
106	172
106	173
106	558
107	1
107	4
107	17
107	29
107	45
107	54
107	61
107	71
107	74
107	86
107	92
107	97
107	119
107	138
107	147
107	148
107	169
107	464
108	7
108	27
108	35
108	56
108	63
108	69
108	73
108	99
108	110
108	129
108	130
108	135
108	136
108	140
108	144
108	145
108	146
108	160
108	680
109	49
109	56
109	59
109	63
109	69
109	75
109	89
109	98
109	110
109	129
109	130
109	135
109	136
109	140
109	144
109	145
109	146
109	155
109	160
110	1
110	6
110	49
110	53
110	56
110	59
110	75
110	98
110	108
110	109
110	130
110	133
110	136
110	140
110	144
110	145
110	146
110	157
110	270
111	48
111	71
111	127
111	139
111	143
111	150
111	160
111	163
111	164
111	165
111	166
111	167
111	168
111	169
111	170
111	172
111	173
111	174
111	175
112	13
112	48
112	51
112	57
112	81
112	82
112	87
112	89
112	113
112	116
112	117
112	121
112	134
112	142
112	149
112	155
112	158
112	159
112	161
112	681
113	15
113	17
113	25
113	58
113	71
113	78
113	80
113	86
113	88
113	92
113	101
113	112
113	119
113	121
113	138
113	148
113	157
113	171
113	174
113	764
114	18
114	43
114	49
114	55
114	92
114	141
114	149
114	152
114	154
114	156
114	162
114	163
114	164
114	165
114	166
114	167
114	169
114	172
114	173
114	668
115	2
115	14
115	44
115	66
115	85
115	105
115	106
115	116
115	120
115	125
115	126
115	131
115	143
115	146
115	147
115	150
115	152
115	156
115	171
115	894
116	2
116	14
116	66
116	85
116	91
116	106
116	112
116	115
116	123
116	125
116	131
116	132
116	133
116	134
116	143
116	147
116	150
116	152
116	172
116	932
117	48
117	68
117	76
117	79
117	82
117	83
117	89
117	99
117	112
117	134
117	142
117	149
117	152
117	154
117	155
117	158
117	159
117	161
117	171
117	729
118	66
118	99
118	100
118	133
118	134
118	139
118	149
118	153
118	156
118	160
118	162
118	164
118	165
118	166
118	167
118	171
118	173
118	174
118	175
118	696
119	4
119	15
119	17
119	26
119	29
119	37
119	38
119	58
119	78
119	80
119	88
119	101
119	107
119	113
119	121
119	138
119	148
119	165
119	175
119	972
120	5
120	20
120	44
120	45
120	47
120	66
120	67
120	106
120	115
120	123
120	131
120	132
120	143
120	147
120	150
120	151
120	152
120	155
120	163
120	661
121	1
121	15
121	54
121	58
121	61
121	71
121	80
121	86
121	88
121	92
121	97
121	101
121	112
121	113
121	119
121	127
121	138
121	141
121	148
121	469
122	12
122	19
122	26
122	28
122	42
122	50
122	55
122	60
122	64
122	65
122	100
122	102
122	103
122	104
122	126
122	137
122	148
122	167
122	174
122	175
122	964
123	2
123	14
123	20
123	31
123	70
123	74
123	105
123	106
123	116
123	120
123	124
123	125
123	131
123	133
123	135
123	143
123	147
123	150
123	152
123	163
123	458
124	11
124	70
124	89
124	123
124	155
124	156
124	157
124	160
124	162
124	164
124	165
124	167
124	168
124	169
124	170
124	171
124	172
124	173
124	174
124	175
124	350
125	2
125	31
125	47
125	67
125	85
125	95
125	101
125	105
125	106
125	115
125	116
125	123
125	131
125	132
125	133
125	135
125	143
125	147
125	150
125	152
125	161
125	772
126	10
126	18
126	19
126	26
126	28
126	33
126	42
126	55
126	60
126	64
126	65
126	76
126	93
126	94
126	100
126	102
126	103
126	115
126	122
126	129
126	137
126	756
127	25
127	43
127	80
127	111
127	121
127	141
127	146
127	155
127	156
127	160
127	162
127	164
127	165
127	166
127	168
127	169
127	171
127	172
127	173
127	174
127	175
127	683
128	36
128	40
128	57
128	64
128	91
128	101
128	139
128	141
128	145
128	151
128	153
128	160
128	164
128	165
128	167
128	168
128	169
128	170
128	172
128	173
128	175
128	758
129	9
129	22
129	48
129	53
129	56
129	63
129	69
129	73
129	75
129	98
129	108
129	109
129	126
129	130
129	132
129	135
129	136
129	140
129	144
129	145
129	146
129	151
129	904
130	1
130	56
130	59
130	69
130	71
130	73
130	75
130	94
130	98
130	108
130	109
130	110
130	129
130	131
130	135
130	136
130	140
130	144
130	145
130	146
130	166
130	247
130	819
131	5
131	20
131	40
131	47
131	62
131	66
131	82
131	105
131	106
131	115
131	116
131	120
131	123
131	125
131	130
131	132
131	133
131	143
131	150
131	152
131	166
131	171
131	415
132	5
132	8
132	44
132	47
132	62
132	70
132	84
132	85
132	95
132	105
132	106
132	116
132	120
132	125
132	129
132	131
132	133
132	143
132	147
132	150
132	165
132	171
132	367
133	5
133	8
133	18
133	31
133	47
133	66
133	67
133	70
133	85
133	105
133	110
133	116
133	118
133	123
133	125
133	131
133	132
133	139
133	143
133	147
133	150
133	152
133	162
133	804
134	30
134	48
134	51
134	52
134	57
134	79
134	81
134	82
134	83
134	87
134	112
134	116
134	117
134	118
134	142
134	149
134	154
134	155
134	158
134	159
134	161
134	166
134	792
134	940
135	7
135	41
135	53
135	56
135	63
135	66
135	69
135	73
135	75
135	98
135	108
135	109
135	123
135	125
135	129
135	130
135	136
135	140
135	144
135	145
135	146
135	156
135	504
135	514
136	1
136	7
136	20
136	22
136	36
136	39
136	41
136	53
136	69
136	73
136	75
136	86
136	98
136	108
136	109
136	110
136	129
136	130
136	135
136	144
136	146
136	149
136	175
136	392
137	10
137	12
137	19
137	26
137	28
137	30
137	33
137	42
137	50
137	55
137	60
137	72
137	84
137	93
137	94
137	100
137	102
137	103
137	104
137	122
137	126
137	162
137	168
137	320
138	4
138	15
138	25
138	32
138	45
138	54
138	58
138	61
138	71
138	78
138	80
138	88
138	91
138	92
138	97
138	101
138	107
138	113
138	119
138	121
138	144
138	148
138	160
138	168
138	966
139	7
139	30
139	65
139	72
139	95
139	111
139	118
139	128
139	133
139	141
139	147
139	151
139	157
139	160
139	162
139	163
139	166
139	167
139	168
139	169
139	170
139	173
139	174
139	175
139	784
140	1
140	22
140	23
140	39
140	41
140	53
140	59
140	69
140	73
140	75
140	98
140	108
140	109
140	110
140	129
140	130
140	135
140	144
140	145
140	146
140	162
140	166
140	173
140	175
140	293
140	788
141	22
141	60
141	114
141	121
141	127
141	128
141	139
141	142
141	148
141	151
141	154
141	156
141	160
141	162
141	163
141	164
141	166
141	167
141	168
141	170
141	171
141	172
141	173
141	174
141	175
141	693
142	6
142	13
142	21
142	23
142	30
142	68
142	79
142	81
142	84
142	87
142	89
142	90
142	96
142	97
142	112
142	117
142	134
142	141
142	154
142	155
142	158
142	159
142	160
142	161
142	167
142	448
143	2
143	8
143	14
143	31
143	35
143	44
143	47
143	62
143	67
143	70
143	77
143	92
143	106
143	111
143	115
143	116
143	120
143	123
143	125
143	131
143	132
143	133
143	147
143	150
143	152
143	167
143	272
144	1
144	7
144	22
144	39
144	53
144	56
144	59
144	63
144	69
144	87
144	96
144	98
144	108
144	109
144	110
144	129
144	130
144	135
144	136
144	138
144	140
144	145
144	146
144	153
144	163
144	171
144	623
144	767
145	7
145	17
145	22
145	31
145	39
145	53
145	56
145	59
145	63
145	69
145	73
145	75
145	98
145	103
145	108
145	109
145	110
145	128
145	129
145	130
145	135
145	140
145	144
145	146
145	150
145	168
145	608
145	708
146	1
146	7
146	22
146	33
146	39
146	41
146	53
146	56
146	59
146	63
146	69
146	75
146	102
146	108
146	109
146	110
146	115
146	127
146	129
146	130
146	135
146	136
146	140
146	144
146	145
146	151
146	164
146	379
147	5
147	8
147	20
147	31
147	44
147	47
147	62
147	67
147	70
147	74
147	85
147	89
147	105
147	106
147	107
147	115
147	116
147	120
147	123
147	125
147	132
147	133
147	139
147	143
147	150
147	152
147	167
147	169
147	961
148	4
148	15
148	17
148	25
148	29
148	37
148	45
148	54
148	58
148	61
148	71
148	78
148	80
148	86
148	88
148	92
148	97
148	101
148	107
148	113
148	119
148	121
148	122
148	138
148	141
148	162
148	165
148	174
148	619
149	9
149	11
149	18
149	74
149	82
149	99
149	112
149	114
149	117
149	118
149	134
149	136
149	151
149	153
149	156
149	157
149	158
149	160
149	162
149	163
149	164
149	165
149	168
149	169
149	170
149	172
149	173
149	174
149	175
149	493
149	512
150	2
150	8
150	16
150	20
150	31
150	34
150	44
150	47
150	62
150	66
150	67
150	70
150	85
150	105
150	106
150	111
150	115
150	116
150	120
150	123
150	125
150	131
150	132
150	133
150	143
150	145
150	147
150	152
150	159
150	175
150	380
150	507
151	4
151	16
151	31
151	32
151	72
151	95
151	105
151	120
151	128
151	129
151	139
151	141
151	146
151	149
151	153
151	156
151	157
151	160
151	162
151	164
151	165
151	167
151	168
151	169
151	170
151	171
151	172
151	173
151	174
151	175
151	722
151	997
152	2
152	8
152	14
152	16
152	20
152	31
152	44
152	47
152	62
152	66
152	67
152	70
152	85
152	88
152	92
152	105
152	106
152	114
152	115
152	116
152	117
152	120
152	123
152	125
152	131
152	133
152	143
152	147
152	150
152	156
152	170
152	507
152	679
153	9
153	10
153	28
153	35
153	69
153	72
153	74
153	95
153	96
153	98
153	103
153	118
153	128
153	144
153	149
153	151
153	154
153	156
153	157
153	162
153	163
153	165
153	166
153	167
153	168
153	169
153	170
153	171
153	172
153	173
153	174
153	532
153	721
154	3
154	6
154	13
154	21
154	23
154	30
154	47
154	48
154	51
154	52
154	57
154	68
154	79
154	82
154	83
154	87
154	89
154	90
154	114
154	117
154	134
154	141
154	142
154	153
154	155
154	158
154	159
154	161
154	162
154	168
154	174
154	253
154	984
155	3
155	6
155	13
155	15
155	21
155	30
155	46
155	48
155	51
155	52
155	68
155	75
155	76
155	77
155	79
155	81
155	87
155	90
155	99
155	109
155	112
155	117
155	120
155	124
155	127
155	134
155	142
155	154
155	158
155	159
155	161
155	489
155	829
156	12
156	16
156	24
156	38
156	40
156	43
156	62
156	81
156	83
156	114
156	115
156	118
156	124
156	127
156	135
156	141
156	149
156	151
156	152
156	153
156	160
156	162
156	163
156	165
156	166
156	167
156	168
156	169
156	170
156	171
156	172
156	173
156	174
156	502
156	877
157	9
157	11
157	17
157	18
157	34
157	35
157	36
157	51
157	63
157	75
157	95
157	96
157	99
157	110
157	113
157	124
157	139
157	149
157	151
157	153
157	158
157	160
157	162
157	163
157	164
157	166
157	167
157	168
157	169
157	170
157	171
157	172
157	173
157	175
157	357
157	686
158	3
158	6
158	21
158	23
158	30
158	46
158	48
158	51
158	52
158	53
158	57
158	63
158	68
158	76
158	77
158	81
158	82
158	83
158	87
158	89
158	90
158	98
158	112
158	117
158	134
158	142
158	149
158	154
158	155
158	157
158	159
158	161
158	164
158	165
158	466
158	861
159	3
159	13
159	21
159	23
159	30
159	42
159	46
159	48
159	51
159	52
159	57
159	68
159	76
159	77
159	78
159	79
159	81
159	82
159	83
159	87
159	89
159	90
159	96
159	112
159	117
159	134
159	142
159	150
159	154
159	155
159	158
159	161
159	163
159	164
159	173
159	183
159	514
160	9
160	11
160	25
160	32
160	40
160	50
160	60
160	74
160	91
160	96
160	108
160	109
160	111
160	118
160	124
160	127
160	128
160	138
160	139
160	141
160	142
160	149
160	151
160	156
160	157
160	163
160	164
160	165
160	166
160	167
160	168
160	171
160	172
160	173
160	174
160	362
160	694
161	3
161	6
161	13
161	21
161	23
161	30
161	37
161	46
161	48
161	51
161	52
161	57
161	61
161	68
161	76
161	77
161	79
161	81
161	82
161	83
161	87
161	89
161	90
161	95
161	106
161	112
161	117
161	125
161	134
161	142
161	154
161	155
161	158
161	159
161	165
161	175
161	192
161	325
162	34
162	49
162	58
162	72
162	74
162	93
162	96
162	97
162	114
162	118
162	124
162	127
162	133
162	137
162	139
162	140
162	141
162	148
162	149
162	151
162	153
162	154
162	156
162	157
162	163
162	164
162	166
162	167
162	168
162	169
162	170
162	171
162	172
162	173
162	174
162	175
162	483
162	914
163	18
163	24
163	27
163	32
163	38
163	39
163	43
163	96
163	102
163	104
163	111
163	114
163	120
163	123
163	139
163	141
163	144
163	149
163	153
163	156
163	157
163	159
163	160
163	162
163	164
163	165
163	166
163	167
163	168
163	169
163	170
163	171
163	172
163	173
163	174
163	175
163	640
163	719
164	3
164	9
164	18
164	21
164	24
164	59
164	77
164	91
164	92
164	95
164	111
164	114
164	118
164	124
164	127
164	128
164	141
164	146
164	149
164	151
164	157
164	158
164	159
164	160
164	162
164	163
164	165
164	166
164	167
164	168
164	169
164	170
164	171
164	172
164	173
164	174
164	175
164	405
164	521
165	13
165	24
165	32
165	43
165	44
165	49
165	74
165	91
165	95
165	99
165	105
165	111
165	114
165	118
165	119
165	124
165	127
165	128
165	132
165	148
165	149
165	151
165	153
165	156
165	158
165	160
165	161
165	163
165	164
165	166
165	167
165	168
165	169
165	170
165	172
165	173
165	174
165	175
165	526
165	965
166	28
166	34
166	36
166	74
166	76
166	91
166	93
166	95
166	96
166	99
166	100
166	111
166	114
166	118
166	127
166	130
166	131
166	134
166	139
166	140
166	141
166	153
166	156
166	157
166	160
166	162
166	163
166	164
166	165
166	167
166	168
166	169
166	170
166	171
166	172
166	173
166	174
166	175
166	186
166	511
167	24
167	27
167	32
167	35
167	38
167	49
167	65
167	70
167	74
167	87
167	91
167	99
167	100
167	111
167	114
167	118
167	122
167	124
167	128
167	139
167	141
167	142
167	143
167	147
167	151
167	153
167	156
167	157
167	160
167	162
167	163
167	164
167	165
167	166
167	168
167	169
167	170
167	171
167	172
167	173
167	174
167	394
167	784
168	16
168	27
168	34
168	35
168	36
168	40
168	61
168	68
168	72
168	74
168	77
168	86
168	99
168	111
168	124
168	127
168	128
168	137
168	138
168	139
168	141
168	145
168	149
168	151
168	153
168	154
168	156
168	157
168	160
168	162
168	163
168	164
168	165
168	166
168	167
168	169
168	170
168	171
168	172
168	173
168	174
168	618
168	942
169	11
169	14
169	27
169	29
169	38
169	43
169	48
169	49
169	56
169	72
169	76
169	81
169	85
169	91
169	96
169	99
169	107
169	111
169	114
169	124
169	127
169	128
169	139
169	147
169	149
169	151
169	153
169	156
169	157
169	162
169	163
169	164
169	165
169	166
169	167
169	168
169	170
169	171
169	172
169	173
169	174
169	175
169	182
169	412
169	787
170	8
170	16
170	17
170	22
170	24
170	32
170	34
170	36
170	38
170	40
170	43
170	61
170	67
170	70
170	72
170	78
170	90
170	91
170	95
170	96
170	99
170	111
170	124
170	128
170	139
170	141
170	149
170	151
170	152
170	153
170	156
170	157
170	162
170	163
170	164
170	165
170	166
170	167
170	168
170	169
170	171
170	172
170	174
170	175
170	460
170	824
171	9
171	16
171	18
171	27
171	32
171	33
171	34
171	36
171	38
171	43
171	64
171	67
171	72
171	74
171	95
171	96
171	99
171	113
171	115
171	117
171	118
171	124
171	127
171	131
171	132
171	141
171	144
171	151
171	153
171	156
171	157
171	160
171	162
171	163
171	164
171	166
171	167
171	168
171	169
171	170
171	172
171	173
171	174
171	175
171	782
171	1000
172	1
172	14
172	16
172	18
172	27
172	34
172	35
172	40
172	44
172	46
172	49
172	52
172	62
172	64
172	74
172	91
172	97
172	106
172	111
172	114
172	116
172	124
172	127
172	128
172	141
172	149
172	151
172	153
172	156
172	157
172	160
172	162
172	163
172	164
172	165
172	166
172	167
172	168
172	169
172	170
172	171
172	173
172	174
172	175
172	535
172	614
172	862
173	11
173	23
173	34
173	35
173	36
173	38
173	40
173	42
173	43
173	55
173	56
173	83
173	89
173	91
173	95
173	96
173	99
173	106
173	111
173	114
173	118
173	124
173	127
173	128
173	139
173	140
173	141
173	149
173	151
173	153
173	156
173	157
173	159
173	160
173	162
173	163
173	164
173	165
173	166
173	167
173	168
173	169
173	171
173	172
173	174
173	274
173	695
174	9
174	24
174	26
174	27
174	32
174	34
174	36
174	38
174	40
174	41
174	49
174	72
174	77
174	85
174	90
174	91
174	96
174	111
174	113
174	118
174	122
174	124
174	127
174	139
174	141
174	148
174	149
174	151
174	153
174	154
174	156
174	160
174	162
174	163
174	164
174	165
174	166
174	167
174	168
174	169
174	170
174	171
174	172
174	173
174	175
174	498
174	792
175	2
175	11
175	16
175	18
175	19
175	24
175	27
175	32
175	35
175	36
175	38
175	49
175	60
175	72
175	74
175	91
175	95
175	97
175	99
175	111
175	118
175	119
175	122
175	124
175	127
175	128
175	136
175	139
175	140
175	141
175	149
175	150
175	151
175	157
175	161
175	162
175	163
175	164
175	165
175	166
175	169
175	170
175	171
175	172
175	174
175	456
175	530
176	207
176	241
176	247
176	261
176	263
176	272
176	275
176	276
176	277
176	280
177	193
177	215
177	226
177	242
177	257
177	270
177	278
177	284
177	290
177	406
178	180
178	193
178	246
178	255
178	258
178	262
178	269
178	278
178	281
178	284
179	232
179	256
179	274
179	288
179	291
179	293
179	294
179	295
179	297
179	760
180	178
180	203
180	230
180	255
180	256
180	270
180	279
180	281
180	284
180	863
181	209
181	227
181	256
181	262
181	266
181	269
181	278
181	281
181	284
181	297
182	169
182	198
182	219
182	232
182	243
182	264
182	267
182	273
182	275
182	285
183	159
183	236
183	248
183	288
183	290
183	292
183	294
183	295
183	296
183	297
184	218
184	239
184	243
184	244
184	251
184	256
184	262
184	268
184	278
184	284
185	197
185	208
185	209
185	249
185	264
185	265
185	275
185	283
185	285
185	287
186	166
186	263
186	273
186	288
186	292
186	293
186	294
186	295
186	296
186	297
187	252
187	281
187	287
187	289
187	290
187	291
187	292
187	293
187	296
187	297
188	225
188	234
188	259
188	287
188	289
188	290
188	292
188	293
188	296
188	297
189	194
189	200
189	232
189	243
189	261
189	264
189	265
189	273
189	275
189	285
189	705
190	208
190	217
190	231
190	253
190	257
190	264
190	275
190	283
190	285
190	292
190	295
191	211
191	218
191	226
191	239
191	251
191	269
191	270
191	278
191	279
191	281
191	297
192	161
192	196
192	200
192	231
192	240
192	265
192	273
192	275
192	285
192	287
192	288
193	177
193	178
193	209
193	216
193	262
193	269
193	270
193	279
193	281
193	288
193	438
194	189
194	236
194	252
194	254
194	271
194	272
194	276
194	277
194	280
194	295
194	485
195	223
195	241
195	254
195	263
195	267
195	271
195	272
195	274
195	276
195	277
195	280
196	192
196	213
196	232
196	248
196	249
196	257
196	264
196	283
196	285
196	289
196	293
197	185
197	202
197	231
197	248
197	249
197	257
197	265
197	283
197	285
197	286
197	290
198	182
198	240
198	243
198	257
198	264
198	265
198	273
198	283
198	285
198	286
198	297
199	218
199	231
199	286
199	287
199	291
199	292
199	293
199	295
199	296
199	297
199	575
200	189
200	192
200	232
200	243
200	250
200	265
200	273
200	275
200	283
200	285
200	289
201	246
201	254
201	263
201	282
201	290
201	291
201	292
201	294
201	295
201	296
201	486
202	197
202	222
202	227
202	244
202	253
202	257
202	264
202	275
202	283
202	285
202	780
203	180
203	259
203	284
203	288
203	289
203	290
203	291
203	292
203	293
203	295
203	296
204	222
204	235
204	287
204	288
204	289
204	290
204	291
204	292
204	294
204	296
204	297
204	807
205	215
205	218
205	231
205	255
205	256
205	262
205	269
205	270
205	279
205	284
205	287
205	294
206	225
206	235
206	246
206	247
206	252
206	263
206	271
206	276
206	277
206	278
206	280
206	293
207	176
207	233
207	234
207	237
207	247
207	252
207	255
207	271
207	272
207	276
207	280
208	185
208	190
208	221
208	240
208	253
208	263
208	264
208	268
208	273
208	283
208	285
208	428
209	181
209	185
209	193
209	255
209	256
209	262
209	278
209	279
209	281
209	284
209	296
209	463
210	223
210	261
210	275
210	286
210	289
210	290
210	293
210	294
210	295
210	296
210	297
210	725
211	191
211	218
211	240
211	246
211	266
211	286
211	288
211	289
211	292
211	293
211	296
211	297
212	234
212	235
212	245
212	252
212	254
212	263
212	271
212	272
212	276
212	280
212	286
212	291
213	196
213	244
213	282
213	286
213	288
213	289
213	290
213	291
213	294
213	295
213	296
213	297
214	241
214	242
214	244
214	256
214	260
214	270
214	278
214	279
214	281
214	284
214	294
214	802
215	177
215	205
215	242
215	251
215	255
215	270
215	279
215	281
215	284
215	292
215	297
215	747
216	193
216	243
216	247
216	289
216	290
216	291
216	292
216	293
216	294
216	295
216	296
216	297
217	190
217	221
217	232
217	248
217	257
217	264
217	265
217	268
217	275
217	283
217	285
217	286
217	293
218	184
218	191
218	199
218	205
218	211
218	227
218	242
218	256
218	270
218	279
218	281
218	284
218	286
219	182
219	223
219	238
219	240
219	282
219	287
219	288
219	289
219	290
219	291
219	295
219	296
219	297
220	232
220	282
220	283
220	286
220	287
220	288
220	291
220	293
220	294
220	295
220	296
220	297
220	996
221	208
221	217
221	240
221	249
221	250
221	257
221	265
221	269
221	273
221	275
221	281
221	283
221	285
222	202
222	204
222	232
222	248
222	253
222	257
222	264
222	267
222	273
222	283
222	285
222	294
222	490
223	195
223	210
223	219
223	225
223	228
223	237
223	241
223	271
223	272
223	276
223	277
223	280
223	288
223	918
224	228
224	236
224	241
224	254
224	263
224	271
224	272
224	273
224	276
224	277
224	280
224	288
224	291
224	508
225	188
225	206
225	223
225	228
225	236
225	237
225	252
225	254
225	263
225	272
225	276
225	280
225	287
225	993
226	177
226	191
226	229
226	239
226	242
226	251
226	256
226	269
226	270
226	274
226	278
226	281
226	284
226	297
227	181
227	202
227	218
227	233
227	251
227	255
227	259
227	269
227	278
227	279
227	281
227	284
227	292
227	691
228	223
228	224
228	225
228	236
228	247
228	248
228	261
228	263
228	271
228	272
228	276
228	277
228	279
228	280
228	734
229	226
229	245
229	267
229	270
229	271
229	278
229	286
229	287
229	288
229	291
229	292
229	293
229	294
229	296
229	297
230	180
230	244
230	260
230	267
230	284
230	286
230	287
230	288
230	289
230	293
230	294
230	295
230	296
230	297
230	960
231	190
231	192
231	197
231	199
231	205
231	248
231	249
231	253
231	265
231	273
231	275
231	283
231	285
231	290
231	795
232	76
232	179
232	182
232	189
232	196
232	200
232	217
232	220
232	222
232	248
232	257
232	273
232	283
232	285
232	297
233	207
233	227
233	242
233	244
233	251
233	256
233	262
233	269
233	278
233	279
233	281
233	283
233	284
233	291
233	308
234	188
234	207
234	212
234	237
234	247
234	252
234	254
234	263
234	269
234	272
234	276
234	277
234	280
234	293
234	809
235	204
235	206
235	212
235	236
235	241
235	254
235	263
235	270
235	271
235	272
235	276
235	277
235	280
235	291
235	910
236	183
236	194
236	224
236	225
236	228
236	235
236	237
236	247
236	250
236	252
236	254
236	255
236	271
236	272
236	277
236	977
237	207
237	223
237	225
237	234
237	236
237	241
237	247
237	253
237	254
237	263
237	271
237	276
237	277
237	280
237	282
237	294
238	219
238	247
238	266
238	274
238	275
238	276
238	287
238	288
238	289
238	290
238	291
238	292
238	293
238	294
238	295
238	297
239	184
239	191
239	226
239	242
239	244
239	251
239	253
239	256
239	262
239	269
239	274
239	278
239	279
239	281
239	284
239	290
239	996
240	192
240	198
240	208
240	211
240	219
240	221
240	243
240	248
240	249
240	253
240	259
240	264
240	273
240	275
240	283
240	285
240	293
240	636
241	176
241	195
241	214
241	223
241	224
241	235
241	237
241	252
241	254
241	258
241	263
241	271
241	272
241	276
241	277
241	280
241	290
241	294
242	177
242	214
242	215
242	218
242	226
242	233
242	239
242	262
242	264
242	269
242	270
242	278
242	279
242	281
242	284
242	291
242	295
242	882
243	85
243	182
243	184
243	189
243	198
243	200
243	216
243	240
243	248
243	249
243	253
243	264
243	265
243	273
243	275
243	283
243	285
243	286
244	184
244	202
244	213
244	214
244	230
244	233
244	239
244	251
244	255
244	262
244	269
244	270
244	278
244	279
244	281
244	284
244	295
244	327
245	212
245	229
245	252
245	259
245	266
245	276
245	280
245	286
245	287
245	289
245	290
245	291
245	292
245	293
245	294
245	295
245	296
245	297
245	616
246	178
246	201
246	206
246	211
246	261
246	274
246	278
246	282
246	283
246	286
246	288
246	290
246	292
246	293
246	294
246	295
246	296
246	297
246	785
247	130
247	176
247	206
247	207
247	216
247	228
247	234
247	236
247	237
247	238
247	252
247	263
247	271
247	272
247	276
247	277
247	280
247	292
247	297
248	183
248	196
248	197
248	217
248	222
248	228
248	231
248	232
248	240
248	243
248	249
248	253
248	257
248	264
248	268
248	273
248	275
248	281
248	283
249	185
249	196
249	197
249	221
249	231
249	240
249	243
249	248
249	253
249	257
249	265
249	273
249	275
249	276
249	283
249	285
249	288
249	296
249	297
249	436
250	200
250	221
250	236
250	258
250	268
250	274
250	284
250	286
250	287
250	288
250	289
250	290
250	291
250	292
250	293
250	294
250	295
250	296
250	297
250	373
251	184
251	191
251	215
251	226
251	227
251	233
251	239
251	244
251	255
251	262
251	266
251	269
251	270
251	278
251	279
251	282
251	284
251	294
251	296
251	667
252	187
252	194
252	206
252	207
252	212
252	225
252	234
252	236
252	241
252	245
252	247
252	254
252	263
252	271
252	272
252	277
252	280
252	285
252	290
252	776
253	154
253	190
253	202
253	208
253	222
253	231
253	237
253	239
253	240
253	243
253	248
253	249
253	264
253	265
253	273
253	275
253	283
253	285
253	292
253	295
253	296
254	194
254	195
254	201
254	212
254	224
254	225
254	234
254	235
254	236
254	237
254	241
254	252
254	271
254	272
254	273
254	276
254	277
254	280
254	284
254	289
254	796
255	100
255	178
255	180
255	205
255	207
255	209
255	215
255	227
255	236
255	244
255	251
255	256
255	262
255	269
255	270
255	278
255	279
255	281
255	284
255	288
255	296
256	179
256	180
256	181
256	184
256	205
256	209
256	214
256	218
256	226
256	233
256	239
256	255
256	269
256	270
256	275
256	278
256	279
256	281
256	284
256	289
256	293
256	312
257	177
257	190
257	196
257	197
257	198
257	202
257	217
257	221
257	222
257	232
257	248
257	249
257	265
257	273
257	275
257	282
257	283
257	285
257	286
257	287
257	291
257	913
258	178
258	241
258	250
258	259
258	263
258	273
258	274
258	282
258	286
258	287
258	288
258	289
258	290
258	291
258	292
258	293
258	294
258	295
258	296
258	297
258	720
258	726
259	188
259	203
259	227
259	240
259	245
259	258
259	260
259	261
259	274
259	280
259	282
259	285
259	286
259	287
259	289
259	290
259	291
259	292
259	293
259	294
259	295
259	297
259	754
260	214
260	230
260	259
260	266
260	267
260	268
260	270
260	281
260	282
260	284
260	286
260	287
260	288
260	289
260	290
260	291
260	292
260	293
260	294
260	295
260	296
260	852
260	878
261	176
261	189
261	210
261	228
261	246
261	259
261	267
261	271
261	281
261	282
261	286
261	287
261	288
261	289
261	290
261	291
261	292
261	293
261	294
261	295
261	296
261	297
261	968
262	178
262	181
262	184
262	193
262	205
262	209
262	233
262	239
262	242
262	244
262	251
262	255
262	269
262	270
262	274
262	278
262	279
262	280
262	281
262	284
262	291
262	293
262	296
262	501
263	176
263	186
263	195
263	201
263	206
263	208
263	212
263	224
263	225
263	228
263	234
263	235
263	237
263	241
263	247
263	252
263	258
263	271
263	272
263	276
263	277
263	280
263	295
263	672
264	182
264	185
264	189
264	190
264	196
264	198
264	202
264	208
264	217
264	222
264	240
264	242
264	243
264	248
264	253
264	265
264	266
264	274
264	275
264	283
264	285
264	293
264	295
264	431
265	185
265	189
265	192
265	197
265	198
265	200
265	217
265	221
265	231
265	243
265	249
265	253
265	257
265	264
265	273
265	275
265	277
265	283
265	285
265	288
265	290
265	292
265	490
265	500
266	181
266	211
266	238
266	245
266	251
266	260
266	264
266	267
266	268
266	279
266	280
266	282
266	286
266	287
266	288
266	289
266	290
266	291
266	292
266	293
266	294
266	295
266	296
266	297
266	698
267	182
267	195
267	222
267	229
267	230
267	260
267	261
267	266
267	268
267	269
267	274
267	276
267	282
267	286
267	287
267	289
267	290
267	291
267	292
267	293
267	294
267	295
267	296
267	297
267	969
268	184
268	208
268	217
268	248
268	250
268	260
268	266
268	267
268	274
268	275
268	282
268	286
268	287
268	288
268	289
268	290
268	291
268	292
268	293
268	294
268	295
268	296
268	297
268	534
268	931
269	178
269	181
269	191
269	193
269	205
269	221
269	226
269	227
269	233
269	234
269	239
269	242
269	244
269	251
269	255
269	256
269	262
269	267
269	278
269	279
269	281
269	284
269	289
269	296
269	445
270	110
270	177
270	180
270	191
270	193
270	205
270	214
270	215
270	218
270	226
270	229
270	235
270	242
270	244
270	251
270	255
270	256
270	260
270	262
270	278
270	279
270	281
270	284
270	292
270	296
271	194
271	195
271	206
271	207
271	212
271	223
271	224
271	228
271	229
271	235
271	236
271	237
271	241
271	247
271	252
271	254
271	261
271	263
271	272
271	276
271	277
271	280
271	283
271	289
271	292
271	892
272	143
272	176
272	194
272	195
272	207
272	212
272	223
272	224
272	225
272	228
272	234
272	235
272	236
272	241
272	247
272	252
272	254
272	263
272	271
272	273
272	276
272	277
272	280
272	282
272	292
272	296
272	297
273	49
273	182
273	186
273	189
273	192
273	198
273	200
273	208
273	221
273	222
273	224
273	231
273	232
273	240
273	243
273	248
273	249
273	253
273	254
273	257
273	258
273	265
273	272
273	275
273	283
273	285
273	294
274	173
274	179
274	195
274	226
274	238
274	239
274	246
274	250
274	258
274	259
274	262
274	264
274	267
274	268
274	277
274	282
274	287
274	288
274	289
274	290
274	291
274	292
274	294
274	295
274	296
274	297
274	752
275	82
275	176
275	182
275	185
275	189
275	190
275	192
275	200
275	202
275	210
275	217
275	221
275	231
275	238
275	240
275	243
275	248
275	249
275	253
275	256
275	257
275	264
275	265
275	268
275	273
275	282
275	283
275	285
276	176
276	194
276	195
276	206
276	207
276	212
276	223
276	224
276	225
276	228
276	234
276	235
276	237
276	238
276	241
276	245
276	247
276	249
276	254
276	263
276	267
276	271
276	272
276	277
276	280
276	285
276	676
276	843
277	176
277	194
277	195
277	206
277	223
277	224
277	228
277	234
277	235
277	236
277	237
277	241
277	247
277	252
277	254
277	263
277	265
277	271
277	272
277	274
277	276
277	280
277	282
277	290
277	294
277	295
277	495
277	923
278	177
278	178
278	181
278	184
278	191
278	206
278	209
278	214
278	226
278	227
278	229
278	233
278	239
278	242
278	244
278	246
278	251
278	255
278	256
278	262
278	269
278	270
278	279
278	281
278	283
278	284
278	287
278	292
278	536
279	180
279	191
279	193
279	205
279	209
279	214
279	215
279	218
279	227
279	228
279	233
279	239
279	242
279	244
279	251
279	255
279	256
279	262
279	266
279	269
279	270
279	278
279	281
279	284
279	291
279	293
279	294
279	295
279	954
280	176
280	194
280	195
280	206
280	207
280	212
280	223
280	224
280	225
280	228
280	234
280	235
280	237
280	241
280	245
280	247
280	252
280	254
280	259
280	262
280	263
280	266
280	271
280	272
280	276
280	277
280	286
280	289
280	533
280	976
281	178
281	180
281	181
281	187
281	191
281	193
281	209
281	214
281	215
281	218
281	221
281	226
281	227
281	233
281	239
281	242
281	244
281	248
281	255
281	256
281	260
281	261
281	262
281	269
281	270
281	278
281	279
281	284
281	293
281	820
282	201
282	213
282	219
282	220
282	237
282	246
282	251
282	257
282	258
282	259
282	260
282	261
282	266
282	267
282	268
282	272
282	274
282	275
282	277
282	286
282	287
282	288
282	289
282	290
282	291
282	292
282	293
282	294
282	295
282	296
282	297
282	390
282	671
283	185
283	190
283	196
283	197
283	198
283	200
283	202
283	208
283	217
283	220
283	221
283	222
283	231
283	232
283	233
283	240
283	243
283	246
283	248
283	249
283	253
283	257
283	264
283	265
283	271
283	273
283	275
283	278
283	285
283	287
283	288
283	647
283	786
284	177
284	178
284	180
284	181
284	184
284	203
284	205
284	209
284	214
284	215
284	218
284	226
284	227
284	230
284	233
284	239
284	242
284	244
284	250
284	251
284	254
284	255
284	256
284	260
284	262
284	269
284	270
284	278
284	279
284	281
284	289
284	297
284	800
285	83
285	182
285	185
285	189
285	190
285	192
285	196
285	197
285	198
285	200
285	202
285	208
285	217
285	221
285	222
285	231
285	232
285	240
285	243
285	249
285	252
285	253
285	257
285	259
285	264
285	265
285	273
285	275
285	276
285	283
285	291
285	294
285	295
285	296
286	25
286	197
286	198
286	199
286	210
286	211
286	212
286	213
286	217
286	218
286	220
286	229
286	230
286	243
286	245
286	246
286	250
286	257
286	258
286	259
286	260
286	261
286	266
286	267
286	268
286	280
286	282
286	287
286	288
286	289
286	290
286	291
286	292
286	293
286	294
286	295
286	296
286	297
286	927
287	93
287	185
287	187
287	188
287	192
287	199
287	204
287	205
287	219
287	220
287	225
287	229
287	230
287	238
287	245
287	250
287	257
287	258
287	259
287	260
287	261
287	266
287	267
287	268
287	274
287	278
287	282
287	283
287	286
287	288
287	289
287	290
287	291
287	292
287	293
287	294
287	295
287	296
287	297
287	781
288	179
288	183
288	186
288	192
288	193
288	203
288	204
288	211
288	213
288	219
288	220
288	223
288	224
288	229
288	230
288	238
288	246
288	249
288	250
288	255
288	258
288	260
288	261
288	265
288	266
288	268
288	274
288	282
288	283
288	286
288	287
288	289
288	290
288	291
288	292
288	293
288	294
288	295
288	296
288	297
288	899
288	933
289	187
289	188
289	196
289	200
289	203
289	204
289	210
289	211
289	213
289	216
289	219
289	230
289	238
289	245
289	250
289	254
289	256
289	258
289	259
289	260
289	261
289	266
289	267
289	268
289	269
289	271
289	274
289	280
289	282
289	284
289	286
289	287
289	288
289	290
289	291
289	292
289	293
289	294
289	295
289	296
289	297
289	756
289	791
290	38
290	177
290	183
290	187
290	188
290	197
290	201
290	203
290	204
290	210
290	213
290	216
290	219
290	231
290	238
290	239
290	241
290	245
290	246
290	250
290	252
290	258
290	259
290	260
290	261
290	265
290	266
290	267
290	268
290	274
290	277
290	282
290	286
290	287
290	288
290	289
290	291
290	292
290	293
290	294
290	295
290	296
290	297
290	952
291	179
291	187
291	199
291	201
291	203
291	204
291	212
291	213
291	216
291	219
291	220
291	224
291	229
291	233
291	235
291	238
291	242
291	245
291	250
291	257
291	258
291	259
291	260
291	261
291	262
291	266
291	267
291	268
291	274
291	279
291	282
291	285
291	286
291	287
291	288
291	289
291	290
291	292
291	293
291	294
291	295
291	296
291	297
291	625
291	745
292	183
292	186
292	187
292	188
292	190
292	199
292	201
292	203
292	204
292	211
292	215
292	216
292	227
292	229
292	238
292	245
292	246
292	247
292	250
292	253
292	258
292	259
292	260
292	261
292	265
292	266
292	267
292	268
292	270
292	271
292	272
292	274
292	278
292	282
292	286
292	287
292	288
292	289
292	290
292	291
292	293
292	294
292	295
292	296
292	297
292	533
292	762
293	140
293	179
293	186
293	187
293	188
293	196
293	199
293	203
293	206
293	210
293	211
293	216
293	217
293	220
293	229
293	230
293	234
293	238
293	240
293	245
293	246
293	250
293	256
293	258
293	259
293	260
293	261
293	262
293	264
293	266
293	267
293	268
293	279
293	281
293	282
293	286
293	287
293	288
293	289
293	290
293	291
293	292
293	294
293	295
293	296
293	297
293	408
293	984
294	179
294	183
294	186
294	201
294	204
294	205
294	210
294	213
294	214
294	216
294	220
294	222
294	229
294	230
294	237
294	238
294	241
294	245
294	246
294	250
294	251
294	258
294	259
294	260
294	261
294	266
294	267
294	268
294	273
294	274
294	277
294	279
294	282
294	285
294	286
294	287
294	288
294	289
294	290
294	291
294	292
294	293
294	295
294	296
294	297
294	479
294	957
294	994
295	179
295	183
295	186
295	190
295	194
295	199
295	201
295	203
295	210
295	213
295	216
295	219
295	220
295	230
295	238
295	242
295	244
295	245
295	246
295	250
295	253
295	258
295	259
295	260
295	261
295	263
295	264
295	266
295	267
295	268
295	274
295	277
295	279
295	282
295	285
295	286
295	287
295	288
295	289
295	290
295	291
295	292
295	293
295	294
295	296
295	297
295	477
295	704
295	736
296	183
296	186
296	187
296	188
296	199
296	201
296	203
296	204
296	209
296	210
296	211
296	213
296	216
296	219
296	220
296	229
296	230
296	245
296	246
296	249
296	250
296	251
296	253
296	255
296	258
296	260
296	261
296	262
296	266
296	267
296	268
296	269
296	270
296	272
296	274
296	282
296	285
296	286
296	287
296	288
296	289
296	290
296	291
296	292
296	293
296	294
296	295
296	297
296	540
296	957
297	179
297	181
297	183
297	186
297	187
297	188
297	191
297	198
297	199
297	204
297	210
297	211
297	213
297	215
297	216
297	219
297	220
297	226
297	229
297	230
297	232
297	238
297	245
297	246
297	247
297	249
297	250
297	258
297	259
297	261
297	266
297	267
297	268
297	272
297	274
297	282
297	284
297	286
297	287
297	288
297	289
297	290
297	291
297	292
297	293
297	294
297	295
297	296
297	523
297	980
298	429
298	446
298	457
298	463
298	476
298	486
298	509
298	530
298	533
298	540
299	384
299	500
299	507
299	517
299	518
299	522
299	525
299	537
299	538
299	744
300	335
300	345
300	399
300	434
300	440
300	464
300	470
300	472
300	482
300	526
301	407
301	476
301	504
301	508
301	521
301	526
301	527
301	529
301	531
301	536
302	307
302	461
302	503
302	509
302	510
302	520
302	521
302	523
302	524
302	620
303	321
303	383
303	395
303	398
303	407
303	470
303	484
303	489
303	515
303	518
304	364
304	393
304	395
304	426
304	433
304	510
304	521
304	523
304	524
304	541
305	78
305	372
305	390
305	397
305	430
305	434
305	443
305	464
305	482
305	483
306	365
306	450
306	460
306	465
306	474
306	515
306	516
306	519
306	536
306	732
307	302
307	343
307	424
307	432
307	475
307	499
307	506
307	514
307	521
307	541
308	233
308	352
308	383
308	398
308	458
308	484
308	489
308	538
308	539
308	540
309	320
309	387
309	390
309	430
309	434
309	442
309	469
309	502
309	526
309	909
310	493
310	494
310	501
310	504
310	521
310	526
310	527
310	531
310	535
310	536
311	312
311	352
311	359
311	388
311	426
311	453
311	470
311	484
311	489
311	839
312	256
312	311
312	348
312	407
312	426
312	430
312	459
312	484
312	489
312	501
313	317
313	382
313	392
313	397
313	473
313	479
313	533
313	535
313	775
314	327
314	379
314	386
314	395
314	458
314	459
314	470
314	477
314	484
314	489
315	396
315	429
315	436
315	468
315	526
315	527
315	529
315	531
315	536
315	837
316	411
316	429
316	444
316	475
316	479
316	513
316	522
316	532
316	533
316	540
317	313
317	381
317	438
317	453
317	455
317	477
317	486
317	509
317	530
317	536
318	372
318	455
318	460
318	500
318	507
318	517
318	525
318	528
318	537
318	538
319	334
319	412
319	441
319	456
319	462
319	465
319	481
319	482
319	516
319	519
320	137
320	309
320	371
320	418
320	430
320	434
320	448
320	469
320	472
320	482
321	303
321	327
321	348
321	383
321	394
321	426
321	484
321	489
321	525
321	973
322	378
322	450
322	465
322	480
322	486
322	491
322	515
322	516
322	518
322	519
323	405
323	411
323	476
323	487
323	522
323	525
323	534
323	535
323	539
323	989
324	461
324	488
324	493
324	504
324	526
324	527
324	529
324	531
324	536
324	540
325	161
325	343
325	350
325	473
325	479
325	492
325	510
325	528
325	530
325	533
326	330
326	341
326	419
326	485
326	513
326	515
326	517
326	525
326	537
326	538
326	959
327	244
327	314
327	321
327	383
327	386
327	398
327	459
327	470
327	484
327	489
327	537
328	384
328	451
328	463
328	488
328	501
328	508
328	526
328	527
328	529
328	531
328	536
329	335
329	365
329	386
329	390
329	434
329	440
329	464
329	469
329	472
329	473
329	539
330	326
330	495
330	498
330	507
330	512
330	513
330	520
330	525
330	537
330	538
330	541
331	386
331	430
331	434
331	440
331	464
331	470
331	472
331	478
331	482
331	483
331	510
332	421
332	436
332	476
332	492
332	494
332	508
332	526
332	527
332	529
332	531
332	536
333	68
333	447
333	451
333	496
333	507
333	512
333	517
333	525
333	528
333	537
333	538
334	97
334	319
334	371
334	449
334	497
334	505
334	518
334	522
334	528
334	535
334	539
335	300
335	329
335	341
335	345
335	365
335	440
335	442
335	464
335	472
335	482
335	483
336	388
336	395
336	398
336	458
336	459
336	470
336	484
336	489
336	491
336	523
336	783
337	339
337	359
337	486
337	499
337	502
337	506
337	514
337	524
337	528
337	541
337	754
338	339
338	435
338	455
338	463
338	504
338	526
338	527
338	529
338	531
338	536
338	864
339	337
339	338
339	445
339	451
339	467
339	478
339	502
339	503
339	506
339	524
339	541
340	454
340	485
340	507
340	512
340	513
340	517
340	520
340	525
340	532
340	537
340	538
341	326
341	335
341	383
341	460
341	496
341	512
341	513
341	520
341	525
341	537
341	538
342	455
342	475
342	496
342	498
342	517
342	520
342	525
342	534
342	537
342	538
342	688
343	307
343	325
343	353
343	391
343	478
343	506
343	521
343	523
343	524
343	539
343	992
344	381
344	393
344	456
344	493
344	504
344	508
344	526
344	527
344	529
344	531
344	536
344	728
345	300
345	335
345	369
345	399
345	421
345	439
345	449
345	469
345	472
345	482
345	483
345	757
346	381
346	407
346	446
346	486
346	490
346	507
346	522
346	530
346	532
346	533
346	535
346	540
347	419
347	451
347	476
347	499
347	503
347	510
347	511
347	514
347	517
347	523
347	524
347	710
348	312
348	321
348	379
348	426
348	458
348	459
348	463
348	470
348	484
348	489
348	492
348	648
349	398
349	410
349	488
349	493
349	501
349	508
349	526
349	527
349	529
349	535
349	536
349	855
350	124
350	325
350	411
350	466
350	468
350	511
350	515
350	518
350	522
350	532
350	534
350	535
351	398
351	408
351	427
351	437
351	502
351	504
351	508
351	526
351	527
351	529
351	531
351	536
352	308
352	311
352	383
352	388
352	407
352	408
352	426
352	458
352	470
352	484
352	489
352	494
353	343
353	358
353	495
353	502
353	506
353	510
353	511
353	523
353	524
353	538
353	541
353	702
354	415
354	451
354	475
354	478
354	487
354	495
354	497
354	502
354	506
354	510
354	541
354	632
355	359
355	363
355	427
355	458
355	461
355	510
355	511
355	514
355	523
355	524
355	526
355	541
356	465
356	487
356	495
356	502
356	503
356	506
356	511
356	521
356	523
356	524
356	540
356	541
357	157
357	413
357	425
357	449
357	455
357	474
357	486
357	505
357	518
357	522
357	535
357	539
358	353
358	417
358	494
358	501
358	508
358	517
358	526
358	527
358	529
358	531
358	536
358	962
359	311
359	337
359	355
359	424
359	433
359	461
359	511
359	514
359	517
359	521
359	523
359	541
360	387
360	396
360	404
360	432
360	494
360	501
360	516
360	526
360	527
360	529
360	531
360	536
361	382
361	424
361	439
361	441
361	474
361	480
361	481
361	515
361	516
361	519
361	540
361	987
362	160
362	363
362	411
362	416
362	461
362	467
362	497
362	499
362	506
362	510
362	514
362	523
362	541
363	355
363	362
363	467
363	471
363	497
363	499
363	511
363	514
363	521
363	530
363	540
363	541
363	908
364	304
364	370
364	443
364	455
364	457
364	504
364	507
364	512
364	513
364	525
364	537
364	538
364	630
365	306
365	329
365	335
365	381
365	403
365	424
365	441
365	444
365	462
365	465
365	515
365	516
365	519
366	6
366	473
366	480
366	487
366	491
366	509
366	518
366	522
366	528
366	532
366	533
366	534
366	540
367	132
367	369
367	412
367	439
367	444
367	452
367	474
367	481
367	491
367	515
367	516
367	519
367	540
368	396
368	485
368	494
368	498
368	507
368	512
368	513
368	520
368	525
368	533
368	537
368	538
368	988
369	345
369	367
369	372
369	387
369	399
369	425
369	440
369	442
369	469
369	472
369	482
369	483
369	512
370	364
370	447
370	457
370	464
370	485
370	496
370	500
370	513
370	520
370	531
370	537
370	538
370	750
371	320
371	334
371	414
371	433
371	473
371	492
371	518
371	529
371	530
371	532
371	533
371	534
371	535
372	305
372	318
372	369
372	386
372	387
372	418
372	442
372	464
372	469
372	482
372	483
372	522
372	743
373	250
373	419
373	425
373	478
373	497
373	502
373	514
373	518
373	521
373	523
373	524
373	528
373	541
374	433
374	448
374	451
374	495
374	499
374	510
374	511
374	519
374	521
374	523
374	524
374	539
374	541
375	397
375	403
375	425
375	438
375	449
375	471
375	490
375	528
375	529
375	533
375	534
375	535
375	540
376	420
376	436
376	437
376	445
376	476
376	500
376	501
376	504
376	526
376	527
376	529
376	531
376	536
377	424
377	450
377	471
377	474
377	480
377	490
377	491
377	493
377	515
377	516
377	519
377	522
377	613
378	322
378	401
378	441
378	471
378	474
378	491
378	510
378	515
378	516
378	518
378	519
378	532
378	900
379	146
379	314
379	348
379	388
379	395
379	398
379	407
379	458
379	459
379	484
379	489
379	491
379	523
380	150
380	418
380	441
380	444
380	462
380	474
380	481
380	488
380	491
380	515
380	516
380	519
380	526
381	317
381	344
381	346
381	365
381	401
381	403
381	462
381	465
381	471
381	480
381	515
381	516
381	519
382	313
382	361
382	413
382	414
382	456
382	477
382	479
382	497
382	505
382	528
382	530
382	532
382	535
383	303
383	308
383	321
383	327
383	341
383	352
383	407
383	416
383	426
383	450
383	458
383	459
383	470
383	489
384	299
384	328
384	409
384	428
384	495
384	496
384	498
384	504
384	512
384	517
384	520
384	525
384	537
384	538
385	417
385	435
385	445
385	488
385	501
385	503
385	504
385	507
385	508
385	521
385	527
385	529
385	531
385	536
386	314
386	327
386	329
386	331
386	372
386	390
386	433
386	440
386	442
386	469
386	472
386	482
386	483
386	718
387	309
387	360
387	369
387	372
387	399
387	418
387	430
387	442
387	472
387	482
387	483
387	494
387	522
387	797
388	311
388	336
388	352
388	379
388	395
388	396
388	407
388	426
388	428
388	458
388	470
388	484
388	489
388	520
389	400
389	443
389	498
389	500
389	513
389	517
389	519
389	520
389	523
389	525
389	526
389	537
389	538
389	790
390	282
390	305
390	309
390	329
390	386
390	430
390	434
390	440
390	446
390	454
390	464
390	472
390	483
390	514
391	343
391	393
391	423
391	441
391	451
391	492
391	495
391	497
391	506
391	514
391	523
391	524
391	529
391	541
392	136
392	313
392	403
392	425
392	473
392	495
392	505
392	506
392	509
392	522
392	528
392	533
392	535
392	540
393	304
393	344
393	391
393	394
393	406
393	415
393	432
393	497
393	503
393	506
393	511
393	521
393	523
393	541
394	167
394	321
394	393
394	402
394	460
394	485
394	498
394	500
394	512
394	513
394	517
394	522
394	525
394	537
394	538
395	303
395	304
395	314
395	336
395	379
395	388
395	397
395	398
395	407
395	459
395	470
395	482
395	484
395	489
395	982
396	315
396	360
396	368
396	388
396	469
396	476
396	493
396	494
396	504
396	508
396	526
396	527
396	531
396	536
396	689
397	105
397	305
397	313
397	375
397	395
397	429
397	446
397	466
397	475
397	500
397	505
397	530
397	533
397	534
397	539
398	303
398	308
398	327
398	336
398	349
398	351
398	379
398	395
398	417
398	426
398	458
398	459
398	470
398	489
398	956
399	300
399	345
399	369
399	387
399	408
399	418
399	434
399	440
399	464
399	472
399	482
399	483
399	510
399	524
399	536
400	389
400	443
400	487
400	490
400	496
400	498
400	500
400	507
400	510
400	512
400	520
400	525
400	537
400	538
400	766
401	378
401	381
401	426
401	450
401	452
401	456
401	465
401	471
401	474
401	481
401	490
401	499
401	515
401	516
401	519
402	394
402	409
402	443
402	482
402	486
402	498
402	500
402	513
402	517
402	520
402	525
402	533
402	537
402	538
402	712
403	365
403	375
403	381
403	392
403	439
403	444
403	452
403	462
403	480
403	481
403	491
403	515
403	516
403	519
403	531
404	70
404	360
404	463
404	476
404	488
404	494
404	501
404	502
404	508
404	509
404	523
404	526
404	529
404	531
404	536
405	164
405	323
405	417
405	420
405	449
405	477
405	485
405	487
405	490
405	503
405	528
405	530
405	534
405	539
405	540
406	177
406	393
406	415
406	427
406	433
406	448
406	483
406	502
406	503
406	511
406	521
406	523
406	531
406	533
406	541
407	301
407	303
407	312
407	346
407	352
407	379
407	383
407	388
407	395
407	427
407	458
407	459
407	470
407	484
407	489
407	780
408	293
408	351
408	352
408	399
408	437
408	476
408	488
408	494
408	504
408	508
408	526
408	527
408	529
408	531
408	535
408	536
409	384
409	402
409	410
409	428
409	447
409	462
409	489
409	507
409	511
409	512
409	513
409	520
409	525
409	537
409	538
409	787
410	349
410	409
410	485
410	496
410	500
410	505
410	507
410	512
410	513
410	517
410	520
410	525
410	528
410	537
410	538
410	651
411	316
411	323
411	350
411	362
411	446
411	479
411	487
411	488
411	490
411	495
411	503
411	509
411	530
411	532
411	534
411	540
412	169
412	319
412	367
412	441
412	456
412	471
412	474
412	480
412	481
412	491
412	502
412	506
412	515
412	516
412	519
412	530
413	357
413	382
413	425
413	477
413	479
413	481
413	487
413	492
413	493
413	513
413	522
413	528
413	530
413	534
413	539
413	803
414	371
414	382
414	475
414	477
414	492
414	505
414	506
414	528
414	530
414	531
414	532
414	534
414	538
414	539
414	540
414	789
415	131
415	354
415	393
415	406
415	433
415	445
415	461
415	495
415	496
415	497
415	510
415	519
415	521
415	523
415	524
415	541
416	362
416	383
416	425
416	444
416	468
416	477
416	479
416	486
416	518
416	528
416	530
416	532
416	535
416	539
416	540
416	986
417	16
417	358
417	385
417	398
417	405
417	437
417	449
417	488
417	494
417	504
417	508
417	526
417	527
417	529
417	531
417	536
418	320
418	372
418	380
418	387
418	399
418	430
418	440
418	442
418	447
418	464
418	469
418	472
418	483
418	489
418	506
418	709
419	326
419	347
419	373
419	451
419	462
419	467
419	473
419	495
419	502
419	503
419	506
419	510
419	511
419	514
419	524
419	541
420	376
420	405
420	449
420	473
420	479
420	483
420	486
420	490
420	505
420	509
420	522
420	524
420	529
420	532
420	534
420	539
420	540
421	332
421	345
421	431
421	452
421	453
421	466
421	477
421	486
421	490
421	505
421	509
421	522
421	528
421	535
421	539
421	540
421	868
422	424
422	425
422	438
422	454
422	477
422	492
422	499
422	500
422	509
422	522
422	530
422	532
422	533
422	534
422	535
422	540
422	761
423	391
423	427
423	448
423	478
423	488
423	497
423	502
423	503
423	511
423	512
423	521
423	523
423	524
423	537
423	538
423	541
423	641
424	307
424	359
424	361
424	365
424	377
424	422
424	450
424	456
424	462
424	474
424	481
424	491
424	515
424	516
424	519
424	540
424	769
425	357
425	369
425	373
425	375
425	392
425	413
425	416
425	422
425	437
425	454
425	468
425	490
425	528
425	535
425	539
425	540
425	849
426	36
426	304
426	311
426	312
426	321
426	348
426	352
426	383
426	388
426	398
426	401
426	458
426	459
426	470
426	484
426	489
426	498
427	72
427	351
427	355
427	406
427	407
427	423
427	448
427	457
427	467
427	497
427	499
427	502
427	503
427	506
427	514
427	521
427	541
428	208
428	384
428	388
428	409
428	451
428	457
428	460
428	482
428	496
428	500
428	512
428	513
428	517
428	520
428	525
428	537
428	538
429	298
429	315
429	316
429	397
429	432
429	448
429	474
429	479
429	505
429	530
429	532
429	534
429	535
429	536
429	539
429	540
429	767
430	305
430	309
430	312
430	320
430	331
430	387
430	390
430	418
430	440
430	442
430	464
430	469
430	482
430	483
430	484
430	537
430	797
431	264
431	421
431	446
431	487
431	492
431	503
431	505
431	507
431	509
431	518
431	527
431	528
431	529
431	530
431	533
431	534
431	540
432	307
432	360
432	393
432	429
432	453
432	475
432	490
432	501
432	509
432	518
432	522
432	532
432	533
432	534
432	535
432	539
432	580
433	60
433	304
433	359
433	371
433	374
433	386
433	406
433	415
433	448
433	451
433	497
433	502
433	514
433	523
433	524
433	527
433	541
434	300
434	305
434	309
434	320
434	329
434	331
434	390
434	399
434	436
434	440
434	442
434	469
434	472
434	482
434	483
434	515
434	541
434	724
435	338
435	385
435	445
435	466
435	484
435	488
435	493
435	501
435	504
435	508
435	514
435	526
435	527
435	529
435	530
435	531
435	536
435	950
436	249
436	315
436	332
436	376
436	434
436	445
436	447
436	476
436	488
436	493
436	508
436	509
436	526
436	527
436	529
436	531
436	532
436	536
437	351
437	376
437	408
437	417
437	425
437	476
437	493
437	494
437	501
437	513
437	516
437	526
437	527
437	529
437	531
437	536
437	541
437	771
438	193
438	317
438	375
438	422
438	453
438	454
438	472
438	473
438	518
438	519
438	522
438	524
438	528
438	532
438	533
438	537
438	539
438	540
439	345
439	361
439	367
439	403
439	444
439	450
439	452
439	456
439	462
439	467
439	480
439	481
439	487
439	491
439	511
439	515
439	516
439	519
440	300
440	329
440	331
440	335
440	369
440	386
440	390
440	399
440	418
440	430
440	434
440	469
440	482
440	483
440	491
440	527
440	536
440	848
441	319
441	361
441	365
441	378
441	380
441	391
441	412
441	456
441	471
441	480
441	481
441	491
441	515
441	516
441	518
441	519
441	536
441	928
442	309
442	335
442	369
442	372
442	386
442	387
442	418
442	430
442	434
442	453
442	464
442	469
442	472
442	482
442	483
442	487
442	498
442	516
442	742
443	305
443	364
443	389
443	400
443	402
443	455
443	457
443	477
443	485
443	496
443	498
443	512
443	513
443	517
443	525
443	534
443	537
443	538
443	725
444	316
444	365
444	367
444	380
444	403
444	416
444	439
444	450
444	465
444	471
444	474
444	480
444	491
444	513
444	515
444	516
444	519
444	541
444	591
445	269
445	339
445	376
445	385
445	415
445	435
445	436
445	463
445	486
445	488
445	493
445	494
445	496
445	501
445	504
445	527
445	529
445	531
445	536
446	298
446	346
446	390
446	397
446	411
446	431
446	464
446	477
446	501
446	505
446	522
446	528
446	530
446	532
446	533
446	535
446	538
446	540
446	556
447	98
447	333
447	370
447	409
447	418
447	436
447	455
447	457
447	485
447	493
447	496
447	500
447	507
447	513
447	517
447	520
447	533
447	537
447	538
448	142
448	320
448	374
448	406
448	423
448	427
448	429
448	433
448	451
448	454
448	461
448	478
448	495
448	499
448	510
448	511
448	514
448	524
448	541
449	334
449	345
449	357
449	375
449	405
449	417
449	420
449	454
449	475
449	497
449	505
449	516
449	528
449	532
449	533
449	534
449	535
449	539
449	540
449	987
450	306
450	322
450	377
450	383
450	401
450	424
450	439
450	444
450	452
450	462
450	471
450	481
450	491
450	515
450	516
450	519
450	524
450	528
450	535
450	737
451	328
451	333
451	339
451	347
451	354
451	374
451	391
451	419
451	428
451	433
451	448
451	467
451	495
451	503
451	510
451	521
451	524
451	537
451	541
451	785
452	367
452	401
452	403
452	421
452	439
452	450
452	462
452	465
452	471
452	474
452	480
452	481
452	483
452	491
452	500
452	503
452	515
452	516
452	519
452	730
453	65
453	311
453	317
453	421
453	432
453	438
453	442
453	463
453	473
453	476
453	477
453	487
453	492
453	509
453	518
453	528
453	530
453	534
453	539
453	540
454	340
454	390
454	422
454	425
454	438
454	448
454	449
454	464
454	466
454	468
454	486
454	490
454	528
454	532
454	533
454	534
454	535
454	539
454	540
454	760
455	317
455	318
455	338
455	342
455	357
455	364
455	443
455	447
455	460
455	496
455	498
455	500
455	507
455	508
455	517
455	520
455	525
455	537
455	538
455	854
456	175
456	319
456	344
456	382
456	401
456	412
456	424
456	439
456	441
456	462
456	465
456	471
456	480
456	481
456	491
456	515
456	516
456	519
456	527
456	539
457	42
457	298
457	364
457	370
457	427
457	428
457	443
457	447
457	458
457	498
457	500
457	507
457	512
457	513
457	517
457	520
457	525
457	537
457	538
457	539
458	123
458	308
458	314
458	336
458	348
458	352
458	355
458	379
458	383
458	388
458	398
458	407
458	426
458	457
458	459
458	470
458	484
458	487
458	489
458	505
459	71
459	312
459	314
459	327
459	336
459	348
459	379
459	383
459	395
459	398
459	407
459	426
459	458
459	468
459	470
459	484
459	489
459	495
459	520
459	531
460	170
460	306
460	318
460	341
460	394
460	428
460	455
460	461
460	482
460	485
460	496
460	498
460	500
460	507
460	512
460	517
460	518
460	520
460	533
460	537
460	538
461	302
461	324
461	355
461	359
461	362
461	415
461	448
461	460
461	470
461	495
461	499
461	502
461	503
461	506
461	511
461	514
461	521
461	523
461	534
461	541
461	703
462	319
462	365
462	380
462	381
462	403
462	409
462	419
462	424
462	439
462	450
462	452
462	456
462	465
462	474
462	479
462	491
462	509
462	515
462	516
462	528
462	926
463	209
463	298
463	328
463	338
463	348
463	404
463	445
463	453
463	476
463	488
463	494
463	501
463	504
463	507
463	508
463	526
463	527
463	529
463	531
463	534
463	536
464	107
464	300
464	305
464	329
464	331
464	335
464	370
464	372
464	390
464	399
464	418
464	430
464	442
464	446
464	454
464	469
464	472
464	473
464	482
464	483
464	513
465	306
465	319
465	322
465	356
465	365
465	381
465	401
465	444
465	452
465	456
465	462
465	471
465	480
465	481
465	489
465	511
465	515
465	516
465	519
465	537
465	990
466	158
466	350
466	397
466	421
466	435
466	454
466	475
466	477
466	490
466	492
466	504
466	509
466	518
466	519
466	522
466	530
466	532
466	533
466	538
466	539
466	540
467	339
467	362
467	363
467	419
467	427
467	439
467	451
467	468
467	469
467	478
467	497
467	499
467	503
467	506
467	510
467	514
467	521
467	523
467	524
467	525
467	541
467	674
468	315
468	350
468	416
468	425
468	454
468	459
468	467
468	473
468	480
468	490
468	492
468	505
468	509
468	517
468	518
468	522
468	530
468	533
468	534
468	535
468	539
468	974
469	121
469	309
469	320
469	329
469	345
469	369
469	372
469	386
469	396
469	418
469	430
469	434
469	440
469	442
469	464
469	467
469	472
469	482
469	483
469	494
469	498
469	524
469	794
470	300
470	303
470	311
470	314
470	327
470	331
470	336
470	348
470	352
470	383
470	388
470	395
470	398
470	407
470	426
470	458
470	459
470	461
470	484
470	489
470	522
470	534
470	825
471	363
471	375
471	377
471	378
471	381
471	401
471	412
471	441
471	444
471	450
471	452
471	456
471	465
471	474
471	480
471	491
471	494
471	501
471	515
471	516
471	519
471	527
471	664
472	300
472	320
472	329
472	331
472	335
472	345
472	369
472	386
472	387
472	390
472	399
472	418
472	434
472	438
472	442
472	464
472	469
472	479
472	482
472	498
472	514
472	551
472	793
473	313
473	325
473	329
473	366
473	371
473	392
473	419
473	420
473	438
473	453
473	464
473	468
473	487
473	496
473	505
473	522
473	527
473	528
473	530
473	532
473	535
473	539
473	540
473	753
474	22
474	306
474	357
474	361
474	367
474	377
474	378
474	380
474	401
474	412
474	424
474	429
474	444
474	452
474	462
474	471
474	480
474	491
474	512
474	515
474	516
474	519
474	521
474	530
475	307
475	316
475	342
475	354
475	397
475	414
475	432
475	449
475	466
475	481
475	490
475	505
475	509
475	518
475	522
475	523
475	528
475	532
475	533
475	534
475	535
475	539
475	540
475	758
476	298
476	301
476	323
476	332
476	347
476	376
476	396
476	404
476	408
476	436
476	437
476	453
476	463
476	493
476	494
476	504
476	508
476	517
476	526
476	527
476	529
476	531
476	536
476	748
477	295
477	314
477	317
477	382
477	405
477	413
477	414
477	416
477	421
477	422
477	443
477	446
477	453
477	466
477	484
477	487
477	505
477	518
477	519
477	529
477	530
477	534
477	535
477	539
478	331
478	339
478	343
478	354
478	373
478	423
478	448
478	467
478	485
478	495
478	499
478	502
478	503
478	510
478	511
478	514
478	521
478	523
478	524
478	531
478	532
478	539
478	541
478	975
479	294
479	313
479	316
479	325
479	382
479	411
479	413
479	416
479	420
479	429
479	462
479	472
479	505
479	509
479	518
479	522
479	525
479	529
479	531
479	532
479	534
479	535
479	539
479	540
479	653
480	20
480	322
480	361
480	366
480	377
480	381
480	403
480	412
480	439
480	441
480	444
480	452
480	456
480	465
480	468
480	471
480	474
480	481
480	490
480	497
480	503
480	515
480	516
480	519
480	658
481	319
481	361
481	367
481	380
481	401
481	403
481	412
481	413
481	424
481	439
481	441
481	450
481	452
481	456
481	465
481	475
481	480
481	488
481	491
481	500
481	515
481	516
481	519
481	525
481	1000
482	300
482	305
482	319
482	320
482	331
482	335
482	345
482	369
482	372
482	386
482	387
482	395
482	399
482	402
482	428
482	430
482	434
482	440
482	442
482	460
482	464
482	469
482	472
482	483
482	765
483	162
483	305
483	331
483	335
483	345
483	369
483	372
483	386
483	387
483	390
483	399
483	406
483	418
483	420
483	430
483	434
483	440
483	442
483	452
483	464
483	469
483	482
483	491
483	505
483	713
484	303
484	308
484	311
484	312
484	314
484	321
484	327
484	336
484	348
484	352
484	379
484	388
484	395
484	407
484	426
484	430
484	435
484	458
484	459
484	470
484	477
484	489
484	503
484	525
484	533
484	978
485	194
485	326
485	340
485	368
485	370
485	394
485	405
485	410
485	443
485	447
485	460
485	478
485	496
485	498
485	499
485	502
485	507
485	512
485	513
485	517
485	520
485	522
485	525
485	537
485	538
485	955
486	201
486	298
486	317
486	322
486	337
486	346
486	357
486	402
486	416
486	420
486	421
486	445
486	454
486	487
486	490
486	492
486	509
486	518
486	522
486	523
486	528
486	530
486	534
486	539
486	540
486	701
487	323
487	354
487	356
487	366
487	400
487	405
487	411
487	413
487	431
487	439
487	442
487	453
487	458
487	473
487	477
487	486
487	490
487	492
487	505
487	509
487	518
487	522
487	528
487	534
487	535
487	540
487	777
488	324
488	328
488	349
488	380
488	385
488	404
488	408
488	411
488	417
488	423
488	435
488	436
488	445
488	463
488	481
488	493
488	494
488	501
488	504
488	507
488	508
488	526
488	527
488	529
488	531
488	536
488	901
489	155
489	303
489	308
489	311
489	312
489	314
489	321
489	327
489	336
489	348
489	352
489	379
489	383
489	388
489	395
489	398
489	407
489	409
489	418
489	426
489	458
489	459
489	465
489	470
489	484
489	505
489	515
489	532
490	222
490	265
490	346
490	375
490	377
490	400
490	401
490	405
490	411
490	420
490	421
490	425
490	432
490	454
490	466
490	468
490	475
490	480
490	486
490	487
490	505
490	509
490	518
490	520
490	528
490	530
490	532
490	533
491	322
491	336
491	366
491	367
491	377
491	378
491	379
491	380
491	403
491	412
491	424
491	439
491	440
491	441
491	444
491	450
491	452
491	456
491	462
491	471
491	474
491	481
491	483
491	515
491	516
491	519
491	526
491	789
492	325
492	332
492	348
492	371
492	391
492	413
492	414
492	422
492	431
492	453
492	466
492	468
492	486
492	487
492	501
492	505
492	509
492	511
492	515
492	518
492	522
492	528
492	530
492	532
492	533
492	534
492	539
492	678
493	69
493	149
493	310
493	324
493	344
493	349
493	377
493	396
493	413
493	435
493	436
493	437
493	445
493	447
493	476
493	488
493	494
493	501
493	504
493	508
493	509
493	526
493	527
493	529
493	530
493	531
493	532
493	536
494	310
494	332
494	352
494	358
494	360
494	368
494	387
494	396
494	404
494	408
494	417
494	437
494	445
494	463
494	469
494	471
494	476
494	488
494	493
494	501
494	504
494	508
494	526
494	527
494	529
494	531
494	536
494	537
494	697
495	277
495	330
495	353
495	354
495	356
495	374
495	384
495	391
495	392
495	411
495	415
495	419
495	448
495	451
495	459
495	461
495	478
495	497
495	499
495	504
495	506
495	510
495	511
495	514
495	521
495	523
495	524
495	541
495	757
496	333
496	341
496	342
496	370
496	384
496	400
496	410
496	415
496	428
496	443
496	445
496	447
496	455
496	460
496	473
496	485
496	498
496	500
496	507
496	512
496	513
496	517
496	520
496	521
496	525
496	536
496	537
496	538
496	547
497	334
497	354
497	362
497	363
497	373
497	382
497	391
497	393
497	415
497	423
497	427
497	433
497	449
497	467
497	480
497	495
497	499
497	502
497	503
497	506
497	508
497	510
497	511
497	514
497	521
497	523
497	524
497	534
497	541
497	905
498	174
498	330
498	342
498	368
498	384
498	389
498	394
498	400
498	402
498	426
498	442
498	443
498	455
498	457
498	460
498	469
498	472
498	485
498	496
498	500
498	507
498	512
498	513
498	517
498	520
498	521
498	525
498	528
498	537
498	538
499	13
499	307
499	337
499	347
499	362
499	363
499	374
499	401
499	422
499	427
499	448
499	461
499	467
499	478
499	485
499	495
499	497
499	502
499	503
499	506
499	510
499	511
499	514
499	521
499	523
499	524
499	525
499	526
499	528
499	541
500	265
500	299
500	318
500	370
500	376
500	389
500	394
500	397
500	400
500	402
500	410
500	422
500	428
500	447
500	452
500	455
500	457
500	460
500	481
500	496
500	498
500	507
500	512
500	513
500	517
500	520
500	525
500	536
500	537
500	538
500	795
501	262
501	310
501	312
501	328
501	349
501	358
501	360
501	376
501	385
501	404
501	432
501	435
501	437
501	445
501	446
501	463
501	471
501	488
501	492
501	493
501	494
501	504
501	508
501	526
501	527
501	529
501	531
501	536
501	540
501	541
501	995
502	156
502	309
502	337
502	339
502	351
502	353
502	354
502	356
502	373
502	404
502	406
502	412
502	419
502	423
502	427
502	433
502	461
502	478
502	485
502	497
502	499
502	503
502	506
502	508
502	510
502	511
502	514
502	521
502	523
502	524
502	541
502	714
503	302
503	339
503	347
503	356
503	385
503	393
503	405
503	406
503	411
503	419
503	423
503	427
503	431
503	451
503	452
503	461
503	467
503	478
503	480
503	484
503	497
503	499
503	502
503	506
503	510
503	511
503	514
503	521
503	523
503	524
503	541
503	564
504	135
504	301
504	310
504	324
504	338
504	344
504	351
504	364
504	376
504	384
504	385
504	396
504	408
504	417
504	435
504	445
504	463
504	466
504	476
504	488
504	493
504	494
504	495
504	501
504	508
504	514
504	526
504	527
504	529
504	531
504	535
504	536
505	334
505	357
505	382
505	392
505	397
505	410
505	414
505	420
505	421
505	429
505	431
505	446
505	449
505	458
505	468
505	473
505	475
505	477
505	479
505	483
505	487
505	489
505	490
505	492
505	523
505	528
505	533
505	535
505	538
505	539
505	540
505	717
506	307
506	337
506	339
506	343
506	353
506	354
506	356
506	362
506	391
506	392
506	393
506	412
506	414
506	418
506	419
506	427
506	461
506	467
506	495
506	497
506	499
506	502
506	503
506	510
506	512
506	514
506	521
506	523
506	524
506	536
506	539
506	541
506	857
506	860
507	150
507	152
507	299
507	318
507	330
507	333
507	340
507	346
507	364
507	368
507	385
507	400
507	409
507	410
507	431
507	447
507	455
507	457
507	460
507	463
507	485
507	488
507	496
507	498
507	500
507	512
507	513
507	517
507	520
507	525
507	530
507	534
507	537
507	538
508	224
508	301
508	328
508	332
508	344
508	349
508	351
508	358
508	385
508	396
508	404
508	408
508	417
508	435
508	436
508	455
508	463
508	476
508	488
508	493
508	494
508	497
508	501
508	502
508	504
508	518
508	526
508	527
508	529
508	531
508	536
508	539
508	541
508	690
509	298
509	302
509	317
509	366
509	392
509	404
509	411
509	420
509	421
509	422
509	431
509	432
509	436
509	453
509	462
509	466
509	468
509	475
509	479
509	486
509	487
509	490
509	492
509	493
509	518
509	530
509	532
509	533
509	534
509	539
509	540
509	541
509	596
509	831
510	302
510	304
510	325
510	331
510	347
510	353
510	354
510	355
510	362
510	374
510	378
510	399
510	400
510	415
510	419
510	448
510	451
510	467
510	478
510	495
510	497
510	499
510	502
510	503
510	506
510	511
510	514
510	517
510	521
510	524
510	529
510	541
510	776
510	979
511	166
511	347
511	350
511	353
511	355
511	356
511	359
511	363
511	374
511	393
511	406
511	409
511	419
511	423
511	439
511	448
511	461
511	465
511	478
511	492
511	495
511	497
511	499
511	502
511	503
511	510
511	514
511	516
511	517
511	521
511	523
511	524
511	541
511	763
512	149
512	330
512	333
512	340
512	341
512	364
512	368
512	369
512	384
512	394
512	400
512	409
512	410
512	423
512	428
512	443
512	457
512	460
512	474
512	485
512	496
512	498
512	500
512	506
512	507
512	513
512	517
512	520
512	522
512	525
512	535
512	537
512	538
512	929
513	316
513	326
513	330
513	340
513	341
513	364
513	368
513	370
513	389
513	394
513	402
513	409
513	410
513	413
513	428
513	437
513	443
513	444
513	447
513	457
513	464
513	485
513	496
513	498
513	500
513	507
513	512
513	517
513	520
513	524
513	525
513	534
513	537
513	538
513	972
514	135
514	159
514	307
514	337
514	347
514	355
514	359
514	362
514	363
514	373
514	390
514	391
514	419
514	427
514	433
514	435
514	448
514	461
514	467
514	472
514	478
514	495
514	497
514	499
514	502
514	503
514	504
514	506
514	510
514	511
514	521
514	523
514	526
514	532
514	533
514	541
515	303
515	306
515	322
515	326
515	350
515	361
515	365
515	367
515	377
515	378
515	380
515	381
515	401
515	403
515	412
515	424
515	434
515	439
515	441
515	444
515	450
515	452
515	456
515	462
515	465
515	471
515	474
515	480
515	481
515	489
515	491
515	492
515	516
515	519
515	538
515	706
515	746
516	96
516	306
516	319
516	322
516	360
516	361
516	365
516	367
516	377
516	378
516	380
516	381
516	401
516	403
516	412
516	424
516	437
516	439
516	441
516	442
516	444
516	449
516	450
516	452
516	456
516	462
516	465
516	471
516	474
516	480
516	481
516	491
516	511
516	515
516	519
516	533
516	536
516	881
517	299
517	318
517	326
517	333
517	340
517	342
517	347
517	358
517	359
517	384
517	389
517	394
517	402
517	410
517	428
517	443
517	447
517	455
517	457
517	460
517	468
517	476
517	485
517	496
517	498
517	500
517	507
517	510
517	511
517	512
517	513
517	520
517	525
517	537
517	538
517	540
517	649
517	768
518	299
518	303
518	322
518	334
518	350
518	357
518	366
518	371
518	373
518	378
518	416
518	431
518	432
518	438
518	441
518	453
518	460
518	466
518	468
518	475
518	477
518	479
518	486
518	487
518	490
518	492
518	508
518	509
518	522
518	528
518	530
518	532
518	533
518	534
518	535
518	539
518	540
518	581
519	306
519	319
519	322
519	361
519	365
519	367
519	374
519	377
519	378
519	380
519	381
519	389
519	401
519	403
519	412
519	415
519	424
519	438
519	439
519	441
519	444
519	450
519	452
519	456
519	465
519	466
519	471
519	474
519	477
519	480
519	481
519	491
519	515
519	516
519	527
519	534
519	826
519	970
520	4
520	73
520	302
520	330
520	340
520	341
520	342
520	368
520	370
520	384
520	388
520	389
520	400
520	402
520	409
520	410
520	428
520	447
520	455
520	457
520	459
520	460
520	485
520	490
520	496
520	498
520	500
520	507
520	512
520	513
520	517
520	525
520	530
520	533
520	535
520	537
520	538
520	541
521	11
521	164
521	301
521	302
521	304
521	307
521	310
521	343
521	356
521	359
521	363
521	373
521	374
521	385
521	393
521	406
521	415
521	423
521	427
521	451
521	461
521	467
521	474
521	478
521	495
521	496
521	497
521	498
521	499
521	502
521	503
521	506
521	510
521	511
521	514
521	523
521	524
521	535
521	537
522	299
522	316
522	323
522	334
522	346
522	350
522	357
522	366
522	372
522	377
522	387
522	392
522	394
522	413
522	420
522	421
522	422
522	432
522	438
522	446
522	466
522	468
522	470
522	473
522	475
522	479
522	485
522	486
522	487
522	492
522	512
522	518
522	530
522	532
522	534
522	535
522	539
522	540
522	544
522	781
523	297
523	302
523	304
523	336
523	343
523	347
523	353
523	355
523	356
523	359
523	362
523	373
523	374
523	379
523	389
523	391
523	393
523	404
523	406
523	415
523	423
523	433
523	461
523	467
523	475
523	478
523	486
523	495
523	497
523	499
523	502
523	503
523	505
523	506
523	511
523	514
523	521
523	524
523	530
523	541
523	707
524	302
524	304
524	337
524	339
524	343
524	347
524	353
524	355
524	356
524	373
524	374
524	391
524	399
524	415
524	419
524	420
524	423
524	433
524	438
524	448
524	450
524	451
524	467
524	469
524	478
524	495
524	497
524	499
524	502
524	503
524	506
524	510
524	511
524	513
524	521
524	523
524	532
524	538
524	541
524	793
524	941
525	299
525	318
525	321
525	323
525	326
525	330
525	333
525	340
525	341
525	342
525	364
525	368
525	384
525	389
525	394
525	400
525	402
525	409
525	410
525	428
525	443
525	455
525	457
525	467
525	479
525	481
525	484
525	485
525	496
525	498
525	499
525	500
525	507
525	512
525	513
525	517
525	520
525	537
525	538
525	541
525	715
525	922
526	95
526	165
526	300
526	301
526	309
526	310
526	315
526	324
526	328
526	332
526	338
526	344
526	349
526	351
526	355
526	358
526	360
526	376
526	380
526	389
526	396
526	404
526	408
526	417
526	435
526	436
526	437
526	463
526	476
526	488
526	491
526	493
526	494
526	499
526	501
526	504
526	508
526	514
526	527
526	529
526	531
526	536
527	301
527	310
527	315
527	324
527	328
527	332
527	338
527	344
527	349
527	351
527	358
527	360
527	376
527	385
527	396
527	408
527	417
527	431
527	433
527	435
527	436
527	437
527	440
527	445
527	456
527	463
527	471
527	473
527	476
527	488
527	493
527	494
527	501
527	504
527	508
527	519
527	526
527	529
527	531
527	535
527	536
527	949
527	962
528	88
528	318
528	325
528	333
528	334
528	337
528	366
528	373
528	375
528	382
528	392
528	405
528	410
528	413
528	414
528	416
528	421
528	425
528	431
528	438
528	446
528	449
528	450
528	453
528	454
528	462
528	473
528	475
528	486
528	487
528	490
528	492
528	498
528	499
528	505
528	518
528	530
528	532
528	533
528	535
528	539
528	540
528	995
529	301
529	315
529	324
529	328
529	332
529	338
529	344
529	349
529	351
529	358
529	360
529	371
529	375
529	376
529	385
529	391
529	404
529	408
529	417
529	420
529	431
529	435
529	436
529	437
529	445
529	463
529	476
529	477
529	479
529	488
529	493
529	494
529	501
529	504
529	508
529	510
529	526
529	527
529	531
529	536
529	629
529	835
529	986
530	175
530	298
530	317
530	325
530	346
530	363
530	371
530	382
530	397
530	405
530	411
530	412
530	413
530	414
530	416
530	422
530	429
530	431
530	435
530	446
530	453
530	466
530	468
530	473
530	474
530	477
530	486
530	490
530	492
530	493
530	507
530	509
530	518
530	520
530	522
530	523
530	528
530	532
530	533
530	534
530	535
530	538
530	539
530	593
531	301
531	310
531	315
531	324
531	328
531	332
531	338
531	344
531	351
531	358
531	360
531	370
531	376
531	385
531	396
531	403
531	404
531	406
531	408
531	414
531	417
531	435
531	436
531	437
531	445
531	459
531	463
531	476
531	478
531	479
531	488
531	493
531	494
531	501
531	504
531	508
531	526
531	527
531	529
531	532
531	536
531	537
531	963
531	988
532	153
532	316
532	340
532	346
532	350
532	366
532	371
532	378
532	382
532	411
532	414
532	416
532	420
532	422
532	429
532	432
532	436
532	438
532	446
532	449
532	454
532	466
532	473
532	475
532	478
532	479
532	489
532	490
532	492
532	493
532	509
532	514
532	518
532	522
532	524
532	528
532	530
532	531
532	533
532	534
532	535
532	540
532	985
532	991
533	280
533	292
533	298
533	313
533	316
533	325
533	346
533	366
533	368
533	371
533	375
533	392
533	397
533	402
533	406
533	422
533	431
533	432
533	438
533	446
533	447
533	449
533	454
533	460
533	466
533	468
533	475
533	484
533	490
533	492
533	505
533	509
533	514
533	516
533	518
533	520
533	528
533	530
533	532
533	534
533	535
533	539
533	540
533	924
534	268
534	323
534	342
534	350
534	366
534	371
534	375
534	397
534	405
534	411
534	413
534	414
534	420
534	422
534	429
534	431
534	432
534	443
534	449
534	453
534	454
534	461
534	463
534	468
534	470
534	475
534	477
534	479
534	486
534	487
534	492
534	497
534	507
534	509
534	513
534	518
534	519
534	522
534	530
534	532
534	533
534	539
534	540
534	786
534	794
535	172
535	310
535	313
535	323
535	334
535	346
535	349
535	350
535	357
535	371
535	375
535	382
535	392
535	408
535	416
535	421
535	422
535	425
535	429
535	432
535	446
535	449
535	450
535	454
535	468
535	473
535	475
535	477
535	479
535	487
535	504
535	505
535	512
535	518
535	520
535	521
535	522
535	527
535	528
535	530
535	532
535	533
535	539
535	540
535	982
536	278
536	301
536	306
536	310
536	315
536	317
536	324
536	328
536	332
536	338
536	344
536	349
536	351
536	358
536	360
536	376
536	385
536	396
536	399
536	404
536	408
536	417
536	429
536	435
536	436
536	437
536	440
536	441
536	445
536	463
536	476
536	488
536	493
536	494
536	496
536	500
536	501
536	504
536	506
536	508
536	516
536	526
536	527
536	529
536	531
536	770
537	299
537	318
537	326
537	327
537	330
537	333
537	340
537	341
537	342
537	364
537	368
537	370
537	384
537	389
537	394
537	400
537	402
537	409
537	410
537	423
537	428
537	430
537	438
537	443
537	447
537	451
537	455
537	457
537	460
537	465
537	485
537	494
537	496
537	498
537	500
537	507
537	512
537	513
537	517
537	520
537	521
537	525
537	531
537	538
537	652
537	911
538	57
538	299
538	308
538	318
538	326
538	330
538	333
538	340
538	341
538	342
538	353
538	364
538	368
538	370
538	384
538	389
538	394
538	400
538	402
538	409
538	410
538	414
538	423
538	428
538	443
538	446
538	447
538	455
538	457
538	460
538	466
538	485
538	496
538	498
538	500
538	505
538	507
538	512
538	513
538	515
538	517
538	520
538	524
538	525
538	530
538	537
538	902
539	308
539	323
539	329
539	334
539	343
539	357
539	374
539	397
539	405
539	413
539	414
539	416
539	420
539	421
539	425
539	429
539	432
539	438
539	449
539	453
539	454
539	456
539	457
539	466
539	468
539	473
539	475
539	477
539	478
539	479
539	486
539	492
539	505
539	506
539	508
539	509
539	518
539	522
539	528
539	530
539	533
539	534
539	535
539	540
539	541
539	666
539	858
539	946
540	296
540	298
540	308
540	316
540	324
540	346
540	356
540	361
540	363
540	366
540	367
540	375
540	392
540	405
540	411
540	414
540	416
540	420
540	421
540	422
540	424
540	425
540	429
540	431
540	438
540	446
540	449
540	453
540	454
540	466
540	473
540	475
540	479
540	486
540	487
540	501
540	505
540	509
540	517
540	518
540	522
540	528
540	532
540	533
540	534
540	535
540	539
540	749
541	304
541	307
541	330
541	337
541	339
541	353
541	354
541	355
541	356
541	359
541	362
541	363
541	373
541	374
541	391
541	393
541	406
541	415
541	419
541	423
541	427
541	433
541	434
541	437
541	444
541	448
541	451
541	461
541	467
541	478
541	495
541	497
541	499
541	501
541	502
541	503
541	506
541	508
541	509
541	510
541	511
541	514
541	520
541	523
541	524
541	525
541	539
541	865
541	964
542	547
542	646
542	738
542	742
542	767
542	769
542	773
542	778
542	785
542	786
543	661
543	704
543	716
543	729
543	737
543	743
543	750
543	760
543	762
543	786
544	522
544	548
544	684
544	698
544	727
544	740
544	747
544	765
544	780
544	791
545	645
545	648
545	684
545	723
545	727
545	731
545	739
545	747
545	748
545	765
546	699
546	703
546	713
546	755
546	758
546	766
546	787
546	795
546	796
546	879
547	496
547	542
547	581
547	619
547	768
547	773
547	785
547	786
547	794
547	798
548	544
548	570
548	688
548	692
548	725
548	727
548	731
548	740
548	747
548	765
549	61
549	607
549	743
549	755
549	766
549	771
549	772
549	780
549	788
549	795
550	569
550	664
550	691
550	721
550	735
550	746
550	750
550	760
550	762
550	794
551	472
551	732
551	749
551	752
551	782
551	789
551	790
551	791
551	793
551	797
552	649
552	658
552	705
552	709
552	715
552	733
552	745
552	764
552	775
552	789
553	594
553	603
553	753
553	772
553	779
553	787
553	788
553	795
553	796
553	978
554	610
554	649
554	679
554	728
554	742
554	769
554	777
554	783
554	793
554	896
555	596
555	633
555	636
555	653
555	665
555	695
555	706
555	707
555	751
555	757
556	446
556	632
556	717
556	724
556	735
556	737
556	743
556	746
556	760
556	762
557	587
557	627
557	638
557	710
557	720
557	775
557	777
557	783
557	793
557	844
558	106
558	683
558	691
558	717
558	721
558	737
558	750
558	760
558	762
558	780
559	652
559	655
559	687
559	726
559	748
559	759
559	777
559	783
559	793
559	993
560	102
560	637
560	669
560	715
560	722
560	733
560	753
560	774
560	775
560	792
561	572
561	615
561	656
561	658
561	739
561	744
561	773
561	780
561	782
561	797
562	565
562	595
562	650
562	693
562	695
562	770
562	785
562	788
562	791
562	798
563	716
563	717
563	721
563	729
563	746
563	750
563	760
563	762
563	775
563	795
564	503
564	604
564	658
564	711
564	712
564	726
564	733
564	764
564	774
564	775
565	562
565	701
565	708
565	763
565	780
565	781
565	782
565	789
565	790
565	797
566	599
566	690
566	692
566	722
566	725
566	753
566	762
566	764
566	774
566	775
567	588
567	622
567	692
567	723
567	727
567	731
567	746
567	747
567	765
567	772
568	609
568	615
568	650
568	654
568	732
568	782
568	789
568	797
568	798
568	917
569	550
569	681
569	734
569	744
569	763
569	780
569	789
569	790
569	797
569	975
570	548
570	588
570	648
570	664
570	675
570	698
570	727
570	731
570	765
570	890
571	579
571	724
571	732
571	738
571	754
571	768
571	781
571	784
571	785
571	792
571	798
572	561
572	675
572	683
572	718
572	749
572	752
572	761
572	780
572	782
572	790
572	797
573	643
573	750
573	754
573	755
573	766
573	771
573	787
573	788
573	789
573	795
573	796
574	608
574	612
574	620
574	705
574	711
574	725
574	726
574	753
574	764
574	774
574	891
575	199
575	588
575	601
575	621
575	662
575	692
575	723
575	727
575	740
575	747
575	765
576	84
576	629
576	748
576	763
576	766
576	772
576	779
576	787
576	788
576	795
576	796
577	644
577	673
577	748
577	754
577	757
577	771
577	774
577	788
577	795
577	796
577	994
578	625
578	643
578	661
578	723
578	748
578	754
578	758
578	779
578	787
578	795
578	796
579	571
579	666
579	737
579	742
579	776
579	781
579	784
579	785
579	791
579	792
579	794
580	432
580	651
580	664
580	667
580	704
580	716
580	735
580	743
580	751
580	762
580	776
581	518
581	547
581	592
581	681
581	739
581	763
581	780
581	782
581	789
581	790
581	797
582	618
582	624
582	629
582	694
582	696
582	707
582	751
582	757
582	782
582	796
582	920
583	584
583	619
583	658
583	665
583	691
583	694
583	696
583	707
583	751
583	757
583	856
584	583
584	600
584	602
584	624
584	686
584	694
584	696
584	701
584	707
584	751
584	757
585	632
585	644
585	684
585	698
585	727
585	731
585	740
585	741
585	747
585	748
585	765
586	691
586	704
586	716
586	721
586	729
586	735
586	746
586	750
586	760
586	769
586	771
587	557
587	607
587	627
587	637
587	736
587	741
587	759
587	769
587	777
587	783
587	793
588	567
588	570
588	575
588	644
588	681
588	692
588	698
588	727
588	731
588	765
588	767
589	709
589	711
589	719
589	722
589	726
589	753
589	756
589	764
589	774
589	775
589	783
590	606
590	624
590	653
590	665
590	696
590	706
590	722
590	751
590	757
590	773
590	792
591	444
591	635
591	672
591	673
591	747
591	763
591	780
591	782
591	789
591	790
591	797
592	581
592	710
592	718
592	720
592	728
592	759
592	769
592	771
592	778
592	783
592	793
593	530
593	616
593	670
593	671
593	687
593	736
593	769
593	770
593	777
593	793
593	796
594	553
594	716
594	717
594	735
594	737
594	743
594	746
594	750
594	762
594	781
594	785
595	562
595	609
595	631
595	682
595	695
595	730
595	759
595	781
595	791
595	794
595	795
596	509
596	555
596	682
596	695
596	713
596	725
596	773
596	778
596	784
596	786
596	794
597	94
597	686
597	709
597	715
597	722
597	725
597	742
597	745
597	764
597	774
597	775
598	601
598	644
598	648
598	698
598	719
598	723
598	730
598	731
598	740
598	747
598	765
598	791
599	566
599	655
599	686
599	700
599	712
599	718
599	719
599	726
599	749
599	753
599	774
599	775
600	584
600	606
600	619
600	624
600	629
600	633
600	694
600	702
600	707
600	711
600	751
600	757
601	575
601	598
601	644
601	684
601	692
601	723
601	727
601	740
601	741
601	747
601	765
601	768
602	584
602	619
602	633
602	636
602	653
602	694
602	706
602	729
602	751
602	757
602	771
602	778
603	553
603	666
603	710
603	729
603	754
603	768
603	771
603	772
603	779
603	787
603	788
603	796
604	564
604	697
604	734
604	739
604	745
604	770
604	776
604	786
604	792
604	794
604	798
604	990
605	618
605	655
605	699
605	710
605	718
605	736
605	759
605	769
605	777
605	783
605	793
605	796
606	590
606	600
606	618
606	653
606	665
606	696
606	707
606	710
606	751
606	757
606	771
606	797
607	549
607	587
607	608
607	679
607	755
607	771
607	772
607	779
607	783
607	787
607	795
607	796
608	145
608	574
608	607
608	639
608	686
608	754
608	766
608	775
608	787
608	788
608	795
608	796
609	568
609	595
609	659
609	739
609	761
609	778
609	780
609	782
609	788
609	790
609	797
609	871
610	554
610	626
610	647
610	689
610	741
610	759
610	768
610	777
610	783
610	792
610	793
610	977
611	648
611	649
611	705
611	711
611	712
611	715
611	722
611	733
611	753
611	774
611	775
611	791
612	574
612	658
612	668
612	686
612	719
612	722
612	725
612	764
612	774
612	775
612	796
612	966
613	377
613	644
613	645
613	648
613	688
613	698
613	723
613	731
613	740
613	747
613	764
613	765
614	172
614	618
614	624
614	629
614	694
614	695
614	696
614	706
614	707
614	751
614	757
614	759
615	561
615	568
615	617
615	623
615	732
615	754
615	763
615	780
615	789
615	790
615	797
615	963
616	245
616	593
616	653
616	687
616	702
616	720
616	728
616	759
616	769
616	777
616	783
616	793
617	615
617	673
617	703
617	712
617	745
617	748
617	754
617	772
617	787
617	788
617	795
617	796
618	168
618	582
618	605
618	606
618	614
618	629
618	694
618	706
618	707
618	725
618	748
618	751
618	757
619	148
619	547
619	583
619	600
619	602
619	633
619	636
619	679
619	693
619	694
619	707
619	751
619	757
620	302
620	574
620	647
620	662
620	692
620	695
620	718
620	720
620	741
620	769
620	777
620	783
620	793
621	575
621	674
621	702
621	739
621	749
621	752
621	761
621	763
621	780
621	782
621	789
621	790
621	797
622	567
622	657
622	684
622	692
622	698
622	723
622	731
622	736
622	740
622	747
622	765
622	797
622	969
623	144
623	615
623	646
623	667
623	675
623	681
623	752
623	763
623	780
623	782
623	789
623	790
623	797
624	582
624	584
624	590
624	600
624	614
624	633
624	696
624	706
624	751
624	754
624	757
624	790
624	980
625	291
625	578
625	730
625	738
625	757
625	770
625	776
625	778
625	785
625	787
625	791
625	792
625	798
626	610
626	693
626	734
626	767
626	768
626	773
626	778
626	781
626	787
626	790
626	791
626	794
626	869
627	557
627	587
627	655
627	671
627	688
627	710
627	720
627	773
627	777
627	781
627	783
627	790
627	793
628	678
628	731
628	754
628	755
628	771
628	772
628	775
628	779
628	787
628	788
628	791
628	795
628	796
629	529
629	576
629	582
629	600
629	614
629	618
629	696
629	706
629	707
629	722
629	751
629	757
629	775
630	364
630	724
630	734
630	749
630	755
630	756
630	773
630	776
630	785
630	791
630	792
630	794
630	798
631	595
631	637
631	697
631	719
631	742
631	745
631	756
631	765
631	770
631	773
631	778
631	784
631	792
631	794
632	354
632	556
632	585
632	657
632	672
632	744
632	749
632	761
632	763
632	767
632	782
632	789
632	790
632	797
633	555
633	600
633	602
633	619
633	624
633	653
633	664
633	694
633	696
633	706
633	717
633	751
633	757
633	763
634	714
634	734
634	762
634	767
634	770
634	774
634	776
634	783
634	784
634	785
634	786
634	791
634	798
634	930
635	591
635	641
635	659
635	667
635	708
635	744
635	749
635	752
635	761
635	776
635	780
635	782
635	789
635	797
636	240
636	555
636	602
636	619
636	653
636	665
636	694
636	696
636	706
636	707
636	751
636	757
636	763
636	777
637	560
637	587
637	631
637	738
637	756
637	762
637	770
637	773
637	778
637	781
637	784
637	785
637	792
637	798
638	557
638	702
638	716
638	730
638	745
638	759
638	773
638	776
638	784
638	785
638	786
638	791
638	792
638	798
639	608
639	661
639	697
639	740
639	755
639	757
639	760
639	766
639	771
639	779
639	787
639	788
639	795
639	796
640	163
640	677
640	687
640	704
640	730
640	743
640	745
640	767
640	768
640	770
640	773
640	784
640	792
640	794
641	423
641	635
641	656
641	659
641	701
641	752
641	761
641	780
641	782
641	789
641	790
641	795
641	797
641	798
642	702
642	753
642	773
642	776
642	778
642	781
642	784
642	786
642	787
642	791
642	792
642	797
642	798
642	845
643	573
643	578
643	668
643	727
643	755
643	758
643	759
643	766
643	771
643	772
643	779
643	785
643	788
643	796
644	59
644	577
644	585
644	588
644	598
644	601
644	613
644	645
644	682
644	727
644	731
644	740
644	765
644	795
645	545
645	613
645	644
645	648
645	684
645	708
645	723
645	731
645	740
645	747
645	765
645	766
645	796
645	834
646	31
646	542
646	623
646	666
646	697
646	700
646	748
646	754
646	755
646	758
646	779
646	787
646	788
646	795
646	796
647	283
647	610
647	620
647	662
647	670
647	710
647	717
647	741
647	759
647	769
647	773
647	777
647	782
647	783
647	793
648	348
648	545
648	570
648	598
648	611
648	613
648	645
648	692
648	697
648	698
648	711
648	723
648	740
648	747
648	765
649	517
649	552
649	554
649	611
649	686
649	690
649	700
649	717
649	725
649	726
649	733
649	764
649	774
649	775
649	795
650	87
650	562
650	568
650	693
650	695
650	700
650	702
650	724
650	725
650	730
650	767
650	781
650	791
650	792
650	798
651	410
651	580
651	667
651	716
651	717
651	721
651	729
651	734
651	737
651	743
651	746
651	760
651	762
651	764
651	777
652	537
652	559
652	683
652	688
652	689
652	699
652	710
652	718
652	728
652	759
652	760
652	769
652	782
652	783
652	793
653	479
653	555
653	590
653	602
653	606
653	616
653	633
653	636
653	665
653	670
653	696
653	706
653	751
653	756
653	757
654	568
654	657
654	665
654	701
654	708
654	739
654	744
654	763
654	771
654	773
654	782
654	789
654	790
654	797
654	958
655	559
655	599
655	605
655	627
655	671
655	710
655	720
655	741
655	747
655	759
655	761
655	769
655	777
655	783
655	793
656	561
656	641
656	665
656	708
656	744
656	749
656	761
656	763
656	774
656	780
656	789
656	790
656	795
656	797
656	947
657	622
657	632
657	654
657	659
657	681
657	732
657	749
657	763
657	780
657	782
657	784
657	789
657	790
657	792
657	797
658	480
658	552
658	561
658	564
658	583
658	612
658	669
658	691
658	709
658	711
658	722
658	753
658	764
658	774
658	775
659	609
659	635
659	641
659	657
659	709
659	721
659	739
659	744
659	761
659	763
659	782
659	789
659	790
659	796
659	797
660	680
660	703
660	706
660	731
660	748
660	758
660	771
660	772
660	773
660	779
660	787
660	788
660	794
660	795
660	796
661	120
661	543
661	578
661	639
661	712
661	738
661	758
661	766
661	771
661	772
661	779
661	787
661	788
661	795
661	796
662	575
662	620
662	647
662	679
662	684
662	688
662	689
662	699
662	710
662	728
662	736
662	738
662	759
662	769
662	783
662	793
663	691
663	701
663	704
663	716
663	717
663	721
663	722
663	729
663	735
663	743
663	746
663	760
663	762
663	787
663	797
663	992
664	471
664	550
664	570
664	580
664	633
664	683
664	726
664	729
664	735
664	737
664	743
664	746
664	750
664	760
664	762
664	783
665	555
665	583
665	590
665	606
665	636
665	653
665	654
665	656
665	694
665	696
665	706
665	707
665	724
665	751
665	757
665	812
666	539
666	579
666	603
666	646
666	678
666	754
666	755
666	756
666	757
666	758
666	771
666	779
666	787
666	788
666	795
666	796
667	251
667	580
667	623
667	635
667	651
667	683
667	704
667	729
667	735
667	737
667	738
667	743
667	746
667	750
667	760
667	762
668	114
668	612
668	643
668	697
668	748
668	755
668	758
668	766
668	772
668	779
668	780
668	785
668	787
668	788
668	795
668	796
669	560
669	658
669	690
669	700
669	712
669	719
669	722
669	726
669	733
669	753
669	762
669	764
669	767
669	774
669	775
669	793
670	593
670	647
670	653
670	687
670	688
670	709
670	710
670	728
670	736
670	741
670	742
670	759
670	777
670	779
670	783
670	793
671	282
671	593
671	627
671	655
671	699
671	718
671	728
671	737
671	741
671	758
671	759
671	763
671	769
671	777
671	783
671	793
672	263
672	591
672	632
672	681
672	688
672	701
672	732
672	739
672	744
672	749
672	752
672	761
672	779
672	790
672	797
672	798
673	577
673	591
673	617
673	703
673	748
673	758
673	766
673	771
673	772
673	779
673	786
673	787
673	788
673	793
673	795
673	796
674	467
674	621
674	680
674	685
674	686
674	714
674	739
674	742
674	756
674	768
674	778
674	781
674	786
674	791
674	792
674	798
675	570
675	572
675	623
675	676
675	681
675	739
675	751
675	759
675	761
675	763
675	765
675	780
675	789
675	790
675	797
675	967
676	276
676	675
676	679
676	701
676	708
676	739
676	744
676	749
676	752
676	761
676	778
676	780
676	789
676	790
676	794
676	797
677	640
677	714
677	738
677	756
677	764
677	766
677	767
677	768
677	769
677	773
677	776
677	778
677	784
677	791
677	794
677	798
677	981
678	492
678	628
678	666
678	703
678	707
678	755
678	766
678	768
678	771
678	772
678	779
678	787
678	788
678	791
678	792
678	795
678	796
679	152
679	554
679	607
679	619
679	662
679	676
679	687
679	710
679	720
679	736
679	741
679	759
679	763
679	769
679	777
679	783
679	793
680	108
680	660
680	674
680	703
680	724
680	754
680	758
680	766
680	769
680	770
680	771
680	772
680	779
680	787
680	788
680	795
680	796
681	112
681	569
681	581
681	588
681	623
681	657
681	672
681	675
681	732
681	739
681	752
681	762
681	763
681	780
681	782
681	788
681	797
682	53
682	595
682	596
682	644
682	695
682	709
682	734
682	740
682	745
682	765
682	781
682	784
682	785
682	786
682	791
682	794
682	798
683	127
683	558
683	572
683	652
683	664
683	667
683	691
683	716
683	717
683	729
683	737
683	743
683	744
683	746
683	750
683	755
683	760
684	544
684	545
684	585
684	601
684	622
684	645
684	662
684	692
684	699
684	723
684	727
684	731
684	740
684	745
684	747
684	765
684	951
685	674
685	693
685	713
685	721
685	727
685	745
685	752
685	767
685	768
685	770
685	776
685	778
685	781
685	784
685	786
685	794
685	798
685	999
686	157
686	584
686	597
686	599
686	608
686	612
686	649
686	674
686	690
686	700
686	715
686	726
686	733
686	743
686	753
686	764
686	774
686	775
687	559
687	593
687	616
687	640
687	670
687	679
687	689
687	720
687	732
687	736
687	741
687	759
687	769
687	777
687	783
687	793
687	798
687	999
688	342
688	548
688	613
688	627
688	652
688	662
688	670
688	672
688	699
688	710
688	718
688	720
688	736
688	741
688	777
688	783
688	793
688	795
689	396
689	610
689	652
689	662
689	687
689	718
689	728
689	736
689	741
689	756
689	759
689	769
689	770
689	777
689	783
689	784
689	785
689	793
690	508
690	566
690	649
690	669
690	686
690	696
690	705
690	715
690	719
690	722
690	725
690	726
690	753
690	764
690	774
690	775
690	790
690	798
691	227
691	550
691	558
691	583
691	586
691	658
691	663
691	683
691	716
691	717
691	721
691	729
691	735
691	737
691	746
691	750
691	760
691	762
691	796
692	548
692	566
692	567
692	575
692	588
692	601
692	620
692	622
692	648
692	684
692	698
692	723
692	727
692	731
692	740
692	747
692	752
692	765
692	770
693	141
693	562
693	619
693	626
693	650
693	685
693	737
693	756
693	761
693	768
693	773
693	776
693	778
693	781
693	786
693	791
693	792
693	794
693	798
694	160
694	582
694	583
694	584
694	600
694	602
694	614
694	618
694	619
694	633
694	636
694	665
694	707
694	723
694	751
694	757
694	763
694	793
694	794
695	173
695	555
695	562
695	595
695	596
695	614
695	620
695	650
695	682
695	756
695	778
695	781
695	782
695	784
695	785
695	791
695	792
695	794
695	798
696	118
696	582
696	583
696	584
696	590
696	606
696	614
696	624
696	629
696	633
696	636
696	653
696	665
696	690
696	706
696	743
696	751
696	757
696	770
697	494
697	604
697	631
697	639
697	646
697	648
697	668
697	748
697	752
697	754
697	755
697	758
697	766
697	772
697	779
697	787
697	788
697	795
697	796
698	266
698	544
698	570
698	585
698	588
698	598
698	613
698	622
698	648
698	692
698	716
698	722
698	723
698	731
698	732
698	740
698	747
698	765
698	797
699	546
699	605
699	652
699	662
699	671
699	684
699	688
699	710
699	728
699	736
699	741
699	759
699	767
699	769
699	777
699	783
699	793
699	798
699	912
700	599
700	646
700	649
700	650
700	669
700	686
700	705
700	712
700	715
700	722
700	725
700	733
700	739
700	753
700	764
700	774
700	775
700	793
700	986
701	486
701	565
701	584
701	641
701	654
701	663
701	672
701	676
701	708
701	744
701	752
701	763
701	780
701	781
701	782
701	789
701	790
701	797
701	798
702	353
702	600
702	616
702	621
702	638
702	642
702	650
702	708
702	738
702	768
702	770
702	778
702	781
702	784
702	785
702	786
702	792
702	794
702	798
703	461
703	546
703	617
703	660
703	673
703	678
703	680
703	732
703	744
703	758
703	761
703	764
703	766
703	771
703	772
703	779
703	787
703	788
703	795
703	796
704	295
704	543
704	580
704	586
704	640
704	663
704	667
704	708
704	716
704	721
704	729
704	735
704	737
704	743
704	744
704	746
704	750
704	760
704	762
704	784
705	189
705	552
705	574
705	611
705	690
705	700
705	709
705	711
705	712
705	715
705	719
705	725
705	733
705	759
705	764
705	774
705	775
705	784
705	787
705	797
706	515
706	555
706	590
706	602
706	614
706	618
706	624
706	629
706	633
706	636
706	653
706	660
706	665
706	696
706	707
706	734
706	751
706	757
706	776
706	793
707	523
707	555
707	582
707	583
707	584
707	600
707	606
707	614
707	618
707	619
707	629
707	636
707	665
707	678
707	694
707	706
707	733
707	751
707	760
707	793
708	145
708	565
708	635
708	645
708	654
708	656
708	676
708	701
708	702
708	704
708	741
708	744
708	749
708	752
708	761
708	780
708	782
708	789
708	790
708	797
709	418
709	552
709	589
709	597
709	658
709	659
709	670
709	682
709	705
709	711
709	712
709	715
709	722
709	726
709	733
709	745
709	753
709	764
709	774
709	775
710	347
710	557
710	592
710	603
710	605
710	606
710	627
710	647
710	652
710	655
710	662
710	670
710	679
710	688
710	699
710	718
710	728
710	776
710	778
710	783
710	793
711	564
711	574
711	589
711	600
711	611
711	648
711	658
711	705
711	709
711	712
711	715
711	719
711	724
711	726
711	728
711	729
711	753
711	764
711	774
711	775
711	976
712	402
712	564
712	599
712	611
712	617
712	661
712	669
712	700
712	705
712	709
712	711
712	715
712	719
712	722
712	725
712	733
712	764
712	771
712	774
712	775
712	792
713	483
713	546
713	596
713	685
713	735
713	742
713	755
713	765
713	767
713	770
713	773
713	776
713	778
713	781
713	782
713	784
713	785
713	791
713	792
713	794
713	798
714	502
714	634
714	674
714	677
714	718
714	734
714	738
714	758
714	766
714	768
714	770
714	773
714	776
714	778
714	784
714	785
714	786
714	790
714	791
714	792
714	794
715	525
715	552
715	560
715	597
715	611
715	686
715	690
715	700
715	705
715	709
715	711
715	712
715	722
715	726
715	730
715	753
715	764
715	768
715	769
715	774
715	775
715	796
716	543
716	563
716	580
716	586
716	594
716	638
716	651
716	663
716	683
716	691
716	698
716	704
716	721
716	729
716	737
716	743
716	746
716	750
716	762
716	775
716	792
716	999
717	505
717	556
717	558
717	563
717	594
717	633
717	647
717	649
717	651
717	663
717	683
717	691
717	721
717	729
717	735
717	737
717	743
717	746
717	750
717	760
717	762
717	789
718	386
718	572
718	592
718	599
718	605
718	620
718	652
718	671
718	688
718	689
718	710
718	714
718	720
718	728
718	736
718	741
718	750
718	766
718	769
718	777
718	783
718	793
719	163
719	589
719	598
719	599
719	612
719	631
719	669
719	690
719	705
719	711
719	712
719	722
719	725
719	726
719	733
719	734
719	747
719	753
719	764
719	774
719	775
719	850
720	258
720	557
720	592
720	616
720	620
720	627
720	655
720	679
720	687
720	688
720	718
720	733
720	736
720	759
720	769
720	777
720	783
720	785
720	789
720	791
720	793
720	867
721	153
721	550
721	558
721	563
721	586
721	651
721	659
721	663
721	685
721	691
721	704
721	716
721	717
721	733
721	735
721	737
721	743
721	746
721	750
721	760
721	762
721	779
722	151
722	560
722	566
722	589
722	590
722	597
722	611
722	612
722	629
722	658
722	663
722	669
722	690
722	698
722	700
722	709
722	712
722	715
722	719
722	726
722	753
722	774
722	775
723	66
723	545
723	567
723	575
723	578
723	598
723	601
723	613
723	622
723	645
723	648
723	684
723	692
723	694
723	698
723	726
723	727
723	731
723	740
723	747
723	749
723	765
723	768
724	434
724	556
724	571
724	630
724	650
724	665
724	680
724	711
724	742
724	745
724	767
724	768
724	770
724	773
724	776
724	781
724	786
724	788
724	791
724	792
724	794
724	798
724	967
725	210
725	443
725	548
725	566
725	574
725	596
725	597
725	612
725	618
725	649
725	650
725	690
725	700
725	705
725	712
725	719
725	726
725	733
725	753
725	764
725	774
725	775
725	780
726	258
726	559
726	564
726	574
726	589
726	599
726	649
726	664
726	669
726	686
726	690
726	709
726	711
726	715
726	719
726	722
726	723
726	725
726	733
726	753
726	756
726	774
726	775
727	544
727	545
727	548
727	567
727	570
727	575
727	585
727	588
727	601
727	643
727	644
727	684
727	685
727	692
727	723
727	731
727	737
727	740
727	747
727	765
727	767
727	784
727	971
728	344
728	554
728	592
728	616
728	652
728	662
728	670
728	671
728	689
728	699
728	710
728	711
728	718
728	736
728	748
728	769
728	776
728	777
728	783
728	789
728	793
728	797
728	921
729	117
729	543
729	563
729	586
729	602
729	603
729	651
729	663
729	664
729	667
729	683
729	691
729	704
729	711
729	716
729	717
729	735
729	743
729	750
729	760
729	762
729	786
729	792
730	452
730	595
730	598
730	625
730	638
730	640
730	650
730	715
730	738
730	742
730	745
730	755
730	756
730	765
730	767
730	770
730	778
730	784
730	785
730	786
730	788
730	791
730	794
730	798
731	545
731	548
731	567
731	570
731	585
731	588
731	598
731	613
731	622
731	628
731	644
731	645
731	660
731	684
731	692
731	698
731	723
731	727
731	740
731	747
731	765
731	777
731	792
731	841
732	306
732	551
732	568
732	571
732	615
732	657
732	672
732	681
732	687
732	698
732	703
732	739
732	744
732	749
732	752
732	761
732	763
732	767
732	780
732	782
732	789
732	790
732	797
732	994
733	64
733	552
733	560
733	564
733	611
733	649
733	669
733	686
733	700
733	705
733	707
733	709
733	712
733	719
733	720
733	721
733	725
733	726
733	748
733	753
733	764
733	772
733	774
733	775
734	228
734	569
734	604
734	626
734	630
734	634
734	651
734	682
734	706
734	714
734	719
734	738
734	767
734	768
734	776
734	777
734	778
734	781
734	784
734	785
734	786
734	792
734	794
734	798
735	550
735	556
735	580
735	586
735	594
735	663
735	664
735	667
735	691
735	704
735	713
735	717
735	721
735	729
735	737
735	740
735	743
735	746
735	750
735	760
735	762
735	764
735	789
735	895
736	295
736	587
736	593
736	605
736	622
736	662
736	670
736	679
736	687
736	688
736	689
736	699
736	718
736	720
736	728
736	741
736	754
736	759
736	769
736	770
736	774
736	777
736	783
736	789
736	793
737	450
737	543
737	556
737	558
737	579
737	594
737	651
737	664
737	667
737	671
737	683
737	691
737	693
737	704
737	716
737	717
737	721
737	727
737	735
737	743
737	746
737	750
737	760
737	762
737	786
738	542
738	571
738	625
738	637
738	661
738	662
738	667
738	677
738	702
738	714
738	730
738	734
738	742
738	756
738	767
738	770
738	776
738	779
738	785
738	791
738	792
738	794
738	797
738	798
738	983
739	545
739	561
739	581
739	604
739	609
739	621
739	654
739	659
739	672
739	674
739	675
739	676
739	681
739	700
739	732
739	749
739	752
739	757
739	761
739	780
739	782
739	789
739	790
739	797
739	903
740	544
740	548
740	575
740	585
740	598
740	601
740	613
740	622
740	639
740	644
740	645
740	648
740	682
740	684
740	692
740	698
740	723
740	727
740	731
740	735
740	747
740	749
740	765
740	776
740	885
741	91
741	585
741	587
741	601
741	610
741	620
741	647
741	655
741	670
741	671
741	679
741	687
741	688
741	689
741	699
741	708
741	718
741	736
741	759
741	769
741	777
741	779
741	783
741	787
741	793
742	442
742	542
742	554
742	579
742	597
742	631
742	670
742	674
742	713
742	724
742	730
742	738
742	745
742	756
742	770
742	773
742	776
742	778
742	781
742	782
742	783
742	784
742	786
742	794
742	798
743	372
743	543
743	549
743	556
743	580
743	594
743	640
743	651
743	663
743	664
743	667
743	683
743	686
743	696
743	704
743	716
743	717
743	721
743	729
743	735
743	737
743	746
743	750
743	760
743	762
743	774
744	299
744	561
744	569
744	632
744	635
744	654
744	656
744	659
744	672
744	676
744	683
744	701
744	703
744	704
744	708
744	732
744	749
744	751
744	752
744	761
744	782
744	783
744	785
744	789
744	790
744	797
744	985
745	291
745	552
745	597
745	604
745	617
745	631
745	638
745	640
745	682
745	684
745	685
745	709
745	724
745	730
745	742
745	756
745	767
745	768
745	770
745	773
745	776
745	785
745	786
745	791
745	794
745	798
745	884
746	515
746	550
746	556
746	563
746	567
746	586
746	594
746	651
746	663
746	664
746	667
746	683
746	691
746	704
746	716
746	717
746	721
746	735
746	737
746	743
746	750
746	753
746	760
746	762
746	773
746	789
746	798
747	215
747	544
747	545
747	548
747	567
747	575
747	585
747	591
747	598
747	601
747	613
747	622
747	645
747	648
747	655
747	684
747	692
747	698
747	719
747	723
747	727
747	731
747	740
747	753
747	765
747	795
747	851
748	476
748	545
748	559
748	576
748	577
748	578
748	585
748	617
748	618
748	646
748	660
748	668
748	673
748	697
748	728
748	733
748	754
748	755
748	758
748	771
748	772
748	779
748	787
748	788
748	795
748	796
748	981
749	540
749	551
749	572
749	599
749	621
749	630
749	632
749	635
749	656
749	657
749	672
749	676
749	708
749	723
749	732
749	739
749	740
749	744
749	752
749	761
749	780
749	781
749	782
749	789
749	790
749	796
749	797
750	370
750	543
750	550
750	558
750	563
750	573
750	586
750	594
750	664
750	667
750	683
750	691
750	704
750	716
750	717
750	718
750	721
750	729
750	735
750	737
750	743
750	746
750	758
750	760
750	762
750	778
750	785
750	794
751	555
751	580
751	582
751	583
751	584
751	590
751	600
751	602
751	606
751	614
751	618
751	619
751	624
751	629
751	633
751	636
751	653
751	665
751	675
751	694
751	696
751	706
751	707
751	744
751	757
751	780
751	784
751	959
752	274
752	551
752	572
752	621
752	623
752	635
752	641
752	672
752	676
752	681
752	685
752	692
752	697
752	701
752	708
752	732
752	739
752	744
752	749
752	761
752	763
752	776
752	778
752	780
752	782
752	789
752	790
752	797
753	473
753	553
753	560
753	566
753	574
753	589
753	599
753	611
753	642
753	658
753	669
753	686
753	690
753	700
753	709
753	711
753	715
753	719
753	722
753	725
753	726
753	733
753	746
753	747
753	755
753	764
753	774
753	775
753	794
754	259
754	337
754	571
754	573
754	577
754	578
754	603
754	608
754	615
754	617
754	624
754	628
754	646
754	666
754	680
754	697
754	736
754	748
754	755
754	758
754	766
754	771
754	772
754	779
754	781
754	787
754	788
754	795
754	796
755	5
755	546
755	549
755	573
755	607
755	628
755	630
755	639
755	643
755	646
755	666
755	668
755	678
755	683
755	697
755	713
755	730
755	748
755	753
755	754
755	758
755	766
755	771
755	772
755	779
755	787
755	788
755	795
755	796
756	126
756	289
756	589
756	630
756	631
756	637
756	653
756	666
756	674
756	677
756	689
756	693
756	695
756	726
756	730
756	738
756	742
756	745
756	767
756	768
756	770
756	772
756	778
756	781
756	785
756	786
756	791
756	794
756	798
757	345
757	495
757	555
757	577
757	582
757	583
757	584
757	590
757	600
757	602
757	606
757	614
757	618
757	619
757	624
757	625
757	629
757	633
757	636
757	639
757	653
757	665
757	666
757	694
757	696
757	706
757	739
757	751
757	774
758	128
758	475
758	546
758	578
758	643
758	646
758	660
758	661
758	666
758	668
758	671
758	673
758	680
758	697
758	703
758	714
758	748
758	750
758	754
758	755
758	766
758	771
758	772
758	778
758	779
758	781
758	787
758	788
758	795
758	796
759	559
759	587
759	592
759	595
759	605
759	610
759	614
759	616
759	638
759	643
759	647
759	652
759	655
759	662
759	670
759	671
759	675
759	679
759	687
759	689
759	699
759	705
759	720
759	736
759	741
759	769
759	777
759	783
759	793
759	939
760	179
760	454
760	543
760	550
760	556
760	558
760	563
760	586
760	639
760	651
760	652
760	663
760	664
760	667
760	683
760	691
760	704
760	707
760	717
760	721
760	729
760	735
760	737
760	743
760	746
760	750
760	762
760	765
760	777
760	794
761	422
761	572
761	609
761	621
761	632
761	635
761	641
761	655
761	656
761	659
761	672
761	675
761	676
761	693
761	703
761	708
761	732
761	739
761	744
761	749
761	752
761	763
761	780
761	782
761	783
761	787
761	788
761	789
761	790
761	797
762	292
762	543
762	550
762	556
762	558
762	563
762	566
762	580
762	594
762	634
762	637
762	651
762	663
762	664
762	667
762	669
762	681
762	691
762	704
762	716
762	717
762	721
762	729
762	735
762	737
762	743
762	746
762	750
762	760
762	777
763	35
763	511
763	565
763	569
763	576
763	581
763	591
763	615
763	621
763	623
763	632
763	633
763	636
763	654
763	656
763	657
763	659
763	671
763	675
763	679
763	681
763	694
763	701
763	732
763	752
763	761
763	780
763	782
763	789
763	790
763	797
764	113
764	552
764	564
764	566
764	574
764	589
764	597
764	612
764	613
764	649
764	651
764	658
764	669
764	677
764	686
764	690
764	700
764	703
764	705
764	709
764	711
764	712
764	715
764	719
764	725
764	733
764	735
764	753
764	770
764	774
764	775
765	63
765	482
765	544
765	545
765	548
765	567
765	570
765	575
765	585
765	588
765	598
765	601
765	613
765	622
765	631
765	644
765	645
765	648
765	675
765	682
765	684
765	692
765	698
765	713
765	723
765	727
765	730
765	731
765	740
765	747
765	760
766	32
766	400
766	546
766	549
766	573
766	576
766	608
766	639
766	643
766	645
766	661
766	668
766	673
766	677
766	678
766	680
766	697
766	703
766	714
766	718
766	754
766	755
766	758
766	771
766	772
766	779
766	784
766	787
766	788
766	795
766	796
767	144
767	429
767	542
767	588
767	626
767	632
767	634
767	640
767	650
767	669
767	677
767	685
767	699
767	713
767	724
767	727
767	730
767	732
767	734
767	738
767	745
767	756
767	768
767	773
767	778
767	781
767	784
767	785
767	786
767	794
767	798
768	517
768	547
768	571
768	601
768	603
768	610
768	626
768	640
768	674
768	677
768	678
768	685
768	693
768	702
768	714
768	715
768	723
768	724
768	734
768	745
768	756
768	767
768	770
768	773
768	776
768	778
768	783
768	784
768	785
768	791
768	792
768	794
768	798
769	424
769	542
769	554
769	586
769	587
769	592
769	593
769	605
769	616
769	620
769	647
769	652
769	655
769	662
769	671
769	677
769	679
769	680
769	687
769	689
769	699
769	715
769	718
769	720
769	728
769	736
769	741
769	759
769	777
769	779
769	783
769	784
769	793
770	536
770	562
770	593
770	604
770	625
770	631
770	634
770	637
770	640
770	680
770	685
770	689
770	692
770	696
770	702
770	713
770	714
770	724
770	730
770	736
770	738
770	742
770	745
770	756
770	764
770	768
770	773
770	776
770	781
770	785
770	786
770	791
770	792
770	798
770	889
771	437
771	549
771	573
771	577
771	586
771	592
771	602
771	603
771	606
771	607
771	628
771	639
771	643
771	654
771	660
771	661
771	666
771	673
771	678
771	680
771	703
771	712
771	748
771	754
771	755
771	758
771	766
771	772
771	779
771	787
771	788
771	790
771	795
771	796
771	973
772	125
772	549
772	553
772	567
772	576
772	603
772	607
772	617
772	628
772	643
772	660
772	661
772	668
772	673
772	678
772	680
772	697
772	703
772	733
772	748
772	754
772	755
772	756
772	758
772	766
772	771
772	777
772	779
772	786
772	787
772	788
772	790
772	793
772	795
772	796
772	998
773	542
773	547
773	561
773	590
773	596
773	626
773	627
773	630
773	631
773	637
773	638
773	640
773	642
773	647
773	654
773	660
773	677
773	693
773	713
773	714
773	724
773	742
773	745
773	746
773	767
773	768
773	770
773	775
773	776
773	781
773	784
773	785
773	786
773	791
773	792
773	798
773	944
774	560
774	564
774	566
774	574
774	577
774	589
774	597
774	599
774	611
774	612
774	634
774	649
774	656
774	658
774	669
774	686
774	690
774	700
774	705
774	709
774	711
774	712
774	715
774	719
774	722
774	725
774	726
774	733
774	736
774	743
774	753
774	757
774	764
774	775
774	790
774	795
774	937
775	15
775	313
775	552
775	557
775	560
775	563
775	564
775	566
775	589
775	597
775	599
775	608
775	611
775	612
775	628
775	629
775	649
775	658
775	669
775	686
775	690
775	700
775	705
775	709
775	711
775	712
775	715
775	716
775	719
775	722
775	725
775	726
775	733
775	753
775	764
775	773
775	774
775	788
776	252
776	510
776	579
776	580
776	604
776	625
776	630
776	634
776	635
776	638
776	642
776	677
776	685
776	693
776	706
776	710
776	713
776	714
776	724
776	728
776	734
776	738
776	740
776	742
776	745
776	752
776	768
776	770
776	773
776	778
776	781
776	784
776	786
776	791
776	792
776	794
776	797
776	798
777	487
777	554
777	557
777	559
777	587
777	593
777	605
777	610
777	616
777	620
777	627
777	636
777	647
777	651
777	655
777	670
777	671
777	679
777	687
777	688
777	689
777	699
777	718
777	720
777	728
777	731
777	734
777	736
777	741
777	759
777	760
777	762
777	769
777	772
777	783
777	787
777	793
777	874
778	103
778	542
778	592
778	596
778	602
778	609
778	625
778	626
778	631
778	637
778	642
778	674
778	676
778	677
778	685
778	693
778	695
778	702
778	710
778	713
778	714
778	730
778	734
778	742
778	750
778	752
778	756
778	758
778	767
778	768
778	776
778	781
778	784
778	785
778	786
778	791
778	792
778	794
778	936
779	553
779	576
779	578
779	603
779	607
779	628
779	639
779	643
779	646
779	660
779	661
779	666
779	668
779	670
779	672
779	673
779	678
779	680
779	697
779	703
779	721
779	738
779	741
779	748
779	754
779	755
779	758
779	766
779	769
779	771
779	772
779	787
779	788
779	791
779	794
779	795
779	796
779	925
779	997
780	202
780	407
780	544
780	549
780	558
780	561
780	565
780	569
780	572
780	581
780	591
780	609
780	615
780	621
780	623
780	635
780	641
780	656
780	657
780	668
780	675
780	676
780	681
780	701
780	708
780	725
780	732
780	739
780	749
780	751
780	752
780	761
780	763
780	782
780	786
780	788
780	789
780	790
780	797
781	287
781	522
781	565
781	571
781	579
781	594
781	595
781	626
781	627
781	637
781	642
781	650
781	674
781	682
781	685
781	693
781	695
781	701
781	702
781	713
781	724
781	734
781	742
781	749
781	754
781	756
781	758
781	767
781	770
781	773
781	776
781	778
781	784
781	785
781	786
781	789
781	791
781	792
781	794
782	54
782	171
782	551
782	561
782	565
782	568
782	572
782	581
782	582
782	591
782	609
782	621
782	623
782	632
782	635
782	641
782	647
782	652
782	654
782	657
782	659
782	681
782	695
782	701
782	708
782	713
782	732
782	739
782	742
782	744
782	749
782	752
782	761
782	763
782	780
782	785
782	789
782	790
782	797
782	798
783	58
783	336
783	554
783	557
783	559
783	587
783	589
783	592
783	605
783	607
783	610
783	616
783	620
783	627
783	634
783	647
783	652
783	655
783	662
783	664
783	670
783	671
783	679
783	687
783	688
783	689
783	699
783	710
783	718
783	720
783	728
783	736
783	741
783	742
783	744
783	759
783	761
783	768
783	769
783	777
783	793
784	139
784	167
784	571
784	579
784	596
784	631
784	634
784	637
784	638
784	640
784	642
784	657
784	677
784	682
784	685
784	689
784	695
784	702
784	704
784	705
784	713
784	714
784	727
784	730
784	734
784	742
784	751
784	766
784	767
784	768
784	769
784	773
784	776
784	778
784	781
784	785
784	786
784	791
784	792
784	794
784	798
785	246
785	451
785	542
785	547
785	562
785	571
785	579
785	594
785	625
785	630
785	634
785	637
785	638
785	643
785	668
785	682
785	689
785	695
785	702
785	713
785	714
785	720
785	730
785	734
785	738
785	744
785	745
785	750
785	756
785	767
785	768
785	770
785	773
785	778
785	781
785	782
785	784
785	786
785	792
785	798
785	953
786	283
786	534
786	542
786	543
786	547
786	596
786	604
786	634
786	638
786	642
786	673
786	674
786	682
786	685
786	693
786	702
786	714
786	724
786	729
786	730
786	734
786	737
786	742
786	745
786	756
786	767
786	770
786	772
786	773
786	776
786	778
786	780
786	781
786	784
786	785
786	791
786	792
786	793
786	794
786	797
786	798
787	169
787	409
787	546
787	553
787	573
787	576
787	578
787	603
787	607
787	608
787	617
787	625
787	626
787	628
787	639
787	642
787	646
787	660
787	661
787	663
787	666
787	668
787	673
787	678
787	680
787	697
787	703
787	705
787	741
787	748
787	754
787	755
787	758
787	761
787	766
787	771
787	772
787	777
787	779
787	788
787	795
787	796
788	140
788	549
788	553
788	562
788	573
788	576
788	577
788	603
788	608
788	609
788	617
788	628
788	639
788	643
788	646
788	660
788	661
788	666
788	668
788	673
788	678
788	680
788	681
788	697
788	703
788	724
788	730
788	748
788	754
788	755
788	758
788	761
788	766
788	771
788	772
788	775
788	779
788	780
788	787
788	795
788	796
788	991
789	414
789	491
789	551
789	552
789	565
789	568
789	569
789	573
789	581
789	591
789	615
789	621
789	623
789	632
789	635
789	641
789	654
789	656
789	657
789	659
789	675
789	676
789	701
789	708
789	717
789	720
789	728
789	732
789	735
789	736
789	739
789	744
789	746
789	749
789	752
789	761
789	763
789	780
789	781
789	782
789	790
789	797
790	43
790	389
790	551
790	565
790	569
790	572
790	581
790	591
790	609
790	615
790	621
790	623
790	624
790	626
790	627
790	632
790	641
790	654
790	656
790	657
790	659
790	672
790	675
790	676
790	690
790	701
790	708
790	714
790	732
790	739
790	744
790	749
790	752
790	761
790	763
790	771
790	772
790	774
790	780
790	782
790	789
790	797
790	798
791	289
791	544
791	551
791	562
791	579
791	595
791	598
791	611
791	625
791	626
791	628
791	630
791	634
791	638
791	642
791	650
791	674
791	677
791	678
791	682
791	693
791	695
791	713
791	714
791	720
791	724
791	730
791	738
791	745
791	756
791	768
791	770
791	773
791	776
791	778
791	779
791	781
791	784
791	786
791	792
791	794
791	798
791	886
792	134
792	174
792	560
792	571
792	579
792	590
792	604
792	610
792	625
792	630
792	631
792	637
792	638
792	640
792	642
792	650
792	657
792	674
792	678
792	693
792	695
792	702
792	712
792	713
792	714
792	716
792	724
792	729
792	731
792	734
792	738
792	768
792	770
792	773
792	776
792	778
792	781
792	784
792	785
792	786
792	791
792	794
792	798
793	472
793	524
793	551
793	554
793	557
793	559
793	587
793	592
793	593
793	605
793	610
793	616
793	620
793	627
793	647
793	652
793	655
793	662
793	669
793	670
793	671
793	673
793	679
793	687
793	688
793	689
793	694
793	699
793	700
793	706
793	707
793	710
793	718
793	720
793	728
793	736
793	741
793	759
793	769
793	772
793	777
793	783
793	786
794	469
794	534
794	547
794	550
794	579
794	595
794	596
794	604
794	626
794	630
794	631
794	640
794	660
794	676
794	677
794	682
794	685
794	693
794	694
794	695
794	702
794	713
794	714
794	724
794	730
794	734
794	738
794	742
794	745
794	750
794	753
794	756
794	760
794	767
794	768
794	776
794	778
794	779
794	781
794	784
794	786
794	791
794	792
795	231
795	500
795	546
795	549
795	553
795	563
795	573
795	576
795	577
795	578
795	595
795	607
795	608
795	617
795	628
795	639
795	641
795	644
795	646
795	649
795	656
795	660
795	661
795	666
795	668
795	673
795	678
795	680
795	688
795	697
795	703
795	747
795	748
795	754
795	755
795	758
795	766
795	771
795	772
795	774
795	779
795	787
795	788
795	796
796	254
796	546
796	553
796	573
796	576
796	577
796	578
796	582
796	593
796	603
796	605
796	607
796	608
796	612
796	617
796	628
796	639
796	643
796	645
796	646
796	659
796	660
796	661
796	666
796	668
796	673
796	678
796	680
796	691
796	697
796	703
796	715
796	748
796	749
796	754
796	755
796	758
796	766
796	771
796	772
796	779
796	787
796	788
796	795
796	943
797	387
797	430
797	551
797	561
797	565
797	568
797	569
797	572
797	581
797	591
797	606
797	609
797	615
797	621
797	622
797	623
797	632
797	635
797	641
797	642
797	654
797	656
797	657
797	659
797	663
797	672
797	675
797	676
797	681
797	698
797	701
797	705
797	708
797	728
797	732
797	738
797	739
797	744
797	749
797	752
797	761
797	763
797	776
797	780
797	782
797	786
797	789
797	790
798	547
798	562
798	568
798	571
798	604
798	625
798	630
798	634
798	637
798	638
798	641
798	642
798	650
798	672
798	674
798	677
798	682
798	685
798	687
798	690
798	693
798	695
798	699
798	701
798	702
798	713
798	724
798	730
798	734
798	738
798	742
798	745
798	746
798	756
798	767
798	768
798	770
798	773
798	776
798	782
798	784
798	785
798	786
798	790
798	791
798	792
798	915
798	948
799	907
799	916
799	922
799	929
799	978
799	985
799	989
799	994
799	998
799	999
800	284
800	810
800	912
800	914
800	928
800	937
800	969
800	979
800	983
800	986
801	868
801	900
801	935
801	965
801	968
801	977
801	980
801	985
801	987
801	989
802	214
802	836
802	862
802	865
802	925
802	932
802	939
802	960
802	983
802	986
803	413
803	882
803	956
803	962
803	979
803	991
803	992
803	995
803	997
803	1000
804	133
804	812
804	884
804	969
804	971
804	972
804	980
804	988
804	991
804	992
805	814
805	889
805	915
805	949
805	951
805	952
805	953
805	970
805	975
805	977
806	77
806	821
806	863
806	878
806	918
806	942
806	943
806	957
806	964
806	968
807	204
807	834
807	854
807	920
807	936
807	938
807	946
807	974
807	978
807	993
808	843
808	848
808	857
808	923
808	927
808	942
808	943
808	956
808	957
808	964
809	234
809	830
809	886
809	927
809	936
809	937
809	960
809	969
809	983
809	986
810	800
810	848
810	882
810	886
810	894
810	923
810	942
810	956
810	957
810	964
811	843
811	850
811	855
811	883
811	894
811	917
811	918
811	943
811	957
811	964
812	665
812	804
812	934
812	988
812	990
812	992
812	995
812	996
812	997
812	999
813	822
813	827
813	843
813	872
813	891
813	950
813	965
813	985
813	987
813	989
814	805
814	840
814	897
814	953
814	959
814	962
814	970
814	975
814	977
814	994
815	92
815	837
815	973
815	974
815	981
815	984
815	986
815	994
815	998
815	999
816	44
816	913
816	951
816	953
816	955
816	959
816	970
816	975
816	977
816	982
817	826
817	839
817	851
817	902
817	947
817	979
817	988
817	992
817	996
817	1000
818	871
818	876
818	899
818	951
818	954
818	955
818	959
818	970
818	975
818	977
818	996
819	130
819	881
819	892
819	914
819	928
819	936
819	945
819	963
819	983
819	986
819	994
820	281
820	836
820	931
820	932
820	945
820	960
820	961
820	963
820	983
820	986
820	987
821	806
821	853
821	855
821	862
821	866
821	886
821	903
821	942
821	957
821	964
821	969
822	813
822	841
822	888
822	919
822	921
822	949
822	954
822	965
822	968
822	987
822	989
823	847
823	848
823	850
823	854
823	882
823	894
823	903
823	918
823	927
823	943
823	964
824	170
824	875
824	909
824	934
824	938
824	948
824	978
824	981
824	990
824	994
824	998
825	470
825	937
825	947
825	971
825	976
825	979
825	990
825	992
825	996
825	997
825	999
826	519
826	817
826	870
826	956
826	979
826	980
826	982
826	986
826	995
826	997
826	1000
827	813
827	828
827	921
827	922
827	934
827	949
827	961
827	965
827	987
827	988
827	989
828	827
828	864
828	873
828	907
828	930
828	946
828	968
828	985
828	987
828	989
828	1000
829	155
829	833
829	834
829	839
829	912
829	932
829	957
829	962
829	963
829	969
829	986
830	809
830	851
830	886
830	931
830	945
830	960
830	963
830	969
830	983
830	986
830	993
831	509
831	897
831	914
831	932
831	939
831	945
831	949
831	960
831	969
831	983
831	986
832	928
832	931
832	937
832	945
832	960
832	966
832	969
832	975
832	983
832	986
833	829
833	895
833	917
833	933
833	973
833	976
833	978
833	981
833	993
833	994
833	998
833	999
834	645
834	807
834	829
834	868
834	914
834	936
834	939
834	947
834	963
834	969
834	983
834	986
835	529
835	888
835	905
835	944
835	951
835	955
835	959
835	962
835	969
835	970
835	975
835	977
836	802
836	820
836	928
836	937
836	942
836	945
836	947
836	960
836	963
836	969
836	983
836	986
837	315
837	815
837	871
837	897
837	916
837	973
837	974
837	978
837	993
837	994
837	998
837	999
838	851
838	874
838	894
838	899
838	900
838	905
838	944
838	953
838	962
838	970
838	975
838	977
839	311
839	817
839	829
839	892
839	936
839	939
839	946
839	960
839	963
839	983
839	986
839	993
840	814
840	853
840	875
840	879
840	889
840	915
840	944
840	951
840	959
840	970
840	975
840	977
841	731
841	822
841	915
841	951
841	953
841	955
841	959
841	962
841	966
841	970
841	975
841	977
842	851
842	869
842	892
842	912
842	932
842	936
842	945
842	967
842	983
842	986
842	990
842	991
843	276
843	808
843	811
843	813
843	866
843	878
843	886
843	903
843	918
843	927
843	936
843	964
844	557
844	846
844	859
844	895
844	940
844	955
844	973
844	974
844	993
844	994
844	998
844	999
845	642
845	953
845	968
845	972
845	980
845	990
845	991
845	992
845	995
845	996
845	997
845	1000
846	844
846	888
846	901
846	913
846	926
846	949
846	965
846	967
846	968
846	985
846	987
846	989
847	823
847	861
847	976
847	978
847	982
847	988
847	990
847	991
847	992
847	995
847	996
847	1000
848	440
848	808
848	810
848	823
848	886
848	923
848	927
848	943
848	957
848	964
848	976
848	1000
849	425
849	854
849	873
849	891
849	921
849	926
849	928
849	968
849	985
849	987
849	989
849	991
850	719
850	811
850	823
850	882
850	918
850	923
850	927
850	932
850	942
850	943
850	951
850	957
850	964
851	747
851	817
851	830
851	838
851	842
851	865
851	901
851	914
851	931
851	937
851	969
851	983
851	986
852	260
852	872
852	891
852	913
852	924
852	960
852	961
852	965
852	968
852	985
852	987
852	989
852	999
853	821
853	840
853	855
853	866
853	882
853	918
853	923
853	927
853	942
853	943
853	948
853	957
853	964
854	455
854	807
854	823
854	849
854	917
854	933
854	934
854	950
854	973
854	981
854	993
854	998
854	999
855	349
855	811
855	821
855	853
855	858
855	866
855	894
855	903
855	927
855	943
855	957
855	962
855	964
856	583
856	907
856	916
856	946
856	950
856	967
856	974
856	981
856	985
856	993
856	994
856	998
856	999
857	506
857	808
857	913
857	921
857	935
857	949
857	965
857	968
857	982
857	985
857	987
857	989
857	997
858	539
858	855
858	885
858	929
858	966
858	967
858	972
858	982
858	984
858	988
858	992
858	997
858	1000
859	844
859	906
859	933
859	938
859	948
859	969
859	970
859	973
859	974
859	978
859	993
859	998
859	999
860	506
860	880
860	899
860	902
860	911
860	915
860	951
860	955
860	962
860	970
860	973
860	975
860	977
861	158
861	847
861	877
861	888
861	913
861	930
861	934
861	954
861	961
861	968
861	985
861	987
861	989
862	172
862	802
862	821
862	954
862	979
862	982
862	988
862	990
862	991
862	992
862	995
862	997
862	1000
863	180
863	806
863	929
863	933
863	938
863	940
863	973
863	974
863	981
863	990
863	993
863	998
863	999
864	338
864	828
864	887
864	900
864	901
864	954
864	961
864	963
864	968
864	985
864	987
864	989
864	995
865	541
865	802
865	851
865	869
865	898
865	912
865	928
865	931
865	940
865	960
865	981
865	983
865	986
866	821
866	843
866	853
866	855
866	892
866	894
866	903
866	918
866	942
866	948
866	957
866	964
866	986
867	720
867	871
867	874
867	880
867	911
867	944
867	951
867	955
867	970
867	975
867	977
867	989
867	995
868	421
868	801
868	834
868	870
868	873
868	924
868	930
868	935
868	949
868	985
868	987
868	989
868	990
869	626
869	842
869	865
869	883
869	912
869	932
869	936
869	945
869	959
869	960
869	963
869	973
869	983
869	986
870	826
870	868
870	888
870	891
870	900
870	924
870	927
870	949
870	963
870	965
870	968
870	985
870	987
870	989
871	609
871	818
871	837
871	867
871	874
871	880
871	915
871	953
871	962
871	970
871	975
871	977
871	996
871	1000
872	813
872	852
872	877
872	887
872	929
872	934
872	935
872	947
872	954
872	965
872	968
872	985
872	987
872	989
873	828
873	849
873	868
873	889
873	894
873	901
873	934
873	935
873	949
873	954
873	972
873	985
873	987
873	989
874	777
874	838
874	867
874	871
874	889
874	902
874	953
874	955
874	959
874	962
874	970
874	977
874	978
874	996
875	824
875	840
875	904
875	920
875	940
875	948
875	964
875	971
875	978
875	981
875	993
875	994
875	998
875	999
876	818
876	886
876	922
876	933
876	946
876	950
876	971
876	974
876	978
876	981
876	993
876	994
876	998
876	999
877	156
877	861
877	872
877	883
877	919
877	967
877	971
877	981
877	982
877	984
877	990
877	991
877	995
877	1000
878	260
878	806
878	843
878	882
878	886
878	910
878	923
878	927
878	942
878	943
878	957
878	964
878	988
878	994
879	546
879	840
879	938
879	946
879	947
879	958
879	972
879	976
879	984
879	990
879	991
879	996
879	997
879	1000
880	860
880	867
880	871
880	896
880	905
880	944
880	951
880	953
880	959
880	962
880	970
880	975
880	977
880	982
880	998
881	516
881	819
881	919
881	952
881	966
881	976
881	980
881	981
881	982
881	989
881	990
881	992
881	995
881	996
881	997
882	242
882	803
882	810
882	823
882	850
882	853
882	878
882	886
882	923
882	942
882	943
882	957
882	964
882	972
882	980
883	811
883	869
883	877
883	890
883	931
883	972
883	976
883	980
883	982
883	984
883	991
883	995
883	996
883	997
883	1000
884	745
884	804
884	917
884	933
884	938
884	940
884	948
884	973
884	978
884	992
884	993
884	994
884	998
884	999
884	1000
885	740
885	858
885	902
885	921
885	942
885	966
885	967
885	971
885	972
885	983
885	984
885	988
885	990
885	997
885	1000
886	791
886	809
886	810
886	821
886	830
886	843
886	848
886	876
886	878
886	882
886	894
886	903
886	927
886	942
886	964
887	864
887	872
887	888
887	921
887	924
887	934
887	935
887	945
887	954
887	961
887	964
887	985
887	987
887	989
887	995
888	822
888	835
888	846
888	861
888	870
888	887
888	924
888	925
888	926
888	954
888	968
888	985
888	987
888	989
888	1000
889	770
889	805
889	840
889	873
889	874
889	905
889	920
889	953
889	955
889	959
889	962
889	965
889	970
889	975
889	977
890	570
890	883
890	934
890	955
890	956
890	966
890	982
890	988
890	990
890	991
890	992
890	995
890	996
890	997
890	998
890	1000
891	574
891	813
891	849
891	852
891	870
891	898
891	925
891	930
891	935
891	954
891	961
891	965
891	985
891	987
891	989
891	998
892	271
892	819
892	839
892	842
892	866
892	898
892	900
892	914
892	928
892	932
892	936
892	939
892	969
892	983
892	986
892	991
893	29
893	895
893	904
893	909
893	922
893	929
893	938
893	960
893	976
893	978
893	981
893	993
893	994
893	997
893	998
893	999
894	115
894	810
894	811
894	823
894	838
894	855
894	866
894	873
894	886
894	903
894	923
894	942
894	943
894	957
894	959
894	964
895	735
895	833
895	844
895	893
895	901
895	908
895	943
895	973
895	974
895	978
895	979
895	981
895	993
895	994
895	998
895	999
896	554
896	880
896	935
896	967
896	975
896	976
896	979
896	980
896	984
896	988
896	990
896	991
896	995
896	997
896	998
896	1000
897	814
897	831
897	837
897	947
897	958
897	967
897	971
897	976
897	979
897	984
897	988
897	990
897	991
897	992
897	996
897	997
898	40
898	865
898	891
898	892
898	912
898	914
898	932
898	933
898	936
898	937
898	945
898	963
898	969
898	979
898	983
898	986
899	288
899	818
899	838
899	860
899	911
899	918
899	944
899	951
899	955
899	959
899	962
899	970
899	975
899	977
899	981
899	984
900	378
900	801
900	838
900	864
900	870
900	892
900	926
900	949
900	954
900	961
900	965
900	968
900	985
900	987
900	989
900	995
901	488
901	846
901	851
901	864
901	873
901	895
901	921
901	926
901	930
901	954
901	961
901	965
901	968
901	969
901	987
901	989
902	538
902	817
902	860
902	874
902	885
902	942
902	952
902	958
902	971
902	979
902	980
902	988
902	991
902	992
902	995
902	996
903	739
903	821
903	823
903	843
903	855
903	866
903	886
903	894
903	921
903	923
903	927
903	943
903	950
903	957
903	964
903	971
904	129
904	875
904	893
904	907
904	909
904	917
904	921
904	946
904	948
904	961
904	978
904	981
904	993
904	994
904	995
904	998
904	999
905	497
905	835
905	838
905	880
905	889
905	911
905	915
905	921
905	944
905	953
905	955
905	962
905	970
905	975
905	977
905	983
905	989
906	859
906	908
906	918
906	958
906	966
906	972
906	976
906	980
906	984
906	988
906	991
906	992
906	995
906	996
906	997
906	998
906	1000
907	799
907	828
907	856
907	904
907	916
907	917
907	922
907	942
907	950
907	973
907	974
907	976
907	981
907	993
907	994
907	998
907	999
908	363
908	895
908	906
908	909
908	915
908	929
908	946
908	950
908	973
908	974
908	978
908	981
908	993
908	994
908	995
908	998
908	999
909	309
909	824
909	893
909	904
909	908
909	929
909	940
909	946
909	951
909	954
909	978
909	981
909	991
909	993
909	994
909	998
909	999
910	235
910	878
910	912
910	944
910	947
910	967
910	971
910	972
910	976
910	982
910	984
910	991
910	992
910	995
910	996
910	997
910	1000
911	537
911	860
911	867
911	899
911	905
911	914
911	915
911	940
911	944
911	951
911	953
911	955
911	962
911	970
911	975
911	977
911	985
911	996
912	699
912	800
912	829
912	842
912	865
912	869
912	898
912	910
912	928
912	931
912	939
912	960
912	962
912	963
912	983
912	986
912	988
912	992
913	257
913	816
913	846
913	852
913	857
913	861
913	924
913	930
913	934
913	935
913	942
913	954
913	965
913	968
913	975
913	985
913	987
913	989
913	997
914	162
914	800
914	819
914	831
914	834
914	851
914	892
914	898
914	911
914	919
914	937
914	960
914	963
914	969
914	981
914	983
914	986
914	992
915	798
915	805
915	840
915	841
915	860
915	871
915	905
915	908
915	911
915	951
915	953
915	959
915	960
915	962
915	970
915	975
915	977
915	998
916	27
916	799
916	837
916	856
916	907
916	938
916	939
916	940
916	948
916	950
916	974
916	981
916	988
916	992
916	993
916	994
916	998
916	999
917	568
917	811
917	833
917	854
917	884
917	904
917	907
917	920
917	927
917	930
917	933
917	973
917	978
917	987
917	993
917	994
917	998
917	999
918	223
918	806
918	811
918	823
918	843
918	850
918	853
918	866
918	899
918	906
918	923
918	927
918	931
918	942
918	943
918	950
918	957
918	964
919	12
919	822
919	877
919	881
919	914
919	923
919	956
919	966
919	976
919	979
919	982
919	988
919	990
919	992
919	995
919	996
919	997
919	1000
920	582
920	807
920	875
920	889
920	917
920	924
920	940
920	948
920	950
920	963
920	965
920	974
920	978
920	981
920	993
920	994
920	998
920	999
921	728
921	822
921	827
921	849
921	857
921	885
921	887
921	901
921	903
921	904
921	905
921	926
921	930
921	934
921	949
921	961
921	985
921	987
921	989
922	525
922	799
922	827
922	876
922	893
922	907
922	933
922	938
922	940
922	946
922	948
922	963
922	974
922	982
922	989
922	993
922	994
922	998
922	999
923	277
923	808
923	810
923	848
923	850
923	853
923	878
923	882
923	894
923	903
923	918
923	919
923	942
923	943
923	944
923	957
923	964
923	966
923	968
924	533
924	852
924	868
924	870
924	887
924	888
924	913
924	920
924	926
924	934
924	935
924	949
924	961
924	968
924	980
924	985
924	987
924	989
924	995
925	779
925	802
925	888
925	891
925	926
925	941
925	956
925	976
925	979
925	980
925	982
925	984
925	988
925	990
925	991
925	992
925	995
925	996
925	1000
926	462
926	846
926	849
926	888
926	900
926	901
926	921
926	924
926	925
926	930
926	949
926	954
926	961
926	968
926	970
926	985
926	988
926	989
926	991
927	286
927	808
927	809
927	823
927	843
927	848
927	850
927	853
927	855
927	870
927	878
927	886
927	903
927	917
927	918
927	942
927	943
927	957
927	961
927	964
928	441
928	800
928	819
928	832
928	836
928	849
928	865
928	892
928	912
928	931
928	936
928	937
928	939
928	940
928	950
928	953
928	963
928	969
928	983
928	986
929	512
929	799
929	858
929	863
929	872
929	893
929	908
929	909
929	938
929	946
929	950
929	974
929	978
929	980
929	981
929	993
929	994
929	998
929	999
929	1000
930	634
930	828
930	861
930	868
930	891
930	901
930	913
930	917
930	921
930	926
930	934
930	941
930	949
930	961
930	965
930	968
930	978
930	985
930	987
930	1000
931	268
931	820
931	830
931	832
931	851
931	865
931	883
931	912
931	918
931	928
931	937
931	939
931	945
931	960
931	963
931	969
931	977
931	983
931	986
931	996
932	116
932	802
932	820
932	829
932	831
932	842
932	850
932	869
932	892
932	898
932	937
932	945
932	958
932	960
932	963
932	968
932	969
932	980
932	983
932	986
933	288
933	833
933	854
933	859
933	863
933	876
933	884
933	898
933	917
933	922
933	958
933	965
933	973
933	974
933	978
933	981
933	993
933	994
933	997
933	998
933	999
934	104
934	812
934	824
934	827
934	854
934	861
934	872
934	873
934	887
934	890
934	913
934	921
934	924
934	930
934	935
934	954
934	961
934	965
934	985
934	987
934	989
935	8
935	801
935	857
935	868
935	872
935	873
935	887
935	891
935	896
935	913
935	924
935	934
935	949
935	954
935	960
935	965
935	970
935	985
935	987
935	989
935	994
936	778
936	807
936	809
936	819
936	834
936	839
936	842
936	843
936	869
936	892
936	898
936	928
936	937
936	939
936	944
936	963
936	969
936	981
936	983
936	986
936	994
937	774
937	800
937	809
937	825
937	832
937	836
937	851
937	898
937	914
937	928
937	931
937	932
937	936
937	939
937	941
937	963
937	969
937	983
937	986
937	990
937	991
938	99
938	807
938	824
938	859
938	863
938	879
938	884
938	893
938	916
938	922
938	929
938	946
938	956
938	972
938	973
938	981
938	993
938	994
938	997
938	998
938	999
939	759
939	802
939	831
939	834
939	839
939	892
939	912
939	916
939	928
939	931
939	936
939	937
939	945
939	955
939	960
939	963
939	969
939	974
939	983
939	984
939	986
939	999
940	134
940	844
940	863
940	865
940	875
940	884
940	909
940	911
940	916
940	920
940	922
940	928
940	946
940	948
940	973
940	974
940	991
940	993
940	994
940	995
940	998
940	999
941	524
941	925
941	930
941	937
941	947
941	952
941	957
941	958
941	966
941	972
941	974
941	980
941	982
941	984
941	988
941	990
941	992
941	993
941	995
941	996
941	997
941	1000
942	168
942	806
942	808
942	810
942	821
942	836
942	850
942	853
942	866
942	878
942	882
942	885
942	886
942	894
942	902
942	907
942	913
942	918
942	923
942	927
942	957
942	964
943	796
943	806
943	808
943	811
943	823
943	848
943	850
943	853
943	855
943	878
943	882
943	894
943	895
943	903
943	918
943	923
943	927
943	955
943	957
943	958
943	964
943	972
944	773
944	835
944	838
944	840
944	867
944	880
944	899
944	905
944	910
944	911
944	923
944	936
944	951
944	953
944	955
944	959
944	962
944	968
944	970
944	975
944	977
944	979
945	101
945	819
945	820
945	830
945	831
945	832
945	836
945	842
945	869
945	887
945	898
945	931
945	932
945	939
945	954
945	960
945	963
945	969
945	983
945	986
945	996
945	997
946	539
946	807
946	828
946	839
946	856
946	876
946	879
946	904
946	908
946	909
946	922
946	929
946	938
946	940
946	950
946	973
946	974
946	981
946	993
946	994
946	995
946	998
946	999
947	656
947	817
947	825
947	834
947	836
947	872
947	879
947	897
947	910
947	941
947	956
947	966
947	967
947	971
947	975
947	982
947	984
947	990
947	991
947	995
947	996
947	997
947	999
947	1000
948	798
948	824
948	853
948	859
948	866
948	875
948	884
948	904
948	916
948	920
948	922
948	940
948	950
948	973
948	974
948	978
948	981
948	985
948	987
948	989
948	993
948	994
948	998
948	999
949	527
949	805
949	822
949	827
949	831
949	846
949	857
949	868
949	870
949	873
949	900
949	921
949	924
949	926
949	930
949	935
949	961
949	965
949	973
949	979
949	982
949	985
949	987
949	989
950	435
950	813
950	854
950	856
950	876
950	903
950	907
950	908
950	916
950	918
950	920
950	928
950	929
950	946
950	948
950	973
950	974
950	978
950	981
950	992
950	993
950	994
950	998
950	999
951	684
951	805
951	816
951	818
951	835
951	840
951	841
951	850
951	860
951	867
951	880
951	899
951	909
951	911
951	915
951	944
951	955
951	959
951	962
951	970
951	975
951	977
951	982
951	990
951	992
952	41
952	290
952	805
952	881
952	902
952	941
952	956
952	967
952	971
952	972
952	978
952	979
952	980
952	982
952	984
952	987
952	990
952	991
952	992
952	994
952	995
952	996
952	997
952	999
952	1000
953	785
953	805
953	814
953	816
953	838
953	841
953	845
953	871
953	874
953	880
953	889
953	905
953	911
953	915
953	928
953	944
953	955
953	959
953	962
953	970
953	975
953	977
953	992
953	993
953	997
954	279
954	818
954	822
954	861
954	862
954	864
954	872
954	873
954	887
954	888
954	891
954	900
954	901
954	909
954	913
954	926
954	934
954	935
954	945
954	956
954	961
954	965
954	968
954	985
954	987
954	989
955	485
955	816
955	818
955	835
955	841
955	844
955	860
955	867
955	874
955	889
955	890
955	899
955	905
955	911
955	939
955	943
955	944
955	951
955	953
955	959
955	961
955	962
955	970
955	975
955	977
955	991
956	398
956	803
956	808
956	810
956	826
956	890
956	919
956	925
956	938
956	947
956	952
956	954
956	966
956	967
956	971
956	972
956	976
956	979
956	980
956	985
956	988
956	990
956	991
956	992
956	996
956	1000
957	294
957	296
957	806
957	808
957	810
957	811
957	821
957	829
957	848
957	850
957	853
957	855
957	866
957	878
957	882
957	894
957	903
957	918
957	923
957	927
957	941
957	942
957	943
957	964
957	969
957	970
957	990
958	654
958	879
958	897
958	902
958	906
958	932
958	933
958	941
958	943
958	966
958	967
958	971
958	972
958	976
958	977
958	979
958	980
958	982
958	984
958	988
958	991
958	992
958	995
958	996
958	997
958	998
958	1000
959	326
959	751
959	814
959	816
959	818
959	835
959	840
959	841
959	869
959	874
959	880
959	889
959	894
959	899
959	915
959	944
959	951
959	953
959	955
959	962
959	964
959	970
959	975
959	977
959	978
959	979
959	983
960	230
960	802
960	809
960	820
960	830
960	831
960	832
960	836
960	839
960	852
960	865
960	869
960	893
960	912
960	914
960	915
960	931
960	932
960	935
960	939
960	945
960	963
960	969
960	972
960	983
960	986
960	988
961	147
961	820
961	827
961	852
961	861
961	864
961	887
961	891
961	900
961	901
961	904
961	921
961	924
961	926
961	927
961	930
961	934
961	949
961	954
961	955
961	965
961	968
961	973
961	984
961	985
961	987
961	989
962	358
962	527
962	803
962	814
962	829
962	835
962	838
962	841
962	855
962	860
962	871
962	874
962	880
962	889
962	899
962	905
962	911
962	912
962	915
962	944
962	951
962	953
962	955
962	959
962	975
962	977
962	982
962	993
963	531
963	615
963	819
963	820
963	829
963	830
963	834
963	836
963	839
963	864
963	869
963	870
963	898
963	912
963	914
963	920
963	922
963	928
963	931
963	932
963	936
963	937
963	939
963	945
963	960
963	969
963	983
963	984
963	986
964	122
964	541
964	806
964	808
964	810
964	811
964	821
964	823
964	843
964	848
964	850
964	853
964	855
964	866
964	875
964	878
964	882
964	886
964	887
964	894
964	903
964	918
964	923
964	927
964	942
964	943
964	957
964	959
964	975
964	984
965	165
965	801
965	813
965	822
965	827
965	846
965	852
965	857
965	870
965	872
965	889
965	891
965	900
965	901
965	913
965	920
965	930
965	933
965	934
965	935
965	949
965	954
965	961
965	968
965	970
965	976
965	985
965	987
965	989
965	990
965	994
966	138
966	612
966	832
966	841
966	858
966	881
966	885
966	890
966	906
966	919
966	923
966	941
966	947
966	956
966	958
966	971
966	974
966	976
966	978
966	980
966	982
966	984
966	986
966	988
966	990
966	991
966	992
966	995
966	996
966	997
966	1000
967	675
967	724
967	842
967	846
967	856
967	858
967	877
967	885
967	896
967	897
967	910
967	947
967	952
967	956
967	958
967	971
967	972
967	976
967	979
967	982
967	984
967	985
967	988
967	990
967	991
967	994
967	995
967	996
967	997
967	998
967	1000
968	261
968	801
968	806
968	822
968	828
968	845
968	846
968	849
968	852
968	857
968	861
968	864
968	870
968	872
968	888
968	900
968	901
968	913
968	923
968	924
968	926
968	930
968	932
968	944
968	954
968	961
968	965
968	980
968	985
968	987
968	989
969	267
969	622
969	800
969	804
969	809
969	821
969	829
969	830
969	831
969	832
969	834
969	835
969	836
969	851
969	859
969	892
969	898
969	901
969	914
969	928
969	931
969	932
969	936
969	937
969	939
969	945
969	957
969	960
969	963
969	971
969	983
969	986
970	519
970	805
970	814
970	816
970	818
970	835
970	838
970	840
970	841
970	859
970	860
970	867
970	871
970	874
970	880
970	889
970	899
970	905
970	911
970	915
970	926
970	935
970	944
970	951
970	953
970	955
970	957
970	959
970	965
970	975
970	977
970	981
971	727
971	804
971	825
971	875
971	876
971	877
971	885
971	897
971	902
971	903
971	910
971	947
971	952
971	956
971	958
971	966
971	967
971	969
971	972
971	976
971	979
971	980
971	982
971	984
971	985
971	988
971	991
971	992
971	995
971	996
971	997
971	1000
972	119
972	513
972	804
972	845
972	858
972	873
972	879
972	882
972	883
972	885
972	906
972	910
972	938
972	941
972	943
972	952
972	956
972	958
972	960
972	967
972	971
972	974
972	976
972	980
972	982
972	984
972	988
972	990
972	991
972	995
972	997
972	1000
973	321
973	771
973	815
973	833
973	837
973	844
973	854
973	859
973	860
973	863
973	869
973	884
973	895
973	907
973	908
973	917
973	933
973	938
973	940
973	946
973	948
973	949
973	950
973	961
973	974
973	978
973	979
973	981
973	989
973	993
973	994
973	998
973	999
974	468
974	807
974	815
974	837
974	844
974	856
974	859
974	863
974	876
974	895
974	907
974	908
974	916
974	920
974	922
974	929
974	933
974	939
974	940
974	941
974	946
974	948
974	950
974	966
974	972
974	973
974	978
974	979
974	987
974	988
974	993
974	994
974	998
974	999
975	478
975	569
975	805
975	814
975	816
975	818
975	832
975	835
975	838
975	840
975	841
975	860
975	867
975	871
975	880
975	889
975	896
975	899
975	905
975	911
975	913
975	915
975	944
975	947
975	951
975	953
975	955
975	959
975	962
975	964
975	970
975	977
975	984
975	996
976	280
976	711
976	825
976	833
976	847
976	848
976	879
976	881
976	883
976	893
976	896
976	897
976	906
976	907
976	910
976	919
976	925
976	956
976	958
976	965
976	966
976	967
976	971
976	972
976	980
976	984
976	987
976	988
976	989
976	990
976	991
976	995
976	996
976	997
976	1000
977	236
977	610
977	801
977	805
977	814
977	816
977	818
977	835
977	838
977	840
977	841
977	860
977	867
977	871
977	874
977	880
977	889
977	899
977	905
977	911
977	915
977	931
977	944
977	951
977	953
977	955
977	958
977	959
977	962
977	970
977	975
977	981
977	983
977	986
977	993
978	484
978	553
978	799
978	807
978	824
978	833
978	837
978	847
978	859
978	874
978	875
978	876
978	884
978	893
978	895
978	904
978	908
978	909
978	917
978	920
978	929
978	930
978	933
978	948
978	950
978	952
978	959
978	966
978	973
978	974
978	981
978	987
978	993
978	994
978	998
978	999
979	50
979	510
979	800
979	803
979	817
979	825
979	826
979	862
979	895
979	896
979	897
979	898
979	902
979	919
979	925
979	944
979	949
979	952
979	956
979	958
979	959
979	967
979	971
979	973
979	974
979	980
979	982
979	984
979	988
979	990
979	991
979	992
979	995
979	996
979	997
979	1000
980	297
980	624
980	801
980	804
980	826
980	845
980	881
980	882
980	883
980	896
980	902
980	906
980	924
980	925
980	929
980	932
980	941
980	952
980	956
980	958
980	966
980	968
980	971
980	972
980	976
980	979
980	982
980	984
980	988
980	990
980	992
980	993
980	995
980	996
980	997
980	998
980	1000
981	677
981	748
981	815
981	824
981	833
981	854
981	856
981	863
981	865
981	875
981	876
981	877
981	881
981	893
981	895
981	899
981	904
981	907
981	908
981	909
981	914
981	916
981	920
981	929
981	933
981	936
981	938
981	946
981	948
981	950
981	970
981	973
981	977
981	978
981	993
981	994
981	998
981	999
982	395
982	535
982	816
982	826
982	847
982	857
982	858
982	862
982	877
982	880
982	881
982	883
982	890
982	910
982	919
982	922
982	925
982	941
982	947
982	949
982	951
982	952
982	958
982	962
982	966
982	967
982	971
982	972
982	979
982	980
982	984
982	986
982	988
982	990
982	991
982	992
982	995
982	997
982	1000
983	738
983	800
983	802
983	809
983	819
983	820
983	830
983	831
983	832
983	834
983	836
983	839
983	842
983	851
983	865
983	869
983	885
983	892
983	898
983	905
983	912
983	914
983	928
983	931
983	932
983	936
983	937
983	939
983	945
983	959
983	960
983	963
983	969
983	977
983	985
983	986
983	987
983	991
983	993
984	154
984	293
984	815
984	858
984	877
984	879
984	883
984	885
984	896
984	897
984	899
984	906
984	910
984	925
984	939
984	941
984	947
984	952
984	958
984	961
984	963
984	964
984	966
984	967
984	971
984	972
984	975
984	976
984	979
984	980
984	982
984	986
984	988
984	990
984	991
984	992
984	995
984	996
984	997
984	1000
985	532
985	744
985	799
985	801
985	813
985	828
985	846
985	849
985	852
985	856
985	857
985	861
985	864
985	868
985	870
985	872
985	873
985	887
985	888
985	891
985	900
985	911
985	913
985	921
985	924
985	926
985	930
985	934
985	935
985	948
985	949
985	954
985	956
985	961
985	965
985	967
985	968
985	971
985	983
985	989
985	996
986	416
986	529
986	700
986	800
986	802
986	809
986	815
986	819
986	820
986	826
986	829
986	830
986	831
986	832
986	834
986	836
986	839
986	842
986	851
986	865
986	866
986	869
986	892
986	898
986	912
986	914
986	928
986	931
986	932
986	936
986	937
986	939
986	945
986	960
986	963
986	966
986	969
986	977
986	982
986	983
986	984
986	992
986	1000
987	361
987	449
987	801
987	813
987	820
987	822
987	827
987	828
987	846
987	849
987	852
987	857
987	861
987	864
987	868
987	870
987	872
987	873
987	887
987	888
987	891
987	900
987	901
987	913
987	917
987	921
987	924
987	930
987	934
987	935
987	948
987	949
987	952
987	954
987	961
987	965
987	968
987	974
987	976
987	978
987	983
987	989
987	997
988	368
988	531
988	804
988	812
988	817
988	827
988	847
988	858
988	862
988	878
988	885
988	890
988	896
988	897
988	902
988	906
988	912
988	916
988	919
988	925
988	926
988	941
988	956
988	958
988	960
988	966
988	967
988	971
988	972
988	974
988	976
988	979
988	980
988	982
988	984
988	989
988	990
988	991
988	992
988	993
988	995
988	996
988	997
988	1000
989	46
989	323
989	799
989	801
989	813
989	822
989	827
989	828
989	846
989	849
989	852
989	857
989	861
989	864
989	867
989	868
989	870
989	872
989	873
989	881
989	887
989	888
989	891
989	900
989	901
989	905
989	913
989	921
989	922
989	924
989	926
989	934
989	935
989	948
989	949
989	954
989	961
989	965
989	968
989	973
989	976
989	985
989	987
989	988
990	465
990	604
990	812
990	824
990	825
990	842
990	845
990	847
990	862
990	863
990	868
990	877
990	879
990	881
990	885
990	890
990	896
990	897
990	919
990	925
990	937
990	941
990	947
990	951
990	952
990	956
990	957
990	965
990	966
990	967
990	972
990	976
990	979
990	980
990	982
990	984
990	988
990	991
990	992
990	995
990	996
990	997
990	999
990	1000
991	532
991	788
991	803
991	804
991	842
991	845
991	847
991	849
991	862
991	877
991	879
991	883
991	890
991	892
991	896
991	897
991	902
991	906
991	909
991	910
991	925
991	926
991	937
991	940
991	947
991	952
991	955
991	956
991	958
991	966
991	967
991	971
991	972
991	976
991	979
991	982
991	983
991	984
991	988
991	990
991	992
991	995
991	996
991	997
991	1000
992	67
992	343
992	663
992	803
992	804
992	812
992	817
992	825
992	845
992	847
992	858
992	862
992	881
992	884
992	890
992	897
992	902
992	906
992	910
992	912
992	914
992	916
992	919
992	925
992	941
992	950
992	951
992	952
992	953
992	956
992	958
992	966
992	971
992	979
992	980
992	982
992	984
992	986
992	988
992	990
992	991
992	995
992	996
992	997
992	1000
993	225
993	559
993	807
993	830
993	833
993	837
993	839
993	844
993	854
993	856
993	859
993	863
993	875
993	876
993	884
993	893
993	895
993	904
993	907
993	908
993	909
993	916
993	917
993	920
993	922
993	929
993	933
993	938
993	940
993	941
993	946
993	948
993	950
993	953
993	962
993	973
993	974
993	977
993	978
993	980
993	981
993	983
993	988
993	994
993	998
993	999
994	294
994	577
994	732
994	799
994	814
994	815
994	819
994	824
994	833
994	837
994	844
994	856
994	875
994	876
994	878
994	884
994	893
994	895
994	904
994	907
994	908
994	909
994	916
994	917
994	920
994	922
994	929
994	933
994	935
994	936
994	938
994	940
994	946
994	948
994	950
994	952
994	965
994	967
994	973
994	974
994	978
994	981
994	993
994	996
994	998
994	999
995	501
995	528
995	803
995	812
995	826
995	845
995	847
995	862
995	864
995	867
995	877
995	881
995	883
995	887
995	890
995	896
995	900
995	902
995	904
995	906
995	908
995	910
995	919
995	924
995	925
995	940
995	941
995	946
995	947
995	952
995	958
995	966
995	967
995	971
995	972
995	976
995	979
995	980
995	982
995	984
995	988
995	990
995	991
995	992
995	996
995	997
995	1000
996	7
996	220
996	239
996	812
996	817
996	818
996	825
996	845
996	847
996	871
996	874
996	879
996	881
996	883
996	890
996	897
996	902
996	906
996	910
996	911
996	919
996	925
996	931
996	941
996	945
996	947
996	952
996	956
996	958
996	966
996	967
996	971
996	975
996	976
996	979
996	980
996	984
996	985
996	988
996	990
996	991
996	992
996	994
996	995
996	997
996	999
996	1000
997	151
997	779
997	803
997	812
997	825
997	826
997	845
997	857
997	858
997	862
997	879
997	881
997	883
997	885
997	890
997	893
997	896
997	897
997	906
997	910
997	913
997	919
997	933
997	938
997	941
997	945
997	947
997	952
997	953
997	958
997	966
997	967
997	971
997	972
997	976
997	979
997	980
997	982
997	984
997	987
997	988
997	990
997	991
997	992
997	995
997	996
997	999
998	34
998	772
998	799
998	815
998	824
998	833
998	837
998	844
998	854
998	856
998	859
998	863
998	875
998	876
998	880
998	884
998	890
998	891
998	893
998	895
998	896
998	904
998	906
998	907
998	908
998	909
998	915
998	916
998	917
998	920
998	922
998	929
998	933
998	938
998	940
998	946
998	948
998	950
998	958
998	967
998	973
998	974
998	978
998	980
998	981
998	993
998	994
998	999
998	1000
999	685
999	687
999	716
999	799
999	812
999	815
999	825
999	833
999	837
999	844
999	852
999	854
999	856
999	859
999	863
999	875
999	876
999	884
999	893
999	895
999	904
999	907
999	908
999	909
999	916
999	917
999	920
999	922
999	929
999	933
999	938
999	939
999	940
999	946
999	947
999	948
999	950
999	952
999	973
999	974
999	978
999	981
999	990
999	993
999	994
999	996
999	997
999	998
999	1000
1000	171
1000	481
1000	803
1000	817
1000	826
1000	828
1000	845
1000	847
1000	848
1000	858
1000	862
1000	871
1000	877
1000	879
1000	883
1000	884
1000	885
1000	888
1000	890
1000	896
1000	906
1000	910
1000	919
1000	925
1000	929
1000	930
1000	941
1000	947
1000	952
1000	956
1000	958
1000	966
1000	967
1000	971
1000	972
1000	976
1000	979
1000	980
1000	982
1000	984
1000	986
1000	988
1000	990
1000	991
1000	992
1000	995
1000	996
1000	998
1000	999
