1	14
1	136
1	153
1	165
1	169
1	170
1	181
1	186
1	190
1	900
2	26
2	49
2	85
2	86
2	93
2	94
2	183
2	184
2	188
2	617
3	139
3	144
3	163
3	164
3	179
3	183
3	185
3	188
3	191
3	781
4	74
4	97
4	106
4	118
4	126
4	158
4	161
4	170
4	173
4	301
5	99
5	103
5	112
5	124
5	152
5	162
5	171
5	172
5	174
5	634
6	39
6	72
6	94
6	101
6	143
6	159
6	166
6	167
6	175
6	793
7	39
7	114
7	131
7	141
7	157
7	160
7	170
7	173
7	177
7	443
8	35
8	49
8	97
8	120
8	131
8	146
8	159
8	167
8	175
8	664
9	59
9	89
9	126
9	137
9	154
9	157
9	160
9	170
9	173
9	460
10	17
10	51
10	154
10	161
10	163
10	178
10	185
10	187
10	191
10	309
11	42
11	49
11	81
11	127
11	129
11	133
11	144
11	152
11	187
11	677
12	34
12	84
12	101
12	135
12	138
12	147
12	168
12	177
12	190
12	966
13	50
13	133
13	140
13	161
13	162
13	168
13	176
13	179
13	187
13	997
14	1
14	67
14	82
14	125
14	152
14	163
14	168
14	181
14	190
14	527
15	23
15	42
15	110
15	142
15	150
15	177
15	178
15	179
15	181
15	186
15	643
16	74
16	123
16	130
16	142
16	154
16	159
16	176
16	184
16	191
16	234
16	655
17	10
17	76
17	92
17	112
17	119
17	129
17	132
17	140
17	164
17	187
17	797
18	72
18	88
18	101
18	113
18	119
18	128
18	129
18	146
18	164
18	167
18	441
19	54
19	56
19	125
19	142
19	147
19	154
19	159
19	180
19	181
19	186
19	195
20	37
20	86
20	115
20	164
20	171
20	175
20	182
20	183
20	185
20	189
20	986
21	46
21	48
21	63
21	153
21	160
21	166
21	176
21	177
21	186
21	190
21	876
22	100
22	107
22	109
22	134
22	165
22	168
22	176
22	179
22	183
22	184
22	822
23	15
23	64
23	95
23	105
23	151
23	172
23	174
23	179
23	189
23	191
23	992
24	29
24	38
24	47
24	104
24	132
24	140
24	141
24	146
24	164
24	172
24	371
25	45
25	84
25	105
25	106
25	127
25	131
25	139
25	157
25	170
25	173
25	784
26	2
26	38
26	89
26	143
26	150
26	155
26	169
26	177
26	178
26	186
26	764
27	127
27	130
27	146
27	148
27	150
27	158
27	185
27	187
27	189
27	191
27	801
28	60
28	79
28	123
28	136
28	151
28	163
28	178
28	183
28	185
28	191
28	502
29	24
29	41
29	52
29	59
29	143
29	161
29	174
29	178
29	189
29	217
29	813
30	43
30	83
30	125
30	138
30	163
30	169
30	180
30	186
30	190
30	285
30	384
31	74
31	131
31	143
31	145
31	157
31	160
31	170
31	178
31	181
31	191
31	731
32	97
32	120
32	126
32	139
32	145
32	149
32	150
32	157
32	173
32	175
32	992
33	87
33	92
33	117
33	122
33	128
33	129
33	140
33	141
33	164
33	189
33	979
34	12
34	62
34	67
34	77
34	88
34	140
34	141
34	146
34	164
34	175
34	763
35	8
35	59
35	126
35	130
35	146
35	154
35	167
35	171
35	179
35	830
35	870
36	56
36	64
36	79
36	104
36	149
36	156
36	166
36	167
36	182
36	183
36	815
37	20
37	45
37	73
37	78
37	85
37	167
37	170
37	175
37	184
37	191
37	925
38	24
38	26
38	39
38	118
38	124
38	142
38	150
38	155
38	186
38	189
38	759
39	6
39	7
39	38
39	46
39	53
39	90
39	168
39	180
39	181
39	190
39	349
40	51
40	66
40	90
40	94
40	109
40	122
40	137
40	149
40	165
40	176
40	182
40	767
41	29
41	147
41	152
41	158
41	161
41	172
41	176
41	180
41	187
41	188
41	497
41	740
42	11
42	15
42	104
42	105
42	112
42	113
42	149
42	157
42	165
42	166
42	175
42	618
43	30
43	130
43	137
43	144
43	155
43	159
43	165
43	168
43	171
43	182
43	184
43	750
44	62
44	76
44	88
44	122
44	140
44	141
44	142
44	146
44	153
44	164
44	184
44	637
45	25
45	37
45	77
45	82
45	139
45	145
45	157
45	159
45	160
45	167
45	173
45	628
46	21
46	39
46	99
46	133
46	153
46	156
46	168
46	169
46	177
46	181
46	184
46	593
47	24
47	65
47	97
47	104
47	119
47	129
47	132
47	140
47	146
47	153
47	164
47	977
48	21
48	55
48	92
48	116
48	150
48	162
48	167
48	177
48	178
48	180
48	190
48	377
49	2
49	8
49	11
49	52
49	84
49	103
49	161
49	165
49	175
49	182
49	183
49	778
50	13
50	117
50	144
50	168
50	173
50	183
50	185
50	188
50	189
50	191
50	275
50	680
51	10
51	40
51	88
51	135
51	168
51	169
51	177
51	178
51	180
51	181
51	186
51	542
52	29
52	49
52	127
52	132
52	135
52	156
52	162
52	178
52	179
52	184
52	185
52	839
53	39
53	56
53	65
53	158
53	162
53	163
53	172
53	175
53	178
53	186
53	187
53	335
54	19
54	99
54	124
54	138
54	148
54	155
54	161
54	174
54	180
54	182
54	190
54	194
55	48
55	68
55	117
55	155
55	161
55	168
55	177
55	180
55	181
55	186
55	190
55	790
56	19
56	36
56	53
56	135
56	137
56	143
56	166
56	171
56	176
56	184
56	550
56	945
57	82
57	86
57	106
57	115
57	128
57	131
57	160
57	170
57	173
57	182
57	185
57	835
58	82
58	128
58	139
58	145
58	157
58	160
58	165
58	170
58	171
58	182
58	299
58	843
59	9
59	29
59	35
59	85
59	91
59	94
59	110
59	134
59	182
59	183
59	334
59	454
60	28
60	66
60	131
60	135
60	138
60	139
60	157
60	159
60	160
60	170
60	173
60	631
61	68
61	83
61	120
61	149
61	154
61	159
61	171
61	175
61	180
61	184
61	188
61	556
62	34
62	44
62	118
62	122
62	129
62	146
62	147
62	164
62	184
62	188
62	367
62	537
63	21
63	73
63	90
63	125
63	145
63	155
63	158
63	159
63	177
63	181
63	186
63	190
63	835
64	23
64	36
64	108
64	116
64	119
64	136
64	156
64	162
64	163
64	182
64	188
64	191
64	203
65	47
65	53
65	108
65	126
65	148
65	149
65	152
65	155
65	172
65	178
65	188
65	287
65	994
66	40
66	60
66	74
66	86
66	97
66	130
66	140
66	145
66	160
66	170
66	173
66	185
66	364
67	14
67	34
67	71
67	105
67	107
67	110
67	136
67	147
67	150
67	153
67	169
67	181
67	361
68	55
68	61
68	119
68	121
68	148
68	151
68	157
68	158
68	179
68	185
68	188
68	191
68	945
69	100
69	123
69	132
69	136
69	157
69	161
69	163
69	172
69	174
69	185
69	187
69	191
69	536
70	87
70	96
70	161
70	170
70	172
70	179
70	185
70	187
70	188
70	189
70	191
70	726
70	986
71	67
71	89
71	91
71	135
71	150
71	159
71	165
71	167
71	174
71	175
71	182
71	290
71	848
72	6
72	18
72	87
72	92
72	95
72	119
72	129
72	132
72	146
72	152
72	164
72	176
72	833
73	37
73	63
73	76
73	85
73	86
73	93
73	109
73	154
73	175
73	176
73	178
73	182
73	291
74	4
74	16
74	31
74	66
74	86
74	114
74	122
74	126
74	158
74	170
74	173
74	186
74	595
75	102
75	142
75	147
75	151
75	169
75	175
75	177
75	179
75	180
75	181
75	186
75	187
75	492
76	17
76	44
76	73
76	88
76	101
76	128
76	132
76	140
76	141
76	144
76	164
76	185
76	245
77	34
77	45
77	97
77	121
77	131
77	145
77	156
77	157
77	160
77	170
77	173
77	178
77	980
78	37
78	86
78	99
78	106
78	126
78	128
78	139
78	145
78	150
78	157
78	173
78	179
78	343
79	28
79	36
79	87
79	102
79	108
79	133
79	138
79	141
79	151
79	162
79	185
79	187
79	191
79	342
80	91
80	94
80	107
80	133
80	151
80	156
80	174
80	177
80	179
80	184
80	185
80	188
80	191
80	975
81	11
81	86
81	127
81	130
81	157
81	158
81	162
81	174
81	178
81	179
81	183
81	185
81	188
81	633
82	14
82	45
82	57
82	58
82	89
82	97
82	114
82	135
82	145
82	157
82	170
82	173
82	187
82	214
83	30
83	61
83	90
83	113
83	120
83	122
83	134
83	143
83	154
83	159
83	165
83	181
83	376
83	965
84	12
84	25
84	49
84	115
84	143
84	158
84	165
84	171
84	175
84	183
84	184
84	186
84	188
84	542
84	964
85	2
85	37
85	59
85	73
85	115
85	117
85	130
85	136
85	148
85	153
85	167
85	175
85	176
85	180
85	231
86	2
86	20
86	57
86	66
86	73
86	74
86	78
86	81
86	131
86	139
86	157
86	160
86	170
86	173
86	802
87	33
87	70
87	72
87	79
87	95
87	119
87	122
87	124
87	132
87	141
87	146
87	164
87	183
87	256
87	685
88	18
88	34
88	44
88	51
88	76
88	112
88	115
88	119
88	122
88	141
88	146
88	164
88	191
88	697
88	799
89	9
89	26
89	71
89	82
89	130
89	137
89	141
89	154
89	166
89	171
89	174
89	176
89	182
89	183
89	399
89	691
90	39
90	40
90	63
90	83
90	93
90	135
90	138
90	142
90	145
90	168
90	180
90	181
90	184
90	186
90	190
90	345
91	59
91	71
91	80
91	93
91	96
91	105
91	115
91	159
91	160
91	167
91	172
91	173
91	175
91	181
91	184
91	831
92	17
92	33
92	48
92	72
92	122
92	125
92	129
92	132
92	141
92	146
92	151
92	164
92	165
92	180
92	620
92	942
93	2
93	73
93	90
93	91
93	125
93	127
93	161
93	162
93	165
93	166
93	167
93	176
93	183
93	184
93	432
93	992
94	2
94	6
94	40
94	59
94	80
94	98
94	99
94	127
94	137
94	149
94	152
94	176
94	183
94	184
94	632
94	823
95	23
95	72
95	87
95	99
95	107
95	153
95	155
95	156
95	163
95	168
95	169
95	177
95	181
95	186
95	190
95	427
96	70
96	91
96	105
96	112
96	120
96	123
96	143
96	149
96	154
96	158
96	165
96	166
96	170
96	175
96	184
96	190
96	746
97	4
97	8
97	32
97	47
97	66
97	77
97	82
97	106
97	114
97	126
97	131
97	152
97	160
97	170
97	181
97	190
97	292
98	94
98	117
98	130
98	142
98	144
98	162
98	163
98	169
98	170
98	174
98	175
98	178
98	187
98	188
98	189
98	191
98	590
99	5
99	46
99	54
99	78
99	94
99	95
99	121
99	147
99	153
99	155
99	160
99	169
99	181
99	186
99	190
99	550
99	871
100	22
100	69
100	111
100	115
100	149
100	151
100	155
100	159
100	165
100	166
100	175
100	182
100	183
100	184
100	190
100	615
100	939
101	6
101	12
101	18
101	76
101	119
101	122
101	129
101	132
101	140
101	141
101	146
101	159
101	164
101	168
101	182
101	338
101	570
102	75
102	79
102	107
102	120
102	124
102	134
102	138
102	147
102	149
102	153
102	168
102	169
102	177
102	184
102	186
102	191
102	580
102	949
103	5
103	49
103	108
103	111
103	115
103	118
103	131
103	140
103	156
103	157
103	163
103	164
103	172
103	179
103	185
103	188
103	189
103	417
104	24
104	36
104	42
104	47
104	113
104	115
104	123
104	127
104	137
104	153
104	154
104	157
104	166
104	171
104	175
104	184
104	376
104	915
105	23
105	25
105	42
105	67
105	91
105	96
105	117
105	134
105	143
105	149
105	159
105	163
105	166
105	175
105	182
105	189
105	264
105	896
106	4
106	25
106	57
106	78
106	97
106	107
106	114
106	118
106	128
106	139
106	160
106	162
106	164
106	170
106	173
106	188
106	351
106	536
107	22
107	67
107	80
107	95
107	102
107	106
107	123
107	125
107	134
107	150
107	155
107	177
107	180
107	184
107	186
107	190
107	972
107	1000
108	64
108	65
108	79
108	103
108	127
108	148
108	155
108	162
108	170
108	171
108	177
108	181
108	183
108	185
108	187
108	188
108	191
108	789
109	22
109	40
109	73
109	114
109	121
109	130
109	144
109	159
109	160
109	165
109	171
109	175
109	181
109	182
109	183
109	184
109	185
109	477
109	946
110	15
110	59
110	67
110	124
110	125
110	135
110	142
110	144
110	155
110	162
110	167
110	168
110	169
110	180
110	187
110	190
110	191
110	370
110	397
111	100
111	103
111	116
111	121
111	127
111	132
111	151
111	152
111	157
111	163
111	172
111	174
111	177
111	179
111	183
111	188
111	189
111	191
111	623
112	5
112	17
112	42
112	88
112	96
112	148
112	149
112	151
112	152
112	154
112	162
112	163
112	178
112	179
112	185
112	187
112	191
112	757
112	905
113	18
113	42
113	83
113	104
113	114
113	115
113	139
113	149
113	154
113	167
113	173
113	175
113	176
113	182
113	183
113	184
113	189
113	605
113	795
114	7
114	74
114	82
114	97
114	106
114	109
114	113
114	117
114	126
114	128
114	145
114	154
114	157
114	160
114	162
114	163
114	170
114	173
114	369
114	847
115	20
115	57
115	84
115	85
115	88
115	91
115	100
115	103
115	104
115	113
115	120
115	137
115	149
115	155
115	171
115	179
115	182
115	190
115	269
115	328
116	48
116	64
116	111
116	124
116	131
116	135
116	142
116	150
116	153
116	155
116	166
116	169
116	172
116	174
116	177
116	180
116	186
116	190
116	601
116	682
117	33
117	50
117	55
117	85
117	98
117	105
117	114
117	148
117	152
117	158
117	161
117	162
117	172
117	174
117	175
117	178
117	184
117	185
117	189
117	309
117	977
118	4
118	38
118	62
118	103
118	106
118	121
118	131
118	158
118	162
118	163
118	164
118	172
118	174
118	178
118	179
118	186
118	188
118	189
118	191
118	686
118	962
119	17
119	18
119	47
119	64
119	68
119	72
119	87
119	88
119	101
119	122
119	129
119	140
119	141
119	146
119	148
119	164
119	167
119	169
119	189
119	329
119	561
120	8
120	32
120	61
120	83
120	96
120	102
120	115
120	132
120	134
120	152
120	154
120	165
120	171
120	176
120	178
120	182
120	183
120	184
120	186
120	298
120	756
121	68
121	77
121	99
121	109
121	111
121	118
121	129
121	133
121	143
121	152
121	156
121	158
121	161
121	165
121	177
121	179
121	187
121	189
121	191
121	823
121	850
122	33
122	40
122	44
122	62
122	74
122	83
122	87
122	88
122	92
122	101
122	119
122	129
122	132
122	140
122	141
122	153
122	164
122	167
122	178
122	216
122	415
123	16
123	28
123	69
123	96
123	104
123	107
123	130
123	137
123	143
123	151
123	154
123	157
123	165
123	167
123	171
123	176
123	181
123	182
123	183
123	316
123	599
124	5
124	38
124	54
124	87
124	102
124	110
124	116
124	140
124	149
124	150
124	153
124	168
124	169
124	178
124	180
124	181
124	182
124	186
124	190
124	775
124	937
125	14
125	19
125	30
125	63
125	92
125	93
125	107
125	110
125	136
125	138
125	150
125	155
125	162
125	171
125	173
125	177
125	180
125	186
125	190
125	295
125	624
125	659
126	4
126	9
126	32
126	35
126	65
126	74
126	78
126	97
126	114
126	128
126	139
126	157
126	160
126	169
126	170
126	173
126	182
126	184
126	188
126	749
126	824
126	975
127	11
127	25
127	27
127	52
127	81
127	93
127	94
127	104
127	108
127	111
127	129
127	136
127	168
127	172
127	174
127	178
127	179
127	185
127	188
127	189
127	791
127	984
128	18
128	33
128	57
128	58
128	76
128	78
128	106
128	114
128	126
128	131
128	136
128	139
128	145
128	157
128	158
128	160
128	170
128	173
128	189
128	191
128	211
128	764
129	11
129	17
129	18
129	33
129	47
129	62
129	72
129	92
129	101
129	119
129	121
129	122
129	127
129	132
129	133
129	140
129	141
129	148
129	153
129	163
129	164
129	543
129	623
130	16
130	27
130	35
130	43
130	66
130	81
130	85
130	89
130	98
130	109
130	123
130	145
130	149
130	154
130	167
130	171
130	175
130	180
130	182
130	184
130	188
130	579
130	809
131	7
131	8
131	25
131	31
131	57
131	60
131	77
131	86
131	97
131	103
131	116
131	118
131	128
131	145
131	157
131	160
131	170
131	173
131	187
131	189
131	535
131	654
131	809
132	17
132	24
132	47
132	52
132	69
132	72
132	76
132	87
132	92
132	101
132	111
132	120
132	122
132	129
132	140
132	141
132	146
132	164
132	166
132	180
132	185
132	383
132	969
133	11
133	13
133	46
133	79
133	80
133	121
133	129
133	139
133	156
133	158
133	161
133	162
133	165
133	174
133	178
133	182
133	183
133	186
133	188
133	189
133	191
133	369
133	458
134	22
134	59
134	83
134	102
134	105
134	107
134	120
134	142
134	143
134	147
134	149
134	155
134	159
134	165
134	166
134	167
134	171
134	174
134	176
134	179
134	183
134	184
134	598
134	804
135	12
135	51
135	52
135	56
135	60
135	71
135	82
135	90
135	110
135	116
135	143
135	147
135	150
135	155
135	157
135	159
135	177
135	180
135	181
135	186
135	190
135	381
135	607
135	820
136	1
136	28
136	64
136	67
136	69
136	85
136	125
136	127
136	128
136	152
136	156
136	158
136	161
136	170
136	175
136	178
136	179
136	183
136	185
136	188
136	189
136	191
136	439
136	988
137	9
137	40
137	43
137	56
137	89
137	94
137	104
137	115
137	123
137	139
137	152
137	154
137	161
137	162
137	164
137	166
137	171
137	175
137	176
137	182
137	184
137	189
137	817
137	988
138	12
138	30
138	54
138	60
138	79
138	90
138	102
138	125
138	146
138	147
138	150
138	158
138	165
138	167
138	168
138	169
138	177
138	180
138	181
138	186
138	190
138	191
138	320
138	754
138	792
139	3
139	25
139	32
139	45
139	58
139	60
139	78
139	86
139	106
139	113
139	126
139	128
139	133
139	137
139	145
139	157
139	160
139	165
139	170
139	173
139	183
139	185
139	189
139	387
139	588
140	13
140	17
140	24
140	33
140	34
140	44
140	47
140	66
140	76
140	101
140	103
140	119
140	122
140	124
140	129
140	132
140	141
140	146
140	164
140	169
140	172
140	174
140	322
140	944
140	964
141	7
141	24
141	33
141	34
141	44
141	76
141	79
141	87
141	88
141	89
141	92
141	101
141	119
141	122
141	129
141	132
141	140
141	146
141	160
141	164
141	166
141	171
141	188
141	332
141	973
141	996
142	15
142	16
142	19
142	38
142	44
142	75
142	90
142	98
142	110
142	116
142	134
142	147
142	149
142	153
142	155
142	163
142	166
142	168
142	169
142	177
142	180
142	181
142	186
142	191
142	207
142	252
143	6
143	26
143	29
143	31
143	56
143	83
143	84
143	96
143	105
143	121
143	123
143	134
143	135
143	155
143	158
143	162
143	165
143	166
143	167
143	175
143	176
143	182
143	183
143	428
143	473
143	814
144	3
144	11
144	43
144	50
144	76
144	98
144	109
144	110
144	151
144	156
144	161
144	162
144	169
144	172
144	174
144	175
144	176
144	178
144	179
144	186
144	188
144	189
144	191
144	545
144	761
144	989
145	31
145	32
145	45
145	58
145	63
145	66
145	77
145	78
145	82
145	90
145	114
145	128
145	130
145	131
145	139
145	150
145	158
145	160
145	163
145	170
145	173
145	185
145	186
145	485
145	972
145	989
146	8
146	18
146	24
146	27
146	34
146	35
146	44
146	47
146	62
146	72
146	87
146	88
146	92
146	101
146	119
146	132
146	138
146	140
146	141
146	164
146	167
146	178
146	185
146	187
146	229
146	751
146	924
147	12
147	19
147	41
147	62
147	67
147	75
147	99
147	102
147	134
147	135
147	138
147	142
147	151
147	153
147	160
147	168
147	169
147	173
147	179
147	180
147	181
147	186
147	189
147	190
147	268
147	496
147	589
148	27
148	54
148	65
148	68
148	85
148	108
148	112
148	117
148	119
148	129
148	151
148	156
148	158
148	161
148	163
148	166
148	169
148	170
148	174
148	177
148	179
148	181
148	187
148	189
148	191
148	325
148	783
148	923
149	32
149	36
149	40
149	42
149	61
149	65
149	94
149	96
149	100
149	102
149	105
149	112
149	113
149	115
149	124
149	130
149	134
149	142
149	151
149	159
149	167
149	171
149	174
149	176
149	183
149	187
149	400
149	756
149	902
150	15
150	26
150	27
150	32
150	38
150	48
150	67
150	71
150	78
150	107
150	116
150	124
150	125
150	135
150	138
150	145
150	153
150	155
150	158
150	165
150	168
150	169
150	177
150	186
150	189
150	190
150	299
150	660
150	740
151	23
151	28
151	68
151	75
151	79
151	80
151	92
151	100
151	111
151	112
151	123
151	144
151	147
151	148
151	149
151	152
151	155
151	156
151	163
151	164
151	172
151	178
151	183
151	185
151	187
151	188
151	189
151	367
151	620
151	733
152	5
152	11
152	14
152	41
152	65
152	72
152	94
152	97
152	111
152	112
152	117
152	120
152	121
152	136
152	137
152	151
152	159
152	162
152	172
152	174
152	175
152	177
152	178
152	179
152	185
152	187
152	189
152	589
152	833
152	892
153	1
153	21
153	44
153	46
153	47
153	67
153	85
153	95
153	99
153	102
153	104
153	116
153	122
153	124
153	129
153	142
153	147
153	150
153	155
153	156
153	169
153	180
153	181
153	182
153	184
153	186
153	190
153	280
153	394
153	481
153	696
154	9
154	10
154	16
154	19
154	35
154	61
154	73
154	83
154	89
154	96
154	104
154	112
154	113
154	114
154	120
154	123
154	130
154	137
154	159
154	161
154	166
154	167
154	169
154	176
154	180
154	181
154	183
154	184
154	189
154	434
154	628
154	785
155	26
155	38
155	43
155	54
155	55
155	63
155	65
155	95
155	99
155	100
155	107
155	108
155	110
155	115
155	116
155	125
155	134
155	135
155	142
155	143
155	150
155	151
155	153
155	168
155	177
155	180
155	187
155	190
155	284
155	311
155	939
155	942
156	36
156	46
156	52
156	64
156	77
156	80
156	95
156	103
156	121
156	133
156	136
156	144
156	148
156	151
156	153
156	158
156	160
156	161
156	169
156	171
156	172
156	177
156	179
156	185
156	187
156	188
156	189
156	190
156	191
156	520
156	709
156	812
157	7
157	9
157	25
157	31
157	32
157	42
157	45
157	58
157	60
157	68
157	69
157	77
157	78
157	81
157	82
157	86
157	103
157	104
157	111
157	114
157	123
157	126
157	128
157	131
157	135
157	139
157	160
157	170
157	173
157	189
157	805
157	818
157	887
158	4
158	27
158	41
158	53
158	63
158	68
158	74
158	81
158	84
158	96
158	117
158	118
158	121
158	128
158	133
158	136
158	138
158	143
158	145
158	148
158	150
158	156
158	161
158	163
158	174
158	178
158	179
158	187
158	189
158	191
158	553
158	826
158	840
159	6
159	8
159	16
159	19
159	43
159	45
159	60
159	61
159	63
159	71
159	83
159	91
159	100
159	101
159	105
159	109
159	134
159	135
159	149
159	152
159	154
159	166
159	168
159	171
159	172
159	175
159	182
159	183
159	184
159	187
159	499
159	505
159	793
159	987
160	7
160	9
160	21
160	31
160	45
160	57
160	58
160	60
160	66
160	77
160	86
160	91
160	97
160	99
160	106
160	109
160	114
160	126
160	128
160	131
160	139
160	141
160	145
160	147
160	156
160	157
160	161
160	170
160	172
160	173
160	187
160	190
160	425
160	745
160	902
161	4
161	10
161	13
161	29
161	41
161	49
161	54
161	55
161	69
161	70
161	93
161	117
161	121
161	133
161	136
161	137
161	144
161	148
161	154
161	156
161	158
161	160
161	163
161	171
161	172
161	178
161	180
161	181
161	185
161	187
161	188
161	189
161	390
161	569
161	703
162	5
162	13
162	48
162	52
162	53
162	64
162	79
162	81
162	93
162	98
162	106
162	108
162	110
162	112
162	114
162	117
162	118
162	125
162	133
162	137
162	143
162	144
162	152
162	163
162	170
162	173
162	174
162	179
162	185
162	188
162	189
162	190
162	191
162	372
162	584
162	814
163	3
163	10
163	14
163	28
163	30
163	53
163	64
163	69
163	95
163	98
163	103
163	105
163	111
163	112
163	114
163	118
163	129
163	142
163	145
163	148
163	151
163	158
163	161
163	162
163	171
163	172
163	174
163	182
163	185
163	186
163	187
163	188
163	189
163	658
163	927
163	938
164	3
164	17
164	18
164	20
164	24
164	33
164	34
164	44
164	47
164	62
164	72
164	76
164	87
164	88
164	92
164	101
164	103
164	106
164	118
164	119
164	122
164	129
164	132
164	137
164	140
164	141
164	146
164	151
164	172
164	178
164	185
164	190
164	192
164	356
164	766
164	940
165	1
165	22
165	40
165	42
165	43
165	49
165	58
165	71
165	83
165	84
165	92
165	93
165	96
165	100
165	109
165	120
165	121
165	123
165	133
165	134
165	138
165	139
165	143
165	150
165	166
165	167
165	168
165	176
165	179
165	182
165	183
165	184
165	190
165	381
165	821
165	862
166	6
166	21
166	36
166	42
166	56
166	89
166	93
166	96
166	100
166	104
166	105
166	116
166	132
166	134
166	137
166	141
166	142
166	143
166	148
166	154
166	159
166	165
166	167
166	171
166	172
166	174
166	175
166	176
166	179
166	182
166	183
166	190
166	191
166	366
166	460
166	573
166	893
167	6
167	8
167	18
167	35
167	36
167	37
167	45
167	48
167	71
167	85
167	91
167	93
167	110
167	113
167	119
167	122
167	123
167	130
167	134
167	138
167	143
167	146
167	149
167	154
167	165
167	166
167	169
167	171
167	175
167	176
167	177
167	178
167	183
167	255
167	552
167	627
167	834
168	12
168	13
168	14
168	22
168	39
168	43
168	46
168	50
168	51
168	55
168	90
168	95
168	101
168	102
168	110
168	124
168	127
168	138
168	142
168	147
168	150
168	155
168	159
168	165
168	169
168	175
168	176
168	177
168	180
168	181
168	184
168	186
168	190
168	206
168	541
168	627
168	763
169	1
169	26
169	30
169	46
169	51
169	67
169	75
169	95
169	98
169	99
169	102
169	110
169	116
169	119
169	124
169	126
169	138
169	140
169	142
169	144
169	147
169	148
169	150
169	153
169	154
169	156
169	167
169	168
169	170
169	176
169	177
169	180
169	181
169	186
169	187
169	530
169	546
169	676
169	951
170	1
170	4
170	7
170	9
170	25
170	31
170	37
170	57
170	58
170	60
170	66
170	70
170	74
170	77
170	82
170	86
170	96
170	97
170	98
170	106
170	108
170	114
170	126
170	128
170	131
170	136
170	139
170	145
170	148
170	157
170	160
170	162
170	169
170	173
170	185
170	287
170	379
170	560
170	1000
171	5
171	20
171	35
171	43
171	56
171	58
171	61
171	84
171	89
171	104
171	108
171	109
171	115
171	120
171	123
171	125
171	130
171	134
171	137
171	141
171	149
171	156
171	159
171	161
171	163
171	166
171	167
171	172
171	176
171	182
171	183
171	184
171	185
171	188
171	191
171	261
171	363
171	661
171	970
172	5
172	23
172	24
172	41
172	53
172	65
172	69
172	70
172	91
172	103
172	111
172	116
172	117
172	118
172	127
172	140
172	144
172	151
172	152
172	156
172	159
172	160
172	161
172	163
172	164
172	166
172	171
172	178
172	179
172	180
172	181
172	185
172	187
172	188
172	189
172	190
172	288
172	523
172	548
172	995
173	4
173	7
173	9
173	25
173	32
173	45
173	50
173	57
173	60
173	66
173	74
173	77
173	78
173	82
173	86
173	91
173	106
173	113
173	114
173	125
173	126
173	128
173	131
173	139
173	145
173	147
173	157
173	160
173	162
173	170
173	177
173	180
173	186
173	187
173	190
173	191
173	273
173	572
173	611
173	739
174	5
174	23
174	29
174	54
174	69
174	71
174	80
174	81
174	89
174	98
174	111
174	116
174	117
174	118
174	127
174	133
174	134
174	140
174	144
174	148
174	149
174	152
174	158
174	162
174	163
174	166
174	175
174	178
174	179
174	180
174	181
174	184
174	187
174	188
174	189
174	191
174	482
174	583
174	604
174	849
175	6
175	8
175	20
175	32
175	34
175	37
175	42
175	49
175	53
175	61
175	71
175	73
175	75
175	84
175	85
175	91
175	96
175	98
175	100
175	104
175	105
175	109
175	113
175	117
175	130
175	136
175	137
175	143
175	144
175	152
175	159
175	166
175	167
175	168
175	174
175	176
175	177
175	184
175	317
175	341
175	772
175	789
176	13
176	16
176	21
176	22
176	40
176	41
176	56
176	72
176	73
176	85
176	89
176	93
176	94
176	113
176	120
176	123
176	134
176	137
176	143
176	144
176	149
176	154
176	165
176	166
176	167
176	168
176	169
176	171
176	175
176	179
176	182
176	183
176	184
176	185
176	186
176	187
176	188
176	191
176	326
176	549
176	811
176	947
177	7
177	12
177	15
177	21
177	26
177	46
177	48
177	51
177	55
177	63
177	75
177	80
177	95
177	102
177	107
177	108
177	111
177	116
177	121
177	125
177	135
177	138
177	142
177	148
177	150
177	152
177	155
177	156
177	167
177	168
177	169
177	173
177	175
177	179
177	180
177	181
177	188
177	190
177	270
177	568
177	672
177	911
178	10
178	15
178	26
178	28
178	29
178	31
178	48
178	51
178	52
178	53
178	65
178	73
178	77
178	81
178	98
178	112
178	117
178	118
178	120
178	122
178	124
178	127
178	133
178	136
178	144
178	146
178	151
178	152
178	158
178	161
178	164
178	167
178	172
178	174
178	179
178	185
178	187
178	189
178	334
178	382
178	796
178	817
179	3
179	13
179	15
179	22
179	23
179	35
179	52
179	68
179	70
179	75
179	78
179	80
179	81
179	103
179	111
179	112
179	115
179	118
179	121
179	127
179	134
179	136
179	144
179	147
179	148
179	152
179	156
179	158
179	162
179	165
179	166
179	172
179	174
179	176
179	177
179	178
179	180
179	187
179	189
179	327
179	498
179	748
179	893
180	19
180	30
180	39
180	41
180	48
180	51
180	54
180	55
180	61
180	75
180	85
180	90
180	92
180	107
180	110
180	116
180	124
180	125
180	130
180	132
180	135
180	138
180	142
180	147
180	153
180	154
180	155
180	161
180	168
180	169
180	172
180	173
180	174
180	177
180	179
180	181
180	186
180	188
180	190
180	267
180	358
180	396
180	981
181	1
181	14
181	15
181	19
181	31
181	39
181	46
181	51
181	55
181	63
181	67
181	75
181	83
181	90
181	91
181	95
181	97
181	99
181	108
181	109
181	123
181	124
181	135
181	138
181	142
181	147
181	148
181	153
181	154
181	161
181	168
181	169
181	172
181	174
181	177
181	180
181	183
181	190
181	426
181	457
181	470
181	523
181	563
182	20
182	36
182	40
182	43
182	49
182	54
182	57
182	58
182	59
182	64
182	71
182	73
182	89
182	100
182	101
182	105
182	109
182	113
182	115
182	120
182	123
182	124
182	126
182	130
182	133
182	137
182	143
182	153
182	159
182	163
182	165
182	166
182	171
182	176
182	183
182	184
182	189
182	190
182	191
182	525
182	618
182	650
182	830
183	2
183	3
183	20
183	22
183	28
183	36
183	49
183	50
183	59
183	81
183	84
183	87
183	89
183	93
183	94
183	100
183	108
183	109
183	111
183	113
183	120
183	123
183	133
183	134
183	136
183	139
183	143
183	149
183	151
183	154
183	159
183	165
183	166
183	167
183	171
183	176
183	181
183	182
183	184
183	191
183	583
183	698
183	950
183	966
184	2
184	16
184	22
184	37
184	43
184	44
184	46
184	52
184	56
184	61
184	62
184	80
184	84
184	90
184	91
184	93
184	94
184	96
184	100
184	102
184	104
184	107
184	109
184	113
184	117
184	120
184	126
184	130
184	134
184	137
184	153
184	154
184	159
184	165
184	168
184	171
184	174
184	175
184	176
184	182
184	183
184	475
184	512
184	736
184	773
184	998
185	3
185	10
185	20
185	27
185	28
185	50
185	52
185	57
185	66
185	68
185	69
185	70
185	76
185	79
185	80
185	81
185	103
185	108
185	109
185	112
185	117
185	127
185	132
185	136
185	139
185	145
185	146
185	151
185	152
185	156
185	161
185	162
185	163
185	164
185	170
185	171
185	172
185	176
185	178
185	186
185	187
185	188
185	191
185	472
185	540
185	578
185	616
186	1
186	15
186	19
186	21
186	26
186	30
186	38
186	51
186	53
186	55
186	63
186	74
186	75
186	84
186	90
186	95
186	99
186	102
186	107
186	116
186	118
186	120
186	124
186	125
186	133
186	135
186	138
186	142
186	144
186	145
186	147
186	150
186	153
186	163
186	168
186	169
186	173
186	176
186	180
186	185
186	187
186	188
186	190
186	519
186	549
186	803
186	816
187	10
187	11
187	13
187	17
187	27
187	41
187	53
187	69
187	70
187	75
187	79
187	82
187	98
187	108
187	110
187	112
187	121
187	131
187	146
187	148
187	149
187	151
187	152
187	155
187	156
187	158
187	159
187	160
187	161
187	163
187	169
187	172
187	173
187	174
187	176
187	178
187	179
187	185
187	186
187	188
187	189
187	190
187	191
187	350
187	465
187	586
187	624
187	984
188	2
188	3
188	41
188	50
188	61
188	62
188	64
188	65
188	68
188	70
188	80
188	81
188	84
188	98
188	103
188	106
188	108
188	111
188	118
188	126
188	127
188	130
188	133
188	136
188	141
188	144
188	151
188	156
188	161
188	162
188	163
188	171
188	172
188	174
188	176
188	177
188	180
188	185
188	186
188	187
188	189
188	190
188	191
188	193
188	202
188	283
188	529
188	986
189	20
189	23
189	27
189	29
189	33
189	38
189	50
189	70
189	98
189	103
189	105
189	111
189	113
189	117
189	118
189	119
189	121
189	127
189	128
189	131
189	133
189	136
189	137
189	139
189	144
189	147
189	148
189	150
189	151
189	152
189	154
189	156
189	157
189	158
189	161
189	162
189	163
189	172
189	174
189	178
189	179
189	182
189	187
189	188
189	191
189	532
189	545
189	632
189	694
190	1
190	12
190	14
190	21
190	30
190	39
190	48
190	54
190	55
190	63
190	90
190	95
190	96
190	97
190	99
190	100
190	107
190	110
190	115
190	116
190	124
190	125
190	135
190	138
190	147
190	150
190	153
190	155
190	156
190	160
190	162
190	164
190	165
190	166
190	168
190	172
190	173
190	177
190	180
190	181
190	182
190	186
190	187
190	188
190	337
190	564
190	806
190	817
190	989
191	3
191	10
191	16
191	23
191	27
191	28
191	31
191	37
191	50
191	64
191	68
191	69
191	70
191	79
191	80
191	88
191	98
191	102
191	108
191	110
191	111
191	112
191	118
191	121
191	128
191	133
191	136
191	138
191	142
191	144
191	148
191	156
191	158
191	162
191	166
191	171
191	173
191	174
191	176
191	182
191	183
191	185
191	187
191	188
191	189
191	353
191	374
191	491
191	517
191	993
192	164
192	201
192	236
192	237
192	251
192	338
192	366
192	375
192	382
192	386
193	188
193	242
193	281
193	295
193	302
193	305
193	339
193	360
193	370
193	384
194	54
194	212
194	239
194	302
194	311
194	335
194	339
194	360
194	369
194	383
195	19
195	285
195	309
195	346
195	363
195	369
195	383
195	384
195	385
196	219
196	290
196	297
196	323
196	344
196	352
196	371
196	374
196	377
196	982
197	235
197	299
197	309
197	335
197	352
197	354
197	366
197	373
197	374
197	867
198	236
198	243
198	264
198	296
198	317
198	334
198	362
198	368
198	372
198	845
199	204
199	257
199	272
199	274
199	309
199	325
199	336
199	343
199	381
199	819
200	231
200	279
200	339
200	358
200	361
200	363
200	369
200	383
200	384
200	448
201	192
201	234
201	269
201	276
201	353
201	373
201	374
201	376
201	384
201	748
202	188
202	215
202	257
202	303
202	308
202	341
202	344
202	371
202	379
202	382
203	64
203	226
203	231
203	234
203	254
203	322
203	349
203	356
203	382
203	386
204	199
204	205
204	228
204	280
204	294
204	316
204	325
204	332
204	379
204	800
205	204
205	259
205	265
205	310
205	362
205	367
205	368
205	372
205	378
205	831
206	168
206	255
206	258
206	304
206	331
206	342
206	350
206	362
206	369
206	385
207	142
207	211
207	272
207	284
207	305
207	330
207	332
207	347
207	364
207	371
208	247
208	254
208	300
208	303
208	322
208	339
208	345
208	382
208	386
208	480
209	213
209	243
209	263
209	279
209	309
209	338
209	339
209	365
209	386
209	933
210	211
210	251
210	304
210	310
210	336
210	337
210	348
210	349
210	382
210	626
211	128
211	207
211	210
211	228
211	312
211	350
211	378
211	380
211	384
211	385
212	194
212	295
212	325
212	332
212	358
212	365
212	370
212	375
212	381
212	771
213	209
213	234
213	273
213	329
213	348
213	358
213	359
213	365
213	367
213	590
214	82
214	312
214	316
214	332
214	336
214	339
214	348
214	380
214	381
214	385
215	202
215	262
215	328
215	335
215	346
215	347
215	355
215	369
215	384
215	620
216	122
216	279
216	292
216	294
216	321
216	349
216	374
216	375
216	382
216	386
217	29
217	266
217	292
217	297
217	320
217	345
217	348
217	351
217	374
217	377
217	379
218	243
218	244
218	269
218	290
218	304
218	319
218	325
218	327
218	352
218	353
218	500
219	196
219	265
219	278
219	287
219	301
219	337
219	356
219	361
219	362
219	368
219	888
220	257
220	268
220	286
220	299
220	347
220	365
220	370
220	381
220	382
220	633
220	968
221	244
221	284
221	293
221	319
221	321
221	323
221	338
221	370
221	376
221	386
221	532
222	302
222	346
222	355
222	358
222	363
222	364
222	369
222	381
222	383
222	384
222	625
223	231
223	232
223	268
223	307
223	308
223	328
223	336
223	360
223	370
223	606
223	771
224	252
224	298
224	306
224	325
224	344
224	355
224	363
224	374
224	383
224	384
224	626
225	299
225	310
225	312
225	341
225	348
225	378
225	380
225	385
225	386
225	794
225	805
226	203
226	230
226	245
226	314
226	338
226	342
226	373
226	375
226	376
226	382
226	821
227	235
227	259
227	314
227	331
227	346
227	356
227	357
227	362
227	368
227	372
227	525
228	204
228	211
228	233
228	312
228	344
228	359
228	374
228	376
228	379
228	381
228	856
229	146
229	250
229	258
229	274
229	323
229	340
229	347
229	357
229	367
229	379
229	380
230	226
230	292
230	316
230	327
230	338
230	360
230	368
230	373
230	382
230	386
230	484
231	85
231	200
231	203
231	223
231	237
231	274
231	323
231	330
231	346
231	359
231	370
232	223
232	259
232	261
232	305
232	333
232	352
232	359
232	365
232	367
232	371
232	807
233	228
233	241
233	256
233	324
233	333
233	336
233	342
233	349
233	383
233	385
233	622
234	16
234	201
234	203
234	213
234	254
234	263
234	302
234	338
234	354
234	369
234	373
234	375
235	197
235	227
235	240
235	251
235	320
235	352
235	354
235	366
235	375
235	376
235	382
235	799
236	192
236	198
236	269
236	289
236	357
236	364
236	371
236	377
236	379
236	381
236	385
236	602
237	192
237	231
237	276
237	296
237	324
237	342
237	357
237	369
237	378
237	380
237	385
237	606
238	287
238	326
238	328
238	341
238	346
238	361
238	363
238	365
238	369
238	383
238	384
238	980
239	194
239	312
239	316
239	349
239	350
239	354
239	373
239	378
239	380
239	385
239	914
239	979
240	235
240	247
240	249
240	282
240	310
240	334
240	337
240	346
240	362
240	363
240	372
240	598
241	233
241	261
241	288
241	308
241	314
241	316
241	326
241	333
241	350
241	378
241	385
241	823
242	193
242	261
242	275
242	306
242	349
242	357
242	360
242	361
242	374
242	383
242	384
242	734
243	198
243	209
243	218
243	267
243	281
243	294
243	321
243	327
243	338
243	345
243	472
243	821
244	218
244	221
244	277
244	278
244	298
244	312
244	355
244	361
244	363
244	366
244	383
244	882
245	76
245	226
245	264
245	271
245	307
245	315
245	323
245	325
245	351
245	367
245	369
245	374
246	255
246	256
246	281
246	283
246	284
246	289
246	309
246	352
246	381
246	382
246	383
246	961
247	208
247	240
247	278
247	294
247	314
247	331
247	334
247	364
247	368
247	372
247	384
247	511
248	284
248	292
248	317
248	323
248	344
248	347
248	348
248	364
248	367
248	370
248	379
248	422
249	240
249	263
249	288
249	311
249	320
249	321
249	363
249	375
249	376
249	379
249	386
249	810
250	229
250	292
250	301
250	309
250	319
250	327
250	343
250	354
250	358
250	376
250	386
250	630
251	192
251	210
251	235
251	304
251	324
251	336
251	350
251	351
251	377
251	378
251	380
251	565
252	142
252	224
252	285
252	306
252	311
252	313
252	340
252	360
252	364
252	369
252	383
252	384
252	612
253	282
253	310
253	314
253	317
253	318
253	337
253	350
253	362
253	367
253	372
253	385
253	386
253	927
254	203
254	208
254	234
254	301
254	305
254	309
254	311
254	327
254	357
254	366
254	374
254	386
254	836
255	167
255	206
255	246
255	276
255	311
255	313
255	326
255	348
255	377
255	378
255	380
255	383
255	385
256	87
256	233
256	246
256	307
256	309
256	313
256	319
256	338
256	353
256	363
256	366
256	376
256	382
257	199
257	202
257	220
257	261
257	281
257	291
257	329
257	345
257	362
257	371
257	381
257	657
257	925
258	206
258	229
258	262
258	294
258	296
258	312
258	326
258	336
258	349
258	351
258	353
258	378
258	976
259	205
259	227
259	232
259	265
259	269
259	287
259	317
259	334
259	363
259	368
259	372
259	382
259	758
260	281
260	286
260	293
260	300
260	311
260	327
260	337
260	345
260	361
260	376
260	377
260	382
260	503
260	725
261	171
261	232
261	241
261	242
261	257
261	280
261	310
261	330
261	345
261	358
261	364
261	371
261	374
261	384
262	215
262	258
262	277
262	312
262	313
262	327
262	336
262	348
262	349
262	355
262	378
262	380
262	385
262	889
263	209
263	234
263	249
263	281
263	283
263	292
263	325
263	346
263	375
263	376
263	377
263	378
263	382
263	979
264	105
264	198
264	245
264	287
264	290
264	301
264	318
264	329
264	331
264	334
264	350
264	356
264	368
264	372
265	205
265	219
265	259
265	266
265	314
265	337
265	354
265	356
265	362
265	368
265	372
265	377
265	382
265	710
266	217
266	265
266	300
266	305
266	309
266	315
266	356
266	358
266	365
266	370
266	374
266	376
266	381
266	562
267	180
267	243
267	289
267	298
267	323
267	329
267	332
267	336
267	351
267	367
267	371
267	374
267	384
267	797
268	147
268	220
268	223
268	297
268	306
268	315
268	338
268	351
268	353
268	357
268	360
268	367
268	381
268	837
269	115
269	201
269	218
269	236
269	259
269	308
269	309
269	321
269	332
269	353
269	366
269	373
269	375
269	382
270	177
270	278
270	299
270	313
270	326
270	342
270	343
270	347
270	350
270	359
270	378
270	380
270	385
270	402
271	245
271	272
271	278
271	328
271	329
271	339
271	349
271	355
271	359
271	363
271	365
271	383
271	384
271	547
272	199
272	207
272	271
272	275
272	279
272	298
272	339
272	349
272	355
272	360
272	361
272	383
272	384
272	856
273	173
273	213
273	305
273	308
273	324
273	332
273	340
273	341
273	364
273	368
273	374
273	377
273	380
273	383
274	199
274	229
274	231
274	276
274	319
274	321
274	325
274	340
274	342
274	343
274	345
274	359
274	370
274	379
274	609
275	50
275	242
275	272
275	326
275	328
275	332
275	338
275	339
275	346
275	355
275	360
275	363
275	369
275	379
275	384
276	201
276	237
276	255
276	274
276	291
276	312
276	316
276	328
276	339
276	349
276	355
276	378
276	379
276	385
276	616
277	244
277	262
277	289
277	297
277	302
277	328
277	335
277	340
277	360
277	363
277	369
277	383
277	384
277	792
277	839
278	219
278	244
278	247
278	270
278	271
278	295
278	339
278	360
278	361
278	363
278	372
278	373
278	383
278	384
278	665
279	200
279	209
279	216
279	272
279	286
279	304
279	320
279	352
279	358
279	373
279	375
279	376
279	384
279	584
279	866
280	153
280	204
280	261
280	300
280	325
280	343
280	355
280	357
280	364
280	371
280	373
280	377
280	383
280	384
280	453
281	193
281	243
281	246
281	257
281	260
281	263
281	321
281	345
281	364
281	373
281	375
281	376
281	384
281	385
281	386
281	438
282	240
282	253
282	294
282	314
282	318
282	334
282	350
282	351
282	356
282	362
282	368
282	371
282	372
282	376
282	584
282	628
283	188
283	246
283	263
283	309
283	311
283	316
283	327
283	335
283	352
283	361
283	366
283	372
283	373
283	375
283	382
283	383
284	155
284	207
284	221
284	246
284	248
284	292
284	322
284	333
284	345
284	354
284	370
284	375
284	376
284	382
284	386
284	573
285	30
285	195
285	252
285	322
285	327
285	328
285	335
285	339
285	360
285	361
285	365
285	369
285	377
285	378
285	383
285	384
286	220
286	260
286	279
286	290
286	298
286	319
286	338
286	348
286	352
286	353
286	360
286	366
286	371
286	382
286	386
286	860
287	65
287	170
287	219
287	238
287	259
287	264
287	301
287	314
287	331
287	333
287	337
287	341
287	356
287	364
287	368
287	372
288	172
288	241
288	249
288	313
288	326
288	333
288	336
288	348
288	349
288	350
288	351
288	357
288	370
288	375
288	380
288	385
289	236
289	246
289	267
289	277
289	308
289	321
289	329
289	330
289	342
289	347
289	357
289	358
289	377
289	380
289	381
289	510
290	71
290	196
290	218
290	264
290	286
290	303
290	304
290	311
290	325
290	337
290	352
290	373
290	375
290	382
290	386
290	617
291	73
291	257
291	276
291	293
291	296
291	311
291	316
291	336
291	345
291	348
291	349
291	351
291	378
291	380
291	385
291	555
292	97
292	216
292	217
292	230
292	248
292	250
292	263
292	284
292	319
292	341
292	353
292	365
292	366
292	375
292	382
292	853
293	221
293	260
293	291
293	298
293	303
293	320
293	322
293	344
293	352
293	355
293	366
293	373
293	375
293	381
293	386
293	930
294	204
294	216
294	243
294	247
294	258
294	282
294	310
294	317
294	331
294	337
294	341
294	356
294	362
294	368
294	372
294	586
294	705
295	125
295	193
295	212
295	278
295	303
295	306
295	336
295	339
295	353
295	355
295	360
295	361
295	369
295	374
295	381
295	383
295	384
296	198
296	237
296	258
296	291
296	300
296	304
296	308
296	313
296	324
296	327
296	333
296	348
296	375
296	380
296	385
296	487
296	640
297	196
297	217
297	268
297	277
297	320
297	340
297	342
297	344
297	351
297	352
297	359
297	364
297	374
297	376
297	377
297	386
297	810
298	120
298	224
298	244
298	267
298	272
298	286
298	293
298	306
298	312
298	335
298	346
298	358
298	361
298	363
298	383
298	384
298	594
299	58
299	150
299	197
299	220
299	225
299	270
299	313
299	326
299	333
299	342
299	349
299	360
299	367
299	378
299	379
299	380
299	385
300	208
300	260
300	266
300	280
300	296
300	315
300	325
300	330
300	358
300	364
300	365
300	366
300	367
300	373
300	377
300	379
300	562
301	4
301	219
301	250
301	254
301	264
301	287
301	317
301	331
301	334
301	356
301	362
301	368
301	372
301	373
301	377
301	382
301	998
302	193
302	194
302	222
302	234
302	277
302	339
302	344
302	346
302	355
302	363
302	369
302	381
302	383
302	384
302	386
302	388
302	493
303	202
303	208
303	290
303	293
303	295
303	306
303	310
303	320
303	322
303	330
303	345
303	352
303	354
303	366
303	376
303	382
303	386
303	395
304	206
304	210
304	218
304	251
304	279
304	290
304	296
304	314
304	336
304	342
304	349
304	350
304	358
304	378
304	380
304	385
304	688
304	697
305	193
305	207
305	232
305	254
305	266
305	273
305	323
305	332
305	339
305	343
305	350
305	354
305	357
305	358
305	377
305	381
305	703
305	995
306	224
306	242
306	252
306	268
306	295
306	298
306	303
306	319
306	323
306	328
306	335
306	348
306	360
306	361
306	369
306	383
306	384
306	828
307	223
307	245
307	256
307	308
307	320
307	325
307	342
307	358
307	359
307	362
307	365
307	370
307	371
307	374
307	375
307	377
307	381
307	841
308	202
308	223
308	241
308	269
308	273
308	289
308	296
308	307
308	340
308	349
308	351
308	353
308	357
308	364
308	365
308	378
308	379
308	600
308	874
309	10
309	117
309	195
309	197
309	199
309	209
309	246
309	250
309	254
309	256
309	266
309	269
309	283
309	323
309	338
309	345
309	352
309	373
309	374
310	205
310	210
310	225
310	240
310	253
310	261
310	294
310	303
310	317
310	318
310	331
310	334
310	356
310	362
310	366
310	372
310	386
310	592
310	844
311	155
311	194
311	249
311	252
311	254
311	255
311	260
311	283
311	290
311	291
311	319
311	322
311	338
311	341
311	375
311	376
311	382
311	385
311	954
312	211
312	214
312	225
312	228
312	239
312	244
312	258
312	262
312	276
312	298
312	325
312	333
312	348
312	378
312	380
312	382
312	385
312	709
312	833
313	252
313	255
313	256
313	262
313	270
313	288
313	296
313	299
313	329
313	336
313	342
313	345
313	350
313	357
313	373
313	378
313	380
313	385
313	450
314	226
314	227
314	241
314	247
314	253
314	265
314	282
314	287
314	304
314	337
314	356
314	362
314	364
314	368
314	371
314	372
314	376
314	600
314	629
315	245
315	266
315	268
315	300
315	316
315	322
315	332
315	334
315	344
315	359
315	364
315	370
315	371
315	379
315	381
315	383
315	385
315	551
315	837
316	123
316	204
316	214
316	230
316	239
316	241
316	276
316	283
316	291
316	315
316	324
316	333
316	347
316	348
316	349
316	377
316	378
316	385
316	814
317	175
317	198
317	248
317	253
317	259
317	294
317	301
317	310
317	318
317	320
317	334
317	337
317	344
317	362
317	368
317	370
317	372
317	380
317	478
318	253
318	264
318	282
318	310
318	317
318	331
318	337
318	356
318	362
318	365
318	368
318	372
318	373
318	375
318	379
318	380
318	382
318	623
318	974
319	218
319	221
319	250
319	256
319	274
319	286
319	292
319	306
319	311
319	353
319	354
319	356
319	368
319	371
319	375
319	376
319	383
319	386
319	479
319	554
320	138
320	217
320	235
320	249
320	279
320	293
320	297
320	303
320	307
320	317
320	321
320	338
320	345
320	354
320	373
320	376
320	380
320	383
320	386
320	509
321	216
321	221
321	243
321	249
321	269
321	274
321	281
321	289
321	320
321	322
321	326
321	331
321	338
321	352
321	353
321	359
321	366
321	379
321	452
321	604
322	140
322	203
322	208
322	284
322	285
322	293
322	303
322	311
322	315
322	321
322	330
322	347
322	348
322	352
322	372
322	376
322	381
322	382
322	386
322	779
323	196
323	221
323	229
323	231
323	245
323	248
323	267
323	305
323	306
323	309
323	324
323	329
323	332
323	340
323	342
323	343
323	371
323	373
323	381
323	820
323	906
324	233
324	237
324	251
324	273
324	296
324	316
324	323
324	326
324	333
324	342
324	349
324	350
324	366
324	367
324	371
324	378
324	379
324	380
324	385
324	535
324	978
325	148
325	199
325	204
325	212
325	218
325	224
325	245
325	263
325	274
325	280
325	290
325	300
325	307
325	312
325	333
325	341
325	344
325	359
325	370
325	372
325	377
325	576
326	176
326	238
326	241
326	255
326	258
326	270
326	275
326	288
326	299
326	321
326	324
326	333
326	336
326	342
326	348
326	371
326	372
326	378
326	379
326	380
326	385
326	792
327	179
327	218
327	230
327	243
327	250
327	254
327	260
327	262
327	283
327	285
327	296
327	330
327	353
327	366
327	373
327	375
327	376
327	378
327	382
327	383
327	386
327	621
328	115
328	215
328	223
328	238
328	271
328	275
328	276
328	277
328	285
328	306
328	346
328	349
328	359
328	360
328	361
328	363
328	364
328	369
328	378
328	383
328	384
328	741
329	119
329	213
329	257
329	264
329	267
329	271
329	289
329	313
329	323
329	337
329	340
329	341
329	343
329	350
329	351
329	357
329	358
329	365
329	376
329	381
329	386
329	819
330	207
330	231
330	261
330	289
330	300
330	303
330	322
330	327
330	341
330	346
330	347
330	350
330	351
330	353
330	357
330	359
330	364
330	367
330	371
330	375
330	379
330	471
330	836
331	206
331	227
331	247
331	264
331	287
331	294
331	301
331	310
331	318
331	321
331	334
331	337
331	340
331	343
331	356
331	362
331	366
331	368
331	369
331	377
331	554
331	828
331	861
332	141
332	204
332	207
332	212
332	214
332	267
332	269
332	273
332	275
332	305
332	315
332	323
332	340
332	359
332	361
332	362
332	370
332	371
332	372
332	374
332	375
332	379
332	381
332	993
333	232
333	233
333	241
333	284
333	287
333	288
333	296
333	299
333	312
333	316
333	324
333	325
333	326
333	348
333	350
333	357
333	368
333	378
333	379
333	380
333	385
333	534
333	949
333	952
334	59
334	178
334	198
334	240
334	247
334	259
334	264
334	282
334	301
334	310
334	315
334	317
334	331
334	337
334	338
334	343
334	356
334	359
334	362
334	368
334	370
334	372
334	382
334	386
335	53
335	194
335	197
335	215
335	277
335	283
335	285
335	298
335	306
335	338
335	346
335	347
335	355
335	360
335	361
335	362
335	363
335	365
335	369
335	383
335	384
335	385
335	524
335	826
336	199
336	210
336	214
336	223
336	233
336	251
336	258
336	262
336	267
336	288
336	291
336	295
336	304
336	313
336	326
336	339
336	350
336	361
336	378
336	380
336	385
336	386
336	572
336	594
337	190
337	210
337	219
337	240
337	253
337	260
337	265
337	287
337	290
337	294
337	314
337	317
337	318
337	329
337	331
337	334
337	349
337	356
337	362
337	367
337	368
337	372
337	385
337	386
337	762
338	101
338	192
338	209
338	221
338	226
338	230
338	234
338	243
338	256
338	268
338	275
338	286
338	309
338	311
338	320
338	321
338	334
338	335
338	354
338	361
338	364
338	369
338	377
338	386
338	998
339	193
339	194
339	200
339	208
339	209
339	214
339	271
339	272
339	275
339	276
339	278
339	285
339	295
339	302
339	305
339	336
339	346
339	355
339	363
339	369
339	377
339	383
339	384
339	744
339	913
340	229
340	252
340	273
340	274
340	277
340	297
340	308
340	323
340	329
340	331
340	332
340	343
340	351
340	353
340	354
340	358
340	359
340	363
340	365
340	372
340	379
340	384
340	474
340	737
340	985
341	175
341	202
341	225
341	238
341	273
341	287
341	292
341	294
341	311
341	325
341	329
341	330
341	344
341	357
341	358
341	364
341	365
341	366
341	370
341	374
341	377
341	379
341	381
341	382
341	569
342	79
342	206
342	226
342	233
342	237
342	270
342	274
342	289
342	297
342	299
342	304
342	307
342	313
342	323
342	324
342	326
342	348
342	349
342	350
342	364
342	375
342	378
342	380
342	385
342	785
342	978
343	78
343	199
343	250
343	270
343	274
343	280
343	305
343	323
343	329
343	331
343	334
343	340
343	344
343	345
343	347
343	351
343	354
343	357
343	370
343	371
343	377
343	381
343	384
343	386
343	401
343	567
344	196
344	202
344	224
344	228
344	248
344	293
344	297
344	302
344	315
344	317
344	325
344	341
344	343
344	352
344	355
344	360
344	364
344	370
344	371
344	374
344	377
344	378
344	379
344	381
344	645
344	829
345	90
345	208
345	217
345	243
345	257
345	260
345	261
345	274
345	281
345	284
345	291
345	303
345	309
345	313
345	320
345	343
345	346
345	353
345	354
345	366
345	373
345	376
345	382
345	386
345	593
345	990
346	195
346	215
346	222
346	227
346	231
346	238
346	240
346	263
346	275
346	298
346	302
346	328
346	330
346	335
346	339
346	345
346	348
346	355
346	360
346	363
346	369
346	377
346	383
346	384
346	825
346	996
347	207
347	215
347	220
347	229
347	248
347	270
347	289
347	316
347	322
347	330
347	335
347	343
347	351
347	354
347	359
347	360
347	367
347	370
347	371
347	374
347	379
347	381
347	385
347	463
347	624
347	964
348	210
348	213
348	214
348	217
348	225
348	248
348	255
348	262
348	286
348	288
348	291
348	296
348	306
348	312
348	316
348	322
348	326
348	333
348	342
348	346
348	350
348	370
348	378
348	380
348	513
348	958
348	970
349	39
349	203
349	210
349	216
349	233
349	239
349	242
349	258
349	262
349	271
349	272
349	276
349	288
349	291
349	299
349	304
349	308
349	316
349	324
349	328
349	337
349	342
349	378
349	380
349	385
349	575
349	781
350	187
350	206
350	211
350	239
350	241
350	251
350	253
350	264
350	270
350	282
350	288
350	304
350	305
350	313
350	324
350	329
350	330
350	333
350	336
350	342
350	348
350	354
350	375
350	380
350	381
350	385
350	489
351	106
351	217
351	245
351	251
351	258
351	267
351	268
351	282
351	288
351	291
351	297
351	308
351	329
351	330
351	340
351	343
351	347
351	363
351	365
351	367
351	370
351	377
351	381
351	382
351	386
351	537
351	965
352	196
352	197
352	218
352	232
352	235
352	246
352	279
352	283
352	286
352	290
352	293
352	297
352	303
352	309
352	321
352	322
352	344
352	354
352	356
352	359
352	366
352	373
352	383
352	384
352	405
352	978
352	1000
353	191
353	201
353	218
353	256
353	258
353	268
353	269
353	286
353	292
353	295
353	308
353	319
353	321
353	327
353	330
353	340
353	345
353	354
353	366
353	369
353	372
353	373
353	375
353	382
353	386
353	496
353	631
354	197
354	234
354	235
354	239
354	250
354	265
354	284
354	303
354	305
354	319
354	320
354	338
354	340
354	343
354	345
354	347
354	350
354	352
354	353
354	356
354	367
354	373
354	375
354	382
354	386
354	546
354	976
355	215
355	222
355	224
355	244
355	262
355	271
355	272
355	275
355	276
355	280
355	293
355	295
355	302
355	335
355	339
355	344
355	346
355	356
355	361
355	368
355	369
355	371
355	383
355	384
355	531
355	747
355	947
356	164
356	203
356	219
356	227
356	264
356	265
356	266
356	282
356	287
356	294
356	301
356	310
356	314
356	318
356	319
356	331
356	334
356	337
356	352
356	354
356	355
356	362
356	368
356	372
356	373
356	379
356	595
356	996
357	227
357	229
357	236
357	237
357	242
357	254
357	268
357	280
357	288
357	289
357	305
357	308
357	313
357	329
357	330
357	333
357	341
357	343
357	358
357	365
357	370
357	374
357	375
357	377
357	379
357	380
357	440
357	788
357	941
358	180
358	200
358	212
358	213
358	222
358	250
358	261
358	266
358	279
358	289
358	298
358	300
358	304
358	305
358	307
358	329
358	340
358	341
358	357
358	359
358	363
358	364
358	367
358	374
358	377
358	379
358	384
358	385
358	875
359	213
359	228
359	231
359	232
359	270
359	271
359	274
359	297
359	307
359	315
359	321
359	325
359	328
359	330
359	332
359	334
359	340
359	347
359	352
359	358
359	361
359	364
359	367
359	372
359	379
359	381
359	410
359	538
359	742
360	193
360	194
360	223
360	230
360	242
360	252
360	268
360	272
360	275
360	277
360	278
360	285
360	286
360	295
360	299
360	306
360	328
360	335
360	344
360	346
360	347
360	361
360	369
360	377
360	383
360	384
360	446
360	574
360	832
361	67
361	200
361	219
361	238
361	242
361	244
361	260
361	272
361	278
361	283
361	285
361	295
361	298
361	306
361	328
361	332
361	335
361	336
361	338
361	355
361	359
361	360
361	363
361	369
361	370
361	380
361	383
361	384
361	514
361	822
362	198
362	205
362	206
362	219
362	227
362	240
362	253
362	257
362	265
362	282
362	294
362	301
362	307
362	310
362	314
362	317
362	318
362	331
362	332
362	334
362	335
362	337
362	356
362	366
362	368
362	370
362	372
362	386
362	416
362	595
362	766
363	171
363	195
363	200
363	222
363	224
363	238
363	240
363	244
363	249
363	256
363	259
363	271
363	275
363	277
363	278
363	298
363	302
363	328
363	335
363	339
363	340
363	346
363	351
363	358
363	361
363	365
363	369
363	371
363	383
363	384
363	385
363	464
363	581
363	895
364	66
364	207
364	222
364	236
364	247
364	248
364	252
364	261
364	273
364	280
364	281
364	287
364	297
364	300
364	308
364	314
364	315
364	328
364	330
364	338
364	341
364	342
364	344
364	358
364	359
364	365
364	367
364	373
364	374
364	377
364	381
364	803
364	911
364	931
365	209
365	212
365	213
365	220
365	232
365	238
365	266
365	271
365	285
365	292
365	300
365	307
365	308
365	318
365	329
365	335
365	340
365	341
365	351
365	357
365	363
365	364
365	369
365	370
365	371
365	374
365	377
365	378
365	379
365	381
365	383
365	811
365	823
365	929
366	166
366	192
366	197
366	235
366	244
366	254
366	256
366	269
366	283
366	286
366	292
366	293
366	300
366	303
366	310
366	321
366	324
366	327
366	331
366	341
366	345
366	352
366	353
366	362
366	368
366	373
366	375
366	376
366	378
366	382
366	384
366	386
366	931
366	946
366	995
367	62
367	151
367	205
367	213
367	229
367	232
367	245
367	248
367	253
367	267
367	268
367	299
367	300
367	324
367	330
367	337
367	347
367	351
367	354
367	358
367	359
367	364
367	368
367	370
367	371
367	374
367	376
367	377
367	379
367	381
367	383
367	385
367	386
367	459
367	801
368	198
368	205
368	219
368	227
368	230
368	247
368	259
368	264
368	265
368	273
368	282
368	287
368	294
368	301
368	314
368	317
368	318
368	319
368	331
368	333
368	334
368	337
368	355
368	356
368	362
368	366
368	367
368	371
368	372
368	376
368	378
368	386
368	638
368	818
368	910
368	944
369	114
369	133
369	194
369	195
369	200
369	206
369	215
369	222
369	234
369	237
369	238
369	245
369	252
369	275
369	277
369	285
369	295
369	302
369	306
369	328
369	331
369	335
369	338
369	339
369	346
369	353
369	355
369	360
369	361
369	363
369	365
369	371
369	380
369	381
369	383
369	384
369	498
370	110
370	193
370	212
370	220
370	221
370	223
370	231
370	248
370	266
370	274
370	284
370	288
370	307
370	315
370	317
370	325
370	332
370	334
370	341
370	343
370	344
370	347
370	348
370	351
370	357
370	361
370	362
370	365
370	367
370	371
370	374
370	377
370	378
370	382
370	424
370	524
370	720
371	24
371	196
371	202
371	207
371	232
371	236
371	257
371	261
371	267
371	280
371	282
371	286
371	307
371	314
371	315
371	319
371	323
371	324
371	326
371	330
371	332
371	343
371	344
371	347
371	355
371	363
371	365
371	367
371	368
371	369
371	370
371	374
371	377
371	380
371	495
371	556
371	906
372	162
372	198
372	205
372	227
372	240
372	247
372	253
372	259
372	264
372	265
372	278
372	282
372	283
372	287
372	294
372	301
372	310
372	314
372	317
372	318
372	322
372	325
372	326
372	332
372	334
372	337
372	340
372	353
372	356
372	359
372	362
372	368
372	376
372	381
372	633
372	634
372	729
373	197
373	201
373	226
373	230
373	234
373	239
373	269
373	278
373	279
373	280
373	281
373	283
373	290
373	293
373	300
373	301
373	309
373	313
373	318
373	320
373	323
373	327
373	345
373	352
373	353
373	354
373	356
373	364
373	366
373	374
373	375
373	376
373	382
373	383
373	386
373	476
373	768
373	839
374	191
374	196
374	197
374	201
374	216
374	217
374	224
374	228
374	242
374	245
374	254
374	261
374	266
374	267
374	273
374	295
374	297
374	307
374	309
374	332
374	341
374	344
374	347
374	357
374	358
374	364
374	365
374	367
374	370
374	371
374	373
374	375
374	377
374	379
374	380
374	383
374	538
374	899
374	968
375	192
375	212
375	216
375	226
375	234
375	235
375	249
375	263
375	269
375	279
375	281
375	283
375	284
375	288
375	290
375	292
375	293
375	296
375	307
375	311
375	318
375	319
375	327
375	330
375	332
375	342
375	350
375	353
375	354
375	357
375	366
375	373
375	374
375	376
375	384
375	386
375	466
375	718
375	968
376	83
376	104
376	201
376	221
376	226
376	228
376	235
376	249
376	250
376	256
376	260
376	263
376	266
376	279
376	281
376	282
376	284
376	297
376	303
376	311
376	314
376	319
376	320
376	322
376	327
376	329
376	345
376	366
376	367
376	368
376	372
376	373
376	375
376	381
376	382
376	384
376	385
376	386
376	573
376	923
377	48
377	196
377	217
377	236
377	251
377	255
377	260
377	263
377	265
377	273
377	280
377	285
377	289
377	297
377	300
377	301
377	305
377	307
377	316
377	325
377	331
377	338
377	339
377	341
377	343
377	344
377	346
377	351
377	357
377	358
377	360
377	364
377	365
377	367
377	370
377	371
377	374
377	381
377	507
377	707
377	948
378	205
378	211
378	225
378	237
378	239
378	241
378	251
378	255
378	258
378	262
378	263
378	270
378	276
378	285
378	291
378	299
378	304
378	308
378	312
378	313
378	316
378	324
378	326
378	327
378	328
378	333
378	336
378	342
378	344
378	348
378	349
378	365
378	366
378	368
378	370
378	381
378	385
378	629
378	782
378	805
378	842
379	170
379	202
379	204
379	217
379	228
379	229
379	236
379	248
379	249
379	274
379	275
379	276
379	299
379	300
379	308
379	315
379	318
379	321
379	324
379	326
379	330
379	332
379	333
379	340
379	341
379	344
379	347
379	356
379	357
379	358
379	359
379	365
379	367
379	374
379	380
379	381
379	382
379	385
379	632
379	879
379	898
380	211
380	214
380	225
380	229
380	237
380	239
380	251
380	255
380	262
380	270
380	273
380	288
380	289
380	291
380	296
380	299
380	304
380	312
380	313
380	317
380	318
380	320
380	324
380	326
380	333
380	336
380	342
380	348
380	349
380	350
380	357
380	361
380	369
380	371
380	374
380	379
380	385
380	386
380	521
380	534
380	787
380	830
381	135
381	165
381	199
381	212
381	214
381	220
381	222
381	228
381	236
381	246
381	257
381	266
381	268
381	289
381	293
381	295
381	302
381	305
381	307
381	315
381	322
381	323
381	329
381	332
381	341
381	343
381	344
381	347
381	350
381	351
381	359
381	364
381	365
381	367
381	369
381	372
381	376
381	377
381	378
381	379
381	382
381	438
381	603
382	178
382	192
382	202
382	203
382	208
382	210
382	216
382	220
382	226
382	230
382	235
382	246
382	256
382	259
382	260
382	263
382	265
382	269
382	283
382	284
382	286
382	290
382	292
382	301
382	303
382	311
382	312
382	318
382	322
382	327
382	334
382	341
382	345
382	351
382	353
382	354
382	366
382	370
382	373
382	376
382	379
382	381
382	386
382	561
382	622
382	791
382	832
383	132
383	194
383	195
383	200
383	222
383	224
383	233
383	238
383	242
383	244
383	246
383	252
383	255
383	271
383	272
383	273
383	277
383	278
383	280
383	283
383	285
383	295
383	298
383	302
383	306
383	315
383	319
383	320
383	327
383	328
383	335
383	339
383	346
383	352
383	355
383	360
383	361
383	363
383	365
383	367
383	369
383	373
383	374
383	384
383	508
383	626
383	628
383	651
384	30
384	193
384	195
384	200
384	201
384	211
384	215
384	222
384	224
384	238
384	242
384	247
384	252
384	261
384	267
384	271
384	272
384	275
384	277
384	278
384	279
384	280
384	281
384	285
384	295
384	298
384	302
384	306
384	328
384	335
384	339
384	340
384	343
384	346
384	352
384	355
384	358
384	360
384	361
384	363
384	366
384	369
384	375
384	376
384	383
384	713
384	806
384	994
385	195
385	206
385	211
385	214
385	225
385	233
385	236
385	237
385	239
385	241
385	253
385	255
385	262
385	270
385	276
385	281
385	288
385	291
385	296
385	299
385	304
385	311
385	312
385	313
385	315
385	316
385	324
385	326
385	333
385	335
385	336
385	337
385	342
385	347
385	349
385	350
385	358
385	363
385	367
385	376
385	378
385	379
385	380
385	608
385	755
385	800
385	864
385	987
386	192
386	203
386	208
386	209
386	216
386	221
386	225
386	230
386	249
386	250
386	253
386	254
386	281
386	284
386	286
386	290
386	293
386	297
386	302
386	303
386	310
386	319
386	320
386	322
386	327
386	329
386	334
386	336
386	337
386	338
386	343
386	345
386	351
386	353
386	354
386	362
386	366
386	367
386	368
386	373
386	375
386	376
386	380
386	382
386	533
386	587
386	649
386	804
386	857
387	139
387	406
387	471
387	482
387	492
387	530
387	572
387	595
387	622
387	628
388	302
388	443
388	490
388	534
388	576
388	585
388	598
388	611
388	617
388	627
389	494
389	528
389	556
389	562
389	571
389	597
389	610
389	620
389	633
389	997
390	161
390	422
390	428
390	473
390	494
390	503
390	523
390	544
390	586
390	614
391	401
391	419
391	493
391	553
391	565
391	568
391	595
391	616
391	628
391	760
392	470
392	499
392	570
392	584
392	607
392	610
392	611
392	613
392	619
392	959
393	483
393	509
393	542
393	547
393	573
393	579
393	593
393	595
393	628
393	837
394	153
394	500
394	504
394	569
394	574
394	591
394	606
394	617
394	624
394	627
395	303
395	528
395	535
395	544
395	558
395	598
395	609
395	620
395	627
395	631
396	180
396	430
396	498
396	511
396	544
396	557
396	560
396	619
396	624
396	628
397	110
397	440
397	471
397	558
397	593
397	608
397	622
397	625
397	628
397	631
398	415
398	427
398	462
398	471
398	482
398	513
398	567
398	588
398	614
398	656
399	89
399	476
399	561
399	563
399	588
399	606
399	621
399	622
399	625
399	632
400	149
400	489
400	531
400	589
400	597
400	598
400	603
400	606
400	619
400	627
401	343
401	391
401	407
401	431
401	477
401	490
401	577
401	620
401	624
401	633
402	270
402	408
402	444
402	458
402	530
402	558
402	572
402	584
402	588
402	616
403	418
403	444
403	471
403	508
403	539
403	562
403	610
403	612
403	629
403	721
404	472
404	536
404	570
404	596
404	616
404	619
404	630
404	631
404	634
404	928
405	352
405	408
405	439
405	465
405	509
405	531
405	558
405	578
405	588
405	633
406	387
406	473
406	544
406	556
406	562
406	577
406	620
406	624
406	633
406	772
407	401
407	476
407	562
407	567
407	597
407	603
407	624
407	626
407	633
407	957
408	402
408	405
408	477
408	529
408	530
408	585
408	593
408	608
408	628
408	816
409	421
409	475
409	500
409	565
409	597
409	609
409	624
409	627
409	633
409	737
410	359
410	489
410	500
410	515
410	543
410	582
410	607
410	625
410	631
410	632
411	432
411	453
411	481
411	581
411	585
411	590
411	611
411	615
411	617
411	804
412	413
412	486
412	583
412	584
412	610
412	612
412	615
412	629
412	630
412	666
413	412
413	418
413	435
413	523
413	535
413	548
413	558
413	581
413	629
413	798
414	504
414	546
414	554
414	588
414	590
414	596
414	611
414	616
414	617
414	973
415	122
415	398
415	487
415	504
415	585
415	590
415	600
415	601
415	605
415	615
415	617
416	362
416	473
416	553
416	579
416	599
416	617
416	618
416	621
416	622
416	623
416	625
417	103
417	507
417	550
417	556
417	591
417	597
417	598
417	603
417	621
417	625
417	633
418	403
418	413
418	485
418	517
418	552
418	561
418	575
418	593
418	611
418	629
418	641
419	391
419	448
419	501
419	550
419	565
419	580
419	583
419	585
419	594
419	616
419	926
420	459
420	468
420	523
420	538
420	539
420	580
420	608
420	612
420	619
420	629
420	922
421	409
421	454
421	495
421	498
421	520
421	522
421	536
421	613
421	626
421	634
421	999
422	248
422	390
422	478
422	503
422	528
422	535
422	542
422	545
422	600
422	614
422	830
423	538
423	563
423	582
423	587
423	615
423	618
423	621
423	622
423	623
423	625
423	980
424	370
424	527
424	536
424	548
424	615
424	618
424	621
424	622
424	623
424	625
424	633
425	160
425	487
425	499
425	541
425	546
425	568
425	580
425	626
425	631
425	632
425	634
426	181
426	440
426	441
426	471
426	502
426	538
426	551
426	573
426	578
426	594
426	621
427	95
427	398
427	464
427	493
427	520
427	551
427	584
427	588
427	594
427	623
427	633
428	143
428	390
428	442
428	491
428	514
428	519
428	541
428	601
428	627
428	630
428	631
429	514
429	526
429	532
429	592
429	600
429	605
429	613
429	626
429	630
429	632
429	730
430	396
430	498
430	513
430	536
430	548
430	560
430	590
430	631
430	633
430	634
430	992
431	401
431	437
431	448
431	525
431	533
431	556
431	574
431	598
431	621
431	624
431	885
432	93
432	411
432	477
432	493
432	531
432	532
432	578
432	588
432	602
432	608
432	616
432	628
433	493
433	501
433	523
433	534
433	572
433	579
433	580
433	594
433	602
433	623
433	628
433	642
434	154
434	510
434	534
434	543
434	548
434	549
434	563
434	609
434	617
434	630
434	632
434	634
435	413
435	459
435	485
435	516
435	520
435	558
435	581
435	597
435	610
435	616
435	629
435	774
436	506
436	507
436	515
436	522
436	524
436	526
436	556
436	568
436	582
436	601
436	632
436	836
437	431
437	449
437	456
437	480
437	482
437	559
437	577
437	591
437	597
437	627
437	633
437	786
438	281
438	381
438	465
438	504
438	525
438	552
438	598
438	603
438	609
438	620
438	624
438	633
439	136
439	405
439	461
439	505
439	509
439	530
439	542
439	549
439	586
439	600
439	614
439	634
440	357
440	397
440	426
440	461
440	479
440	502
440	579
440	588
440	593
440	597
440	624
440	628
441	18
441	426
441	501
441	510
441	516
441	517
441	538
441	583
441	610
441	612
441	629
441	670
442	428
442	467
442	554
442	581
442	585
442	590
442	596
442	611
442	617
442	621
442	674
442	984
443	7
443	388
443	475
443	481
443	498
443	560
443	576
443	580
443	605
443	611
443	617
443	999
444	402
444	403
444	485
444	552
444	554
444	576
444	581
444	583
444	612
444	624
444	629
444	711
445	464
445	492
445	511
445	515
445	552
445	577
445	592
445	601
445	607
445	630
445	634
445	956
446	360
446	466
446	473
446	476
446	533
446	537
446	566
446	615
446	621
446	623
446	625
446	932
447	488
447	513
447	540
447	562
447	565
447	591
447	592
447	606
447	624
447	627
447	825
447	940
448	200
448	419
448	431
448	494
448	518
448	530
448	555
448	586
448	588
448	600
448	614
448	616
449	437
449	450
449	483
449	522
449	530
449	545
449	549
449	571
449	600
449	614
449	628
449	668
450	313
450	449
450	454
450	463
450	480
450	494
450	571
450	600
450	612
450	614
450	629
450	632
451	454
451	492
451	518
451	555
451	557
451	559
451	571
451	586
451	590
451	614
451	617
451	722
452	321
452	512
452	514
452	519
452	523
452	524
452	545
452	575
452	583
452	610
452	612
452	617
452	629
453	280
453	411
453	460
453	461
453	462
453	496
453	534
453	576
453	590
453	600
453	611
453	612
453	624
454	59
454	421
454	450
454	451
454	494
454	500
454	505
454	518
454	570
454	586
454	600
454	614
454	751
455	477
455	508
455	514
455	522
455	534
455	589
455	606
455	607
455	610
455	626
455	631
455	632
455	834
456	437
456	488
456	507
456	528
456	532
456	563
456	593
456	609
456	613
456	620
456	624
456	627
456	807
457	181
457	472
457	511
457	519
457	521
457	576
457	585
457	590
457	596
457	605
457	617
457	618
457	727
458	133
458	402
458	464
458	506
458	517
458	549
458	558
458	565
458	567
458	570
458	608
458	632
458	963
459	367
459	420
459	435
459	469
459	485
459	522
459	538
459	583
459	584
459	610
459	612
459	625
459	629
460	9
460	166
460	453
460	467
460	504
460	532
460	569
460	572
460	585
460	590
460	596
460	605
460	607
461	439
461	440
461	453
461	465
461	487
461	490
461	494
461	504
461	576
461	605
461	611
461	617
461	813
462	398
462	453
462	467
462	490
462	504
462	519
462	522
462	526
462	590
462	596
462	611
462	617
462	735
463	347
463	450
463	494
463	495
463	503
463	518
463	542
463	549
463	555
463	614
463	619
463	621
463	779
464	363
464	427
464	445
464	458
464	520
464	545
464	565
464	566
464	569
464	572
464	580
464	608
464	835
465	187
465	405
465	438
465	461
465	493
465	501
465	513
465	532
465	565
465	569
465	589
465	602
465	603
466	375
466	446
466	482
466	498
466	516
466	551
466	558
466	569
466	589
466	594
466	602
466	616
466	628
467	442
467	460
467	462
467	479
467	490
467	515
467	554
467	562
467	594
467	596
467	605
467	629
467	980
468	420
468	516
468	538
468	552
468	561
468	581
468	582
468	583
468	596
468	605
468	612
468	629
468	913
469	459
469	470
469	474
469	526
469	537
469	540
469	563
469	589
469	615
469	621
469	622
469	623
469	625
469	971
470	181
470	392
470	469
470	479
470	510
470	522
470	570
470	587
470	589
470	607
470	612
470	619
470	630
470	632
471	330
471	387
471	397
471	398
471	403
471	426
471	482
471	558
471	569
471	587
471	607
471	616
471	631
471	903
472	185
472	243
472	404
472	457
472	487
472	489
472	496
472	532
472	576
472	585
472	590
472	596
472	611
472	615
473	143
473	390
473	406
473	416
473	446
473	503
473	540
473	545
473	555
473	557
473	571
473	586
473	592
473	600
474	340
474	469
474	477
474	488
474	509
474	547
474	553
474	560
474	613
474	618
474	622
474	623
474	625
474	862
475	184
475	409
475	443
475	479
475	481
475	496
475	547
475	576
475	584
475	605
475	611
475	617
475	631
475	999
476	373
476	399
476	407
476	446
476	483
476	550
476	581
476	599
476	611
476	615
476	618
476	623
476	625
476	628
477	109
477	401
477	408
477	432
477	455
477	474
477	478
477	561
477	615
477	618
477	621
477	623
477	625
477	832
478	317
478	422
478	477
478	496
478	508
478	543
478	553
478	605
478	618
478	621
478	622
478	623
478	625
478	985
479	319
479	440
479	467
479	470
479	475
479	554
479	567
479	576
479	583
479	590
479	605
479	611
479	617
479	619
480	208
480	437
480	450
480	484
480	488
480	515
480	518
480	535
480	598
480	603
480	606
480	624
480	627
480	633
481	153
481	411
481	443
481	475
481	494
481	496
481	554
481	590
481	592
481	596
481	605
481	611
481	622
481	634
482	174
482	387
482	398
482	437
482	466
482	471
482	572
482	578
482	582
482	592
482	595
482	608
482	616
482	623
483	393
483	449
483	476
483	533
483	537
483	540
483	561
483	585
483	603
483	615
483	621
483	622
483	630
483	983
484	230
484	480
484	519
484	536
484	542
484	544
484	568
484	578
484	584
484	613
484	619
484	626
484	627
484	631
485	145
485	418
485	435
485	444
485	459
485	496
485	520
485	557
485	583
485	587
485	610
485	618
485	629
485	903
486	412
486	512
486	521
486	523
486	524
486	539
486	581
486	582
486	583
486	585
486	590
486	610
486	629
486	962
487	296
487	415
487	425
487	461
487	472
487	521
487	554
487	573
487	585
487	605
487	611
487	617
487	620
487	750
488	447
488	456
488	474
488	480
488	582
488	587
488	590
488	598
488	603
488	606
488	614
488	620
488	627
488	910
489	350
489	400
489	410
489	472
489	514
489	516
489	535
489	577
489	606
489	609
489	620
489	627
489	633
489	919
490	388
490	401
490	461
490	462
490	467
490	523
490	576
490	590
490	596
490	598
490	605
490	631
490	644
490	983
491	191
491	428
491	521
491	536
491	555
491	564
491	575
491	595
491	601
491	603
491	607
491	632
491	634
491	757
492	75
492	387
492	445
492	451
492	506
492	513
492	554
492	566
492	568
492	569
492	578
492	579
492	608
492	616
492	632
493	302
493	391
493	427
493	432
493	433
493	465
493	497
493	543
493	556
493	565
493	566
493	575
493	593
493	613
493	634
494	389
494	390
494	448
494	450
494	454
494	461
494	463
494	481
494	505
494	511
494	557
494	571
494	600
494	802
494	966
495	371
495	421
495	463
495	521
495	546
495	564
495	571
495	577
495	592
495	601
495	618
495	626
495	630
495	631
495	632
496	147
496	353
496	453
496	472
496	475
496	478
496	481
496	485
496	560
496	567
496	576
496	596
496	605
496	617
496	630
497	41
497	493
497	501
497	507
497	511
497	556
497	567
497	569
497	594
497	595
497	604
497	608
497	615
497	616
497	628
498	179
498	369
498	396
498	421
498	430
498	443
498	466
498	515
498	534
498	541
498	544
498	574
498	632
498	633
498	634
499	159
499	392
499	425
499	508
499	545
499	550
499	561
499	563
499	599
499	613
499	615
499	618
499	622
499	623
499	625
500	218
500	394
500	409
500	410
500	454
500	518
500	549
500	562
500	603
500	606
500	609
500	620
500	627
500	633
500	938
501	419
501	433
501	441
501	465
501	497
501	541
501	578
501	580
501	588
501	602
501	608
501	614
501	619
501	627
501	955
502	28
502	426
502	440
502	551
502	567
502	569
502	593
502	594
502	595
502	611
502	628
502	631
502	632
502	634
502	815
503	260
503	390
503	422
503	463
503	473
503	542
503	549
503	557
503	582
503	586
503	600
503	614
503	616
503	622
503	626
504	394
504	414
504	415
504	438
504	460
504	461
504	462
504	570
504	576
504	580
504	581
504	585
504	611
504	617
504	684
504	689
505	159
505	439
505	454
505	494
505	524
505	525
505	530
505	542
505	548
505	555
505	574
505	586
505	592
505	609
505	614
505	916
506	436
506	458
506	492
506	513
506	526
506	536
506	567
506	569
506	572
506	576
506	579
506	602
506	608
506	616
506	623
506	833
507	377
507	417
507	436
507	456
507	497
507	518
507	574
507	577
507	587
507	599
507	609
507	620
507	623
507	624
507	627
507	633
508	383
508	403
508	455
508	478
508	499
508	540
508	547
508	583
508	615
508	618
508	621
508	622
508	623
508	625
508	634
508	957
509	320
509	393
509	405
509	439
509	474
509	541
509	558
509	565
509	567
509	572
509	573
509	579
509	580
509	592
509	616
509	626
510	289
510	434
510	441
510	470
510	569
510	570
510	588
510	589
510	601
510	604
510	621
510	626
510	629
510	630
510	631
510	634
511	247
511	396
511	445
511	457
511	494
511	497
511	519
511	521
511	543
511	544
511	584
511	604
511	613
511	617
511	620
511	630
512	184
512	452
512	486
512	523
512	524
512	539
512	552
512	575
512	583
512	594
512	599
512	612
512	619
512	628
512	629
512	630
513	348
513	398
513	430
513	447
513	465
513	492
513	506
513	524
513	529
513	566
513	573
513	608
513	609
513	628
513	634
513	735
514	361
514	428
514	429
514	452
514	455
514	489
514	526
514	528
514	571
514	589
514	609
514	613
514	626
514	632
514	634
514	839
515	410
515	436
515	445
515	467
515	480
515	498
515	552
515	572
515	607
515	613
515	623
515	626
515	630
515	631
515	918
515	943
516	435
516	441
516	466
516	468
516	489
516	517
516	539
516	541
516	581
516	583
516	610
516	612
516	629
516	632
516	633
516	738
516	921
517	191
517	418
517	441
517	458
517	516
517	523
517	524
517	538
517	567
517	583
517	598
517	610
517	612
517	620
517	629
517	630
517	742
518	448
518	451
518	454
518	463
518	480
518	500
518	507
518	530
518	549
518	555
518	557
518	571
518	603
518	606
518	612
518	614
518	838
519	186
519	428
519	452
519	457
519	462
519	484
519	511
519	531
519	560
519	589
519	592
519	613
519	619
519	624
519	628
519	631
519	699
520	156
520	421
520	427
520	435
520	464
520	485
520	538
520	539
520	552
520	564
520	575
520	581
520	587
520	610
520	612
520	629
520	816
521	380
521	457
521	486
521	487
521	491
521	495
521	511
521	526
521	536
521	543
521	548
521	565
521	568
521	582
521	622
521	631
521	901
522	421
522	436
522	449
522	455
522	459
522	462
522	470
522	559
522	564
522	568
522	574
522	577
522	592
522	619
522	630
522	632
522	753
523	172
523	181
523	390
523	413
523	420
523	433
523	452
523	486
523	490
523	512
523	517
523	544
523	552
523	559
523	575
523	610
523	629
524	335
524	370
524	436
524	452
524	486
524	505
524	512
524	513
524	517
524	528
524	552
524	562
524	575
524	583
524	610
524	612
524	629
525	182
525	227
525	431
525	438
525	505
525	528
525	574
525	577
525	591
525	599
525	602
525	603
525	605
525	606
525	621
525	627
525	633
526	429
526	436
526	462
526	469
526	506
526	514
526	521
526	531
526	559
526	573
526	602
526	607
526	613
526	616
526	619
526	631
526	723
526	776
527	14
527	424
527	533
527	535
527	543
527	551
527	574
527	587
527	591
527	598
527	606
527	609
527	620
527	624
527	625
527	627
527	633
527	736
528	389
528	395
528	422
528	456
528	514
528	524
528	525
528	535
528	566
528	598
528	609
528	620
528	622
528	624
528	627
528	629
528	633
528	797
529	188
529	408
529	513
529	572
529	579
529	580
529	588
529	594
529	595
529	601
529	602
529	608
529	614
529	615
529	620
529	628
529	631
529	967
530	169
530	387
530	402
530	408
530	439
530	448
530	449
530	505
530	518
530	531
530	545
530	557
530	571
530	586
530	600
530	614
530	631
530	932
531	355
531	400
531	405
531	432
531	519
531	526
531	530
531	544
531	548
531	557
531	582
531	597
531	613
531	619
531	630
531	632
531	634
531	811
532	189
532	221
532	429
532	432
532	456
532	460
532	465
532	472
532	558
532	566
532	569
532	572
532	577
532	578
532	579
532	594
532	608
532	616
533	386
533	431
533	446
533	483
533	527
533	537
533	550
533	585
533	599
533	613
533	618
533	621
533	622
533	623
533	625
533	632
533	633
533	982
534	333
534	380
534	388
534	433
534	434
534	453
534	455
534	498
534	541
534	548
534	559
534	566
534	570
534	584
534	591
534	604
534	613
534	626
534	634
535	131
535	324
535	395
535	413
535	422
535	480
535	489
535	527
535	528
535	560
535	562
535	581
535	587
535	589
535	597
535	598
535	606
535	620
535	634
536	69
536	106
536	404
536	421
536	424
536	430
536	484
536	491
536	506
536	521
536	548
536	561
536	601
536	610
536	617
536	619
536	626
536	630
536	634
537	62
537	351
537	446
537	469
537	483
537	533
537	540
537	541
537	553
537	554
537	564
537	594
537	599
537	618
537	621
537	622
537	623
537	625
537	634
538	359
538	374
538	420
538	423
538	426
538	441
538	459
538	468
538	517
538	520
538	552
538	575
538	581
538	602
538	607
538	610
538	612
538	629
538	634
539	403
539	420
539	486
539	512
539	516
539	520
539	552
539	565
539	575
539	578
539	581
539	606
539	612
539	625
539	626
539	629
539	634
539	934
539	988
540	185
540	447
540	469
540	473
540	483
540	508
540	537
540	547
540	575
540	599
540	607
540	615
540	618
540	621
540	622
540	623
540	625
540	630
540	721
541	168
541	425
541	428
541	498
541	501
541	509
541	516
541	534
541	537
541	544
541	546
541	568
541	572
541	592
541	601
541	607
541	631
541	634
541	808
542	51
542	84
542	393
542	422
542	439
542	463
542	484
542	503
542	505
542	545
542	549
542	555
542	558
542	571
542	600
542	603
542	607
542	614
542	629
543	129
543	410
543	434
543	478
543	493
543	511
543	521
543	527
543	559
543	560
543	568
543	584
543	586
543	601
543	617
543	619
543	624
543	630
543	631
543	837
544	390
544	395
544	396
544	406
544	484
544	498
544	511
544	523
544	531
544	541
544	564
544	582
544	590
544	592
544	595
544	613
544	631
544	634
544	967
544	994
545	144
545	189
545	422
545	449
545	452
545	464
545	473
545	499
545	530
545	542
545	546
545	549
545	555
545	557
545	571
545	586
545	600
545	601
545	614
545	626
546	169
546	354
546	414
546	425
546	495
546	541
546	545
546	559
546	570
546	572
546	589
546	598
546	613
546	619
546	626
546	627
546	628
546	631
546	632
546	634
547	271
547	393
547	474
547	475
547	508
547	540
547	550
547	560
547	561
547	563
547	591
547	598
547	599
547	615
547	618
547	621
547	622
547	625
547	630
547	675
548	172
548	413
548	424
548	430
548	434
548	505
548	521
548	531
548	534
548	536
548	566
548	578
548	604
548	613
548	619
548	626
548	632
548	633
548	634
548	819
549	176
549	186
549	434
549	439
549	449
549	458
549	463
549	500
549	503
549	518
549	542
549	545
549	557
549	571
549	586
549	591
549	600
549	605
549	606
549	614
550	56
550	99
550	417
550	419
550	476
550	499
550	533
550	547
550	553
550	588
550	599
550	601
550	605
550	615
550	618
550	621
550	622
550	623
550	625
550	628
551	315
551	426
551	427
551	466
551	502
551	527
551	558
551	562
551	570
551	575
551	580
551	588
551	593
551	594
551	608
551	616
551	618
551	627
551	628
551	884
552	167
552	418
552	438
552	444
552	445
552	468
552	512
552	515
552	520
552	523
552	524
552	538
552	539
552	555
552	564
552	575
552	581
552	612
552	619
552	629
552	817
553	158
553	391
553	416
553	474
553	478
553	537
553	550
553	554
553	563
553	571
553	592
553	599
553	604
553	611
553	615
553	618
553	621
553	622
553	623
553	625
553	692
554	319
554	331
554	414
554	442
554	444
554	467
554	479
554	481
554	487
554	492
554	537
554	553
554	576
554	585
554	590
554	596
554	605
554	611
554	617
554	631
554	634
555	291
555	448
555	451
555	463
555	473
555	491
555	505
555	518
555	542
555	545
555	552
555	557
555	571
555	574
555	586
555	593
555	594
555	600
555	614
555	615
555	974
556	61
556	371
556	389
556	406
556	417
556	431
556	436
556	493
556	497
556	562
556	587
556	591
556	597
556	598
556	611
556	614
556	620
556	623
556	624
556	627
556	633
557	396
557	451
557	473
557	485
557	494
557	503
557	518
557	530
557	531
557	545
557	549
557	555
557	571
557	586
557	600
557	601
557	602
557	606
557	614
557	854
557	963
558	395
558	397
558	402
558	405
558	413
558	435
558	458
558	466
558	471
558	509
558	532
558	542
558	551
558	566
558	567
558	572
558	594
558	606
558	627
558	808
558	837
559	437
559	451
559	522
559	523
559	526
559	534
559	543
559	546
559	560
559	566
559	567
559	584
559	601
559	604
559	612
559	613
559	619
559	630
559	632
559	690
559	752
560	170
560	396
560	430
560	443
560	474
560	496
560	519
560	535
560	543
560	547
560	559
560	564
560	568
560	589
560	592
560	595
560	604
560	607
560	615
560	626
560	632
560	811
561	119
561	382
561	399
561	418
561	468
561	477
561	483
561	499
561	536
561	547
561	595
561	599
561	615
561	618
561	621
561	622
561	623
561	625
561	626
561	627
561	629
561	955
562	266
562	300
562	389
562	403
562	406
562	407
562	447
562	467
562	500
562	524
562	535
562	551
562	556
562	577
562	606
562	609
562	620
562	624
562	626
562	627
562	629
562	633
563	181
563	399
563	423
563	434
563	456
563	469
563	499
563	547
563	553
563	572
563	573
563	577
563	581
563	599
563	615
563	618
563	621
563	622
563	623
563	624
563	625
563	929
564	190
564	491
564	495
564	520
564	522
564	537
564	544
564	552
564	560
564	582
564	583
564	589
564	595
564	601
564	602
564	604
564	607
564	613
564	626
564	630
564	631
564	973
565	251
565	391
565	409
565	419
565	447
565	458
565	464
565	465
565	493
565	509
565	521
565	539
565	566
565	574
565	588
565	593
565	602
565	603
565	608
565	616
565	617
565	969
566	446
566	464
566	492
566	493
566	513
566	528
566	532
566	534
566	548
566	558
566	559
566	565
566	567
566	573
566	578
566	579
566	590
566	602
566	616
566	628
566	630
566	858
566	991
567	343
567	398
567	407
567	458
567	479
567	496
567	497
567	502
567	506
567	509
567	517
567	558
567	559
567	566
567	593
567	594
567	595
567	599
567	602
567	608
567	628
567	632
567	829
568	177
568	391
568	425
568	436
568	484
568	492
568	521
568	522
568	541
568	543
568	560
568	584
568	592
568	602
568	606
568	616
568	624
568	626
568	631
568	632
568	634
568	827
568	941
569	161
569	341
569	394
569	460
569	464
569	465
569	466
569	471
569	492
569	497
569	502
569	506
569	510
569	532
569	575
569	594
569	595
569	596
569	604
569	609
569	616
569	628
569	948
570	101
570	392
570	404
570	454
570	458
570	470
570	504
570	510
570	534
570	546
570	551
570	573
570	589
570	591
570	592
570	601
570	604
570	607
570	619
570	621
570	630
570	631
570	693
571	389
571	449
571	450
571	451
571	473
571	494
571	495
571	514
571	518
571	530
571	542
571	545
571	549
571	553
571	555
571	557
571	582
571	583
571	600
571	614
571	738
571	918
571	985
572	173
572	336
572	387
572	402
572	433
572	460
572	464
572	482
572	506
572	509
572	515
572	529
572	532
572	541
572	546
572	558
572	563
572	580
572	602
572	621
572	628
572	631
572	704
573	166
573	284
573	376
573	393
573	426
573	487
573	509
573	513
573	526
573	563
573	566
573	570
573	579
573	580
573	588
573	593
573	595
573	608
573	616
573	623
573	628
573	631
573	634
574	360
574	394
574	431
574	498
574	505
574	507
574	522
574	525
574	527
574	555
574	565
574	587
574	597
574	603
574	606
574	609
574	620
574	621
574	622
574	624
574	627
574	633
574	825
574	912
575	349
575	418
575	452
575	491
575	493
575	512
575	520
575	523
575	524
575	538
575	539
575	540
575	551
575	552
575	569
575	578
575	581
575	583
575	610
575	612
575	619
575	629
575	787
575	831
576	325
576	388
576	443
576	444
576	453
576	457
576	461
576	472
576	475
576	479
576	490
576	496
576	504
576	506
576	554
576	585
576	605
576	610
576	614
576	617
576	619
576	625
576	630
576	1000
577	401
577	406
577	437
577	445
577	489
577	495
577	507
577	522
577	525
577	532
577	562
577	563
577	591
577	597
577	603
577	604
577	606
577	620
577	624
577	626
577	629
577	633
577	774
577	984
578	185
578	405
578	426
578	432
578	482
578	484
578	492
578	501
578	532
578	539
578	548
578	566
578	575
578	580
578	586
578	588
578	593
578	602
578	605
578	616
578	623
578	628
578	701
578	834
579	130
579	393
579	416
579	433
579	440
579	492
579	506
579	509
579	529
579	532
579	566
579	573
579	580
579	588
579	593
579	602
579	605
579	611
579	616
579	624
579	630
579	632
579	633
579	895
579	981
580	102
580	419
580	420
580	425
580	433
580	443
580	464
580	501
580	504
580	509
580	529
580	551
580	572
580	573
580	578
580	579
580	588
580	595
580	597
580	599
580	602
580	614
580	628
580	770
580	831
581	363
581	411
581	413
581	435
581	442
581	444
581	468
581	476
581	486
581	504
581	516
581	520
581	535
581	538
581	539
581	552
581	563
581	575
581	583
581	607
581	610
581	612
581	629
581	714
581	880
582	410
582	423
582	436
582	468
582	482
582	486
582	488
582	503
582	521
582	531
582	544
582	564
582	571
582	589
582	592
582	595
582	604
582	613
582	619
582	630
582	631
582	632
582	634
582	682
582	838
583	174
583	183
583	412
583	419
583	441
583	444
583	452
583	459
583	468
583	479
583	485
583	486
583	508
583	512
583	516
583	517
583	524
583	564
583	571
583	575
583	581
583	593
583	610
583	623
583	629
584	162
584	279
584	282
584	392
584	402
584	412
584	427
584	459
584	475
584	484
584	511
584	534
584	543
584	559
584	568
584	589
584	604
584	609
584	619
584	623
584	626
584	630
584	631
584	632
584	634
585	388
585	408
585	411
585	415
585	419
585	442
585	457
585	460
585	472
585	483
585	486
585	487
585	504
585	533
585	554
585	576
585	596
585	605
585	608
585	611
585	617
585	629
585	633
585	758
585	994
586	187
586	294
586	390
586	439
586	448
586	451
586	454
586	473
586	503
586	505
586	530
586	543
586	545
586	549
586	555
586	557
586	578
586	587
586	599
586	613
586	614
586	616
586	620
586	622
586	687
587	386
587	423
587	470
587	471
587	485
587	488
587	507
587	520
587	527
587	535
587	556
587	574
587	586
587	591
587	597
587	602
587	603
587	606
587	609
587	620
587	624
587	627
587	633
587	665
587	828
588	139
588	398
588	399
588	402
588	405
588	414
588	427
588	432
588	440
588	448
588	501
588	510
588	529
588	550
588	551
588	565
588	573
588	578
588	579
588	580
588	595
588	603
588	608
588	632
588	633
588	827
589	147
589	152
589	400
589	455
589	465
589	466
589	469
589	470
589	510
589	514
589	519
589	535
589	546
589	560
589	564
589	570
589	582
589	584
589	594
589	601
589	604
589	608
589	620
589	626
589	632
589	634
590	98
590	213
590	411
590	414
590	415
590	430
590	442
590	451
590	453
590	457
590	460
590	462
590	472
590	479
590	481
590	486
590	488
590	490
590	544
590	554
590	566
590	596
590	603
590	611
590	615
590	617
591	394
591	417
591	437
591	447
591	525
591	527
591	534
591	547
591	549
591	556
591	570
591	577
591	587
591	596
591	597
591	603
591	609
591	611
591	624
591	626
591	627
591	628
591	633
591	639
591	702
591	839
592	310
592	429
592	445
592	447
592	473
592	481
592	482
592	495
592	505
592	509
592	519
592	522
592	541
592	544
592	553
592	560
592	568
592	570
592	582
592	613
592	618
592	619
592	626
592	630
592	634
592	812
593	46
593	345
593	393
593	397
593	408
593	418
593	440
593	456
593	493
593	502
593	551
593	555
593	565
593	567
593	573
593	578
593	579
593	583
593	594
593	595
593	597
593	603
593	627
593	628
593	631
593	691
594	298
594	336
594	419
594	426
594	427
594	433
594	466
594	467
594	497
594	502
594	512
594	529
594	532
594	537
594	551
594	555
594	558
594	567
594	569
594	589
594	593
594	595
594	602
594	609
594	611
594	633
594	892
595	74
595	356
595	362
595	387
595	391
595	393
595	482
595	491
595	497
595	502
595	529
595	544
595	560
595	561
595	564
595	567
595	569
595	573
595	580
595	582
595	588
595	593
595	594
595	602
595	624
595	627
595	628
596	404
596	414
596	442
596	457
596	460
596	462
596	467
596	468
596	472
596	481
596	490
596	496
596	554
596	569
596	585
596	590
596	591
596	597
596	605
596	607
596	608
596	611
596	617
596	625
596	782
596	915
596	961
597	389
597	400
597	407
597	409
597	417
597	435
597	437
597	440
597	531
597	535
597	556
597	574
597	577
597	580
597	587
597	591
597	593
597	596
597	598
597	603
597	610
597	624
597	625
597	627
597	633
597	904
597	971
598	134
598	240
598	388
598	395
598	400
598	417
598	431
598	438
598	480
598	488
598	490
598	517
598	527
598	528
598	535
598	546
598	547
598	556
598	597
598	599
598	601
598	620
598	624
598	627
598	628
598	633
598	743
599	123
599	416
599	476
599	499
599	507
599	512
599	525
599	533
599	537
599	540
599	547
599	550
599	553
599	561
599	563
599	567
599	580
599	586
599	598
599	604
599	618
599	621
599	622
599	623
599	625
599	628
599	793
599	851
600	308
600	314
600	415
600	422
600	429
600	439
600	448
600	449
600	450
600	453
600	454
600	473
600	494
600	503
600	530
600	542
600	545
600	549
600	555
600	557
600	571
600	612
600	614
600	618
600	620
600	626
600	630
600	648
601	116
601	415
601	428
601	436
601	445
601	491
601	495
601	510
601	529
601	536
601	541
601	543
601	545
601	550
601	557
601	559
601	564
601	570
601	589
601	598
601	604
601	607
601	612
601	619
601	622
601	634
601	821
601	828
602	236
602	432
602	433
602	465
602	466
602	501
602	506
602	525
602	526
602	529
602	538
602	557
602	564
602	565
602	566
602	567
602	568
602	572
602	578
602	579
602	580
602	587
602	594
602	595
602	604
602	616
602	628
602	629
602	930
603	381
603	400
603	407
603	417
603	438
603	465
603	480
603	483
603	488
603	491
603	500
603	518
603	525
603	542
603	565
603	574
603	577
603	587
603	588
603	590
603	591
603	593
603	597
603	606
603	609
603	627
603	633
603	733
603	834
604	174
604	321
604	497
604	510
604	511
604	534
604	548
604	553
604	559
604	560
604	564
604	569
604	570
604	577
604	582
604	584
604	589
604	599
604	601
604	602
604	607
604	608
604	610
604	624
604	626
604	630
604	632
604	634
604	790
605	113
605	415
605	429
605	443
605	457
605	460
605	461
605	467
605	468
605	475
605	478
605	479
605	481
605	487
605	490
605	496
605	525
605	549
605	550
605	554
605	576
605	578
605	579
605	585
605	596
605	611
605	617
605	632
605	716
605	1000
606	223
606	237
606	394
606	399
606	400
606	447
606	455
606	480
606	488
606	489
606	500
606	518
606	525
606	527
606	535
606	539
606	549
606	557
606	558
606	562
606	568
606	574
606	577
606	587
606	603
606	609
606	620
606	633
606	634
606	724
607	135
607	392
607	410
607	445
607	455
607	460
607	470
607	471
607	491
607	515
607	526
607	538
607	540
607	541
607	542
607	560
607	564
607	570
607	581
607	596
607	601
607	604
607	618
607	619
607	625
607	626
607	630
607	631
607	634
607	809
607	989
608	385
608	397
608	408
608	420
608	432
608	458
608	464
608	482
608	492
608	497
608	501
608	506
608	513
608	529
608	532
608	551
608	565
608	567
608	573
608	585
608	588
608	589
608	596
608	604
608	620
608	622
608	624
608	628
608	629
608	820
608	962
609	274
609	395
609	409
609	434
609	438
609	456
609	489
609	500
609	505
609	507
609	513
609	514
609	527
609	528
609	562
609	569
609	574
609	584
609	587
609	591
609	594
609	603
609	606
609	618
609	620
609	624
609	626
609	627
609	633
609	634
609	780
609	948
610	389
610	392
610	403
610	412
610	435
610	441
610	452
610	455
610	459
610	485
610	486
610	516
610	517
610	520
610	523
610	524
610	536
610	538
610	575
610	576
610	581
610	583
610	597
610	604
610	612
610	627
610	629
610	630
610	631
610	712
610	832
610	933
610	958
611	173
611	388
611	392
611	411
611	414
611	418
611	442
611	443
611	453
611	461
611	462
611	472
611	475
611	476
611	479
611	481
611	487
611	502
611	504
611	553
611	554
611	556
611	579
611	585
611	590
611	591
611	594
611	596
611	605
611	617
611	628
611	802
611	890
612	252
612	403
612	412
612	420
612	441
612	444
612	450
612	452
612	453
612	459
612	468
612	470
612	512
612	516
612	517
612	518
612	520
612	524
612	538
612	539
612	552
612	559
612	575
612	581
612	600
612	601
612	610
612	618
612	620
612	622
612	629
612	732
612	768
613	392
613	421
613	429
613	456
613	474
613	484
613	493
613	499
613	511
613	514
613	515
613	519
613	526
613	531
613	533
613	534
613	544
613	546
613	548
613	559
613	564
613	582
613	586
613	592
613	621
613	624
613	625
613	630
613	632
613	633
613	663
613	685
613	776
614	390
614	398
614	422
614	439
614	448
614	449
614	450
614	451
614	454
614	463
614	488
614	501
614	503
614	505
614	518
614	529
614	530
614	542
614	545
614	549
614	555
614	556
614	557
614	571
614	576
614	580
614	586
614	600
614	616
614	617
614	625
614	719
614	816
614	884
615	100
615	411
615	412
615	415
615	423
615	424
615	446
615	469
615	472
615	476
615	477
615	483
615	497
615	499
615	508
615	529
615	540
615	547
615	550
615	553
615	555
615	560
615	561
615	563
615	590
615	617
615	618
615	621
615	622
615	623
615	625
615	765
615	814
615	876
616	185
616	276
616	391
616	402
616	404
616	414
616	419
616	432
616	435
616	448
616	466
616	471
616	482
616	492
616	497
616	503
616	506
616	509
616	526
616	532
616	551
616	565
616	566
616	568
616	569
616	573
616	578
616	579
616	586
616	602
616	614
616	628
616	633
616	806
616	813
617	2
617	290
617	388
617	394
617	411
617	414
617	415
617	416
617	434
617	442
617	443
617	451
617	452
617	457
617	461
617	462
617	475
617	479
617	487
617	496
617	504
617	511
617	536
617	543
617	554
617	565
617	576
617	585
617	590
617	596
617	605
617	611
617	614
617	615
617	991
618	42
618	182
618	416
618	423
618	424
618	457
618	474
618	476
618	477
618	478
618	485
618	495
618	499
618	508
618	533
618	537
618	540
618	547
618	550
618	551
618	553
618	561
618	563
618	592
618	599
618	600
618	607
618	609
618	612
618	615
618	621
618	622
618	623
618	625
618	627
618	630
618	824
618	830
619	392
619	396
619	400
619	404
619	420
619	463
619	470
619	479
619	484
619	501
619	512
619	519
619	522
619	526
619	531
619	536
619	543
619	546
619	548
619	552
619	559
619	570
619	575
619	576
619	582
619	584
619	592
619	601
619	607
619	622
619	626
619	628
619	631
619	632
619	634
619	708
619	822
619	985
620	92
620	151
620	215
620	389
620	395
620	401
620	406
620	438
620	456
620	487
620	488
620	489
620	500
620	507
620	511
620	517
620	527
620	528
620	529
620	535
620	556
620	562
620	574
620	577
620	586
620	587
620	589
620	598
620	600
620	606
620	608
620	609
620	612
620	624
620	626
620	628
620	629
620	633
620	917
621	327
621	399
621	416
621	417
621	423
621	424
621	426
621	431
621	442
621	446
621	463
621	469
621	477
621	478
621	483
621	508
621	510
621	525
621	533
621	537
621	540
621	547
621	550
621	553
621	561
621	563
621	570
621	572
621	574
621	599
621	613
621	615
621	618
621	622
621	623
621	625
621	865
621	960
621	995
622	233
622	382
622	387
622	397
622	399
622	416
622	423
622	424
622	469
622	474
622	478
622	481
622	483
622	499
622	503
622	508
622	521
622	528
622	533
622	537
622	540
622	547
622	550
622	553
622	561
622	563
622	574
622	586
622	599
622	601
622	608
622	612
622	615
622	618
622	619
622	621
622	623
622	625
622	780
622	835
623	111
623	129
623	318
623	416
623	423
623	424
623	427
623	433
623	446
623	469
623	474
623	476
623	477
623	478
623	482
623	499
623	506
623	507
623	508
623	515
623	533
623	537
623	540
623	550
623	553
623	556
623	561
623	563
623	573
623	578
623	583
623	584
623	599
623	615
623	618
623	621
623	622
623	625
623	629
623	934
624	125
624	187
624	347
624	394
624	396
624	401
624	406
624	407
624	409
624	431
624	438
624	440
624	444
624	447
624	453
624	456
624	480
624	507
624	519
624	527
624	528
624	543
624	556
624	562
624	563
624	568
624	574
624	577
624	579
624	587
624	591
624	595
624	597
624	598
624	604
624	608
624	609
624	613
624	620
624	627
624	633
624	835
625	222
625	397
625	399
625	410
625	416
625	417
625	423
625	424
625	446
625	459
625	469
625	474
625	476
625	477
625	478
625	499
625	508
625	527
625	533
625	537
625	539
625	540
625	547
625	550
625	553
625	561
625	563
625	576
625	596
625	597
625	599
625	607
625	613
625	614
625	615
625	618
625	621
625	622
625	623
625	632
625	803
625	829
625	975
626	210
626	224
626	383
626	407
626	421
626	425
626	429
626	455
626	484
626	495
626	503
626	509
626	510
626	514
626	515
626	534
626	536
626	539
626	545
626	546
626	548
626	560
626	561
626	562
626	564
626	568
626	577
626	584
626	589
626	591
626	592
626	600
626	604
626	607
626	609
626	619
626	620
626	627
626	630
626	631
626	632
626	717
626	936
627	167
627	168
627	388
627	394
627	395
627	400
627	409
627	428
627	437
627	447
627	456
627	480
627	484
627	488
627	489
627	500
627	501
627	507
627	525
627	527
627	528
627	546
627	551
627	556
627	558
627	561
627	562
627	574
627	587
627	591
627	593
627	595
627	597
627	598
627	603
627	609
627	610
627	618
627	624
627	626
627	632
627	633
627	794
627	800
628	45
628	154
628	282
628	383
628	387
628	391
628	393
628	396
628	397
628	408
628	432
628	433
628	440
628	449
628	466
628	476
628	497
628	502
628	512
628	513
628	519
628	529
628	546
628	550
628	551
628	566
628	567
628	569
628	572
628	573
628	578
628	580
628	591
628	593
628	595
628	598
628	599
628	602
628	608
628	611
628	616
628	619
628	620
628	634
628	819
629	314
629	378
629	403
629	412
629	413
629	418
629	420
629	435
629	441
629	444
629	450
629	452
629	459
629	467
629	468
629	485
629	486
629	510
629	512
629	516
629	517
629	520
629	523
629	524
629	528
629	538
629	539
629	542
629	552
629	561
629	562
629	575
629	577
629	581
629	583
629	585
629	602
629	608
629	610
629	612
629	620
629	623
629	632
629	963
629	976
630	250
630	404
630	412
630	428
630	429
630	434
630	445
630	470
630	483
630	495
630	496
630	510
630	511
630	512
630	515
630	517
630	522
630	531
630	536
630	540
630	543
630	547
630	559
630	564
630	566
630	570
630	576
630	579
630	582
630	584
630	592
630	600
630	604
630	607
630	610
630	613
630	618
630	626
630	631
630	632
630	634
630	653
630	778
630	838
630	988
631	60
631	353
631	395
631	397
631	404
631	410
631	425
631	428
631	430
631	455
631	471
631	475
631	484
631	490
631	495
631	502
631	510
631	515
631	519
631	521
631	526
631	529
631	530
631	541
631	543
631	544
631	546
631	554
631	564
631	568
631	570
631	572
631	573
631	582
631	584
631	593
631	607
631	610
631	619
631	626
631	630
631	632
631	634
631	788
631	824
631	872
632	94
632	189
632	379
632	399
632	410
632	425
632	429
632	434
632	436
632	450
632	455
632	458
632	470
632	491
632	492
632	495
632	498
632	502
632	514
632	516
632	522
632	531
632	533
632	546
632	548
632	559
632	560
632	567
632	568
632	579
632	582
632	584
632	588
632	589
632	604
632	605
632	613
632	619
632	625
632	626
632	627
632	629
632	630
632	631
632	634
632	790
633	81
633	220
633	372
633	389
633	401
633	405
633	406
633	407
633	409
633	417
633	424
633	427
633	430
633	437
633	438
633	480
633	489
633	498
633	500
633	507
633	516
633	525
633	527
633	528
633	533
633	548
633	556
633	562
633	574
633	577
633	579
633	585
633	587
633	588
633	591
633	594
633	597
633	598
633	603
633	606
633	609
633	613
633	616
633	620
633	624
633	627
633	734
633	808
634	5
634	372
634	404
634	421
634	425
634	430
634	434
634	439
634	445
634	481
634	491
634	493
634	498
634	502
634	508
634	510
634	513
634	514
634	531
634	534
634	535
634	536
634	537
634	538
634	539
634	541
634	544
634	546
634	548
634	554
634	568
634	573
634	582
634	584
634	589
634	592
634	601
634	604
634	606
634	607
634	609
634	619
634	628
634	630
634	631
634	632
634	652
634	789
634	795
635	774
635	786
635	791
635	802
635	803
635	807
635	811
635	820
635	835
635	950
636	656
636	723
636	729
636	743
636	794
636	809
636	823
636	826
636	828
636	982
637	44
637	739
637	775
637	795
637	799
637	813
637	814
637	831
637	833
637	836
638	368
638	647
638	750
638	759
638	789
638	799
638	821
638	823
638	833
639	591
639	710
639	728
639	738
639	742
639	781
639	794
639	825
639	826
639	835
640	296
640	686
640	727
640	759
640	766
640	784
640	805
640	832
640	834
640	835
641	418
641	688
641	752
641	794
641	796
641	797
641	809
641	825
641	828
641	835
642	433
642	704
642	707
642	816
642	824
642	827
642	832
642	836
642	838
642	839
643	15
643	678
643	700
643	717
643	752
643	783
643	793
643	809
643	812
643	818
644	490
644	661
644	778
644	793
644	809
644	810
644	814
644	821
644	822
644	823
645	344
645	652
645	670
645	703
645	716
645	722
645	786
645	813
645	819
645	820
646	743
646	749
646	777
646	798
646	801
646	808
646	824
646	828
646	836
646	886
647	638
647	659
647	697
647	698
647	726
647	778
647	813
647	822
647	823
647	952
648	600
648	717
648	748
648	766
648	771
648	800
648	801
648	817
648	834
648	835
649	386
649	773
649	780
649	781
649	793
649	807
649	812
649	819
649	835
649	839
650	182
650	655
650	673
650	765
650	769
650	784
650	785
650	800
650	812
650	834
651	383
651	724
651	767
651	777
651	789
651	813
651	816
651	821
651	823
651	831
652	634
652	645
652	703
652	739
652	775
652	801
652	806
652	814
652	822
652	823
653	630
653	668
653	680
653	731
653	770
653	788
653	798
653	817
653	834
653	836
654	131
654	661
654	679
654	724
654	768
654	814
654	819
654	820
654	832
654	837
655	16
655	650
655	694
655	775
655	784
655	804
655	817
655	827
655	834
655	835
656	398
656	636
656	741
656	753
656	789
656	798
656	802
656	805
656	808
656	822
657	257
657	678
657	742
657	773
657	782
657	785
657	793
657	794
657	836
657	839
658	163
658	699
658	706
658	741
658	790
658	797
658	811
658	825
658	826
658	828
659	125
659	647
659	660
659	686
659	695
659	748
659	776
659	803
659	830
659	832
659	838
660	150
660	659
660	664
660	730
660	741
660	783
660	786
660	803
660	824
660	827
660	832
661	171
661	644
661	654
661	674
661	730
661	764
661	780
661	790
661	796
661	830
661	832
662	711
662	735
662	763
662	787
662	802
662	813
662	816
662	827
662	832
662	838
662	924
663	613
663	684
663	716
663	729
663	745
663	752
663	779
663	807
663	824
663	832
663	838
664	8
664	660
664	673
664	676
664	740
664	771
664	772
664	783
664	790
664	800
664	817
665	278
665	587
665	680
665	719
665	781
665	798
665	808
665	809
665	811
665	825
665	826
666	412
666	745
666	797
666	798
666	801
666	805
666	808
666	822
666	825
666	826
666	839
667	676
667	728
667	750
667	770
667	772
667	804
667	811
667	821
667	832
667	834
667	954
668	449
668	653
668	673
668	680
668	705
668	758
668	787
668	833
668	834
668	835
668	838
669	721
669	740
669	776
669	788
669	806
669	807
669	812
669	834
669	837
669	838
669	998
670	441
670	645
670	685
670	691
670	716
670	754
670	768
670	786
670	822
670	838
670	859
671	687
671	736
671	760
671	789
671	792
671	798
671	806
671	809
671	826
671	828
671	956
672	177
672	678
672	769
672	783
672	791
672	806
672	810
672	813
672	818
672	822
672	827
673	650
673	664
673	668
673	678
673	686
673	795
673	804
673	817
673	830
673	836
673	935
674	442
674	661
674	692
674	710
674	733
674	753
674	768
674	798
674	801
674	823
674	825
675	547
675	705
675	715
675	731
675	756
675	766
675	817
675	821
675	829
675	830
675	834
676	169
676	664
676	667
676	711
676	735
676	756
676	770
676	798
676	817
676	834
676	835
677	11
677	764
677	776
677	802
677	806
677	813
677	816
677	818
677	820
677	824
677	830
677	832
678	643
678	657
678	672
678	673
678	718
678	727
678	731
678	772
678	784
678	825
678	835
678	909
679	654
679	723
679	729
679	757
679	777
679	791
679	807
679	814
679	816
679	822
679	833
679	949
680	50
680	653
680	665
680	668
680	715
680	756
680	800
680	804
680	812
680	830
680	834
680	835
681	694
681	722
681	730
681	733
681	767
681	784
681	802
681	812
681	815
681	824
681	827
681	974
682	116
682	582
682	691
682	698
682	705
682	754
682	770
682	772
682	793
682	804
682	810
682	835
683	685
683	690
683	733
683	781
683	797
683	801
683	805
683	826
683	832
683	838
683	873
683	947
684	504
684	663
684	692
684	744
684	796
684	802
684	810
684	815
684	824
684	833
684	838
684	958
685	87
685	613
685	670
685	683
685	712
685	750
685	755
685	811
685	815
685	816
685	827
685	832
686	118
686	640
686	659
686	673
686	771
686	772
686	793
686	817
686	818
686	820
686	834
686	835
687	586
687	671
687	735
687	754
687	781
687	794
687	799
687	805
687	808
687	809
687	834
687	837
688	304
688	641
688	690
688	732
688	736
688	755
688	797
688	801
688	811
688	826
688	829
688	838
689	504
689	717
689	765
689	772
689	776
689	786
689	790
689	795
689	807
689	829
689	836
689	961
690	559
690	683
690	688
690	697
690	699
690	736
690	749
690	763
690	781
690	784
690	819
690	825
691	89
691	593
691	670
691	682
691	716
691	718
691	763
691	784
691	793
691	817
691	834
691	835
692	553
692	674
692	684
692	736
692	755
692	781
692	783
692	794
692	798
692	802
692	808
692	809
693	570
693	737
693	785
693	787
693	790
693	818
693	823
693	824
693	825
693	829
693	837
693	839
694	189
694	655
694	681
694	696
694	743
694	749
694	754
694	781
694	795
694	808
694	809
694	828
695	659
695	728
695	737
695	742
695	801
695	803
695	815
695	816
695	827
695	832
695	834
695	971
696	153
696	694
696	702
696	708
696	772
696	773
696	807
696	812
696	818
696	827
696	829
696	837
697	88
697	304
697	647
697	690
697	714
697	776
697	786
697	815
697	817
697	824
697	827
697	832
697	838
698	183
698	647
698	682
698	710
698	732
698	764
698	769
698	793
698	799
698	810
698	813
698	814
698	831
699	519
699	658
699	690
699	710
699	738
699	751
699	788
699	797
699	805
699	814
699	821
699	828
699	835
700	643
700	756
700	779
700	790
700	792
700	793
700	802
700	807
700	815
700	826
700	829
700	837
700	987
701	578
701	704
701	722
701	742
701	759
701	781
701	790
701	819
701	820
701	823
701	824
701	827
701	832
702	591
702	696
702	705
702	714
702	783
702	795
702	799
702	806
702	814
702	822
702	823
702	831
702	833
703	161
703	305
703	645
703	652
703	762
703	791
703	794
703	821
703	822
703	823
703	826
703	831
703	833
704	572
704	642
704	701
704	767
704	768
704	774
704	800
704	811
704	813
704	825
704	827
704	829
704	838
705	294
705	668
705	675
705	682
705	702
705	715
705	749
705	756
705	771
705	799
705	802
705	804
705	835
706	658
706	723
706	761
706	776
706	789
706	821
706	822
706	823
706	829
706	831
706	835
706	846
706	972
707	377
707	642
707	716
707	741
707	777
707	780
707	785
707	787
707	792
707	795
707	814
707	836
707	839
708	619
708	696
708	730
708	773
708	782
708	790
708	796
708	818
708	829
708	830
708	834
708	836
708	839
709	156
709	312
709	717
709	737
709	806
709	810
709	814
709	821
709	822
709	825
709	831
709	833
709	838
710	265
710	639
710	674
710	698
710	699
710	731
710	752
710	753
710	754
710	760
710	775
710	794
710	808
711	444
711	662
711	676
711	742
711	768
711	774
711	778
711	791
711	803
711	820
711	830
711	835
711	838
712	610
712	685
712	748
712	767
712	774
712	796
712	804
712	814
712	819
712	830
712	831
712	838
712	950
713	384
713	735
713	751
713	775
713	792
713	794
713	805
713	806
713	809
713	817
713	825
713	826
713	828
714	581
714	697
714	702
714	724
714	742
714	786
714	796
714	816
714	822
714	824
714	832
714	835
714	839
715	675
715	680
715	705
715	723
715	746
715	758
715	779
715	784
715	796
715	803
715	834
715	835
715	920
716	605
716	645
716	663
716	670
716	691
716	707
716	760
716	796
716	802
716	815
716	816
716	826
716	830
717	626
717	643
717	648
717	689
717	709
717	782
717	785
717	787
717	792
717	795
717	799
717	819
717	836
718	375
718	678
718	691
718	728
718	731
718	734
718	746
718	791
718	802
718	804
718	829
718	835
718	960
719	614
719	665
719	725
719	746
719	773
719	774
719	780
719	793
719	795
719	800
719	829
719	836
719	837
720	370
720	761
720	768
720	773
720	786
720	794
720	796
720	802
720	814
720	816
720	824
720	830
720	838
721	403
721	540
721	669
721	724
721	750
721	779
721	788
721	797
721	803
721	828
721	829
721	836
721	837
721	839
722	451
722	645
722	681
722	701
722	729
722	744
722	767
722	781
722	820
722	821
722	824
722	827
722	828
722	830
723	526
723	636
723	679
723	706
723	715
723	761
723	791
723	796
723	814
723	820
723	821
723	823
723	831
723	833
724	606
724	651
724	654
724	714
724	721
724	755
724	795
724	802
724	811
724	816
724	824
724	830
724	831
724	838
725	260
725	719
725	762
725	789
725	795
725	803
725	806
725	807
725	812
725	818
725	829
725	837
725	839
725	970
726	70
726	647
726	764
726	774
726	785
726	788
726	790
726	792
726	793
726	800
726	833
726	836
726	837
726	839
727	457
727	640
727	678
727	731
727	758
727	781
727	784
727	800
727	817
727	823
727	828
727	834
727	835
727	836
728	639
728	667
728	695
728	718
728	734
728	751
728	756
728	765
728	766
728	770
728	833
728	834
728	835
728	996
729	372
729	636
729	663
729	679
729	722
729	769
729	789
729	809
729	810
729	813
729	822
729	823
729	831
729	833
730	429
730	660
730	661
730	681
730	708
730	758
730	762
730	792
730	803
730	806
730	827
730	830
730	837
730	838
731	31
731	653
731	675
731	678
731	710
731	718
731	727
731	746
731	749
731	771
731	800
731	804
731	817
731	825
731	833
732	612
732	688
732	698
732	747
732	774
732	806
732	810
732	813
732	814
732	821
732	822
732	823
732	827
732	831
732	877
733	151
733	603
733	674
733	681
733	683
733	754
733	767
733	791
733	794
733	797
733	801
733	805
733	818
733	825
733	828
734	242
734	633
734	718
734	728
734	756
734	762
734	766
734	772
734	783
734	784
734	817
734	820
734	832
734	834
734	835
735	462
735	513
735	662
735	676
735	687
735	713
735	781
735	782
735	794
735	797
735	798
735	801
735	826
735	828
735	839
736	184
736	527
736	671
736	688
736	690
736	692
736	760
736	770
736	809
736	811
736	815
736	819
736	825
736	826
736	828
736	831
737	340
737	409
737	693
737	695
737	709
737	744
737	745
737	759
737	780
737	787
737	792
737	813
737	818
737	836
737	837
737	839
738	516
738	571
738	639
738	699
738	749
738	751
738	754
738	760
738	771
738	778
738	788
738	790
738	808
738	809
738	825
738	835
739	173
739	637
739	652
739	751
739	779
739	785
739	787
739	792
739	811
739	812
739	818
739	824
739	829
739	836
739	837
739	839
740	41
740	150
740	664
740	669
740	743
740	769
740	774
740	776
740	779
740	788
740	812
740	818
740	829
740	833
740	836
740	839
741	328
741	656
741	658
741	660
741	707
741	760
741	778
741	796
741	797
741	801
741	805
741	808
741	809
741	816
741	817
741	826
742	359
742	517
742	639
742	657
742	695
742	701
742	711
742	714
742	749
742	774
742	802
742	815
742	820
742	825
742	836
742	838
743	598
743	636
743	646
743	694
743	740
743	749
743	753
743	763
743	766
743	775
743	785
743	798
743	805
743	809
743	825
743	828
744	339
744	684
744	722
744	737
744	749
744	755
744	762
744	764
744	772
744	811
744	816
744	820
744	827
744	830
744	831
744	832
745	160
745	663
745	666
745	737
745	747
745	764
745	768
745	803
745	816
745	819
745	823
745	827
745	830
745	833
745	838
745	891
746	96
746	715
746	718
746	719
746	731
746	758
746	765
746	766
746	777
746	789
746	800
746	804
746	816
746	833
746	834
746	835
746	838
747	355
747	732
747	745
747	777
747	780
747	802
747	811
747	812
747	816
747	819
747	820
747	827
747	830
747	832
747	833
747	838
747	896
748	179
748	201
748	648
748	659
748	712
748	753
748	774
748	819
748	820
748	824
748	826
748	827
748	828
748	830
748	832
748	837
748	838
749	126
749	646
749	690
749	694
749	705
749	731
749	738
749	742
749	743
749	744
749	794
749	797
749	798
749	801
749	810
749	826
749	828
750	43
750	487
750	638
750	667
750	685
750	721
750	780
750	785
750	787
750	790
750	795
750	812
750	818
750	822
750	825
750	836
750	837
751	146
751	454
751	699
751	713
751	728
751	738
751	739
751	755
751	799
751	805
751	808
751	809
751	812
751	825
751	826
751	828
751	839
752	559
752	641
752	643
752	663
752	710
752	775
752	779
752	787
752	788
752	792
752	793
752	807
752	824
752	829
752	836
752	837
752	935
753	522
753	656
753	674
753	710
753	743
753	748
753	755
753	760
753	785
753	786
753	798
753	801
753	805
753	807
753	817
753	828
753	999
754	138
754	670
754	682
754	687
754	694
754	710
754	733
754	738
754	755
754	757
754	779
754	787
754	797
754	799
754	801
754	825
754	826
755	385
755	685
755	688
755	692
755	724
755	744
755	751
755	753
755	754
755	792
755	798
755	805
755	808
755	812
755	825
755	826
755	828
755	838
756	120
756	149
756	675
756	676
756	680
756	700
756	705
756	728
756	734
756	761
756	763
756	765
756	790
756	803
756	824
756	834
756	835
756	837
757	112
757	491
757	679
757	754
757	769
757	778
757	780
757	786
757	789
757	791
757	803
757	810
757	813
757	821
757	822
757	829
757	831
757	833
758	259
758	585
758	668
758	715
758	727
758	730
758	746
758	770
758	771
758	787
758	795
758	800
758	804
758	815
758	817
758	827
758	834
758	835
759	38
759	638
759	640
759	701
759	737
759	780
759	788
759	790
759	793
759	799
759	812
759	829
759	830
759	831
759	836
759	837
759	839
759	868
760	391
760	671
760	710
760	716
760	736
760	738
760	741
760	753
760	769
760	781
760	786
760	801
760	804
760	809
760	820
760	826
760	828
760	834
761	144
761	706
761	720
761	723
761	756
761	791
761	797
761	798
761	799
761	805
761	810
761	814
761	818
761	821
761	823
761	831
761	833
761	894
762	337
762	703
762	725
762	730
762	734
762	744
762	774
762	792
762	794
762	796
762	811
762	815
762	819
762	820
762	824
762	826
762	827
762	830
763	34
763	168
763	662
763	690
763	691
763	743
763	756
763	765
763	766
763	770
763	771
763	784
763	796
763	800
763	804
763	814
763	816
763	817
763	834
764	26
764	128
764	661
764	677
764	698
764	726
764	744
764	745
764	768
764	801
764	803
764	805
764	811
764	814
764	815
764	819
764	820
764	827
764	830
765	615
765	650
765	689
765	728
765	746
765	756
765	763
765	770
765	772
765	775
765	784
765	804
765	808
765	816
765	817
765	818
765	822
765	834
765	981
766	164
766	362
766	640
766	648
766	675
766	728
766	734
766	743
766	746
766	763
766	799
766	800
766	804
766	824
766	826
766	830
766	834
766	835
766	837
767	40
767	651
767	681
767	704
767	712
767	722
767	733
767	768
767	785
767	788
767	803
767	808
767	811
767	819
767	820
767	829
767	832
767	838
767	943
768	373
768	612
768	654
768	670
768	674
768	704
768	711
768	720
768	745
768	764
768	767
768	771
768	784
768	786
768	804
768	805
768	818
768	819
768	824
768	838
769	650
769	672
769	698
769	729
769	740
769	757
769	760
769	777
769	791
769	803
769	806
769	808
769	821
769	822
769	823
769	831
769	833
769	839
769	937
769	997
770	580
770	653
770	667
770	676
770	682
770	728
770	736
770	758
770	763
770	765
770	772
770	800
770	806
770	809
770	831
770	834
770	835
770	838
770	839
770	907
771	212
771	223
771	648
771	664
771	686
771	705
771	731
771	738
771	758
771	763
771	768
771	772
771	773
771	798
771	800
771	804
771	817
771	827
771	831
771	834
772	175
772	406
772	664
772	667
772	678
772	682
772	686
772	689
772	696
772	734
772	744
772	765
772	770
772	771
772	784
772	801
772	817
772	821
772	832
772	835
773	184
773	649
773	657
773	696
773	708
773	719
773	720
773	771
773	780
773	788
773	789
773	798
773	802
773	818
773	822
773	829
773	836
773	837
773	839
773	990
774	435
774	577
774	635
774	704
774	711
774	712
774	719
774	726
774	732
774	740
774	742
774	748
774	762
774	808
774	811
774	819
774	820
774	821
774	824
774	827
774	838
775	124
775	637
775	652
775	655
775	710
775	713
775	743
775	752
775	765
775	778
775	783
775	789
775	799
775	806
775	810
775	813
775	814
775	821
775	822
775	833
775	977
776	526
776	613
776	659
776	669
776	677
776	689
776	697
776	706
776	740
776	782
776	785
776	788
776	795
776	807
776	809
776	812
776	813
776	823
776	829
776	836
776	837
776	839
777	646
777	651
777	679
777	707
777	746
777	747
777	769
777	778
777	783
777	791
777	808
777	810
777	813
777	814
777	821
777	822
777	828
777	831
777	833
777	837
777	882
777	908
778	49
778	630
778	644
778	647
778	711
778	738
778	741
778	757
778	775
778	777
778	783
778	799
778	806
778	814
778	816
778	819
778	821
778	822
778	823
778	824
778	831
778	833
778	837
779	322
779	463
779	663
779	700
779	715
779	721
779	739
779	740
779	752
779	754
779	782
779	787
779	788
779	793
779	795
779	807
779	808
779	815
779	828
779	829
779	831
779	836
779	839
780	609
780	622
780	649
780	661
780	707
780	719
780	737
780	747
780	750
780	757
780	759
780	773
780	787
780	792
780	795
780	799
780	805
780	812
780	818
780	819
780	822
780	837
780	839
781	3
781	349
781	639
781	649
781	665
781	683
781	687
781	690
781	692
781	694
781	701
781	722
781	727
781	735
781	760
781	797
781	808
781	820
781	824
781	825
781	828
781	832
781	951
782	378
782	596
782	657
782	708
782	717
782	735
782	776
782	779
782	785
782	787
782	790
782	802
782	807
782	812
782	818
782	819
782	825
782	828
782	829
782	831
782	835
782	836
782	839
783	148
783	643
783	660
783	664
783	672
783	692
783	702
783	734
783	775
783	777
783	778
783	788
783	799
783	806
783	810
783	813
783	814
783	821
783	823
783	831
783	833
783	838
783	916
784	25
784	640
784	650
784	655
784	678
784	681
784	690
784	691
784	715
784	727
784	734
784	763
784	765
784	768
784	772
784	800
784	804
784	812
784	817
784	820
784	834
784	836
784	838
784	999
785	154
785	342
785	650
785	657
785	693
785	707
785	717
785	726
785	739
785	743
785	750
785	753
785	767
785	776
785	782
785	792
785	802
785	807
785	809
785	834
785	836
785	837
785	839
785	953
786	437
786	635
786	645
786	660
786	670
786	689
786	697
786	714
786	720
786	753
786	757
786	760
786	768
786	787
786	796
786	802
786	812
786	815
786	816
786	819
786	827
786	832
786	833
786	869
787	380
787	575
787	662
787	668
787	693
787	707
787	717
787	737
787	739
787	750
787	752
787	754
787	758
787	779
787	780
787	782
787	786
787	792
787	805
787	807
787	810
787	812
787	837
787	839
788	357
788	631
788	653
788	669
788	699
788	721
788	726
788	738
788	740
788	752
788	759
788	767
788	773
788	776
788	779
788	783
788	793
788	807
788	812
788	817
788	818
788	825
788	836
788	837
788	839
789	108
789	175
789	634
789	638
789	651
789	656
789	671
789	706
789	725
789	729
789	746
789	757
789	773
789	775
789	791
789	799
789	806
789	808
789	810
789	813
789	814
789	821
789	823
789	831
789	833
789	836
790	55
790	604
790	632
790	658
790	661
790	664
790	689
790	693
790	700
790	701
790	708
790	726
790	738
790	750
790	756
790	759
790	782
790	792
790	795
790	807
790	812
790	818
790	819
790	820
790	829
790	837
791	127
791	382
791	635
791	672
791	679
791	703
791	711
791	718
791	723
791	733
791	757
791	761
791	769
791	777
791	789
791	799
791	801
791	806
791	810
791	813
791	821
791	822
791	825
791	833
791	839
791	901
792	138
792	277
792	326
792	671
792	700
792	707
792	713
792	717
792	726
792	730
792	737
792	739
792	752
792	755
792	762
792	780
792	785
792	787
792	790
792	797
792	818
792	820
792	829
792	832
792	837
792	839
793	6
793	159
793	599
793	643
793	644
793	649
793	657
793	682
793	686
793	691
793	698
793	700
793	719
793	726
793	752
793	759
793	779
793	788
793	795
793	798
793	801
793	806
793	812
793	829
793	836
793	837
793	839
794	225
794	627
794	636
794	639
794	641
794	657
794	687
794	692
794	703
794	710
794	713
794	720
794	733
794	735
794	749
794	762
794	797
794	805
794	808
794	809
794	813
794	821
794	822
794	825
794	826
794	827
794	828
795	113
795	634
795	637
795	673
795	689
795	694
795	702
795	707
795	717
795	719
795	724
795	725
795	750
795	758
795	776
795	779
795	780
795	790
795	793
795	805
795	818
795	824
795	829
795	836
795	837
795	838
795	839
796	178
796	641
796	661
796	684
796	708
796	712
796	714
796	715
796	716
796	720
796	723
796	741
796	762
796	763
796	786
796	800
796	802
796	803
796	816
796	819
796	820
796	824
796	826
796	827
796	830
796	832
796	835
796	991
797	17
797	267
797	528
797	641
797	658
797	666
797	683
797	688
797	699
797	721
797	733
797	735
797	741
797	749
797	754
797	761
797	781
797	792
797	794
797	799
797	808
797	814
797	818
797	820
797	825
797	828
797	835
797	839
798	413
798	646
798	653
798	656
798	665
798	666
798	671
798	674
798	676
798	692
798	735
798	743
798	749
798	753
798	755
798	761
798	771
798	773
798	793
798	805
798	817
798	825
798	826
798	828
798	834
798	837
798	919
798	990
799	88
799	235
799	637
799	638
799	687
799	698
799	702
799	705
799	717
799	751
799	754
799	759
799	761
799	766
799	775
799	778
799	780
799	783
799	789
799	791
799	797
799	806
799	813
799	821
799	822
799	831
799	833
799	936
800	204
800	385
800	627
800	648
800	650
800	664
800	680
800	704
800	719
800	726
800	727
800	731
800	746
800	758
800	763
800	766
800	770
800	771
800	784
800	796
800	804
800	816
800	817
800	818
800	820
800	834
800	835
800	836
800	838
801	27
801	367
801	646
801	648
801	652
801	666
801	674
801	683
801	688
801	695
801	733
801	735
801	741
801	749
801	753
801	754
801	760
801	764
801	772
801	791
801	793
801	805
801	807
801	808
801	809
801	825
801	826
801	828
801	830
801	993
802	86
802	494
802	611
802	635
802	656
802	662
802	677
802	681
802	684
802	692
802	700
802	705
802	716
802	718
802	720
802	724
802	742
802	747
802	773
802	782
802	785
802	786
802	796
802	808
802	811
802	815
802	816
802	830
802	832
802	838
803	186
803	364
803	625
803	635
803	659
803	660
803	695
803	711
803	715
803	721
803	725
803	730
803	745
803	756
803	757
803	764
803	767
803	769
803	796
803	811
803	812
803	815
803	820
803	824
803	826
803	827
803	830
803	832
803	833
803	838
804	134
804	386
804	411
804	655
804	667
804	673
804	680
804	682
804	705
804	712
804	718
804	731
804	746
804	758
804	760
804	763
804	765
804	766
804	768
804	771
804	784
804	800
804	813
804	815
804	817
804	819
804	824
804	825
804	827
804	835
805	157
805	225
805	378
805	640
805	656
805	666
805	683
805	687
805	699
805	713
805	733
805	741
805	743
805	751
805	753
805	755
805	761
805	764
805	768
805	780
805	787
805	794
805	795
805	798
805	801
805	808
805	809
805	825
805	826
805	835
805	836
806	190
806	384
806	616
806	652
806	669
806	671
806	672
806	677
806	702
806	709
806	713
806	725
806	730
806	732
806	769
806	770
806	775
806	778
806	783
806	789
806	791
806	793
806	799
806	810
806	811
806	813
806	814
806	822
806	831
806	832
806	833
806	863
807	232
807	456
807	635
807	649
807	663
807	669
807	679
807	689
807	696
807	700
807	725
807	752
807	753
807	776
807	779
807	782
807	785
807	787
807	788
807	790
807	801
807	809
807	812
807	814
807	815
807	818
807	829
807	831
807	836
807	837
807	839
807	959
808	541
808	558
808	633
808	646
808	656
808	665
808	666
808	687
808	692
808	694
808	710
808	738
808	741
808	751
808	755
808	765
808	767
808	769
808	774
808	777
808	779
808	781
808	789
808	794
808	797
808	801
808	802
808	805
808	818
808	826
808	828
808	837
809	130
809	131
809	607
809	636
809	641
809	643
809	644
809	665
809	671
809	687
809	692
809	694
809	713
809	729
809	736
809	738
809	741
809	743
809	751
809	760
809	770
809	776
809	785
809	794
809	801
809	805
809	807
809	823
809	825
809	826
809	828
809	834
810	249
810	297
810	644
810	672
810	682
810	684
810	698
810	709
810	729
810	732
810	749
810	757
810	761
810	775
810	777
810	783
810	787
810	789
810	791
810	806
810	813
810	816
810	819
810	821
810	822
810	823
810	828
810	830
810	831
810	832
810	833
810	839
810	997
811	176
811	365
811	531
811	560
811	635
811	658
811	665
811	667
811	685
811	688
811	704
811	724
811	736
811	739
811	744
811	747
811	762
811	764
811	767
811	774
811	802
811	803
811	806
811	815
811	816
811	819
811	820
811	829
811	830
811	832
811	837
811	838
811	839
812	156
812	592
812	643
812	649
812	650
812	669
812	680
812	681
812	696
812	725
812	739
812	740
812	747
812	750
812	751
812	755
812	759
812	776
812	780
812	782
812	784
812	786
812	787
812	788
812	790
812	793
812	803
812	807
812	829
812	836
812	837
812	838
812	839
812	951
813	29
813	461
813	616
813	637
813	645
813	647
813	651
813	662
813	672
813	677
813	698
813	704
813	729
813	732
813	737
813	757
813	775
813	776
813	777
813	783
813	789
813	791
813	794
813	799
813	804
813	806
813	810
813	814
813	820
813	822
813	823
813	828
813	831
813	833
814	143
814	162
814	316
814	615
814	637
814	644
814	652
814	654
814	679
814	698
814	699
814	702
814	707
814	709
814	712
814	720
814	723
814	732
814	761
814	763
814	764
814	775
814	777
814	778
814	783
814	789
814	797
814	806
814	807
814	813
814	821
814	823
814	831
814	833
814	837
815	36
815	502
815	681
815	684
815	685
815	695
815	697
815	700
815	716
815	736
815	742
815	758
815	762
815	764
815	779
815	786
815	802
815	803
815	804
815	807
815	811
815	816
815	819
815	820
815	821
815	822
815	824
815	826
815	827
815	830
815	832
815	836
815	838
815	953
815	986
816	186
816	408
816	520
816	614
816	642
816	651
816	662
816	677
816	679
816	685
816	695
816	714
816	716
816	720
816	724
816	741
816	744
816	745
816	746
816	747
816	763
816	765
816	778
816	786
816	796
816	800
816	802
816	810
816	811
816	815
816	819
816	820
816	824
816	829
816	830
817	137
817	178
817	190
817	552
817	648
817	653
817	655
817	664
817	673
817	675
817	676
817	686
817	691
817	697
817	713
817	727
817	731
817	734
817	741
817	753
817	758
817	763
817	765
817	771
817	772
817	784
817	788
817	798
817	800
817	804
817	821
817	822
817	827
817	829
817	835
818	157
818	368
818	643
818	672
818	677
818	686
818	693
818	696
818	708
818	725
818	733
818	737
818	739
818	740
818	750
818	761
818	765
818	768
818	773
818	780
818	782
818	788
818	790
818	792
818	795
818	797
818	800
818	807
818	808
818	829
818	831
818	836
818	837
818	839
818	878
818	956
819	199
819	329
819	548
819	628
819	645
819	649
819	654
819	690
819	701
819	712
819	717
819	736
819	745
819	747
819	748
819	762
819	764
819	767
819	768
819	774
819	778
819	780
819	782
819	786
819	790
819	796
819	804
819	810
819	811
819	815
819	816
819	820
819	824
819	825
819	830
819	832
819	838
820	135
820	323
820	608
820	635
820	645
820	654
820	677
820	686
820	701
820	711
820	722
820	723
820	734
820	742
820	744
820	747
820	748
820	760
820	762
820	764
820	767
820	774
820	781
820	784
820	790
820	792
820	796
820	797
820	800
820	803
820	811
820	813
820	815
820	816
820	819
820	823
820	827
820	830
820	897
821	165
821	226
821	243
821	601
821	638
821	644
821	651
821	667
821	675
821	699
821	703
821	706
821	709
821	722
821	723
821	732
821	757
821	761
821	769
821	772
821	774
821	775
821	777
821	778
821	783
821	789
821	791
821	794
821	799
821	810
821	814
821	815
821	817
821	823
821	828
821	830
821	831
821	832
821	833
822	22
822	361
822	619
822	644
822	647
822	652
822	656
822	666
822	670
822	672
822	679
822	702
822	703
822	706
822	709
822	714
822	729
822	732
822	750
822	757
822	765
822	769
822	773
822	775
822	777
822	778
822	780
822	791
822	794
822	799
822	806
822	810
822	813
822	815
822	817
822	823
822	830
822	831
822	833
823	94
823	121
823	241
823	365
823	636
823	638
823	644
823	647
823	651
823	652
823	674
823	693
823	701
823	702
823	703
823	706
823	723
823	727
823	729
823	732
823	745
823	761
823	769
823	776
823	778
823	783
823	789
823	809
823	810
823	813
823	814
823	820
823	821
823	822
823	828
823	831
823	833
823	834
823	836
824	126
824	618
824	631
824	642
824	646
824	660
824	663
824	677
824	681
824	684
824	693
824	697
824	701
824	714
824	720
824	722
824	724
824	739
824	748
824	752
824	756
824	762
824	766
824	768
824	774
824	778
824	781
824	795
824	796
824	803
824	804
824	815
824	816
824	819
824	827
824	832
824	834
824	835
824	838
824	881
825	346
825	447
825	574
825	639
825	641
825	658
825	665
825	666
825	674
825	678
825	690
825	693
825	704
825	709
825	713
825	731
825	733
825	736
825	738
825	742
825	743
825	750
825	751
825	754
825	755
825	781
825	782
825	788
825	791
825	794
825	797
825	798
825	801
825	804
825	805
825	809
825	819
825	826
825	828
825	883
826	158
826	335
826	636
826	639
826	658
826	665
826	666
826	671
826	683
826	688
826	700
826	703
826	713
826	716
826	735
826	736
826	741
826	748
826	749
826	751
826	754
826	755
826	760
826	762
826	766
826	794
826	796
826	798
826	801
826	803
826	805
826	808
826	809
826	815
826	825
826	827
826	832
826	834
826	837
826	965
826	990
827	568
827	588
827	642
827	655
827	660
827	662
827	672
827	681
827	685
827	695
827	696
827	697
827	701
827	704
827	722
827	730
827	732
827	744
827	745
827	747
827	748
827	758
827	762
827	764
827	771
827	774
827	786
827	794
827	796
827	803
827	804
827	815
827	817
827	820
827	824
827	826
827	834
827	835
827	838
827	928
827	993
828	306
828	331
828	587
828	601
828	636
828	641
828	646
828	658
828	671
828	694
828	699
828	713
828	721
828	722
828	727
828	733
828	735
828	736
828	743
828	748
828	749
828	751
828	753
828	755
828	760
828	777
828	779
828	781
828	782
828	794
828	797
828	798
828	801
828	808
828	809
828	810
828	813
828	821
828	823
828	825
828	830
828	833
829	344
829	567
829	625
829	675
829	688
829	689
829	693
829	696
829	700
829	704
829	706
829	708
829	718
829	719
829	721
829	725
829	739
829	740
829	752
829	757
829	759
829	767
829	773
829	776
829	779
829	782
829	790
829	792
829	793
829	795
829	807
829	811
829	812
829	816
829	817
829	818
829	831
829	833
829	834
829	836
829	837
829	839
829	852
830	35
830	182
830	380
830	422
830	618
830	659
830	661
830	673
830	675
830	677
830	680
830	708
830	711
830	712
830	716
830	720
830	722
830	724
830	730
830	744
830	745
830	747
830	748
830	759
830	762
830	764
830	766
830	796
830	801
830	802
830	803
830	810
830	811
830	815
830	816
830	819
830	820
830	821
830	822
830	828
830	837
830	838
830	839
831	91
831	205
831	575
831	580
831	637
831	651
831	698
831	702
831	703
831	706
831	709
831	712
831	723
831	724
831	729
831	732
831	736
831	744
831	757
831	759
831	761
831	769
831	770
831	771
831	777
831	778
831	779
831	782
831	783
831	789
831	799
831	806
831	807
831	810
831	813
831	814
831	818
831	821
831	822
831	823
831	829
831	832
831	833
831	839
832	360
832	382
832	477
832	610
832	640
832	642
832	654
832	659
832	660
832	661
832	662
832	663
832	667
832	677
832	683
832	685
832	695
832	697
832	701
832	714
832	734
832	744
832	747
832	748
832	767
832	772
832	781
832	786
832	792
832	796
832	802
832	803
832	806
832	810
832	811
832	815
832	819
832	821
832	824
832	826
832	831
832	833
832	836
832	838
832	987
833	72
833	152
833	312
833	506
833	637
833	638
833	668
833	679
833	684
833	702
833	703
833	709
833	723
833	726
833	728
833	729
833	731
833	740
833	745
833	746
833	747
833	757
833	761
833	769
833	775
833	777
833	778
833	783
833	786
833	789
833	791
833	799
833	803
833	806
833	810
833	813
833	814
833	821
833	822
833	823
833	828
833	829
833	831
833	832
833	983
834	167
834	455
834	578
834	603
834	640
834	648
834	650
834	653
834	655
834	667
834	668
834	669
834	675
834	676
834	680
834	686
834	687
834	691
834	695
834	708
834	715
834	727
834	728
834	734
834	746
834	756
834	758
834	760
834	763
834	765
834	766
834	770
834	771
834	784
834	785
834	798
834	800
834	809
834	823
834	824
834	826
834	827
834	829
834	835
834	839
834	855
835	57
835	63
835	464
835	622
835	624
835	635
835	639
835	640
835	641
835	648
835	649
835	655
835	668
835	676
835	678
835	680
835	682
835	686
835	691
835	699
835	705
835	706
835	711
835	714
835	715
835	718
835	727
835	728
835	734
835	738
835	746
835	756
835	758
835	766
835	770
835	772
835	782
835	796
835	797
835	800
835	804
835	805
835	817
835	824
835	827
835	834
836	254
836	330
836	436
836	637
836	642
836	646
836	653
836	657
836	673
836	689
836	707
836	708
836	717
836	719
836	721
836	726
836	727
836	737
836	739
836	740
836	742
836	750
836	752
836	759
836	773
836	776
836	779
836	782
836	784
836	785
836	788
836	789
836	793
836	795
836	800
836	805
836	807
836	812
836	815
836	818
836	823
836	829
836	832
836	837
836	839
836	883
837	268
837	315
837	393
837	543
837	558
837	654
837	669
837	687
837	693
837	696
837	700
837	719
837	721
837	725
837	726
837	730
837	737
837	739
837	748
837	750
837	752
837	756
837	759
837	766
837	773
837	776
837	777
837	778
837	780
837	785
837	787
837	788
837	790
837	792
837	793
837	795
837	798
837	807
837	808
837	811
837	812
837	814
837	818
837	826
837	829
837	830
837	836
838	518
838	582
838	630
838	642
838	659
838	662
838	663
838	668
838	669
838	670
838	683
838	684
838	688
838	697
838	704
838	709
838	711
838	712
838	720
838	724
838	730
838	742
838	745
838	746
838	747
838	748
838	755
838	767
838	768
838	770
838	774
838	783
838	784
838	795
838	800
838	802
838	803
838	811
838	812
838	815
838	819
838	824
838	827
838	830
838	832
838	839
838	991
839	52
839	277
839	373
839	514
839	591
839	642
839	649
839	657
839	666
839	693
839	707
839	708
839	714
839	721
839	725
839	726
839	735
839	737
839	739
839	740
839	751
839	759
839	769
839	770
839	773
839	776
839	779
839	780
839	782
839	785
839	787
839	788
839	791
839	792
839	793
839	795
839	797
839	807
839	810
839	811
839	812
839	818
839	829
839	830
839	831
839	834
839	836
839	838
840	158
840	886
840	887
840	943
840	950
840	986
840	987
840	989
840	992
840	1000
841	307
841	873
841	877
841	915
841	944
841	950
841	970
841	982
841	983
841	998
842	378
842	887
842	918
842	945
842	976
842	978
842	989
842	990
842	991
842	994
843	58
843	845
843	910
843	918
843	958
843	962
843	965
843	979
843	982
843	997
844	310
844	897
844	920
844	940
844	944
844	951
844	976
844	986
844	992
844	1000
845	198
845	843
845	851
845	868
845	923
845	941
845	972
845	984
845	995
845	998
846	706
846	880
846	886
846	940
846	957
846	980
846	982
846	993
846	994
846	995
847	114
847	884
847	902
847	919
847	953
847	967
847	973
847	974
847	984
847	998
848	71
848	902
848	913
848	927
848	937
848	970
848	971
848	975
848	980
848	997
849	174
849	928
849	939
849	952
849	956
849	982
849	985
849	989
849	994
849	996
850	121
850	904
850	924
850	950
850	959
850	973
850	984
850	985
850	995
850	998
851	599
851	845
851	956
851	964
851	968
851	982
851	985
851	987
851	996
851	997
852	829
852	894
852	919
852	942
852	950
852	963
852	970
852	980
852	990
852	993
853	292
853	883
853	909
853	926
853	940
853	964
853	978
853	980
853	981
853	985
854	557
854	881
854	909
854	953
854	970
854	989
854	990
854	994
854	999
854	1000
855	834
855	874
855	896
855	969
855	973
855	974
855	982
855	984
855	995
855	996
855	998
856	228
856	272
856	870
856	877
856	899
856	908
856	974
856	977
856	983
856	995
856	998
857	386
857	911
857	935
857	943
857	986
857	987
857	988
857	989
857	992
857	999
857	1000
858	566
858	907
858	921
858	935
858	938
858	968
858	969
858	978
858	985
858	992
858	997
859	670
859	864
859	873
859	919
859	956
859	963
859	966
859	967
859	991
859	996
859	997
860	286
860	916
860	964
860	968
860	970
860	975
860	981
860	982
860	984
860	991
860	999
861	331
861	863
861	913
861	916
861	919
861	920
861	926
861	947
861	989
861	991
861	1000
862	165
862	474
862	879
862	884
862	892
862	912
862	915
862	920
862	975
862	978
862	985
863	806
863	861
863	922
863	932
863	935
863	943
863	952
863	970
863	975
863	977
863	981
864	385
864	859
864	872
864	934
864	959
864	971
864	973
864	977
864	978
864	980
864	993
865	621
865	931
865	934
865	942
865	949
865	952
865	962
865	987
865	991
865	996
865	1000
866	279
866	910
866	933
866	937
866	966
866	968
866	978
866	991
866	994
866	997
866	998
867	197
867	870
867	895
867	924
867	927
867	928
867	955
867	972
867	974
867	989
867	995
868	759
868	845
868	920
868	951
868	964
868	972
868	979
868	986
868	989
868	999
868	1000
869	786
869	892
869	896
869	918
869	923
869	932
869	961
869	970
869	975
869	980
869	982
870	35
870	856
870	867
870	879
870	893
870	894
870	897
870	916
870	919
870	923
870	985
871	99
871	874
871	897
871	922
871	930
871	956
871	969
871	973
871	974
871	986
871	998
872	631
872	864
872	898
872	919
872	932
872	963
872	972
872	974
872	978
872	981
872	983
873	683
873	841
873	859
873	893
873	929
873	948
873	956
873	971
873	979
873	992
873	994
873	996
874	308
874	855
874	871
874	900
874	908
874	911
874	934
874	950
874	959
874	967
874	988
874	998
875	358
875	878
875	907
875	940
875	944
875	949
875	970
875	981
875	989
875	992
875	999
875	1000
876	21
876	615
876	887
876	913
876	921
876	928
876	948
876	956
876	966
876	969
876	985
876	994
877	732
877	841
877	856
877	884
877	939
877	964
877	971
877	977
877	982
877	985
877	993
877	994
878	818
878	875
878	886
878	922
878	951
878	957
878	979
878	988
878	992
878	993
878	997
878	999
879	379
879	862
879	870
879	896
879	899
879	901
879	904
879	905
879	959
879	967
879	993
879	995
880	581
880	846
880	900
880	912
880	940
880	948
880	961
880	964
880	977
880	983
880	993
880	998
881	824
881	854
881	890
881	921
881	959
881	982
881	986
881	989
881	992
881	993
881	999
881	1000
882	244
882	777
882	908
882	923
882	941
882	953
882	955
882	967
882	978
882	984
882	995
882	996
883	825
883	836
883	853
883	884
883	910
883	924
883	942
883	953
883	979
883	988
883	989
883	1000
884	551
884	614
884	847
884	862
884	877
884	883
884	926
884	953
884	967
884	970
884	971
884	977
885	431
885	899
885	947
885	950
885	959
885	966
885	971
885	977
885	978
885	983
885	990
885	993
886	646
886	840
886	846
886	878
886	909
886	946
886	948
886	986
886	988
886	992
886	999
886	1000
887	157
887	840
887	842
887	876
887	894
887	896
887	927
887	955
887	967
887	972
887	984
887	995
888	219
888	903
888	920
888	952
888	966
888	972
888	975
888	979
888	986
888	988
888	999
888	1000
889	262
889	906
889	914
889	939
889	942
889	953
889	966
889	970
889	979
889	988
889	992
889	999
889	1000
890	611
890	881
890	903
890	906
890	951
890	953
890	979
890	983
890	985
890	988
890	989
890	997
890	1000
891	745
891	919
891	942
891	951
891	953
891	957
891	958
891	986
891	989
891	990
891	992
891	999
891	1000
892	152
892	594
892	862
892	869
892	928
892	934
892	946
892	947
892	957
892	972
892	977
892	980
892	987
893	166
893	179
893	870
893	873
893	954
893	960
893	979
893	987
893	990
893	996
893	997
893	999
893	1000
894	761
894	852
894	870
894	887
894	906
894	908
894	956
894	972
894	973
894	974
894	995
894	996
894	998
894	999
895	363
895	579
895	867
895	907
895	928
895	930
895	939
895	968
895	979
895	988
895	989
895	992
895	999
895	1000
896	105
896	747
896	855
896	869
896	879
896	887
896	898
896	923
896	927
896	933
896	934
896	967
896	976
896	997
897	820
897	844
897	870
897	871
897	901
897	902
897	920
897	930
897	952
897	954
897	955
897	984
897	995
897	998
898	379
898	872
898	896
898	900
898	927
898	934
898	960
898	968
898	972
898	973
898	974
898	984
898	989
898	998
899	374
899	856
899	879
899	885
899	915
899	924
899	941
899	955
899	972
899	974
899	983
899	991
899	995
899	998
900	1
900	874
900	880
900	898
900	904
900	918
900	934
900	954
900	967
900	973
900	974
900	984
900	994
900	995
901	521
901	791
901	879
901	897
901	930
901	936
901	943
901	955
901	972
901	980
901	984
901	993
901	995
901	998
902	149
902	160
902	847
902	848
902	897
902	907
902	908
902	930
902	955
902	959
902	973
902	982
902	995
902	998
903	471
903	485
903	888
903	890
903	929
903	932
903	942
903	943
903	944
903	952
903	958
903	986
903	988
903	989
903	992
904	597
904	850
904	879
904	900
904	906
904	910
904	924
904	934
904	960
904	967
904	972
904	983
904	984
904	991
904	998
905	112
905	879
905	910
905	925
905	935
905	937
905	954
905	956
905	961
905	966
905	980
905	983
905	991
905	994
905	997
906	323
906	371
906	889
906	890
906	894
906	904
906	941
906	944
906	953
906	955
906	973
906	974
906	984
906	995
906	998
907	770
907	858
907	875
907	895
907	902
907	949
907	961
907	974
907	979
907	986
907	988
907	989
907	992
907	999
907	1000
908	777
908	856
908	874
908	882
908	894
908	902
908	923
908	954
908	955
908	963
908	968
908	969
908	973
908	995
908	998
909	678
909	853
909	854
909	886
909	913
909	935
909	939
909	941
909	942
909	943
909	979
909	988
909	990
909	992
909	999
909	1000
910	368
910	488
910	843
910	866
910	883
910	904
910	905
910	912
910	928
910	933
910	948
910	975
910	976
910	985
910	987
910	996
911	177
911	364
911	857
911	874
911	916
911	927
911	931
911	932
911	946
911	950
911	957
911	977
911	981
911	983
911	990
911	993
912	574
912	862
912	880
912	910
912	918
912	919
912	945
912	946
912	959
912	963
912	975
912	981
912	982
912	983
912	992
912	997
913	339
913	468
913	848
913	861
913	876
913	909
913	931
913	948
913	956
913	957
913	969
913	973
913	977
913	981
913	983
913	993
914	239
914	889
914	921
914	931
914	938
914	949
914	950
914	952
914	960
914	965
914	966
914	968
914	981
914	990
914	995
914	996
914	997
915	104
915	596
915	841
915	862
915	899
915	932
915	947
915	957
915	960
915	964
915	966
915	967
915	978
915	982
915	983
915	993
915	998
916	505
916	783
916	860
916	861
916	870
916	911
916	938
916	945
916	946
916	947
916	955
916	957
916	959
916	970
916	981
916	992
916	993
917	620
917	929
917	935
917	938
917	946
917	948
917	951
917	962
917	968
917	972
917	979
917	985
917	987
917	991
917	995
917	996
917	997
918	515
918	571
918	842
918	843
918	869
918	900
918	912
918	925
918	928
918	929
918	950
918	952
918	957
918	962
918	965
918	987
918	994
919	489
919	798
919	847
919	852
919	859
919	861
919	870
919	872
919	891
919	912
919	922
919	931
919	939
919	950
919	959
919	963
919	975
919	993
920	715
920	844
920	861
920	862
920	868
920	888
920	897
920	926
920	944
920	945
920	951
920	979
920	986
920	989
920	992
920	997
920	999
920	1000
921	516
921	858
921	876
921	881
921	914
921	925
921	932
921	936
921	937
921	945
921	962
921	968
921	970
921	975
921	976
921	985
921	988
921	990
922	420
922	863
922	871
922	878
922	919
922	937
922	940
922	946
922	947
922	950
922	960
922	961
922	963
922	969
922	977
922	978
922	979
922	986
923	148
923	376
923	845
923	869
923	870
923	882
923	896
923	908
923	924
923	941
923	944
923	967
923	974
923	980
923	982
923	995
923	997
923	998
924	146
924	662
924	850
924	867
924	883
924	899
924	904
924	923
924	925
924	929
924	941
924	955
924	974
924	976
924	978
924	995
924	998
924	1000
925	37
925	257
925	905
925	918
925	921
925	924
925	932
925	952
925	958
925	960
925	968
925	977
925	980
925	985
925	987
925	994
925	996
925	999
926	419
926	853
926	861
926	884
926	920
926	932
926	941
926	950
926	961
926	969
926	971
926	976
926	977
926	981
926	982
926	989
926	993
926	997
927	163
927	253
927	848
927	867
927	887
927	896
927	898
927	911
927	930
927	955
927	959
927	967
927	984
927	986
927	994
927	995
927	998
927	1000
928	404
928	827
928	849
928	867
928	876
928	892
928	895
928	910
928	918
928	938
928	949
928	952
928	955
928	966
928	968
928	990
928	997
928	1000
929	365
929	563
929	873
929	903
929	917
929	918
929	924
929	933
929	936
929	945
929	954
929	979
929	985
929	987
929	990
929	993
929	994
929	998
930	293
930	602
930	871
930	895
930	897
930	901
930	902
930	927
930	934
930	941
930	947
930	958
930	960
930	967
930	972
930	974
930	984
930	986
930	998
931	364
931	366
931	865
931	911
931	913
931	914
931	919
931	940
931	949
931	959
931	969
931	971
931	975
931	980
931	982
931	983
931	985
931	987
931	996
932	446
932	530
932	863
932	869
932	872
932	903
932	911
932	915
932	921
932	925
932	926
932	954
932	955
932	961
932	968
932	970
932	971
932	978
932	993
933	209
933	610
933	866
933	896
933	910
933	929
933	936
933	954
933	964
933	966
933	979
933	987
933	989
933	990
933	991
933	992
933	993
933	994
933	996
934	539
934	623
934	864
934	865
934	874
934	892
934	896
934	898
934	900
934	904
934	930
934	955
934	956
934	959
934	967
934	973
934	984
934	994
934	998
935	673
935	752
935	857
935	858
935	863
935	905
935	909
935	917
935	936
935	958
935	960
935	965
935	968
935	984
935	987
935	991
935	995
935	996
935	998
936	626
936	799
936	901
936	921
936	929
936	933
936	935
936	947
936	957
936	958
936	960
936	965
936	976
936	984
936	985
936	989
936	994
936	995
936	997
937	124
937	769
937	848
937	866
937	905
937	921
937	922
937	959
937	961
937	963
937	965
937	967
937	969
937	974
937	977
937	978
937	982
937	983
937	993
938	163
938	500
938	858
938	914
938	916
938	917
938	928
938	951
938	958
938	965
938	966
938	967
938	978
938	979
938	987
938	990
938	991
938	993
938	996
938	997
939	100
939	155
939	849
939	877
939	889
939	895
939	909
939	919
939	942
939	951
939	953
939	971
939	979
939	981
939	986
939	988
939	989
939	991
939	999
939	1000
940	164
940	447
940	844
940	846
940	853
940	875
940	880
940	922
940	931
940	946
940	952
940	961
940	965
940	969
940	979
940	980
940	982
940	983
940	988
940	993
941	357
941	568
941	845
941	882
941	899
941	906
941	909
941	923
941	924
941	926
941	930
941	949
941	955
941	971
941	972
941	973
941	986
941	995
941	998
941	999
942	92
942	155
942	852
942	865
942	883
942	889
942	891
942	903
942	909
942	939
942	943
942	953
942	963
942	978
942	979
942	980
942	986
942	991
942	992
942	999
942	1000
943	515
943	767
943	840
943	857
943	863
943	901
943	903
943	909
943	942
943	944
943	945
943	948
943	953
943	973
943	986
943	988
943	992
943	994
943	997
943	999
943	1000
944	140
944	368
944	841
944	844
944	875
944	903
944	906
944	920
944	923
944	943
944	951
944	979
944	981
944	986
944	988
944	989
944	991
944	992
944	996
944	999
944	1000
945	56
945	68
945	842
945	912
945	916
945	920
945	921
945	929
945	943
945	956
945	960
945	962
945	966
945	969
945	976
945	986
945	990
945	991
945	994
945	996
945	997
946	109
946	366
946	886
946	892
946	911
946	912
946	916
946	917
946	922
946	940
946	949
946	964
946	968
946	969
946	971
946	976
946	978
946	981
946	982
946	983
946	993
946	1000
947	176
947	355
947	683
947	861
947	885
947	892
947	915
947	916
947	922
947	930
947	936
947	954
947	957
947	959
947	963
947	972
947	978
947	980
947	981
947	983
947	996
947	998
948	377
948	569
948	609
948	873
948	876
948	880
948	886
948	910
948	913
948	917
948	943
948	954
948	960
948	964
948	965
948	976
948	982
948	987
948	990
948	991
948	994
948	997
949	102
949	333
949	679
949	865
949	875
949	907
949	914
949	928
949	931
949	941
949	946
949	954
949	958
949	962
949	968
949	976
949	980
949	981
949	985
949	990
949	991
949	996
949	997
950	183
950	635
950	712
950	840
950	841
950	850
950	852
950	874
950	885
950	911
950	914
950	918
950	919
950	922
950	926
950	959
950	967
950	969
950	971
950	975
950	977
950	981
950	992
951	169
951	781
951	812
951	844
951	868
951	878
951	890
951	891
951	917
951	920
951	938
951	939
951	944
951	979
951	980
951	981
951	988
951	989
951	992
951	993
951	997
951	999
951	1000
952	333
952	647
952	849
952	863
952	865
952	888
952	897
952	903
952	914
952	918
952	925
952	928
952	940
952	960
952	965
952	976
952	985
952	988
952	990
952	991
952	994
952	995
952	997
953	785
953	815
953	847
953	854
953	882
953	883
953	884
953	889
953	890
953	891
953	906
953	939
953	942
953	943
953	979
953	982
953	986
953	988
953	989
953	994
953	997
953	999
953	1000
954	311
954	667
954	893
954	897
954	900
954	905
954	908
954	929
954	932
954	933
954	947
954	948
954	949
954	956
954	966
954	976
954	986
954	987
954	990
954	992
954	994
954	996
954	997
955	501
955	561
955	867
955	882
955	887
955	897
955	899
955	901
955	902
955	906
955	908
955	916
955	924
955	927
955	928
955	932
955	934
955	941
955	972
955	991
955	993
955	994
955	998
955	1000
956	445
956	671
956	818
956	849
956	851
956	859
956	871
956	873
956	876
956	894
956	905
956	913
956	934
956	945
956	954
956	972
956	977
956	982
956	985
956	987
956	990
956	991
956	996
956	997
957	407
957	508
957	846
957	878
957	891
957	892
957	911
957	913
957	915
957	916
957	918
957	936
957	947
957	960
957	961
957	969
957	970
957	971
957	980
957	981
957	983
957	988
957	993
957	998
958	348
958	610
958	684
958	843
958	891
958	903
958	925
958	930
958	935
958	936
958	938
958	949
958	960
958	961
958	968
958	975
958	976
958	983
958	985
958	987
958	990
958	991
958	996
958	998
959	392
959	807
959	850
959	864
959	874
959	879
959	881
959	885
959	902
959	912
959	916
959	919
959	927
959	931
959	934
959	937
959	947
959	950
959	964
959	965
959	975
959	977
959	980
959	981
959	983
960	621
960	718
960	893
960	898
960	904
960	914
960	915
960	922
960	925
960	930
960	935
960	936
960	945
960	948
960	952
960	957
960	958
960	965
960	976
960	985
960	987
960	990
960	991
960	994
960	998
961	246
961	596
961	689
961	869
961	880
961	905
961	907
961	922
961	926
961	932
961	937
961	940
961	957
961	958
961	963
961	969
961	975
961	978
961	980
961	986
961	990
961	992
961	993
961	997
961	1000
962	118
962	486
962	608
962	843
962	865
962	917
962	918
962	921
962	945
962	949
962	964
962	965
962	969
962	970
962	976
962	977
962	984
962	987
962	990
962	991
962	993
962	994
962	996
962	997
962	998
963	458
963	557
963	629
963	852
963	859
963	872
963	908
963	912
963	919
963	922
963	937
963	942
963	947
963	961
963	964
963	971
963	973
963	974
963	977
963	978
963	980
963	982
963	983
963	984
963	995
964	84
964	140
964	347
964	851
964	853
964	860
964	868
964	877
964	880
964	915
964	933
964	946
964	948
964	959
964	962
964	963
964	972
964	975
964	977
964	978
964	979
964	980
964	981
964	982
964	988
964	993
965	83
965	351
965	826
965	843
965	914
965	918
965	935
965	936
965	937
965	938
965	940
965	948
965	952
965	959
965	960
965	962
965	967
965	969
965	981
965	985
965	987
965	988
965	990
965	994
965	997
965	1000
966	12
966	183
966	494
966	859
966	866
966	876
966	885
966	888
966	889
966	905
966	914
966	915
966	928
966	933
966	938
966	945
966	954
966	968
966	975
966	976
966	977
966	990
966	993
966	994
966	996
966	997
966	999
967	529
967	544
967	847
967	859
967	874
967	879
967	882
967	884
967	887
967	896
967	900
967	904
967	915
967	923
967	927
967	930
967	934
967	937
967	938
967	950
967	965
967	972
967	973
967	974
967	984
967	995
967	997
968	220
968	374
968	375
968	851
968	858
968	860
968	866
968	895
968	898
968	908
968	914
968	917
968	921
968	925
968	928
968	932
968	935
968	946
968	949
968	958
968	966
968	975
968	976
968	980
968	991
968	994
968	996
969	132
969	565
969	855
969	858
969	871
969	876
969	908
969	913
969	922
969	926
969	931
969	937
969	940
969	945
969	946
969	950
969	957
969	961
969	962
969	965
969	970
969	971
969	975
969	978
969	980
969	981
969	982
969	987
970	171
970	348
970	725
970	841
970	848
970	852
970	854
970	860
970	863
970	869
970	875
970	884
970	889
970	916
970	921
970	932
970	957
970	962
970	969
970	973
970	975
970	976
970	977
970	980
970	981
970	987
970	993
970	999
971	469
971	597
971	695
971	848
971	864
971	873
971	877
971	884
971	885
971	926
971	931
971	932
971	939
971	941
971	946
971	950
971	957
971	963
971	969
971	975
971	978
971	981
971	982
971	987
971	991
971	996
971	999
971	1000
972	107
972	145
972	706
972	845
972	867
972	868
972	872
972	887
972	888
972	892
972	894
972	898
972	899
972	901
972	904
972	917
972	930
972	941
972	947
972	955
972	956
972	964
972	967
972	973
972	974
972	978
972	984
972	995
973	141
973	414
973	564
973	847
973	850
973	855
973	864
973	871
973	894
973	898
973	900
973	902
973	906
973	908
973	913
973	934
973	941
973	943
973	963
973	967
973	970
973	972
973	977
973	981
973	984
973	985
973	995
973	998
973	999
974	318
974	555
974	681
974	847
974	855
974	856
974	867
974	871
974	872
974	894
974	898
974	899
974	900
974	906
974	907
974	923
974	924
974	930
974	937
974	963
974	967
974	972
974	975
974	984
974	987
974	991
974	992
974	994
974	995
974	998
975	80
975	126
975	625
975	848
975	860
975	862
975	863
975	869
975	888
975	910
975	912
975	919
975	921
975	931
975	950
975	958
975	959
975	961
975	964
975	966
975	968
975	969
975	970
975	971
975	974
975	980
975	982
975	983
975	988
975	993
975	996
976	258
976	354
976	629
976	842
976	844
976	896
976	910
976	921
976	924
976	926
976	936
976	945
976	946
976	948
976	949
976	952
976	954
976	958
976	960
976	962
976	966
976	968
976	970
976	977
976	985
976	987
976	991
976	993
976	994
976	997
976	1000
977	47
977	117
977	775
977	856
977	863
977	864
977	877
977	880
977	884
977	885
977	892
977	911
977	913
977	922
977	925
977	926
977	937
977	950
977	956
977	959
977	962
977	963
977	964
977	966
977	970
977	973
977	976
977	982
977	983
977	989
977	999
978	324
978	342
978	352
978	842
978	853
978	858
978	862
978	864
978	866
978	872
978	882
978	885
978	915
978	922
978	924
978	932
978	937
978	938
978	942
978	946
978	947
978	961
978	963
978	964
978	969
978	971
978	972
978	982
978	983
978	984
978	993
978	998
979	33
979	239
979	263
979	843
979	868
979	873
979	878
979	883
979	888
979	889
979	890
979	893
979	895
979	907
979	909
979	917
979	920
979	922
979	929
979	933
979	938
979	939
979	940
979	942
979	944
979	951
979	953
979	964
979	982
979	986
979	988
979	989
979	992
979	999
979	1000
980	77
980	238
980	423
980	467
980	846
980	848
980	852
980	853
980	864
980	869
980	892
980	901
980	905
980	923
980	925
980	931
980	940
980	942
980	947
980	949
980	951
980	957
980	959
980	961
980	963
980	964
980	968
980	969
980	970
980	975
980	981
980	982
980	983
980	987
980	995
981	180
981	579
981	765
981	853
981	860
981	863
981	872
981	875
981	911
981	912
981	913
981	914
981	916
981	926
981	939
981	944
981	946
981	947
981	949
981	950
981	951
981	957
981	959
981	964
981	965
981	969
981	970
981	971
981	973
981	980
981	982
981	983
981	988
981	990
981	993
981	995
982	196
982	533
982	636
982	841
982	843
982	846
982	849
982	851
982	855
982	860
982	869
982	877
982	881
982	902
982	912
982	915
982	923
982	926
982	931
982	937
982	940
982	946
982	948
982	953
982	956
982	963
982	964
982	969
982	971
982	975
982	977
982	978
982	979
982	980
982	981
982	993
983	483
983	490
983	833
983	841
983	856
983	872
983	880
983	885
983	890
983	899
983	904
983	905
983	911
983	912
983	913
983	915
983	931
983	937
983	940
983	946
983	947
983	957
983	958
983	959
983	963
983	975
983	977
983	978
983	980
983	981
983	984
983	986
983	993
983	994
983	995
983	996
984	127
984	187
984	442
984	577
984	845
984	847
984	850
984	855
984	860
984	882
984	887
984	897
984	898
984	900
984	901
984	904
984	906
984	927
984	930
984	934
984	935
984	936
984	962
984	963
984	967
984	972
984	973
984	974
984	978
984	983
984	986
984	990
984	994
984	995
984	996
984	998
985	340
985	478
985	571
985	619
985	849
985	850
985	851
985	853
985	858
985	862
985	870
985	876
985	877
985	890
985	910
985	917
985	921
985	925
985	929
985	931
985	936
985	949
985	952
985	956
985	958
985	960
985	965
985	973
985	976
985	988
985	990
985	991
985	992
985	994
985	996
985	997
985	1000
986	20
986	70
986	188
986	815
986	840
986	844
986	857
986	868
986	871
986	881
986	886
986	888
986	891
986	903
986	907
986	920
986	922
986	927
986	930
986	939
986	941
986	942
986	943
986	944
986	945
986	953
986	954
986	961
986	979
986	983
986	984
986	988
986	989
986	992
986	998
986	999
986	1000
987	159
987	385
987	700
987	832
987	840
987	851
987	857
987	865
987	892
987	893
987	910
987	917
987	918
987	925
987	929
987	931
987	933
987	935
987	938
987	948
987	954
987	956
987	958
987	960
987	962
987	965
987	969
987	970
987	971
987	974
987	976
987	980
987	990
987	993
987	994
987	996
987	1000
988	136
988	137
988	539
988	630
988	857
988	874
988	878
988	883
988	886
988	888
988	889
988	890
988	895
988	903
988	907
988	909
988	921
988	939
988	940
988	943
988	944
988	951
988	952
988	953
988	957
988	964
988	965
988	975
988	979
988	981
988	985
988	986
988	989
988	991
988	992
988	994
988	999
988	1000
989	144
989	145
989	190
989	607
989	840
989	842
989	849
989	854
989	857
989	861
989	867
989	868
989	875
989	881
989	883
989	890
989	891
989	895
989	898
989	903
989	907
989	920
989	926
989	933
989	936
989	939
989	944
989	951
989	953
989	977
989	979
989	986
989	988
989	990
989	991
989	992
989	999
989	1000
990	345
990	773
990	798
990	826
990	842
990	852
990	854
990	885
990	891
990	893
990	909
990	911
990	914
990	921
990	928
990	929
990	933
990	938
990	945
990	948
990	949
990	952
990	954
990	956
990	958
990	960
990	961
990	962
990	965
990	966
990	981
990	984
990	985
990	987
990	989
990	995
990	996
990	997
990	999
991	566
991	617
991	796
991	838
991	842
991	859
991	860
991	861
991	865
991	866
991	899
991	904
991	905
991	917
991	933
991	935
991	938
991	939
991	942
991	944
991	945
991	948
991	949
991	952
991	955
991	956
991	958
991	960
991	962
991	968
991	971
991	974
991	976
991	985
991	988
991	989
991	994
991	996
991	997
992	23
992	32
992	93
992	430
992	840
992	844
992	857
992	858
992	873
992	875
992	878
992	881
992	886
992	889
992	891
992	895
992	903
992	907
992	909
992	912
992	916
992	920
992	933
992	942
992	943
992	944
992	950
992	951
992	954
992	961
992	974
992	979
992	985
992	986
992	988
992	989
992	995
992	996
992	999
992	1000
993	191
993	332
993	801
993	827
993	846
993	852
993	864
993	877
993	878
993	879
993	880
993	881
993	885
993	901
993	911
993	913
993	915
993	916
993	919
993	926
993	929
993	932
993	933
993	937
993	938
993	940
993	946
993	951
993	955
993	957
993	961
993	962
993	964
993	966
993	970
993	975
993	976
993	978
993	981
993	982
993	983
993	987
994	65
994	384
994	544
994	585
994	842
994	846
994	849
994	854
994	866
994	873
994	876
994	877
994	900
994	905
994	918
994	925
994	927
994	929
994	933
994	934
994	936
994	943
994	945
994	948
994	952
994	953
994	954
994	955
994	960
994	962
994	965
994	966
994	968
994	974
994	976
994	983
994	984
994	985
994	987
994	988
994	991
994	996
994	997
995	172
995	305
995	366
995	621
995	845
995	846
995	850
995	855
995	856
995	867
995	879
995	882
995	887
995	894
995	897
995	899
995	900
995	901
995	902
995	906
995	908
995	914
995	917
995	923
995	924
995	927
995	935
995	936
995	941
995	952
995	963
995	967
995	972
995	973
995	974
995	980
995	981
995	983
995	984
995	990
995	992
995	998
995	999
996	141
996	346
996	356
996	728
996	849
996	851
996	855
996	859
996	865
996	873
996	882
996	893
996	894
996	910
996	914
996	917
996	925
996	931
996	933
996	935
996	938
996	944
996	945
996	947
996	949
996	954
996	956
996	958
996	962
996	966
996	968
996	971
996	975
996	983
996	984
996	985
996	987
996	990
996	991
996	992
996	994
996	999
996	1000
997	13
997	389
997	769
997	810
997	843
997	848
997	851
997	858
997	859
997	866
997	878
997	890
997	893
997	896
997	905
997	912
997	914
997	917
997	920
997	923
997	926
997	928
997	936
997	938
997	943
997	945
997	948
997	949
997	951
997	952
997	953
997	954
997	956
997	961
997	962
997	965
997	966
997	967
997	976
997	985
997	990
997	991
997	994
998	184
998	301
998	338
998	669
998	841
998	845
998	847
998	850
998	855
998	856
998	866
998	871
998	874
998	880
998	894
998	897
998	898
998	899
998	901
998	902
998	904
998	906
998	908
998	915
998	923
998	924
998	927
998	929
998	930
998	934
998	935
998	941
998	947
998	955
998	957
998	958
998	960
998	962
998	973
998	974
998	978
998	984
998	986
998	995
999	421
999	443
999	475
999	753
999	784
999	854
999	857
999	860
999	868
999	875
999	878
999	881
999	886
999	888
999	889
999	891
999	893
999	894
999	895
999	907
999	909
999	920
999	925
999	939
999	941
999	942
999	943
999	944
999	951
999	953
999	966
999	970
999	971
999	973
999	977
999	979
999	986
999	988
999	989
999	990
999	992
999	995
999	996
999	1000
1000	107
1000	170
1000	352
1000	576
1000	605
1000	840
1000	844
1000	854
1000	857
1000	861
1000	865
1000	868
1000	875
1000	881
1000	883
1000	886
1000	888
1000	889
1000	890
1000	891
1000	893
1000	895
1000	907
1000	909
1000	920
1000	924
1000	927
1000	928
1000	939
1000	942
1000	943
1000	944
1000	946
1000	951
1000	953
1000	955
1000	961
1000	965
1000	971
1000	976
1000	979
1000	985
1000	986
1000	987
1000	988
1000	989
1000	992
1000	996
1000	999
