1	56
1	66
1	110
1	128
1	150
1	175
1	179
1	180
1	617
1	947
2	73
2	111
2	123
2	124
2	145
2	157
2	163
2	178
2	747
2	971
3	117
3	121
3	130
3	132
3	141
3	165
3	174
3	177
3	414
3	477
4	34
4	57
4	78
4	138
4	166
4	173
4	181
4	184
4	475
4	925
5	30
5	122
5	124
5	145
5	147
5	174
5	177
5	184
5	421
5	752
6	81
6	125
6	131
6	134
6	136
6	153
6	160
6	178
6	451
6	871
7	77
7	126
7	131
7	157
7	172
7	178
7	179
7	183
7	323
7	776
8	18
8	75
8	151
8	155
8	160
8	167
8	181
8	184
8	655
8	911
9	89
9	103
9	113
9	139
9	141
9	150
9	175
9	179
9	970
9	975
10	17
10	64
10	75
10	106
10	128
10	137
10	163
10	165
10	221
10	758
11	56
11	64
11	80
11	108
11	111
11	123
11	174
11	177
11	459
11	844
12	37
12	79
12	104
12	117
12	161
12	162
12	176
12	179
12	452
12	633
13	27
13	49
13	105
13	126
13	139
13	158
13	171
13	176
13	946
13	993
14	26
14	109
14	123
14	164
14	165
14	169
14	174
14	177
14	324
14	344
15	78
15	113
15	170
15	173
15	181
15	182
15	183
15	184
15	232
15	337
16	24
16	46
16	96
16	105
16	149
16	152
16	167
16	172
16	291
16	615
17	10
17	81
17	115
17	148
17	169
17	173
17	182
17	184
17	646
17	937
18	8
18	102
18	119
18	152
18	171
18	178
18	180
18	183
18	344
18	913
19	105
19	135
19	146
19	151
19	159
19	170
19	173
19	182
19	764
19	902
20	60
20	106
20	111
20	123
20	132
20	147
20	175
20	177
20	331
20	815
21	52
21	57
21	81
21	149
21	159
21	171
21	181
21	182
21	624
21	970
22	24
22	36
22	74
22	107
22	123
22	129
22	139
22	158
22	304
22	971
23	33
23	65
23	66
23	99
23	112
23	133
23	151
23	166
23	176
23	470
23	989
24	16
24	22
24	47
24	49
24	93
24	109
24	110
24	166
24	168
24	982
24	986
25	59
25	60
25	65
25	68
25	74
25	86
25	97
25	154
25	175
25	467
25	650
26	14
26	61
26	73
26	80
26	106
26	109
26	148
26	150
26	165
26	253
26	755
27	13
27	84
27	108
27	144
27	150
27	166
27	169
27	175
27	180
27	889
27	961
28	81
28	98
28	111
28	121
28	122
28	124
28	145
28	150
28	165
28	338
28	836
29	65
29	125
29	137
29	140
29	149
29	161
29	171
29	180
29	183
29	420
29	668
30	5
30	57
30	119
30	131
30	138
30	142
30	167
30	170
30	182
30	512
30	966
31	91
31	93
31	133
31	139
31	154
31	160
31	162
31	175
31	179
31	256
31	892
32	69
32	82
32	138
32	159
32	164
32	170
32	176
32	182
32	902
32	969
33	23
33	85
33	144
33	146
33	151
33	159
33	164
33	181
33	182
33	687
33	995
34	4
34	53
34	80
34	128
34	163
34	165
34	174
34	177
34	227
34	359
34	597
35	68
35	73
35	124
35	144
35	152
35	157
35	160
35	161
35	178
35	333
35	642
36	22
36	62
36	90
36	107
36	135
36	153
36	168
36	179
36	184
36	329
36	751
37	12
37	69
37	80
37	88
37	93
37	101
37	153
37	166
37	171
37	179
37	469
37	612
38	60
38	130
38	140
38	160
38	169
38	171
38	172
38	180
38	183
38	440
38	560
38	962
39	95
39	131
39	134
39	135
39	136
39	149
39	171
39	175
39	180
39	183
39	340
39	751
40	80
40	103
40	113
40	121
40	127
40	137
40	147
40	163
40	174
40	268
40	630
40	794
41	98
41	106
41	123
41	128
41	132
41	137
41	159
41	162
41	177
41	385
41	472
42	78
42	115
42	142
42	150
42	151
42	160
42	164
42	170
42	182
42	354
42	559
42	788
43	72
43	73
43	89
43	148
43	170
43	173
43	175
43	177
43	181
43	184
43	688
43	763
44	61
44	63
44	85
44	97
44	106
44	117
44	123
44	163
44	174
44	693
44	709
44	997
45	57
45	70
45	81
45	98
45	119
45	142
45	148
45	159
45	167
45	182
45	471
45	619
46	16
46	104
46	108
46	111
46	134
46	140
46	156
46	168
46	172
46	180
46	538
46	546
47	24
47	62
47	101
47	150
47	162
47	172
47	176
47	179
47	184
47	728
47	907
47	1000
48	68
48	121
48	128
48	132
48	137
48	157
48	163
48	165
48	174
48	182
48	693
48	755
49	13
49	24
49	79
49	107
49	112
49	135
49	169
49	177
49	179
49	262
49	307
49	742
50	57
50	103
50	107
50	120
50	159
50	167
50	170
50	176
50	181
50	184
50	909
50	939
51	110
51	134
51	146
51	155
51	164
51	167
51	170
51	173
51	182
51	184
51	278
51	620
52	21
52	132
52	138
52	148
52	159
52	163
52	164
52	181
52	182
52	184
52	790
52	988
53	34
53	94
53	102
53	157
53	161
53	172
53	178
53	180
53	183
53	462
53	533
53	727
54	156
54	157
54	160
54	162
54	165
54	171
54	172
54	178
54	180
54	183
54	601
54	660
55	56
55	59
55	86
55	96
55	114
55	129
55	144
55	172
55	182
55	183
55	449
55	928
56	1
56	11
56	55
56	79
56	82
56	126
56	150
56	154
56	166
56	169
56	175
56	667
56	905
57	4
57	21
57	30
57	45
57	50
57	62
57	151
57	164
57	172
57	173
57	628
57	672
57	916
58	62
58	74
58	82
58	95
58	133
58	154
58	162
58	166
58	167
58	175
58	184
58	446
58	994
59	25
59	55
59	76
59	105
59	125
59	130
59	131
59	157
59	159
59	178
59	180
59	299
59	944
60	20
60	25
60	38
60	67
60	99
60	116
60	158
60	166
60	169
60	176
60	178
60	750
60	937
61	26
61	44
61	80
61	122
61	137
61	147
61	160
61	163
61	168
61	174
61	674
61	698
61	715
62	36
62	47
62	57
62	58
62	71
62	82
62	84
62	105
62	129
62	152
62	166
62	229
62	469
63	44
63	87
63	98
63	121
63	122
63	145
63	157
63	163
63	176
63	183
63	341
63	694
63	972
64	10
64	11
64	117
64	122
64	123
64	132
64	135
64	147
64	153
64	165
64	174
64	720
64	753
64	941
65	23
65	25
65	29
65	79
65	85
65	88
65	100
65	116
65	119
65	153
65	179
65	310
65	701
65	961
66	1
66	23
66	97
66	116
66	166
66	169
66	175
66	176
66	179
66	181
66	183
66	330
66	533
66	771
67	60
67	82
67	85
67	99
67	104
67	110
67	126
67	141
67	152
67	173
67	179
67	534
67	600
67	873
68	25
68	35
68	48
68	88
68	120
68	133
68	158
68	162
68	170
68	176
68	179
68	260
68	454
68	786
69	32
69	37
69	148
69	164
69	167
69	170
69	173
69	179
69	182
69	183
69	184
69	188
69	743
69	943
70	45
70	88
70	100
70	110
70	135
70	141
70	154
70	159
70	176
70	179
70	181
70	197
70	594
70	851
71	62
71	120
71	123
71	133
71	148
71	150
71	154
71	168
71	175
71	176
71	183
71	473
71	474
71	642
72	43
72	77
72	119
72	151
72	155
72	156
72	159
72	173
72	180
72	181
72	184
72	198
72	230
72	337
73	2
73	26
73	35
73	43
73	109
73	111
73	121
73	147
73	159
73	165
73	177
73	491
73	619
73	985
74	22
74	25
74	58
74	120
74	125
74	141
74	153
74	160
74	173
74	175
74	176
74	273
74	433
74	817
75	8
75	10
75	85
75	114
75	127
75	138
75	155
75	161
75	173
75	181
75	182
75	184
75	350
75	470
75	745
76	59
76	95
76	106
76	108
76	118
76	124
76	131
76	136
76	149
76	178
76	179
76	180
76	411
76	471
76	727
77	7
77	72
77	96
77	114
77	139
77	143
77	156
77	160
77	170
77	171
77	180
77	183
77	446
77	808
77	916
78	4
78	15
78	42
78	90
78	114
78	132
78	142
78	151
78	164
78	167
78	176
78	181
78	559
78	875
78	951
79	12
79	49
79	56
79	65
79	97
79	102
79	120
79	139
79	147
79	154
79	160
79	168
79	625
79	682
79	738
80	11
80	26
80	34
80	37
80	40
80	61
80	117
80	141
80	147
80	156
80	163
80	177
80	654
80	756
80	853
81	6
81	17
81	21
81	28
81	45
81	109
81	151
81	155
81	167
81	173
81	181
81	184
81	234
81	242
81	513
82	32
82	56
82	58
82	62
82	67
82	100
82	116
82	126
82	127
82	139
82	168
82	171
82	244
82	511
82	792
83	92
83	94
83	107
83	109
83	130
83	146
83	155
83	164
83	167
83	173
83	181
83	184
83	447
83	471
83	976
84	27
84	62
84	88
84	100
84	139
84	146
84	153
84	158
84	162
84	166
84	175
84	178
84	183
84	427
84	764
84	953
85	33
85	44
85	65
85	67
85	75
85	146
85	148
85	151
85	159
85	164
85	170
85	182
85	184
85	443
85	561
85	893
86	25
86	55
86	95
86	114
86	134
86	137
86	140
86	142
86	152
86	161
86	172
86	178
86	183
86	681
86	948
86	983
87	63
87	89
87	91
87	98
87	111
87	117
87	123
87	128
87	137
87	153
87	159
87	174
87	177
87	441
87	529
87	578
88	37
88	65
88	68
88	70
88	84
88	102
88	121
88	126
88	153
88	154
88	158
88	168
88	177
88	332
88	450
88	486
89	9
89	43
89	87
89	126
89	127
89	142
89	155
89	166
89	167
89	170
89	181
89	182
89	184
89	396
89	603
89	633
90	36
90	78
90	92
90	138
90	142
90	146
90	164
90	165
90	170
90	173
90	180
90	181
90	184
90	746
90	827
90	949
91	31
91	87
91	97
91	103
91	117
91	124
91	133
91	137
91	145
91	147
91	165
91	174
91	177
91	179
91	415
91	440
91	590
92	83
92	90
92	103
92	115
92	144
92	146
92	151
92	159
92	164
92	167
92	170
92	174
92	181
92	182
92	716
92	783
92	907
93	24
93	31
93	37
93	100
93	113
93	135
93	143
93	151
93	158
93	161
93	166
93	169
93	176
93	178
93	200
93	295
93	393
94	53
94	83
94	97
94	101
94	110
94	113
94	150
94	159
94	162
94	166
94	168
94	175
94	176
94	186
94	379
94	501
94	662
95	39
95	58
95	76
95	86
95	136
95	140
95	143
95	144
95	146
95	149
95	157
95	158
95	171
95	183
95	443
95	743
95	855
96	16
96	55
96	77
96	105
96	108
96	120
96	136
96	143
96	156
96	157
96	158
96	161
96	170
96	172
96	300
96	463
96	679
97	25
97	44
97	66
97	79
97	91
97	94
97	100
97	110
97	113
97	120
97	126
97	130
97	166
97	168
97	174
97	490
97	692
97	981
98	28
98	41
98	45
98	63
98	87
98	100
98	103
98	117
98	121
98	128
98	163
98	165
98	176
98	177
98	182
98	288
98	413
98	939
99	23
99	60
99	67
99	125
99	126
99	129
99	141
99	150
99	158
99	162
99	166
99	176
99	179
99	180
99	181
99	437
99	940
99	956
100	65
100	70
100	82
100	84
100	93
100	97
100	98
100	110
100	133
100	148
100	153
100	154
100	163
100	169
100	290
100	316
100	436
100	621
101	37
101	47
101	94
101	121
101	129
101	135
101	139
101	141
101	144
101	166
101	168
101	169
101	170
101	175
101	182
101	452
101	536
101	738
102	18
102	53
102	79
102	88
102	114
102	118
102	131
102	134
102	136
102	155
102	156
102	157
102	178
102	180
102	342
102	474
102	732
102	948
103	9
103	40
103	50
103	91
103	92
103	98
103	123
103	132
103	145
103	147
103	163
103	165
103	177
103	184
103	466
103	594
103	856
103	1000
104	12
104	46
104	67
104	110
104	123
104	126
104	149
104	150
104	153
104	155
104	158
104	168
104	169
104	179
104	286
104	471
104	759
104	992
105	13
105	16
105	19
105	59
105	62
105	96
105	108
105	136
105	143
105	157
105	160
105	172
105	178
105	180
105	181
105	208
105	512
105	989
106	10
106	20
106	26
106	41
106	44
106	76
106	109
106	110
106	137
106	138
106	145
106	163
106	173
106	174
106	177
106	279
106	573
106	785
106	918
107	22
107	36
107	49
107	50
107	83
107	115
107	148
107	151
107	154
107	159
107	164
107	167
107	173
107	182
107	184
107	502
107	605
107	767
107	999
108	11
108	27
108	46
108	76
108	96
108	105
108	134
108	140
108	149
108	160
108	171
108	172
108	178
108	181
108	183
108	334
108	704
108	876
108	953
109	14
109	24
109	26
109	73
109	81
109	83
109	106
109	111
109	117
109	128
109	132
109	157
109	163
109	174
109	177
109	460
109	618
109	752
109	889
110	1
110	24
110	51
110	67
110	70
110	94
110	97
110	100
110	104
110	106
110	148
110	153
110	165
110	169
110	176
110	189
110	330
110	614
110	986
111	2
111	11
111	20
111	28
111	46
111	73
111	87
111	109
111	121
111	124
111	136
111	163
111	172
111	174
111	177
111	179
111	495
111	569
111	894
112	23
112	49
112	125
112	129
112	134
112	141
112	150
112	153
112	162
112	165
112	168
112	169
112	176
112	179
112	184
112	319
112	540
112	684
112	969
113	9
113	15
113	40
113	93
113	94
113	97
113	139
113	147
113	150
113	152
113	154
113	158
113	162
113	169
113	175
113	176
113	284
113	449
113	466
113	732
114	55
114	75
114	77
114	78
114	86
114	102
114	117
114	131
114	140
114	143
114	154
114	156
114	157
114	171
114	180
114	183
114	260
114	325
114	711
114	762
115	17
115	42
115	92
115	107
115	118
115	119
115	127
115	145
115	148
115	150
115	155
115	166
115	170
115	173
115	182
115	184
115	399
115	516
115	656
115	991
116	60
116	65
116	66
116	82
116	117
116	129
116	133
116	135
116	140
116	142
116	154
116	158
116	168
116	169
116	170
116	176
116	347
116	434
116	580
116	800
117	3
117	12
117	44
117	64
117	80
117	87
117	91
117	98
117	109
117	114
117	116
117	145
117	163
117	164
117	165
117	177
117	643
117	673
117	829
117	885
118	76
118	102
118	115
118	143
118	144
118	149
118	152
118	153
118	156
118	160
118	161
118	168
118	171
118	175
118	178
118	180
118	277
118	717
118	762
118	763
119	18
119	30
119	45
119	65
119	72
119	115
119	126
119	127
119	142
119	146
119	148
119	155
119	164
119	173
119	180
119	181
119	182
119	324
119	722
119	906
119	998
120	50
120	68
120	71
120	74
120	79
120	96
120	97
120	139
120	153
120	158
120	162
120	168
120	169
120	175
120	177
120	179
120	180
120	371
120	462
120	727
120	841
121	3
121	28
121	40
121	48
121	63
121	73
121	88
121	98
121	101
121	111
121	145
121	161
121	163
121	165
121	173
121	174
121	177
121	329
121	475
121	620
121	950
122	5
122	28
122	61
122	63
122	64
122	124
122	128
122	130
122	132
122	137
122	138
122	142
122	145
122	147
122	176
122	177
122	179
122	237
122	337
122	925
122	962
123	2
123	11
123	14
123	20
123	22
123	41
123	44
123	64
123	71
123	87
123	103
123	104
123	124
123	132
123	163
123	174
123	178
123	258
123	363
123	575
123	729
124	2
124	5
124	28
124	35
124	76
124	91
124	111
124	122
124	123
124	128
124	132
124	137
124	141
124	165
124	174
124	177
124	184
124	339
124	436
124	607
124	868
125	6
125	29
125	59
125	74
125	99
125	112
125	130
125	131
125	156
125	157
125	160
125	161
125	169
125	171
125	172
125	180
125	183
125	398
125	877
125	973
125	983
126	7
126	13
126	56
126	67
126	82
126	88
126	89
126	97
126	99
126	104
126	119
126	141
126	148
126	166
126	169
126	179
126	181
126	332
126	506
126	651
126	935
127	40
127	75
127	82
127	89
127	115
127	119
127	138
127	146
127	148
127	164
127	167
127	170
127	174
127	179
127	181
127	182
127	257
127	438
127	724
127	762
127	996
128	1
128	10
128	34
128	41
128	48
128	87
128	98
128	109
128	122
128	124
128	132
128	141
128	144
128	147
128	174
128	177
128	179
128	471
128	678
128	695
128	980
129	22
129	55
129	62
129	99
129	101
129	112
129	116
129	133
129	139
129	150
129	153
129	154
129	155
129	164
129	165
129	168
129	176
129	177
129	428
129	640
129	834
129	989
130	3
130	38
130	59
130	83
130	97
130	122
130	125
130	136
130	149
130	152
130	156
130	161
130	171
130	172
130	178
130	180
130	183
130	276
130	423
130	652
130	896
130	898
131	6
131	7
131	30
131	39
131	59
131	76
131	102
131	114
131	125
131	133
131	140
131	149
131	157
131	161
131	168
131	171
131	182
131	183
131	554
131	647
131	716
131	939
132	3
132	20
132	41
132	48
132	52
132	64
132	78
132	103
132	109
132	122
132	123
132	124
132	128
132	133
132	137
132	147
132	165
132	168
132	174
132	401
132	760
132	852
132	966
133	23
133	31
133	58
133	68
133	71
133	91
133	100
133	116
133	129
133	131
133	132
133	139
133	153
133	156
133	158
133	162
133	168
133	169
133	179
133	359
133	471
133	534
133	755
134	6
134	39
134	46
134	51
134	86
134	102
134	108
134	112
134	136
134	144
134	147
134	149
134	160
134	161
134	162
134	175
134	178
134	180
134	183
134	548
134	703
134	997
134	998
135	19
135	36
135	39
135	49
135	64
135	70
135	93
135	101
135	116
135	141
135	142
135	150
135	154
135	158
135	162
135	175
135	179
135	181
135	335
135	461
135	526
135	740
135	804
136	6
136	39
136	76
136	95
136	96
136	102
136	105
136	111
136	130
136	134
136	152
136	156
136	160
136	171
136	174
136	175
136	177
136	178
136	183
136	327
136	461
136	731
136	767
136	978
137	10
137	29
137	40
137	41
137	48
137	61
137	86
137	87
137	91
137	106
137	122
137	124
137	132
137	145
137	146
137	153
137	154
137	174
137	177
137	347
137	675
137	705
137	752
137	958
138	4
138	30
138	32
138	52
138	75
138	90
138	106
138	122
138	127
138	142
138	145
138	150
138	151
138	159
138	167
138	170
138	178
138	181
138	184
138	323
138	329
138	722
138	848
138	947
139	9
139	13
139	22
139	31
139	77
139	79
139	82
139	84
139	101
139	113
139	120
139	129
139	133
139	143
139	144
139	152
139	166
139	167
139	168
139	175
139	319
139	672
139	680
139	812
139	942
140	29
140	38
140	46
140	86
140	95
140	108
140	114
140	116
140	131
140	145
140	160
140	161
140	162
140	168
140	171
140	172
140	173
140	178
140	180
140	183
140	254
140	459
140	524
140	570
140	750
141	3
141	9
141	67
141	70
141	74
141	80
141	99
141	101
141	112
141	124
141	126
141	128
141	135
141	154
141	162
141	166
141	169
141	172
141	176
141	179
141	461
141	741
141	841
141	873
141	901
142	30
142	42
142	45
142	78
142	86
142	89
142	90
142	116
142	119
142	122
142	135
142	138
142	148
142	155
142	156
142	167
142	170
142	173
142	181
142	182
142	184
142	457
142	606
142	742
142	764
142	960
143	77
143	93
143	95
143	96
143	105
143	114
143	118
143	139
143	144
143	148
143	149
143	152
143	154
143	156
143	157
143	161
143	171
143	172
143	180
143	182
143	183
143	572
143	652
143	683
143	739
143	753
144	27
144	33
144	35
144	55
144	92
144	95
144	101
144	118
144	128
144	134
144	139
144	143
144	149
144	152
144	156
144	157
144	161
144	172
144	178
144	180
144	183
144	474
144	655
144	736
144	780
144	847
144	997
145	2
145	5
145	28
145	63
145	91
145	103
145	106
145	115
145	117
145	121
145	122
145	137
145	138
145	140
145	147
145	163
145	164
145	165
145	166
145	174
145	177
145	286
145	315
145	641
145	725
145	734
145	768
146	19
146	33
146	51
146	83
146	84
146	85
146	90
146	92
146	95
146	119
146	127
146	137
146	155
146	159
146	163
146	164
146	170
146	173
146	180
146	181
146	182
146	184
146	185
146	246
146	276
146	305
146	398
147	5
147	20
147	40
147	61
147	64
147	73
147	79
147	80
147	91
147	103
147	113
147	122
147	128
147	132
147	134
147	145
147	149
147	160
147	161
147	165
147	174
147	177
147	265
147	696
147	715
147	926
147	930
148	17
148	26
148	43
148	45
148	52
148	69
148	71
148	85
148	100
148	107
148	110
148	115
148	119
148	126
148	127
148	142
148	143
148	155
148	167
148	170
148	173
148	181
148	184
148	233
148	378
148	488
148	706
148	756
149	16
149	21
149	29
149	39
149	76
149	95
149	104
149	108
149	118
149	130
149	131
149	134
149	143
149	144
149	147
149	156
149	157
149	162
149	165
149	172
149	178
149	180
149	183
149	218
149	326
149	454
149	455
149	710
149	929
150	1
150	9
150	26
150	27
150	28
150	42
150	47
150	56
150	71
150	94
150	99
150	104
150	112
150	113
150	115
150	129
150	135
150	138
150	158
150	162
150	172
150	175
150	176
150	390
150	473
150	756
150	858
150	862
150	934
151	8
151	19
151	23
151	33
151	42
151	57
151	72
151	78
151	81
151	85
151	92
151	93
151	107
151	138
151	155
151	157
151	159
151	167
151	170
151	171
151	173
151	178
151	184
151	325
151	382
151	411
151	508
151	681
151	828
152	16
152	18
152	35
152	62
152	67
152	86
152	113
152	118
152	130
152	136
152	139
152	143
152	144
152	156
152	157
152	160
152	161
152	163
152	169
152	171
152	172
152	178
152	180
152	183
152	202
152	338
152	484
152	530
152	923
152	953
153	6
153	36
153	37
153	64
153	65
153	74
153	84
153	87
153	88
153	100
153	104
153	110
153	112
153	118
153	120
153	129
153	133
153	137
153	162
153	168
153	169
153	170
153	175
153	176
153	179
153	418
153	525
153	550
153	881
153	981
153	989
154	25
154	31
154	56
154	58
154	70
154	71
154	79
154	88
154	100
154	107
154	113
154	114
154	116
154	129
154	135
154	137
154	141
154	143
154	168
154	169
154	172
154	175
154	176
154	182
154	324
154	432
154	599
154	684
154	813
154	863
154	960
155	8
155	51
155	72
155	75
155	81
155	83
155	89
155	102
155	104
155	115
155	119
155	129
155	142
155	146
155	148
155	151
155	159
155	164
155	168
155	170
155	173
155	176
155	181
155	183
155	184
155	245
155	354
155	643
155	938
155	962
155	990
156	46
156	54
156	72
156	77
156	80
156	96
156	102
156	114
156	118
156	125
156	130
156	133
156	136
156	142
156	143
156	144
156	149
156	152
156	158
156	170
156	171
156	172
156	178
156	180
156	183
156	362
156	703
156	765
156	840
156	928
156	982
157	2
157	7
157	35
157	48
157	53
157	54
157	59
157	63
157	95
157	96
157	102
157	105
157	109
157	114
157	125
157	131
157	143
157	144
157	149
157	151
157	152
157	171
157	175
157	180
157	183
157	190
157	618
157	630
157	728
157	928
157	962
157	984
158	13
158	22
158	60
158	68
158	84
158	88
158	93
158	95
158	96
158	99
158	104
158	113
158	116
158	120
158	133
158	135
158	150
158	156
158	162
158	168
158	169
158	172
158	175
158	177
158	178
158	179
158	183
158	344
158	657
158	660
158	936
158	963
158	977
159	19
159	21
159	32
159	33
159	41
159	45
159	50
159	52
159	59
159	70
159	72
159	73
159	85
159	87
159	92
159	94
159	107
159	138
159	146
159	151
159	155
159	164
159	173
159	181
159	182
159	184
159	236
159	272
159	418
159	504
159	718
159	750
159	994
160	6
160	8
160	31
160	35
160	38
160	42
160	54
160	61
160	74
160	77
160	79
160	105
160	108
160	118
160	125
160	134
160	136
160	140
160	147
160	152
160	161
160	171
160	172
160	178
160	180
160	183
160	220
160	451
160	581
160	689
160	718
160	738
160	935
161	12
161	29
161	35
161	53
161	75
161	86
161	93
161	96
161	118
161	121
161	125
161	130
161	131
161	134
161	140
161	143
161	144
161	147
161	152
161	160
161	170
161	171
161	172
161	178
161	180
161	181
161	183
161	523
161	716
161	772
161	904
161	941
161	980
161	988
162	12
162	31
162	41
162	47
162	54
162	58
162	68
162	84
162	94
162	99
162	112
162	113
162	120
162	133
162	134
162	135
162	140
162	141
162	149
162	150
162	153
162	158
162	168
162	175
162	179
162	182
162	184
162	221
162	467
162	472
162	691
162	878
162	964
162	999
163	2
163	10
163	34
163	40
163	44
163	48
163	52
163	61
163	63
163	80
163	98
163	100
163	103
163	106
163	109
163	111
163	117
163	121
163	123
163	145
163	146
163	152
163	165
163	166
163	169
163	174
163	177
163	184
163	298
163	333
163	529
163	920
163	924
163	993
163	994
164	14
164	32
164	33
164	42
164	51
164	52
164	57
164	69
164	78
164	83
164	85
164	90
164	92
164	107
164	117
164	119
164	127
164	129
164	145
164	146
164	155
164	159
164	167
164	168
164	169
164	173
164	176
164	182
164	184
164	474
164	506
164	689
164	807
164	986
164	987
164	993
165	3
165	10
165	14
165	26
165	28
165	34
165	48
165	54
165	64
165	73
165	90
165	91
165	98
165	103
165	110
165	112
165	117
165	121
165	124
165	129
165	132
165	145
165	147
165	149
165	163
165	174
165	175
165	177
165	579
165	761
165	765
165	782
165	880
165	899
165	916
165	956
166	4
166	23
166	24
166	27
166	37
166	56
166	58
166	60
166	62
166	66
166	84
166	89
166	93
166	94
166	97
166	99
166	101
166	115
166	126
166	139
166	141
166	145
166	163
166	167
166	168
166	171
166	175
166	176
166	179
166	269
166	312
166	470
166	578
166	585
166	617
166	713
166	718
167	8
167	16
167	30
167	45
167	50
167	51
167	58
167	69
167	78
167	81
167	83
167	89
167	92
167	107
167	127
167	138
167	139
167	142
167	148
167	151
167	164
167	166
167	170
167	173
167	174
167	178
167	180
167	181
167	182
167	184
167	207
167	315
167	406
167	453
167	497
167	678
167	832
167	926
168	24
168	36
168	46
168	61
168	71
168	79
168	82
168	88
168	94
168	97
168	101
168	104
168	112
168	116
168	118
168	120
168	129
168	131
168	132
168	133
168	139
168	140
168	153
168	154
168	155
168	158
168	162
168	164
168	166
168	169
168	175
168	203
168	294
168	327
168	337
168	762
168	903
168	934
168	957
169	14
169	17
169	27
169	38
169	49
169	56
169	60
169	66
169	93
169	100
169	101
169	104
169	110
169	112
169	113
169	116
169	120
169	125
169	126
169	133
169	141
169	152
169	153
169	154
169	158
169	163
169	164
169	168
169	176
169	179
169	180
169	303
169	343
169	547
169	788
169	793
169	846
169	993
169	999
170	15
170	19
170	30
170	32
170	42
170	43
170	50
170	51
170	68
170	69
170	77
170	85
170	89
170	90
170	92
170	96
170	101
170	115
170	116
170	127
170	138
170	142
170	146
170	148
170	151
170	153
170	155
170	156
170	161
170	167
170	173
170	182
170	295
170	626
170	705
170	728
170	783
170	826
170	859
170	978
171	13
171	18
171	21
171	29
171	37
171	38
171	39
171	54
171	77
171	82
171	95
171	108
171	114
171	118
171	125
171	130
171	131
171	136
171	140
171	143
171	151
171	152
171	156
171	157
171	160
171	161
171	166
171	172
171	173
171	174
171	178
171	183
171	267
171	297
171	309
171	392
171	427
171	922
171	924
171	957
172	7
172	16
172	38
172	46
172	47
172	53
172	54
172	55
172	57
172	86
172	96
172	105
172	108
172	111
172	125
172	130
172	140
172	141
172	143
172	144
172	149
172	150
172	152
172	154
172	156
172	158
172	160
172	161
172	171
172	173
172	174
172	178
172	180
172	183
172	319
172	349
172	553
172	562
172	598
172	634
172	688
172	886
172	943
173	4
173	15
173	17
173	19
173	43
173	51
173	57
173	67
173	69
173	72
173	74
173	75
173	81
173	83
173	90
173	106
173	107
173	115
173	119
173	121
173	140
173	142
173	146
173	148
173	151
173	155
173	159
173	164
173	167
173	170
173	171
173	172
173	174
173	181
173	184
173	214
173	343
173	344
173	368
173	423
173	455
173	553
173	865
174	3
174	5
174	11
174	14
174	34
174	40
174	44
174	48
174	61
174	64
174	87
174	91
174	92
174	97
174	106
174	109
174	111
174	121
174	123
174	124
174	127
174	128
174	132
174	136
174	137
174	145
174	147
174	163
174	165
174	167
174	171
174	172
174	173
174	177
174	181
174	200
174	416
174	439
174	458
174	538
174	713
174	773
174	910
174	948
175	1
175	9
175	20
175	25
175	27
175	31
175	39
175	43
175	56
175	58
175	66
175	71
175	74
175	84
175	94
175	101
175	113
175	118
175	120
175	134
175	135
175	136
175	139
175	150
175	153
175	154
175	157
175	158
175	162
175	165
175	166
175	168
175	176
175	179
175	183
175	219
175	420
175	465
175	692
175	732
175	751
175	831
175	946
175	997
176	12
176	13
176	23
176	32
176	47
176	50
176	60
176	63
176	66
176	68
176	70
176	71
176	74
176	78
176	93
176	94
176	98
176	99
176	110
176	112
176	113
176	116
176	122
176	129
176	141
176	150
176	153
176	154
176	155
176	164
176	166
176	169
176	175
176	179
176	182
176	311
176	324
176	456
176	459
176	492
176	577
176	696
176	926
176	930
177	3
177	5
177	11
177	14
177	20
177	34
177	41
177	43
177	49
177	73
177	80
177	87
177	88
177	91
177	98
177	103
177	106
177	109
177	111
177	117
177	120
177	121
177	122
177	124
177	128
177	129
177	136
177	137
177	145
177	147
177	158
177	163
177	165
177	174
177	184
177	317
177	326
177	393
177	474
177	543
177	592
177	746
177	756
177	762
178	2
178	6
178	7
178	18
178	35
178	53
178	54
178	59
178	60
178	76
178	84
178	86
178	93
178	102
178	105
178	108
178	118
178	123
178	130
178	134
178	136
178	138
178	140
178	144
178	149
178	151
178	152
178	156
178	158
178	160
178	161
178	167
178	171
178	172
178	180
178	183
178	188
178	259
178	520
178	696
178	701
178	717
178	728
178	868
178	986
179	1
179	7
179	9
179	12
179	31
179	36
179	37
179	47
179	49
179	65
179	66
179	67
179	68
179	69
179	70
179	76
179	91
179	99
179	104
179	111
179	112
179	120
179	122
179	126
179	127
179	128
179	133
179	135
179	141
179	153
179	158
179	162
179	166
179	169
179	175
179	176
179	181
179	336
179	373
179	389
179	441
179	447
179	537
179	593
179	744
179	850
179	972
180	1
180	18
180	27
180	29
180	38
180	39
180	46
180	53
180	54
180	59
180	72
180	76
180	77
180	90
180	99
180	102
180	105
180	114
180	118
180	119
180	120
180	125
180	130
180	134
180	140
180	143
180	144
180	146
180	149
180	152
180	156
180	157
180	160
180	161
180	167
180	169
180	172
180	178
180	301
180	321
180	352
180	387
180	482
180	633
180	754
180	879
180	996
181	4
181	8
181	15
181	21
181	33
181	43
181	50
181	52
181	66
181	70
181	72
181	75
181	78
181	81
181	83
181	89
181	90
181	92
181	99
181	105
181	108
181	119
181	126
181	127
181	135
181	138
181	142
181	146
181	148
181	155
181	159
181	161
181	167
181	173
181	174
181	179
181	182
181	184
181	293
181	379
181	423
181	510
181	624
181	737
181	757
181	949
181	955
182	15
182	17
182	19
182	21
182	30
182	32
182	33
182	42
182	45
182	48
182	51
182	52
182	55
182	69
182	75
182	85
182	89
182	92
182	98
182	101
182	107
182	115
182	119
182	127
182	131
182	142
182	143
182	146
182	154
182	159
182	162
182	164
182	167
182	170
182	176
182	181
182	183
182	184
182	308
182	440
182	480
182	725
182	761
182	915
182	929
182	932
182	980
183	7
183	15
183	18
183	29
183	38
183	39
183	53
183	54
183	55
183	63
183	66
183	69
183	71
183	77
183	84
183	86
183	95
183	108
183	114
183	125
183	130
183	131
183	134
183	136
183	140
183	143
183	144
183	149
183	152
183	155
183	156
183	157
183	158
183	160
183	161
183	171
183	172
183	175
183	178
183	182
183	366
183	648
183	660
183	746
183	752
183	856
183	857
183	904
183	959
184	4
184	5
184	8
184	15
184	17
184	36
184	43
184	47
184	50
184	51
184	52
184	58
184	69
184	72
184	75
184	81
184	83
184	85
184	89
184	90
184	103
184	107
184	112
184	115
184	124
184	138
184	142
184	146
184	148
184	151
184	155
184	159
184	162
184	163
184	164
184	167
184	173
184	177
184	181
184	182
184	329
184	424
184	464
184	496
184	514
184	544
184	646
184	803
184	899
185	146
185	255
185	262
185	300
185	317
185	318
185	321
185	333
185	345
185	835
186	94
186	255
186	265
186	275
186	311
186	313
186	314
186	335
186	342
186	936
187	262
187	270
187	305
187	307
187	322
187	323
187	332
187	333
187	592
187	991
188	69
188	178
188	233
188	236
188	243
188	289
188	310
188	320
188	322
188	328
189	110
189	239
189	242
189	263
189	281
189	303
189	305
189	333
189	335
189	938
190	157
190	207
190	219
190	299
190	306
190	321
190	331
190	333
190	345
190	476
191	216
191	237
191	257
191	260
191	318
191	321
191	333
191	345
191	596
191	709
192	209
192	214
192	247
192	276
192	295
192	311
192	326
192	337
192	669
192	974
193	250
193	280
193	309
193	318
193	330
193	331
193	342
193	344
193	697
193	793
194	311
194	321
194	327
194	329
194	336
194	337
194	339
194	345
194	699
194	865
195	223
195	238
195	271
195	288
195	297
195	315
195	342
195	344
195	557
195	687
196	209
196	243
196	310
196	312
196	315
196	332
196	334
196	343
196	477
196	852
197	70
197	291
197	314
197	325
197	327
197	328
197	329
197	331
197	345
197	867
198	72
198	225
198	272
198	298
198	309
198	316
198	322
198	341
198	344
198	709
199	213
199	252
199	262
199	277
199	283
199	298
199	325
199	345
199	348
199	845
200	93
200	174
200	206
200	234
200	254
200	270
200	307
200	337
200	338
200	340
201	280
201	290
201	294
201	312
201	317
201	322
201	342
201	344
201	477
201	878
202	152
202	212
202	214
202	275
202	285
202	303
202	314
202	330
202	335
202	890
203	168
203	207
203	253
203	285
203	303
203	305
203	313
203	326
203	335
203	733
204	206
204	256
204	272
204	326
204	330
204	337
204	338
204	343
204	456
204	717
205	224
205	263
205	264
205	278
205	305
205	319
205	335
205	345
205	438
205	443
206	200
206	204
206	250
206	283
206	310
206	312
206	326
206	343
206	608
206	730
206	990
207	167
207	190
207	203
207	221
207	242
207	246
207	305
207	313
207	319
207	335
207	755
208	105
208	278
208	285
208	303
208	306
208	311
208	313
208	319
208	322
208	667
209	192
209	196
209	260
209	302
209	306
209	320
209	327
209	336
209	338
209	392
209	548
210	230
210	284
210	288
210	293
210	308
210	309
210	340
210	341
210	344
210	446
210	723
211	242
211	265
211	267
211	275
211	285
211	314
211	319
211	335
211	345
211	587
211	764
212	202
212	231
212	242
212	275
212	276
212	285
212	311
212	324
212	335
212	555
212	759
213	199
213	215
213	281
213	292
213	300
213	313
213	319
213	331
213	345
213	888
213	964
214	173
214	192
214	202
214	233
214	247
214	250
214	279
214	322
214	332
214	336
214	571
215	213
215	229
215	264
215	296
215	325
215	327
215	329
215	342
215	760
215	925
215	993
216	191
216	271
216	284
216	291
216	309
216	318
216	323
216	341
216	342
216	344
216	622
216	997
217	264
217	278
217	292
217	320
217	321
217	322
217	327
217	328
217	329
217	333
217	649
217	715
218	149
218	258
218	269
218	272
218	276
218	304
218	307
218	326
218	332
218	336
218	343
218	585
219	175
219	190
219	248
219	255
219	260
219	265
219	281
219	298
219	301
219	327
219	339
219	916
220	160
220	228
220	240
220	248
220	257
220	274
220	283
220	288
220	339
220	345
220	367
220	890
221	10
221	162
221	207
221	228
221	231
221	235
221	275
221	278
221	282
221	314
221	319
221	462
222	229
222	279
222	282
222	299
222	304
222	310
222	323
222	327
222	338
222	340
222	492
222	671
223	195
223	272
223	286
223	297
223	307
223	332
223	336
223	340
223	343
223	734
223	976
223	994
224	205
224	239
224	265
224	278
224	303
224	311
224	319
224	335
224	341
224	343
224	516
224	817
225	198
225	253
225	315
225	316
225	325
225	326
225	341
225	342
225	344
225	558
225	665
225	931
226	254
226	257
226	265
226	268
226	287
226	301
226	310
226	324
226	326
226	334
226	611
226	745
227	34
227	243
227	261
227	271
227	274
227	287
227	301
227	304
227	320
227	324
227	326
227	434
228	220
228	221
228	232
228	239
228	276
228	303
228	305
228	313
228	319
228	335
228	465
228	708
229	62
229	215
229	222
229	233
229	245
229	272
229	277
229	282
229	323
229	324
229	334
229	345
229	979
230	72
230	210
230	241
230	279
230	294
230	295
230	301
230	309
230	328
230	334
230	336
230	338
230	494
231	212
231	221
231	264
231	265
231	270
231	303
231	305
231	319
231	334
231	335
231	415
231	586
231	734
232	15
232	228
232	256
232	262
232	274
232	276
232	303
232	324
232	332
232	336
232	340
232	714
232	927
233	148
233	188
233	214
233	229
233	241
233	269
233	274
233	285
233	323
233	326
233	338
233	619
233	721
234	81
234	200
234	249
234	258
234	269
234	316
234	317
234	327
234	333
234	339
234	345
234	710
234	754
235	221
235	238
235	262
235	283
235	291
235	308
235	312
235	318
235	330
235	342
235	344
235	820
235	864
236	159
236	188
236	238
236	243
236	275
236	287
236	289
236	305
236	323
236	326
236	332
236	334
236	748
237	122
237	191
237	295
237	299
237	307
237	317
237	321
237	327
237	331
237	337
237	340
237	453
237	621
238	195
238	235
238	236
238	284
238	297
238	306
238	308
238	316
238	322
238	342
238	343
238	483
238	658
239	189
239	224
239	228
239	295
239	303
239	305
239	311
239	313
239	316
239	319
239	329
239	473
239	837
240	220
240	263
240	321
240	325
240	331
240	333
240	337
240	338
240	339
240	345
240	677
240	690
240	862
241	230
241	233
241	248
241	254
241	280
241	295
241	307
241	332
241	336
241	341
241	431
241	448
241	470
242	81
242	189
242	207
242	211
242	212
242	254
242	287
242	303
242	319
242	325
242	335
242	724
242	986
243	188
243	196
243	227
243	236
243	262
243	272
243	308
243	310
243	319
243	336
243	509
243	628
243	858
244	82
244	263
244	278
244	285
244	303
244	305
244	311
244	312
244	313
244	314
244	320
244	338
244	387
245	155
245	229
245	274
245	279
245	320
245	321
245	324
245	326
245	334
245	337
245	340
245	343
245	409
246	146
246	207
246	264
246	281
246	292
246	299
246	317
246	323
246	325
246	328
246	345
246	735
246	917
247	192
247	214
247	263
247	275
247	276
247	283
247	320
247	324
247	340
247	343
247	457
247	589
247	710
248	219
248	220
248	241
248	249
248	279
248	280
248	300
248	325
248	328
248	331
248	337
248	444
248	610
248	756
249	234
249	248
249	255
249	289
249	296
249	298
249	310
249	321
249	332
249	333
249	345
249	554
249	572
249	689
250	193
250	206
250	214
250	270
250	276
250	279
250	287
250	297
250	301
250	312
250	335
250	541
250	710
250	739
251	261
251	273
251	289
251	306
251	310
251	317
251	322
251	330
251	341
251	342
251	344
251	537
251	569
251	909
252	199
252	264
252	274
252	281
252	283
252	286
252	325
252	333
252	337
252	339
252	342
252	345
252	598
252	704
253	26
253	203
253	225
253	254
253	289
253	302
253	320
253	324
253	326
253	330
253	340
253	343
253	507
253	774
254	140
254	200
254	226
254	241
254	242
254	253
254	289
254	315
254	320
254	329
254	334
254	338
254	779
254	964
255	185
255	186
255	219
255	249
255	292
255	300
255	324
255	325
255	333
255	337
255	345
255	405
255	719
255	735
256	31
256	204
256	232
256	273
256	294
256	302
256	317
256	323
256	330
256	338
256	340
256	343
256	632
256	881
257	127
257	191
257	220
257	226
257	315
257	321
257	323
257	328
257	329
257	331
257	337
257	339
257	395
257	606
258	123
258	218
258	234
258	269
258	298
258	307
258	327
258	328
258	331
258	333
258	337
258	339
258	342
258	452
258	676
259	178
259	267
259	271
259	273
259	280
259	300
259	306
259	309
259	321
259	340
259	341
259	342
259	344
259	524
259	607
260	68
260	114
260	191
260	209
260	219
260	269
260	283
260	297
260	317
260	329
260	333
260	335
260	337
260	345
260	954
261	227
261	251
261	271
261	276
261	277
261	286
261	290
261	307
261	322
261	341
261	342
261	344
261	487
261	658
261	667
262	49
262	185
262	187
262	199
262	232
262	235
262	243
262	274
262	297
262	304
262	324
262	332
262	343
262	690
262	756
263	189
263	205
263	240
263	244
263	247
263	303
263	305
263	313
263	314
263	319
263	326
263	335
263	638
263	741
263	955
264	205
264	215
264	217
264	231
264	246
264	252
264	281
264	296
264	299
264	308
264	328
264	331
264	705
264	730
264	950
265	147
265	186
265	211
265	219
265	224
265	226
265	231
265	275
265	303
265	313
265	314
265	335
265	343
265	377
265	742
266	291
266	293
266	304
266	308
266	312
266	315
266	316
266	318
266	329
266	339
266	342
266	344
266	737
266	969
266	995
267	171
267	211
267	259
267	277
267	286
267	288
267	291
267	298
267	309
267	315
267	322
267	336
267	341
267	342
267	465
267	906
268	40
268	226
268	271
268	290
268	293
268	302
268	308
268	312
268	315
268	330
268	337
268	341
268	342
268	344
268	420
268	765
269	166
269	218
269	233
269	234
269	258
269	260
269	303
269	325
269	327
269	328
269	329
269	337
269	339
269	480
269	557
269	844
270	187
270	200
270	231
270	250
270	271
270	302
270	320
270	322
270	326
270	334
270	336
270	337
270	340
270	795
270	915
270	936
271	195
271	216
271	227
271	259
271	261
271	268
271	270
271	277
271	291
271	301
271	308
271	322
271	344
271	407
271	575
271	754
271	922
272	159
272	198
272	204
272	218
272	223
272	229
272	243
272	284
272	301
272	324
272	332
272	334
272	338
272	343
272	345
272	932
272	955
273	74
273	251
273	256
273	259
273	280
273	287
273	295
273	316
273	318
273	322
273	330
273	341
273	342
273	344
273	475
273	680
273	688
274	220
274	227
274	232
274	233
274	245
274	252
274	262
274	287
274	294
274	297
274	307
274	311
274	336
274	343
274	346
274	683
274	760
275	186
275	202
275	211
275	212
275	221
275	236
275	247
275	265
275	279
275	285
275	305
275	311
275	317
275	335
275	706
275	754
275	986
276	130
276	146
276	192
276	212
276	218
276	228
276	232
276	247
276	250
276	261
276	288
276	302
276	307
276	338
276	340
276	343
276	877
277	118
277	199
277	229
277	261
277	267
277	271
277	280
277	282
277	286
277	290
277	309
277	315
277	333
277	342
277	344
277	802
277	812
278	51
278	205
278	208
278	217
278	221
278	224
278	244
278	285
278	292
278	311
278	313
278	314
278	324
278	335
278	344
278	393
278	463
278	941
279	106
279	214
279	222
279	230
279	245
279	248
279	250
279	275
279	282
279	287
279	294
279	304
279	305
279	315
279	323
279	336
279	439
279	614
280	193
280	201
280	241
280	248
280	259
280	273
280	277
280	301
280	306
280	310
280	315
280	330
280	341
280	342
280	376
280	753
280	886
280	960
281	189
281	213
281	219
281	246
281	252
281	264
281	317
281	321
281	323
281	329
281	331
281	337
281	339
281	340
281	344
281	460
281	473
281	706
282	221
282	222
282	229
282	277
282	279
282	294
282	295
282	320
282	323
282	324
282	331
282	334
282	335
282	338
282	343
282	718
282	956
282	983
283	199
283	206
283	220
283	235
283	247
283	252
283	260
283	292
283	296
283	317
283	332
283	333
283	339
283	345
283	644
283	695
283	750
283	900
284	113
284	210
284	216
284	238
284	272
284	291
284	293
284	294
284	306
284	318
284	329
284	336
284	341
284	342
284	344
284	400
284	664
284	997
285	202
285	203
285	208
285	211
285	212
285	233
285	244
285	275
285	278
285	290
285	292
285	311
285	314
285	319
285	335
285	417
285	445
285	762
286	104
286	145
286	223
286	252
286	261
286	267
286	277
286	290
286	298
286	306
286	308
286	313
286	322
286	330
286	342
286	344
286	402
286	468
287	226
287	227
287	236
287	242
287	250
287	273
287	274
287	279
287	323
287	327
287	332
287	334
287	340
287	343
287	484
287	666
287	912
287	988
288	98
288	195
288	210
288	220
288	267
288	276
288	308
288	309
288	315
288	316
288	318
288	322
288	330
288	341
288	343
288	689
288	747
288	846
289	188
289	236
289	249
289	251
289	253
289	254
289	295
289	304
289	307
289	310
289	323
289	332
289	333
289	334
289	344
289	739
289	866
289	967
289	992
290	100
290	201
290	261
290	268
290	277
290	285
290	286
290	293
290	312
290	315
290	322
290	330
290	332
290	340
290	342
290	344
290	598
290	958
290	998
291	16
291	197
291	216
291	235
291	266
291	267
291	271
291	284
291	302
291	309
291	312
291	318
291	322
291	330
291	336
291	339
291	341
291	357
291	900
292	213
292	217
292	246
292	255
292	278
292	283
292	285
292	298
292	320
292	327
292	328
292	329
292	330
292	339
292	345
292	777
292	899
292	902
292	986
293	181
293	210
293	266
293	268
293	284
293	290
293	308
293	311
293	315
293	316
293	318
293	320
293	335
293	337
293	342
293	344
293	388
293	605
293	647
294	168
294	201
294	230
294	256
294	274
294	279
294	282
294	284
294	303
294	304
294	320
294	323
294	329
294	334
294	336
294	338
294	343
294	412
294	448
294	558
295	93
295	170
295	192
295	230
295	237
295	239
295	241
295	273
295	282
295	289
295	297
295	301
295	310
295	334
295	336
295	338
295	340
295	345
295	452
295	659
296	215
296	249
296	264
296	283
296	299
296	313
296	317
296	321
296	326
296	327
296	328
296	337
296	338
296	339
296	344
296	345
296	602
296	659
296	954
296	991
297	171
297	195
297	223
297	238
297	250
297	260
297	262
297	274
297	295
297	301
297	304
297	316
297	320
297	323
297	334
297	338
297	340
297	343
297	541
297	624
297	668
298	163
298	198
298	199
298	219
298	249
298	258
298	267
298	286
298	292
298	299
298	300
298	304
298	317
298	325
298	329
298	333
298	337
298	344
298	668
298	756
298	760
299	59
299	190
299	222
299	237
299	246
299	264
299	296
299	298
299	308
299	309
299	317
299	327
299	329
299	332
299	333
299	339
299	345
299	690
299	743
299	823
299	994
300	96
300	185
300	213
300	248
300	255
300	259
300	298
300	317
300	325
300	327
300	328
300	331
300	333
300	334
300	338
300	339
300	341
300	345
300	397
300	613
300	955
301	180
301	219
301	226
301	227
301	230
301	250
301	271
301	272
301	280
301	295
301	297
301	310
301	319
301	323
301	324
301	336
301	340
301	343
301	659
301	855
301	901
301	989
302	209
302	253
302	256
302	268
302	270
302	276
302	291
302	323
302	324
302	326
302	328
302	336
302	338
302	340
302	341
302	342
302	343
302	435
302	442
302	686
302	873
302	922
303	169
303	189
303	202
303	203
303	208
303	224
303	228
303	231
303	232
303	239
303	242
303	244
303	263
303	265
303	269
303	294
303	311
303	314
303	326
303	335
303	581
303	685
303	960
304	22
304	218
304	222
304	227
304	262
304	266
304	279
304	289
304	294
304	297
304	298
304	306
304	310
304	319
304	324
304	328
304	334
304	340
304	343
304	680
304	702
304	751
304	822
305	146
305	187
305	189
305	203
305	205
305	207
305	228
305	231
305	236
305	239
305	244
305	263
305	275
305	279
305	311
305	313
305	314
305	319
305	325
305	327
305	335
305	576
305	610
305	806
306	190
306	208
306	209
306	238
306	251
306	259
306	280
306	284
306	286
306	304
306	308
306	309
306	312
306	316
306	322
306	332
306	341
306	342
306	344
306	457
306	690
306	701
306	702
306	841
307	49
307	187
307	200
307	218
307	223
307	237
307	241
307	258
307	261
307	274
307	276
307	289
307	320
307	325
307	326
307	332
307	334
307	336
307	339
307	340
307	343
307	378
307	697
307	1000
308	182
308	210
308	235
308	238
308	243
308	264
308	266
308	268
308	271
308	286
308	288
308	293
308	299
308	306
308	315
308	324
308	330
308	335
308	341
308	342
308	344
308	472
308	917
308	1000
309	171
309	193
309	198
309	210
309	216
309	230
309	259
309	267
309	277
309	288
309	291
309	299
309	306
309	316
309	318
309	321
309	330
309	339
309	341
309	344
309	345
309	459
309	778
309	976
309	981
310	65
310	188
310	196
310	206
310	222
310	226
310	243
310	249
310	251
310	280
310	289
310	295
310	301
310	304
310	332
310	334
310	336
310	338
310	339
310	341
310	343
310	567
310	876
310	961
310	968
311	176
311	186
311	192
311	194
311	208
311	212
311	224
311	239
311	244
311	274
311	275
311	278
311	285
311	293
311	303
311	305
311	313
311	314
311	319
311	335
311	339
311	407
311	455
311	883
311	997
312	166
312	196
312	201
312	206
312	235
312	244
312	250
312	266
312	268
312	290
312	291
312	306
312	315
312	316
312	318
312	322
312	330
312	338
312	341
312	342
312	344
312	566
312	609
312	696
312	840
313	186
313	203
313	207
313	208
313	213
313	228
313	239
313	244
313	263
313	265
313	278
313	286
313	296
313	305
313	311
313	314
313	319
313	334
313	335
313	345
313	355
313	500
313	667
313	678
313	966
314	186
314	197
314	202
314	211
314	221
314	244
314	263
314	265
314	278
314	285
314	303
314	305
314	311
314	313
314	319
314	329
314	330
314	333
314	334
314	335
314	417
314	439
314	463
314	648
314	825
315	145
315	167
315	195
315	196
315	225
315	254
315	257
315	266
315	267
315	268
315	277
315	279
315	280
315	288
315	290
315	293
315	308
315	312
315	318
315	330
315	343
315	344
315	358
315	725
315	762
316	100
316	198
316	225
316	234
316	238
316	239
316	266
316	273
316	288
316	293
316	297
316	306
316	309
316	312
316	318
316	321
316	322
316	327
316	330
316	341
316	342
316	344
316	700
316	708
316	832
316	977
317	177
317	185
317	201
317	234
317	237
317	246
317	251
317	256
317	260
317	275
317	281
317	283
317	296
317	298
317	299
317	300
317	319
317	321
317	325
317	327
317	329
317	331
317	339
317	345
317	349
317	515
317	568
317	661
317	899
318	185
318	191
318	193
318	216
318	235
318	266
318	273
318	284
318	288
318	291
318	293
318	309
318	312
318	315
318	316
318	322
318	330
318	335
318	336
318	341
318	342
318	344
318	345
318	384
318	453
318	522
318	543
318	732
318	998
319	112
319	139
319	172
319	205
319	207
319	208
319	211
319	213
319	221
319	224
319	228
319	231
319	239
319	242
319	243
319	263
319	285
319	301
319	304
319	305
319	311
319	313
319	314
319	317
319	335
319	338
319	600
319	693
319	857
320	188
320	209
320	217
320	227
320	244
320	245
320	247
320	253
320	254
320	270
320	282
320	292
320	293
320	294
320	297
320	307
320	323
320	325
320	326
320	332
320	334
320	339
320	340
320	343
320	566
320	657
320	759
320	928
320	972
321	180
321	185
321	190
321	191
321	194
321	217
321	237
321	240
321	245
321	249
321	257
321	259
321	281
321	296
321	309
321	316
321	317
321	327
321	328
321	331
321	332
321	337
321	339
321	340
321	345
321	460
321	468
321	963
321	988
321	994
322	187
322	188
322	198
322	201
322	208
322	214
322	217
322	238
322	251
322	261
322	267
322	270
322	271
322	273
322	286
322	288
322	290
322	291
322	306
322	312
322	316
322	318
322	330
322	341
322	617
322	648
322	705
322	744
322	766
322	952
323	7
323	138
323	187
323	216
323	222
323	229
323	233
323	236
323	246
323	256
323	257
323	279
323	281
323	282
323	287
323	289
323	294
323	297
323	301
323	302
323	320
323	326
323	332
323	333
323	336
323	342
323	444
323	654
323	661
323	672
324	14
324	119
324	154
324	176
324	212
324	226
324	227
324	229
324	232
324	245
324	247
324	253
324	255
324	262
324	272
324	278
324	282
324	301
324	302
324	304
324	308
324	325
324	326
324	334
324	336
324	338
324	340
324	343
324	344
324	593
324	996
325	114
325	151
325	197
325	199
325	215
325	225
325	240
325	242
325	246
325	248
325	252
325	255
325	269
325	298
325	300
325	305
325	307
325	317
325	320
325	324
325	327
325	328
325	329
325	331
325	333
325	334
325	337
325	345
325	557
325	726
325	981
325	993
326	149
326	177
326	192
326	203
326	204
326	206
326	218
326	225
326	226
326	227
326	233
326	236
326	245
326	253
326	263
326	270
326	296
326	302
326	303
326	307
326	320
326	323
326	324
326	330
326	332
326	336
326	338
326	340
326	497
326	525
326	715
326	922
326	967
327	136
327	168
327	194
327	197
327	209
327	215
327	217
327	219
327	222
327	234
327	237
327	258
327	269
327	287
327	292
327	296
327	299
327	300
327	305
327	316
327	317
327	321
327	325
327	328
327	329
327	331
327	337
327	338
327	339
327	433
327	733
327	880
327	930
327	939
328	188
328	197
328	217
328	230
328	246
328	248
328	257
328	258
328	264
328	269
328	292
328	296
328	300
328	302
328	304
328	321
328	325
328	327
328	329
328	331
328	333
328	336
328	337
328	339
328	343
328	344
328	345
328	467
328	607
328	636
328	736
328	819
328	905
328	984
329	36
329	121
329	138
329	184
329	194
329	197
329	215
329	217
329	239
329	254
329	257
329	260
329	266
329	269
329	281
329	284
329	292
329	294
329	298
329	299
329	314
329	317
329	325
329	327
329	328
329	331
329	333
329	337
329	339
329	341
329	345
329	471
329	726
329	744
330	66
330	110
330	193
330	202
330	204
330	235
330	251
330	253
330	256
330	268
330	273
330	280
330	286
330	288
330	290
330	291
330	292
330	308
330	309
330	312
330	314
330	315
330	316
330	318
330	322
330	326
330	341
330	342
330	344
330	424
330	640
330	762
330	778
330	871
331	20
331	190
331	193
331	197
331	213
331	237
331	240
331	248
331	257
331	258
331	264
331	281
331	282
331	300
331	317
331	321
331	325
331	327
331	328
331	329
331	332
331	333
331	334
331	337
331	339
331	343
331	344
331	345
331	472
331	669
331	707
331	711
331	720
331	985
332	88
332	126
332	187
332	196
332	214
332	218
332	223
332	232
332	236
332	241
332	249
332	262
332	272
332	283
332	287
332	289
332	290
332	299
332	306
332	307
332	310
332	320
332	321
332	323
332	326
332	331
332	334
332	336
332	338
332	340
332	343
332	434
332	695
332	896
332	918
332	985
333	35
333	163
333	185
333	187
333	189
333	190
333	191
333	217
333	234
333	240
333	249
333	252
333	255
333	258
333	260
333	277
333	283
333	289
333	298
333	299
333	300
333	314
333	323
333	325
333	328
333	329
333	331
333	337
333	338
333	339
333	344
333	345
333	535
333	562
333	753
333	765
333	918
334	108
334	196
334	226
334	229
334	230
334	231
334	236
334	245
334	254
334	270
334	272
334	282
334	287
334	289
334	294
334	295
334	297
334	300
334	304
334	307
334	310
334	313
334	314
334	320
334	324
334	325
334	331
334	332
334	338
334	341
334	342
334	614
334	657
334	691
334	785
334	819
334	839
335	135
335	186
335	189
335	202
335	203
335	205
335	207
335	211
335	212
335	224
335	228
335	231
335	242
335	250
335	260
335	263
335	265
335	275
335	278
335	282
335	285
335	293
335	303
335	305
335	308
335	311
335	313
335	314
335	318
335	319
335	343
335	371
335	573
335	636
335	744
335	866
335	900
335	973
336	179
336	194
336	209
336	214
336	218
336	223
336	230
336	232
336	241
336	243
336	267
336	270
336	274
336	279
336	284
336	291
336	294
336	295
336	301
336	302
336	307
336	310
336	318
336	323
336	324
336	326
336	328
336	332
336	338
336	339
336	340
336	343
336	653
336	699
336	726
336	971
336	981
336	991
337	15
337	72
337	122
337	168
337	192
337	194
337	200
337	204
337	237
337	240
337	245
337	248
337	252
337	255
337	257
337	258
337	260
337	268
337	269
337	270
337	281
337	293
337	296
337	298
337	321
337	325
337	327
337	328
337	329
337	331
337	333
337	339
337	343
337	345
337	455
337	684
337	956
337	963
338	28
338	152
338	200
338	204
338	209
338	222
338	230
338	233
338	240
338	244
338	254
338	256
338	272
338	276
338	282
338	294
338	295
338	296
338	297
338	300
338	302
338	310
338	312
338	319
338	324
338	326
338	327
338	332
338	333
338	334
338	336
338	340
338	467
338	519
338	676
338	697
338	834
338	999
339	124
339	194
339	219
339	220
339	234
339	240
339	252
339	257
339	258
339	266
339	269
339	281
339	283
339	291
339	292
339	296
339	299
339	300
339	307
339	309
339	310
339	311
339	317
339	320
339	321
339	327
339	328
339	329
339	331
339	333
339	336
339	337
339	345
339	455
339	556
339	686
339	754
339	898
339	983
340	39
340	200
340	210
340	222
340	223
340	232
340	237
340	245
340	247
340	253
340	256
340	259
340	270
340	276
340	281
340	287
340	290
340	295
340	297
340	301
340	302
340	304
340	307
340	320
340	321
340	324
340	326
340	332
340	336
340	338
340	341
340	343
340	345
340	646
340	663
340	731
340	764
340	867
340	913
340	984
341	63
341	198
341	210
341	216
341	224
341	225
341	241
341	251
341	259
341	261
341	267
341	268
341	273
341	280
341	284
341	288
341	291
341	300
341	302
341	306
341	308
341	309
341	310
341	312
341	316
341	318
341	322
341	329
341	330
341	334
341	340
341	342
341	344
341	476
341	570
341	685
341	702
341	707
341	824
341	995
342	102
342	186
342	193
342	195
342	201
342	215
342	216
342	225
342	235
342	238
342	251
342	252
342	258
342	259
342	261
342	266
342	267
342	268
342	273
342	277
342	280
342	284
342	286
342	290
342	293
342	302
342	306
342	308
342	312
342	316
342	318
342	323
342	330
342	334
342	341
342	345
342	417
342	551
342	700
342	739
342	746
342	904
342	959
343	169
343	173
343	196
343	204
343	206
343	218
343	223
343	224
343	238
343	245
343	247
343	253
343	256
343	262
343	265
343	272
343	274
343	276
343	282
343	287
343	288
343	294
343	297
343	301
343	302
343	304
343	307
343	310
343	315
343	320
343	324
343	328
343	331
343	332
343	335
343	336
343	337
343	340
343	441
343	726
343	727
343	737
343	810
343	903
343	981
344	14
344	18
344	158
344	173
344	193
344	195
344	198
344	201
344	210
344	216
344	225
344	235
344	251
344	259
344	261
344	266
344	268
344	271
344	273
344	277
344	278
344	281
344	284
344	286
344	289
344	290
344	293
344	296
344	298
344	306
344	308
344	309
344	312
344	315
344	316
344	318
344	324
344	328
344	330
344	331
344	333
344	341
344	425
344	611
344	635
344	699
344	748
345	185
345	190
345	191
345	194
345	197
345	199
345	205
345	211
345	213
345	220
345	229
345	234
345	240
345	246
345	249
345	252
345	255
345	260
345	272
345	283
345	292
345	295
345	296
345	299
345	300
345	309
345	313
345	317
345	318
345	321
345	325
345	328
345	329
345	331
345	333
345	337
345	339
345	340
345	342
345	454
345	523
345	591
345	649
345	656
345	721
345	760
345	823
345	888
345	891
346	274
346	414
346	415
346	421
346	440
346	466
346	473
346	474
346	476
346	908
347	116
347	137
347	355
347	400
347	465
347	468
347	471
347	473
347	474
347	476
348	199
348	354
348	394
348	395
348	426
348	432
348	442
348	456
348	477
348	649
349	172
349	317
349	357
349	362
349	373
349	396
349	446
349	449
349	451
349	460
350	75
350	396
350	402
350	448
350	452
350	455
350	464
350	465
350	469
350	933
351	387
351	435
351	440
351	441
351	468
351	470
351	475
351	477
351	514
351	892
352	180
352	384
352	390
352	393
352	442
352	456
352	462
352	468
352	476
352	964
353	381
353	401
353	421
353	423
353	431
353	454
353	455
353	464
353	479
353	564
354	42
354	155
354	348
354	374
354	378
354	382
354	387
354	467
354	471
354	476
355	313
355	347
355	370
355	371
355	438
355	439
355	457
355	474
355	476
355	721
356	372
356	396
356	402
356	448
356	451
356	458
356	463
356	476
356	766
356	839
357	291
357	349
357	359
357	404
357	430
357	446
357	461
357	463
357	465
357	959
358	315
358	408
358	414
358	439
358	458
358	460
358	463
358	465
358	470
358	879
359	34
359	133
359	357
359	429
359	436
359	437
359	453
359	464
359	472
359	473
360	389
360	414
360	444
360	448
360	452
360	463
360	467
360	469
360	901
360	934
361	390
361	412
361	422
361	435
361	453
361	466
361	468
361	474
361	674
361	697
362	156
362	349
362	396
362	420
362	426
362	430
362	459
362	464
362	472
362	974
363	123
363	384
363	413
363	418
363	441
363	449
363	460
363	461
363	469
363	910
364	373
364	394
364	429
364	447
364	455
364	456
364	460
364	473
364	849
364	985
365	366
365	376
365	404
365	438
365	449
365	461
365	465
365	469
365	720
365	757
366	183
366	365
366	387
366	422
366	426
366	430
366	431
366	456
366	459
366	468
366	645
367	220
367	438
367	454
367	456
367	458
367	459
367	464
367	468
367	472
367	473
367	975
368	173
368	371
368	379
368	426
368	437
368	442
368	443
368	453
368	459
368	464
368	564
369	382
369	410
369	414
369	448
369	451
369	452
369	461
369	469
369	470
369	881
369	999
370	355
370	399
370	417
370	432
370	456
370	458
370	472
370	473
370	474
370	729
370	989
371	120
371	335
371	355
371	368
371	392
371	398
371	427
371	462
371	463
371	466
371	476
372	356
372	383
372	398
372	406
372	418
372	448
372	460
372	463
372	470
372	879
372	993
373	179
373	349
373	364
373	378
373	381
373	403
373	466
373	467
373	474
373	475
373	952
374	354
374	428
374	448
374	461
374	463
374	465
374	466
374	469
374	730
374	944
375	376
375	428
375	451
375	459
375	460
375	463
375	469
375	470
375	472
375	861
375	982
376	280
376	365
376	375
376	391
376	408
376	450
376	451
376	457
376	460
376	574
376	741
377	265
377	445
377	449
377	461
377	463
377	464
377	465
377	469
377	470
377	475
377	527
378	148
378	307
378	354
378	373
378	384
378	415
378	421
378	438
378	470
378	471
378	473
379	94
379	181
379	368
379	417
379	427
379	433
379	440
379	467
379	469
379	475
379	477
380	391
380	401
380	404
380	448
380	455
380	463
380	465
380	470
380	781
380	803
380	893
381	353
381	373
381	418
381	420
381	430
381	434
381	453
381	458
381	459
381	473
381	976
381	991
382	151
382	354
382	369
382	410
382	432
382	439
382	457
382	467
382	468
382	471
382	474
382	830
383	372
383	420
383	426
383	434
383	443
383	454
383	456
383	464
383	473
383	475
383	836
383	883
384	318
384	352
384	363
384	378
384	438
384	440
384	441
384	444
384	467
384	471
384	473
384	913
385	41
385	389
385	411
385	441
385	452
385	457
385	458
385	464
385	472
385	473
385	666
385	682
386	391
386	409
386	437
386	445
386	449
386	452
386	461
386	463
386	469
386	470
386	621
386	729
387	180
387	244
387	351
387	354
387	366
387	453
387	461
387	467
387	468
387	475
387	476
387	477
388	293
388	412
388	421
388	436
388	437
388	445
388	466
388	467
388	475
388	476
388	757
388	943
389	179
389	360
389	385
389	439
389	449
389	460
389	465
389	469
389	470
389	476
389	521
389	569
390	150
390	352
390	361
390	405
390	421
390	427
390	447
390	459
390	471
390	475
390	476
390	915
391	376
391	380
391	386
391	397
391	415
391	449
391	460
391	461
391	463
391	465
391	703
391	761
391	890
392	171
392	209
392	371
392	426
392	438
392	439
392	443
392	444
392	461
392	466
392	475
392	477
392	835
393	93
393	177
393	278
393	352
393	411
393	412
393	422
393	427
393	444
393	445
393	457
393	466
393	475
394	348
394	364
394	395
394	424
394	428
394	434
394	443
394	455
394	457
394	461
394	599
394	860
394	979
395	257
395	348
395	394
395	420
395	423
395	434
395	452
395	456
395	457
395	460
395	471
395	472
395	747
396	89
396	349
396	350
396	356
396	362
396	413
396	415
396	441
396	449
396	452
396	465
396	470
396	805
397	300
397	391
397	432
397	436
397	443
397	447
397	453
397	455
397	457
397	472
397	473
397	477
397	680
398	125
398	146
398	371
398	372
398	405
398	419
398	435
398	444
398	467
398	468
398	471
398	476
398	477
398	741
399	115
399	370
399	415
399	419
399	433
399	447
399	453
399	454
399	455
399	456
399	457
399	473
399	816
399	946
400	284
400	347
400	412
400	427
400	438
400	442
400	450
400	459
400	467
400	469
400	474
400	475
400	476
400	799
401	132
401	353
401	380
401	409
401	411
401	416
401	429
401	438
401	439
401	440
401	450
401	474
401	477
401	978
402	286
402	350
402	356
402	412
402	414
402	416
402	445
402	448
402	462
402	463
402	465
402	470
402	781
402	983
403	373
403	416
403	423
403	435
403	447
403	449
403	466
403	467
403	468
403	471
403	474
403	475
403	485
403	623
404	357
404	365
404	380
404	420
404	442
404	446
404	452
404	460
404	461
404	466
404	469
404	654
404	934
404	992
405	255
405	390
405	398
405	418
405	427
405	428
405	445
405	449
405	451
405	452
405	460
405	469
405	470
405	486
405	674
406	167
406	372
406	408
406	449
406	451
406	454
406	460
406	461
406	463
406	465
406	470
406	475
406	476
406	685
406	754
407	271
407	311
407	413
407	422
407	425
407	432
407	435
407	447
407	454
407	457
407	459
407	464
407	467
407	472
407	718
408	358
408	376
408	406
408	410
408	413
408	445
408	452
408	461
408	463
408	469
408	470
408	475
408	476
408	639
408	863
408	979
409	245
409	386
409	401
409	411
409	417
409	429
409	435
409	436
409	444
409	446
409	471
409	474
409	475
409	477
409	920
409	960
410	369
410	382
410	408
410	412
410	416
410	424
410	436
410	440
410	459
410	462
410	468
410	475
410	476
410	477
410	608
410	943
410	994
411	76
411	151
411	385
411	393
411	401
411	409
411	425
411	440
411	444
411	450
411	457
411	462
411	466
411	468
411	477
411	547
411	682
412	294
412	361
412	388
412	393
412	400
412	402
412	410
412	435
412	444
412	461
412	463
412	465
412	467
412	474
412	475
412	738
412	1000
413	98
413	363
413	396
413	407
413	408
413	418
413	428
413	444
413	451
413	452
413	453
413	460
413	463
413	476
413	774
413	906
413	936
414	3
414	346
414	358
414	360
414	369
414	402
414	415
414	442
414	446
414	448
414	452
414	461
414	462
414	463
414	469
414	470
414	503
414	949
415	91
415	231
415	346
415	378
415	391
415	396
415	399
415	414
415	424
415	427
415	466
415	468
415	471
415	474
415	475
415	476
415	477
415	762
416	174
416	401
416	402
416	403
416	410
416	436
416	459
416	463
416	466
416	470
416	471
416	474
416	475
416	476
416	477
416	638
416	724
416	782
417	285
417	314
417	342
417	370
417	379
417	409
417	421
417	423
417	424
417	430
417	433
417	440
417	445
417	462
417	471
417	474
417	475
417	987
418	153
418	159
418	363
418	372
418	381
418	405
418	413
418	423
418	424
418	443
418	445
418	446
418	452
418	460
418	461
418	465
418	470
418	671
418	765
419	398
419	399
419	430
419	431
419	434
419	447
419	450
419	455
419	456
419	458
419	462
419	464
419	471
419	472
419	473
419	637
419	786
419	964
419	967
420	29
420	175
420	268
420	362
420	381
420	383
420	395
420	404
420	426
420	437
420	441
420	449
420	455
420	456
420	464
420	472
420	473
420	475
420	757
421	5
421	346
421	353
421	378
421	388
421	390
421	417
421	430
421	433
421	438
421	450
421	457
421	459
421	468
421	471
421	476
421	477
421	882
421	931
422	361
422	366
422	393
422	407
422	425
422	432
422	441
422	447
422	457
422	458
422	459
422	464
422	472
422	473
422	475
422	662
422	712
422	751
422	908
423	130
423	173
423	181
423	353
423	395
423	403
423	417
423	418
423	431
423	432
423	441
423	442
423	454
423	455
423	458
423	463
423	472
423	473
423	884
424	184
424	330
424	394
424	410
424	415
424	417
424	418
424	426
424	436
424	450
424	454
424	462
424	467
424	468
424	474
424	475
424	476
424	477
424	759
424	760
425	344
425	407
425	411
425	422
425	426
425	431
425	435
425	437
425	440
425	443
425	447
425	457
425	458
425	459
425	464
425	470
425	472
425	707
425	791
425	887
426	348
426	362
426	366
426	368
426	383
426	392
426	420
426	424
426	425
426	427
426	431
426	434
426	443
426	468
426	472
426	473
426	603
426	618
426	639
426	936
427	84
427	171
427	371
427	379
427	390
427	393
427	400
427	405
427	415
427	426
427	450
427	465
427	468
427	471
427	474
427	475
427	476
427	477
427	595
427	992
428	129
428	374
428	375
428	394
428	405
428	413
428	446
428	449
428	451
428	460
428	461
428	462
428	465
428	469
428	470
428	471
428	476
428	520
428	868
428	878
429	359
429	364
429	401
429	409
429	434
429	437
429	441
429	442
429	443
429	448
429	451
429	454
429	455
429	456
429	457
429	472
429	578
429	668
429	722
429	749
430	357
430	362
430	366
430	381
430	417
430	419
430	421
430	431
430	437
430	442
430	443
430	454
430	457
430	459
430	473
430	476
430	531
430	618
430	730
430	893
431	241
431	353
431	366
431	419
431	423
431	425
431	426
431	430
431	438
431	446
431	453
431	456
431	457
431	458
431	460
431	464
431	466
431	472
431	499
431	971
431	999
432	154
432	348
432	370
432	382
432	397
432	407
432	422
432	423
432	434
432	454
432	456
432	459
432	464
432	466
432	471
432	472
432	473
432	474
432	644
432	700
432	914
432	994
433	74
433	327
433	379
433	399
433	417
433	421
433	434
433	436
433	438
433	444
433	454
433	462
433	466
433	472
433	473
433	474
433	475
433	476
433	477
433	552
433	968
433	998
434	116
434	227
434	332
434	381
434	383
434	394
434	395
434	419
434	426
434	429
434	432
434	433
434	441
434	443
434	450
434	456
434	458
434	464
434	465
434	472
434	474
434	475
434	700
435	302
435	351
435	361
435	398
435	403
435	407
435	409
435	412
435	425
435	439
435	447
435	450
435	462
435	464
435	467
435	471
435	474
435	476
435	477
435	515
435	589
435	740
435	972
436	100
436	124
436	359
436	388
436	397
436	409
436	410
436	416
436	424
436	433
436	440
436	455
436	460
436	462
436	466
436	467
436	468
436	471
436	472
436	476
436	477
436	550
436	978
437	99
437	359
437	368
437	386
437	388
437	420
437	425
437	429
437	430
437	439
437	440
437	442
437	447
437	450
437	453
437	454
437	455
437	457
437	464
437	472
437	473
437	502
437	673
437	695
438	127
438	205
438	355
438	365
438	367
438	378
438	384
438	392
438	400
438	401
438	421
438	431
438	433
438	444
438	462
438	466
438	468
438	470
438	471
438	473
438	477
438	509
438	699
438	745
439	174
439	279
439	314
439	355
439	358
439	382
439	389
439	392
439	401
439	435
439	437
439	444
439	450
439	460
439	462
439	466
439	467
439	468
439	473
439	474
439	475
439	476
439	477
439	651
439	758
440	38
440	91
440	182
440	346
440	351
440	379
440	384
440	401
440	410
440	411
440	417
440	425
440	436
440	437
440	444
440	450
440	451
440	453
440	462
440	464
440	466
440	475
440	477
440	772
440	795
441	87
441	179
441	343
441	351
441	363
441	384
441	385
441	396
441	420
441	422
441	423
441	429
441	434
441	442
441	447
441	453
441	455
441	456
441	457
441	458
441	464
441	472
441	474
441	764
441	920
442	302
442	348
442	352
442	368
442	400
442	404
442	414
442	423
442	429
442	430
442	437
442	441
442	445
442	447
442	453
442	454
442	457
442	458
442	459
442	472
442	473
442	522
442	583
442	746
442	955
443	85
443	95
443	205
443	368
443	383
443	392
443	394
443	397
443	418
443	425
443	426
443	429
443	430
443	434
443	446
443	447
443	453
443	454
443	455
443	456
443	459
443	461
443	471
443	473
443	703
443	959
444	248
444	323
444	360
444	384
444	392
444	393
444	398
444	409
444	411
444	412
444	413
444	433
444	438
444	439
444	440
444	458
444	462
444	472
444	473
444	474
444	475
444	476
444	477
444	731
444	843
444	979
445	285
445	377
445	386
445	388
445	393
445	402
445	405
445	408
445	417
445	418
445	442
445	446
445	448
445	449
445	451
445	452
445	460
445	465
445	467
445	468
445	469
445	470
445	479
445	482
445	594
445	715
446	58
446	77
446	210
446	349
446	357
446	404
446	409
446	414
446	418
446	428
446	431
446	443
446	445
446	448
446	449
446	451
446	452
446	460
446	461
446	465
446	470
446	474
446	476
446	477
446	805
446	913
447	83
447	179
447	364
447	390
447	397
447	399
447	403
447	407
447	419
447	422
447	425
447	435
447	437
447	441
447	442
447	443
447	455
447	458
447	459
447	464
447	467
447	469
447	470
447	473
447	759
447	937
447	969
448	241
448	294
448	350
448	356
448	360
448	369
448	372
448	374
448	380
448	402
448	414
448	429
448	445
448	446
448	451
448	458
448	461
448	463
448	465
448	468
448	469
448	470
448	472
448	477
448	531
448	588
448	745
449	55
449	113
449	349
449	363
449	365
449	377
449	386
449	389
449	391
449	396
449	403
449	405
449	406
449	420
449	428
449	445
449	446
449	451
449	460
449	461
449	464
449	467
449	468
449	469
449	471
449	663
449	731
449	931
450	88
450	376
450	400
450	401
450	411
450	419
450	421
450	424
450	427
450	434
450	435
450	437
450	439
450	440
450	456
450	466
450	467
450	468
450	471
450	474
450	475
450	476
450	477
450	711
450	734
450	740
450	987
450	993
451	6
451	160
451	349
451	356
451	369
451	375
451	376
451	405
451	406
451	413
451	428
451	429
451	440
451	445
451	446
451	448
451	449
451	452
451	455
451	460
451	462
451	463
451	464
451	465
451	469
451	749
451	757
451	771
451	987
452	12
452	101
452	258
452	295
452	350
452	360
452	369
452	385
452	386
452	395
452	396
452	404
452	405
452	408
452	413
452	414
452	418
452	445
452	446
452	451
452	458
452	461
452	463
452	465
452	466
452	469
452	474
452	477
452	963
453	167
453	237
453	318
453	359
453	361
453	368
453	381
453	387
453	397
453	399
453	413
453	431
453	437
453	440
453	441
453	442
453	443
453	454
453	455
453	456
453	458
453	459
453	464
453	473
453	474
453	477
453	675
453	870
453	887
454	68
454	149
454	345
454	353
454	367
454	383
454	399
454	406
454	407
454	423
454	424
454	429
454	430
454	432
454	433
454	437
454	442
454	443
454	453
454	455
454	458
454	461
454	462
454	464
454	469
454	473
454	576
454	971
454	996
455	149
455	173
455	311
455	337
455	339
455	350
455	353
455	364
455	380
455	394
455	397
455	399
455	419
455	420
455	423
455	429
455	436
455	437
455	441
455	443
455	447
455	451
455	453
455	454
455	457
455	472
455	473
455	474
455	475
455	960
456	176
456	204
456	348
456	352
456	364
456	366
456	367
456	370
456	383
456	395
456	399
456	419
456	420
456	429
456	431
456	432
456	434
456	441
456	443
456	450
456	453
456	459
456	467
456	468
456	469
456	472
456	473
456	477
456	548
456	662
456	669
456	984
457	142
457	247
457	306
457	355
457	376
457	382
457	385
457	393
457	394
457	395
457	397
457	399
457	407
457	411
457	421
457	422
457	425
457	429
457	430
457	431
457	437
457	441
457	442
457	455
457	458
457	459
457	472
457	473
457	676
457	751
457	807
457	996
458	174
458	356
458	358
458	367
458	370
458	381
458	385
458	419
458	422
458	423
458	425
458	431
458	434
458	441
458	442
458	444
458	447
458	448
458	452
458	453
458	454
458	457
458	459
458	464
458	465
458	472
458	473
458	561
458	645
458	717
458	760
458	862
459	11
459	140
459	176
459	309
459	362
459	366
459	367
459	368
459	375
459	381
459	390
459	400
459	407
459	410
459	416
459	421
459	422
459	425
459	430
459	432
459	442
459	443
459	447
459	453
459	456
459	457
459	458
459	469
459	472
459	481
459	603
459	723
460	109
460	281
460	321
460	349
460	358
460	363
460	364
460	372
460	375
460	376
460	389
460	391
460	395
460	404
460	405
460	406
460	413
460	418
460	428
460	431
460	436
460	439
460	445
460	446
460	449
460	451
460	461
460	465
460	467
460	470
460	477
460	646
460	652
460	804
460	951
461	135
461	136
461	141
461	357
461	363
461	365
461	369
461	374
461	377
461	386
461	387
461	391
461	392
461	394
461	404
461	406
461	408
461	412
461	414
461	418
461	428
461	443
461	446
461	448
461	449
461	452
461	454
461	460
461	463
461	466
461	470
461	747
461	870
461	930
461	997
462	53
462	120
462	221
462	352
462	371
462	402
462	410
462	411
462	414
462	417
462	419
462	424
462	428
462	433
462	435
462	436
462	438
462	439
462	440
462	444
462	451
462	454
462	463
462	466
462	467
462	468
462	471
462	474
462	475
462	476
462	477
462	551
462	595
462	606
462	735
462	757
463	96
463	278
463	314
463	356
463	357
463	358
463	360
463	371
463	372
463	374
463	375
463	377
463	380
463	386
463	391
463	402
463	406
463	408
463	412
463	413
463	414
463	416
463	423
463	448
463	451
463	452
463	461
463	462
463	468
463	469
463	470
463	471
463	593
463	632
463	837
463	995
464	184
464	350
464	353
464	359
464	362
464	367
464	368
464	377
464	383
464	385
464	407
464	419
464	420
464	422
464	425
464	431
464	432
464	434
464	435
464	437
464	440
464	441
464	447
464	449
464	451
464	453
464	454
464	458
464	473
464	476
464	518
464	528
464	663
464	686
464	801
464	895
464	948
465	175
465	228
465	267
465	347
465	350
465	357
465	358
465	365
465	374
465	377
465	380
465	389
465	391
465	396
465	402
465	406
465	412
465	418
465	427
465	428
465	434
465	445
465	446
465	448
465	451
465	452
465	458
465	460
465	469
465	470
465	472
465	473
465	503
465	650
465	687
465	735
465	958
466	103
466	113
466	346
466	361
466	371
466	373
466	374
466	388
466	392
466	393
466	403
466	404
466	411
466	415
466	416
466	431
466	432
466	433
466	436
466	438
466	439
466	440
466	450
466	452
466	461
466	462
466	468
466	469
466	471
466	475
466	476
466	477
466	507
466	736
466	850
466	968
466	979
467	25
467	162
467	328
467	338
467	354
467	360
467	373
467	379
467	382
467	384
467	387
467	388
467	398
467	400
467	403
467	407
467	412
467	424
467	435
467	436
467	439
467	445
467	447
467	449
467	450
467	456
467	460
467	462
467	471
467	474
467	475
467	476
467	477
467	544
467	579
467	712
467	768
468	286
468	321
468	347
468	351
468	352
468	361
468	366
468	367
468	382
468	387
468	398
468	403
468	410
468	411
468	415
468	421
468	424
468	426
468	427
468	436
468	438
468	439
468	445
468	448
468	449
468	450
468	456
468	462
468	463
468	466
468	474
468	475
468	477
468	694
468	720
468	860
468	897
468	995
469	37
469	62
469	350
469	360
469	363
469	365
469	369
469	374
469	375
469	377
469	379
469	386
469	389
469	400
469	404
469	405
469	408
469	414
469	428
469	445
469	447
469	448
469	449
469	451
469	452
469	454
469	456
469	459
469	463
469	465
469	466
469	470
469	481
469	552
469	725
469	733
469	765
469	954
470	23
470	75
470	166
470	241
470	351
470	358
470	369
470	372
470	375
470	377
470	378
470	380
470	386
470	389
470	396
470	402
470	405
470	406
470	408
470	414
470	416
470	418
470	425
470	428
470	438
470	445
470	446
470	447
470	448
470	460
470	461
470	463
470	465
470	469
470	471
470	477
470	627
470	723
470	725
470	988
471	45
471	76
471	83
471	104
471	128
471	133
471	329
471	347
471	354
471	378
471	382
471	384
471	390
471	395
471	398
471	403
471	409
471	415
471	416
471	417
471	419
471	421
471	427
471	428
471	432
471	435
471	436
471	438
471	443
471	449
471	450
471	462
471	463
471	466
471	467
471	470
471	474
471	475
471	476
471	674
472	41
472	162
472	308
472	331
472	359
472	362
472	367
472	370
472	375
472	385
472	395
472	397
472	407
472	419
472	420
472	422
472	423
472	425
472	426
472	429
472	431
472	432
472	433
472	434
472	436
472	437
472	441
472	442
472	444
472	448
472	455
472	456
472	457
472	458
472	459
472	465
472	474
472	475
472	477
472	605
472	637
472	923
472	970
472	983
473	71
473	150
473	239
473	281
473	346
473	347
473	359
473	364
473	367
473	370
473	378
473	381
473	383
473	384
473	385
473	397
473	399
473	419
473	420
473	422
473	423
473	426
473	430
473	432
473	433
473	437
473	438
473	439
473	442
473	443
473	444
473	447
473	453
473	454
473	455
473	456
473	457
473	458
473	464
473	465
473	487
473	647
473	876
473	891
473	907
474	71
474	102
474	144
474	164
474	177
474	346
474	347
474	355
474	361
474	370
474	373
474	382
474	400
474	401
474	403
474	409
474	412
474	415
474	416
474	417
474	424
474	427
474	432
474	433
474	434
474	435
474	439
474	441
474	444
474	446
474	450
474	452
474	453
474	455
474	462
474	467
474	468
474	471
474	472
474	476
474	477
474	784
474	814
474	831
474	874
475	4
475	121
475	273
475	351
475	373
475	377
475	379
475	383
475	387
475	388
475	390
475	392
475	393
475	400
475	403
475	406
475	408
475	409
475	410
475	412
475	415
475	416
475	417
475	420
475	422
475	424
475	427
475	433
475	434
475	439
475	440
475	444
475	450
475	455
475	462
475	466
475	467
475	468
475	471
475	472
475	494
475	527
475	709
475	713
475	929
475	995
476	190
476	341
476	346
476	347
476	352
476	354
476	355
476	356
476	371
476	387
476	388
476	389
476	390
476	398
476	400
476	406
476	408
476	410
476	413
476	415
476	416
476	421
476	424
476	427
476	428
476	430
476	433
476	435
476	436
476	439
476	444
476	446
476	450
476	462
476	464
476	466
476	467
476	471
476	474
476	477
476	478
476	504
476	532
476	587
476	730
476	943
476	965
477	3
477	196
477	201
477	348
477	351
477	379
477	387
477	392
477	397
477	398
477	401
477	409
477	410
477	411
477	415
477	416
477	421
477	424
477	427
477	433
477	435
477	436
477	438
477	439
477	440
477	444
477	446
477	448
477	450
477	452
477	453
477	456
477	460
477	462
477	466
477	467
477	468
477	470
477	472
477	474
477	476
477	505
477	521
477	571
477	759
477	832
477	977
477	996
478	476
478	584
478	613
478	665
478	672
478	675
478	694
478	711
478	723
478	799
479	353
479	445
479	553
479	566
479	593
479	677
479	734
479	760
479	762
479	764
480	182
480	269
480	519
480	668
480	673
480	693
480	724
480	741
480	745
480	747
481	459
481	469
481	493
481	519
481	530
481	605
481	656
481	690
481	722
481	738
482	180
482	445
482	544
482	550
482	604
482	651
482	668
482	746
482	752
482	759
483	238
483	589
483	705
483	713
483	722
483	731
483	760
483	764
483	765
483	777
484	152
484	287
484	526
484	546
484	579
484	584
484	648
484	657
484	732
484	744
485	403
485	552
485	577
485	618
485	619
485	684
485	702
485	707
485	741
485	933
486	88
486	405
486	497
486	548
486	596
486	609
486	683
486	689
486	706
486	737
487	261
487	473
487	518
487	607
487	662
487	677
487	697
487	735
487	758
487	764
488	148
488	598
488	695
488	724
488	727
488	741
488	743
488	747
488	758
488	983
489	540
489	612
489	663
489	668
489	686
489	695
489	734
489	751
489	787
489	994
490	97
490	578
490	618
490	671
490	699
490	718
490	754
490	756
490	757
490	959
491	73
491	570
491	622
491	661
491	666
491	673
491	684
491	747
491	765
491	928
492	176
492	222
492	531
492	588
492	654
492	687
492	723
492	728
492	755
492	759
493	481
493	596
493	624
493	650
493	670
493	736
493	753
493	761
493	961
493	985
494	230
494	475
494	520
494	600
494	640
494	649
494	683
494	706
494	717
494	732
495	111
495	555
495	590
495	649
495	689
495	706
495	715
495	717
495	737
495	992
496	184
496	584
496	592
496	636
496	660
496	696
496	723
496	731
496	732
496	946
497	167
497	326
497	486
497	504
497	644
497	676
497	688
497	714
497	741
497	745
498	519
498	600
498	640
498	706
498	710
498	717
498	735
498	737
498	948
498	992
499	431
499	661
499	662
499	667
499	674
499	725
499	733
499	742
499	758
499	810
500	313
500	666
500	692
500	712
500	739
500	748
500	752
500	755
500	763
500	874
501	94
501	516
501	581
501	615
501	633
501	651
501	683
501	735
501	758
501	995
502	107
502	437
502	552
502	676
502	707
502	734
502	746
502	748
502	755
502	763
503	414
503	465
503	512
503	642
503	643
503	708
503	725
503	739
503	742
503	749
504	159
504	476
504	497
504	635
504	645
504	666
504	676
504	702
504	727
504	752
505	477
505	524
505	529
505	578
505	713
505	745
505	751
505	760
505	765
505	909
506	126
506	164
506	537
506	642
506	649
506	683
506	689
506	717
506	737
506	739
507	253
507	466
507	525
507	636
507	675
507	701
507	715
507	738
507	739
507	746
508	151
508	564
508	615
508	656
508	688
508	692
508	703
508	753
508	757
508	978
509	243
509	438
509	522
509	617
509	631
509	691
509	705
509	725
509	744
509	754
510	181
510	548
510	561
510	640
510	664
510	701
510	706
510	717
510	737
510	997
511	82
511	632
511	657
511	693
511	708
511	714
511	740
511	742
511	758
511	847
512	30
512	105
512	503
512	522
512	568
512	578
512	626
512	691
512	720
512	756
513	81
513	645
513	665
513	711
513	721
513	723
513	729
513	731
513	732
513	969
514	184
514	351
514	538
514	602
514	615
514	653
514	656
514	659
514	719
514	736
515	317
515	435
515	631
515	633
515	665
515	682
515	716
515	718
515	744
515	756
516	115
516	224
516	501
516	607
516	667
516	708
516	712
516	733
516	735
516	746
517	526
517	541
517	652
517	660
517	715
517	722
517	753
517	765
517	855
517	979
518	464
518	487
518	642
518	655
518	659
518	717
518	740
518	749
518	753
518	991
519	338
519	480
519	481
519	498
519	534
519	537
519	608
519	706
519	717
519	753
519	810
520	178
520	428
520	494
520	593
520	681
520	730
520	739
520	746
520	748
520	750
520	759
521	389
521	477
521	524
521	614
521	625
521	647
521	656
521	668
521	674
521	762
521	765
522	318
522	442
522	509
522	512
522	548
522	616
522	704
522	726
522	744
522	754
522	763
523	161
523	345
523	540
523	695
523	705
523	729
523	730
523	760
523	762
523	764
523	765
524	140
524	259
524	505
524	521
524	535
524	541
524	549
524	612
524	734
524	751
524	765
525	153
525	326
525	507
525	651
525	717
525	738
525	739
525	746
525	747
525	755
525	759
526	135
526	484
526	517
526	546
526	636
526	646
526	654
526	693
526	721
526	731
526	955
527	377
527	475
527	625
527	637
527	670
527	680
527	705
527	730
527	760
527	762
527	764
528	464
528	560
528	691
528	699
528	718
528	726
528	733
528	744
528	745
528	756
528	982
529	87
529	163
529	505
529	647
529	664
529	696
529	705
529	722
529	752
529	762
529	764
530	152
530	481
530	652
530	656
530	687
530	697
530	719
530	731
530	757
530	761
530	875
531	430
531	448
531	492
531	547
531	584
531	647
531	709
531	711
531	723
531	728
531	732
532	476
532	539
532	618
532	632
532	687
532	694
532	711
532	731
532	746
532	897
532	942
533	53
533	66
533	544
533	606
533	643
533	710
533	721
533	733
533	742
533	749
533	758
534	67
534	133
534	519
534	590
534	593
534	596
534	683
534	689
534	737
534	755
534	828
535	333
535	524
535	565
535	580
535	664
535	750
535	760
535	762
535	764
535	765
535	974
536	101
536	622
536	644
536	666
536	677
536	743
536	745
536	746
536	747
536	950
536	974
537	179
537	251
537	506
537	519
537	548
537	629
537	683
537	686
537	689
537	717
537	737
538	46
538	174
538	514
538	560
538	660
538	683
538	692
538	698
538	753
538	757
538	761
539	532
539	540
539	592
539	594
539	648
539	687
539	711
539	721
539	732
539	822
539	894
540	112
540	489
540	523
540	539
540	558
540	658
540	738
540	746
540	759
540	763
540	971
541	250
541	297
541	517
541	524
541	697
541	698
541	700
541	715
541	736
541	740
541	753
542	583
542	586
542	644
542	645
542	684
542	721
542	727
542	743
542	927
542	938
542	958
543	177
543	318
543	566
543	628
543	652
543	697
543	703
543	719
543	722
543	757
543	763
544	184
544	467
544	482
544	533
544	558
544	625
544	651
544	672
544	704
544	730
544	755
545	594
545	690
545	692
545	715
545	719
545	723
545	760
545	761
545	897
545	940
545	950
546	46
546	484
546	526
546	584
546	588
546	623
546	687
546	721
546	732
546	756
546	1000
547	169
547	411
547	531
547	579
547	638
547	665
547	672
547	723
547	731
547	749
547	770
548	134
548	209
548	456
548	486
548	510
548	522
548	537
548	596
548	693
548	706
548	737
549	524
549	552
549	663
549	675
549	712
549	718
549	739
549	752
549	755
549	776
549	813
549	816
550	153
550	436
550	482
550	556
550	609
550	665
550	672
550	674
550	748
550	752
550	753
550	967
551	342
551	462
551	630
551	684
551	686
551	705
551	719
551	734
551	751
551	760
551	762
551	765
552	433
552	469
552	485
552	502
552	549
552	596
552	669
552	670
552	704
552	730
552	750
552	759
553	172
553	173
553	479
553	580
553	589
553	616
553	655
553	729
553	760
553	764
553	765
553	962
554	131
554	249
554	569
554	574
554	590
554	633
554	677
554	679
554	708
554	714
554	748
554	749
555	212
555	495
555	635
555	675
555	738
555	745
555	748
555	750
555	752
555	755
555	763
555	967
556	339
556	550
556	582
556	634
556	650
556	653
556	656
556	697
556	698
556	708
556	761
556	874
557	195
557	269
557	325
557	610
557	629
557	676
557	699
557	704
557	718
557	744
557	754
557	756
558	225
558	294
558	540
558	544
558	573
558	587
558	676
558	712
558	738
558	748
558	750
558	759
559	42
559	78
559	607
559	642
559	655
559	657
559	679
559	687
559	707
559	710
559	742
559	760
560	38
560	528
560	538
560	578
560	604
560	627
560	671
560	691
560	754
560	756
560	761
560	798
561	85
561	458
561	510
561	590
561	595
561	596
561	640
561	643
561	679
561	689
561	717
561	737
562	172
562	333
562	599
562	604
562	631
562	664
562	711
562	718
562	726
562	730
562	754
562	756
563	565
563	609
563	658
563	661
563	704
563	736
563	739
563	746
563	748
563	759
563	926
563	962
564	353
564	368
564	508
564	567
564	583
564	610
564	660
564	680
564	683
564	703
564	753
564	761
565	535
565	563
565	640
565	651
565	707
565	739
565	748
565	752
565	759
565	763
565	914
565	987
566	312
566	320
566	479
566	543
566	616
566	671
566	681
566	716
566	726
566	744
566	754
566	844
567	310
567	564
567	602
567	659
567	678
567	697
567	698
567	722
567	726
567	729
567	761
567	917
568	317
568	512
568	617
568	627
568	629
568	655
568	671
568	682
568	699
568	716
568	726
568	826
569	111
569	251
569	389
569	554
569	627
569	647
569	659
569	671
569	682
569	691
569	744
569	756
570	140
570	341
570	491
570	597
570	673
570	693
570	724
570	743
570	745
570	747
570	758
570	951
571	214
571	477
571	601
571	632
571	654
571	665
571	692
571	723
571	728
571	731
571	732
571	757
572	143
572	249
572	608
572	624
572	649
572	652
572	656
572	678
572	719
572	748
572	761
572	915
573	106
573	335
573	558
573	580
573	605
573	666
573	696
573	705
573	720
573	751
573	762
573	765
574	376
574	554
574	603
574	621
574	657
574	677
574	733
574	735
574	739
574	740
574	751
574	800
574	979
575	123
575	271
575	605
575	611
575	679
575	685
575	692
575	698
575	703
575	722
575	749
575	753
575	974
576	305
576	454
576	577
576	578
576	586
576	641
576	645
576	676
576	688
576	694
576	741
576	743
576	905
577	176
577	485
577	576
577	622
577	645
577	676
577	688
577	692
577	709
577	724
577	743
577	753
577	853
578	87
578	166
578	429
578	490
578	505
578	512
578	560
578	576
578	699
578	744
578	754
578	756
578	762
579	165
579	467
579	484
579	547
579	592
579	646
579	699
579	711
579	721
579	728
579	732
579	749
579	760
580	116
580	535
580	553
580	573
580	603
580	607
580	670
580	706
580	756
580	762
580	764
580	964
580	977
581	160
581	303
581	501
581	615
581	667
581	682
581	695
581	708
581	710
581	725
581	740
581	758
581	893
582	556
582	639
582	641
582	653
582	669
582	679
582	684
582	685
582	690
582	761
582	867
582	927
582	990
583	442
583	542
583	564
583	641
583	690
583	698
583	710
583	715
583	736
583	757
583	761
583	820
583	926
584	478
584	484
584	496
584	531
584	546
584	623
584	638
584	658
584	687
584	694
584	698
584	805
584	958
585	166
585	218
585	654
585	662
585	677
585	713
585	725
585	733
585	735
585	740
585	742
585	749
585	906
586	231
586	542
586	576
586	606
586	619
586	656
586	666
586	673
586	684
586	702
586	724
586	763
586	773
587	211
587	476
587	558
587	596
587	620
587	635
587	697
587	704
587	750
587	755
587	759
587	763
587	929
588	448
588	492
588	546
588	643
588	646
588	687
588	711
588	728
588	731
588	732
588	739
588	914
588	967
589	247
589	435
589	483
589	553
589	630
589	634
589	720
589	734
589	737
589	754
589	760
589	764
589	765
590	91
590	495
590	534
590	554
590	561
590	592
590	595
590	649
590	658
590	689
590	706
590	717
590	864
591	345
591	598
591	644
591	666
591	688
591	693
591	698
591	712
591	727
591	741
591	742
591	743
591	854
592	177
592	187
592	496
592	539
592	579
592	590
592	613
592	632
592	636
592	687
592	709
592	728
592	754
592	944
593	179
593	324
593	463
593	479
593	520
593	534
593	603
593	612
593	673
593	686
593	720
593	760
593	764
593	765
594	70
594	103
594	445
594	539
594	545
594	639
594	651
594	678
594	703
594	715
594	719
594	723
594	753
594	761
595	427
595	462
595	561
595	590
595	596
595	608
595	649
595	683
595	688
595	691
595	706
595	717
595	724
595	825
596	191
596	486
596	493
596	534
596	548
596	552
596	561
596	587
596	595
596	600
596	706
596	737
596	829
596	982
597	34
597	570
597	615
597	629
597	642
597	643
597	679
597	700
597	710
597	740
597	749
597	754
597	758
597	963
598	172
598	252
598	290
598	488
598	591
598	600
598	618
598	623
598	666
598	702
598	719
598	741
598	745
598	751
599	154
599	394
599	562
599	610
599	616
599	626
599	627
599	641
599	645
599	700
599	726
599	744
599	754
599	888
600	67
600	319
600	494
600	498
600	596
600	598
600	608
600	649
600	683
600	702
600	717
600	737
600	738
600	976
601	54
601	571
601	609
601	685
601	692
601	707
601	712
601	738
601	750
601	752
601	759
601	763
601	885
601	991
602	296
602	514
602	567
602	610
602	653
602	661
602	673
602	678
602	689
602	690
602	715
602	719
602	761
602	942
603	89
603	426
603	459
603	574
603	580
603	593
603	695
603	705
603	720
603	734
603	750
603	760
603	764
603	765
604	482
604	560
604	562
604	617
604	626
604	663
604	699
604	716
604	726
604	754
604	756
604	760
604	872
604	954
604	974
605	107
605	293
605	472
605	481
605	573
605	575
605	648
605	660
605	661
605	692
605	698
605	719
605	727
605	757
605	761
606	142
606	257
606	462
606	533
606	586
606	612
606	623
606	666
606	673
606	693
606	702
606	727
606	743
606	745
606	759
607	124
607	259
607	328
607	487
607	516
607	559
607	580
607	657
607	659
607	714
607	725
607	738
607	749
607	756
607	758
608	206
608	410
608	519
608	572
608	595
608	600
608	614
608	640
608	676
608	683
608	689
608	706
608	717
608	737
608	829
609	312
609	486
609	550
609	563
609	601
609	611
609	638
609	669
609	681
609	682
609	730
609	738
609	746
609	780
609	990
610	248
610	305
610	557
610	564
610	599
610	602
610	631
610	639
610	691
610	699
610	716
610	718
610	726
610	756
610	933
611	226
611	344
611	575
611	609
611	672
611	675
611	686
611	738
611	748
611	752
611	754
611	755
611	759
611	763
611	998
612	37
612	489
612	524
612	593
612	606
612	625
612	637
612	647
612	664
612	673
612	702
612	729
612	764
612	830
612	833
613	300
613	478
613	592
613	632
613	636
613	650
613	654
613	694
613	698
613	703
613	723
613	728
613	732
613	821
613	954
614	110
614	279
614	334
614	521
614	608
614	630
614	647
614	670
614	686
614	729
614	736
614	740
614	760
614	762
614	764
615	16
615	501
615	508
615	514
615	581
615	597
615	700
615	714
615	725
615	735
615	742
615	749
615	757
615	894
615	949
616	522
616	553
616	566
616	599
616	629
616	716
616	718
616	726
616	744
616	751
616	752
616	754
616	886
616	901
616	956
617	1
617	166
617	322
617	509
617	568
617	604
617	620
617	627
617	628
617	633
617	691
617	699
617	701
617	744
617	756
618	109
618	157
618	426
618	430
618	485
618	490
618	532
618	598
618	622
618	676
618	701
618	702
618	724
618	743
618	745
618	747
619	45
619	73
619	233
619	485
619	586
619	623
619	649
619	676
619	690
619	702
619	724
619	727
619	741
619	743
619	764
619	965
620	51
620	121
620	587
620	617
620	642
620	647
620	655
620	657
620	659
620	697
620	700
620	708
620	725
620	735
620	758
620	912
621	100
621	237
621	386
621	574
621	633
621	643
621	651
621	662
621	710
621	714
621	719
621	733
621	735
621	752
621	758
621	761
622	216
622	491
622	536
622	577
622	618
622	640
622	673
622	676
622	688
622	702
622	741
622	747
622	755
622	759
622	923
622	952
623	403
623	546
623	584
623	598
623	606
623	619
623	644
623	676
623	681
623	684
623	688
623	727
623	745
623	747
623	970
623	977
624	21
624	181
624	297
624	493
624	572
624	639
624	657
624	680
624	685
624	690
624	697
624	722
624	726
624	736
624	743
624	761
625	79
625	521
625	527
625	544
625	612
625	668
625	680
625	686
625	713
625	720
625	723
625	729
625	751
625	762
625	896
625	998
626	170
626	512
626	599
626	604
626	627
626	682
626	699
626	709
626	718
626	736
626	744
626	747
626	754
626	756
626	802
626	811
627	470
627	560
627	568
627	569
627	599
627	617
627	626
627	628
627	668
627	674
627	699
627	716
627	726
627	741
627	935
627	938
628	57
628	243
628	543
628	617
628	627
628	631
628	682
628	691
628	716
628	718
628	726
628	727
628	756
628	762
628	842
628	945
629	537
629	557
629	568
629	597
629	616
629	633
629	665
629	682
629	699
629	716
629	744
629	754
629	756
629	769
629	919
629	996
630	40
630	157
630	551
630	589
630	614
630	644
630	651
630	664
630	668
630	696
630	738
630	750
630	751
630	762
630	765
630	987
631	509
631	515
631	562
631	610
631	628
631	671
631	699
631	718
631	720
631	741
631	748
631	754
631	756
631	860
631	984
631	991
632	256
632	463
632	511
632	532
632	571
632	592
632	613
632	638
632	648
632	666
632	694
632	711
632	715
632	721
632	723
632	728
632	850
633	12
633	89
633	180
633	501
633	515
633	554
633	617
633	621
633	629
633	649
633	655
633	667
633	677
633	679
633	708
633	710
633	733
634	172
634	556
634	589
634	668
634	670
634	695
634	710
634	720
634	728
634	734
634	751
634	760
634	762
634	764
634	765
634	910
634	965
635	344
635	504
635	555
635	587
635	654
635	658
635	690
635	701
635	705
635	707
635	738
635	748
635	755
635	763
635	864
635	945
635	999
636	328
636	335
636	496
636	507
636	526
636	592
636	613
636	638
636	639
636	648
636	654
636	694
636	700
636	711
636	731
636	732
636	911
637	419
637	472
637	527
637	612
637	686
637	696
637	713
637	734
637	739
637	745
637	751
637	760
637	762
637	763
637	764
637	765
637	842
638	263
638	416
638	547
638	584
638	609
638	632
638	636
638	646
638	654
638	665
638	694
638	709
638	711
638	721
638	723
638	728
638	848
639	408
639	426
639	582
639	594
639	610
639	624
639	636
639	641
639	656
639	661
639	695
639	700
639	703
639	722
639	736
639	761
639	952
640	129
640	330
640	494
640	498
640	510
640	561
640	565
640	608
640	622
640	649
640	656
640	683
640	689
640	706
640	717
640	732
640	737
640	932
641	145
641	576
641	582
641	583
641	599
641	639
641	653
641	680
641	697
641	703
641	715
641	719
641	721
641	735
641	757
641	787
641	917
641	975
642	35
642	71
642	503
642	506
642	518
642	559
642	597
642	620
642	660
642	677
642	685
642	700
642	725
642	727
642	733
642	735
642	797
642	972
643	117
643	155
643	503
643	533
643	561
643	588
643	597
643	621
643	655
643	659
643	667
643	696
643	727
643	735
643	740
643	742
643	758
643	909
644	283
644	432
644	497
644	536
644	542
644	591
644	623
644	630
644	673
644	693
644	702
644	707
644	727
644	741
644	742
644	745
644	762
644	843
645	366
645	458
645	504
645	513
645	542
645	576
645	577
645	599
645	648
645	684
645	688
645	693
645	724
645	743
645	745
645	747
645	940
645	978
646	17
646	184
646	340
646	460
646	526
646	579
646	588
646	638
646	648
646	654
646	667
646	694
646	723
646	728
646	731
646	754
646	757
646	762
647	131
647	293
647	473
647	521
647	529
647	531
647	569
647	612
647	614
647	620
647	695
647	696
647	713
647	729
647	762
647	764
647	765
647	966
648	183
648	314
648	322
648	484
648	539
648	605
648	632
648	636
648	645
648	646
648	654
648	665
648	680
648	694
648	721
648	723
648	731
648	892
649	217
649	345
649	348
649	494
649	495
649	506
649	572
649	590
649	595
649	600
649	619
649	633
649	640
649	683
649	687
649	689
649	737
649	847
650	25
650	465
650	493
650	556
650	613
650	653
650	678
650	685
650	688
650	691
650	692
650	698
650	726
650	736
650	753
650	757
650	761
650	835
651	126
651	439
651	482
651	501
651	525
651	544
651	565
651	594
651	621
651	630
651	669
651	701
651	704
651	730
651	748
651	759
651	763
651	769
652	130
652	143
652	460
652	517
652	530
652	543
652	572
652	653
652	661
652	679
652	680
652	692
652	711
652	715
652	733
652	736
652	753
652	757
652	845
653	336
653	514
653	556
653	582
653	602
653	641
653	650
653	652
653	692
653	697
653	703
653	740
653	741
653	748
653	757
653	761
653	821
653	945
653	983
654	80
654	323
654	404
654	492
654	526
654	571
654	585
654	613
654	635
654	636
654	638
654	646
654	648
654	665
654	687
654	721
654	728
654	737
654	758
655	8
655	144
655	518
655	553
655	559
655	568
655	620
655	633
655	643
655	679
655	700
655	725
655	735
655	740
655	741
655	744
655	749
655	758
655	932
656	115
656	345
656	481
656	508
656	514
656	521
656	530
656	556
656	572
656	586
656	639
656	640
656	678
656	680
656	719
656	757
656	765
656	806
656	826
657	158
657	320
657	334
657	484
657	511
657	559
657	574
657	607
657	620
657	624
657	659
657	660
657	667
657	710
657	714
657	733
657	740
657	758
657	919
658	238
658	261
658	540
658	563
658	584
658	590
658	635
658	697
658	701
658	704
658	707
658	709
658	736
658	746
658	750
658	752
658	759
658	918
658	982
659	295
659	296
659	301
659	514
659	518
659	567
659	569
659	607
659	620
659	643
659	657
659	662
659	700
659	714
659	731
659	742
659	749
659	758
659	970
660	54
660	158
660	183
660	496
660	517
660	538
660	564
660	605
660	642
660	657
660	670
660	678
660	680
660	690
660	722
660	753
660	757
660	761
660	849
661	317
661	323
661	491
661	499
661	563
661	602
661	605
661	639
661	652
661	680
661	685
661	719
661	722
661	728
661	753
661	757
661	761
661	969
661	996
662	94
662	422
662	456
662	487
662	499
662	585
662	621
662	659
662	666
662	677
662	700
662	706
662	708
662	710
662	726
662	740
662	742
662	749
662	763
662	789
663	340
663	449
663	464
663	489
663	549
663	604
663	672
663	681
663	701
663	707
663	709
663	713
663	734
663	748
663	750
663	752
663	755
663	759
663	763
663	940
664	284
664	510
664	529
664	535
664	562
664	612
664	630
664	686
664	713
664	729
664	734
664	751
664	760
664	761
664	762
664	763
664	765
664	804
664	814
664	995
665	225
665	478
665	513
665	515
665	547
665	550
665	571
665	629
665	638
665	648
665	654
665	694
665	721
665	723
665	731
665	732
665	755
665	914
665	965
665	988
666	287
666	385
666	491
666	500
666	504
666	536
666	573
666	586
666	591
666	598
666	606
666	632
666	662
666	676
666	702
666	724
666	741
666	745
666	883
666	985
667	56
667	208
667	261
667	313
667	499
667	516
667	581
667	633
667	643
667	646
667	657
667	670
667	677
667	708
667	710
667	714
667	725
667	731
667	749
667	750
668	29
668	297
668	298
668	429
668	480
668	482
668	489
668	521
668	625
668	627
668	630
668	634
668	696
668	705
668	716
668	729
668	734
668	760
668	764
668	765
669	192
669	331
669	456
669	552
669	582
669	609
669	651
669	675
669	701
669	704
669	715
669	730
669	731
669	740
669	746
669	752
669	755
669	759
669	763
669	821
670	493
670	527
670	552
670	580
670	614
670	634
670	660
670	667
670	686
670	695
670	713
670	734
670	751
670	760
670	762
670	764
670	933
670	953
670	959
670	968
671	222
671	418
671	490
671	560
671	566
671	568
671	569
671	631
671	682
671	712
671	716
671	718
671	742
671	744
671	752
671	754
671	756
671	765
671	977
671	992
672	57
672	139
672	323
672	478
672	544
672	547
672	550
672	611
672	663
672	674
672	712
672	730
672	733
672	738
672	739
672	743
672	746
672	750
672	752
672	763
672	770
673	117
673	437
673	480
673	491
673	570
673	586
673	593
673	602
673	606
673	612
673	622
673	644
673	693
673	694
673	702
673	727
673	743
673	747
673	765
673	887
673	944
674	61
674	361
674	405
674	471
674	499
674	521
674	550
674	627
674	672
674	675
674	681
674	704
674	709
674	712
674	730
674	742
674	752
674	755
674	758
674	759
674	763
675	137
675	453
675	478
675	507
675	549
675	555
675	611
675	669
675	674
675	699
675	701
675	704
675	707
675	709
675	730
675	747
675	755
675	760
675	763
675	824
675	982
676	258
676	338
676	457
676	497
676	502
676	504
676	557
676	558
676	576
676	577
676	608
676	618
676	619
676	622
676	623
676	666
676	688
676	710
676	745
676	747
676	797
677	240
677	479
677	487
677	536
677	554
677	574
677	585
677	633
677	642
677	662
677	667
677	708
677	714
677	718
677	735
677	742
677	749
677	764
677	796
677	872
677	973
678	128
678	167
678	313
678	567
678	572
678	594
678	602
678	650
678	656
678	660
678	693
678	701
678	703
678	715
678	722
678	744
678	753
678	756
678	757
678	761
678	794
679	96
679	554
679	559
679	561
679	575
679	582
679	597
679	633
679	652
679	655
679	700
679	708
679	710
679	733
679	735
679	740
679	749
679	758
679	848
679	871
679	987
680	139
680	273
680	304
680	397
680	527
680	564
680	624
680	625
680	641
680	648
680	652
680	656
680	660
680	661
680	685
680	697
680	705
680	736
680	753
680	757
680	974
681	86
681	151
681	520
681	566
681	609
681	623
681	663
681	674
681	707
681	708
681	712
681	730
681	743
681	746
681	748
681	752
681	755
681	759
681	763
681	884
681	937
682	79
682	385
682	411
682	515
682	568
682	569
682	581
682	609
682	626
682	628
682	629
682	671
682	691
682	716
682	718
682	726
682	741
682	754
682	756
682	758
682	988
683	143
683	274
683	486
683	494
683	501
683	506
683	534
683	537
683	538
683	564
683	595
683	600
683	608
683	640
683	649
683	706
683	717
683	737
683	765
683	796
683	972
684	112
684	154
684	337
684	485
684	491
684	542
684	551
684	582
684	586
684	623
684	645
684	714
684	724
684	727
684	735
684	741
684	743
684	745
684	747
684	755
684	927
685	303
685	341
685	406
685	575
685	582
685	601
685	624
685	642
685	650
685	661
685	680
685	690
685	697
685	703
685	704
685	719
685	722
685	757
685	761
685	762
685	940
686	302
686	339
686	464
686	489
686	537
686	551
686	593
686	611
686	614
686	625
686	637
686	664
686	670
686	695
686	696
686	720
686	733
686	744
686	760
686	762
686	764
686	870
687	33
687	195
687	465
687	492
687	530
687	532
687	539
687	546
687	559
687	584
687	588
687	592
687	649
687	654
687	694
687	705
687	711
687	721
687	731
687	732
687	921
687	998
688	43
688	172
688	273
688	497
688	508
688	576
688	577
688	591
688	595
688	622
688	623
688	645
688	650
688	676
688	693
688	724
688	727
688	742
688	745
688	747
688	919
688	1000
689	160
689	164
689	249
689	288
689	486
689	495
689	506
689	534
689	537
689	561
689	590
689	602
689	608
689	640
689	649
689	706
689	708
689	717
689	720
689	751
689	763
689	869
690	240
690	262
690	299
690	306
690	481
690	545
690	582
690	583
690	602
690	619
690	624
690	635
690	660
690	685
690	692
690	696
690	697
690	719
690	744
690	753
690	756
690	757
691	162
691	334
691	509
691	512
691	528
691	560
691	569
691	595
691	610
691	617
691	628
691	650
691	682
691	718
691	726
691	744
691	750
691	751
691	754
691	756
691	854
691	952
692	97
692	175
692	500
692	508
692	538
692	545
692	571
692	575
692	577
692	601
692	605
692	650
692	652
692	653
692	690
692	698
692	736
692	753
692	757
692	761
692	951
692	966
692	976
693	44
693	48
693	319
693	480
693	511
693	526
693	548
693	570
693	591
693	606
693	644
693	645
693	673
693	678
693	688
693	724
693	727
693	741
693	743
693	745
693	747
693	761
693	954
694	63
694	468
694	478
694	532
694	576
694	584
694	613
694	632
694	636
694	638
694	646
694	648
694	665
694	673
694	687
694	711
694	721
694	726
694	728
694	735
694	737
694	885
694	990
695	128
695	283
695	332
695	437
695	488
695	489
695	523
695	581
695	603
695	634
695	639
695	647
695	670
695	686
695	713
695	720
695	751
695	756
695	760
695	762
695	764
695	765
695	963
696	147
696	176
696	178
696	312
696	496
696	529
696	573
696	630
696	637
696	643
696	647
696	668
696	686
696	690
696	720
696	729
696	735
696	760
696	762
696	763
696	764
696	765
696	903
697	193
697	307
697	338
697	361
697	487
697	530
697	541
697	543
697	556
697	567
697	587
697	620
697	624
697	641
697	653
697	658
697	680
697	685
697	690
697	703
697	715
697	728
697	736
697	845
698	61
698	538
698	541
698	556
698	567
698	575
698	583
698	584
698	591
698	605
698	613
698	650
698	692
698	714
698	715
698	722
698	724
698	736
698	757
698	761
698	824
698	833
698	930
698	990
699	194
699	336
699	344
699	438
699	490
699	528
699	557
699	568
699	578
699	579
699	604
699	610
699	617
699	626
699	627
699	629
699	631
699	675
699	716
699	732
699	741
699	753
699	754
699	863
700	316
700	342
700	432
700	434
700	541
700	597
700	599
700	615
700	620
700	636
700	639
700	642
700	655
700	659
700	662
700	679
700	714
700	725
700	733
700	740
700	742
700	752
700	758
700	775
701	65
701	178
701	306
701	507
701	510
701	617
701	618
701	635
701	651
701	658
701	663
701	669
701	675
701	678
701	704
701	709
701	712
701	722
701	730
701	738
701	746
701	750
701	763
701	973
702	304
702	306
702	341
702	485
702	504
702	586
702	598
702	600
702	606
702	612
702	618
702	619
702	622
702	644
702	666
702	673
702	703
702	713
702	724
702	727
702	743
702	747
702	764
702	903
702	925
703	134
703	156
703	391
703	443
703	508
703	543
703	564
703	575
703	594
703	613
703	639
703	641
703	653
703	678
703	685
703	697
703	702
703	715
703	729
703	736
703	753
703	755
703	757
703	760
703	921
704	108
704	252
704	522
704	544
704	552
704	557
704	563
704	587
704	651
704	658
704	669
704	674
704	675
704	685
704	701
704	708
704	709
704	712
704	730
704	748
704	760
704	763
704	912
704	933
704	947
705	137
705	170
705	264
705	322
705	483
705	509
705	523
705	527
705	529
705	551
705	573
705	603
705	635
705	668
705	680
705	687
705	713
705	724
705	729
705	751
705	760
705	762
705	764
705	765
705	889
706	148
706	275
706	281
706	486
706	494
706	495
706	498
706	510
706	519
706	548
706	580
706	590
706	595
706	596
706	608
706	640
706	662
706	683
706	689
706	714
706	723
706	737
706	765
706	836
706	957
707	331
707	341
707	425
707	485
707	502
707	559
707	565
707	601
707	635
707	644
707	658
707	663
707	675
707	681
707	738
707	746
707	747
707	748
707	750
707	753
707	755
707	759
707	763
707	801
707	924
708	228
708	316
708	503
708	511
708	516
708	554
708	556
708	581
708	620
708	633
708	662
708	667
708	677
708	679
708	681
708	689
708	704
708	725
708	733
708	745
708	749
708	758
708	859
708	905
708	1000
709	44
709	191
709	198
709	475
709	531
709	577
709	592
709	626
709	638
709	658
709	663
709	674
709	675
709	701
709	704
709	712
709	730
709	739
709	746
709	750
709	752
709	755
709	759
709	763
709	779
710	149
710	234
710	247
710	250
710	498
710	533
710	559
710	581
710	583
710	597
710	621
710	633
710	634
710	657
710	662
710	667
710	676
710	679
710	723
710	725
710	740
710	742
710	749
710	758
710	986
711	114
711	331
711	450
711	478
711	513
711	531
711	532
711	539
711	562
711	579
711	588
711	632
711	636
711	638
711	652
711	687
711	694
711	721
711	728
711	731
711	732
711	736
711	740
711	762
711	853
711	961
712	422
712	467
712	500
712	516
712	549
712	558
712	591
712	601
712	671
712	672
712	674
712	681
712	701
712	704
712	709
712	714
712	720
712	730
712	738
712	746
712	750
712	755
712	763
712	869
712	920
712	924
713	166
713	174
713	475
713	483
713	505
713	585
713	625
713	637
713	647
713	663
713	664
713	670
713	695
713	702
713	705
713	720
713	729
713	747
713	751
713	760
713	761
713	762
713	764
713	765
713	809
713	957
714	232
714	497
714	511
714	554
714	607
714	615
714	621
714	657
714	659
714	667
714	677
714	684
714	698
714	700
714	706
714	712
714	735
714	740
714	742
714	749
714	758
714	759
714	872
714	877
714	882
714	980
715	61
715	147
715	217
715	326
715	445
715	495
715	507
715	517
715	541
715	545
715	583
715	594
715	602
715	632
715	641
715	652
715	669
715	678
715	697
715	698
715	703
715	719
715	753
715	757
715	760
715	761
716	92
716	131
716	161
716	515
716	566
716	568
716	604
716	610
716	616
716	627
716	628
716	629
716	668
716	671
716	682
716	699
716	724
716	726
716	744
716	754
716	756
716	757
716	760
716	764
716	790
716	989
717	118
717	178
717	204
717	458
717	494
717	495
717	498
717	506
717	510
717	518
717	519
717	525
717	537
717	561
717	590
717	595
717	600
717	608
717	640
717	683
717	689
717	729
717	732
717	734
717	737
717	947
717	1000
718	159
718	160
718	166
718	282
718	407
718	490
718	515
718	528
718	549
718	557
718	562
718	610
718	616
718	626
718	628
718	631
718	671
718	677
718	682
718	691
718	726
718	738
718	754
718	755
718	756
718	762
718	980
719	255
719	514
719	530
719	543
719	545
719	551
719	572
719	594
719	598
719	602
719	605
719	621
719	641
719	656
719	661
719	685
719	690
719	715
719	736
719	743
719	757
719	761
719	762
719	869
719	898
719	935
719	991
720	64
720	331
720	365
720	468
720	512
720	573
720	589
720	593
720	603
720	625
720	631
720	634
720	686
720	689
720	695
720	696
720	712
720	713
720	729
720	730
720	732
720	734
720	751
720	762
720	765
720	792
720	882
721	233
721	345
721	355
721	513
721	526
721	533
721	539
721	542
721	546
721	579
721	632
721	638
721	641
721	648
721	654
721	665
721	687
721	694
721	711
721	728
721	731
721	732
721	737
721	761
721	891
721	917
721	999
722	119
722	138
722	429
722	481
722	483
722	517
722	529
722	543
722	567
722	575
722	624
722	639
722	660
722	661
722	678
722	685
722	698
722	701
722	736
722	740
722	753
722	757
722	759
722	761
722	765
722	949
722	965
723	210
723	459
723	470
723	478
723	492
723	496
723	513
723	531
723	545
723	547
723	571
723	594
723	613
723	625
723	632
723	638
723	646
723	648
723	665
723	706
723	710
723	728
723	731
723	732
723	758
723	935
723	985
724	127
724	242
724	416
724	480
724	488
724	570
724	577
724	586
724	595
724	618
724	619
724	645
724	666
724	684
724	688
724	693
724	698
724	702
724	705
724	716
724	727
724	741
724	759
724	761
724	798
724	858
724	923
725	145
725	182
725	315
725	469
725	470
725	499
725	503
725	509
725	581
725	585
725	607
725	615
725	620
725	642
725	655
725	667
725	700
725	708
725	710
725	726
725	733
725	742
725	749
725	757
725	758
725	759
725	763
725	904
726	325
726	329
726	336
726	343
726	522
726	528
726	562
726	566
726	567
726	568
726	599
726	604
726	610
726	616
726	624
726	627
726	628
726	650
726	662
726	682
726	691
726	694
726	716
726	718
726	725
726	744
726	756
726	920
727	53
727	76
727	120
727	343
727	488
727	504
727	542
727	591
727	605
727	606
727	619
727	623
727	628
727	642
727	643
727	644
727	673
727	684
727	688
727	693
727	702
727	724
727	741
727	743
727	745
727	762
727	764
727	827
728	47
728	157
728	170
728	178
728	492
728	531
728	571
728	579
728	588
728	592
728	613
728	632
728	634
728	638
728	646
728	654
728	661
728	694
728	697
728	711
728	721
728	723
728	731
728	732
728	756
728	764
728	970
728	978
729	123
729	370
729	386
729	513
729	523
729	553
729	567
729	612
729	614
729	625
729	647
729	664
729	668
729	696
729	703
729	705
729	713
729	717
729	720
729	734
729	748
729	751
729	760
729	762
729	764
729	765
729	822
729	937
730	206
730	264
730	374
730	430
730	476
730	520
730	523
730	527
730	544
730	552
730	562
730	609
730	651
730	669
730	672
730	674
730	675
730	681
730	701
730	704
730	709
730	712
730	720
730	739
730	747
730	759
730	763
730	884
731	136
731	340
731	444
731	449
731	483
731	496
731	513
731	526
731	530
731	532
731	547
731	571
731	588
731	636
731	646
731	648
731	659
731	665
731	667
731	669
731	687
731	711
731	721
731	723
731	728
731	732
731	758
731	907
731	950
732	102
732	113
732	175
732	318
732	484
732	494
732	496
732	513
732	531
732	539
732	546
732	571
732	579
732	588
732	613
732	636
732	640
732	665
732	687
732	699
732	711
732	717
732	720
732	721
732	723
732	728
732	731
732	752
732	875
733	203
733	327
733	469
733	499
733	516
733	528
733	533
733	574
733	585
733	621
733	633
733	642
733	652
733	657
733	672
733	679
733	686
733	700
733	708
733	725
733	735
733	737
733	740
733	742
733	745
733	758
733	809
733	838
733	990
734	145
734	223
734	231
734	450
734	479
734	489
734	502
734	524
734	551
734	589
734	603
734	634
734	637
734	663
734	664
734	668
734	670
734	717
734	720
734	729
734	749
734	751
734	757
734	760
734	761
734	762
734	764
734	765
734	966
735	246
735	255
735	462
735	465
735	487
735	498
735	501
735	516
735	574
735	585
735	615
735	620
735	621
735	641
735	642
735	643
735	655
735	677
735	679
735	684
735	694
735	696
735	714
735	733
735	740
735	748
735	758
735	802
735	938
736	144
736	328
736	466
736	493
736	514
736	541
736	563
736	583
736	614
736	624
736	626
736	639
736	650
736	652
736	658
736	680
736	692
736	697
736	698
736	703
736	711
736	719
736	722
736	754
736	757
736	761
736	806
736	859
736	968
737	181
737	266
737	343
737	486
737	495
737	498
737	506
737	510
737	534
737	537
737	548
737	561
737	589
737	596
737	600
737	608
737	640
737	649
737	654
737	683
737	694
737	706
737	717
737	721
737	733
737	765
737	865
737	889
737	992
738	79
738	101
738	160
738	412
738	481
738	507
738	525
738	540
738	555
738	558
738	600
738	601
738	607
738	609
738	611
738	630
738	635
738	672
738	701
738	707
738	712
738	718
738	739
738	750
738	752
738	763
738	765
738	945
738	995
739	143
739	250
739	289
739	342
739	500
739	503
739	506
739	507
739	520
739	525
739	549
739	563
739	565
739	574
739	588
739	637
739	672
739	709
739	730
739	738
739	746
739	748
739	750
739	752
739	753
739	755
739	759
739	763
739	953
739	975
740	135
740	435
740	450
740	511
740	518
740	541
740	574
740	581
740	585
740	597
740	614
740	643
740	653
740	655
740	657
740	662
740	669
740	679
740	700
740	710
740	711
740	714
740	722
740	733
740	735
740	742
740	758
740	784
740	946
740	984
741	141
741	263
741	376
741	398
741	480
741	485
741	488
741	497
741	576
741	591
741	598
741	619
741	622
741	627
741	631
741	644
741	653
741	655
741	666
741	682
741	684
741	693
741	699
741	724
741	727
741	743
741	745
741	747
741	791
741	951
742	49
742	142
742	265
742	499
742	503
742	511
742	533
742	559
742	585
742	591
742	615
742	643
742	644
742	659
742	662
742	671
742	674
742	677
742	688
742	700
742	710
742	714
742	725
742	733
742	740
742	749
742	755
742	758
742	831
742	997
742	1000
743	69
743	95
743	299
743	488
743	536
743	542
743	570
743	576
743	577
743	591
743	606
743	618
743	619
743	624
743	645
743	672
743	673
743	681
743	684
743	693
743	702
743	719
743	727
743	741
743	745
743	747
743	757
743	759
743	891
743	908
743	931
744	179
744	322
744	329
744	335
744	484
744	509
744	515
744	522
744	528
744	557
744	566
744	569
744	578
744	599
744	616
744	617
744	626
744	629
744	655
744	671
744	678
744	686
744	690
744	691
744	716
744	726
744	756
744	763
744	764
744	815
744	965
744	987
745	75
745	226
745	438
745	448
745	480
745	497
745	505
745	528
745	536
745	555
745	570
745	598
745	606
745	618
745	623
745	637
745	644
745	645
745	666
745	676
745	684
745	688
745	693
745	708
745	727
745	733
745	741
745	743
745	747
745	818
745	945
745	999
746	90
746	177
746	183
746	342
746	442
746	482
746	502
746	507
746	516
746	520
746	525
746	532
746	536
746	540
746	563
746	609
746	658
746	669
746	672
746	681
746	701
746	707
746	709
746	712
746	739
746	748
746	750
746	753
746	754
746	755
746	756
746	929
747	2
747	288
747	395
747	461
747	480
747	488
747	491
747	525
747	536
747	570
747	618
747	622
747	623
747	626
747	645
747	673
747	675
747	676
747	684
747	688
747	693
747	702
747	707
747	713
747	730
747	741
747	743
747	745
747	749
747	750
747	839
747	941
748	236
748	344
748	500
748	502
748	520
748	550
748	554
748	555
748	558
748	563
748	565
748	572
748	611
748	631
748	635
748	651
748	653
748	663
748	681
748	704
748	707
748	729
748	735
748	739
748	746
748	750
748	755
748	759
748	763
748	818
748	919
748	981
748	990
749	429
749	451
749	503
749	518
749	533
749	547
749	554
749	575
749	579
749	585
749	597
749	607
749	615
749	655
749	659
749	662
749	667
749	677
749	679
749	708
749	710
749	714
749	725
749	734
749	742
749	747
749	751
749	758
749	897
749	912
749	968
749	980
749	987
750	60
750	140
750	159
750	283
750	520
750	535
750	552
750	555
750	558
750	587
750	601
750	603
750	630
750	658
750	663
750	667
750	672
750	691
750	701
750	707
750	709
750	712
750	738
750	739
750	746
750	747
750	748
750	752
750	755
750	758
750	759
750	763
750	811
750	961
751	36
751	39
751	175
751	304
751	422
751	457
751	489
751	505
751	524
751	551
751	573
751	574
751	598
751	616
751	625
751	630
751	634
751	637
751	664
751	670
751	689
751	691
751	695
751	705
751	713
751	720
751	729
751	734
751	749
751	754
751	760
751	762
751	764
751	765
751	861
752	5
752	109
752	137
752	183
752	482
752	500
752	504
752	529
752	549
752	550
752	555
752	565
752	601
752	611
752	616
752	621
752	658
752	663
752	669
752	671
752	672
752	674
752	681
752	700
752	709
752	732
752	738
752	739
752	750
752	755
752	759
752	763
752	801
752	910
752	921
752	988
753	64
753	143
753	280
753	333
753	493
753	508
753	517
753	518
753	519
753	538
753	541
753	550
753	564
753	575
753	577
753	594
753	650
753	652
753	660
753	661
753	678
753	680
753	690
753	692
753	699
753	703
753	707
753	715
753	722
753	739
753	746
753	757
753	761
753	880
753	921
753	927
754	180
754	234
754	271
754	275
754	339
754	406
754	490
754	509
754	522
754	557
754	560
754	562
754	566
754	578
754	589
754	592
754	597
754	599
754	604
754	611
754	616
754	626
754	629
754	631
754	646
754	671
754	682
754	691
754	699
754	716
754	718
754	736
754	746
754	751
754	756
754	911
754	973
755	26
755	48
755	133
755	207
755	492
755	500
755	502
755	525
755	534
755	544
755	549
755	555
755	587
755	611
755	622
755	635
755	663
755	665
755	669
755	674
755	675
755	681
755	684
755	703
755	707
755	709
755	712
755	718
755	739
755	742
755	746
755	748
755	750
755	752
755	973
755	975
755	999
756	80
756	148
756	150
756	177
756	248
756	262
756	298
756	490
756	512
756	515
756	528
756	546
756	557
756	560
756	562
756	569
756	578
756	580
756	604
756	607
756	610
756	617
756	626
756	628
756	629
756	631
756	671
756	678
756	682
756	690
756	691
756	695
756	716
756	718
756	726
756	728
756	744
756	746
756	754
757	181
757	365
757	388
757	420
757	451
757	462
757	490
757	508
757	530
757	538
757	543
757	571
757	583
757	605
757	615
757	641
757	646
757	650
757	652
757	653
757	656
757	660
757	661
757	678
757	680
757	685
757	690
757	692
757	698
757	703
757	715
757	716
757	719
757	722
757	725
757	734
757	736
757	743
757	753
757	818
757	842
758	10
758	439
758	487
758	488
758	499
758	501
758	511
758	533
758	570
758	581
758	597
758	607
758	620
758	621
758	643
758	654
758	655
758	657
758	659
758	674
758	679
758	682
758	700
758	708
758	710
758	714
758	723
758	725
758	731
758	733
758	735
758	740
758	742
758	749
758	750
758	808
758	908
758	944
758	980
758	984
758	992
759	104
759	212
759	320
759	424
759	447
759	477
759	482
759	492
759	520
759	525
759	540
759	552
759	558
759	563
759	565
759	587
759	601
759	606
759	611
759	622
759	651
759	658
759	663
759	669
759	674
759	681
759	707
759	709
759	714
759	722
759	724
759	725
759	730
759	739
759	743
759	748
759	750
759	752
759	761
759	763
759	789
759	998
760	132
760	215
760	274
760	298
760	345
760	424
760	458
760	479
760	483
760	505
760	523
760	527
760	535
760	545
760	551
760	553
760	559
760	579
760	589
760	593
760	603
760	604
760	614
760	634
760	637
760	664
760	668
760	670
760	675
760	686
760	695
760	696
760	703
760	704
760	705
760	713
760	715
760	716
760	729
760	734
760	751
760	762
760	764
760	765
760	857
760	975
761	165
761	182
761	391
761	493
761	530
761	538
761	545
761	556
761	560
761	564
761	567
761	572
761	582
761	583
761	594
761	602
761	605
761	621
761	624
761	639
761	650
761	653
761	660
761	661
761	664
761	678
761	685
761	692
761	693
761	698
761	713
761	715
761	719
761	721
761	722
761	724
761	734
761	736
761	753
761	759
761	764
761	895
761	911
761	932
761	957
761	985
761	989
762	114
762	118
762	127
762	168
762	177
762	285
762	315
762	330
762	415
762	479
762	521
762	523
762	527
762	529
762	535
762	551
762	573
762	578
762	580
762	614
762	625
762	628
762	630
762	634
762	637
762	644
762	646
762	647
762	664
762	670
762	685
762	686
762	695
762	696
762	705
762	711
762	713
762	718
762	719
762	720
762	727
762	729
762	734
762	751
762	760
762	764
762	765
762	977
763	43
763	118
763	500
763	502
763	522
763	540
763	543
763	555
763	565
763	586
763	587
763	601
763	611
763	635
763	637
763	651
763	662
763	663
763	664
763	669
763	672
763	674
763	675
763	681
763	689
763	696
763	701
763	704
763	707
763	709
763	712
763	725
763	730
763	738
763	739
763	744
763	748
763	750
763	752
763	759
763	838
763	866
763	883
763	895
763	921
763	942
763	947
763	971
764	19
764	84
764	142
764	211
764	340
764	441
764	479
764	483
764	487
764	523
764	527
764	529
764	535
764	553
764	580
764	589
764	593
764	603
764	612
764	614
764	619
764	634
764	637
764	647
764	668
764	670
764	677
764	686
764	695
764	696
764	702
764	705
764	713
764	716
764	727
764	728
764	729
764	734
764	744
764	751
764	760
764	761
764	762
764	765
764	775
764	886
764	976
764	984
765	156
765	165
765	268
765	333
765	418
765	469
765	483
765	491
765	505
765	517
765	521
765	523
765	524
765	535
765	551
765	553
765	573
765	589
765	593
765	603
765	630
765	634
765	637
765	647
765	656
765	664
765	668
765	671
765	673
765	683
765	695
765	696
765	705
765	706
765	713
765	720
765	722
765	729
765	734
765	737
765	738
765	751
765	760
765	762
765	764
765	851
765	939
765	993
765	996
766	322
766	356
766	790
766	877
766	880
766	931
766	933
766	940
766	968
766	984
767	107
767	136
767	775
767	916
767	930
767	956
767	971
767	985
767	990
767	993
768	145
768	467
768	835
768	960
768	966
768	968
768	973
768	986
768	994
768	999
769	629
769	651
769	781
769	795
769	828
769	942
769	947
769	981
769	994
769	999
770	547
770	672
770	926
770	929
770	952
770	965
770	967
770	983
770	989
770	992
771	66
771	451
771	814
771	827
771	923
771	925
771	941
771	978
771	984
771	995
772	161
772	440
772	785
772	824
772	902
772	927
772	933
772	946
772	968
772	984
773	174
773	586
773	813
773	886
773	889
773	937
773	977
773	985
773	990
773	993
774	253
774	413
774	915
774	939
774	958
774	966
774	986
774	991
774	994
774	999
775	700
775	764
775	767
775	852
775	940
775	947
775	953
775	977
775	990
775	993
776	7
776	549
776	867
776	880
776	889
776	969
776	987
776	991
776	996
776	998
777	292
777	483
777	890
777	903
777	919
777	932
777	953
777	965
777	972
777	995
778	309
778	330
778	796
778	820
778	906
778	922
778	936
778	951
778	961
778	982
779	254
779	709
779	878
779	897
779	908
779	920
779	938
779	955
779	996
779	998
780	144
780	609
780	791
780	895
780	948
780	971
780	977
780	985
780	990
780	993
781	380
781	402
781	769
781	859
781	866
781	931
781	945
781	960
781	981
781	994
782	165
782	416
782	799
782	826
782	938
782	966
782	972
782	997
782	998
782	1000
783	92
783	170
783	788
783	818
783	870
783	936
783	961
783	969
783	979
783	982
784	474
784	740
784	814
784	855
784	912
784	942
784	958
784	960
784	973
784	994
785	106
785	334
785	772
785	919
785	956
785	957
785	971
785	985
785	990
785	993
786	68
786	419
786	823
786	869
786	939
786	952
786	958
786	960
786	973
786	994
787	489
787	641
787	836
787	839
787	844
787	939
787	983
787	989
787	993
787	1000
788	42
788	169
788	783
788	873
788	885
788	905
788	951
788	961
788	979
788	982
788	992
789	662
789	759
789	819
789	887
789	905
789	907
789	922
789	948
789	976
789	979
789	982
790	52
790	716
790	766
790	850
790	882
790	899
790	930
790	991
790	997
790	998
790	1000
791	425
791	741
791	780
791	813
791	867
791	878
791	938
791	959
791	983
791	987
791	997
792	82
792	720
792	865
792	898
792	915
792	938
792	953
792	968
792	981
792	986
792	999
793	169
793	193
793	907
793	912
793	963
793	969
793	973
793	981
793	986
793	994
793	999
794	40
794	678
794	836
794	844
794	861
794	911
794	929
794	949
794	963
794	980
794	992
795	270
795	440
795	769
795	810
795	819
795	863
795	897
795	921
795	935
795	945
795	981
796	677
796	683
796	778
796	817
796	872
796	896
796	919
796	932
796	950
796	988
796	995
797	642
797	676
797	839
797	882
797	888
797	940
797	955
797	959
797	991
797	997
797	998
798	560
798	724
798	877
798	924
798	944
798	971
798	977
798	985
798	990
798	991
798	993
799	400
799	478
799	782
799	841
799	842
799	858
799	869
799	996
799	997
799	998
799	1000
800	116
800	574
800	872
800	911
800	914
800	944
800	962
800	972
800	990
800	993
800	998
801	464
801	707
801	752
801	870
801	902
801	923
801	926
801	974
801	978
801	984
801	985
802	277
802	626
802	735
802	825
802	828
802	913
802	939
802	976
802	989
802	991
802	992
803	184
803	380
803	826
803	873
803	877
803	880
803	893
803	923
803	933
803	968
803	984
804	135
804	460
804	664
804	834
804	918
804	956
804	962
804	977
804	985
804	990
804	993
805	396
805	446
805	584
805	868
805	870
805	906
805	911
805	936
805	957
805	979
805	982
806	305
806	656
806	736
806	906
806	908
806	922
806	939
806	949
806	967
806	983
806	989
807	164
807	457
807	833
807	858
807	910
807	935
807	946
807	950
807	959
807	991
807	1000
808	77
808	758
808	906
808	922
808	936
808	939
808	948
808	951
808	954
808	961
808	979
809	713
809	733
809	818
809	862
809	867
809	903
809	927
809	943
809	964
809	980
809	989
810	343
810	499
810	519
810	795
810	863
810	942
810	958
810	986
810	987
810	989
810	999
811	626
811	750
811	813
811	924
811	931
811	958
811	969
811	987
811	989
811	991
811	997
812	139
812	277
812	874
812	895
812	947
812	956
812	977
812	985
812	987
812	990
812	993
813	154
813	549
813	773
813	791
813	811
813	849
813	858
813	883
813	924
813	929
813	998
814	474
814	664
814	771
814	784
814	871
814	926
814	968
814	974
814	977
814	978
814	984
815	20
815	744
815	817
815	845
815	892
815	917
815	972
815	976
815	988
815	995
815	998
816	399
816	549
816	892
816	896
816	919
816	921
816	966
816	972
816	976
816	988
816	995
817	74
817	224
817	796
817	815
817	855
817	856
817	916
817	928
817	954
817	972
817	988
817	995
818	745
818	748
818	757
818	783
818	809
818	836
818	862
818	934
818	961
818	963
818	967
818	998
819	328
819	334
819	789
819	795
819	870
819	911
819	922
819	948
819	961
819	979
819	982
819	992
820	235
820	583
820	778
820	865
820	866
820	875
820	900
820	907
820	921
820	986
820	992
820	994
821	613
821	653
821	669
821	891
821	942
821	960
821	967
821	980
821	983
821	989
821	992
821	993
822	304
822	539
822	729
822	829
822	849
822	888
822	894
822	943
822	955
822	991
822	996
822	997
823	299
823	345
823	786
823	869
823	896
823	907
823	933
823	935
823	942
823	973
823	994
823	999
824	341
824	675
824	698
824	772
824	864
824	871
824	925
824	940
824	941
824	974
824	984
824	990
825	314
825	595
825	802
825	900
825	939
825	942
825	943
825	952
825	964
825	983
825	989
825	1000
826	170
826	568
826	656
826	782
826	803
826	896
826	931
826	938
826	945
826	954
826	955
826	996
827	90
827	727
827	771
827	833
827	878
827	882
827	928
827	944
827	959
827	987
827	996
827	997
828	151
828	534
828	769
828	802
828	839
828	846
828	932
828	934
828	975
828	980
828	983
828	992
829	117
829	596
829	608
829	822
829	873
829	886
829	911
829	936
829	948
829	951
829	979
829	982
830	382
830	612
830	904
830	908
830	911
830	929
830	934
830	970
830	980
830	983
830	992
830	1000
831	175
831	474
831	742
831	908
831	918
831	925
831	943
831	949
831	964
831	967
831	975
831	997
832	167
832	316
832	477
832	853
832	943
832	945
832	946
832	965
832	988
832	991
832	997
832	998
833	612
833	698
833	807
833	827
833	860
833	888
833	912
833	987
833	991
833	996
833	997
833	1000
834	129
834	338
834	804
834	840
834	883
834	885
834	887
834	922
834	936
834	975
834	979
834	982
835	185
835	392
835	650
835	768
835	855
835	882
835	897
835	934
835	965
835	969
835	991
835	1000
836	28
836	383
836	706
836	787
836	794
836	818
836	939
836	945
836	964
836	981
836	989
836	996
837	239
837	463
837	878
837	879
837	943
837	952
837	963
837	967
837	970
837	975
837	980
837	992
838	733
838	763
838	892
838	919
838	937
838	954
838	959
838	972
838	976
838	983
838	988
838	995
839	334
839	356
839	747
839	787
839	797
839	828
839	872
839	908
839	952
839	963
839	970
839	993
840	156
840	312
840	834
840	861
840	887
840	906
840	911
840	917
840	951
840	961
840	979
840	982
841	120
841	141
841	306
841	799
841	853
841	917
841	928
841	938
841	960
841	987
841	996
841	998
841	1000
842	628
842	637
842	757
842	799
842	858
842	871
842	925
842	933
842	951
842	968
842	974
842	978
842	984
843	444
843	644
843	851
843	908
843	917
843	922
843	937
843	953
843	954
843	972
843	976
843	988
843	995
844	11
844	269
844	566
844	787
844	794
844	909
844	939
844	949
844	963
844	975
844	976
844	985
844	992
845	199
845	652
845	697
845	815
845	852
845	859
845	875
845	957
845	971
845	985
845	990
845	993
845	996
846	169
846	288
846	828
846	904
846	906
846	915
846	958
846	960
846	979
846	981
846	986
846	994
846	999
847	144
847	511
847	649
847	878
847	904
847	907
847	915
847	921
847	942
847	957
847	958
847	966
847	981
848	138
848	638
848	679
848	851
848	916
848	919
848	932
848	959
848	968
848	972
848	976
848	988
848	995
849	364
849	660
849	813
849	822
849	905
849	921
849	930
849	931
849	956
849	965
849	996
849	997
849	998
850	179
850	466
850	632
850	790
850	858
850	938
850	965
850	969
850	975
850	990
850	991
850	996
850	998
851	70
851	765
851	843
851	848
851	884
851	927
851	937
851	953
851	962
851	972
851	973
851	988
851	995
852	132
852	196
852	775
852	845
852	875
852	957
852	965
852	966
852	971
852	977
852	988
852	990
852	993
853	80
853	577
853	711
853	832
853	841
853	955
853	980
853	987
853	989
853	991
853	996
853	997
853	1000
854	591
854	691
854	860
854	861
854	881
854	904
854	907
854	912
854	961
854	966
854	973
854	976
854	999
855	95
855	301
855	517
855	784
855	817
855	835
855	867
855	930
855	945
855	977
855	987
855	997
855	998
855	1000
856	103
856	183
856	817
856	865
856	871
856	876
856	879
856	916
856	937
856	953
856	954
856	979
856	988
856	995
857	183
857	319
857	760
857	873
857	906
857	922
857	936
857	945
857	947
857	948
857	961
857	972
857	979
857	982
858	150
858	243
858	724
858	799
858	807
858	813
858	842
858	850
858	915
858	924
858	927
858	938
858	996
858	1000
859	170
859	708
859	736
859	781
859	845
859	868
859	898
859	915
859	949
859	981
859	986
859	992
859	994
859	999
860	394
860	468
860	631
860	833
860	854
860	868
860	900
860	904
860	909
860	918
860	935
860	960
860	986
860	999
861	375
861	751
861	794
861	840
861	854
861	877
861	883
861	923
861	926
861	933
861	941
861	974
861	978
861	984
862	150
862	240
862	458
862	809
862	818
862	867
862	882
862	913
862	929
862	964
862	967
862	980
862	989
862	992
863	154
863	408
863	699
863	795
863	810
863	881
863	942
863	946
863	958
863	960
863	966
863	973
863	977
863	982
864	235
864	590
864	635
864	824
864	886
864	890
864	917
864	937
864	950
864	957
864	972
864	976
864	988
864	995
865	173
865	194
865	737
865	792
865	820
865	856
865	958
865	960
865	966
865	975
865	981
865	991
865	994
865	999
866	289
866	335
866	763
866	781
866	820
866	881
866	895
866	907
866	912
866	935
866	960
866	981
866	986
866	999
867	197
867	340
867	582
867	776
867	791
867	809
867	855
867	862
867	894
867	928
867	952
867	969
867	987
867	998
867	1000
868	124
868	178
868	428
868	805
868	859
868	860
868	906
868	912
868	921
868	942
868	973
868	979
868	981
868	986
868	999
869	689
869	712
869	719
869	786
869	799
869	823
869	900
869	915
869	935
869	942
869	966
869	978
869	981
869	984
869	999
870	453
870	461
870	686
870	783
870	801
870	805
870	819
870	885
870	922
870	936
870	947
870	948
870	959
870	979
870	982
871	6
871	330
871	679
871	814
871	824
871	842
871	856
871	880
871	885
871	894
871	923
871	927
871	940
871	978
871	984
872	604
872	677
872	714
872	796
872	800
872	839
872	885
872	887
872	906
872	922
872	951
872	961
872	976
872	979
872	982
873	67
873	141
873	302
873	788
873	803
873	829
873	857
873	906
873	911
873	946
873	948
873	951
873	961
873	963
873	982
874	474
874	500
874	556
874	812
874	901
874	905
874	913
874	952
874	967
874	970
874	975
874	983
874	989
874	992
874	993
875	78
875	530
875	732
875	820
875	845
875	852
875	934
875	947
875	956
875	957
875	966
875	971
875	985
875	990
875	993
876	108
876	310
876	473
876	856
876	884
876	892
876	917
876	936
876	953
876	954
876	972
876	976
876	983
876	993
876	995
877	125
877	276
877	714
877	766
877	798
877	803
877	861
877	925
877	927
877	941
877	968
877	974
877	977
877	978
877	994
878	162
878	201
878	428
878	779
878	791
878	827
878	837
878	847
878	945
878	954
878	991
878	996
878	997
878	998
878	1000
879	180
879	358
879	372
879	837
879	856
879	890
879	917
879	950
879	953
879	954
879	972
879	976
879	977
879	983
879	988
879	995
880	165
880	327
880	753
880	766
880	776
880	803
880	871
880	893
880	902
880	926
880	927
880	940
880	974
880	978
880	984
880	988
881	153
881	256
881	369
881	854
881	863
881	866
881	891
881	900
881	948
881	958
881	962
881	981
881	982
881	986
881	994
881	999
882	421
882	714
882	720
882	790
882	797
882	827
882	835
882	862
882	901
882	942
882	965
882	987
882	991
882	996
882	998
882	1000
883	311
883	383
883	666
883	763
883	813
883	834
883	861
883	903
883	925
883	926
883	940
883	941
883	968
883	974
883	978
883	984
884	423
884	681
884	730
884	851
884	876
884	896
884	917
884	926
884	932
884	950
884	958
884	976
884	987
884	988
884	995
884	998
885	117
885	601
885	694
885	788
885	834
885	870
885	871
885	872
885	887
885	898
885	922
885	923
885	951
885	961
885	979
885	982
886	172
886	280
886	616
886	764
886	773
886	829
886	864
886	895
886	920
886	944
886	962
886	971
886	985
886	990
886	993
886	996
887	425
887	453
887	673
887	789
887	834
887	840
887	872
887	885
887	894
887	921
887	931
887	936
887	948
887	951
887	961
887	981
887	982
888	213
888	345
888	599
888	797
888	822
888	833
888	918
888	945
888	946
888	950
888	955
888	965
888	969
888	978
888	996
888	997
888	998
889	27
889	109
889	705
889	737
889	773
889	776
889	914
889	944
889	956
889	962
889	970
889	971
889	977
889	985
889	990
889	993
889	997
890	202
890	220
890	391
890	777
890	864
890	879
890	936
890	937
890	947
890	950
890	953
890	954
890	970
890	972
890	988
890	995
890	999
891	345
891	473
891	721
891	743
891	821
891	881
891	918
891	952
891	956
891	964
891	967
891	972
891	980
891	983
891	989
891	991
891	992
892	31
892	351
892	648
892	815
892	816
892	838
892	876
892	912
892	919
892	939
892	950
892	954
892	972
892	976
892	988
892	995
892	999
893	85
893	380
893	430
893	581
893	803
893	880
893	900
893	923
893	925
893	940
893	941
893	951
893	958
893	968
893	974
893	978
893	984
894	111
894	539
894	615
894	822
894	867
894	871
894	887
894	928
894	936
894	941
894	945
894	946
894	969
894	987
894	991
894	997
894	1000
895	464
895	761
895	763
895	780
895	812
895	866
895	886
895	914
895	944
895	947
895	962
895	963
895	977
895	985
895	990
895	993
895	994
896	130
896	332
896	625
896	796
896	816
896	823
896	826
896	884
896	909
896	916
896	917
896	932
896	950
896	953
896	954
896	988
896	995
897	468
897	532
897	545
897	749
897	779
897	795
897	835
897	905
897	910
897	946
897	955
897	967
897	969
897	990
897	991
897	997
897	998
897	1000
898	130
898	339
898	719
898	792
898	859
898	885
898	900
898	904
898	907
898	921
898	935
898	949
898	958
898	965
898	966
898	986
898	994
898	997
899	165
899	184
899	292
899	317
899	790
899	914
899	920
899	947
899	956
899	957
899	962
899	971
899	974
899	977
899	985
899	987
899	990
899	993
900	283
900	291
900	335
900	820
900	825
900	860
900	869
900	881
900	893
900	898
900	904
900	912
900	935
900	949
900	973
900	986
900	994
900	999
901	141
901	301
901	360
901	616
901	874
901	882
901	909
901	949
901	952
901	963
901	967
901	970
901	971
901	975
901	983
901	989
901	991
901	992
902	19
902	32
902	292
902	772
902	801
902	880
902	903
902	923
902	925
902	927
902	932
902	940
902	952
902	968
902	974
902	978
902	984
902	996
903	168
903	343
903	696
903	702
903	777
903	809
903	883
903	902
903	909
903	913
903	918
903	934
903	963
903	964
903	975
903	983
903	989
903	992
903	995
904	161
904	183
904	342
904	725
904	830
904	846
904	847
904	854
904	860
904	898
904	900
904	906
904	938
904	966
904	973
904	981
904	986
904	993
904	999
905	56
905	328
905	576
905	708
905	788
905	789
905	849
905	874
905	897
905	909
905	910
905	930
905	945
905	959
905	987
905	996
905	997
905	998
905	1000
906	119
906	267
906	413
906	585
906	778
906	805
906	806
906	808
906	840
906	846
906	857
906	868
906	872
906	873
906	904
906	948
906	951
906	979
906	982
907	47
907	92
907	473
907	731
907	789
907	793
907	820
907	823
907	847
907	854
907	866
907	898
907	912
907	920
907	961
907	966
907	974
907	994
907	999
908	346
908	422
908	743
908	758
908	779
908	806
908	830
908	831
908	839
908	843
908	913
908	918
908	943
908	964
908	967
908	975
908	980
908	989
908	993
908	1000
909	50
909	251
909	505
909	643
909	844
909	860
909	896
909	901
909	903
909	905
909	918
909	934
909	943
909	949
909	970
909	975
909	980
909	983
909	989
909	999
910	174
910	363
910	634
910	752
910	807
910	897
910	905
910	916
910	928
910	946
910	955
910	959
910	969
910	974
910	980
910	989
910	991
910	996
910	998
910	1000
911	8
911	636
911	754
911	761
911	794
911	800
911	805
911	819
911	829
911	830
911	840
911	873
911	922
911	936
911	948
911	949
911	951
911	961
911	979
911	982
912	287
912	620
912	704
912	749
912	784
912	793
912	833
912	854
912	866
912	868
912	892
912	900
912	907
912	913
912	915
912	960
912	971
912	973
912	986
912	994
913	18
913	340
913	384
913	446
913	802
913	862
913	874
913	903
913	908
913	912
913	928
913	934
913	940
913	963
913	967
913	970
913	978
913	983
913	989
913	992
914	432
914	565
914	588
914	665
914	800
914	889
914	895
914	899
914	947
914	956
914	957
914	962
914	967
914	977
914	978
914	985
914	990
914	991
914	993
914	995
915	182
915	270
915	390
915	572
915	774
915	792
915	846
915	847
915	858
915	859
915	869
915	912
915	935
915	950
915	964
915	966
915	973
915	983
915	994
915	999
916	57
916	77
916	165
916	219
916	767
916	817
916	848
916	856
916	896
916	910
916	919
916	930
916	932
916	937
916	953
916	954
916	972
916	975
916	976
916	988
916	995
917	246
917	308
917	567
917	641
917	721
917	815
917	840
917	841
917	843
917	864
917	876
917	879
917	884
917	896
917	925
917	932
917	937
917	944
917	950
917	988
917	995
918	106
918	332
918	333
918	658
918	804
918	831
918	860
918	888
918	891
918	903
918	908
918	909
918	939
918	949
918	952
918	965
918	975
918	983
918	989
918	992
918	1000
919	629
919	657
919	688
919	748
919	777
919	785
919	796
919	816
919	838
919	848
919	892
919	916
919	937
919	948
919	950
919	953
919	955
919	972
919	976
919	984
919	995
920	163
920	409
920	441
920	712
920	726
920	779
920	886
920	899
920	907
920	941
920	944
920	947
920	953
920	956
920	957
920	962
920	971
920	977
920	985
920	990
920	993
921	687
921	703
921	752
921	753
921	763
921	795
921	816
921	820
921	847
921	849
921	868
921	887
921	898
921	931
921	941
921	942
921	958
921	966
921	973
921	986
921	994
921	999
922	171
922	271
922	302
922	326
922	778
922	789
922	806
922	808
922	819
922	834
922	843
922	857
922	870
922	872
922	885
922	911
922	948
922	955
922	963
922	971
922	979
922	982
923	152
923	472
923	622
923	724
923	771
923	801
923	803
923	861
923	871
923	885
923	893
923	902
923	933
923	940
923	941
923	959
923	960
923	968
923	971
923	974
923	978
923	984
924	163
924	171
924	707
924	712
924	798
924	811
924	813
924	858
924	930
924	934
924	935
924	938
924	945
924	946
924	955
924	959
924	965
924	967
924	996
924	997
924	998
924	1000
925	4
925	122
925	215
925	702
925	771
925	824
925	831
925	842
925	877
925	883
925	893
925	902
925	917
925	926
925	927
925	935
925	940
925	941
925	974
925	978
925	979
925	984
926	147
926	167
926	176
926	563
926	583
926	770
926	801
926	814
926	861
926	880
926	883
926	884
926	925
926	927
926	933
926	941
926	968
926	974
926	975
926	978
926	984
926	986
927	232
927	542
927	582
927	684
927	753
927	772
927	809
927	851
927	858
927	871
927	877
927	880
927	902
927	925
927	926
927	933
927	941
927	956
927	968
927	974
927	978
927	984
928	55
928	156
928	157
928	320
928	491
928	817
928	827
928	841
928	867
928	894
928	910
928	913
928	930
928	945
928	955
928	959
928	965
928	976
928	987
928	991
928	999
928	1000
929	149
929	182
929	475
929	587
929	746
929	770
929	794
929	813
929	830
929	862
929	934
929	943
929	945
929	946
929	949
929	964
929	970
929	975
929	983
929	989
929	990
929	995
930	147
930	176
930	327
930	461
930	698
930	767
930	790
930	849
930	855
930	905
930	916
930	924
930	928
930	931
930	938
930	965
930	975
930	987
930	991
930	993
930	996
930	998
930	1000
931	225
931	421
931	449
931	743
931	766
931	781
931	811
931	826
931	849
931	887
931	921
931	930
931	936
931	938
931	945
931	955
931	965
931	969
931	987
931	991
931	996
931	997
931	1000
932	182
932	272
932	640
932	655
932	761
932	777
932	796
932	828
932	848
932	884
932	896
932	902
932	916
932	917
932	933
932	950
932	953
932	972
932	976
932	983
932	988
932	995
932	997
933	350
933	485
933	610
933	670
933	704
933	766
933	772
933	803
933	823
933	842
933	861
933	923
933	926
933	927
933	932
933	940
933	941
933	961
933	968
933	974
933	978
933	981
933	984
934	150
934	168
934	360
934	404
934	818
934	828
934	830
934	835
934	875
934	903
934	909
934	913
934	924
934	929
934	949
934	964
934	967
934	970
934	975
934	980
934	984
934	992
934	999
935	126
935	160
935	627
935	719
935	723
935	795
935	807
935	823
935	860
935	866
935	869
935	898
935	900
935	915
935	924
935	925
935	942
935	966
935	967
935	973
935	981
935	986
935	999
936	158
936	186
936	270
936	413
936	426
936	778
936	783
936	805
936	808
936	829
936	834
936	857
936	870
936	876
936	887
936	890
936	894
936	911
936	931
936	961
936	979
936	982
936	986
937	17
937	60
937	447
937	681
937	729
937	773
937	838
937	843
937	851
937	856
937	864
937	890
937	916
937	917
937	919
937	942
937	950
937	952
937	954
937	966
937	976
937	988
937	995
938	155
938	189
938	542
938	627
938	735
938	779
938	782
938	791
938	792
938	826
938	841
938	850
938	858
938	904
938	924
938	930
938	931
938	959
938	965
938	969
938	976
938	995
938	996
938	1000
939	50
939	98
939	131
939	327
939	765
939	774
939	786
939	787
939	802
939	806
939	808
939	825
939	836
939	844
939	892
939	918
939	949
939	952
939	963
939	970
939	980
939	983
939	989
939	1000
940	99
940	545
940	645
940	663
940	685
940	766
940	775
940	797
940	824
940	871
940	880
940	883
940	893
940	902
940	913
940	923
940	925
940	933
940	946
940	968
940	974
940	978
940	984
940	986
941	64
941	161
941	278
941	747
941	771
941	824
941	861
941	877
941	883
941	893
941	894
941	920
941	921
941	923
941	925
941	926
941	927
941	933
941	968
941	974
941	978
941	982
941	984
941	994
942	139
942	532
942	602
942	763
942	769
942	784
942	810
942	821
942	823
942	825
942	847
942	863
942	868
942	869
942	882
942	921
942	935
942	937
942	960
942	973
942	981
942	984
942	986
942	994
943	69
943	172
943	388
943	410
943	476
943	809
943	822
943	825
943	831
943	832
943	837
943	908
943	909
943	929
943	964
943	967
943	968
943	970
943	975
943	980
943	982
943	983
943	986
943	989
943	992
944	59
944	374
944	592
944	673
944	758
944	798
944	800
944	827
944	886
944	889
944	895
944	917
944	920
944	947
944	956
944	957
944	962
944	968
944	971
944	973
944	977
944	985
944	990
944	991
944	993
945	628
945	635
945	653
945	738
945	745
945	781
945	795
945	826
945	832
945	836
945	855
945	857
945	878
945	888
945	894
945	905
945	924
945	928
945	929
945	931
945	955
945	969
945	996
945	997
945	998
946	13
946	175
946	399
946	496
946	740
946	772
946	807
946	832
946	863
946	873
946	888
946	894
946	897
946	910
946	924
946	929
946	940
946	965
946	969
946	985
946	987
946	991
946	996
946	998
946	1000
947	1
947	138
947	704
947	717
947	763
947	769
947	775
947	812
947	857
947	870
947	875
947	890
947	895
947	899
947	914
947	920
947	944
947	957
947	962
947	971
947	977
947	985
947	990
947	993
947	994
948	86
948	102
948	174
948	464
948	498
948	780
948	789
948	808
948	819
948	829
948	857
948	870
948	873
948	881
948	887
948	906
948	911
948	919
948	922
948	951
948	953
948	961
948	979
948	982
948	989
949	90
949	181
949	414
949	615
949	722
949	794
949	806
949	831
949	844
949	859
949	898
949	900
949	901
949	909
949	911
949	918
949	929
949	934
949	939
949	963
949	970
949	975
949	980
949	992
949	995
950	121
950	264
950	536
950	545
950	731
950	796
950	807
950	864
950	879
950	884
950	888
950	890
950	892
950	896
950	915
950	917
950	919
950	932
950	937
950	953
950	974
950	976
950	984
950	988
950	995
951	78
951	460
951	570
951	692
951	741
951	778
951	788
951	808
951	829
951	840
951	842
951	872
951	873
951	885
951	887
951	893
951	906
951	911
951	948
951	961
951	968
951	979
951	980
951	982
951	987
951	994
952	322
952	373
952	622
952	639
952	691
952	770
952	786
952	825
952	837
952	839
952	867
952	874
952	891
952	901
952	902
952	918
952	937
952	939
952	963
952	970
952	975
952	980
952	983
952	989
952	992
952	994
953	84
953	108
953	152
953	670
953	739
953	775
953	777
953	792
953	843
953	851
953	856
953	876
953	879
953	890
953	896
953	916
953	919
953	920
953	932
953	948
953	950
953	972
953	976
953	985
953	988
953	995
954	260
954	296
954	469
954	604
954	613
954	693
954	808
954	817
954	826
954	838
954	843
954	856
954	876
954	878
954	879
954	890
954	892
954	896
954	916
954	937
954	972
954	976
954	982
954	984
954	988
954	995
955	181
955	263
955	272
955	300
955	442
955	526
955	779
955	797
955	822
955	826
955	853
955	888
955	897
955	910
955	919
955	922
955	924
955	928
955	931
955	945
955	956
955	965
955	984
955	988
955	991
955	997
955	998
956	99
956	165
956	282
956	337
956	616
956	767
956	785
956	804
956	812
956	849
956	875
956	889
956	891
956	899
956	914
956	920
956	927
956	944
956	955
956	957
956	962
956	971
956	977
956	985
956	990
956	993
956	998
957	168
957	171
957	706
957	713
957	761
957	785
957	805
957	845
957	847
957	852
957	864
957	875
957	899
957	914
957	920
957	944
957	947
957	956
957	962
957	967
957	971
957	977
957	985
957	987
957	990
957	993
957	998
958	137
958	290
958	465
958	542
958	584
958	774
958	784
958	786
958	810
958	811
958	846
958	847
958	863
958	865
958	881
958	884
958	893
958	898
958	921
958	971
958	973
958	981
958	986
958	994
958	996
958	997
958	999
959	183
959	342
959	357
959	443
959	490
959	670
959	791
959	797
959	807
959	827
959	838
959	848
959	870
959	905
959	910
959	923
959	924
959	928
959	938
959	965
959	969
959	987
959	988
959	991
959	996
959	997
959	998
959	1000
960	142
960	154
960	280
960	303
960	409
960	455
960	768
960	781
960	784
960	786
960	821
960	841
960	846
960	860
960	863
960	865
960	866
960	912
960	923
960	942
960	964
960	966
960	973
960	981
960	986
960	988
960	994
960	999
961	27
961	65
961	310
961	493
961	711
961	750
961	778
961	783
961	788
961	808
961	818
961	819
961	840
961	854
961	857
961	872
961	873
961	885
961	887
961	907
961	911
961	933
961	936
961	948
961	951
961	970
961	979
961	982
962	38
962	122
962	155
962	157
962	553
962	563
962	800
962	804
962	851
962	881
962	886
962	889
962	895
962	899
962	914
962	920
962	944
962	947
962	956
962	957
962	970
962	971
962	972
962	973
962	977
962	985
962	990
962	993
962	998
963	158
963	321
963	337
963	452
963	597
963	695
963	793
963	794
963	818
963	837
963	839
963	844
963	873
963	895
963	901
963	903
963	913
963	922
963	939
963	949
963	952
963	964
963	967
963	969
963	970
963	975
963	983
963	986
963	992
964	162
964	213
964	254
964	352
964	419
964	580
964	809
964	825
964	831
964	836
964	862
964	891
964	903
964	908
964	915
964	929
964	934
964	943
964	960
964	963
964	967
964	970
964	975
964	977
964	980
964	983
964	986
964	988
964	990
964	992
965	476
965	619
965	634
965	665
965	722
965	744
965	770
965	777
965	832
965	835
965	849
965	850
965	852
965	882
965	888
965	898
965	918
965	924
965	928
965	930
965	931
965	938
965	946
965	955
965	959
965	987
965	991
965	997
965	999
965	1000
966	30
966	132
966	313
966	647
966	692
966	734
966	768
966	774
966	782
966	816
966	847
966	852
966	854
966	863
966	865
966	869
966	875
966	898
966	904
966	907
966	915
966	921
966	935
966	937
966	960
966	969
966	973
966	986
966	994
966	999
967	289
967	326
967	419
967	550
967	555
967	588
967	770
967	806
967	818
967	821
967	831
967	837
967	862
967	874
967	891
967	897
967	901
967	908
967	913
967	914
967	924
967	934
967	935
967	943
967	957
967	963
967	964
967	978
967	980
967	992
968	310
968	433
968	466
968	670
968	736
968	749
968	766
968	768
968	772
968	792
968	803
968	814
968	842
968	848
968	877
968	883
968	893
968	902
968	923
968	926
968	927
968	933
968	940
968	941
968	943
968	944
968	951
968	974
968	978
968	984
968	987
969	32
969	112
969	266
969	447
969	513
969	661
969	776
969	783
969	793
969	811
969	835
969	850
969	867
969	888
969	894
969	897
969	910
969	931
969	938
969	945
969	946
969	959
969	963
969	966
969	983
969	987
969	991
969	992
969	996
969	998
969	1000
970	9
970	21
970	472
970	623
970	659
970	728
970	830
970	837
970	839
970	874
970	889
970	890
970	901
970	909
970	913
970	929
970	934
970	939
970	943
970	949
970	952
970	961
970	962
970	963
970	964
970	975
970	979
970	980
970	983
970	989
970	992
970	996
971	2
971	22
971	336
971	431
971	454
971	540
971	763
971	767
971	780
971	785
971	798
971	845
971	852
971	875
971	886
971	889
971	899
971	901
971	912
971	920
971	922
971	923
971	944
971	947
971	956
971	957
971	958
971	962
971	977
971	985
971	989
971	990
971	993
972	63
972	179
972	320
972	435
972	642
972	683
972	777
972	782
972	800
972	815
972	816
972	817
972	838
972	843
972	848
972	851
972	857
972	864
972	876
972	879
972	890
972	891
972	892
972	916
972	919
972	932
972	953
972	954
972	962
972	976
972	986
972	988
972	995
972	997
973	125
973	335
973	677
973	701
973	754
973	755
973	768
973	784
973	786
973	793
973	823
973	851
973	854
973	863
973	868
973	900
973	904
973	912
973	915
973	921
973	935
973	942
973	944
973	958
973	960
973	962
973	966
973	980
973	981
973	985
973	990
973	994
973	999
973	1000
974	192
974	362
974	535
974	536
974	575
974	604
974	680
974	801
974	814
974	824
974	842
974	861
974	877
974	880
974	883
974	893
974	899
974	902
974	907
974	910
974	923
974	925
974	926
974	927
974	933
974	940
974	941
974	950
974	968
974	978
974	984
974	997
974	998
974	1000
975	9
975	367
975	641
975	739
975	755
975	760
975	828
975	831
975	834
975	837
975	844
975	850
975	865
975	874
975	901
975	903
975	908
975	909
975	916
975	918
975	926
975	929
975	930
975	934
975	943
975	949
975	952
975	963
975	964
975	970
975	980
975	983
975	992
975	994
976	83
976	223
976	309
976	381
976	600
976	692
976	764
976	789
976	802
976	815
976	816
976	838
976	843
976	844
976	848
976	854
976	864
976	872
976	876
976	879
976	884
976	892
976	916
976	919
976	928
976	932
976	937
976	938
976	950
976	953
976	954
976	972
976	988
976	995
977	158
977	316
977	477
977	580
977	623
977	671
977	762
977	773
977	775
977	780
977	798
977	804
977	812
977	814
977	852
977	855
977	863
977	877
977	879
977	889
977	895
977	899
977	914
977	920
977	944
977	947
977	956
977	957
977	962
977	964
977	971
977	978
977	985
977	990
977	993
978	136
978	170
978	401
978	436
978	508
978	645
978	728
978	771
978	801
978	814
978	842
978	861
978	869
978	871
978	877
978	880
978	883
978	888
978	893
978	902
978	913
978	914
978	923
978	925
978	926
978	927
978	933
978	940
978	941
978	967
978	968
978	974
978	977
978	984
978	992
979	229
979	394
979	408
979	444
979	466
979	517
979	574
979	783
979	788
979	789
979	805
979	808
979	819
979	829
979	834
979	840
979	846
979	856
979	857
979	868
979	870
979	872
979	885
979	906
979	911
979	922
979	925
979	936
979	948
979	951
979	961
979	970
979	980
979	981
979	982
979	992
980	128
980	161
980	182
980	714
980	718
980	749
980	758
980	794
980	809
980	821
980	828
980	830
980	837
980	853
980	862
980	891
980	908
980	909
980	910
980	934
980	939
980	943
980	949
980	951
980	952
980	964
980	967
980	970
980	973
980	975
980	979
980	983
980	986
980	989
980	992
980	995
981	97
981	153
981	309
981	325
981	336
981	343
981	748
981	769
981	781
981	792
981	793
981	795
981	836
981	846
981	847
981	859
981	865
981	866
981	868
981	869
981	881
981	887
981	904
981	933
981	935
981	942
981	958
981	960
981	973
981	979
981	986
981	994
981	996
981	997
981	998
981	999
982	24
982	156
982	375
982	528
982	596
982	658
982	675
982	778
982	783
982	788
982	789
982	805
982	819
982	829
982	834
982	840
982	857
982	863
982	870
982	872
982	873
982	881
982	885
982	887
982	906
982	911
982	922
982	936
982	941
982	943
982	948
982	951
982	954
982	961
982	979
982	990
982	997
982	999
983	86
983	125
983	282
983	339
983	402
983	472
983	488
983	653
983	770
983	787
983	791
983	806
983	821
983	825
983	828
983	830
983	838
983	874
983	876
983	879
983	891
983	901
983	903
983	909
983	913
983	915
983	918
983	929
983	932
983	939
983	943
983	952
983	963
983	964
983	969
983	970
983	975
983	980
983	989
984	157
984	328
984	340
984	456
984	631
984	740
984	758
984	764
984	766
984	771
984	772
984	801
984	803
984	814
984	824
984	842
984	861
984	869
984	871
984	880
984	883
984	893
984	902
984	919
984	923
984	925
984	926
984	927
984	933
984	934
984	940
984	941
984	942
984	950
984	954
984	955
984	968
984	974
984	978
984	1000
985	73
985	331
985	332
985	364
985	493
985	666
985	723
985	761
985	767
985	773
985	780
985	785
985	798
985	801
985	804
985	812
985	844
985	845
985	875
985	886
985	889
985	895
985	899
985	914
985	920
985	944
985	946
985	947
985	953
985	956
985	957
985	962
985	971
985	973
985	977
985	988
985	990
985	992
985	993
985	995
986	24
986	110
986	164
986	178
986	242
986	275
986	292
986	710
986	768
986	774
986	792
986	793
986	810
986	820
986	846
986	859
986	860
986	866
986	868
986	881
986	898
986	900
986	904
986	912
986	921
986	926
986	935
986	936
986	940
986	942
986	943
986	958
986	960
986	963
986	964
986	966
986	972
986	980
986	981
986	994
986	999
987	164
987	417
987	450
987	451
987	565
987	630
987	679
987	744
987	749
987	776
987	791
987	810
987	811
987	812
987	827
987	833
987	841
987	853
987	855
987	867
987	882
987	884
987	894
987	899
987	905
987	928
987	930
987	931
987	946
987	951
987	957
987	959
987	965
987	968
987	969
987	991
987	992
987	996
987	997
987	998
987	1000
988	52
988	161
988	287
988	321
988	470
988	665
988	682
988	752
988	796
988	815
988	816
988	817
988	832
988	838
988	843
988	848
988	851
988	852
988	856
988	864
988	879
988	880
988	884
988	890
988	892
988	896
988	916
988	917
988	932
988	937
988	950
988	953
988	954
988	955
988	959
988	960
988	964
988	972
988	976
988	985
988	995
989	23
989	105
989	129
989	153
989	301
989	370
989	716
989	761
989	770
989	787
989	802
989	806
989	809
989	810
989	811
989	821
989	825
989	836
989	853
989	862
989	874
989	891
989	901
989	903
989	908
989	909
989	910
989	913
989	918
989	929
989	939
989	943
989	948
989	952
989	970
989	971
989	980
989	983
989	990
989	992
989	994
989	999
990	155
990	206
990	582
990	609
990	694
990	698
990	733
990	748
990	767
990	773
990	775
990	780
990	785
990	798
990	800
990	804
990	812
990	824
990	845
990	850
990	852
990	875
990	886
990	889
990	895
990	897
990	899
990	914
990	920
990	929
990	944
990	947
990	956
990	957
990	962
990	964
990	971
990	973
990	977
990	982
990	985
990	989
990	993
990	999
991	115
991	187
991	296
991	336
991	381
991	518
991	601
991	631
991	719
991	774
991	776
991	790
991	797
991	798
991	802
991	807
991	811
991	822
991	832
991	833
991	835
991	850
991	853
991	865
991	878
991	882
991	891
991	894
991	897
991	901
991	910
991	914
991	928
991	930
991	931
991	944
991	946
991	955
991	959
991	965
991	969
991	987
991	996
991	1000
992	104
992	289
992	404
992	427
992	495
992	498
992	671
992	737
992	758
992	770
992	788
992	794
992	802
992	819
992	820
992	821
992	828
992	830
992	837
992	844
992	859
992	862
992	874
992	891
992	901
992	903
992	913
992	918
992	934
992	943
992	949
992	952
992	963
992	964
992	967
992	969
992	970
992	975
992	978
992	979
992	980
992	985
992	987
992	989
993	13
993	163
993	164
993	169
993	215
993	325
993	372
993	450
993	765
993	767
993	773
993	775
993	780
993	785
993	787
993	798
993	800
993	804
993	812
993	821
993	839
993	845
993	852
993	874
993	875
993	876
993	886
993	889
993	895
993	899
993	904
993	908
993	914
993	920
993	930
993	944
993	947
993	956
993	957
993	962
993	971
993	977
993	985
993	990
993	996
994	58
994	159
994	163
994	223
994	299
994	321
994	410
994	432
994	489
994	768
994	769
994	774
994	781
994	784
994	786
994	793
994	820
994	823
994	846
994	859
994	865
994	877
994	881
994	895
994	898
994	900
994	907
994	912
994	915
994	921
994	941
994	942
994	947
994	951
994	952
994	958
994	960
994	966
994	973
994	975
994	981
994	986
994	989
994	998
994	999
995	33
995	266
995	341
995	463
995	468
995	475
995	501
995	664
995	738
995	771
995	777
995	796
995	815
995	816
995	817
995	838
995	843
995	848
995	851
995	856
995	864
995	876
995	879
995	884
995	890
995	892
995	896
995	903
995	914
995	916
995	917
995	919
995	929
995	932
995	937
995	938
995	949
995	950
995	953
995	954
995	972
995	976
995	980
995	985
995	988
995	996
996	127
996	180
996	324
996	454
996	457
996	477
996	629
996	661
996	765
996	776
996	779
996	799
996	822
996	826
996	827
996	833
996	836
996	841
996	845
996	849
996	850
996	853
996	858
996	878
996	882
996	886
996	888
996	902
996	905
996	910
996	924
996	930
996	931
996	938
996	945
996	946
996	958
996	959
996	969
996	970
996	981
996	987
996	991
996	993
996	995
996	997
997	44
997	134
997	144
997	175
997	216
997	284
997	311
997	461
997	510
997	742
997	782
997	790
997	791
997	797
997	799
997	811
997	822
997	827
997	831
997	832
997	833
997	849
997	853
997	855
997	878
997	888
997	889
997	894
997	897
997	898
997	905
997	924
997	931
997	932
997	945
997	955
997	958
997	959
997	965
997	972
997	974
997	981
997	982
997	987
997	996
997	998
997	1000
998	119
998	134
998	290
998	318
998	433
998	611
998	625
998	687
998	759
998	776
998	779
998	782
998	790
998	797
998	799
998	800
998	813
998	815
998	818
998	832
998	841
998	849
998	850
998	855
998	867
998	878
998	882
998	884
998	888
998	897
998	905
998	910
998	924
998	930
998	945
998	946
998	955
998	956
998	957
998	959
998	962
998	969
998	974
998	981
998	987
998	994
998	997
998	1000
999	107
999	162
999	169
999	338
999	369
999	431
999	635
999	721
999	745
999	755
999	768
999	769
999	774
999	792
999	793
999	810
999	823
999	846
999	854
999	859
999	860
999	865
999	866
999	868
999	869
999	881
999	890
999	892
999	900
999	904
999	907
999	909
999	915
999	921
999	928
999	934
999	935
999	958
999	960
999	965
999	966
999	973
999	981
999	982
999	986
999	989
999	990
999	994
999	1000
1000	47
1000	103
1000	307
1000	308
1000	412
1000	546
1000	688
1000	708
1000	717
1000	742
1000	782
1000	787
1000	790
1000	799
1000	807
1000	825
1000	830
1000	833
1000	835
1000	841
1000	853
1000	855
1000	858
1000	867
1000	878
1000	882
1000	894
1000	897
1000	905
1000	908
1000	910
1000	918
1000	924
1000	928
1000	930
1000	931
1000	938
1000	939
1000	946
1000	959
1000	965
1000	969
1000	973
1000	974
1000	984
1000	987
1000	991
1000	997
1000	998
1000	999
