1	40
1	71
1	83
1	119
1	137
1	173
1	177
1	197
1	202
1	203
2	73
2	103
2	158
2	176
2	177
2	193
2	196
2	202
2	203
2	682
3	36
3	99
3	108
3	130
3	132
3	176
3	179
3	183
3	191
3	380
4	12
4	58
4	63
4	128
4	141
4	153
4	174
4	186
4	187
4	690
5	98
5	133
5	136
5	142
5	146
5	168
5	184
5	187
5	189
5	192
6	128
6	148
6	151
6	155
6	157
6	176
6	179
6	180
6	190
6	191
7	57
7	78
7	177
7	178
7	184
7	192
7	193
7	197
7	202
7	827
8	50
8	75
8	78
8	161
8	170
8	176
8	183
8	184
8	194
8	475
9	77
9	79
9	144
9	164
9	168
9	186
9	189
9	194
9	198
9	510
10	48
10	55
10	86
10	114
10	140
10	142
10	143
10	149
10	169
10	200
11	19
11	65
11	84
11	108
11	121
11	164
11	168
11	182
11	196
11	200
12	4
12	20
12	85
12	96
12	137
12	140
12	150
12	161
12	192
12	195
13	45
13	116
13	123
13	131
13	138
13	139
13	172
13	191
13	194
13	618
14	54
14	85
14	89
14	113
14	145
14	177
14	186
14	187
14	192
14	195
15	91
15	93
15	123
15	132
15	138
15	172
15	176
15	190
15	191
15	199
16	108
16	112
16	144
16	151
16	162
16	163
16	176
16	180
16	191
16	197
17	61
17	64
17	89
17	93
17	105
17	140
17	142
17	156
17	160
17	552
18	41
18	83
18	101
18	145
18	169
18	178
18	197
18	202
18	203
18	676
19	11
19	44
19	104
19	146
19	167
19	183
19	185
19	189
19	198
19	201
20	12
20	105
20	113
20	137
20	141
20	145
20	178
20	195
20	203
20	251
21	59
21	92
21	97
21	152
21	166
21	177
21	178
21	183
21	185
21	202
22	60
22	82
22	149
22	159
22	171
22	175
22	188
22	193
22	196
22	200
23	44
23	90
23	108
23	111
23	147
23	161
23	169
23	199
23	200
23	649
24	31
24	35
24	55
24	67
24	146
24	165
24	169
24	188
24	195
24	966
25	59
25	75
25	109
25	134
25	150
25	168
25	175
25	194
25	198
25	201
25	479
26	48
26	54
26	110
26	137
26	141
26	145
26	157
26	169
26	171
26	199
26	918
27	69
27	85
27	104
27	148
27	160
27	164
27	166
27	178
27	193
27	202
27	969
28	62
28	87
28	90
28	118
28	121
28	132
28	155
28	179
28	180
28	190
28	191
29	98
29	144
29	164
29	170
29	183
29	186
29	187
29	189
29	197
29	198
29	911
30	78
30	125
30	150
30	159
30	164
30	169
30	171
30	173
30	175
30	196
30	199
31	24
31	54
31	72
31	88
31	113
31	133
31	143
31	172
31	186
31	195
31	787
32	54
32	87
32	106
32	117
32	131
32	132
32	139
32	152
32	179
32	190
32	449
33	36
33	125
33	158
33	162
33	170
33	184
33	185
33	187
33	194
33	198
33	386
34	124
34	153
34	156
34	158
34	160
34	177
34	178
34	190
34	193
34	197
34	203
35	24
35	77
35	91
35	113
35	119
35	141
35	159
35	162
35	186
35	188
35	197
36	3
36	33
36	67
36	110
36	113
36	144
36	161
36	189
36	198
36	201
36	374
37	68
37	83
37	109
37	114
37	121
37	147
37	150
37	169
37	199
37	200
37	663
38	114
38	150
38	154
38	155
38	159
38	167
38	169
38	175
38	182
38	200
38	201
39	117
39	135
39	148
39	160
39	169
39	174
39	181
39	197
39	199
39	203
39	417
40	1
40	77
40	92
40	116
40	117
40	122
40	127
40	160
40	186
40	193
40	203
41	18
41	86
41	124
41	169
41	171
41	174
41	193
41	197
41	202
41	203
41	468
42	123
42	147
42	151
42	152
42	158
42	159
42	177
42	181
42	192
42	197
42	203
43	49
43	128
43	131
43	153
43	168
43	169
43	172
43	176
43	180
43	191
43	473
44	19
44	23
44	56
44	113
44	148
44	158
44	160
44	178
44	192
44	202
44	946
45	13
45	86
45	106
45	135
45	147
45	149
45	164
45	171
45	174
45	196
45	199
46	82
46	127
46	133
46	154
46	157
46	165
46	171
46	172
46	186
46	188
46	195
46	760
47	74
47	94
47	102
47	108
47	111
47	119
47	147
47	149
47	180
47	196
47	200
47	577
48	10
48	26
48	78
48	82
48	125
48	138
48	146
48	154
48	165
48	182
48	186
48	201
49	43
49	92
49	98
49	100
49	101
49	151
49	158
49	181
49	192
49	198
49	202
49	203
50	8
50	51
50	58
50	63
50	77
50	119
50	140
50	145
50	153
50	156
50	178
50	195
51	50
51	53
51	80
51	94
51	155
51	169
51	171
51	173
51	175
51	182
51	200
51	727
52	84
52	89
52	101
52	115
52	117
52	129
52	173
52	174
52	178
52	181
52	197
52	482
53	51
53	63
53	93
53	107
53	111
53	121
53	143
53	164
53	170
53	175
53	196
53	436
54	14
54	26
54	31
54	32
54	60
54	63
54	110
54	123
54	137
54	153
54	195
54	871
55	10
55	24
55	101
55	111
55	135
55	149
55	175
55	182
55	188
55	199
55	200
55	559
56	44
56	86
56	152
56	155
56	166
56	173
56	181
56	184
56	190
56	192
56	203
56	997
57	7
57	64
57	94
57	161
57	164
57	167
57	168
57	187
57	189
57	198
57	201
57	621
58	4
58	50
58	105
58	110
58	146
58	156
58	172
58	176
58	186
58	191
58	200
58	331
59	21
59	25
59	99
59	128
59	139
59	163
59	179
59	180
59	191
59	197
59	200
59	544
60	22
60	54
60	65
60	107
60	112
60	159
60	167
60	169
60	171
60	196
60	199
60	522
61	17
61	90
61	96
61	113
61	119
61	130
61	141
61	154
61	157
61	177
61	188
61	199
62	28
62	142
62	170
62	171
62	183
62	184
62	185
62	187
62	189
62	194
62	201
62	202
62	377
63	4
63	50
63	53
63	54
63	85
63	99
63	127
63	140
63	141
63	160
63	165
63	195
63	498
64	17
64	57
64	82
64	88
64	124
64	125
64	146
64	154
64	156
64	176
64	179
64	188
64	573
65	11
65	60
65	94
65	123
65	135
65	138
65	150
65	159
65	171
65	179
65	194
65	196
65	826
66	117
66	122
66	126
66	166
66	173
66	174
66	178
66	190
66	192
66	194
66	197
66	198
66	381
67	24
67	36
67	75
67	76
67	124
67	130
67	136
67	142
67	162
67	185
67	194
67	198
67	201
68	37
68	70
68	82
68	85
68	89
68	111
68	141
68	180
68	186
68	188
68	195
68	200
68	777
69	27
69	134
69	158
69	171
69	176
69	178
69	192
69	193
69	197
69	198
69	202
69	203
69	975
70	68
70	96
70	115
70	125
70	141
70	153
70	156
70	165
70	171
70	173
70	186
70	195
70	327
71	1
71	75
71	118
71	122
71	159
71	164
71	171
71	174
71	182
71	196
71	199
71	200
71	355
72	31
72	87
72	117
72	126
72	152
72	169
72	173
72	181
72	187
72	192
72	202
72	203
72	460
73	2
73	93
73	107
73	129
73	135
73	136
73	161
73	168
73	185
73	187
73	194
73	198
73	201
73	681
74	47
74	84
74	89
74	93
74	102
74	105
74	113
74	119
74	145
74	146
74	147
74	157
74	162
74	195
75	8
75	25
75	67
75	71
75	99
75	168
75	169
75	182
75	184
75	185
75	189
75	194
75	201
75	695
76	67
76	119
76	129
76	132
76	143
76	161
76	168
76	170
76	177
76	183
76	185
76	187
76	201
76	480
77	9
77	35
77	40
77	50
77	96
77	137
77	153
77	154
77	157
77	165
77	172
77	176
77	203
77	612
78	7
78	8
78	30
78	48
78	93
78	96
78	119
78	133
78	140
78	147
78	157
78	165
78	186
78	448
79	9
79	127
79	161
79	164
79	171
79	180
79	184
79	187
79	189
79	194
79	198
79	201
79	202
79	458
80	51
80	87
80	106
80	118
80	128
80	144
80	162
80	178
80	179
80	190
80	191
80	198
80	202
80	799
81	103
81	110
81	114
81	115
81	127
81	134
81	145
81	161
81	167
81	168
81	183
81	185
81	201
81	513
82	22
82	46
82	48
82	64
82	68
82	110
82	125
82	133
82	145
82	155
82	156
82	188
82	202
82	203
82	240
83	1
83	18
83	37
83	104
83	109
83	126
83	166
83	173
83	176
83	190
83	192
83	193
83	197
83	202
83	203
84	11
84	52
84	74
84	105
84	119
84	125
84	130
84	146
84	153
84	154
84	156
84	157
84	195
84	196
84	366
85	12
85	14
85	27
85	63
85	68
85	93
85	125
85	140
85	153
85	158
85	165
85	188
85	189
85	198
85	853
86	10
86	41
86	45
86	56
86	95
86	126
86	135
86	143
86	147
86	152
86	164
86	169
86	182
86	199
86	200
87	28
87	32
87	72
87	80
87	105
87	118
87	134
87	162
87	163
87	172
87	179
87	180
87	181
87	183
87	190
88	31
88	64
88	106
88	111
88	137
88	145
88	146
88	149
88	153
88	155
88	165
88	186
88	188
88	195
88	201
89	14
89	17
89	52
89	68
89	74
89	101
89	140
89	148
89	156
89	157
89	183
89	186
89	188
89	193
89	207
90	23
90	28
90	61
90	123
90	138
90	148
90	162
90	163
90	166
90	170
90	172
90	176
90	180
90	190
90	823
91	15
91	35
91	147
91	155
91	159
91	164
91	171
91	175
91	182
91	188
91	196
91	197
91	199
91	200
91	657
92	21
92	40
92	49
92	133
92	139
92	173
92	174
92	177
92	181
92	182
92	186
92	193
92	197
92	199
92	203
92	352
93	15
93	17
93	53
93	73
93	74
93	78
93	85
93	110
93	131
93	154
93	156
93	157
93	180
93	188
93	195
93	266
94	47
94	51
94	57
94	65
94	125
94	132
94	135
94	143
94	149
94	155
94	171
94	172
94	175
94	181
94	199
94	424
95	86
95	122
95	130
95	143
95	147
95	150
95	164
95	175
95	182
95	187
95	192
95	196
95	199
95	200
95	202
95	617
96	12
96	61
96	70
96	77
96	78
96	97
96	118
96	125
96	146
96	153
96	180
96	186
96	193
96	195
96	196
96	909
97	21
97	96
97	124
97	131
97	148
97	152
97	157
97	173
97	174
97	177
97	178
97	179
97	192
97	195
97	202
97	401
98	5
98	29
98	49
98	115
98	129
98	134
98	144
98	154
98	163
98	166
98	167
98	183
98	184
98	192
98	194
98	201
99	3
99	59
99	63
99	75
99	101
99	109
99	112
99	120
99	123
99	138
99	151
99	158
99	162
99	180
99	190
99	202
100	49
100	101
100	110
100	152
100	165
100	174
100	177
100	181
100	186
100	193
100	196
100	197
100	201
100	202
100	203
100	978
101	18
101	49
101	52
101	55
101	89
101	99
101	100
101	126
101	160
101	166
101	182
101	192
101	195
101	202
101	203
101	853
102	47
102	74
102	104
102	115
102	136
102	144
102	167
102	175
102	184
102	187
102	189
102	194
102	196
102	198
102	200
102	201
103	2
103	81
103	116
103	126
103	135
103	148
103	152
103	163
103	177
103	181
103	183
103	192
103	193
103	202
103	203
103	972
104	19
104	27
104	83
104	102
104	112
104	121
104	129
104	156
104	168
104	170
104	183
104	184
104	185
104	189
104	198
104	201
104	980
105	17
105	20
105	58
105	74
105	84
105	87
105	127
105	140
105	146
105	154
105	156
105	162
105	181
105	186
105	188
105	201
105	771
106	32
106	45
106	80
106	88
106	108
106	118
106	126
106	128
106	138
106	146
106	151
106	162
106	163
106	172
106	179
106	190
106	957
107	53
107	60
107	73
107	108
107	122
107	135
107	143
107	149
107	150
107	161
107	169
107	179
107	195
107	198
107	199
107	200
107	841
108	3
108	11
108	16
108	23
108	47
108	106
108	107
108	126
108	149
108	164
108	171
108	182
108	184
108	196
108	199
108	200
108	604
109	25
109	37
109	83
109	99
109	112
109	128
109	131
109	139
109	150
109	151
109	160
109	172
109	176
109	179
109	190
109	191
109	223
110	26
110	36
110	54
110	58
110	81
110	82
110	93
110	100
110	133
110	153
110	154
110	157
110	165
110	167
110	179
110	186
110	188
111	23
111	47
111	53
111	55
111	68
111	88
111	121
111	122
111	159
111	171
111	185
111	195
111	196
111	197
111	199
111	200
111	680
112	16
112	60
112	99
112	104
112	109
112	118
112	120
112	123
112	128
112	137
112	163
112	172
112	174
112	176
112	180
112	181
112	704
113	14
113	20
113	31
113	35
113	36
113	44
113	61
113	74
113	118
113	119
113	137
113	141
113	145
113	154
113	164
113	165
113	181
114	10
114	37
114	38
114	81
114	121
114	122
114	128
114	155
114	169
114	171
114	188
114	193
114	196
114	198
114	199
114	200
114	718
115	52
115	70
115	81
115	98
115	102
115	142
115	156
115	161
115	168
115	184
115	185
115	187
115	189
115	198
115	200
115	201
115	203
115	579
116	13
116	40
116	103
116	124
116	125
116	154
116	166
116	173
116	174
116	177
116	178
116	185
116	188
116	192
116	197
116	202
116	203
116	471
117	32
117	39
117	40
117	52
117	66
117	72
117	121
117	140
117	141
117	160
117	166
117	176
117	178
117	181
117	190
117	202
117	203
117	951
118	28
118	71
118	80
118	87
118	96
118	106
118	112
118	113
118	130
118	138
118	162
118	176
118	179
118	184
118	187
118	191
118	195
118	356
119	1
119	35
119	47
119	50
119	61
119	74
119	76
119	78
119	84
119	113
119	121
119	137
119	153
119	177
119	186
119	188
119	195
119	592
120	99
120	112
120	122
120	123
120	130
120	132
120	138
120	145
120	146
120	149
120	162
120	163
120	176
120	180
120	182
120	190
120	191
120	691
121	11
121	28
121	37
121	53
121	104
121	111
121	114
121	117
121	119
121	147
121	153
121	155
121	164
121	175
121	182
121	196
121	199
121	202
121	384
122	40
122	66
122	71
122	95
122	107
122	111
122	114
122	120
122	141
122	150
122	169
122	171
122	175
122	182
122	191
122	196
122	199
122	203
122	361
123	13
123	15
123	42
123	54
123	65
123	90
123	99
123	112
123	120
123	124
123	130
123	151
123	170
123	176
123	179
123	181
123	190
123	191
123	348
124	34
124	41
124	64
124	67
124	97
124	116
124	123
124	141
124	148
124	158
124	160
124	163
124	166
124	177
124	181
124	191
124	193
124	197
124	202
125	30
125	33
125	48
125	64
125	70
125	82
125	84
125	85
125	94
125	96
125	116
125	133
125	137
125	156
125	157
125	185
125	188
125	189
125	195
125	582
126	66
126	72
126	83
126	86
126	101
126	103
126	106
126	108
126	132
126	152
126	160
126	173
126	178
126	183
126	192
126	193
126	197
126	198
126	203
126	620
127	40
127	46
127	63
127	79
127	81
127	105
127	136
127	142
127	161
127	166
127	167
127	170
127	184
127	185
127	189
127	193
127	194
127	198
127	201
127	959
128	4
128	6
128	43
128	59
128	80
128	106
128	109
128	112
128	114
128	131
128	139
128	156
128	163
128	164
128	172
128	179
128	183
128	191
128	196
128	379
129	52
129	73
129	76
129	98
129	104
129	133
129	144
129	158
129	159
129	161
129	167
129	168
129	170
129	174
129	181
129	187
129	189
129	198
129	201
129	296
130	3
130	61
130	67
130	84
130	95
130	118
130	120
130	123
130	131
130	142
130	151
130	163
130	172
130	176
130	179
130	180
130	190
130	191
130	199
130	433
131	13
131	32
131	43
131	93
131	97
131	109
131	128
131	130
131	146
131	151
131	162
131	163
131	171
131	172
131	173
131	175
131	180
131	190
131	191
131	255
132	3
132	15
132	28
132	32
132	76
132	94
132	120
132	126
132	139
132	151
132	162
132	172
132	176
132	180
132	189
132	190
132	191
132	192
132	199
132	482
133	5
133	31
133	46
133	78
133	82
133	92
133	110
133	125
133	129
133	141
133	149
133	154
133	156
133	157
133	165
133	188
133	193
133	194
133	195
133	739
134	25
134	69
134	81
134	87
134	98
134	136
134	137
134	142
134	165
134	170
134	179
134	183
134	185
134	187
134	189
134	190
134	193
134	194
134	198
134	201
134	607
135	39
135	45
135	55
135	65
135	73
135	86
135	94
135	103
135	107
135	150
135	155
135	164
135	167
135	175
135	178
135	182
135	195
135	199
135	200
135	201
135	835
136	5
136	67
136	73
136	102
136	127
136	134
136	150
136	161
136	167
136	170
136	178
136	183
136	184
136	190
136	194
136	198
136	199
136	200
136	201
136	203
136	241
137	1
137	12
137	20
137	26
137	54
137	77
137	88
137	112
137	113
137	119
137	125
137	134
137	140
137	141
137	149
137	156
137	186
137	195
137	197
137	201
137	543
138	13
138	15
138	48
138	65
138	90
138	99
138	106
138	118
138	120
138	139
138	143
138	151
138	172
138	173
138	179
138	180
138	188
138	190
138	191
138	193
138	505
139	13
139	32
139	59
139	92
139	109
139	128
139	132
139	138
139	141
139	151
139	162
139	163
139	166
139	172
139	176
139	177
139	179
139	180
139	187
139	190
139	192
139	796
140	10
140	12
140	17
140	50
140	63
140	78
140	85
140	89
140	105
140	117
140	137
140	145
140	146
140	152
140	165
140	186
140	188
140	191
140	195
140	200
140	203
140	695
141	4
141	20
141	26
141	35
141	61
141	63
141	68
141	70
141	113
141	117
141	122
141	124
141	133
141	137
141	139
141	156
141	157
141	158
141	188
141	196
141	199
141	270
142	5
142	10
142	17
142	62
142	67
142	115
142	127
142	130
142	134
142	148
142	153
142	161
142	168
142	177
142	183
142	184
142	185
142	187
142	189
142	194
142	198
142	809
143	10
143	31
143	53
143	76
143	86
143	94
143	95
143	107
143	138
143	147
143	149
143	150
143	159
143	166
143	167
143	168
143	175
143	182
143	196
143	199
143	200
143	253
143	368
144	9
144	16
144	29
144	36
144	80
144	98
144	102
144	129
144	149
144	160
144	161
144	167
144	168
144	170
144	178
144	183
144	184
144	187
144	194
144	201
144	202
144	203
144	311
145	14
145	18
145	20
145	26
145	50
145	74
145	81
145	82
145	88
145	113
145	120
145	140
145	146
145	153
145	154
145	162
145	165
145	174
145	186
145	188
145	189
145	191
145	201
145	338
146	5
146	19
146	24
146	48
146	58
146	64
146	74
146	84
146	88
146	96
146	105
146	106
146	120
146	131
146	140
146	145
146	153
146	165
146	187
146	188
146	190
146	195
146	262
146	639
147	23
147	37
147	42
147	45
147	47
147	74
147	78
147	86
147	91
147	95
147	121
147	143
147	150
147	154
147	159
147	163
147	175
147	182
147	194
147	196
147	198
147	200
147	585
147	834
148	6
148	27
148	39
148	44
148	89
148	90
148	97
148	103
148	124
148	142
148	153
148	158
148	166
148	174
148	177
148	178
148	181
148	193
148	194
148	197
148	201
148	202
148	203
148	653
149	10
149	22
149	45
149	47
149	55
149	88
149	94
149	107
149	108
149	120
149	133
149	137
149	143
149	144
149	155
149	174
149	175
149	177
149	182
149	187
149	196
149	199
149	200
149	690
149	842
150	12
150	25
150	30
150	37
150	38
150	65
150	95
150	107
150	109
150	122
150	135
150	136
150	143
150	147
150	153
150	155
150	166
150	168
150	169
150	175
150	182
150	196
150	199
150	200
150	576
151	6
151	16
151	42
151	49
151	99
151	106
151	109
151	123
151	130
151	131
151	132
151	138
151	139
151	163
151	165
151	167
151	172
151	174
151	176
151	179
151	180
151	181
151	182
151	190
151	191
151	264
152	21
152	32
152	42
152	56
152	72
152	86
152	97
152	100
152	103
152	126
152	140
152	157
152	158
152	166
152	167
152	170
152	174
152	181
152	185
152	189
152	192
152	193
152	197
152	202
152	203
152	437
153	4
153	34
153	43
153	50
153	54
153	70
153	77
153	84
153	85
153	88
153	96
153	110
153	119
153	121
153	142
153	145
153	146
153	148
153	150
153	154
153	155
153	165
153	186
153	195
153	360
153	795
154	38
154	46
154	48
154	61
154	64
154	77
154	84
154	93
154	98
154	105
154	110
154	113
154	116
154	133
154	145
154	147
154	153
154	156
154	163
154	186
154	187
154	188
154	195
154	196
154	312
154	636
155	6
155	28
155	38
155	51
155	56
155	82
155	88
155	91
155	94
155	114
155	121
155	135
155	149
155	150
155	153
155	164
155	169
155	171
155	178
155	182
155	189
155	196
155	199
155	200
155	285
155	432
156	17
156	34
156	50
156	58
156	64
156	70
156	82
156	84
156	89
156	93
156	104
156	105
156	115
156	125
156	128
156	133
156	137
156	141
156	154
156	157
156	164
156	165
156	172
156	186
156	187
156	201
156	904
157	6
157	26
157	46
157	61
157	74
157	77
157	78
157	84
157	89
157	93
157	97
157	110
157	125
157	133
157	141
157	152
157	156
157	170
157	172
157	176
157	186
157	188
157	190
157	195
157	198
157	630
157	749
158	2
158	33
158	34
158	42
158	44
158	49
158	69
158	85
158	99
158	124
158	129
158	141
158	148
158	152
158	160
158	166
158	173
158	174
158	177
158	179
158	180
158	192
158	193
158	197
158	199
158	203
158	679
159	22
159	30
159	35
159	38
159	42
159	60
159	65
159	71
159	91
159	111
159	129
159	143
159	147
159	164
159	169
159	171
159	175
159	178
159	182
159	188
159	194
159	195
159	196
159	197
159	199
159	200
159	455
160	17
160	27
160	34
160	39
160	40
160	44
160	63
160	101
160	109
160	117
160	124
160	126
160	144
160	158
160	166
160	173
160	177
160	180
160	187
160	191
160	192
160	193
160	196
160	197
160	202
160	203
160	330
160	905
161	8
161	12
161	23
161	36
161	57
161	73
161	76
161	79
161	81
161	107
161	115
161	127
161	129
161	136
161	142
161	144
161	163
161	165
161	170
161	177
161	178
161	183
161	184
161	185
161	187
161	189
161	198
161	200
161	306
162	16
162	33
162	35
162	67
162	74
162	80
162	87
162	90
162	99
162	105
162	106
162	118
162	120
162	131
162	132
162	139
162	145
162	163
162	172
162	176
162	179
162	180
162	190
162	191
162	193
162	194
162	198
162	353
162	677
163	16
163	59
163	87
163	90
163	98
163	103
163	106
163	112
163	120
163	124
163	128
163	130
163	131
163	139
163	147
163	151
163	154
163	161
163	162
163	168
163	172
163	176
163	179
163	180
163	186
163	190
163	191
163	202
163	399
164	9
164	11
164	27
164	29
164	30
164	45
164	53
164	57
164	71
164	79
164	86
164	91
164	95
164	108
164	113
164	121
164	128
164	135
164	155
164	156
164	159
164	169
164	175
164	182
164	185
164	196
164	199
164	200
164	594
165	24
165	46
165	48
165	63
165	70
165	77
165	78
165	85
165	88
165	100
165	110
165	113
165	133
165	134
165	140
165	145
165	146
165	151
165	153
165	156
165	161
165	171
165	174
165	188
165	194
165	195
165	200
165	202
165	922
166	21
166	27
166	56
166	66
166	83
166	90
166	98
166	101
166	116
166	117
166	124
166	127
166	139
166	143
166	148
166	150
166	152
166	158
166	160
166	170
166	173
166	174
166	175
166	178
166	181
166	186
166	193
166	202
166	203
166	624
167	19
167	38
167	57
167	60
167	81
167	98
167	102
167	110
167	127
167	129
167	135
167	136
167	143
167	144
167	151
167	152
167	168
167	170
167	183
167	184
167	185
167	187
167	189
167	193
167	194
167	195
167	196
167	198
167	201
167	519
168	5
168	9
168	11
168	25
168	43
168	57
168	73
168	75
168	76
168	81
168	104
168	115
168	129
168	142
168	143
168	144
168	150
168	163
168	167
168	170
168	174
168	183
168	184
168	187
168	193
168	194
168	197
168	198
168	201
168	202
168	489
169	10
169	18
169	23
169	24
169	26
169	30
169	37
169	38
169	39
169	41
169	43
169	51
169	60
169	72
169	75
169	86
169	107
169	114
169	122
169	150
169	155
169	159
169	164
169	171
169	175
169	186
169	196
169	199
169	202
169	593
169	603
170	8
170	29
170	33
170	53
170	62
170	76
170	90
170	104
170	123
170	127
170	129
170	134
170	136
170	144
170	152
170	157
170	161
170	166
170	167
170	168
170	175
170	178
170	183
170	184
170	185
170	187
170	194
170	196
170	198
170	201
170	959
171	22
171	26
171	30
171	41
171	45
171	46
171	51
171	60
171	62
171	65
171	69
171	70
171	71
171	79
171	91
171	94
171	108
171	111
171	114
171	122
171	131
171	155
171	159
171	165
171	169
171	175
171	182
171	189
171	196
171	199
171	200
171	419
172	13
172	15
172	31
172	43
172	46
172	58
172	77
172	87
172	90
172	94
172	106
172	109
172	112
172	128
172	130
172	131
172	132
172	138
172	139
172	151
172	156
172	157
172	162
172	163
172	176
172	180
172	190
172	191
172	195
172	202
172	203
172	984
173	1
173	30
173	51
173	52
173	56
173	66
173	70
173	72
173	83
173	92
173	97
173	116
173	126
173	131
173	138
173	158
173	160
173	166
173	174
173	175
173	177
173	181
173	183
173	184
173	185
173	192
173	193
173	197
173	202
173	203
173	316
173	848
174	4
174	39
174	41
174	45
174	52
174	66
174	71
174	92
174	97
174	100
174	112
174	116
174	129
174	145
174	148
174	149
174	151
174	152
174	158
174	165
174	166
174	168
174	173
174	177
174	178
174	181
174	192
174	193
174	197
174	202
174	203
174	545
175	22
175	25
175	30
175	38
175	51
175	53
175	55
175	91
175	94
175	95
175	102
175	121
175	122
175	131
175	135
175	143
175	147
175	149
175	150
175	159
175	164
175	166
175	169
175	170
175	171
175	173
175	185
175	189
175	199
175	200
175	201
175	346
175	848
176	2
176	3
176	6
176	8
176	15
176	16
176	43
176	58
176	64
176	69
176	77
176	83
176	90
176	109
176	112
176	117
176	118
176	120
176	123
176	130
176	132
176	139
176	151
176	157
176	162
176	163
176	172
176	179
176	180
176	190
176	191
176	197
176	201
176	955
177	1
177	2
177	7
177	14
177	21
177	34
177	42
177	61
177	76
177	92
177	97
177	100
177	103
177	116
177	119
177	124
177	139
177	142
177	148
177	149
177	158
177	160
177	161
177	173
177	174
177	178
177	183
177	192
177	193
177	197
177	199
177	202
177	281
177	693
178	7
178	18
178	20
178	21
178	27
178	34
178	44
178	50
178	52
178	66
178	69
178	80
178	97
178	116
178	117
178	126
178	135
178	136
178	144
178	148
178	155
178	159
178	161
178	166
178	170
178	174
178	177
178	181
178	192
178	193
178	197
178	202
178	203
178	684
179	3
179	6
179	28
179	32
179	59
179	64
179	65
179	80
179	87
179	97
179	106
179	107
179	109
179	110
179	118
179	123
179	128
179	130
179	134
179	138
179	139
179	151
179	158
179	162
179	163
179	176
179	180
179	185
179	190
179	191
179	195
179	201
179	203
179	681
179	869
180	6
180	16
180	28
180	43
180	47
180	59
180	68
180	79
180	87
180	90
180	93
180	96
180	99
180	112
180	120
180	130
180	131
180	132
180	138
180	139
180	151
180	158
180	160
180	162
180	163
180	172
180	176
180	179
180	182
180	190
180	191
180	196
180	198
180	391
180	418
181	39
181	42
181	49
181	52
181	56
181	72
181	87
181	92
181	94
181	100
181	103
181	105
181	112
181	113
181	117
181	123
181	124
181	129
181	148
181	151
181	152
181	166
181	173
181	174
181	178
181	184
181	188
181	192
181	193
181	194
181	197
181	202
181	203
181	408
181	487
182	11
182	38
182	48
182	51
182	55
182	71
182	75
182	86
182	91
182	92
182	95
182	101
182	108
182	120
182	121
182	122
182	135
182	143
182	147
182	149
182	150
182	151
182	155
182	159
182	164
182	171
182	180
182	186
182	191
182	192
182	196
182	199
182	200
182	711
182	998
183	3
183	8
183	19
183	21
183	29
183	62
183	76
183	81
183	87
183	89
183	98
183	103
183	104
183	126
183	128
183	134
183	136
183	142
183	144
183	161
183	167
183	168
183	170
183	173
183	177
183	184
183	185
183	186
183	187
183	189
183	194
183	198
183	201
183	354
183	999
184	5
184	7
184	8
184	33
184	56
184	62
184	75
184	79
184	98
184	102
184	104
184	108
184	115
184	118
184	127
184	136
184	142
184	144
184	161
184	167
184	168
184	170
184	173
184	181
184	183
184	185
184	188
184	189
184	194
184	197
184	198
184	199
184	200
184	201
184	683
184	960
185	19
185	21
185	33
185	62
185	67
185	73
185	75
185	76
185	81
185	104
185	111
185	115
185	116
185	125
185	127
185	134
185	142
185	152
185	161
185	164
185	167
185	170
185	173
185	175
185	179
185	183
185	184
185	187
185	189
185	194
185	196
185	198
185	200
185	201
185	634
185	692
186	4
186	9
186	14
186	29
186	31
186	35
186	40
186	46
186	48
186	58
186	68
186	70
186	78
186	88
186	89
186	92
186	96
186	100
186	105
186	110
186	119
186	137
186	140
186	145
186	153
186	154
186	156
186	157
186	163
186	166
186	169
186	182
186	183
186	195
186	203
186	499
186	649
187	4
187	5
187	14
187	29
187	33
187	57
187	62
187	72
187	73
187	76
187	79
187	95
187	102
187	115
187	118
187	129
187	134
187	139
187	142
187	144
187	146
187	149
187	154
187	156
187	160
187	161
187	167
187	168
187	170
187	183
187	185
187	189
187	194
187	198
187	201
187	463
187	676
188	22
188	24
188	35
188	46
188	55
188	61
188	64
188	68
188	82
188	85
188	88
188	89
188	91
188	93
188	105
188	110
188	114
188	116
188	119
188	125
188	133
188	138
188	140
188	141
188	145
188	146
188	154
188	157
188	159
188	165
188	181
188	184
188	192
188	195
188	199
188	427
188	434
189	5
189	9
189	19
189	29
189	36
189	57
189	62
189	75
189	79
189	85
189	102
189	104
189	115
189	125
189	127
189	129
189	132
189	134
189	142
189	145
189	152
189	155
189	161
189	167
189	171
189	175
189	183
189	184
189	185
189	187
189	191
189	192
189	194
189	195
189	198
189	200
189	201
189	643
190	6
190	15
190	28
190	32
190	34
190	56
190	66
190	80
190	83
190	87
190	90
190	99
190	106
190	109
190	117
190	120
190	123
190	130
190	131
190	132
190	134
190	136
190	138
190	139
190	146
190	151
190	157
190	162
190	163
190	172
190	176
190	179
190	180
190	191
190	199
190	202
190	203
190	334
190	830
191	3
191	6
191	13
191	15
191	16
191	28
191	43
191	58
191	59
191	80
191	109
191	118
191	120
191	122
191	123
191	124
191	128
191	130
191	131
191	132
191	138
191	140
191	145
191	151
191	160
191	162
191	163
191	172
191	176
191	179
191	180
191	182
191	189
191	190
191	197
191	198
191	201
191	461
191	933
192	5
192	7
192	12
192	14
192	42
192	44
192	49
192	56
192	66
192	69
192	72
192	83
192	95
192	97
192	98
192	101
192	103
192	116
192	126
192	132
192	139
192	152
192	158
192	160
192	173
192	174
192	177
192	178
192	181
192	182
192	188
192	189
192	194
192	196
192	197
192	202
192	203
192	271
192	723
193	2
193	7
193	22
193	27
193	34
193	40
193	41
193	69
193	83
193	89
193	92
193	96
193	100
193	103
193	114
193	124
193	126
193	127
193	133
193	134
193	138
193	148
193	152
193	158
193	160
193	162
193	166
193	167
193	168
193	173
193	174
193	177
193	178
193	181
193	197
193	200
193	202
193	203
193	655
193	729
194	8
194	9
194	13
194	25
194	33
194	62
194	65
194	66
194	67
194	73
194	75
194	79
194	98
194	102
194	127
194	133
194	134
194	136
194	142
194	144
194	147
194	148
194	159
194	162
194	165
194	167
194	168
194	170
194	181
194	183
194	184
194	185
194	187
194	189
194	192
194	198
194	201
194	203
194	536
194	893
195	12
195	14
195	20
195	24
195	31
195	46
195	50
195	54
195	63
195	68
195	70
195	74
195	84
195	88
195	93
195	96
195	97
195	101
195	107
195	111
195	118
195	119
195	125
195	133
195	135
195	137
195	140
195	146
195	153
195	154
195	157
195	159
195	165
195	167
195	172
195	179
195	186
195	188
195	189
195	202
195	203
195	257
195	602
196	2
196	11
196	22
196	30
196	45
196	47
196	53
196	60
196	65
196	71
196	84
196	91
196	95
196	96
196	100
196	102
196	108
196	111
196	114
196	121
196	122
196	128
196	141
196	143
196	147
196	149
196	150
196	154
196	155
196	159
196	160
196	164
196	167
196	169
196	170
196	171
196	180
196	182
196	185
196	192
196	199
196	200
196	359
196	459
197	1
197	7
197	16
197	18
197	29
197	34
197	35
197	39
197	41
197	42
197	52
197	59
197	66
197	69
197	83
197	91
197	92
197	100
197	111
197	116
197	124
197	126
197	137
197	148
197	152
197	158
197	159
197	160
197	168
197	173
197	174
197	176
197	177
197	178
197	181
197	184
197	191
197	192
197	193
197	200
197	202
197	203
197	390
197	453
197	852
198	9
198	19
198	25
198	29
198	33
198	36
198	49
198	57
198	66
198	67
198	69
198	73
198	79
198	80
198	85
198	102
198	104
198	107
198	114
198	115
198	126
198	127
198	129
198	134
198	136
198	142
198	147
198	157
198	161
198	162
198	167
198	168
198	170
198	180
198	183
198	184
198	185
198	187
198	189
198	191
198	194
198	201
198	529
198	667
198	861
199	15
199	23
199	26
199	30
199	37
199	39
199	45
199	55
199	60
199	61
199	71
199	86
199	91
199	92
199	94
199	95
199	107
199	108
199	111
199	114
199	121
199	122
199	130
199	132
199	135
199	136
199	141
199	143
199	149
199	150
199	155
199	158
199	159
199	164
199	169
199	171
199	175
199	177
199	182
199	184
199	188
199	190
199	196
199	200
199	765
199	924
200	10
200	11
200	22
200	23
200	37
200	38
200	47
200	51
200	55
200	58
200	59
200	68
200	71
200	86
200	91
200	95
200	102
200	107
200	108
200	111
200	114
200	115
200	135
200	136
200	140
200	143
200	147
200	149
200	150
200	155
200	159
200	161
200	164
200	165
200	171
200	175
200	182
200	184
200	185
200	189
200	193
200	196
200	197
200	199
200	506
200	698
200	728
201	19
201	25
201	36
201	38
201	48
201	57
201	62
201	67
201	73
201	75
201	76
201	79
201	81
201	88
201	98
201	100
201	102
201	104
201	105
201	115
201	127
201	129
201	134
201	135
201	136
201	137
201	144
201	145
201	148
201	156
201	167
201	168
201	170
201	175
201	176
201	179
201	183
201	184
201	185
201	187
201	189
201	191
201	194
201	198
201	203
201	261
201	485
202	1
202	2
202	7
202	18
202	21
202	27
202	41
202	44
202	49
202	62
202	69
202	72
202	79
202	80
202	82
202	83
202	95
202	97
202	99
202	100
202	101
202	103
202	116
202	117
202	121
202	124
202	144
202	148
202	152
202	160
202	163
202	165
202	166
202	168
202	169
202	172
202	173
202	174
202	177
202	178
202	181
202	190
202	192
202	193
202	195
202	197
202	203
202	394
202	694
203	1
203	2
203	18
203	20
203	34
203	39
203	40
203	41
203	42
203	49
203	56
203	69
203	72
203	77
203	82
203	83
203	92
203	100
203	101
203	103
203	115
203	116
203	117
203	122
203	126
203	136
203	140
203	144
203	148
203	152
203	158
203	160
203	166
203	172
203	173
203	174
203	178
203	179
203	181
203	186
203	190
203	192
203	193
203	194
203	195
203	197
203	201
203	202
203	420
203	732
204	207
204	266
204	382
204	405
204	411
204	428
204	452
204	456
204	473
204	491
205	230
205	257
205	372
205	431
205	434
205	442
205	444
205	448
205	476
205	487
206	314
206	323
206	351
206	418
206	442
206	450
206	482
206	483
206	486
206	693
207	89
207	204
207	305
207	402
207	428
207	440
207	441
207	442
207	444
207	456
208	264
208	289
208	338
208	354
208	369
208	397
208	427
208	453
208	478
208	489
209	273
209	292
209	343
209	402
209	442
209	481
209	482
209	486
209	487
209	685
210	251
210	271
210	307
210	345
210	371
210	458
210	480
210	490
210	491
211	307
211	349
211	360
211	402
211	407
211	420
211	455
211	471
211	486
211	490
212	268
212	289
212	328
212	334
212	375
212	416
212	444
212	453
212	461
212	476
213	260
213	289
213	305
213	381
213	386
213	441
213	451
213	452
213	456
213	460
214	217
214	307
214	403
214	413
214	420
214	421
214	454
214	470
214	473
214	489
215	231
215	334
215	408
215	438
215	457
215	462
215	475
215	478
215	483
215	484
216	366
216	385
216	412
216	454
216	467
216	471
216	478
216	479
216	483
216	489
217	214
217	330
217	401
217	416
217	423
217	426
217	447
217	458
217	472
217	479
218	318
218	360
218	364
218	404
218	459
218	466
218	479
218	481
218	482
218	486
219	286
219	359
219	377
219	427
219	434
219	448
219	449
219	461
219	475
219	487
220	254
220	300
220	370
220	401
220	421
220	423
220	430
220	447
220	472
220	474
221	339
221	351
221	365
221	393
221	420
221	467
221	473
221	481
221	489
221	502
222	332
222	341
222	405
222	438
222	441
222	465
222	467
222	469
222	477
222	818
223	109
223	380
223	403
223	406
223	427
223	449
223	453
223	463
223	476
223	490
224	253
224	267
224	284
224	324
224	361
224	394
224	459
224	464
224	490
224	491
225	315
225	343
225	364
225	407
225	415
225	442
225	445
225	459
225	461
225	829
226	295
226	322
226	358
226	400
226	432
226	461
226	471
226	473
226	475
226	489
227	273
227	281
227	372
227	457
227	466
227	470
227	483
227	484
227	485
227	878
228	380
228	390
228	399
228	435
228	449
228	466
228	475
228	483
228	485
228	489
229	403
229	434
229	449
229	453
229	459
229	461
229	463
229	474
229	487
229	491
230	205
230	283
230	369
230	397
230	449
230	476
230	481
230	482
230	487
230	496
231	215
231	276
231	311
231	372
231	387
231	462
231	466
231	475
231	478
231	484
232	244
232	314
232	315
232	323
232	364
232	427
232	445
232	482
232	486
232	664
233	287
233	319
233	417
233	429
233	437
233	438
233	459
233	469
233	490
233	491
234	246
234	251
234	313
234	457
234	462
234	475
234	478
234	484
234	485
234	962
235	276
235	357
235	368
235	382
235	434
235	437
235	444
235	461
235	463
235	487
236	240
236	298
236	399
236	430
236	475
236	478
236	483
236	484
236	485
236	609
237	336
237	359
237	406
237	408
237	424
237	460
237	464
237	479
237	481
237	482
237	623
238	277
238	380
238	392
238	403
238	427
238	434
238	453
238	463
238	487
238	491
238	944
239	263
239	278
239	362
239	375
239	380
239	432
239	444
239	463
239	484
239	487
239	489
240	82
240	236
240	288
240	307
240	358
240	359
240	388
240	420
240	436
240	470
240	488
241	136
241	269
241	270
241	330
241	369
241	378
241	416
241	431
241	439
241	477
241	482
242	308
242	320
242	368
242	402
242	421
242	423
242	431
242	439
242	472
242	473
242	731
243	273
243	303
243	399
243	406
243	407
243	446
243	479
243	481
243	485
243	486
243	964
244	232
244	295
244	375
244	435
244	456
244	457
244	462
244	475
244	478
244	483
244	485
245	289
245	293
245	383
245	420
245	426
245	427
245	461
245	463
245	476
245	487
245	688
246	234
246	338
246	419
246	429
246	449
246	455
246	465
246	468
246	469
246	474
246	477
247	253
247	335
247	339
247	346
247	358
247	389
247	402
247	409
247	467
247	473
247	481
248	296
248	298
248	415
248	425
248	428
248	429
248	440
248	451
248	456
248	478
248	557
249	250
249	273
249	298
249	365
249	393
249	411
249	441
249	451
249	456
249	457
249	476
250	249
250	351
250	376
250	393
250	395
250	428
250	440
250	451
250	452
250	456
250	477
251	20
251	210
251	234
251	332
251	394
251	398
251	433
251	458
251	464
251	488
251	490
252	257
252	339
252	349
252	396
252	440
252	455
252	457
252	470
252	473
252	489
252	838
253	143
253	224
253	247
253	265
253	290
253	365
253	367
253	400
253	450
253	467
253	489
254	220
254	311
254	317
254	367
254	389
254	396
254	416
254	421
254	431
254	472
254	953
255	131
255	292
255	348
255	355
255	370
255	410
255	446
255	453
255	460
255	479
255	481
256	278
256	290
256	292
256	296
256	371
256	403
256	408
256	445
256	446
256	479
256	486
257	195
257	205
257	252
257	286
257	357
257	448
257	449
257	463
257	475
257	476
257	477
258	311
258	333
258	389
258	466
258	475
258	478
258	483
258	484
258	485
258	490
258	655
259	281
259	341
259	370
259	422
259	454
259	466
259	474
259	475
259	478
259	483
259	485
260	213
260	287
260	320
260	337
260	387
260	407
260	458
260	459
260	490
260	491
260	830
261	201
261	326
261	421
261	426
261	433
261	465
261	468
261	469
261	474
261	477
261	489
262	146
262	271
262	279
262	385
262	415
262	417
262	437
262	460
262	480
262	486
262	490
263	239
263	281
263	380
263	422
263	432
263	441
263	448
263	463
263	476
263	487
263	539
264	151
264	208
264	273
264	297
264	314
264	370
264	396
264	404
264	405
264	450
264	465
265	253
265	337
265	392
265	401
265	410
265	426
265	431
265	439
265	447
265	472
265	983
266	93
266	204
266	295
266	362
266	375
266	391
266	427
266	444
266	448
266	461
266	463
266	476
267	224
267	365
267	374
267	384
267	412
267	419
267	467
267	473
267	477
267	483
267	488
267	489
268	212
268	279
268	302
268	317
268	328
268	337
268	458
268	459
268	487
268	490
268	491
268	648
269	241
269	349
269	368
269	375
269	416
269	421
269	426
269	430
269	447
269	456
269	472
269	500
270	141
270	241
270	320
270	359
270	383
270	390
270	392
270	409
270	420
270	423
270	447
270	472
271	192
271	210
271	262
271	337
271	357
271	359
271	404
271	410
271	435
271	437
271	443
271	490
272	358
272	360
272	400
272	402
272	404
272	413
272	421
272	427
272	455
272	463
272	467
272	470
273	209
273	227
273	243
273	249
273	264
273	304
273	436
273	446
273	479
273	481
273	482
273	671
274	317
274	325
274	345
274	399
274	401
274	409
274	421
274	439
274	447
274	472
274	488
274	979
275	282
275	327
275	351
275	381
275	415
275	440
275	441
275	452
275	469
275	478
275	481
275	488
276	231
276	235
276	334
276	395
276	397
276	418
276	427
276	444
276	457
276	463
276	487
276	776
277	238
277	342
277	378
277	422
277	425
277	435
277	466
277	467
277	478
277	483
277	484
277	491
278	239
278	256
278	342
278	364
278	368
278	370
278	379
278	434
278	450
278	460
278	479
278	482
279	262
279	268
279	287
279	313
279	378
279	394
279	397
279	414
279	424
279	427
279	490
279	942
280	321
280	343
280	348
280	382
280	386
280	415
280	417
280	428
280	440
280	441
280	451
280	452
281	177
281	227
281	259
281	263
281	301
281	320
281	333
281	336
281	462
281	466
281	478
281	484
282	275
282	382
282	386
282	415
282	440
282	451
282	452
282	456
282	463
282	471
282	474
282	789
283	230
283	294
283	353
283	362
283	367
283	403
283	432
283	449
283	461
283	463
283	476
283	487
284	224
284	304
284	309
284	335
284	348
284	418
284	442
284	458
284	460
284	479
284	482
284	486
285	155
285	313
285	328
285	352
285	361
285	391
285	432
285	464
285	480
285	485
285	490
285	491
286	219
286	257
286	291
286	293
286	375
286	403
286	444
286	445
286	448
286	453
286	465
286	476
287	233
287	260
287	279
287	311
287	319
287	387
287	404
287	444
287	458
287	459
287	472
287	490
288	240
288	301
288	312
288	365
288	366
288	367
288	384
288	420
288	455
288	467
288	482
288	485
289	208
289	212
289	213
289	245
289	308
289	334
289	448
289	453
289	456
289	461
289	487
289	554
290	253
290	256
290	349
290	376
290	411
290	413
290	445
290	470
290	471
290	481
290	488
290	489
291	286
291	330
291	362
291	378
291	409
291	414
291	421
291	423
291	426
291	439
291	472
291	697
292	209
292	255
292	256
292	331
292	369
292	396
292	418
292	459
292	462
292	471
292	481
292	482
293	245
293	286
293	331
293	354
293	427
293	434
293	448
293	468
293	470
293	476
293	486
293	487
294	283
294	303
294	352
294	395
294	398
294	405
294	408
294	468
294	469
294	474
294	477
294	907
295	226
295	244
295	266
295	358
295	360
295	366
295	376
295	384
295	436
295	470
295	487
295	488
296	129
296	248
296	256
296	298
296	304
296	305
296	327
296	381
296	412
296	413
296	428
296	440
296	451
297	264
297	299
297	319
297	331
297	336
297	371
297	396
297	404
297	414
297	418
297	430
297	445
297	446
298	236
298	248
298	249
298	296
298	305
298	316
298	329
298	386
298	411
298	446
298	451
298	456
298	472
299	297
299	312
299	313
299	339
299	361
299	380
299	385
299	391
299	414
299	430
299	458
299	480
299	491
300	220
300	349
300	422
300	425
300	443
300	462
300	466
300	475
300	483
300	484
300	485
300	489
300	605
301	281
301	288
301	315
301	387
301	457
301	461
301	466
301	475
301	478
301	483
301	484
301	485
301	572
302	268
302	316
302	346
302	355
302	421
302	429
302	433
302	465
302	468
302	469
302	474
302	477
302	482
303	243
303	294
303	346
303	366
303	438
303	439
303	465
303	468
303	469
303	474
303	477
303	485
303	843
304	273
304	284
304	296
304	336
304	364
304	387
304	423
304	442
304	457
304	460
304	481
304	486
304	686
305	207
305	213
305	296
305	298
305	329
305	376
305	393
305	441
305	451
305	456
305	466
305	480
305	484
306	161
306	389
306	402
306	413
306	419
306	436
306	448
306	454
306	460
306	471
306	473
306	481
306	488
307	210
307	211
307	214
307	240
307	358
307	361
307	383
307	389
307	468
307	470
307	473
307	489
307	638
308	242
308	289
308	342
308	395
308	422
308	425
308	452
308	457
308	475
308	478
308	484
308	485
308	831
309	284
309	366
309	373
309	389
309	400
309	413
309	431
309	434
309	454
309	487
309	488
309	489
309	645
310	316
310	332
310	343
310	348
310	379
310	412
310	442
310	445
310	457
310	476
310	481
310	486
310	805
311	144
311	231
311	254
311	258
311	287
311	383
311	392
311	409
311	416
311	421
311	426
311	439
311	447
312	154
312	288
312	299
312	332
312	352
312	359
312	377
312	394
312	410
312	414
312	460
312	480
312	490
313	234
313	279
313	285
313	299
313	345
313	352
313	361
313	437
313	457
313	459
313	464
313	475
313	491
314	206
314	232
314	264
314	336
314	379
314	406
314	407
314	416
314	418
314	449
314	463
314	473
314	486
315	225
315	232
315	301
315	316
315	319
315	350
315	404
315	450
315	462
315	479
315	481
315	486
315	669
316	173
316	298
316	302
316	310
316	315
316	371
316	406
316	408
316	411
316	445
316	450
316	479
316	485
317	254
317	268
317	274
317	368
317	383
317	392
317	409
317	426
317	430
317	432
317	472
317	474
317	480
317	847
318	218
318	366
318	371
318	387
318	408
318	441
318	442
318	452
318	460
318	479
318	481
318	486
318	487
318	873
319	233
319	287
319	297
319	315
319	332
319	361
319	385
319	386
319	391
319	414
319	437
319	488
319	490
319	961
320	242
320	260
320	270
320	281
320	404
320	409
320	415
320	423
320	426
320	430
320	431
320	439
320	447
320	472
321	280
321	338
321	362
321	375
321	393
321	395
321	405
321	438
321	443
321	465
321	469
321	474
321	477
321	629
322	226
322	360
322	365
322	366
322	374
322	376
322	412
322	423
322	446
322	456
322	470
322	471
322	473
322	489
323	206
323	232
323	398
323	422
323	435
323	441
323	457
323	462
323	466
323	478
323	483
323	484
323	485
323	913
324	224
324	333
324	392
324	398
324	414
324	417
324	421
324	424
324	447
324	458
324	459
324	480
324	491
324	567
325	274
325	345
325	356
325	359
325	410
325	417
325	424
325	458
325	464
325	465
325	473
325	480
325	487
325	491
326	261
326	334
326	341
326	419
326	425
326	429
326	443
326	468
326	469
326	472
326	474
326	477
326	491
326	888
327	70
327	275
327	296
327	337
327	351
327	386
327	393
327	415
327	418
327	440
327	441
327	452
327	474
327	490
328	212
328	268
328	285
328	384
328	387
328	424
328	437
328	453
328	458
328	464
328	480
328	484
328	491
328	613
329	298
329	305
329	351
329	381
329	411
329	415
329	420
329	424
329	449
329	451
329	452
329	456
329	471
329	488
329	850
330	160
330	217
330	241
330	291
330	397
330	416
330	421
330	423
330	430
330	431
330	439
330	448
330	472
330	481
330	486
331	58
331	292
331	293
331	297
331	340
331	370
331	396
331	408
331	418
331	475
331	478
331	479
331	481
331	486
331	490
332	222
332	251
332	310
332	312
332	319
332	337
332	346
332	385
332	391
332	394
332	437
332	460
332	464
332	489
332	491
333	258
333	281
333	324
333	342
333	386
333	390
333	406
333	435
333	457
333	458
333	462
333	478
333	483
333	485
333	901
334	190
334	212
334	215
334	276
334	289
334	326
334	339
334	344
334	357
334	397
334	427
334	448
334	461
334	463
334	476
335	247
335	284
335	342
335	343
335	359
335	396
335	404
335	442
335	445
335	460
335	479
335	481
335	482
335	489
335	862
336	237
336	281
336	297
336	304
336	314
336	391
336	413
336	445
336	450
336	451
336	476
336	481
336	482
336	486
336	939
337	260
337	265
337	268
337	271
337	327
337	332
337	356
337	372
337	388
337	416
337	458
337	480
337	485
337	491
337	846
338	145
338	208
338	246
338	321
338	384
338	433
338	443
338	465
338	468
338	469
338	473
338	474
338	477
338	484
338	487
339	221
339	247
339	252
339	299
339	334
339	400
339	408
339	454
339	467
339	470
339	471
339	472
339	488
339	489
339	882
340	331
340	343
340	348
340	364
340	379
340	393
340	424
340	432
340	446
340	450
340	460
340	482
340	483
340	486
340	616
341	222
341	259
341	326
341	344
341	347
341	375
341	395
341	398
341	414
341	429
341	468
341	474
341	476
341	477
341	668
342	277
342	278
342	308
342	333
342	335
342	377
342	388
342	425
342	466
342	478
342	479
342	483
342	484
342	485
342	560
343	209
343	225
343	280
343	310
343	335
343	340
343	354
343	371
343	420
343	426
343	436
343	445
343	460
343	479
343	482
344	334
344	341
344	347
344	395
344	400
344	405
344	431
344	433
344	443
344	463
344	466
344	468
344	469
344	474
344	477
344	526
345	210
345	274
345	313
345	325
345	394
345	403
345	410
345	414
345	417
345	425
345	437
345	445
345	459
345	462
345	490
345	491
346	175
346	247
346	302
346	303
346	332
346	352
346	401
346	404
346	419
346	438
346	443
346	468
346	469
346	474
346	477
346	482
347	341
347	344
347	365
347	419
347	420
347	433
347	438
347	443
347	444
347	465
347	468
347	469
347	474
347	477
347	486
347	488
348	123
348	255
348	280
348	284
348	310
348	340
348	365
348	406
348	407
348	442
348	447
348	450
348	460
348	475
348	479
348	482
349	211
349	252
349	269
349	290
349	300
349	355
349	376
349	402
349	420
349	434
349	436
349	455
349	470
349	473
349	485
349	656
350	315
350	365
350	373
350	374
350	376
350	402
350	413
350	420
350	435
350	438
350	447
350	454
350	455
350	470
350	482
350	489
351	206
351	221
351	250
351	275
351	327
351	329
351	382
351	386
351	391
351	428
351	450
351	451
351	452
351	456
351	460
351	744
352	92
352	285
352	294
352	312
352	313
352	346
352	429
352	433
352	438
352	443
352	462
352	465
352	468
352	469
352	474
352	477
353	162
353	283
353	382
353	422
353	425
353	435
353	436
353	442
353	457
353	462
353	475
353	477
353	478
353	483
353	484
353	485
354	183
354	208
354	293
354	343
354	357
354	375
354	378
354	387
354	433
354	434
354	444
354	449
354	463
354	464
354	476
354	487
355	71
355	255
355	302
355	349
355	360
355	412
355	419
355	429
355	433
355	438
355	443
355	450
355	465
355	468
355	474
355	477
355	478
356	118
356	325
356	337
356	359
356	387
356	388
356	394
356	400
356	405
356	409
356	417
356	430
356	464
356	475
356	480
356	490
356	491
357	235
357	257
357	271
357	334
357	354
357	380
357	422
357	427
357	448
357	449
357	451
357	453
357	471
357	472
357	476
357	487
357	507
358	226
358	240
358	247
358	272
358	295
358	307
358	366
358	373
358	388
358	399
358	432
358	435
358	455
358	471
358	477
358	488
358	489
359	196
359	219
359	237
359	240
359	270
359	271
359	312
359	325
359	335
359	356
359	414
359	417
359	437
359	464
359	480
359	490
359	491
360	153
360	211
360	218
360	272
360	295
360	322
360	355
360	400
360	406
360	409
360	436
360	454
360	471
360	473
360	476
360	488
360	489
361	122
361	224
361	285
361	299
361	307
361	313
361	319
361	415
361	428
361	442
361	458
361	459
361	464
361	470
361	480
361	490
361	491
362	239
362	266
362	283
362	291
362	321
362	375
362	381
362	395
362	397
362	427
362	449
362	453
362	461
362	464
362	476
362	487
362	685
363	377
363	381
363	384
363	390
363	399
363	425
363	445
363	457
363	462
363	465
363	466
363	474
363	475
363	483
363	484
363	485
363	834
364	218
364	225
364	232
364	278
364	304
364	340
364	371
364	404
364	408
364	412
364	419
364	431
364	450
364	458
364	463
364	481
364	804
365	221
365	249
365	253
365	267
365	288
365	322
365	347
365	348
365	350
365	407
365	420
365	451
365	467
365	471
365	488
365	489
365	587
366	84
366	216
366	288
366	295
366	303
366	309
366	318
366	322
366	358
366	373
366	376
366	384
366	391
366	396
366	435
366	470
366	471
367	253
367	254
367	283
367	288
367	373
367	396
367	412
367	419
367	440
367	451
367	454
367	455
367	467
367	470
367	473
367	488
367	489
367	535
368	143
368	235
368	242
368	269
368	278
368	317
368	373
368	378
368	383
368	385
368	401
368	426
368	430
368	431
368	439
368	447
368	461
368	472
369	208
369	230
369	241
369	292
369	380
369	390
369	397
369	427
369	432
369	434
369	444
369	449
369	453
369	455
369	461
369	476
369	480
369	857
370	220
370	255
370	259
370	264
370	278
370	331
370	379
370	409
370	442
370	446
370	450
370	460
370	468
370	475
370	480
370	481
370	482
370	486
371	210
371	256
371	297
371	316
371	318
371	343
371	364
371	376
371	408
371	417
371	446
371	460
371	479
371	481
371	485
371	486
371	490
371	596
372	205
372	227
372	231
372	337
372	377
372	397
372	435
372	462
372	466
372	470
372	475
372	478
372	483
372	484
372	485
372	489
372	491
372	900
373	309
373	350
373	358
373	366
373	367
373	368
373	383
373	447
373	455
373	457
373	467
373	471
373	473
373	476
373	487
373	488
373	489
373	993
374	36
374	267
374	322
374	350
374	384
374	386
374	400
374	412
374	427
374	436
374	443
374	454
374	455
374	462
374	472
374	473
374	478
374	488
374	489
375	212
375	239
375	244
375	266
375	269
375	286
375	321
375	341
375	354
375	362
375	397
375	403
375	432
375	453
375	458
375	461
375	487
375	491
375	849
376	250
376	290
376	295
376	305
376	322
376	349
376	350
376	366
376	371
376	389
376	412
376	420
376	442
376	454
376	471
376	475
376	488
376	489
376	813
377	62
377	219
377	312
377	342
377	363
377	372
377	390
377	425
377	435
377	457
377	460
377	462
377	464
377	465
377	475
377	483
377	484
377	485
377	490
378	241
378	277
378	279
378	291
378	354
378	368
378	383
378	386
378	392
378	409
378	426
378	430
378	431
378	439
378	447
378	470
378	472
378	488
378	584
379	128
379	278
379	310
379	314
379	340
379	370
379	384
379	404
379	405
379	406
379	407
379	439
379	449
379	450
379	460
379	478
379	479
379	482
379	486
380	3
380	223
380	228
380	238
380	239
380	263
380	299
380	357
380	369
380	391
380	411
380	432
380	444
380	453
380	461
380	468
380	469
380	476
380	487
381	66
381	213
381	275
381	296
381	329
381	362
381	363
381	382
381	384
381	386
381	411
381	412
381	415
381	440
381	441
381	451
381	456
381	479
381	485
382	204
382	235
382	280
382	282
382	351
382	353
382	381
382	386
382	407
382	411
382	415
382	428
382	441
382	446
382	451
382	452
382	456
382	472
382	476
382	542
383	245
383	270
383	307
383	311
383	317
383	368
383	373
383	378
383	398
383	401
383	409
383	421
383	423
383	430
383	431
383	438
383	447
383	471
383	472
383	999
384	121
384	267
384	288
384	295
384	328
384	338
384	363
384	366
384	374
384	379
384	381
384	396
384	413
384	436
384	454
384	455
384	467
384	470
384	471
384	488
385	216
385	262
385	299
385	319
385	332
385	368
385	388
385	391
385	398
385	417
385	423
385	424
385	458
385	459
385	467
385	479
385	480
385	482
385	491
385	926
386	33
386	213
386	280
386	282
386	298
386	319
386	327
386	333
386	351
386	374
386	378
386	381
386	382
386	393
386	437
386	441
386	451
386	452
386	456
386	486
387	231
387	260
387	287
387	301
387	304
387	318
387	328
387	354
387	356
387	388
387	398
387	410
387	417
387	425
387	437
387	459
387	480
387	490
387	491
387	598
388	240
388	337
388	342
388	356
388	358
388	385
388	387
388	394
388	395
388	410
388	417
388	424
388	454
388	458
388	459
388	464
388	487
388	490
388	491
388	753
389	247
389	254
389	258
389	306
389	307
389	309
389	376
389	402
389	423
389	427
389	436
389	454
389	466
389	467
389	470
389	471
389	473
389	488
389	491
389	819
390	197
390	228
390	270
390	333
390	363
390	369
390	377
390	399
390	400
390	422
390	425
390	447
390	462
390	466
390	468
390	471
390	475
390	483
390	484
390	485
391	180
391	266
391	285
391	299
391	319
391	332
391	336
391	351
391	366
391	380
391	385
391	398
391	410
391	424
391	437
391	458
391	464
391	480
391	488
391	491
392	238
392	265
392	270
392	311
392	317
392	324
392	378
392	416
392	421
392	423
392	430
392	431
392	439
392	445
392	447
392	454
392	472
392	485
392	491
392	920
393	221
393	249
393	250
393	305
393	321
393	327
393	340
393	386
393	411
393	415
393	428
393	440
393	441
393	446
393	451
393	452
393	456
393	466
393	485
393	980
394	202
394	224
394	251
394	279
394	312
394	332
394	345
394	356
394	388
394	398
394	435
394	441
394	448
394	453
394	464
394	467
394	480
394	489
394	490
394	491
395	250
395	276
395	294
395	308
395	321
395	341
395	344
395	362
395	388
395	419
395	429
395	433
395	443
395	446
395	465
395	468
395	469
395	474
395	477
395	929
396	252
396	254
396	264
396	292
396	297
396	331
396	335
396	366
396	367
396	384
396	404
396	407
396	418
396	446
396	460
396	479
396	482
396	484
396	486
396	650
397	208
397	230
397	276
397	279
397	330
397	334
397	362
397	369
397	372
397	375
397	407
397	427
397	437
397	444
397	449
397	461
397	476
397	478
397	487
397	696
398	251
398	294
398	323
398	324
398	341
398	383
398	385
398	387
398	391
398	394
398	404
398	414
398	424
398	458
398	459
398	464
398	470
398	480
398	490
398	491
398	537
399	163
399	228
399	236
399	243
399	274
399	358
399	363
399	390
399	403
399	425
399	430
399	457
399	462
399	466
399	471
399	475
399	478
399	483
399	484
399	485
399	755
400	226
400	253
400	272
400	309
400	339
400	344
400	356
400	360
400	374
400	390
400	412
400	413
400	430
400	440
400	454
400	455
400	457
400	473
400	488
400	489
400	867
401	97
401	217
401	220
401	265
401	274
401	346
401	368
401	383
401	410
401	416
401	423
401	424
401	426
401	430
401	431
401	437
401	439
401	447
401	453
401	472
401	480
402	207
402	209
402	211
402	242
402	247
402	272
402	306
402	349
402	350
402	389
402	409
402	412
402	420
402	451
402	470
402	471
402	473
402	485
402	488
402	489
402	668
403	214
403	223
403	229
403	238
403	256
403	283
403	286
403	345
403	375
403	399
403	432
403	434
403	443
403	448
403	449
403	453
403	461
403	463
403	479
403	487
403	747
404	218
404	264
404	271
404	272
404	287
404	297
404	315
404	320
404	335
404	346
404	364
404	379
404	396
404	398
404	408
404	446
404	450
404	479
404	481
404	482
404	989
405	204
405	222
405	264
405	294
405	321
405	344
405	356
405	379
405	408
405	419
405	429
405	438
405	439
405	442
405	443
405	465
405	468
405	469
405	474
405	477
405	695
406	223
406	237
406	243
406	314
406	316
406	333
406	348
406	360
406	379
406	407
406	418
406	445
406	448
406	450
406	452
406	460
406	474
406	481
406	482
406	486
406	916
407	211
407	225
407	243
407	260
407	314
407	348
407	365
407	379
407	382
407	396
407	397
407	406
407	408
407	445
407	446
407	450
407	469
407	481
407	482
407	486
407	666
408	181
408	215
408	237
408	256
408	294
408	316
408	318
408	331
408	339
408	364
408	371
408	404
408	405
408	407
408	418
408	442
408	445
408	461
408	469
408	482
408	486
409	247
409	270
409	274
409	291
409	311
409	317
409	320
409	356
409	360
409	370
409	378
409	383
409	402
409	416
409	423
409	426
409	430
409	447
409	472
409	480
409	490
409	735
410	255
410	265
410	271
410	312
410	325
410	345
410	387
410	388
410	391
410	401
410	418
410	424
410	458
410	459
410	460
410	464
410	476
410	480
410	483
410	490
410	491
410	931
411	204
411	249
411	290
411	298
411	316
411	329
411	380
411	381
411	382
411	393
411	415
411	418
411	428
411	440
411	441
411	451
411	452
411	454
411	456
411	458
411	469
411	738
412	216
412	267
412	296
412	310
412	322
412	355
412	364
412	367
412	374
412	376
412	381
412	400
412	402
412	420
412	424
412	436
412	455
412	471
412	473
412	488
412	489
412	851
413	214
413	272
413	290
413	296
413	306
413	309
413	336
413	350
413	384
413	400
413	420
413	433
413	436
413	446
413	454
413	463
413	471
413	484
413	488
413	489
413	491
413	990
414	279
414	291
414	297
414	299
414	312
414	319
414	324
414	341
414	345
414	359
414	398
414	417
414	424
414	452
414	458
414	464
414	467
414	469
414	480
414	490
414	491
414	658
415	225
415	248
415	262
415	275
415	280
415	282
415	320
415	327
415	329
415	361
415	381
415	382
415	393
415	411
415	420
415	428
415	440
415	452
415	456
415	459
415	484
415	661
415	968
416	212
416	217
416	241
416	254
416	269
416	311
416	314
416	330
416	337
416	392
416	401
416	409
416	421
416	423
416	426
416	429
416	431
416	444
416	447
416	461
416	470
416	472
416	643
417	39
417	233
417	262
417	280
417	324
417	325
417	345
417	356
417	359
417	371
417	385
417	387
417	388
417	414
417	444
417	452
417	459
417	469
417	475
417	479
417	480
417	490
417	491
418	180
418	206
418	276
418	284
418	292
418	297
418	314
418	327
418	331
418	396
418	406
418	408
418	410
418	411
418	436
418	442
418	445
418	446
418	450
418	470
418	481
418	482
418	486
419	171
419	246
419	267
419	306
419	326
419	346
419	347
419	355
419	364
419	367
419	395
419	405
419	429
419	433
419	435
419	438
419	443
419	446
419	465
419	468
419	469
419	474
419	477
419	488
420	203
420	211
420	214
420	221
420	240
420	245
420	270
420	288
420	329
420	343
420	347
420	349
420	350
420	365
420	376
420	402
420	412
420	413
420	415
420	429
420	455
420	467
420	473
420	1000
421	214
421	220
421	242
421	254
421	261
421	269
421	272
421	274
421	291
421	302
421	311
421	324
421	330
421	383
421	392
421	416
421	423
421	426
421	431
421	444
421	447
421	463
421	472
421	994
422	259
422	263
422	277
422	300
422	308
422	323
422	353
422	357
422	390
422	425
422	436
422	449
422	453
422	457
422	458
422	462
422	466
422	475
422	476
422	477
422	478
422	483
422	484
422	812
423	217
423	220
423	242
423	270
423	291
423	304
423	320
423	322
423	330
423	383
423	385
423	389
423	392
423	401
423	409
423	416
423	421
423	430
423	439
423	470
423	474
423	487
423	837
423	915
424	94
424	237
424	279
424	324
424	325
424	328
424	329
424	340
424	385
424	388
424	391
424	398
424	401
424	410
424	412
424	414
424	428
424	429
424	459
424	464
424	480
424	488
424	490
424	491
425	248
425	277
425	300
425	308
425	326
425	342
425	345
425	353
425	363
425	377
425	387
425	390
425	399
425	422
425	427
425	431
425	462
425	475
425	478
425	483
425	484
425	485
425	488
425	814
426	217
426	245
426	261
426	265
426	269
426	291
426	311
426	317
426	320
426	343
426	368
426	378
426	401
426	409
426	416
426	421
426	431
426	439
426	442
426	470
426	472
426	478
426	490
426	840
427	188
427	208
427	219
427	223
427	232
427	238
427	245
427	266
427	272
427	276
427	279
427	293
427	334
427	357
427	362
427	369
427	374
427	389
427	397
427	425
427	432
427	437
427	463
427	487
428	204
428	207
428	248
428	250
428	280
428	296
428	351
428	361
428	382
428	393
428	411
428	415
428	424
428	430
428	432
428	440
428	441
428	451
428	452
428	455
428	456
428	458
428	479
428	566
429	233
429	246
429	248
429	302
429	326
429	341
429	352
429	355
429	395
429	405
429	416
429	419
429	420
429	424
429	434
429	438
429	443
429	461
429	465
429	468
429	469
429	474
429	477
429	619
430	220
430	236
430	269
430	297
430	299
430	317
430	320
430	330
430	356
430	368
430	378
430	383
430	392
430	399
430	400
430	401
430	409
430	423
430	428
430	431
430	439
430	447
430	472
430	614
430	725
431	205
431	241
431	242
431	254
431	265
431	309
431	320
431	330
431	344
431	364
431	368
431	378
431	383
431	392
431	401
431	416
431	421
431	425
431	426
431	430
431	447
431	448
431	464
431	472
431	952
432	155
432	226
432	239
432	263
432	283
432	285
432	317
432	340
432	358
432	369
432	375
432	380
432	403
432	427
432	428
432	434
432	437
432	440
432	448
432	453
432	461
432	463
432	476
432	487
432	998
433	130
433	251
433	261
433	302
433	338
433	344
433	347
433	352
433	354
433	355
433	395
433	413
433	419
433	438
433	443
433	455
433	461
433	464
433	465
433	468
433	469
433	474
433	477
433	485
433	486
434	188
434	205
434	219
434	229
434	235
434	238
434	278
434	293
434	309
434	349
434	354
434	369
434	403
434	429
434	432
434	437
434	441
434	444
434	447
434	449
434	453
434	455
434	463
434	476
434	487
435	228
435	244
435	271
435	277
435	323
435	333
435	350
435	353
435	358
435	366
435	372
435	377
435	394
435	419
435	445
435	454
435	457
435	462
435	466
435	475
435	478
435	483
435	484
435	485
435	947
436	53
436	240
436	273
436	295
436	306
436	343
436	349
436	353
436	360
436	374
436	384
436	389
436	412
436	413
436	418
436	422
436	440
436	452
436	454
436	455
436	456
436	467
436	470
436	471
436	488
436	489
437	152
437	233
437	235
437	262
437	271
437	313
437	319
437	328
437	332
437	345
437	359
437	386
437	387
437	391
437	397
437	401
437	427
437	432
437	434
437	458
437	459
437	464
437	480
437	483
437	490
437	491
438	215
438	222
438	233
438	303
438	321
438	346
438	347
438	350
438	352
438	355
438	383
438	405
438	419
438	429
438	433
438	443
438	459
438	465
438	468
438	469
438	474
438	477
438	483
438	490
438	859
438	940
439	241
439	242
439	265
439	274
439	291
439	303
439	311
439	320
439	330
439	368
439	378
439	379
439	392
439	401
439	405
439	423
439	426
439	430
439	448
439	456
439	472
439	476
439	483
439	484
439	701
439	967
440	207
440	248
440	250
440	252
440	275
440	280
440	282
440	296
440	327
440	367
440	381
440	393
440	400
440	411
440	415
440	428
440	432
440	436
440	441
440	445
440	451
440	452
440	456
440	459
440	480
440	992
441	207
441	213
441	222
441	249
441	263
441	275
441	280
441	305
441	318
441	323
441	327
441	381
441	382
441	386
441	393
441	394
441	411
441	428
441	434
441	440
441	451
441	452
441	456
441	468
441	469
441	993
442	205
442	206
442	207
442	209
442	225
442	284
442	304
442	310
442	318
442	335
442	348
442	353
442	361
442	370
442	376
442	405
442	408
442	418
442	426
442	445
442	460
442	468
442	479
442	482
442	530
442	666
443	271
443	300
443	321
443	326
443	338
443	344
443	346
443	347
443	352
443	355
443	374
443	395
443	403
443	405
443	419
443	429
443	433
443	438
443	451
443	455
443	465
443	468
443	474
443	475
443	477
443	480
443	890
444	205
444	207
444	212
444	235
444	239
444	266
444	276
444	286
444	287
444	347
444	354
444	369
444	380
444	397
444	416
444	417
444	421
444	434
444	449
444	453
444	461
444	462
444	476
444	486
444	487
444	575
444	802
445	225
445	232
445	256
445	286
445	290
445	297
445	310
445	316
445	335
445	336
445	343
445	345
445	363
445	392
445	406
445	407
445	408
445	418
445	435
445	440
445	442
445	446
445	460
445	471
445	481
445	483
445	948
446	243
446	255
446	256
446	273
446	297
446	298
446	322
446	340
446	370
446	371
446	382
446	393
446	395
446	396
446	404
446	407
446	413
446	418
446	419
446	445
446	460
446	479
446	481
446	482
446	486
446	489
446	548
447	217
447	220
447	265
447	269
447	270
447	274
447	311
447	320
447	324
447	348
447	350
447	368
447	373
447	378
447	383
447	390
447	392
447	401
447	409
447	416
447	421
447	430
447	431
447	434
447	467
447	486
447	858
448	78
448	205
448	219
448	257
448	263
448	266
448	286
448	289
448	293
448	306
448	330
448	334
448	357
448	394
448	403
448	406
448	431
448	432
448	439
448	449
448	453
448	461
448	463
448	474
448	476
448	481
448	485
448	487
449	32
449	219
449	223
449	228
449	229
449	230
449	246
449	257
449	283
449	314
449	329
449	354
449	357
449	362
449	369
449	379
449	397
449	403
449	422
449	434
449	444
449	448
449	461
449	474
449	483
449	486
449	487
449	832
450	206
450	253
450	264
450	278
450	315
450	316
450	336
450	340
450	348
450	351
450	355
450	364
450	370
450	379
450	404
450	406
450	407
450	418
450	453
450	460
450	465
450	477
450	479
450	482
450	486
450	487
450	489
450	741
450	974
451	213
451	248
451	249
451	250
451	280
451	282
451	296
451	298
451	305
451	329
451	336
451	351
451	357
451	365
451	367
451	381
451	382
451	386
451	393
451	402
451	411
451	428
451	440
451	441
451	443
451	452
451	462
451	463
451	481
451	877
452	204
452	213
452	250
452	275
452	280
452	282
452	308
452	318
452	327
452	329
452	351
452	382
452	386
452	393
452	406
452	411
452	414
452	415
452	417
452	428
452	436
452	440
452	441
452	451
452	454
452	456
452	472
452	478
452	491
452	673
453	197
453	208
453	212
453	223
453	229
453	238
453	255
453	286
453	289
453	328
453	357
453	362
453	369
453	375
453	380
453	394
453	401
453	403
453	422
453	432
453	434
453	444
453	448
453	450
453	461
453	471
453	476
453	484
453	487
453	488
453	914
454	214
454	216
454	259
454	306
454	309
454	339
454	350
454	360
454	367
454	374
454	376
454	384
454	388
454	389
454	392
454	400
454	411
454	413
454	435
454	436
454	452
454	455
454	466
454	467
454	470
454	471
454	479
454	488
454	489
454	491
454	842
455	159
455	211
455	246
455	252
455	272
455	288
455	349
455	350
455	358
455	367
455	369
455	373
455	374
455	384
455	400
455	412
455	420
455	428
455	433
455	434
455	436
455	443
455	454
455	459
455	464
455	465
455	467
455	473
455	488
455	489
455	675
456	204
456	207
456	213
456	244
456	248
456	249
456	250
456	269
456	282
456	289
456	298
456	305
456	322
456	329
456	351
456	381
456	382
456	386
456	393
456	411
456	415
456	428
456	436
456	439
456	440
456	441
456	452
456	468
456	480
456	481
456	750
457	215
457	227
457	234
457	244
457	249
457	252
457	276
457	301
457	304
457	308
457	310
457	313
457	323
457	333
457	353
457	363
457	373
457	377
457	399
457	400
457	422
457	435
457	462
457	466
457	467
457	475
457	478
457	483
457	484
457	485
457	646
458	79
458	210
458	217
458	251
458	260
458	268
458	284
458	287
458	299
458	324
458	325
458	328
458	333
458	337
458	361
458	364
458	375
458	385
458	388
458	391
458	398
458	410
458	411
458	414
458	422
458	428
458	437
458	459
458	466
458	480
458	490
458	692
459	196
459	218
459	224
459	225
459	229
459	233
459	260
459	268
459	287
459	292
459	313
459	324
459	345
459	361
459	385
459	387
459	388
459	398
459	410
459	415
459	417
459	424
459	437
459	438
459	440
459	455
459	458
459	464
459	480
459	482
459	490
459	987
460	72
460	213
460	237
460	255
460	262
460	278
460	284
460	304
460	306
460	312
460	318
460	332
460	335
460	340
460	343
460	348
460	351
460	370
460	371
460	377
460	379
460	396
460	406
460	410
460	442
460	445
460	446
460	450
460	466
460	473
460	479
460	481
460	486
461	191
461	212
461	219
461	225
461	226
461	229
461	235
461	245
461	266
461	283
461	289
461	301
461	334
461	362
461	368
461	369
461	375
461	380
461	397
461	403
461	408
461	416
461	429
461	432
461	433
461	444
461	448
461	449
461	453
461	463
461	476
461	488
461	678
462	215
462	231
462	234
462	244
462	281
462	292
462	300
462	315
462	323
462	333
462	345
462	352
462	353
462	363
462	372
462	374
462	377
462	390
462	399
462	422
462	425
462	435
462	444
462	451
462	457
462	466
462	467
462	471
462	473
462	478
462	483
462	484
462	659
463	187
463	223
463	229
463	235
463	238
463	239
463	245
463	257
463	263
463	266
463	272
463	276
463	282
463	283
463	314
463	334
463	344
463	354
463	364
463	403
463	413
463	421
463	427
463	432
463	434
463	448
463	451
463	461
463	476
463	484
463	487
463	489
463	851
464	224
464	237
464	251
464	285
464	313
464	325
464	328
464	332
464	354
464	356
464	359
464	361
464	362
464	377
464	388
464	391
464	394
464	398
464	410
464	414
464	424
464	431
464	433
464	437
464	455
464	459
464	467
464	474
464	480
464	490
464	491
464	682
464	977
465	222
465	246
465	261
465	264
465	286
465	302
465	303
465	321
465	325
465	338
465	347
465	352
465	355
465	363
465	377
465	395
465	405
465	419
465	429
465	433
465	438
465	443
465	450
465	455
465	466
465	468
465	469
465	471
465	474
465	477
465	482
465	670
465	968
466	218
466	227
466	228
466	231
466	258
466	259
466	277
466	281
466	300
466	301
466	305
466	323
466	342
466	344
466	363
466	372
466	389
466	390
466	393
466	399
466	422
466	435
466	454
466	457
466	458
466	460
466	462
466	465
466	475
466	477
466	478
466	484
466	485
466	733
467	216
467	221
467	222
467	247
467	253
467	267
467	272
467	277
467	288
467	339
467	365
467	367
467	373
467	384
467	385
467	389
467	394
467	414
467	420
467	436
467	447
467	454
467	455
467	457
467	462
467	464
467	470
467	471
467	473
467	487
467	488
467	489
467	839
467	951
468	41
468	246
468	261
468	293
468	294
468	302
468	303
468	307
468	326
468	338
468	341
468	344
468	346
468	347
468	352
468	355
468	370
468	380
468	390
468	395
468	405
468	419
468	429
468	433
468	438
468	441
468	442
468	443
468	456
468	465
468	469
468	474
468	477
468	490
468	985
469	222
469	233
469	246
469	261
469	275
469	294
469	302
469	303
469	321
469	326
469	338
469	344
469	346
469	347
469	352
469	380
469	395
469	405
469	407
469	408
469	411
469	414
469	417
469	419
469	429
469	433
469	438
469	441
469	465
469	468
469	474
469	477
469	479
469	688
469	814
470	214
470	227
470	240
470	252
470	272
470	290
470	293
470	295
470	307
470	322
470	339
470	349
470	350
470	361
470	366
470	367
470	372
470	378
470	384
470	389
470	398
470	402
470	416
470	418
470	423
470	426
470	436
470	454
470	467
470	471
470	473
470	483
470	488
470	489
470	736
470	956
471	116
471	211
471	216
471	226
471	282
471	290
471	292
471	306
471	322
471	329
471	339
471	357
471	358
471	360
471	365
471	366
471	373
471	376
471	383
471	384
471	389
471	390
471	399
471	402
471	412
471	413
471	436
471	445
471	453
471	454
471	462
471	465
471	467
471	470
471	473
471	488
471	671
472	217
472	220
472	242
472	254
472	265
472	269
472	270
472	274
472	287
472	291
472	298
472	317
472	320
472	326
472	330
472	339
472	357
472	368
472	374
472	378
472	382
472	383
472	392
472	401
472	409
472	416
472	421
472	426
472	430
472	431
472	439
472	452
472	480
472	489
472	490
472	491
472	637
472	648
473	43
473	204
473	214
473	221
473	226
473	242
473	247
473	252
473	267
473	306
473	307
473	314
473	322
473	325
473	338
473	349
473	360
473	367
473	373
473	374
473	389
473	400
473	402
473	412
473	420
473	455
473	460
473	462
473	467
473	470
473	471
473	475
473	480
473	481
473	482
473	484
473	488
473	489
473	586
474	220
474	229
474	246
474	259
474	261
474	282
474	294
474	302
474	303
474	317
474	321
474	326
474	327
474	338
474	341
474	344
474	346
474	347
474	352
474	355
474	363
474	395
474	405
474	406
474	419
474	423
474	429
474	433
474	438
474	443
474	448
474	449
474	464
474	465
474	468
474	469
474	477
474	791
474	958
475	8
475	215
475	219
475	226
475	228
475	231
475	234
475	236
475	244
475	257
475	258
475	259
475	300
475	301
475	308
475	313
475	331
475	348
475	353
475	356
475	363
475	370
475	372
475	376
475	377
475	390
475	399
475	417
475	422
475	425
475	435
475	443
475	457
475	466
475	473
475	478
475	483
475	484
475	485
475	981
476	205
476	212
476	223
476	230
476	245
476	249
476	257
476	263
476	266
476	283
476	286
476	293
476	310
476	334
476	336
476	341
476	354
476	357
476	360
476	362
476	369
476	373
476	380
476	382
476	397
476	410
476	422
476	432
476	434
476	439
476	444
476	448
476	453
476	461
476	463
476	481
476	482
476	487
476	511
476	531
477	222
477	241
477	246
477	250
477	257
477	261
477	267
477	294
477	302
477	303
477	321
477	326
477	338
477	341
477	344
477	346
477	347
477	352
477	353
477	355
477	358
477	395
477	405
477	419
477	422
477	429
477	433
477	438
477	443
477	450
477	465
477	466
477	468
477	469
477	474
477	483
477	486
477	487
477	706
477	855
477	970
478	208
478	215
478	216
478	231
478	234
478	236
478	244
478	248
478	258
478	259
478	275
478	277
478	281
478	301
478	308
478	323
478	331
478	333
478	342
478	353
478	355
478	372
478	374
478	379
478	397
478	399
478	422
478	425
478	426
478	435
478	452
478	457
478	462
478	466
478	475
478	483
478	484
478	485
478	487
478	660
478	693
479	25
479	216
479	217
479	218
479	237
479	243
479	255
479	256
479	273
479	278
479	284
479	315
479	316
479	318
479	331
479	335
479	342
479	343
479	348
479	371
479	379
479	381
479	385
479	396
479	403
479	404
479	417
479	428
479	442
479	446
479	450
479	454
479	460
479	469
479	481
479	482
479	484
479	486
479	490
479	491
479	949
480	76
480	210
480	262
480	285
480	299
480	305
480	312
480	317
480	324
480	325
480	328
480	337
480	356
480	359
480	361
480	369
480	370
480	385
480	387
480	391
480	394
480	398
480	401
480	409
480	410
480	414
480	417
480	424
480	437
480	440
480	443
480	456
480	458
480	459
480	464
480	472
480	473
480	488
480	490
480	491
480	965
481	209
481	218
481	221
481	230
481	237
481	243
481	247
481	255
481	273
481	275
481	290
481	292
481	304
481	306
481	310
481	315
481	318
481	330
481	331
481	335
481	336
481	364
481	370
481	371
481	404
481	406
481	407
481	418
481	445
481	446
481	448
481	451
481	456
481	460
481	473
481	476
481	479
481	482
481	486
481	652
481	828
482	52
482	132
482	206
482	209
482	218
482	230
482	232
482	237
482	241
482	273
482	278
482	284
482	288
482	292
482	302
482	335
482	336
482	340
482	343
482	346
482	348
482	350
482	370
482	379
482	385
482	396
482	404
482	406
482	407
482	408
482	418
482	442
482	446
482	450
482	459
482	465
482	473
482	476
482	479
482	481
482	486
482	490
483	206
483	215
483	216
483	227
483	228
483	236
483	244
483	258
483	259
483	267
483	277
483	300
483	301
483	323
483	333
483	340
483	342
483	353
483	363
483	372
483	377
483	390
483	399
483	410
483	422
483	425
483	435
483	437
483	438
483	439
483	445
483	449
483	457
483	462
483	470
483	475
483	477
483	478
483	484
483	485
483	486
483	661
483	990
484	215
484	227
484	231
484	234
484	236
484	239
484	258
484	277
484	281
484	300
484	301
484	305
484	308
484	323
484	328
484	338
484	342
484	353
484	363
484	372
484	377
484	390
484	396
484	399
484	413
484	415
484	422
484	425
484	435
484	439
484	453
484	457
484	462
484	463
484	466
484	473
484	475
484	478
484	479
484	483
484	485
484	491
484	562
484	625
485	201
485	227
485	228
485	234
485	236
485	243
485	244
485	258
485	259
485	285
485	288
485	300
485	301
485	303
485	308
485	316
485	323
485	333
485	337
485	342
485	349
485	353
485	363
485	371
485	372
485	377
485	381
485	390
485	392
485	393
485	399
485	402
485	425
485	433
485	435
485	448
485	457
485	466
485	475
485	478
485	483
485	484
485	486
485	801
486	206
486	209
486	211
486	218
486	232
486	243
486	256
486	262
486	284
486	293
486	304
486	310
486	314
486	315
486	318
486	330
486	331
486	336
486	340
486	347
486	370
486	371
486	379
486	386
486	396
486	406
486	407
486	408
486	418
486	433
486	444
486	446
486	447
486	449
486	450
486	460
486	477
486	479
486	481
486	482
486	483
486	485
486	811
486	961
487	181
487	205
487	209
487	219
487	229
487	230
487	235
487	238
487	239
487	245
487	263
487	268
487	276
487	283
487	289
487	293
487	295
487	309
487	318
487	325
487	338
487	354
487	357
487	362
487	373
487	375
487	380
487	388
487	397
487	403
487	423
487	427
487	432
487	434
487	444
487	448
487	449
487	450
487	453
487	463
487	467
487	476
487	477
487	478
487	636
488	240
488	251
488	267
488	274
488	275
488	290
488	295
488	306
488	309
488	319
488	329
488	339
488	347
488	358
488	360
488	365
488	367
488	373
488	374
488	376
488	378
488	384
488	389
488	391
488	400
488	402
488	412
488	413
488	419
488	424
488	425
488	436
488	453
488	454
488	455
488	461
488	467
488	470
488	471
488	473
488	480
488	489
488	606
488	833
488	999
489	168
489	208
489	214
489	216
489	221
489	226
489	228
489	239
489	252
489	253
489	261
489	267
489	290
489	300
489	307
489	309
489	322
489	332
489	335
489	339
489	350
489	358
489	360
489	365
489	367
489	372
489	373
489	374
489	376
489	394
489	400
489	402
489	412
489	413
489	436
489	446
489	450
489	454
489	455
489	463
489	467
489	470
489	472
489	473
489	488
489	490
489	766
490	210
490	211
490	223
490	224
490	233
490	251
490	258
490	260
490	262
490	268
490	271
490	279
490	285
490	287
490	312
490	319
490	327
490	331
490	345
490	356
490	359
490	361
490	371
490	377
490	387
490	388
490	394
490	398
490	409
490	410
490	414
490	417
490	424
490	426
490	437
490	438
490	458
490	459
490	464
490	468
490	472
490	479
490	480
490	482
490	489
490	491
490	954
490	970
491	204
491	210
491	224
491	229
491	233
491	238
491	260
491	268
491	277
491	285
491	299
491	313
491	324
491	325
491	326
491	328
491	332
491	337
491	345
491	356
491	359
491	361
491	372
491	375
491	385
491	387
491	388
491	389
491	391
491	392
491	394
491	398
491	410
491	413
491	414
491	417
491	424
491	437
491	452
491	454
491	464
491	472
491	479
491	480
491	484
491	490
491	497
491	662
491	950
492	529
492	531
492	591
492	606
492	659
492	662
492	666
492	688
492	690
492	695
493	495
493	572
493	590
493	593
493	594
493	606
493	619
493	623
493	655
493	656
494	530
494	589
494	602
494	605
494	635
494	642
494	660
494	663
494	665
494	754
495	493
495	514
495	605
495	642
495	674
495	677
495	679
495	680
495	692
496	230
496	551
496	588
496	598
496	625
496	641
496	645
496	661
496	667
496	685
497	491
497	534
497	580
497	661
497	665
497	667
497	670
497	673
497	678
497	685
498	63
498	573
498	650
498	666
498	670
498	672
498	682
498	693
498	694
498	697
499	186
499	568
499	574
499	595
499	638
499	643
499	661
499	673
499	675
499	685
500	269
500	521
500	522
500	540
500	547
500	591
500	686
500	687
500	690
500	691
501	550
501	558
501	654
501	663
501	676
501	677
501	680
501	683
501	694
501	839
502	221
502	508
502	615
502	640
502	658
502	671
502	674
502	684
502	696
502	697
503	506
503	516
503	535
503	538
503	576
503	602
503	606
503	644
503	655
503	656
504	553
504	590
504	648
504	657
504	662
504	677
504	688
504	690
504	691
504	996
505	138
505	542
505	578
505	580
505	582
505	591
505	608
505	657
505	660
505	691
506	200
506	503
506	532
506	576
506	614
506	623
506	645
506	655
506	656
506	693
507	357
507	533
507	551
507	580
507	627
507	631
507	669
507	672
507	675
507	693
508	502
508	511
508	518
508	588
508	595
508	618
508	624
508	674
508	689
508	695
509	641
509	647
509	650
509	652
509	659
509	662
509	678
509	686
509	691
509	695
509	794
510	9
510	526
510	558
510	589
510	642
510	670
510	679
510	680
510	688
510	692
510	697
511	476
511	508
511	513
511	624
511	643
511	658
511	660
511	674
511	686
511	696
511	697
512	596
512	660
512	671
512	674
512	675
512	683
512	689
512	695
512	696
512	697
512	876
513	81
513	511
513	533
513	554
513	600
513	668
513	671
513	674
513	676
513	684
513	693
514	495
514	596
514	616
514	619
514	629
514	662
514	663
514	679
514	680
514	683
514	978
515	527
515	566
515	568
515	604
515	605
515	633
515	651
515	669
515	681
515	682
515	694
516	503
516	523
516	524
516	576
516	577
516	590
516	607
516	611
516	613
516	625
516	656
517	521
517	540
517	639
517	650
517	665
517	669
517	672
517	681
517	687
517	693
517	694
518	508
518	571
518	600
518	652
518	662
518	668
518	684
518	695
518	696
518	697
518	774
519	167
519	556
519	560
519	642
519	646
519	663
519	672
519	683
519	692
519	694
519	696
520	622
520	630
520	649
520	667
520	671
520	675
520	678
520	688
520	696
520	697
520	817
521	500
521	517
521	562
521	582
521	636
521	671
521	674
521	689
521	695
521	697
521	824
522	60
522	500
522	527
522	528
522	668
522	671
522	674
522	675
522	684
522	685
522	696
523	516
523	555
523	628
523	630
523	649
523	658
523	674
523	689
523	694
523	695
523	697
524	516
524	540
524	572
524	584
524	606
524	613
524	614
524	621
524	644
524	656
524	669
525	575
525	648
525	661
525	663
525	664
525	665
525	667
525	673
525	675
525	678
525	685
526	344
526	510
526	570
526	638
526	657
526	663
526	666
526	676
526	677
526	680
526	683
527	515
527	522
527	533
527	604
527	651
527	660
527	671
527	675
527	684
527	696
527	697
528	522
528	549
528	552
528	578
528	580
528	633
528	657
528	669
528	670
528	681
528	682
528	693
529	198
529	492
529	539
529	576
529	640
529	648
529	660
529	678
529	687
529	690
529	694
529	697
530	442
530	494
530	584
530	616
530	623
530	639
530	679
530	680
530	683
530	692
530	694
530	696
531	476
531	492
531	573
531	616
531	618
531	632
531	645
531	665
531	672
531	673
531	685
531	693
532	506
532	554
532	561
532	628
532	631
532	638
532	661
532	664
532	665
532	673
532	685
532	692
533	507
533	513
533	527
533	568
533	621
533	634
533	643
533	649
533	658
533	671
533	675
533	689
534	497
534	546
534	561
534	632
534	661
534	665
534	667
534	684
534	685
534	692
534	696
534	816
535	367
535	503
535	566
535	610
535	631
535	635
535	653
535	668
535	671
535	672
535	694
535	695
536	194
536	585
536	590
536	607
536	612
536	623
536	633
536	644
536	649
536	655
536	656
536	679
537	398
537	629
537	634
537	650
537	651
537	653
537	670
537	681
537	685
537	691
537	693
537	694
538	503
538	579
538	616
538	617
538	635
538	663
538	676
538	677
538	680
538	684
538	692
538	962
539	263
539	529
539	571
539	577
539	606
539	607
539	613
539	644
539	655
539	656
539	658
539	676
540	500
540	517
540	524
540	546
540	562
540	650
540	651
540	670
540	672
540	681
540	693
540	694
541	552
541	573
541	608
541	615
541	629
541	654
541	658
541	671
541	675
541	684
541	695
541	696
542	382
542	505
542	550
542	581
542	606
542	653
542	656
542	660
542	680
542	688
542	690
542	691
543	137
543	548
543	579
543	592
543	614
543	648
543	669
543	671
543	678
543	686
543	687
543	691
544	59
544	557
544	606
544	635
544	643
544	650
544	651
544	653
544	672
544	682
544	693
544	694
544	696
545	174
545	597
545	602
545	619
545	639
545	642
545	646
545	653
545	656
545	679
545	680
545	689
545	692
546	534
546	540
546	548
546	565
546	588
546	627
546	657
546	676
546	677
546	678
546	686
546	690
546	1000
547	500
547	557
547	576
547	640
547	657
547	658
547	659
547	666
547	673
547	678
547	691
547	694
547	928
548	446
548	543
548	546
548	624
548	635
548	647
548	653
548	660
548	663
548	678
548	686
548	687
548	691
549	528
549	599
549	612
549	621
549	625
549	641
549	643
549	664
549	673
549	679
549	685
549	690
549	696
550	501
550	542
550	586
550	603
550	633
550	652
550	657
550	662
550	666
550	686
550	687
550	688
550	691
551	496
551	507
551	615
551	618
551	629
551	631
551	633
551	652
551	669
551	670
551	682
551	693
551	694
552	17
552	528
552	541
552	576
552	615
552	651
552	667
552	670
552	679
552	681
552	682
552	693
552	694
553	504
553	573
553	597
553	611
553	636
553	658
553	668
553	673
553	675
553	695
553	696
553	697
553	716
554	289
554	513
554	532
554	566
554	608
554	626
554	633
554	635
554	670
554	681
554	682
554	693
554	694
555	523
555	577
555	585
555	592
555	600
555	603
555	606
555	626
555	658
555	684
555	695
555	696
555	697
556	519
556	589
556	610
556	619
556	635
556	639
556	666
556	677
556	679
556	680
556	682
556	692
556	976
557	248
557	544
557	547
557	608
557	619
557	627
557	648
557	659
557	666
557	672
557	687
557	688
557	691
558	501
558	510
558	586
558	589
558	604
558	605
558	631
558	637
558	667
558	670
558	680
558	688
558	692
559	55
559	566
559	578
559	598
559	609
559	623
559	631
559	633
559	669
559	672
559	681
559	693
559	694
560	342
560	519
560	563
560	616
560	617
560	621
560	637
560	642
560	664
560	676
560	679
560	686
560	692
560	697
561	532
561	534
561	595
561	605
561	643
561	645
561	664
561	665
561	666
561	667
561	673
561	692
561	696
561	826
562	484
562	521
562	540
562	574
562	602
562	616
562	637
562	657
562	676
562	677
562	680
562	683
562	691
562	692
563	560
563	599
563	617
563	623
563	637
563	644
563	646
563	649
563	663
563	677
563	679
563	680
563	682
563	683
564	565
564	585
564	604
564	624
564	625
564	632
564	641
564	645
564	661
564	664
564	667
564	673
564	685
564	847
565	546
565	564
565	579
565	630
565	643
565	652
565	660
565	666
565	673
565	687
565	688
565	690
565	691
565	694
566	428
566	515
566	535
566	554
566	559
566	571
566	572
566	583
566	609
566	670
566	681
566	682
566	687
566	691
567	324
567	575
567	576
567	593
567	606
567	613
567	614
567	623
567	644
567	655
567	656
567	663
567	668
567	669
568	499
568	515
568	533
568	576
568	586
568	615
568	631
568	636
568	650
568	669
568	672
568	682
568	693
568	694
569	584
569	586
569	607
569	646
569	650
569	663
569	673
569	676
569	677
569	679
569	680
569	687
569	692
569	892
570	526
570	584
570	593
570	605
570	616
570	625
570	659
570	663
570	676
570	679
570	683
570	689
570	692
570	969
571	518
571	539
571	566
571	578
571	581
571	598
571	657
571	659
571	668
571	671
571	678
571	686
571	687
571	688
571	691
572	301
572	493
572	524
572	566
572	576
572	585
572	587
572	590
572	601
572	613
572	614
572	644
572	655
572	656
572	657
573	64
573	498
573	531
573	541
573	553
573	618
573	636
573	643
573	660
573	661
573	664
573	665
573	667
573	673
573	685
574	499
574	562
574	584
574	616
574	617
574	646
574	649
574	661
574	676
574	677
574	683
574	686
574	690
574	692
574	737
575	444
575	525
575	567
575	612
575	625
575	628
575	638
575	641
575	649
575	664
575	665
575	667
575	673
575	674
575	689
576	150
576	503
576	506
576	516
576	529
576	547
576	552
576	567
576	568
576	572
576	607
576	644
576	655
576	656
576	697
577	47
577	516
577	539
577	555
577	603
577	606
577	607
577	613
577	614
577	623
577	644
577	655
577	656
577	673
577	683
578	505
578	528
578	559
578	571
578	630
578	640
578	659
578	660
578	662
578	666
578	674
578	686
578	687
578	688
578	690
579	115
579	538
579	543
579	565
579	640
579	642
579	657
579	659
579	666
579	676
579	685
579	687
579	688
579	690
579	691
580	497
580	505
580	507
580	528
580	634
580	636
580	647
580	651
580	653
580	669
580	670
580	682
580	693
580	694
580	841
581	542
581	571
581	634
581	640
581	647
581	657
581	659
581	660
581	670
581	678
581	688
581	691
581	695
581	697
581	790
582	125
582	505
582	521
582	592
582	611
582	621
582	634
582	648
582	649
582	651
582	663
582	684
582	695
582	696
582	697
583	566
583	609
583	618
583	633
583	650
583	653
583	662
583	670
583	671
583	672
583	680
583	681
583	685
583	693
583	694
584	378
584	524
584	530
584	569
584	570
584	574
584	645
584	646
584	647
584	658
584	663
584	676
584	677
584	683
584	692
585	147
585	536
585	555
585	564
585	572
585	590
585	593
585	613
585	614
585	623
585	627
585	644
585	655
585	656
585	686
585	694
586	473
586	550
586	558
586	568
586	569
586	589
586	602
586	626
586	637
586	639
586	663
586	676
586	677
586	683
586	688
586	692
587	365
587	572
587	592
587	601
587	618
587	624
587	654
587	655
587	658
587	659
587	668
587	671
587	675
587	689
587	696
587	697
588	496
588	508
588	546
588	597
588	610
588	627
588	647
588	652
588	660
588	675
588	678
588	686
588	687
588	688
588	690
588	694
589	494
589	510
589	556
589	558
589	586
589	617
589	640
589	658
589	663
589	677
589	679
589	683
589	685
589	687
589	690
589	692
590	493
590	504
590	516
590	536
590	572
590	585
590	607
590	622
590	623
590	644
590	650
590	655
590	656
590	674
590	694
590	840
591	492
591	500
591	505
591	608
591	617
591	641
591	647
591	654
591	659
591	666
591	678
591	680
591	686
591	687
591	690
591	963
592	119
592	543
592	555
592	582
592	587
592	608
592	639
592	654
592	658
592	671
592	672
592	684
592	686
592	689
592	695
592	696
593	169
593	493
593	567
593	570
593	585
593	606
593	613
593	614
593	623
593	631
593	644
593	655
593	656
593	663
593	672
593	688
594	164
594	493
594	602
594	627
594	633
594	635
594	653
594	656
594	669
594	670
594	672
594	681
594	682
594	685
594	693
594	694
595	499
595	508
595	561
595	601
595	618
595	621
595	625
595	628
595	632
595	656
595	659
595	664
595	667
595	679
595	685
595	761
596	371
596	512
596	514
596	598
596	623
596	625
596	648
596	650
596	660
596	662
596	666
596	678
596	686
596	688
596	690
596	691
597	545
597	553
597	588
597	621
597	624
597	626
597	641
597	649
597	651
597	653
597	668
597	674
597	675
597	689
597	695
597	845
598	387
598	496
598	559
598	571
598	596
598	616
598	631
598	647
598	648
598	655
598	657
598	659
598	686
598	687
598	690
598	691
599	549
599	563
599	601
599	612
599	614
599	618
599	638
599	641
599	661
599	664
599	665
599	673
599	674
599	681
599	685
599	686
600	513
600	518
600	555
600	611
600	636
600	642
600	646
600	660
600	675
600	678
600	684
600	689
600	690
600	695
600	696
600	697
601	572
601	587
601	595
601	599
601	625
601	632
601	638
601	641
601	645
601	661
601	664
601	665
601	674
601	680
601	685
601	688
601	808
602	195
602	494
602	503
602	545
602	562
602	586
602	594
602	606
602	617
602	619
602	626
602	642
602	659
602	665
602	679
602	683
602	692
603	169
603	550
603	555
603	577
603	609
603	634
603	635
603	651
603	653
603	656
603	669
603	672
603	681
603	682
603	683
603	693
603	694
604	108
604	515
604	527
604	558
604	564
604	605
604	637
604	639
604	652
604	657
604	663
604	666
604	676
604	677
604	680
604	683
604	692
605	300
605	494
605	495
605	515
605	558
605	561
605	570
605	604
605	611
605	619
605	656
605	676
605	677
605	679
605	683
605	692
605	695
606	488
606	492
606	493
606	503
606	524
606	539
606	542
606	544
606	555
606	567
606	577
606	593
606	602
606	607
606	614
606	655
606	656
607	134
607	516
607	536
607	539
607	569
607	576
607	577
607	590
607	606
607	614
607	622
607	623
607	644
607	650
607	655
607	659
607	689
608	505
608	541
608	554
608	557
608	591
608	592
608	611
608	640
608	645
608	647
608	648
608	657
608	660
608	666
608	678
608	686
608	688
608	971
609	236
609	559
609	566
609	583
609	603
609	626
609	628
609	638
609	651
609	653
609	663
609	669
609	670
609	681
609	682
609	690
609	691
609	694
610	535
610	556
610	588
610	620
610	627
610	652
610	656
610	657
610	659
610	660
610	662
610	664
610	666
610	678
610	685
610	690
610	692
610	927
611	516
611	553
611	582
611	600
611	605
611	608
611	637
611	649
611	654
611	658
611	668
611	671
611	680
611	687
611	689
611	695
611	696
611	697
611	973
612	77
612	536
612	549
612	575
612	599
612	618
612	628
612	641
612	643
612	645
612	661
612	664
612	665
612	667
612	673
612	675
612	684
612	689
612	692
613	328
613	516
613	524
613	539
613	567
613	572
613	577
613	585
613	593
613	617
613	623
613	643
613	644
613	655
613	656
613	661
613	674
613	676
613	680
614	430
614	506
614	524
614	543
614	567
614	572
614	577
614	585
614	593
614	599
614	606
614	607
614	632
614	644
614	651
614	655
614	656
614	671
614	693
615	502
615	541
615	551
615	552
615	568
615	622
615	631
615	634
615	637
615	651
615	653
615	663
615	669
615	672
615	681
615	682
615	686
615	693
615	694
615	945
616	340
616	514
616	530
616	531
616	538
616	560
616	562
616	570
616	574
616	598
616	624
616	637
616	642
616	646
616	663
616	679
616	680
616	681
616	684
616	697
617	95
617	538
617	560
617	563
617	574
617	589
617	591
617	602
617	613
617	637
617	646
617	649
617	655
617	663
617	676
617	679
617	680
617	692
617	694
617	695
618	13
618	508
618	531
618	551
618	573
618	583
618	587
618	595
618	599
618	612
618	628
618	638
618	641
618	645
618	661
618	667
618	673
618	685
618	689
618	693
619	429
619	493
619	514
619	545
619	556
619	557
619	602
619	605
619	639
619	642
619	646
619	657
619	661
619	663
619	676
619	677
619	679
619	683
619	691
619	695
620	126
620	610
620	622
620	627
620	638
620	640
620	647
620	652
620	657
620	658
620	659
620	662
620	663
620	681
620	686
620	687
620	688
620	690
620	691
620	695
621	57
621	524
621	533
621	549
621	560
621	582
621	595
621	597
621	622
621	624
621	654
621	658
621	663
621	668
621	671
621	674
621	684
621	689
621	692
621	697
622	520
622	590
622	607
622	615
622	620
622	621
622	624
622	626
622	628
622	629
622	654
622	668
622	674
622	682
622	684
622	689
622	695
622	696
622	697
622	825
623	237
623	493
623	506
623	530
623	536
623	559
623	563
623	567
623	577
623	585
623	590
623	593
623	596
623	607
623	613
623	644
623	655
623	656
623	681
623	688
624	166
624	508
624	511
624	548
624	564
624	587
624	597
624	616
624	621
624	622
624	625
624	629
624	649
624	670
624	671
624	675
624	683
624	684
624	695
624	697
625	484
625	496
625	516
625	549
625	564
625	570
625	575
625	595
625	596
625	601
625	624
625	641
625	643
625	645
625	654
625	664
625	667
625	673
625	685
625	697
626	554
626	555
626	586
626	597
626	602
626	609
626	622
626	636
626	654
626	668
626	674
626	675
626	684
626	689
626	690
626	692
626	693
626	695
626	696
626	697
626	778
627	507
627	546
627	557
627	585
627	588
627	594
627	610
627	620
627	648
627	657
627	660
627	662
627	666
627	677
627	681
627	683
627	686
627	687
627	688
627	690
627	751
628	523
628	532
628	575
628	595
628	609
628	612
628	618
628	622
628	632
628	643
628	645
628	661
628	664
628	665
628	667
628	672
628	673
628	684
628	685
628	695
628	850
629	321
629	514
629	537
629	541
629	551
629	622
629	624
629	630
629	644
629	654
629	664
629	668
629	674
629	675
629	677
629	684
629	689
629	692
629	695
629	696
629	697
630	157
630	520
630	523
630	565
630	578
630	629
630	631
630	636
630	646
630	658
630	661
630	668
630	671
630	674
630	684
630	686
630	689
630	693
630	695
630	696
630	697
631	507
631	532
631	535
631	551
631	558
631	559
631	568
631	593
631	598
631	615
631	630
631	632
631	634
631	648
631	650
631	669
631	670
631	672
631	681
631	682
631	887
632	531
632	534
632	564
632	595
632	601
632	614
632	628
632	631
632	638
632	641
632	643
632	653
632	664
632	665
632	667
632	673
632	683
632	685
632	689
632	691
632	815
633	515
633	528
633	536
633	550
633	551
633	554
633	559
633	583
633	594
633	634
633	635
633	639
633	641
633	650
633	653
633	654
633	670
633	672
633	693
633	694
633	696
633	860
634	185
634	533
634	537
634	580
634	581
634	582
634	603
634	615
634	631
634	633
634	636
634	650
634	653
634	667
634	669
634	672
634	676
634	677
634	681
634	682
634	693
634	694
635	494
635	535
635	538
635	544
635	548
635	554
635	556
635	594
635	603
635	633
635	646
635	650
635	651
635	653
635	669
635	670
635	672
635	681
635	693
635	694
635	697
635	934
636	154
636	487
636	521
636	553
636	568
636	573
636	580
636	600
636	626
636	630
636	634
636	649
636	658
636	659
636	668
636	674
636	675
636	677
636	687
636	689
636	695
636	696
636	697
637	472
637	558
637	560
637	562
637	563
637	586
637	604
637	611
637	615
637	616
637	617
637	639
637	646
637	661
637	667
637	668
637	672
637	674
637	676
637	677
637	679
637	680
637	683
638	307
638	499
638	526
638	532
638	575
638	599
638	601
638	609
638	618
638	620
638	632
638	639
638	643
638	645
638	661
638	662
638	664
638	665
638	667
638	668
638	669
638	673
638	678
638	685
639	146
639	517
639	530
639	545
639	556
639	586
639	592
639	604
639	619
639	633
639	637
639	638
639	642
639	646
639	653
639	663
639	667
639	676
639	677
639	679
639	680
639	683
639	689
639	692
640	502
640	529
640	547
640	578
640	579
640	581
640	589
640	608
640	620
640	645
640	647
640	659
640	660
640	662
640	666
640	676
640	682
640	683
640	684
640	687
640	688
640	690
640	691
640	965
641	496
641	509
641	549
641	564
641	575
641	591
641	597
641	599
641	601
641	612
641	618
641	625
641	632
641	633
641	645
641	648
641	661
641	664
641	665
641	667
641	672
641	685
641	697
641	745
642	494
642	495
642	510
642	519
642	545
642	560
642	579
642	600
642	602
642	616
642	619
642	639
642	646
642	652
642	675
642	676
642	677
642	679
642	683
642	688
642	692
642	697
642	770
642	851
643	189
643	416
643	499
643	511
643	533
643	544
643	549
643	561
643	565
643	573
643	612
643	613
643	625
643	628
643	632
643	638
643	645
643	661
643	664
643	665
643	667
643	673
643	678
643	679
643	685
644	503
644	524
644	536
644	539
644	563
644	567
644	572
644	576
644	577
644	585
644	590
644	593
644	607
644	613
644	614
644	623
644	629
644	646
644	648
644	655
644	656
644	683
644	685
644	694
644	695
644	981
645	309
645	496
645	506
645	531
645	561
645	564
645	584
645	601
645	608
645	612
645	618
645	625
645	628
645	638
645	640
645	641
645	643
645	657
645	661
645	665
645	666
645	667
645	673
645	684
645	685
645	689
646	457
646	519
646	545
646	563
646	569
646	574
646	584
646	600
646	616
646	617
646	619
646	630
646	635
646	637
646	639
646	642
646	644
646	658
646	663
646	676
646	679
646	680
646	683
646	689
646	692
646	693
647	509
647	548
647	580
647	581
647	584
647	588
647	591
647	598
647	608
647	620
647	640
647	648
647	655
647	660
647	662
647	669
647	673
647	678
647	679
647	682
647	686
647	687
647	690
647	691
647	696
647	825
648	268
648	472
648	504
648	525
648	529
648	543
648	557
648	582
648	596
648	598
648	608
648	627
648	631
648	641
648	644
648	647
648	652
648	657
648	659
648	662
648	666
648	671
648	676
648	678
648	686
648	690
649	23
649	186
649	520
649	523
649	533
649	536
649	563
649	574
649	575
649	582
649	597
649	611
649	617
649	624
649	636
649	668
649	669
649	671
649	674
649	675
649	679
649	684
649	689
649	693
649	695
649	696
649	697
650	396
650	498
650	509
650	517
650	537
650	540
650	544
650	568
650	569
650	583
650	590
650	596
650	607
650	631
650	633
650	634
650	635
650	653
650	659
650	670
650	672
650	681
650	682
650	684
650	691
650	693
650	694
651	515
651	527
651	537
651	540
651	544
651	552
651	580
651	582
651	597
651	603
651	609
651	614
651	615
651	635
651	653
651	661
651	662
651	669
651	670
651	672
651	681
651	682
651	686
651	690
651	693
651	694
651	925
652	481
652	509
652	518
652	550
652	551
652	565
652	588
652	604
652	610
652	620
652	642
652	648
652	657
652	659
652	660
652	662
652	665
652	666
652	670
652	678
652	681
652	682
652	687
652	688
652	690
652	691
652	987
653	148
653	535
653	537
653	542
653	544
653	545
653	548
653	580
653	583
653	594
653	597
653	603
653	609
653	615
653	632
653	633
653	634
653	635
653	639
653	650
653	651
653	669
653	677
653	686
653	693
653	694
653	696
654	501
654	541
654	587
654	591
654	592
654	611
654	621
654	622
654	625
654	626
654	629
654	633
654	655
654	658
654	664
654	668
654	671
654	674
654	675
654	676
654	684
654	687
654	689
654	690
654	695
654	696
654	697
654	808
655	193
655	258
655	493
655	503
655	506
655	536
655	539
655	567
655	572
655	576
655	577
655	585
655	587
655	590
655	593
655	598
655	606
655	607
655	613
655	614
655	617
655	623
655	644
655	647
655	654
655	656
655	669
655	681
655	686
655	689
656	349
656	493
656	503
656	506
656	516
656	524
656	536
656	539
656	542
656	545
656	567
656	572
656	576
656	577
656	585
656	590
656	593
656	594
656	595
656	603
656	605
656	606
656	610
656	613
656	614
656	623
656	644
656	655
656	668
656	991
657	91
657	504
657	505
657	526
657	528
657	546
657	547
657	550
657	562
657	571
657	572
657	579
657	581
657	598
657	604
657	608
657	610
657	619
657	620
657	627
657	645
657	648
657	652
657	659
657	660
657	665
657	666
657	678
657	686
657	688
657	690
657	696
658	414
658	502
658	511
658	523
658	533
658	539
658	541
658	547
658	553
658	555
658	584
658	587
658	589
658	592
658	611
658	620
658	621
658	630
658	636
658	646
658	654
658	668
658	674
658	675
658	684
658	685
658	687
658	689
658	692
658	695
658	696
658	697
659	462
659	492
659	509
659	547
659	557
659	570
659	571
659	578
659	579
659	581
659	587
659	591
659	595
659	598
659	602
659	607
659	610
659	620
659	636
659	640
659	648
659	650
659	652
659	657
659	666
659	675
659	676
659	678
659	681
659	686
659	687
659	688
659	691
660	478
660	494
660	505
660	511
660	512
660	527
660	529
660	542
660	548
660	565
660	573
660	578
660	581
660	588
660	596
660	600
660	608
660	610
660	627
660	640
660	647
660	652
660	657
660	662
660	665
660	666
660	667
660	678
660	680
660	686
660	687
660	691
660	828
661	415
661	483
661	496
661	497
661	499
661	525
661	532
661	534
661	564
661	573
661	574
661	599
661	601
661	612
661	613
661	618
661	619
661	628
661	630
661	637
661	638
661	641
661	643
661	645
661	651
661	664
661	665
661	667
661	675
661	677
661	685
661	695
661	697
662	491
662	492
662	504
662	509
662	514
662	518
662	550
662	578
662	583
662	596
662	610
662	620
662	627
662	638
662	640
662	647
662	648
662	651
662	652
662	660
662	666
662	675
662	678
662	680
662	682
662	683
662	686
662	687
662	688
662	690
662	691
662	696
662	800
663	37
663	494
663	501
663	514
663	519
663	525
663	526
663	538
663	548
663	563
663	567
663	569
663	570
663	582
663	584
663	586
663	589
663	593
663	604
663	609
663	615
663	616
663	617
663	619
663	620
663	621
663	639
663	646
663	671
663	676
663	677
663	680
663	692
664	232
664	525
664	532
664	549
664	560
664	561
664	564
664	573
664	575
664	595
664	599
664	601
664	610
664	612
664	625
664	628
664	629
664	632
664	638
664	641
664	643
664	654
664	661
664	665
664	666
664	667
664	670
664	673
664	676
664	685
664	687
664	692
664	897
665	494
665	497
665	517
665	525
665	531
665	532
665	534
665	561
665	573
665	575
665	599
665	601
665	602
665	612
665	628
665	632
665	638
665	641
665	643
665	645
665	652
665	657
665	660
665	661
665	664
665	666
665	667
665	673
665	680
665	682
665	685
665	690
665	768
665	979
666	407
666	442
666	492
666	498
666	526
666	547
666	550
666	556
666	557
666	561
666	565
666	578
666	579
666	591
666	596
666	604
666	608
666	610
666	627
666	640
666	645
666	648
666	652
666	657
666	659
666	660
666	662
666	664
666	665
666	674
666	684
666	687
666	688
666	690
666	691
667	198
667	496
667	497
667	520
667	525
667	534
667	552
667	558
667	561
667	564
667	573
667	575
667	595
667	612
667	618
667	625
667	628
667	632
667	634
667	637
667	638
667	639
667	641
667	643
667	645
667	660
667	661
667	664
667	665
667	673
667	679
667	685
667	687
667	690
667	954
668	341
668	402
668	513
668	518
668	522
668	535
668	553
668	567
668	571
668	587
668	597
668	611
668	621
668	622
668	626
668	629
668	630
668	636
668	637
668	638
668	649
668	654
668	656
668	658
668	671
668	673
668	675
668	677
668	684
668	689
668	691
668	693
668	695
668	696
668	697
669	315
669	507
669	515
669	517
669	524
669	528
669	543
669	551
669	559
669	567
669	568
669	580
669	594
669	603
669	609
669	615
669	631
669	634
669	635
669	638
669	647
669	649
669	651
669	653
669	655
669	670
669	672
669	678
669	681
669	682
669	684
669	685
669	689
669	693
669	694
670	465
670	497
670	498
670	510
670	528
670	537
670	540
670	551
670	552
670	554
670	558
670	566
670	580
670	581
670	583
670	594
670	609
670	624
670	631
670	633
670	635
670	650
670	651
670	652
670	664
670	669
670	672
670	675
670	679
670	681
670	682
670	692
670	693
670	694
670	997
671	273
671	471
671	502
671	512
671	513
671	520
671	521
671	522
671	527
671	533
671	535
671	541
671	543
671	571
671	583
671	587
671	592
671	611
671	614
671	621
671	624
671	630
671	648
671	649
671	654
671	663
671	668
671	675
671	677
671	684
671	689
671	691
671	692
671	695
671	696
671	697
672	498
672	507
672	517
672	519
672	531
672	535
672	540
672	544
672	557
672	559
672	568
672	583
672	592
672	593
672	594
672	603
672	615
672	628
672	631
672	633
672	634
672	635
672	637
672	641
672	650
672	651
672	669
672	670
672	673
672	674
672	678
672	681
672	682
672	693
672	694
672	986
673	452
673	497
673	499
673	525
673	531
673	532
673	547
673	549
673	553
673	561
673	564
673	565
673	569
673	573
673	575
673	577
673	599
673	612
673	618
673	625
673	628
673	632
673	638
673	643
673	645
673	647
673	664
673	665
673	667
673	668
673	672
673	685
673	688
673	691
673	694
673	807
674	495
674	502
674	508
674	511
674	512
674	513
674	521
674	522
674	523
674	575
674	578
674	590
674	597
674	599
674	601
674	613
674	621
674	622
674	626
674	629
674	630
674	636
674	637
674	649
674	654
674	658
674	666
674	672
674	675
674	680
674	684
674	689
674	695
674	696
674	697
674	700
674	995
675	455
675	499
675	507
675	512
675	520
675	522
675	525
675	527
675	533
675	541
675	553
675	587
675	588
675	597
675	600
675	612
675	624
675	626
675	629
675	636
675	642
675	649
675	654
675	658
675	659
675	661
675	662
675	668
675	670
675	671
675	674
675	686
675	689
675	695
675	696
675	697
675	734
676	18
676	187
676	501
676	513
676	526
676	538
676	539
676	546
676	560
676	562
676	569
676	570
676	574
676	579
676	584
676	586
676	604
676	605
676	613
676	617
676	619
676	634
676	637
676	639
676	640
676	642
676	646
676	648
676	654
676	659
676	663
676	664
676	677
676	679
676	681
676	683
676	692
677	162
677	495
677	501
677	504
677	526
677	538
677	546
677	556
677	562
677	563
677	569
677	574
677	584
677	586
677	589
677	604
677	605
677	619
677	627
677	629
677	634
677	636
677	637
677	639
677	642
677	653
677	661
677	663
677	668
677	671
677	676
677	679
677	680
677	683
677	690
677	692
677	988
678	461
678	497
678	509
678	520
678	525
678	529
678	543
678	546
678	547
678	548
678	571
678	581
678	588
678	591
678	596
678	600
678	608
678	610
678	638
678	643
678	647
678	648
678	652
678	657
678	659
678	660
678	662
678	669
678	672
678	681
678	682
678	686
678	688
678	690
678	691
678	697
678	898
679	158
679	495
679	510
679	514
679	530
679	536
679	545
679	549
679	552
679	556
679	560
679	563
679	569
679	570
679	589
679	595
679	602
679	605
679	616
679	617
679	619
679	637
679	639
679	642
679	643
679	646
679	647
679	649
679	667
679	670
679	676
679	677
679	680
679	683
679	688
679	692
679	697
679	921
680	111
680	495
680	501
680	510
680	514
680	526
680	530
680	538
680	542
680	545
680	556
680	558
680	562
680	563
680	569
680	583
680	591
680	601
680	604
680	611
680	613
680	616
680	617
680	637
680	639
680	646
680	660
680	662
680	663
680	665
680	674
680	677
680	679
680	683
680	687
680	692
680	695
680	883
681	73
681	179
681	515
681	517
681	528
681	537
681	540
681	552
681	554
681	559
681	566
681	583
681	594
681	599
681	603
681	609
681	615
681	616
681	620
681	623
681	627
681	631
681	634
681	635
681	650
681	651
681	652
681	655
681	659
681	669
681	670
681	672
681	676
681	678
681	682
681	691
681	693
681	694
682	2
682	464
682	498
682	515
682	528
682	544
682	551
682	552
682	554
682	556
682	563
682	566
682	568
682	580
682	594
682	603
682	609
682	615
682	622
682	631
682	634
682	640
682	647
682	650
682	651
682	652
682	662
682	665
682	669
682	670
682	672
682	678
682	681
682	683
682	685
682	691
682	693
682	694
683	184
683	501
683	512
683	514
683	519
683	526
683	530
683	562
683	563
683	570
683	574
683	577
683	584
683	586
683	589
683	602
683	603
683	604
683	605
683	619
683	624
683	627
683	632
683	637
683	639
683	640
683	642
683	644
683	646
683	662
683	676
683	677
683	679
683	680
683	682
683	692
683	693
683	696
683	988
684	178
684	502
684	513
684	518
684	522
684	527
684	534
684	538
684	541
684	555
684	582
684	592
684	600
684	612
684	616
684	621
684	622
684	624
684	626
684	628
684	629
684	630
684	640
684	645
684	649
684	650
684	654
684	658
684	666
684	668
684	669
684	671
684	674
684	689
684	690
684	695
684	696
684	697
684	903
685	209
685	362
685	496
685	497
685	499
685	522
685	525
685	531
685	532
685	534
685	537
685	549
685	564
685	573
685	579
685	583
685	589
685	594
685	595
685	599
685	601
685	610
685	618
685	625
685	628
685	632
685	638
685	641
685	643
685	644
685	645
685	658
685	661
685	664
685	665
685	667
685	669
685	673
685	682
685	695
686	304
686	500
686	509
686	511
686	543
686	546
686	548
686	550
686	560
686	571
686	574
686	578
686	585
686	588
686	591
686	592
686	596
686	598
686	599
686	608
686	615
686	620
686	627
686	630
686	647
686	648
686	651
686	653
686	655
686	657
686	659
686	660
686	662
686	675
686	678
686	687
686	688
686	690
686	691
686	994
687	500
687	517
687	529
687	543
687	548
687	550
687	557
687	565
687	566
687	569
687	571
687	578
687	579
687	588
687	589
687	591
687	598
687	611
687	620
687	627
687	636
687	640
687	647
687	652
687	654
687	658
687	659
687	660
687	662
687	664
687	666
687	667
687	680
687	686
687	688
687	690
687	691
687	694
687	740
687	982
688	245
688	469
688	492
688	504
688	510
688	520
688	542
688	550
688	557
688	558
688	565
688	571
688	578
688	579
688	581
688	586
688	588
688	593
688	596
688	601
688	608
688	620
688	623
688	627
688	640
688	642
688	652
688	657
688	659
688	662
688	666
688	673
688	678
688	679
688	686
688	687
688	690
688	691
688	693
688	696
689	508
689	512
689	521
689	523
689	533
689	545
689	570
689	575
689	587
689	592
689	597
689	600
689	607
689	611
689	612
689	618
689	621
689	622
689	626
689	629
689	630
689	632
689	636
689	639
689	645
689	646
689	649
689	654
689	655
689	658
689	668
689	669
689	671
689	674
689	675
689	684
689	695
689	696
689	697
689	803
689	820
690	4
690	149
690	492
690	500
690	504
690	529
690	542
690	546
690	549
690	565
690	574
690	578
690	579
690	588
690	589
690	591
690	596
690	598
690	600
690	609
690	610
690	620
690	626
690	627
690	640
690	647
690	648
690	651
690	652
690	654
690	657
690	662
690	665
690	666
690	667
690	677
690	678
690	684
690	686
690	687
690	688
690	691
690	695
691	120
691	500
691	504
691	505
691	509
691	537
691	542
691	543
691	547
691	548
691	550
691	557
691	562
691	565
691	566
691	571
691	579
691	581
691	596
691	598
691	609
691	619
691	620
691	632
691	640
691	647
691	650
691	652
691	659
691	660
691	662
691	666
691	668
691	671
691	673
691	678
691	681
691	682
691	686
691	687
691	688
691	690
691	692
691	697
691	717
692	185
692	458
692	495
692	510
692	519
692	530
692	532
692	534
692	538
692	545
692	556
692	558
692	560
692	561
692	562
692	569
692	570
692	574
692	584
692	586
692	589
692	602
692	604
692	605
692	610
692	612
692	617
692	621
692	626
692	629
692	639
692	642
692	646
692	658
692	663
692	664
692	670
692	671
692	676
692	677
692	679
692	680
692	683
692	691
692	696
693	177
693	206
693	478
693	498
693	506
693	507
693	513
693	517
693	528
693	531
693	537
693	540
693	544
693	551
693	552
693	554
693	559
693	568
693	580
693	583
693	594
693	603
693	614
693	615
693	618
693	626
693	630
693	633
693	634
693	635
693	646
693	649
693	650
693	651
693	653
693	668
693	669
693	670
693	672
693	681
693	682
693	683
693	688
693	694
693	696
694	202
694	498
694	501
694	515
694	517
694	519
694	523
694	529
694	530
694	535
694	537
694	540
694	544
694	547
694	551
694	552
694	554
694	559
694	565
694	568
694	580
694	583
694	585
694	588
694	590
694	594
694	603
694	609
694	615
694	617
694	633
694	634
694	635
694	644
694	650
694	651
694	653
694	669
694	670
694	672
694	673
694	681
694	682
694	687
694	693
694	756
695	75
695	140
695	405
695	492
695	508
695	509
695	512
695	518
695	521
695	523
695	535
695	541
695	553
695	555
695	581
695	582
695	592
695	597
695	600
695	605
695	611
695	617
695	619
695	620
695	622
695	624
695	626
695	628
695	629
695	630
695	636
695	644
695	649
695	654
695	658
695	661
695	668
695	671
695	674
695	675
695	680
695	684
695	685
695	689
695	690
695	696
695	697
696	397
696	502
696	511
696	512
696	518
696	519
696	520
696	522
696	527
696	530
696	534
696	541
696	544
696	549
696	553
696	555
696	561
696	582
696	587
696	592
696	600
696	611
696	622
696	626
696	629
696	630
696	633
696	636
696	647
696	649
696	653
696	654
696	657
696	658
696	662
696	668
696	671
696	674
696	675
696	683
696	684
696	688
696	689
696	692
696	693
696	695
696	697
696	935
697	291
697	498
697	502
697	510
697	511
697	512
697	518
697	520
697	521
697	523
697	527
697	529
697	553
697	555
697	560
697	576
697	581
697	582
697	587
697	600
697	611
697	616
697	621
697	622
697	624
697	625
697	626
697	629
697	630
697	635
697	636
697	641
697	642
697	649
697	654
697	658
697	661
697	668
697	671
697	674
697	675
697	678
697	679
697	684
697	689
697	691
697	695
697	696
697	710
698	200
698	711
698	736
698	771
698	801
698	836
698	844
698	847
698	851
698	853
699	701
699	760
699	773
699	785
699	792
699	818
699	838
699	840
699	850
699	943
700	674
700	711
700	751
700	765
700	772
700	778
700	783
700	796
700	822
700	833
701	439
701	699
701	727
701	777
701	787
701	792
701	806
701	829
701	845
701	848
702	723
702	750
702	787
702	809
702	814
702	837
702	840
702	842
702	844
702	846
703	705
703	725
703	806
703	810
703	820
703	821
703	841
703	843
703	845
703	848
704	112
704	742
704	768
704	778
704	798
704	800
704	818
704	833
704	846
704	847
705	703
705	796
705	813
705	819
705	828
705	836
705	839
705	844
705	851
705	852
706	477
706	744
706	793
706	812
706	819
706	830
706	834
706	849
706	850
706	853
707	732
707	733
707	765
707	771
707	780
707	782
707	798
707	800
707	817
707	822
708	720
708	765
708	785
708	789
708	824
708	829
708	838
708	840
708	850
708	851
709	763
709	765
709	792
709	805
709	838
709	842
709	845
709	850
709	853
709	989
710	697
710	722
710	777
710	788
710	791
710	801
710	820
710	843
710	845
710	848
711	182
711	698
711	700
711	719
711	742
711	803
711	817
711	833
711	841
711	846
712	758
712	765
712	766
712	770
712	796
712	811
712	822
712	830
712	842
712	850
713	767
713	784
713	797
713	804
713	830
713	837
713	844
713	846
713	847
713	852
714	715
714	735
714	779
714	806
714	812
714	813
714	839
714	841
714	846
714	852
715	714
715	724
715	754
715	798
715	807
715	813
715	824
715	851
715	852
715	906
716	553
716	741
716	749
716	791
716	794
716	802
716	811
716	819
716	841
716	844
716	847
717	691
717	735
717	754
717	781
717	793
717	816
717	827
717	834
717	838
717	850
717	853
718	114
718	731
718	735
718	741
718	763
718	785
718	786
718	809
718	831
718	833
718	847
719	711
719	739
719	743
719	760
719	791
719	819
719	826
719	835
719	842
719	847
719	852
720	708
720	749
720	789
720	791
720	805
720	818
720	834
720	846
720	849
720	850
720	853
721	750
721	777
721	782
721	786
721	814
721	821
721	827
721	830
721	839
721	847
721	852
722	710
722	785
722	789
722	810
722	814
722	831
722	837
722	840
722	849
722	850
722	853
723	192
723	702
723	726
723	762
723	790
723	810
723	829
723	831
723	835
723	836
723	847
724	715
724	745
724	761
724	797
724	804
724	806
724	814
724	822
724	839
724	846
724	847
725	430
725	703
725	731
725	795
725	813
725	814
725	830
725	836
725	837
725	848
725	852
726	723
726	752
726	771
726	782
726	798
726	813
726	816
726	842
726	851
726	852
726	853
727	51
727	701
727	791
727	798
727	805
727	826
727	828
727	836
727	843
727	845
727	848
728	200
728	737
728	748
728	754
728	772
728	776
728	783
728	797
728	811
728	834
728	851
729	193
729	767
729	788
729	821
729	822
729	828
729	837
729	840
729	843
729	845
729	848
730	756
730	767
730	803
730	805
730	810
730	812
730	825
730	829
730	837
730	840
730	853
731	242
731	718
731	725
731	751
731	769
731	794
731	818
731	826
731	849
731	851
731	852
732	203
732	707
732	733
732	751
732	754
732	766
732	783
732	800
732	835
732	836
732	852
733	466
733	707
733	732
733	751
733	774
733	782
733	796
733	800
733	822
733	842
733	845
733	847
734	675
734	735
734	803
734	812
734	815
734	827
734	836
734	838
734	841
734	849
734	850
734	852
735	409
735	714
735	717
735	718
735	734
735	762
735	773
735	781
735	815
735	832
735	840
735	850
736	470
736	698
736	805
736	815
736	824
736	828
736	832
736	834
736	838
736	850
736	852
736	853
737	574
737	728
737	743
737	751
737	753
737	770
737	772
737	780
737	822
737	824
737	827
737	841
738	411
738	752
738	778
738	820
738	821
738	823
738	827
738	828
738	839
738	843
738	845
738	848
739	133
739	719
739	758
739	760
739	795
739	807
739	812
739	829
739	833
739	841
739	846
739	847
740	687
740	790
740	791
740	795
740	820
740	821
740	823
740	828
740	831
740	843
740	844
740	845
741	450
741	716
741	718
741	744
741	748
741	786
741	803
741	830
741	836
741	837
741	839
741	841
742	704
742	711
742	777
742	808
742	810
742	828
742	832
742	834
742	840
742	849
742	850
742	853
743	719
743	737
743	748
743	754
743	766
743	772
743	775
743	782
743	800
743	822
743	848
743	853
744	351
744	706
744	741
744	773
744	784
744	785
744	810
744	813
744	838
744	840
744	849
744	853
745	641
745	724
745	778
745	811
745	814
745	816
745	819
745	820
745	831
745	842
745	845
745	853
746	769
746	799
746	806
746	820
746	821
746	826
746	828
746	835
746	841
746	843
746	845
746	850
747	403
747	756
747	758
747	759
747	762
747	775
747	779
747	793
747	816
747	820
747	827
747	836
748	728
748	741
748	743
748	770
748	776
748	780
748	782
748	789
748	796
748	800
748	817
748	822
749	157
749	716
749	720
749	758
749	781
749	806
749	821
749	823
749	826
749	833
749	843
749	845
749	848
750	456
750	702
750	721
750	786
750	793
750	803
750	804
750	815
750	823
750	832
750	834
750	840
750	849
751	627
751	700
751	731
751	732
751	733
751	737
751	772
751	780
751	782
751	811
751	816
751	830
751	832
752	726
752	738
752	764
752	773
752	795
752	826
752	828
752	837
752	843
752	845
752	848
752	851
752	992
753	388
753	737
753	754
753	757
753	766
753	770
753	775
753	776
753	804
753	811
753	822
753	842
753	844
754	494
754	715
754	717
754	728
754	732
754	743
754	753
754	757
754	765
754	780
754	796
754	814
754	844
755	399
755	762
755	768
755	786
755	798
755	799
755	819
755	825
755	835
755	838
755	841
755	843
755	851
756	694
756	730
756	747
756	760
756	761
756	771
756	802
756	818
756	819
756	835
756	846
756	848
756	850
757	753
757	754
757	770
757	776
757	783
757	796
757	800
757	809
757	811
757	822
757	837
757	841
757	847
758	712
758	739
758	747
758	749
758	761
758	780
758	798
758	809
758	818
758	821
758	825
758	831
758	835
759	747
759	772
759	788
759	797
759	807
759	809
759	825
759	833
759	835
759	839
759	841
759	843
759	852
760	46
760	699
760	719
760	739
760	756
760	786
760	809
760	817
760	819
760	824
760	829
760	847
760	850
760	851
761	595
761	724
761	756
761	758
761	770
761	779
761	805
761	824
761	831
761	837
761	844
761	846
761	852
761	853
762	723
762	735
762	747
762	755
762	764
762	809
762	815
762	831
762	835
762	844
762	847
762	849
762	851
762	923
763	709
763	718
763	767
763	804
763	808
763	814
763	824
763	825
763	827
763	834
763	846
763	849
763	850
763	853
764	752
764	762
764	787
764	788
764	795
764	823
764	828
764	829
764	834
764	845
764	848
764	850
764	851
764	853
765	199
765	700
765	707
765	708
765	709
765	712
765	754
765	772
765	783
765	794
765	796
765	800
765	811
765	820
766	489
766	712
766	732
766	743
766	753
766	772
766	776
766	792
766	800
766	811
766	814
766	822
766	833
766	851
767	713
767	729
767	730
767	763
767	778
767	808
767	815
767	824
767	827
767	834
767	843
767	846
767	850
767	853
768	665
768	704
768	755
768	783
768	784
768	791
768	806
768	807
768	828
768	829
768	843
768	844
768	845
768	848
769	731
769	746
769	770
769	773
769	778
769	794
769	821
769	822
769	835
769	837
769	842
769	844
769	847
769	852
770	642
770	712
770	737
770	748
770	753
770	757
770	761
770	769
770	776
770	780
770	796
770	801
770	811
770	825
770	845
771	105
771	698
771	707
771	726
771	756
771	794
771	814
771	821
771	825
771	826
771	827
771	831
771	839
771	842
771	846
772	700
772	728
772	737
772	743
772	751
772	759
772	765
772	766
772	783
772	796
772	802
772	811
772	826
772	831
772	834
773	699
773	735
773	744
773	752
773	769
773	779
773	793
773	810
773	822
773	832
773	834
773	849
773	850
773	853
773	874
774	518
774	733
774	797
774	798
774	808
774	817
774	818
774	819
774	823
774	830
774	833
774	837
774	842
774	843
774	846
775	743
775	747
775	753
775	778
775	802
775	804
775	813
775	836
775	837
775	839
775	842
775	846
775	848
775	850
775	938
776	276
776	728
776	748
776	753
776	757
776	766
776	770
776	782
776	786
776	800
776	801
776	815
776	822
776	847
776	852
777	68
777	701
777	710
777	721
777	742
777	782
777	785
777	786
777	809
777	813
777	817
777	833
777	841
777	847
777	851
778	626
778	700
778	704
778	738
778	745
778	767
778	769
778	775
778	784
778	802
778	836
778	837
778	844
778	846
778	851
779	714
779	747
779	761
779	773
779	787
779	802
779	805
779	825
779	828
779	830
779	833
779	835
779	836
779	839
779	849
780	707
780	737
780	748
780	751
780	754
780	758
780	770
780	782
780	783
780	785
780	796
780	811
780	822
780	842
780	844
780	850
781	717
781	735
781	749
781	799
781	805
781	807
781	820
781	821
781	823
781	826
781	829
781	833
781	843
781	846
781	848
781	996
782	707
782	721
782	726
782	733
782	743
782	748
782	751
782	776
782	777
782	780
782	783
782	811
782	822
782	832
782	852
782	941
783	700
783	728
783	732
783	757
783	765
783	768
783	772
783	780
783	782
783	797
783	800
783	811
783	822
783	842
783	843
783	879
784	713
784	744
784	768
784	778
784	787
784	806
784	807
784	820
784	822
784	823
784	826
784	829
784	843
784	845
784	848
784	849
785	699
785	708
785	718
785	722
785	744
785	777
785	780
785	792
785	793
785	797
785	800
785	805
785	812
785	832
785	849
785	852
785	853
786	718
786	721
786	741
786	750
786	755
786	760
786	776
786	777
786	802
786	823
786	841
786	844
786	846
786	848
786	849
786	852
786	919
787	31
787	701
787	702
787	764
787	779
787	784
787	788
787	807
787	821
787	823
787	826
787	828
787	829
787	844
787	848
787	850
787	851
788	710
788	729
788	759
788	764
788	787
788	817
788	820
788	821
788	822
788	826
788	829
788	836
788	841
788	843
788	845
788	848
788	983
789	282
789	708
789	720
789	722
789	748
789	805
789	818
789	819
789	825
789	827
789	832
789	834
789	837
789	838
789	849
789	850
789	853
790	581
790	723
790	740
790	792
790	793
790	801
790	803
790	804
790	808
790	810
790	817
790	830
790	832
790	838
790	849
790	850
790	852
790	853
791	474
791	710
791	716
791	719
791	720
791	727
791	740
791	768
791	795
791	806
791	821
791	826
791	829
791	835
791	843
791	845
791	848
791	850
792	699
792	701
792	709
792	766
792	785
792	790
792	810
792	812
792	818
792	824
792	827
792	833
792	838
792	846
792	849
792	850
792	851
792	853
793	706
793	717
793	747
793	750
793	773
793	785
793	790
793	812
793	815
793	824
793	832
793	833
793	838
793	839
793	840
793	844
793	851
793	853
794	509
794	716
794	731
794	765
794	769
794	771
794	800
794	807
794	814
794	817
794	818
794	820
794	825
794	830
794	837
794	838
794	839
794	841
795	153
795	725
795	739
795	740
795	752
795	764
795	791
795	806
795	817
795	823
795	828
795	829
795	841
795	843
795	845
795	847
795	848
795	853
796	139
796	700
796	705
796	712
796	733
796	748
796	754
796	757
796	765
796	770
796	772
796	780
796	800
796	809
796	822
796	831
796	842
796	845
797	713
797	724
797	728
797	759
797	774
797	783
797	785
797	809
797	817
797	818
797	827
797	830
797	833
797	841
797	848
797	851
797	852
797	853
797	932
798	704
798	707
798	715
798	726
798	727
798	755
798	758
798	774
798	803
798	831
798	833
798	836
798	838
798	839
798	840
798	842
798	849
798	851
798	852
799	80
799	746
799	755
799	781
799	806
799	807
799	820
799	821
799	823
799	825
799	828
799	829
799	840
799	843
799	844
799	845
799	847
799	848
799	849
800	662
800	704
800	707
800	732
800	733
800	743
800	748
800	757
800	765
800	766
800	776
800	783
800	785
800	794
800	796
800	808
800	811
800	822
800	840
800	853
801	485
801	698
801	710
801	770
801	776
801	790
801	804
801	808
801	810
801	812
801	815
801	827
801	832
801	835
801	838
801	840
801	841
801	849
801	850
801	853
802	444
802	716
802	756
802	772
802	775
802	778
802	779
802	786
802	806
802	808
802	813
802	818
802	827
802	831
802	832
802	834
802	835
802	846
802	847
802	851
803	689
803	711
803	730
803	734
803	741
803	750
803	790
803	798
803	804
803	812
803	815
803	824
803	827
803	839
803	840
803	846
803	847
803	849
803	850
803	853
804	364
804	713
804	724
804	750
804	753
804	763
804	775
804	790
804	801
804	803
804	805
804	813
804	824
804	830
804	832
804	834
804	838
804	840
804	846
804	849
804	853
805	310
805	709
805	720
805	727
805	730
805	736
805	761
805	779
805	781
805	785
805	789
805	804
805	807
805	815
805	832
805	838
805	840
805	845
805	849
805	850
805	853
806	701
806	703
806	714
806	724
806	746
806	749
806	768
806	784
806	791
806	795
806	799
806	802
806	828
806	829
806	831
806	839
806	843
806	845
806	846
806	848
806	864
807	673
807	715
807	739
807	759
807	768
807	781
807	784
807	787
807	794
807	799
807	805
807	813
807	820
807	823
807	826
807	828
807	829
807	842
807	843
807	845
807	848
808	601
808	654
808	742
808	763
808	767
808	774
808	790
808	800
808	801
808	802
808	811
808	812
808	815
808	824
808	827
808	832
808	834
808	839
808	849
808	850
808	852
808	853
809	142
809	702
809	718
809	757
809	758
809	759
809	760
809	762
809	777
809	796
809	797
809	811
809	816
809	830
809	835
809	837
809	838
809	840
809	844
809	851
809	852
809	853
810	703
810	722
810	723
810	730
810	742
810	744
810	773
810	790
810	792
810	801
810	818
810	827
810	834
810	835
810	838
810	839
810	840
810	844
810	849
810	850
810	853
810	936
811	486
811	712
811	716
811	728
811	745
811	751
811	753
811	757
811	765
811	766
811	770
811	772
811	780
811	782
811	783
811	800
811	808
811	809
811	822
811	835
811	842
811	851
812	422
812	706
812	714
812	730
812	734
812	739
812	785
812	792
812	793
812	801
812	803
812	808
812	814
812	824
812	827
812	832
812	834
812	838
812	844
812	845
812	850
812	852
813	376
813	705
813	714
813	715
813	725
813	726
813	744
813	775
813	777
813	802
813	804
813	807
813	820
813	832
813	833
813	836
813	839
813	842
813	845
813	846
813	847
813	850
813	851
813	852
814	425
814	469
814	702
814	721
814	722
814	724
814	725
814	745
814	754
814	763
814	766
814	771
814	794
814	812
814	823
814	825
814	831
814	833
814	836
814	838
814	842
814	847
814	851
814	852
815	632
815	734
815	735
815	736
815	750
815	762
815	767
815	776
815	793
815	801
815	803
815	805
815	808
815	817
815	819
815	824
815	831
815	832
815	838
815	840
815	842
815	846
815	849
815	850
815	853
816	534
816	717
816	726
816	745
816	747
816	751
816	809
816	817
816	819
816	821
816	822
816	823
816	829
816	830
816	835
816	836
816	839
816	841
816	842
816	844
816	845
816	847
816	851
816	852
816	863
817	520
817	707
817	711
817	748
817	760
817	774
817	777
817	788
817	790
817	794
817	795
817	797
817	815
817	816
817	818
817	820
817	833
817	836
817	840
817	841
817	842
817	844
817	847
817	851
817	852
818	222
818	699
818	704
818	720
818	731
818	756
818	758
818	774
818	789
818	792
818	794
818	797
818	802
818	810
818	817
818	830
818	831
818	833
818	835
818	837
818	838
818	839
818	841
818	849
818	853
819	389
819	705
819	706
819	716
819	719
819	745
819	755
819	756
819	760
819	774
819	789
819	815
819	816
819	823
819	825
819	828
819	829
819	832
819	834
819	837
819	841
819	844
819	846
819	847
819	851
820	689
820	703
820	710
820	738
820	740
820	745
820	746
820	747
820	765
820	781
820	784
820	788
820	794
820	799
820	807
820	813
820	817
820	821
820	823
820	826
820	829
820	835
820	843
820	845
820	848
820	853
821	703
821	721
821	729
821	738
821	740
821	746
821	749
821	758
821	769
821	771
821	781
821	787
821	788
821	791
821	799
821	816
821	820
821	823
821	824
821	828
821	829
821	843
821	845
821	847
821	848
821	998
822	700
822	707
822	712
822	724
822	729
822	733
822	737
822	743
822	748
822	753
822	757
822	766
822	769
822	773
822	776
822	780
822	782
822	783
822	784
822	788
822	796
822	800
822	811
822	816
822	843
822	884
823	90
823	738
823	740
823	749
823	750
823	764
823	774
823	781
823	784
823	786
823	787
823	795
823	799
823	807
823	814
823	816
823	819
823	820
823	821
823	825
823	826
823	829
823	843
823	845
823	848
823	851
824	521
824	708
824	715
824	736
824	737
824	760
824	761
824	763
824	767
824	792
824	793
824	803
824	804
824	808
824	812
824	815
824	821
824	825
824	827
824	834
824	838
824	840
824	842
824	849
824	850
824	852
824	880
825	622
825	647
825	730
825	755
825	758
825	759
825	763
825	770
825	771
825	779
825	789
825	794
825	799
825	814
825	819
825	823
825	824
825	826
825	830
825	831
825	833
825	839
825	841
825	842
825	847
825	851
825	852
826	65
826	561
826	719
826	727
826	731
826	746
826	749
826	752
826	771
826	772
826	781
826	784
826	787
826	788
826	791
826	807
826	820
826	823
826	825
826	828
826	829
826	835
826	839
826	843
826	845
826	847
826	848
827	7
827	717
827	721
827	734
827	737
827	738
827	747
827	763
827	767
827	771
827	789
827	792
827	797
827	801
827	802
827	803
827	808
827	810
827	812
827	824
827	838
827	840
827	845
827	849
827	850
827	851
827	853
827	866
828	481
828	660
828	705
828	727
828	729
828	736
828	738
828	740
828	742
828	746
828	752
828	764
828	768
828	779
828	787
828	795
828	799
828	806
828	807
828	819
828	821
828	826
828	829
828	836
828	841
828	843
828	845
828	846
828	848
828	852
829	225
829	701
829	708
829	723
829	730
829	739
829	760
829	764
829	768
829	781
829	784
829	787
829	788
829	791
829	795
829	799
829	806
829	807
829	816
829	819
829	820
829	821
829	823
829	826
829	828
829	831
829	836
829	843
829	845
829	848
830	190
830	260
830	706
830	712
830	713
830	721
830	725
830	741
830	751
830	774
830	779
830	790
830	794
830	797
830	804
830	809
830	816
830	818
830	825
830	834
830	835
830	837
830	840
830	841
830	842
830	844
830	846
830	848
830	851
830	852
831	308
831	718
831	722
831	723
831	740
831	745
831	758
831	761
831	762
831	771
831	772
831	796
831	798
831	802
831	806
831	814
831	815
831	818
831	825
831	829
831	834
831	835
831	839
831	841
831	842
831	844
831	849
831	850
831	851
831	852
832	449
832	735
832	736
832	742
832	750
832	751
832	773
832	782
832	785
832	789
832	790
832	793
832	801
832	802
832	804
832	805
832	808
832	812
832	813
832	815
832	819
832	834
832	836
832	839
832	840
832	846
832	849
832	850
832	852
832	853
833	488
833	700
833	704
833	711
833	718
833	739
833	749
833	759
833	766
833	774
833	777
833	779
833	781
833	792
833	793
833	797
833	798
833	813
833	814
833	817
833	818
833	825
833	837
833	838
833	841
833	842
833	843
833	844
833	849
833	851
834	147
834	363
834	706
834	717
834	720
834	728
834	736
834	742
834	750
834	763
834	764
834	767
834	772
834	773
834	789
834	802
834	804
834	808
834	810
834	812
834	819
834	824
834	830
834	831
834	832
834	839
834	840
834	849
834	850
834	851
834	853
835	135
835	719
835	723
835	732
835	746
835	755
835	756
835	758
835	759
835	762
835	769
835	779
835	791
835	801
835	802
835	809
835	810
835	811
835	816
835	818
835	820
835	826
835	830
835	831
835	836
835	837
835	841
835	842
835	849
835	851
835	852
836	698
836	705
836	723
836	725
836	727
836	732
836	734
836	741
836	747
836	775
836	778
836	779
836	788
836	798
836	813
836	814
836	816
836	817
836	828
836	829
836	832
836	835
836	838
836	841
836	842
836	843
836	844
836	846
836	851
836	852
836	991
837	423
837	702
837	713
837	722
837	725
837	729
837	730
837	741
837	752
837	757
837	761
837	769
837	774
837	775
837	778
837	789
837	794
837	809
837	818
837	819
837	830
837	833
837	835
837	839
837	842
837	844
837	845
837	846
837	848
837	850
837	851
837	853
838	252
838	699
838	708
838	709
838	717
838	734
838	736
838	744
838	755
838	789
838	790
838	792
838	793
838	794
838	798
838	801
838	804
838	805
838	809
838	810
838	812
838	814
838	815
838	818
838	824
838	827
838	833
838	836
838	839
838	840
838	849
838	852
838	853
839	467
839	501
839	705
839	714
839	721
839	724
839	738
839	741
839	759
839	771
839	775
839	779
839	793
839	794
839	798
839	803
839	806
839	808
839	810
839	813
839	816
839	818
839	825
839	826
839	831
839	832
839	834
839	837
839	838
839	842
839	843
839	844
839	847
839	851
839	852
840	426
840	590
840	699
840	702
840	708
840	722
840	729
840	730
840	735
840	742
840	744
840	750
840	793
840	798
840	799
840	800
840	801
840	803
840	804
840	805
840	809
840	810
840	815
840	817
840	824
840	827
840	830
840	832
840	834
840	838
840	843
840	844
840	846
840	849
840	850
840	853
841	107
841	580
841	703
841	711
841	714
841	716
841	734
841	737
841	739
841	741
841	746
841	755
841	757
841	759
841	777
841	786
841	788
841	794
841	795
841	797
841	801
841	816
841	817
841	818
841	819
841	825
841	828
841	830
841	831
841	833
841	835
841	836
841	844
841	846
841	848
841	852
841	853
842	149
842	454
842	702
842	709
842	712
842	719
842	726
842	733
842	745
842	753
842	769
842	771
842	774
842	775
842	780
842	783
842	796
842	798
842	807
842	811
842	813
842	814
842	815
842	816
842	817
842	824
842	825
842	830
842	831
842	833
842	835
842	836
842	837
842	839
842	844
842	846
842	847
842	850
843	303
843	703
843	710
843	727
843	729
843	738
843	740
843	746
843	749
843	752
843	755
843	759
843	767
843	768
843	774
843	781
843	783
843	784
843	788
843	791
843	795
843	799
843	806
843	807
843	820
843	821
843	822
843	823
843	826
843	828
843	829
843	833
843	836
843	839
843	840
843	844
843	845
843	847
843	848
843	937
844	698
844	702
844	705
844	713
844	716
844	740
844	753
844	754
844	761
844	762
844	768
844	769
844	778
844	780
844	786
844	787
844	793
844	799
844	809
844	810
844	812
844	816
844	817
844	819
844	830
844	831
844	833
844	836
844	837
844	839
844	840
844	841
844	842
844	843
844	846
844	847
844	851
844	852
844	891
844	995
845	597
845	701
845	703
845	709
845	710
845	727
845	729
845	733
845	738
845	740
845	745
845	746
845	749
845	752
845	764
845	768
845	770
845	784
845	788
845	791
845	795
845	796
845	799
845	805
845	806
845	807
845	812
845	813
845	816
845	820
845	821
845	823
845	826
845	827
845	828
845	829
845	837
845	843
845	846
845	848
845	930
846	337
846	702
846	704
846	711
846	713
846	714
846	720
846	724
846	739
846	756
846	761
846	763
846	767
846	771
846	774
846	775
846	778
846	781
846	786
846	792
846	802
846	803
846	804
846	806
846	813
846	815
846	819
846	828
846	830
846	832
846	836
846	837
846	840
846	841
846	842
846	844
846	845
846	847
846	851
846	852
846	986
847	317
847	564
847	698
847	704
847	713
847	716
847	718
847	719
847	721
847	723
847	724
847	733
847	739
847	757
847	760
847	762
847	769
847	776
847	777
847	795
847	799
847	802
847	803
847	813
847	814
847	816
847	817
847	819
847	821
847	825
847	826
847	839
847	842
847	843
847	844
847	846
847	848
847	849
847	850
847	851
847	852
848	173
848	175
848	701
848	703
848	710
848	725
848	727
848	729
848	738
848	743
848	749
848	752
848	756
848	764
848	768
848	775
848	781
848	784
848	786
848	787
848	788
848	791
848	795
848	797
848	799
848	806
848	807
848	820
848	821
848	823
848	826
848	828
848	829
848	830
848	837
848	841
848	843
848	845
848	847
848	851
848	852
849	375
849	706
849	720
849	722
849	731
849	734
849	742
849	744
849	750
849	762
849	763
849	773
849	779
849	784
849	785
849	786
849	789
849	790
849	792
849	798
849	799
849	801
849	803
849	804
849	805
849	808
849	810
849	815
849	818
849	824
849	827
849	831
849	832
849	833
849	834
849	835
849	838
849	840
849	847
849	850
849	852
849	853
849	910
850	329
850	628
850	699
850	706
850	708
850	709
850	712
850	717
850	720
850	722
850	734
850	735
850	736
850	742
850	746
850	756
850	760
850	763
850	764
850	767
850	773
850	775
850	780
850	787
850	789
850	790
850	791
850	792
850	801
850	803
850	805
850	808
850	810
850	812
850	813
850	815
850	824
850	827
850	831
850	832
850	834
850	837
850	840
850	842
850	847
850	849
850	853
851	412
851	463
851	642
851	698
851	705
851	708
851	715
851	726
851	728
851	731
851	752
851	755
851	760
851	762
851	764
851	766
851	777
851	778
851	787
851	792
851	793
851	797
851	798
851	802
851	809
851	811
851	813
851	814
851	816
851	817
851	819
851	823
851	825
851	827
851	830
851	831
851	833
851	834
851	835
851	836
851	837
851	839
851	844
851	846
851	847
851	848
851	852
851	853
852	197
852	705
852	713
852	714
852	715
852	719
852	721
852	725
852	726
852	731
852	732
852	734
852	736
852	759
852	761
852	769
852	776
852	782
852	785
852	786
852	790
852	797
852	798
852	808
852	809
852	812
852	813
852	814
852	816
852	817
852	824
852	825
852	828
852	830
852	831
852	832
852	835
852	836
852	838
852	839
852	841
852	844
852	846
852	847
852	848
852	849
852	851
852	886
853	85
853	101
853	698
853	706
853	709
853	717
853	720
853	722
853	726
853	730
853	736
853	742
853	743
853	744
853	745
853	761
853	763
853	764
853	767
853	773
853	785
853	789
853	790
853	792
853	793
853	795
853	797
853	800
853	801
853	803
853	804
853	805
853	808
853	809
853	810
853	815
853	818
853	820
853	827
853	832
853	834
853	837
853	838
853	840
853	841
853	849
853	850
853	851
854	894
854	924
854	949
854	957
854	985
854	986
854	990
854	993
854	994
854	999
855	477
855	864
855	917
855	934
855	970
855	972
855	980
855	991
855	992
855	996
856	874
856	897
856	936
856	937
856	939
856	945
856	967
856	979
856	994
856	999
857	369
857	922
857	937
857	938
857	955
857	963
857	965
857	971
857	981
857	996
858	447
858	866
858	885
858	897
858	899
858	942
858	962
858	968
858	987
859	438
859	977
859	982
859	983
859	984
859	985
859	987
859	994
859	998
859	1000
860	633
860	906
860	923
860	953
860	977
860	979
860	984
860	988
860	992
860	996
861	198
861	863
861	933
861	944
861	952
861	960
861	966
861	987
861	989
861	990
862	335
862	938
862	980
862	983
862	988
862	991
862	992
862	996
862	999
862	1000
863	816
863	861
863	873
863	929
863	933
863	943
863	946
863	951
863	960
863	974
864	806
864	855
864	872
864	908
864	922
864	985
864	988
864	992
864	996
864	998
865	874
865	876
865	893
865	904
865	952
865	973
865	974
865	979
865	987
865	990
866	827
866	858
866	880
866	920
866	934
866	949
866	985
866	993
866	997
866	999
867	400
867	868
867	902
867	938
867	949
867	956
867	962
867	965
867	973
867	989
868	867
868	894
868	959
868	964
868	985
868	986
868	989
868	990
868	994
868	1000
869	179
869	892
869	923
869	940
869	953
869	965
869	980
869	991
869	992
869	996
870	903
870	927
870	937
870	953
870	956
870	962
870	968
870	969
870	971
870	998
870	1000
871	54
871	877
871	895
871	901
871	944
871	952
871	953
871	955
871	960
871	966
871	984
872	864
872	917
872	958
872	973
872	974
872	975
872	985
872	987
872	994
872	999
872	1000
873	318
873	863
873	931
873	942
873	970
873	977
873	985
873	987
873	989
873	990
873	994
874	773
874	856
874	865
874	893
874	925
874	958
874	968
874	974
874	984
874	988
874	990
875	893
875	928
875	945
875	955
875	957
875	964
875	974
875	985
875	987
875	989
875	1000
876	512
876	865
876	881
876	929
876	931
876	940
876	976
876	981
876	983
876	998
876	999
877	451
877	871
877	888
877	920
877	932
877	954
877	958
877	959
877	978
877	997
877	999
878	227
878	923
878	931
878	938
878	953
878	963
878	970
878	972
878	992
878	996
878	998
879	783
879	881
879	916
879	930
879	935
879	952
879	958
879	965
879	966
879	985
879	992
880	824
880	866
880	913
880	918
880	937
880	947
880	959
880	967
880	969
880	981
880	999
881	876
881	879
881	901
881	933
881	946
881	951
881	952
881	955
881	966
881	976
881	988
882	339
882	888
882	921
882	931
882	950
882	951
882	965
882	978
882	980
882	991
882	992
883	680
883	884
883	925
883	956
883	974
883	979
883	980
883	989
883	990
883	995
883	1000
884	822
884	883
884	941
884	954
884	961
884	974
884	978
884	981
884	987
884	989
884	995
885	858
885	903
885	904
885	942
885	963
885	968
885	977
885	980
885	985
885	989
885	991
885	994
886	852
886	911
886	913
886	937
886	951
886	957
886	963
886	970
886	980
886	988
886	990
886	992
887	631
887	954
887	957
887	964
887	966
887	979
887	982
887	986
887	993
887	995
887	998
887	999
888	326
888	877
888	882
888	900
888	905
888	908
888	948
888	963
888	972
888	980
888	988
888	996
889	897
889	910
889	925
889	938
889	958
889	961
889	962
889	965
889	971
889	979
889	990
889	994
890	443
890	891
890	902
890	964
890	972
890	975
890	976
890	987
890	994
890	995
890	997
890	999
891	844
891	890
891	919
891	937
891	950
891	980
891	985
891	987
891	988
891	991
891	992
891	996
892	569
892	869
892	967
892	969
892	972
892	981
892	982
892	984
892	993
892	995
892	997
892	998
893	194
893	865
893	874
893	875
893	912
893	941
893	964
893	972
893	973
893	982
893	993
893	997
893	998
894	854
894	868
894	904
894	905
894	913
894	921
894	929
894	956
894	973
894	974
894	984
894	987
894	994
895	871
895	909
895	916
895	930
895	940
895	943
895	946
895	951
895	952
895	955
895	966
895	990
895	998
896	928
896	936
896	959
896	962
896	963
896	964
896	966
896	978
896	982
896	985
896	993
896	995
896	997
897	664
897	856
897	858
897	889
897	912
897	927
897	949
897	969
897	973
897	993
897	994
897	997
897	1000
898	678
898	899
898	903
898	911
898	957
898	979
898	981
898	982
898	985
898	987
898	988
898	994
898	1000
899	858
899	898
899	945
899	974
899	976
899	977
899	982
899	984
899	989
899	990
899	992
899	994
899	999
900	372
900	888
900	903
900	908
900	914
900	967
900	973
900	979
900	985
900	990
900	995
900	997
900	1000
901	333
901	871
901	881
901	911
901	926
901	930
901	933
901	948
901	952
901	955
901	960
901	966
901	971
901	995
902	867
902	890
902	906
902	910
902	913
902	922
902	950
902	953
902	965
902	978
902	980
902	988
902	991
902	996
903	684
903	870
903	885
903	898
903	900
903	932
903	934
903	949
903	954
903	977
903	984
903	985
903	989
903	996
904	156
904	865
904	885
904	894
904	935
904	962
904	966
904	967
904	971
904	972
904	977
904	979
904	990
904	993
905	160
905	888
905	894
905	913
905	963
905	965
905	967
905	970
905	974
905	980
905	991
905	992
905	996
905	997
906	715
906	860
906	902
906	923
906	950
906	963
906	965
906	969
906	976
906	979
906	980
906	989
906	991
906	996
907	294
907	921
907	929
907	932
907	933
907	938
907	959
907	976
907	982
907	983
907	985
907	993
907	995
907	997
907	998
908	864
908	888
908	900
908	921
908	922
908	934
908	941
908	965
908	970
908	973
908	988
908	991
908	992
908	996
908	1000
909	96
909	895
909	920
909	941
909	952
909	963
909	968
909	976
909	981
909	982
909	986
909	993
909	995
909	998
909	999
910	849
910	889
910	902
910	916
910	917
910	937
910	958
910	973
910	974
910	977
910	979
910	981
910	984
910	985
910	1000
911	29
911	886
911	898
911	901
911	915
911	916
911	924
911	930
911	935
911	943
911	944
911	951
911	960
911	966
911	988
912	893
912	897
912	913
912	925
912	928
912	941
912	947
912	972
912	978
912	979
912	983
912	986
912	990
912	998
912	999
913	323
913	880
913	886
913	894
913	902
913	905
913	912
913	921
913	938
913	970
913	980
913	981
913	988
913	991
913	995
913	996
914	453
914	900
914	943
914	953
914	957
914	962
914	970
914	971
914	972
914	979
914	984
914	985
914	990
914	994
914	999
914	1000
915	423
915	911
915	926
915	928
915	950
915	952
915	953
915	958
915	965
915	970
915	980
915	988
915	991
915	992
915	996
915	1000
916	406
916	879
916	895
916	910
916	911
916	932
916	935
916	943
916	944
916	946
916	952
916	955
916	960
916	966
916	977
916	992
917	855
917	872
917	910
917	923
917	952
917	961
917	967
917	968
917	971
917	974
917	977
917	985
917	987
917	994
917	997
917	1000
918	26
918	880
918	919
918	925
918	939
918	941
918	947
918	964
918	966
918	970
918	971
918	975
918	978
918	986
918	993
918	998
919	786
919	891
919	918
919	923
919	927
919	937
919	938
919	941
919	965
919	970
919	973
919	980
919	988
919	991
919	992
919	996
919	997
920	392
920	866
920	877
920	909
920	933
920	936
920	943
920	964
920	975
920	977
920	979
920	981
920	982
920	984
920	993
920	995
920	998
921	679
921	882
921	894
921	907
921	908
921	913
921	925
921	938
921	950
921	970
921	971
921	980
921	983
921	988
921	991
921	992
921	996
922	165
922	857
922	864
922	902
922	908
922	923
922	926
922	927
922	938
922	955
922	959
922	970
922	988
922	989
922	991
922	993
922	996
923	762
923	860
923	869
923	878
923	906
923	917
923	919
923	922
923	945
923	953
923	970
923	974
923	976
923	991
923	992
923	996
923	999
924	199
924	854
924	911
924	927
924	930
924	931
924	956
924	963
924	969
924	971
924	973
924	976
924	977
924	979
924	984
924	990
924	1000
925	651
925	874
925	883
925	889
925	912
925	918
925	921
925	947
925	961
925	964
925	972
925	976
925	983
925	993
925	997
925	998
925	999
925	1000
926	385
926	901
926	915
926	922
926	938
926	950
926	953
926	961
926	963
926	970
926	979
926	980
926	988
926	991
926	992
926	996
926	997
926	998
927	610
927	870
927	897
927	919
927	922
927	924
927	954
927	962
927	971
927	973
927	979
927	984
927	986
927	987
927	990
927	994
927	999
927	1000
928	547
928	875
928	896
928	912
928	915
928	929
928	930
928	934
928	942
928	945
928	954
928	978
928	986
928	989
928	993
928	995
928	997
928	999
928	1000
929	395
929	863
929	876
929	894
929	907
929	928
929	941
929	942
929	964
929	975
929	978
929	982
929	985
929	986
929	988
929	995
929	996
929	997
929	999
930	845
930	879
930	895
930	901
930	911
930	924
930	928
930	935
930	943
930	944
930	946
930	951
930	952
930	955
930	959
930	966
930	986
930	996
930	998
931	410
931	873
931	876
931	878
931	882
931	924
931	940
931	956
931	958
931	967
931	968
931	970
931	971
931	979
931	984
931	989
931	994
931	997
931	1000
932	797
932	877
932	903
932	907
932	916
932	961
932	964
932	967
932	968
932	972
932	973
932	975
932	976
932	978
932	986
932	993
932	997
932	998
932	1000
933	191
933	861
933	863
933	881
933	901
933	907
933	920
933	935
933	940
933	943
933	944
933	946
933	951
933	952
933	955
933	960
933	966
933	978
933	983
933	984
934	635
934	855
934	866
934	903
934	908
934	928
934	948
934	969
934	974
934	975
934	976
934	978
934	981
934	982
934	986
934	987
934	994
934	995
934	997
934	999
935	696
935	879
935	904
935	911
935	916
935	930
935	933
935	941
935	943
935	944
935	946
935	949
935	951
935	952
935	955
935	958
935	960
935	966
935	980
935	992
936	810
936	856
936	896
936	920
936	940
936	943
936	950
936	952
936	960
936	961
936	965
936	972
936	975
936	978
936	981
936	982
936	986
936	995
936	997
936	998
937	843
937	856
937	857
937	870
937	880
937	886
937	891
937	910
937	919
937	948
937	950
937	953
937	963
937	965
937	980
937	988
937	991
937	992
937	994
937	996
938	775
938	857
938	862
938	867
938	878
938	889
938	907
938	913
938	919
938	921
938	922
938	926
938	950
938	963
938	975
938	976
938	988
938	990
938	991
938	992
939	336
939	856
939	918
939	941
939	942
939	946
939	947
939	950
939	965
939	969
939	970
939	975
939	976
939	978
939	981
939	982
939	986
939	987
939	995
939	999
940	438
940	869
940	876
940	895
940	931
940	933
940	936
940	948
940	950
940	961
940	964
940	969
940	976
940	981
940	982
940	983
940	986
940	990
940	993
940	998
940	999
941	782
941	884
941	893
941	908
941	909
941	912
941	918
941	919
941	929
941	935
941	939
941	958
941	971
941	978
941	981
941	983
941	986
941	991
941	995
941	997
941	999
942	279
942	858
942	873
942	885
942	928
942	929
942	939
942	946
942	954
942	960
942	962
942	972
942	975
942	976
942	978
942	981
942	986
942	990
942	997
942	998
942	999
943	699
943	863
943	895
943	911
943	914
943	916
943	920
943	930
943	933
943	935
943	936
943	944
943	946
943	951
943	952
943	955
943	960
943	966
943	978
943	991
943	1000
944	238
944	861
944	871
944	911
944	916
944	930
944	933
944	935
944	943
944	946
944	951
944	952
944	954
944	955
944	960
944	966
944	980
944	984
944	994
944	996
944	1000
945	615
945	856
945	875
945	899
945	923
945	928
945	951
945	956
945	958
945	967
945	977
945	979
945	980
945	985
945	987
945	989
945	990
945	992
945	994
945	996
945	1000
946	44
946	863
946	881
946	895
946	916
946	930
946	933
946	935
946	939
946	942
946	943
946	944
946	947
946	951
946	952
946	955
946	960
946	961
946	966
946	971
946	983
947	435
947	880
947	912
947	918
947	925
947	939
947	946
947	949
947	956
947	959
947	968
947	975
947	979
947	981
947	983
947	984
947	986
947	993
947	995
947	996
947	997
947	999
948	445
948	888
948	901
948	934
948	937
948	940
948	954
948	959
948	961
948	964
948	969
948	972
948	977
948	978
948	979
948	981
948	982
948	986
948	994
948	995
948	996
948	998
949	479
949	854
949	866
949	867
949	897
949	903
949	935
949	947
949	967
949	971
949	973
949	979
949	980
949	981
949	984
949	987
949	988
949	989
949	990
949	993
949	994
949	1000
950	491
950	882
950	891
950	902
950	906
950	915
950	921
950	926
950	936
950	937
950	938
950	939
950	940
950	963
950	964
950	970
950	982
950	988
950	990
950	991
950	994
950	996
951	117
951	467
951	863
951	881
951	882
951	886
951	895
951	911
951	930
951	933
951	935
951	943
951	944
951	945
951	946
951	952
951	955
951	960
951	966
951	975
951	977
951	981
951	987
952	431
952	861
952	865
952	871
952	879
952	881
952	895
952	901
952	909
952	915
952	916
952	917
952	930
952	933
952	935
952	936
952	943
952	944
952	946
952	951
952	955
952	960
952	992
953	254
953	860
953	869
953	870
953	871
953	878
953	902
953	914
953	915
953	923
953	926
953	937
953	954
953	963
953	965
953	969
953	975
953	980
953	988
953	991
953	992
953	995
953	996
954	490
954	667
954	877
954	884
954	887
954	903
954	927
954	928
954	942
954	944
954	948
954	953
954	966
954	972
954	975
954	976
954	980
954	982
954	983
954	995
954	998
954	999
954	1000
955	176
955	857
955	871
955	875
955	881
955	895
955	901
955	916
955	922
955	930
955	933
955	935
955	943
955	944
955	946
955	951
955	952
955	960
955	966
955	981
955	986
955	997
955	998
956	470
956	867
956	870
956	883
956	894
956	924
956	931
956	945
956	947
956	958
956	964
956	968
956	974
956	975
956	979
956	981
956	982
956	984
956	985
956	987
956	990
956	995
956	997
957	106
957	854
957	875
957	886
957	887
957	898
957	914
957	958
957	960
957	961
957	967
957	973
957	974
957	977
957	978
957	979
957	984
957	985
957	987
957	988
957	994
957	998
957	1000
958	474
958	872
958	874
958	877
958	879
958	889
958	910
958	915
958	931
958	935
958	941
958	945
958	956
958	957
958	962
958	967
958	968
958	973
958	983
958	984
958	989
958	990
958	992
958	1000
959	127
959	170
959	868
959	877
959	880
959	896
959	907
959	922
959	930
959	947
959	948
959	964
959	967
959	968
959	969
959	972
959	981
959	983
959	986
959	991
959	993
959	997
959	998
959	1000
960	184
960	861
960	863
960	871
960	901
960	911
960	916
960	933
960	935
960	936
960	942
960	943
960	944
960	946
960	951
960	952
960	955
960	957
960	966
960	968
960	977
960	983
960	995
960	996
961	319
961	486
961	884
961	889
961	917
961	925
961	926
961	932
961	936
961	940
961	946
961	948
961	957
961	964
961	968
961	969
961	972
961	976
961	981
961	983
961	993
961	995
961	996
961	997
961	998
962	234
962	538
962	858
962	867
962	870
962	889
962	896
962	904
962	914
962	927
962	942
962	958
962	965
962	968
962	971
962	973
962	974
962	976
962	984
962	985
962	986
962	989
962	992
962	994
962	996
963	591
963	857
963	878
963	885
963	886
963	888
963	896
963	905
963	906
963	909
963	924
963	926
963	937
963	938
963	950
963	953
963	965
963	970
963	977
963	979
963	983
963	988
963	991
963	992
963	996
963	997
964	243
964	868
964	875
964	887
964	890
964	893
964	896
964	918
964	920
964	925
964	929
964	932
964	940
964	948
964	950
964	956
964	959
964	961
964	965
964	983
964	984
964	989
964	992
964	993
964	997
964	999
965	480
965	640
965	857
965	867
965	869
965	879
965	882
965	889
965	902
965	905
965	906
965	908
965	915
965	919
965	936
965	937
965	939
965	953
965	962
965	963
965	964
965	980
965	986
965	988
965	990
965	991
965	992
966	24
966	861
966	871
966	879
966	881
966	887
966	895
966	896
966	901
966	904
966	911
966	916
966	918
966	930
966	933
966	935
966	943
966	944
966	946
966	951
966	954
966	955
966	960
966	973
966	975
966	993
966	998
967	439
967	856
967	880
967	892
967	900
967	904
967	905
967	917
967	931
967	932
967	945
967	949
967	957
967	958
967	959
967	971
967	974
967	977
967	984
967	985
967	986
967	987
967	988
967	989
967	990
967	993
967	998
967	1000
968	415
968	465
968	858
968	870
968	874
968	885
968	909
968	917
968	931
968	932
968	947
968	956
968	958
968	959
968	960
968	961
968	962
968	971
968	972
968	973
968	977
968	985
968	987
968	989
968	990
968	993
968	994
968	999
968	1000
969	27
969	570
969	870
969	880
969	892
969	897
969	906
969	924
969	934
969	939
969	940
969	948
969	953
969	959
969	961
969	972
969	973
969	974
969	976
969	980
969	981
969	982
969	983
969	986
969	992
969	993
969	997
969	998
969	999
970	477
970	490
970	855
970	873
970	878
970	886
970	905
970	908
970	913
970	914
970	915
970	918
970	919
970	921
970	922
970	923
970	926
970	931
970	939
970	950
970	963
970	971
970	988
970	991
970	992
970	994
970	996
970	999
970	1000
971	608
971	857
971	870
971	889
971	901
971	904
971	914
971	917
971	918
971	921
971	924
971	927
971	931
971	941
971	946
971	949
971	962
971	967
971	968
971	970
971	977
971	978
971	979
971	984
971	989
971	990
971	994
971	995
971	1000
972	103
972	855
972	878
972	888
972	890
972	892
972	893
972	904
972	912
972	914
972	925
972	932
972	936
972	942
972	948
972	954
972	959
972	961
972	968
972	969
972	975
972	978
972	983
972	987
972	991
972	993
972	995
972	996
972	997
972	998
973	611
973	865
973	867
973	872
973	893
973	894
973	897
973	900
973	908
973	910
973	919
973	924
973	927
973	932
973	949
973	957
973	958
973	962
973	966
973	968
973	969
973	974
973	977
973	978
973	982
973	985
973	989
973	994
973	999
973	1000
974	450
974	863
974	865
974	872
974	874
974	875
974	883
974	884
974	894
974	899
974	905
974	910
974	917
974	923
974	934
974	956
974	957
974	962
974	967
974	969
974	973
974	979
974	982
974	984
974	985
974	987
974	990
974	991
974	993
974	995
974	1000
975	69
975	872
975	890
975	918
975	920
975	929
975	932
975	934
975	936
975	938
975	939
975	942
975	947
975	951
975	953
975	954
975	956
975	966
975	972
975	976
975	978
975	982
975	983
975	986
975	990
975	992
975	993
975	995
975	997
975	998
975	1000
976	556
976	876
976	881
976	890
976	899
976	906
976	907
976	909
976	923
976	924
976	925
976	932
976	934
976	938
976	939
976	940
976	942
976	954
976	961
976	962
976	969
976	975
976	981
976	982
976	983
976	986
976	991
976	996
976	997
976	998
976	999
977	464
977	859
977	860
977	873
977	885
977	899
977	903
977	904
977	910
977	916
977	917
977	920
977	924
977	945
977	948
977	951
977	957
977	960
977	963
977	967
977	968
977	971
977	973
977	980
977	983
977	985
977	987
977	989
977	990
977	992
977	994
977	1000
978	100
978	514
978	877
978	882
978	884
978	896
978	902
978	912
978	918
978	928
978	929
978	932
978	933
978	934
978	936
978	939
978	941
978	942
978	943
978	948
978	957
978	971
978	972
978	973
978	975
978	981
978	983
978	984
978	986
978	989
978	993
978	994
978	995
978	999
979	274
979	665
979	856
979	860
979	865
979	883
979	887
979	889
979	898
979	900
979	904
979	906
979	910
979	912
979	914
979	920
979	924
979	926
979	927
979	931
979	945
979	947
979	948
979	949
979	956
979	957
979	963
979	971
979	974
979	984
979	989
979	993
979	994
979	1000
980	104
980	393
980	855
980	862
980	869
980	882
980	883
980	885
980	886
980	888
980	891
980	902
980	905
980	906
980	913
980	915
980	919
980	921
980	926
980	935
980	937
980	944
980	945
980	949
980	953
980	954
980	965
980	969
980	977
980	988
980	991
980	992
980	996
980	998
981	475
981	644
981	857
981	876
981	880
981	884
981	892
981	898
981	909
981	910
981	913
981	920
981	934
981	936
981	939
981	940
981	941
981	942
981	947
981	948
981	949
981	951
981	955
981	956
981	959
981	961
981	969
981	976
981	978
981	987
981	990
981	995
981	997
981	998
981	999
982	687
982	859
982	887
982	892
982	893
982	896
982	898
982	899
982	907
982	909
982	920
982	929
982	934
982	936
982	939
982	940
982	948
982	950
982	954
982	956
982	969
982	973
982	974
982	975
982	976
982	983
982	985
982	986
982	989
982	993
982	995
982	996
982	997
982	998
982	999
983	265
983	788
983	859
983	862
983	876
983	907
983	912
983	921
983	925
983	933
983	940
983	941
983	946
983	947
983	954
983	958
983	959
983	960
983	961
983	963
983	964
983	969
983	972
983	975
983	976
983	977
983	978
983	982
983	991
983	993
983	994
983	995
983	997
983	998
983	999
984	172
984	859
984	860
984	871
984	874
984	892
984	894
984	899
984	903
984	910
984	914
984	920
984	924
984	927
984	931
984	933
984	944
984	947
984	949
984	956
984	957
984	958
984	962
984	964
984	967
984	971
984	974
984	978
984	979
984	985
984	987
984	988
984	989
984	990
984	999
985	468
985	854
985	859
985	864
985	866
985	868
985	872
985	873
985	875
985	879
985	885
985	891
985	896
985	898
985	900
985	903
985	907
985	910
985	914
985	917
985	929
985	945
985	956
985	957
985	962
985	967
985	968
985	973
985	974
985	977
985	982
985	984
985	986
985	987
985	991
985	999
985	1000
986	672
986	846
986	854
986	868
986	887
986	909
986	912
986	918
986	927
986	928
986	929
986	930
986	932
986	934
986	936
986	939
986	940
986	941
986	942
986	947
986	948
986	955
986	959
986	962
986	965
986	967
986	969
986	975
986	976
986	978
986	982
986	985
986	988
986	990
986	993
986	995
986	999
987	459
987	652
987	858
987	859
987	861
987	865
987	872
987	873
987	875
987	884
987	890
987	891
987	894
987	898
987	917
987	927
987	934
987	939
987	945
987	949
987	951
987	956
987	957
987	967
987	968
987	972
987	974
987	977
987	981
987	984
987	985
987	989
987	990
987	994
987	995
987	998
987	1000
988	677
988	683
988	860
988	862
988	864
988	874
988	881
988	886
988	888
988	891
988	898
988	902
988	908
988	911
988	913
988	915
988	919
988	921
988	922
988	926
988	929
988	937
988	938
988	949
988	950
988	953
988	957
988	963
988	965
988	967
988	970
988	980
988	984
988	986
988	991
988	992
988	994
988	996
989	404
989	709
989	861
989	867
989	868
989	873
989	875
989	883
989	884
989	885
989	899
989	903
989	906
989	922
989	928
989	931
989	945
989	949
989	958
989	962
989	964
989	967
989	968
989	971
989	973
989	977
989	978
989	979
989	982
989	984
989	987
989	990
989	991
989	994
989	995
989	997
989	998
989	1000
990	413
990	483
990	854
990	861
990	865
990	868
990	873
990	874
990	883
990	886
990	889
990	895
990	899
990	900
990	904
990	912
990	914
990	924
990	927
990	938
990	940
990	942
990	945
990	949
990	950
990	956
990	958
990	965
990	967
990	968
990	971
990	974
990	975
990	977
990	981
990	984
990	986
990	987
990	989
990	1000
991	656
991	836
991	855
991	862
991	869
991	882
991	885
991	891
991	902
991	905
991	906
991	908
991	913
991	915
991	919
991	921
991	922
991	923
991	926
991	937
991	938
991	941
991	943
991	950
991	953
991	959
991	963
991	965
991	970
991	972
991	974
991	976
991	980
991	983
991	985
991	988
991	989
991	992
991	995
991	996
991	997
992	440
992	752
992	855
992	860
992	862
992	864
992	869
992	878
992	879
992	882
992	886
992	891
992	899
992	905
992	908
992	915
992	916
992	919
992	921
992	923
992	926
992	935
992	937
992	938
992	945
992	952
992	953
992	958
992	962
992	963
992	964
992	965
992	969
992	970
992	975
992	977
992	980
992	988
992	991
992	994
992	996
993	373
993	441
993	854
993	866
993	887
993	892
993	893
993	896
993	897
993	904
993	907
993	909
993	918
993	920
993	922
993	925
993	928
993	932
993	940
993	947
993	949
993	959
993	961
993	964
993	966
993	967
993	968
993	969
993	972
993	974
993	975
993	978
993	979
993	982
993	983
993	986
993	996
993	997
993	998
993	999
993	1000
994	421
994	686
994	854
994	856
994	859
994	868
994	872
994	873
994	885
994	889
994	890
994	894
994	897
994	898
994	899
994	914
994	917
994	927
994	931
994	934
994	937
994	944
994	945
994	948
994	949
994	950
994	957
994	962
994	968
994	970
994	971
994	973
994	977
994	978
994	979
994	983
994	987
994	988
994	989
994	992
994	995
994	997
994	1000
995	674
995	844
995	883
995	884
995	887
995	890
995	892
995	896
995	900
995	901
995	907
995	909
995	913
995	920
995	928
995	929
995	934
995	936
995	939
995	941
995	947
995	948
995	953
995	954
995	956
995	960
995	961
995	971
995	972
995	974
995	975
995	978
995	981
995	982
995	983
995	986
995	987
995	989
995	991
995	994
995	997
995	998
995	999
996	504
996	781
996	855
996	857
996	860
996	862
996	864
996	869
996	878
996	888
996	891
996	902
996	903
996	905
996	906
996	908
996	913
996	915
996	919
996	921
996	922
996	923
996	926
996	929
996	930
996	937
996	944
996	945
996	947
996	948
996	950
996	953
996	960
996	961
996	962
996	963
996	970
996	972
996	976
996	980
996	982
996	988
996	991
996	992
996	993
997	56
997	670
997	866
997	877
997	890
997	892
997	893
997	896
997	897
997	900
997	905
997	907
997	917
997	919
997	925
997	926
997	928
997	929
997	931
997	932
997	934
997	936
997	941
997	942
997	947
997	955
997	956
997	959
997	961
997	963
997	964
997	969
997	972
997	975
997	976
997	981
997	982
997	983
997	989
997	991
997	993
997	994
997	995
997	998
997	999
998	182
998	432
998	821
998	859
998	864
998	870
998	876
998	878
998	887
998	892
998	893
998	895
998	907
998	909
998	912
998	918
998	920
998	925
998	926
998	930
998	932
998	936
998	940
998	942
998	948
998	954
998	955
998	957
998	959
998	961
998	966
998	967
998	969
998	972
998	975
998	976
998	980
998	981
998	982
998	983
998	987
998	989
998	993
998	995
998	997
998	999
999	183
999	383
999	488
999	854
999	856
999	862
999	866
999	872
999	876
999	877
999	880
999	887
999	890
999	899
999	909
999	912
999	914
999	923
999	925
999	927
999	928
999	929
999	934
999	939
999	940
999	941
999	942
999	947
999	954
999	964
999	968
999	969
999	970
999	973
999	976
999	978
999	981
999	982
999	983
999	984
999	985
999	986
999	993
999	995
999	997
999	998
999	1000
1000	420
1000	546
1000	859
1000	862
1000	868
1000	870
1000	872
1000	875
1000	883
1000	897
1000	898
1000	900
1000	908
1000	910
1000	914
1000	915
1000	917
1000	924
1000	925
1000	927
1000	928
1000	931
1000	932
1000	943
1000	944
1000	945
1000	949
1000	954
1000	957
1000	958
1000	959
1000	967
1000	968
1000	970
1000	971
1000	973
1000	974
1000	975
1000	977
1000	979
1000	985
1000	987
1000	989
1000	990
1000	993
1000	994
1000	999
