1	37
1	158
1	174
1	176
1	177
1	181
1	197
1	202
1	203
2	40
2	59
2	72
2	103
2	160
2	170
2	192
2	193
2	203
2	479
3	27
3	87
3	106
3	139
3	162
3	176
3	179
3	191
3	195
3	302
4	15
4	50
4	58
4	59
4	77
4	96
4	110
4	133
4	188
4	677
5	71
5	76
5	102
5	144
5	170
5	184
5	195
5	198
5	201
5	330
6	15
6	123
6	131
6	163
6	167
6	179
6	186
6	190
6	191
6	631
7	96
7	148
7	173
7	178
7	181
7	193
7	196
7	197
7	202
7	897
8	168
8	170
8	172
8	184
8	185
8	194
8	196
8	198
8	201
8	680
9	98
9	167
9	168
9	183
9	185
9	189
9	198
9	201
9	420
10	147
10	154
10	157
10	159
10	171
10	182
10	196
10	199
10	200
10	851
11	69
11	71
11	94
11	107
11	143
11	167
11	175
11	199
11	200
11	806
12	35
12	54
12	88
12	93
12	110
12	125
12	144
12	155
12	186
12	281
13	85
13	128
13	130
13	140
13	179
13	180
13	190
13	191
13	196
13	442
14	64
14	70
14	140
14	141
14	150
14	157
14	165
14	188
14	203
14	551
15	4
15	6
15	139
15	163
15	176
15	179
15	181
15	190
15	191
15	580
16	109
16	132
16	138
16	166
16	179
16	180
16	183
16	190
16	191
16	606
17	74
17	133
17	145
17	149
17	151
17	154
17	156
17	192
17	195
17	843
18	40
18	152
18	163
18	166
18	171
18	178
18	181
18	197
18	203
18	472
19	168
19	181
19	183
19	185
19	187
19	189
19	194
19	200
19	201
19	454
20	74
20	89
20	109
20	119
20	137
20	154
20	165
20	182
20	195
20	697
21	66
21	76
21	117
21	158
21	166
21	177
21	178
21	197
21	200
21	990
22	30
22	118
22	150
22	155
22	164
22	182
22	196
22	200
22	202
22	485
23	60
23	95
23	147
23	149
23	164
23	165
23	176
23	182
23	196
23	507
24	78
24	137
24	140
24	141
24	154
24	157
24	158
24	173
24	188
24	605
25	85
25	102
25	105
25	136
25	161
25	166
25	168
25	184
25	189
25	201
25	700
26	48
26	80
26	119
26	133
26	141
26	165
26	186
26	187
26	195
26	538
26	543
27	3
27	177
27	178
27	181
27	189
27	192
27	193
27	197
27	202
27	203
27	296
28	32
28	47
28	99
28	106
28	138
28	151
28	172
28	180
28	189
28	191
28	376
29	73
29	129
29	144
29	159
29	161
29	165
29	183
29	194
29	198
29	201
29	948
30	22
30	45
30	53
30	143
30	149
30	153
30	172
30	175
30	182
30	200
30	829
31	44
31	46
31	48
31	63
31	119
31	140
31	145
31	156
31	186
31	198
31	424
32	28
32	84
32	139
32	155
32	163
32	172
32	179
32	190
32	191
32	353
32	416
33	80
33	115
33	144
33	149
33	167
33	168
33	187
33	189
33	194
33	201
33	903
34	72
34	92
34	100
34	108
34	117
34	166
34	172
34	193
34	202
34	203
34	827
35	12
35	48
35	84
35	119
35	125
35	127
35	153
35	157
35	158
35	203
35	853
36	62
36	98
36	136
36	142
36	184
36	187
36	194
36	197
36	198
36	203
36	423
37	1
37	94
37	95
37	148
37	150
37	155
37	169
37	171
37	175
37	200
37	426
38	94
38	107
38	124
38	143
38	154
38	164
38	171
38	182
38	196
38	199
38	368
39	160
39	166
39	174
39	177
39	178
39	180
39	188
39	193
39	197
39	202
39	889
40	2
40	18
40	48
40	70
40	174
40	181
40	185
40	197
40	202
40	203
40	629
41	90
41	152
41	163
41	173
41	174
41	178
41	192
41	193
41	202
41	203
41	873
42	122
42	158
42	173
42	181
42	191
42	192
42	193
42	197
42	202
42	203
42	835
43	109
43	118
43	129
43	162
43	175
43	176
43	179
43	180
43	190
43	197
43	338
44	31
44	117
44	120
44	152
44	160
44	174
44	181
44	202
44	203
44	692
44	918
45	30
45	125
45	147
45	149
45	155
45	164
45	169
45	190
45	196
45	199
45	476
46	31
46	63
46	110
46	145
46	154
46	157
46	162
46	165
46	186
46	195
46	202
46	613
47	28
47	111
47	121
47	125
47	147
47	169
47	175
47	182
47	191
47	199
47	200
47	807
48	26
48	31
48	35
48	40
48	93
48	94
48	103
48	105
48	119
48	133
48	186
48	448
49	62
49	92
49	103
49	143
49	158
49	173
49	178
49	185
49	192
49	202
49	203
49	243
50	4
50	70
50	74
50	103
50	124
50	133
50	140
50	165
50	186
50	188
50	195
50	999
51	55
51	105
51	121
51	135
51	143
51	164
51	171
51	195
51	196
51	199
51	200
51	289
52	66
52	92
52	102
52	156
52	158
52	174
52	181
52	192
52	200
52	202
52	203
52	643
53	30
53	71
53	122
53	142
53	147
53	150
53	169
53	182
53	192
53	196
53	369
53	815
54	12
54	113
54	126
54	140
54	141
54	146
54	156
54	165
54	188
54	195
54	196
54	460
55	51
55	119
55	121
55	155
55	164
55	171
55	175
55	177
55	182
55	199
55	200
55	898
56	129
56	148
56	160
56	178
56	185
56	192
56	193
56	197
56	201
56	202
56	203
56	476
57	63
57	90
57	148
57	167
57	168
57	170
57	184
57	185
57	189
57	198
57	201
57	773
58	4
58	61
58	64
58	68
58	125
58	154
58	158
58	187
58	188
58	195
58	582
58	908
59	2
59	4
59	120
59	131
59	132
59	151
59	152
59	172
59	176
59	180
59	481
59	672
60	23
60	98
60	111
60	150
60	175
60	182
60	196
60	199
60	200
60	202
60	473
60	799
61	58
61	68
61	113
61	133
61	134
61	139
61	141
61	145
61	153
61	188
61	195
61	671
62	36
62	49
62	81
62	102
62	136
62	156
62	167
62	183
62	185
62	194
62	198
62	496
62	815
63	31
63	46
63	57
63	88
63	110
63	134
63	140
63	153
63	154
63	156
63	189
63	195
63	349
64	14
64	58
64	93
64	145
64	157
64	165
64	170
64	185
64	186
64	188
64	195
64	411
64	964
65	101
65	111
65	114
65	131
65	143
65	149
65	171
65	175
65	196
65	199
65	200
65	241
65	443
66	21
66	52
66	124
66	148
66	149
66	166
66	174
66	177
66	184
66	200
66	203
66	274
66	322
67	104
67	122
67	136
67	160
67	167
67	170
67	172
67	185
67	187
67	194
67	198
67	201
67	971
68	58
68	61
68	77
68	82
68	85
68	89
68	105
68	112
68	156
68	157
68	169
68	175
68	259
69	11
69	72
69	116
69	137
69	152
69	160
69	166
69	174
69	177
69	202
69	203
69	434
69	776
70	14
70	40
70	50
70	88
70	125
70	137
70	156
70	165
70	183
70	186
70	195
70	242
70	354
71	5
71	11
71	53
71	108
71	134
71	149
71	150
71	160
71	171
71	196
71	199
71	200
71	351
72	2
72	34
72	69
72	98
72	126
72	162
72	173
72	178
72	192
72	197
72	201
72	202
72	326
73	29
73	102
73	118
73	134
73	142
73	143
73	161
73	174
73	183
73	185
73	194
73	198
73	201
73	702
74	17
74	20
74	50
74	88
74	137
74	141
74	143
74	148
74	154
74	156
74	165
74	195
74	203
74	423
75	81
75	83
75	104
75	110
75	144
75	161
75	183
75	184
75	187
75	194
75	198
75	199
75	201
75	839
76	5
76	21
76	96
76	98
76	144
76	166
76	167
76	168
76	184
76	187
76	189
76	194
76	198
76	226
77	4
77	68
77	78
77	82
77	132
77	140
77	145
77	154
77	164
77	165
77	176
77	186
77	651
77	695
78	24
78	77
78	119
78	125
78	146
78	153
78	156
78	157
78	161
78	163
78	165
78	179
78	186
78	832
79	100
79	102
79	115
79	133
79	142
79	144
79	168
79	180
79	183
79	184
79	187
79	198
79	201
79	975
80	26
80	33
80	118
80	132
80	151
80	163
80	172
80	176
80	180
80	190
80	191
80	198
80	461
80	672
81	62
81	75
81	136
81	142
81	146
81	161
81	170
81	185
81	189
81	190
81	194
81	198
81	232
81	471
82	68
82	77
82	105
82	113
82	118
82	119
82	132
82	145
82	146
82	153
82	154
82	160
82	188
82	250
82	673
83	75
83	92
83	100
83	116
83	148
83	156
83	166
83	177
83	181
83	182
83	192
83	193
83	197
83	203
83	290
84	32
84	35
84	105
84	107
84	137
84	141
84	154
84	156
84	157
84	169
84	186
84	188
84	195
84	529
84	770
85	13
85	25
85	68
85	96
85	119
85	125
85	141
85	146
85	156
85	157
85	188
85	195
85	197
85	547
85	678
86	91
86	107
86	111
86	113
86	134
86	143
86	147
86	149
86	159
86	169
86	171
86	175
86	179
86	200
86	797
87	3
87	89
87	112
87	120
87	123
87	131
87	151
87	162
87	174
87	176
87	179
87	190
87	191
87	197
87	634
88	12
88	63
88	70
88	74
88	89
88	96
88	121
88	130
88	140
88	157
88	165
88	178
88	186
88	195
88	846
89	20
89	68
89	87
89	88
89	112
89	137
89	140
89	146
89	156
89	157
89	159
89	165
89	188
89	195
89	882
90	41
90	57
90	99
90	106
90	112
90	119
90	123
90	130
90	132
90	151
90	176
90	179
90	190
90	594
90	995
91	86
91	95
91	111
91	114
91	135
91	141
91	149
91	160
91	171
91	175
91	188
91	196
91	199
91	400
91	789
92	34
92	49
92	52
92	83
92	104
92	158
92	166
92	173
92	181
92	182
92	190
92	193
92	197
92	202
92	467
92	648
93	12
93	48
93	64
93	110
93	116
93	125
93	137
93	146
93	153
93	154
93	176
93	186
93	188
93	190
93	195
93	451
94	11
94	37
94	38
94	48
94	107
94	112
94	155
94	171
94	175
94	178
94	182
94	196
94	199
94	200
94	266
94	762
95	23
95	37
95	91
95	114
95	150
95	153
95	159
95	164
95	167
95	169
95	175
95	182
95	196
95	200
95	201
95	609
96	4
96	7
96	76
96	85
96	88
96	113
96	133
96	140
96	145
96	146
96	153
96	167
96	188
96	195
96	468
96	610
97	111
97	139
97	148
97	166
97	173
97	174
97	177
97	181
97	192
97	193
97	197
97	198
97	202
97	203
97	706
97	944
98	9
98	36
98	60
98	72
98	76
98	115
98	170
98	174
98	184
98	185
98	187
98	189
98	194
98	198
98	201
98	977
99	28
99	90
99	106
99	109
99	119
99	128
99	135
99	138
99	139
99	151
99	172
99	176
99	190
99	191
99	193
99	352
100	34
100	79
100	83
100	106
100	116
100	132
100	160
100	173
100	174
100	177
100	178
100	192
100	197
100	203
100	433
100	769
101	65
101	117
101	124
101	145
101	146
101	148
101	158
101	173
101	174
101	177
101	178
101	181
101	193
101	202
101	203
101	922
102	5
102	25
102	52
102	62
102	73
102	79
102	115
102	134
102	171
102	187
102	189
102	194
102	196
102	199
102	201
102	253
103	2
103	48
103	49
103	50
103	121
103	126
103	152
103	158
103	160
103	173
103	177
103	178
103	192
103	202
103	641
103	842
104	67
104	75
104	92
104	142
104	144
104	155
104	161
104	168
104	170
104	183
104	184
104	189
104	195
104	198
104	201
104	591
104	923
105	25
105	48
105	51
105	68
105	82
105	84
105	111
105	113
105	125
105	140
105	145
105	146
105	154
105	156
105	157
105	158
105	481
106	3
106	28
106	90
106	99
106	100
106	108
106	118
106	128
106	151
106	162
106	163
106	167
106	172
106	179
106	190
106	191
106	690
107	11
107	38
107	84
107	86
107	94
107	114
107	122
107	136
107	150
107	164
107	171
107	183
107	196
107	199
107	200
107	379
107	839
108	34
108	71
108	106
108	111
108	121
108	122
108	149
108	155
108	159
108	169
108	182
108	195
108	196
108	199
108	200
108	299
108	817
109	16
109	20
109	43
109	99
109	123
109	131
109	132
109	138
109	151
109	167
109	179
109	180
109	190
109	191
109	202
109	210
109	674
110	4
110	12
110	46
110	63
110	75
110	93
110	137
110	141
110	142
110	145
110	153
110	154
110	186
110	188
110	195
110	203
110	600
111	47
111	60
111	65
111	86
111	91
111	97
111	105
111	108
111	122
111	155
111	159
111	191
111	196
111	199
111	200
111	247
111	969
112	68
112	87
112	89
112	90
112	94
112	118
112	131
112	138
112	163
112	172
112	176
112	180
112	190
112	191
112	192
112	624
112	975
113	54
113	61
113	82
113	86
113	96
113	105
113	137
113	153
113	154
113	156
113	165
113	186
113	187
113	188
113	195
113	198
113	892
114	65
114	91
114	95
114	107
114	122
114	132
114	150
114	164
114	169
114	175
114	182
114	194
114	196
114	199
114	200
114	202
114	427
115	33
115	79
115	98
115	102
115	127
115	142
115	159
115	168
115	177
115	179
115	183
115	187
115	189
115	194
115	198
115	201
115	633
115	999
116	69
116	83
116	93
116	100
116	148
116	152
116	158
116	160
116	173
116	177
116	178
116	182
116	188
116	192
116	193
116	196
116	197
116	693
117	21
117	34
117	44
117	101
117	126
117	148
117	152
117	154
117	157
117	166
117	185
117	192
117	193
117	199
117	202
117	203
117	784
117	832
118	22
118	43
118	73
118	80
118	82
118	106
118	112
118	132
118	162
118	172
118	176
118	179
118	180
118	190
118	191
118	192
118	819
118	838
119	20
119	26
119	31
119	35
119	48
119	55
119	78
119	82
119	85
119	90
119	99
119	125
119	133
119	140
119	165
119	195
119	346
119	997
120	44
120	59
120	87
120	128
120	130
120	131
120	136
120	139
120	162
120	163
120	168
120	172
120	175
120	176
120	180
120	190
120	478
120	797
121	47
121	51
121	55
121	88
121	103
121	108
121	134
121	135
121	143
121	152
121	159
121	164
121	171
121	175
121	182
121	196
121	199
121	662
121	756
122	42
122	53
122	67
122	107
122	108
122	111
122	114
122	124
122	135
122	150
122	155
122	169
122	171
122	178
122	182
122	199
122	200
122	811
122	995
123	6
123	87
123	90
123	109
123	128
123	131
123	132
123	133
123	138
123	148
123	162
123	163
123	172
123	180
123	191
123	194
123	202
123	473
123	557
124	38
124	50
124	66
124	101
124	122
124	148
124	160
124	166
124	173
124	174
124	177
124	181
124	186
124	192
124	193
124	197
124	202
124	203
124	780
125	12
125	35
125	45
125	47
125	58
125	70
125	78
125	85
125	93
125	105
125	119
125	127
125	141
125	146
125	153
125	157
125	178
125	188
125	697
125	950
126	54
126	72
126	103
126	117
126	138
126	148
126	152
126	168
126	174
126	177
126	178
126	181
126	192
126	193
126	197
126	199
126	202
126	203
126	239
126	334
127	35
127	115
127	125
127	128
127	129
127	134
127	144
127	147
127	161
127	168
127	170
127	183
127	185
127	187
127	189
127	194
127	198
127	201
127	482
127	685
128	13
128	99
128	106
128	120
128	123
128	127
128	130
128	151
128	162
128	163
128	168
128	172
128	179
128	180
128	181
128	190
128	191
128	202
128	490
128	694
129	29
129	43
129	56
129	127
129	136
129	167
129	168
129	170
129	183
129	184
129	185
129	186
129	187
129	189
129	194
129	198
129	201
129	202
129	841
129	935
130	13
130	88
130	90
130	120
130	128
130	135
130	139
130	151
130	162
130	163
130	165
130	172
130	176
130	179
130	180
130	190
130	191
130	194
130	326
130	628
131	6
131	59
131	65
131	87
131	109
131	112
131	120
131	123
131	139
131	140
131	162
131	170
131	172
131	176
131	179
131	180
131	184
131	190
131	445
131	463
132	16
132	59
132	77
132	80
132	82
132	90
132	100
132	109
132	114
132	118
132	123
132	139
132	151
132	163
132	172
132	176
132	180
132	191
132	370
132	657
133	4
133	17
133	26
133	48
133	50
133	61
133	79
133	96
133	119
133	123
133	137
133	153
133	157
133	172
133	180
133	186
133	188
133	195
133	279
133	834
134	61
134	63
134	71
134	73
134	86
134	102
134	121
134	127
134	142
134	161
134	167
134	170
134	183
134	184
134	185
134	187
134	189
134	198
134	201
134	431
134	997
135	51
135	91
135	99
135	121
135	122
135	130
135	143
135	149
135	150
135	151
135	159
135	164
135	165
135	171
135	175
135	182
135	196
135	199
135	200
135	417
135	872
136	25
136	36
136	62
136	67
136	81
136	107
136	120
136	129
136	161
136	167
136	168
136	176
136	183
136	184
136	185
136	189
136	194
136	200
136	201
136	443
136	661
137	20
137	24
137	69
137	70
137	74
137	84
137	89
137	93
137	110
137	113
137	133
137	146
137	153
137	156
137	157
137	174
137	186
137	187
137	197
137	527
137	956
138	16
138	28
138	99
138	109
138	112
138	123
138	126
138	139
138	162
138	163
138	172
138	176
138	179
138	180
138	184
138	187
138	190
138	191
138	194
138	654
138	883
139	3
139	15
139	32
139	61
139	97
139	99
139	120
139	130
139	131
139	132
139	138
139	161
139	162
139	163
139	176
139	179
139	180
139	190
139	191
139	198
139	277
139	404
140	13
140	14
140	24
140	31
140	50
140	54
140	63
140	77
140	88
140	89
140	96
140	105
140	119
140	131
140	150
140	153
140	157
140	186
140	188
140	194
140	485
140	692
141	14
141	24
141	26
141	54
141	61
141	74
141	84
141	85
141	91
141	110
141	125
141	145
141	146
141	153
141	154
141	156
141	157
141	164
141	169
141	184
141	333
141	813
142	36
142	53
142	73
142	79
142	81
142	104
142	110
142	115
142	134
142	161
142	162
142	167
142	170
142	183
142	185
142	187
142	189
142	191
142	201
142	245
142	321
142	755
143	11
143	30
143	38
143	49
143	51
143	65
143	73
143	74
143	86
143	121
143	135
143	159
143	164
143	169
143	171
143	182
143	196
143	197
143	199
143	200
143	462
143	483
143	796
144	5
144	12
144	29
144	33
144	75
144	76
144	79
144	104
144	127
144	155
144	161
144	165
144	167
144	170
144	171
144	183
144	184
144	189
144	192
144	194
144	198
144	681
144	920
145	17
145	31
145	46
145	61
145	64
145	77
145	82
145	96
145	101
145	105
145	110
145	141
145	146
145	153
145	156
145	164
145	165
145	168
145	181
145	188
145	195
145	199
145	343
145	809
146	54
146	78
146	81
146	82
146	85
146	89
146	93
146	96
146	101
146	105
146	125
146	137
146	141
146	145
146	151
146	156
146	157
146	186
146	188
146	194
146	195
146	502
146	805
146	824
147	10
147	23
147	45
147	47
147	53
147	86
147	127
147	149
147	150
147	154
147	155
147	159
147	164
147	169
147	173
147	175
147	182
147	196
147	199
147	200
147	201
147	401
147	427
147	891
148	7
148	37
148	56
148	57
148	66
148	74
148	83
148	97
148	101
148	116
148	117
148	123
148	124
148	126
148	152
148	166
148	173
148	192
148	193
148	197
148	202
148	203
148	347
148	693
149	17
149	23
149	30
149	33
149	45
149	65
149	66
149	71
149	86
149	91
149	108
149	135
149	147
149	155
149	164
149	169
149	171
149	183
149	196
149	199
149	200
149	203
149	462
149	646
149	877
150	14
150	22
150	37
150	53
150	60
150	71
150	95
150	107
150	114
150	122
150	135
150	140
150	147
150	153
150	160
150	164
150	169
150	175
150	182
150	193
150	196
150	199
150	200
150	810
150	989
151	17
151	28
151	59
151	80
151	87
151	90
151	99
151	106
151	109
151	128
151	130
151	132
151	135
151	146
151	162
151	163
151	176
151	179
151	180
151	189
151	190
151	191
151	200
151	324
151	687
151	717
152	18
152	41
152	44
152	59
152	69
152	103
152	116
152	117
152	121
152	126
152	148
152	158
152	163
152	166
152	173
152	177
152	181
152	191
152	192
152	193
152	194
152	197
152	202
152	203
152	683
152	777
153	30
153	35
153	61
153	63
153	78
153	82
153	93
153	95
153	96
153	110
153	113
153	125
153	133
153	137
153	140
153	141
153	145
153	150
153	165
153	178
153	186
153	193
153	195
153	670
153	686
153	728
154	10
154	17
154	20
154	24
154	38
154	46
154	58
154	63
154	74
154	77
154	82
154	84
154	93
154	105
154	110
154	113
154	117
154	141
154	147
154	186
154	188
154	190
154	195
154	739
154	984
154	987
155	12
155	22
155	32
155	37
155	45
155	55
155	94
155	104
155	108
155	111
155	122
155	144
155	147
155	149
155	159
155	161
155	169
155	171
155	175
155	182
155	196
155	199
155	200
155	439
155	769
155	847
156	17
156	31
156	52
156	54
156	62
156	63
156	68
156	70
156	74
156	78
156	83
156	84
156	85
156	89
156	105
156	113
156	137
156	141
156	145
156	146
156	166
156	186
156	195
156	196
156	426
156	567
156	623
157	10
157	14
157	24
157	35
157	46
157	64
157	68
157	78
157	84
157	85
157	88
157	89
157	105
157	117
157	125
157	133
157	137
157	140
157	141
157	146
157	173
157	186
157	189
157	198
157	378
157	467
157	959
158	1
158	21
158	24
158	35
158	42
158	49
158	52
158	58
158	92
158	101
158	103
158	105
158	116
158	152
158	173
158	177
158	178
158	181
158	182
158	191
158	192
158	193
158	197
158	202
158	203
158	693
158	759
159	10
159	29
159	86
159	89
159	95
159	108
159	111
159	115
159	121
159	135
159	143
159	147
159	155
159	162
159	164
159	169
159	171
159	175
159	181
159	182
159	192
159	196
159	199
159	200
159	201
159	619
159	757
160	2
160	39
160	44
160	56
160	67
160	69
160	71
160	82
160	91
160	100
160	103
160	116
160	124
160	150
160	166
160	173
160	174
160	177
160	178
160	181
160	192
160	193
160	197
160	202
160	203
160	377
160	397
160	640
161	25
161	29
161	73
161	75
161	78
161	81
161	104
161	127
161	134
161	136
161	139
161	142
161	144
161	155
161	167
161	168
161	170
161	182
161	184
161	185
161	187
161	189
161	190
161	194
161	198
161	201
161	386
161	391
161	981
162	3
162	43
162	46
162	72
162	87
162	106
162	118
162	120
162	123
162	128
162	130
162	131
162	138
162	139
162	142
162	151
162	159
162	163
162	168
162	172
162	176
162	179
162	180
162	190
162	191
162	201
162	410
162	455
162	677
163	6
163	15
163	18
163	32
163	41
163	78
163	80
163	106
163	112
163	120
163	123
163	128
163	130
163	132
163	138
163	139
163	151
163	152
163	162
163	172
163	174
163	176
163	179
163	180
163	190
163	191
163	201
163	679
163	783
164	22
164	23
164	38
164	45
164	51
164	55
164	77
164	95
164	107
164	114
164	121
164	135
164	141
164	143
164	145
164	147
164	149
164	150
164	159
164	169
164	170
164	171
164	180
164	189
164	199
164	200
164	585
164	600
164	614
165	14
165	20
165	23
165	26
165	29
165	46
165	50
165	54
165	64
165	70
165	74
165	77
165	78
165	88
165	89
165	113
165	119
165	130
165	135
165	144
165	145
165	153
165	169
165	186
165	188
165	195
165	453
165	630
165	879
166	16
166	18
166	21
166	25
166	34
166	39
166	66
166	69
166	76
166	83
166	92
166	97
166	117
166	124
166	148
166	152
166	156
166	160
166	171
166	177
166	178
166	192
166	193
166	197
166	201
166	202
166	203
166	645
166	817
166	956
167	6
167	9
167	11
167	33
167	57
167	62
167	67
167	76
167	95
167	96
167	106
167	109
167	129
167	134
167	136
167	142
167	144
167	161
167	170
167	183
167	184
167	185
167	187
167	189
167	194
167	198
167	201
167	419
167	483
167	572
168	8
168	9
168	19
168	25
168	33
168	57
168	76
168	79
168	104
168	115
168	120
168	126
168	127
168	128
168	129
168	136
168	145
168	161
168	162
168	170
168	183
168	184
168	185
168	187
168	194
168	198
168	199
168	201
168	351
168	736
168	957
169	37
169	45
169	47
169	53
169	68
169	84
169	86
169	95
169	108
169	114
169	122
169	141
169	143
169	147
169	149
169	150
169	155
169	159
169	164
169	165
169	175
169	182
169	189
169	190
169	196
169	199
169	200
169	453
169	658
169	659
169	958
170	2
170	5
170	8
170	57
170	64
170	67
170	81
170	98
170	104
170	127
170	129
170	131
170	134
170	142
170	144
170	161
170	164
170	167
170	168
170	176
170	183
170	184
170	185
170	186
170	187
170	189
170	198
170	201
170	451
170	482
170	494
171	10
171	18
171	37
171	38
171	51
171	55
171	65
171	71
171	86
171	91
171	94
171	102
171	107
171	121
171	122
171	135
171	143
171	144
171	149
171	155
171	159
171	164
171	166
171	175
171	181
171	195
171	196
171	199
171	200
171	402
171	924
171	940
172	8
172	28
172	30
172	32
172	34
172	59
172	67
172	80
172	99
172	106
172	112
172	118
172	120
172	123
172	128
172	130
172	131
172	132
172	133
172	138
172	162
172	163
172	176
172	179
172	180
172	190
172	191
172	197
172	203
172	440
172	464
172	575
173	7
173	24
173	41
173	42
173	49
173	72
173	92
173	97
173	100
173	101
173	103
173	116
173	124
173	147
173	148
173	152
173	157
173	158
173	160
173	174
173	178
173	180
173	181
173	184
173	192
173	197
173	200
173	202
173	203
173	813
173	818
173	986
174	1
174	39
174	40
174	41
174	44
174	52
174	66
174	69
174	73
174	87
174	97
174	98
174	100
174	101
174	124
174	126
174	137
174	160
174	163
174	173
174	178
174	181
174	187
174	192
174	193
174	197
174	200
174	202
174	203
174	300
174	659
174	962
175	11
175	30
175	37
175	43
175	47
175	55
175	60
175	65
175	68
175	86
175	91
175	94
175	95
175	114
175	120
175	121
175	135
175	147
175	150
175	155
175	159
175	169
175	171
175	179
175	188
175	196
175	199
175	200
175	202
175	329
175	465
175	696
175	766
176	1
176	3
176	15
176	23
176	43
176	59
176	77
176	80
176	87
176	90
176	93
176	99
176	112
176	118
176	120
176	130
176	131
176	132
176	136
176	138
176	139
176	151
176	162
176	163
176	170
176	172
176	179
176	180
176	190
176	191
176	198
176	380
176	408
176	675
177	1
177	21
177	27
177	39
177	55
177	66
177	69
177	83
177	97
177	100
177	101
177	103
177	115
177	116
177	124
177	126
177	152
177	158
177	160
177	166
177	178
177	184
177	185
177	188
177	193
177	195
177	197
177	198
177	202
177	203
177	589
177	723
177	906
177	989
178	7
178	18
178	21
178	27
178	39
178	41
178	49
178	56
178	72
178	88
178	94
178	100
178	101
178	103
178	116
178	122
178	125
178	126
178	153
178	158
178	160
178	166
178	173
178	174
178	177
178	180
178	181
178	190
178	197
178	202
178	203
178	404
178	571
178	845
179	3
179	6
179	13
179	15
179	16
179	32
179	43
179	78
179	86
179	87
179	90
179	106
179	109
179	115
179	118
179	128
179	130
179	131
179	138
179	139
179	151
179	162
179	163
179	172
179	175
179	176
179	180
179	190
179	191
179	193
179	199
179	200
179	332
179	431
179	458
180	13
180	16
180	28
180	39
180	43
180	59
180	79
180	80
180	109
180	112
180	118
180	120
180	123
180	128
180	130
180	131
180	132
180	133
180	138
180	139
180	151
180	162
180	163
180	164
180	172
180	173
180	176
180	178
180	179
180	186
180	191
180	572
180	650
180	658
180	984
181	1
181	7
181	15
181	18
181	19
181	27
181	40
181	42
181	44
181	52
181	83
181	92
181	97
181	101
181	124
181	126
181	128
181	145
181	152
181	158
181	159
181	160
181	171
181	173
181	174
181	178
181	192
181	193
181	197
181	200
181	202
181	203
181	367
181	394
181	748
182	10
182	20
182	22
182	23
182	30
182	38
182	47
182	53
182	55
182	60
182	83
182	92
182	94
182	95
182	108
182	114
182	116
182	121
182	122
182	135
182	143
182	147
182	150
182	155
182	158
182	159
182	161
182	169
182	183
182	196
182	199
182	264
182	426
182	430
182	694
183	9
183	16
183	19
183	29
183	62
183	70
183	73
183	75
183	79
183	104
183	107
183	115
183	127
183	129
183	134
183	136
183	142
183	144
183	149
183	167
183	168
183	170
183	182
183	184
183	185
183	187
183	189
183	193
183	194
183	198
183	201
183	407
183	466
183	772
183	978
184	5
184	8
184	25
184	36
184	57
184	66
184	75
184	76
184	79
184	98
184	104
184	129
184	131
184	134
184	136
184	138
184	141
184	144
184	161
184	167
184	168
184	170
184	173
184	177
184	183
184	185
184	186
184	187
184	189
184	194
184	198
184	201
184	449
184	481
184	763
184	949
185	8
185	9
185	19
185	40
185	49
185	56
185	57
185	62
185	64
185	67
185	73
185	81
185	98
185	117
185	127
185	129
185	134
185	136
185	142
185	161
185	167
185	168
185	170
185	177
185	183
185	184
185	187
185	189
185	193
185	194
185	198
185	201
185	348
185	731
185	942
185	987
186	6
186	12
186	26
186	31
186	46
186	48
186	50
186	64
186	70
186	77
186	78
186	84
186	88
186	93
186	110
186	113
186	124
186	129
186	133
186	137
186	140
186	146
186	153
186	154
186	156
186	157
186	165
186	170
186	180
186	184
186	188
186	192
186	195
186	485
186	602
186	651
186	738
187	19
187	26
187	33
187	36
187	58
187	67
187	75
187	76
187	79
187	98
187	102
187	113
187	115
187	127
187	129
187	134
187	137
187	138
187	142
187	161
187	167
187	168
187	170
187	174
187	183
187	184
187	185
187	189
187	194
187	195
187	198
187	201
187	203
187	816
187	822
187	825
187	846
188	4
188	14
188	24
188	39
188	50
188	54
188	58
188	61
188	64
188	82
188	84
188	85
188	89
188	91
188	93
188	96
188	110
188	113
188	116
188	125
188	133
188	140
188	145
188	146
188	154
188	165
188	175
188	177
188	186
188	189
188	195
188	197
188	199
188	484
188	550
188	607
188	616
189	9
189	19
189	25
189	27
189	28
189	33
189	57
189	63
189	76
189	81
189	98
189	102
189	104
189	115
189	127
189	129
189	134
189	136
189	142
189	144
189	151
189	157
189	161
189	164
189	167
189	169
189	170
189	183
189	184
189	185
189	187
189	188
189	194
189	198
189	201
189	460
189	741
189	887
190	6
190	13
190	15
190	16
190	32
190	43
190	45
190	80
190	81
190	87
190	90
190	92
190	93
190	99
190	106
190	109
190	112
190	118
190	120
190	128
190	130
190	131
190	138
190	139
190	151
190	154
190	161
190	162
190	163
190	169
190	172
190	176
190	178
190	179
190	191
190	484
190	592
190	687
190	826
191	3
191	6
191	13
191	15
191	16
191	28
191	32
191	42
191	47
191	80
191	87
191	99
191	106
191	109
191	111
191	112
191	118
191	123
191	128
191	130
191	132
191	138
191	139
191	142
191	151
191	152
191	158
191	162
191	163
191	172
191	176
191	179
191	180
191	190
191	197
191	343
191	406
191	654
191	791
192	2
192	17
192	27
192	41
192	42
192	49
192	52
192	53
192	56
192	72
192	83
192	97
192	100
192	103
192	112
192	116
192	117
192	118
192	124
192	126
192	144
192	148
192	152
192	158
192	159
192	160
192	166
192	173
192	174
192	181
192	186
192	193
192	197
192	198
192	203
192	208
192	236
192	672
192	711
193	2
193	7
193	27
193	34
193	39
193	41
193	42
193	56
193	83
193	92
193	97
193	99
193	101
193	116
193	117
193	124
193	126
193	148
193	150
193	152
193	153
193	158
193	160
193	166
193	174
193	177
193	179
193	181
193	183
193	185
193	192
193	194
193	195
193	197
193	202
193	203
193	410
193	477
193	481
193	988
194	8
194	19
194	29
194	33
194	36
194	62
194	67
194	73
194	75
194	76
194	81
194	98
194	102
194	114
194	115
194	123
194	127
194	129
194	130
194	136
194	138
194	140
194	144
194	146
194	152
194	161
194	167
194	168
194	183
194	184
194	185
194	187
194	189
194	193
194	198
194	201
194	266
194	457
194	460
194	619
195	3
195	5
195	17
195	20
195	26
195	46
195	50
195	51
195	54
195	58
195	61
195	63
195	64
195	70
195	74
195	84
195	85
195	88
195	89
195	93
195	96
195	104
195	108
195	110
195	113
195	119
195	133
195	145
195	146
195	153
195	154
195	156
195	165
195	171
195	177
195	186
195	187
195	188
195	193
195	379
195	438
195	652
195	787
196	7
196	8
196	10
196	13
196	22
196	23
196	38
196	45
196	51
196	53
196	54
196	60
196	65
196	71
196	91
196	94
196	95
196	102
196	107
196	108
196	111
196	114
196	116
196	121
196	135
196	143
196	147
196	149
196	150
196	155
196	156
196	159
196	169
196	171
196	175
196	182
196	199
196	200
196	202
196	203
196	486
196	604
196	690
196	791
197	1
197	7
197	18
197	21
197	27
197	36
197	39
197	40
197	42
197	43
197	56
197	72
197	83
197	85
197	87
197	92
197	97
197	100
197	116
197	124
197	126
197	137
197	143
197	148
197	152
197	158
197	160
197	166
197	172
197	173
197	174
197	177
197	178
197	181
197	188
197	191
197	192
197	193
197	202
197	203
197	501
197	558
197	638
197	694
197	933
198	5
198	8
198	9
198	29
198	31
198	36
198	57
198	62
198	67
198	73
198	75
198	76
198	79
198	80
198	81
198	97
198	98
198	104
198	113
198	115
198	127
198	129
198	134
198	139
198	144
198	157
198	161
198	167
198	168
198	170
198	176
198	177
198	183
198	184
198	185
198	187
198	189
198	192
198	194
198	201
198	653
198	709
198	831
198	928
198	949
199	10
199	11
199	38
199	45
199	47
199	51
199	55
199	60
199	65
199	71
199	75
199	91
199	94
199	102
199	107
199	108
199	111
199	114
199	117
199	121
199	122
199	126
199	135
199	143
199	145
199	147
199	149
199	150
199	155
199	159
199	164
199	168
199	169
199	171
199	175
199	179
199	182
199	188
199	196
199	200
199	201
199	231
199	398
199	545
199	760
199	858
200	10
200	11
200	19
200	21
200	22
200	30
200	37
200	47
200	51
200	52
200	55
200	60
200	65
200	66
200	71
200	86
200	94
200	95
200	107
200	108
200	111
200	114
200	122
200	135
200	136
200	143
200	147
200	149
200	150
200	151
200	155
200	159
200	164
200	169
200	171
200	173
200	174
200	175
200	179
200	181
200	196
200	199
200	276
200	311
200	425
200	833
200	852
201	5
201	8
201	9
201	19
201	25
201	29
201	33
201	56
201	57
201	67
201	72
201	73
201	75
201	79
201	95
201	98
201	102
201	104
201	115
201	127
201	129
201	134
201	136
201	142
201	147
201	159
201	161
201	162
201	163
201	166
201	167
201	168
201	170
201	183
201	184
201	185
201	187
201	189
201	194
201	198
201	199
201	203
201	425
201	459
201	673
201	690
201	983
202	1
202	7
202	22
202	27
202	34
202	39
202	40
202	41
202	42
202	44
202	46
202	49
202	52
202	56
202	60
202	69
202	72
202	92
202	97
202	101
202	103
202	109
202	114
202	117
202	123
202	124
202	126
202	128
202	129
202	148
202	152
202	158
202	160
202	166
202	173
202	174
202	175
202	177
202	178
202	181
202	193
202	196
202	197
202	203
202	537
202	656
202	824
202	963
202	996
203	1
203	2
203	14
203	18
203	27
203	34
203	35
203	36
203	40
203	41
203	42
203	44
203	49
203	52
203	56
203	66
203	69
203	74
203	83
203	97
203	100
203	101
203	110
203	117
203	124
203	126
203	148
203	149
203	152
203	158
203	160
203	166
203	172
203	173
203	174
203	177
203	178
203	181
203	187
203	192
203	193
203	196
203	197
203	201
203	202
203	251
203	282
203	388
203	530
203	696
204	317
204	405
204	406
204	441
204	451
204	454
204	472
204	486
204	488
204	915
205	391
205	401
205	437
205	445
205	451
205	481
205	484
205	485
205	487
205	553
206	242
206	306
206	341
206	371
206	375
206	407
206	445
206	484
206	491
206	645
207	328
207	409
207	410
207	422
207	438
207	455
207	466
207	474
207	484
207	667
208	192
208	405
208	458
208	463
208	470
208	474
208	481
208	484
208	485
208	491
209	381
209	387
209	418
209	435
209	452
209	460
209	479
209	482
209	486
209	581
210	109
210	290
210	297
210	349
210	435
210	457
210	473
210	475
210	477
210	480
211	277
211	363
211	465
211	471
211	479
211	482
211	485
211	486
211	491
211	557
212	248
212	417
212	428
212	448
212	468
212	475
212	477
212	480
212	491
212	647
213	223
213	229
213	255
213	393
213	402
213	404
213	417
213	425
213	469
213	846
214	232
214	278
214	287
214	314
214	440
214	470
214	473
214	478
214	490
214	852
215	291
215	402
215	416
215	424
215	425
215	441
215	472
215	482
215	488
215	691
216	234
216	251
216	316
216	320
216	326
216	337
216	342
216	369
216	466
216	844
217	233
217	239
217	346
217	366
217	370
217	374
217	377
217	381
217	459
217	905
218	222
218	299
218	314
218	374
218	423
218	465
218	479
218	482
218	486
218	965
219	236
219	315
219	418
219	432
219	435
219	438
219	439
219	475
219	480
219	691
220	305
220	337
220	339
220	365
220	398
220	400
220	434
220	453
220	478
220	998
221	224
221	234
221	237
221	311
221	330
221	342
221	382
221	401
221	413
221	754
222	218
222	350
222	374
222	388
222	423
222	451
222	476
222	479
222	482
222	653
223	213
223	315
223	344
223	425
223	440
223	454
223	455
223	472
223	488
223	989
224	221
224	247
224	418
224	421
224	443
224	465
224	471
224	476
224	479
224	569
225	331
225	388
225	399
225	418
225	471
225	476
225	479
225	482
225	486
225	656
226	76
226	271
226	273
226	321
226	358
226	365
226	397
226	400
226	447
226	453
227	318
227	327
227	339
227	380
227	397
227	434
227	453
227	458
227	477
227	962
228	301
228	313
228	353
228	418
228	459
228	460
228	465
228	471
228	479
228	788
229	213
229	266
229	313
229	449
229	458
229	481
229	483
229	485
229	487
229	493
230	281
230	299
230	313
230	336
230	359
230	377
230	395
230	436
230	459
230	757
231	199
231	332
231	404
231	407
231	424
231	431
231	456
231	469
231	488
231	489
232	81
232	214
232	348
232	366
232	373
232	444
232	464
232	469
232	489
232	490
233	217
233	281
233	319
233	357
233	364
233	365
233	381
233	392
233	459
233	632
234	216
234	221
234	320
234	326
234	327
234	330
234	369
234	401
234	455
234	588
235	244
235	367
235	432
235	435
235	439
235	457
235	477
235	480
235	484
235	856
236	192
236	219
236	426
236	448
236	457
236	468
236	475
236	476
236	477
236	488
237	221
237	282
237	342
237	347
237	369
237	382
237	387
237	401
237	434
237	794
238	296
238	321
238	331
238	365
238	400
238	434
238	453
238	464
238	476
238	931
239	126
239	217
239	246
239	258
239	336
239	346
239	359
239	381
239	459
239	474
240	250
240	386
240	398
240	410
240	430
240	438
240	461
240	474
240	482
240	595
241	65
241	376
241	393
241	416
241	440
241	441
241	469
241	473
241	488
241	490
242	70
242	206
242	309
242	435
242	463
242	481
242	483
242	484
242	487
242	491
243	49
243	285
243	299
243	357
243	359
243	363
243	364
243	372
243	431
243	459
244	235
244	306
244	345
244	409
244	448
244	468
244	475
244	477
244	480
244	669
245	142
245	249
245	273
245	406
245	407
245	445
245	483
245	484
245	485
245	487
246	239
246	260
246	279
246	329
246	403
246	457
246	468
246	475
246	477
246	688
247	111
247	224
247	344
247	368
247	413
247	432
247	471
247	476
247	482
247	486
248	212
248	315
248	325
248	384
248	451
248	466
248	468
248	475
248	480
248	961
249	245
249	294
249	352
249	391
249	407
249	481
249	483
249	485
249	487
249	625
250	82
250	240
250	386
250	396
250	409
250	430
250	447
250	466
250	473
250	474
250	515
251	203
251	216
251	255
251	282
251	322
251	326
251	347
251	382
251	391
251	449
251	472
252	285
252	296
252	319
252	336
252	346
252	357
252	370
252	377
252	381
252	459
252	881
253	102
253	292
253	300
253	362
253	376
253	417
253	420
253	440
253	454
253	485
253	488
254	286
254	337
254	379
254	419
254	463
254	471
254	485
254	487
254	489
254	491
254	978
255	213
255	251
255	276
255	322
255	330
255	342
255	347
255	382
255	401
255	441
255	808
256	350
256	353
256	409
256	415
256	422
256	430
256	447
256	461
256	466
256	474
256	587
257	295
257	302
257	326
257	396
257	410
257	411
257	436
257	461
257	466
257	474
257	994
258	239
258	280
258	316
258	359
258	370
258	372
258	395
258	404
258	459
258	483
258	837
259	68
259	291
259	385
259	392
259	434
259	467
259	470
259	473
259	478
259	489
259	490
260	246
260	289
260	329
260	403
260	426
260	440
260	475
260	477
260	480
260	481
260	509
261	293
261	334
261	372
261	378
261	386
261	396
261	455
261	466
261	474
261	535
261	982
262	263
262	387
262	413
262	452
262	458
262	465
262	479
262	482
262	486
262	488
262	514
263	262
263	325
263	413
263	417
263	427
263	465
263	471
263	479
263	482
263	486
263	917
264	182
264	297
264	332
264	368
264	371
264	427
264	429
264	456
264	471
264	479
264	486
265	299
265	340
265	352
265	447
265	450
265	454
265	464
265	473
265	489
265	490
265	964
266	94
266	194
266	229
266	287
266	410
266	445
266	462
266	470
266	481
266	483
266	491
267	372
267	419
267	424
267	437
267	458
267	462
267	483
267	484
267	485
267	491
267	803
268	336
268	393
268	404
268	417
268	446
268	454
268	462
268	469
268	472
268	488
268	555
269	356
269	368
269	388
269	433
269	442
269	452
269	471
269	482
269	485
269	486
269	540
270	279
270	369
270	403
270	435
270	439
270	448
270	457
270	461
270	477
270	480
270	868
271	226
271	407
271	419
271	423
271	437
271	443
271	481
271	483
271	485
271	491
271	690
272	318
272	325
272	328
272	341
272	432
272	457
272	475
272	477
272	480
272	484
272	814
273	226
273	245
273	295
273	298
273	318
273	358
273	365
273	380
273	398
273	453
273	842
274	66
274	279
274	335
274	340
274	379
274	391
274	399
274	443
274	449
274	487
274	491
275	303
275	386
275	415
275	422
275	438
275	455
275	461
275	473
275	474
275	802
275	986
276	200
276	255
276	282
276	307
276	311
276	320
276	322
276	347
276	369
276	391
276	435
277	139
277	211
277	379
277	412
277	460
277	465
277	471
277	476
277	479
277	482
277	487
278	214
278	285
278	376
278	402
278	447
278	464
278	473
278	478
278	489
278	490
278	765
279	133
279	246
279	270
279	274
279	414
279	481
279	483
279	484
279	485
279	487
279	491
280	258
280	346
280	363
280	364
280	370
280	372
280	381
280	395
280	420
280	462
280	984
281	12
281	230
281	233
281	319
281	346
281	359
281	377
281	395
281	455
281	459
281	490
282	203
282	237
282	251
282	276
282	284
282	307
282	316
282	320
282	382
282	424
282	485
282	1000
283	315
283	336
283	357
283	359
283	363
283	364
283	370
283	386
283	395
283	459
283	465
283	608
284	282
284	307
284	326
284	330
284	347
284	369
284	382
284	401
284	432
284	443
284	478
284	805
285	243
285	252
285	278
285	340
285	373
285	387
285	433
285	446
285	464
285	489
285	490
285	968
286	254
286	300
286	369
286	407
286	414
286	445
286	479
286	484
286	485
286	487
286	491
286	510
287	214
287	266
287	300
287	356
287	419
287	456
287	462
287	481
287	483
287	485
287	487
287	931
288	341
288	392
288	458
288	464
288	465
288	467
288	470
288	473
288	478
288	489
288	490
288	641
289	51
289	260
289	324
289	328
289	329
289	390
289	400
289	426
289	432
289	439
289	458
289	468
290	83
290	210
290	325
290	384
290	455
290	457
290	468
290	474
290	475
290	477
290	480
290	778
291	215
291	259
291	296
291	305
291	333
291	358
291	380
291	397
291	398
291	400
291	453
291	707
292	253
292	293
292	334
292	344
292	400
292	402
292	416
292	420
292	451
292	462
292	472
292	845
293	261
293	292
293	416
293	424
293	431
293	440
293	451
293	453
293	454
293	472
293	488
293	980
294	249
294	341
294	405
294	457
294	458
294	481
294	483
294	484
294	486
294	487
294	491
294	744
295	257
295	273
295	304
295	334
295	399
295	410
295	422
295	438
295	461
295	466
295	474
295	994
296	27
296	238
296	252
296	291
296	321
296	327
296	331
296	397
296	398
296	434
296	453
296	471
297	210
297	264
297	405
297	412
297	419
297	429
297	442
297	452
297	476
297	479
297	486
297	989
298	273
298	308
298	318
298	358
298	365
298	380
298	400
298	429
298	434
298	453
298	463
298	691
299	108
299	218
299	230
299	243
299	265
299	357
299	363
299	368
299	372
299	381
299	459
299	649
300	174
300	253
300	286
300	287
300	405
300	458
300	462
300	483
300	484
300	486
300	487
300	491
301	228
301	329
301	362
301	387
301	388
301	428
301	429
301	465
301	476
301	479
301	486
301	852
302	3
302	257
302	352
302	360
302	361
302	365
302	394
302	433
302	444
302	470
302	473
302	489
303	275
303	323
303	337
303	351
303	407
303	437
303	458
303	462
303	483
303	487
303	491
303	907
304	295
304	306
304	355
304	361
304	408
304	409
304	467
304	470
304	473
304	478
304	489
304	921
305	220
305	291
305	321
305	331
305	365
305	397
305	434
305	448
305	453
305	454
305	475
305	498
306	206
306	244
306	304
306	403
306	446
306	447
306	467
306	473
306	478
306	489
306	490
306	565
307	276
307	282
307	284
307	311
307	316
307	322
307	326
307	357
307	382
307	467
307	753
307	833
308	298
308	327
308	331
308	339
308	380
308	398
308	434
308	452
308	453
308	463
308	486
308	993
309	242
309	376
309	406
309	417
309	420
309	424
309	425
309	439
309	469
309	480
309	488
309	852
310	319
310	338
310	343
310	407
310	442
310	445
310	458
310	462
310	481
310	485
310	487
310	694
311	200
311	221
311	276
311	307
311	320
311	322
311	327
311	347
311	369
311	382
311	401
311	491
311	865
312	402
312	408
312	416
312	424
312	431
312	441
312	451
312	456
312	459
312	469
312	471
312	488
312	979
313	228
313	229
313	230
313	389
313	399
313	415
313	436
313	455
313	461
313	466
313	474
313	682
313	781
314	214
314	218
314	328
314	373
314	392
314	433
314	446
314	450
314	467
314	470
314	490
314	679
314	765
315	219
315	223
315	248
315	283
315	390
315	403
315	420
315	432
315	435
315	439
315	468
315	480
315	712
316	216
316	258
316	282
316	307
316	320
316	326
316	347
316	358
316	369
316	382
316	401
316	436
316	993
317	204
317	345
317	393
317	417
317	431
317	438
317	440
317	441
317	456
317	462
317	469
317	472
317	615
318	227
318	272
318	273
318	298
318	321
318	339
318	358
318	362
318	365
318	380
318	435
318	453
318	636
319	233
319	252
319	281
319	310
319	346
319	359
319	363
319	370
319	381
319	395
319	417
319	459
319	674
320	216
320	234
320	276
320	282
320	311
320	316
320	330
320	342
320	381
320	401
320	407
320	425
320	655
321	142
321	226
321	238
321	296
321	305
321	318
321	358
321	398
321	400
321	419
321	434
321	453
321	483
322	66
322	251
322	255
322	276
322	307
322	311
322	326
322	330
322	347
322	369
322	401
322	438
322	482
323	303
323	340
323	350
323	366
323	373
323	392
323	404
323	408
323	450
323	486
323	489
323	490
323	829
323	926
324	151
324	289
324	329
324	354
324	421
324	426
324	428
324	448
324	457
324	467
324	468
324	472
324	475
324	480
325	248
325	263
325	272
325	290
325	349
325	426
325	427
325	428
325	468
325	475
325	477
325	480
325	489
325	812
326	72
326	130
326	216
326	234
326	251
326	257
326	284
326	307
326	316
326	322
326	382
326	401
326	405
326	484
327	227
327	234
327	296
327	308
327	311
327	339
327	380
327	397
327	398
327	400
327	414
327	434
327	453
327	793
328	207
328	272
328	289
328	314
328	349
328	360
328	390
328	428
328	439
328	448
328	475
328	477
328	480
328	673
329	175
329	246
329	260
329	289
329	301
329	324
329	403
329	448
329	468
329	475
329	477
329	479
329	480
329	500
330	5
330	221
330	234
330	255
330	284
330	320
330	322
330	342
330	369
330	401
330	474
330	480
330	489
330	941
331	225
331	238
331	296
331	305
331	308
331	365
331	380
331	397
331	398
331	434
331	447
331	453
331	701
331	847
332	179
332	231
332	264
332	348
332	352
332	362
332	396
332	420
332	424
332	440
332	469
332	472
332	488
332	623
333	141
333	291
333	336
333	351
333	398
333	414
333	437
333	458
333	462
333	463
333	481
333	484
333	487
333	491
334	126
334	261
334	292
334	295
334	378
334	386
334	411
334	436
334	438
334	443
334	461
334	466
334	474
334	483
335	274
335	368
335	374
335	403
335	421
335	423
335	442
335	460
335	471
335	476
335	480
335	482
335	486
335	841
336	230
336	239
336	252
336	268
336	283
336	333
336	363
336	372
336	377
336	381
336	395
336	424
336	459
336	635
337	216
337	220
337	254
337	303
337	405
337	414
337	443
337	458
337	463
337	482
337	483
337	485
337	491
337	971
338	43
338	310
338	351
338	407
338	414
338	437
338	450
338	462
338	463
338	469
338	478
338	481
338	485
338	487
339	220
339	227
339	308
339	318
339	327
339	358
339	365
339	397
339	398
339	400
339	434
339	468
339	488
339	985
340	265
340	274
340	285
340	323
340	359
340	444
340	447
340	464
340	467
340	470
340	478
340	489
340	490
340	696
341	206
341	272
341	288
341	294
341	379
341	419
341	452
341	463
341	483
341	484
341	485
341	487
341	491
341	900
342	216
342	221
342	237
342	255
342	320
342	330
342	343
342	347
342	369
342	382
342	401
342	430
342	473
342	646
343	145
343	191
343	310
343	342
343	384
343	444
343	447
343	450
343	464
343	467
343	473
343	478
343	489
343	490
344	223
344	247
344	292
344	361
344	362
344	393
344	404
344	420
344	431
344	451
344	456
344	488
344	490
344	492
345	244
345	317
345	366
345	384
345	426
345	432
345	435
345	448
345	461
345	468
345	477
345	480
345	568
345	695
346	119
346	217
346	239
346	252
346	280
346	281
346	319
346	349
346	364
346	377
346	381
346	395
346	421
346	457
346	459
347	148
347	237
347	251
347	255
347	276
347	284
347	311
347	316
347	322
347	342
347	374
347	382
347	401
347	430
347	482
348	185
348	232
348	332
348	355
348	362
348	402
348	420
348	427
348	440
348	451
348	454
348	456
348	472
348	488
348	893
349	63
349	210
349	325
349	328
349	346
349	384
349	392
349	428
349	439
349	448
349	457
349	475
349	477
349	480
349	697
350	222
350	256
350	323
350	394
350	408
350	446
350	447
350	463
350	467
350	470
350	473
350	478
350	490
350	491
350	973
351	71
351	168
351	303
351	333
351	338
351	354
351	370
351	375
351	377
351	437
351	445
351	463
351	484
351	487
351	491
352	99
352	249
352	265
352	302
352	332
352	444
352	447
352	464
352	467
352	470
352	473
352	476
352	478
352	489
352	490
353	32
353	228
353	256
353	373
353	412
353	418
353	429
353	442
353	452
353	465
353	476
353	482
353	486
353	487
353	928
354	70
354	324
354	351
354	398
354	403
354	420
354	428
354	432
354	439
354	457
354	468
354	475
354	477
354	480
354	945
355	304
355	348
355	367
355	408
355	409
355	433
355	444
355	445
355	446
355	450
355	478
355	489
355	490
355	780
355	814
356	269
356	287
356	372
356	421
356	423
356	427
356	442
356	452
356	454
356	460
356	465
356	479
356	482
356	486
356	650
356	835
357	233
357	243
357	252
357	283
357	299
357	307
357	363
357	370
357	372
357	377
357	381
357	397
357	459
357	488
357	508
357	785
358	226
358	273
358	291
358	298
358	316
358	318
358	321
358	339
358	359
358	397
358	398
358	400
358	434
358	449
358	453
358	563
359	230
359	239
359	243
359	258
359	281
359	283
359	319
359	340
359	358
359	363
359	364
359	381
359	403
359	459
359	548
359	570
360	302
360	328
360	361
360	385
360	390
360	433
360	446
360	447
360	464
360	470
360	473
360	476
360	478
360	489
360	490
360	809
361	302
361	304
361	344
361	360
361	385
361	392
361	420
361	433
361	447
361	450
361	452
361	467
361	470
361	489
361	490
361	539
362	253
362	301
362	318
362	332
362	344
362	348
362	420
362	441
362	451
362	454
362	456
362	466
362	469
362	472
362	488
362	688
363	211
363	243
363	280
363	283
363	299
363	319
363	336
363	357
363	359
363	372
363	395
363	453
363	459
363	479
363	686
363	740
364	233
364	243
364	280
364	283
364	346
364	359
364	370
364	372
364	375
364	377
364	395
364	416
364	417
364	441
364	459
364	603
365	220
365	226
365	233
365	238
365	273
365	298
365	302
365	305
365	318
365	331
365	339
365	434
365	447
365	453
365	670
365	966
366	217
366	232
366	323
366	345
366	373
366	394
366	404
366	444
366	447
366	450
366	464
366	467
366	470
366	473
366	478
366	490
366	621
367	181
367	235
367	355
367	385
367	415
367	444
367	446
367	447
367	450
367	464
367	467
367	474
367	478
367	480
367	489
367	490
367	675
368	38
368	247
368	264
368	269
368	299
368	335
368	387
368	423
368	429
368	442
368	460
368	465
368	466
368	474
368	476
368	482
368	517
369	53
369	216
369	234
369	237
369	270
369	276
369	284
369	286
369	311
369	316
369	322
369	330
369	342
369	382
369	401
369	482
369	688
370	132
370	217
370	252
370	258
370	280
370	283
370	319
370	351
370	357
370	364
370	372
370	381
370	395
370	441
370	459
370	482
370	578
371	206
371	264
371	387
371	413
371	418
371	421
371	442
371	454
371	460
371	463
371	471
371	476
371	482
371	483
371	486
371	611
371	880
372	243
372	258
372	261
372	267
372	280
372	299
372	336
372	356
372	357
372	363
372	364
372	370
372	377
372	395
372	450
372	459
372	683
373	232
373	285
373	314
373	323
373	353
373	366
373	394
373	433
373	446
373	462
373	464
373	470
373	473
373	477
373	478
373	489
373	910
374	217
374	218
374	222
374	335
374	347
374	418
374	423
374	429
374	460
374	466
374	471
374	476
374	479
374	482
374	486
374	687
374	840
375	206
375	351
375	364
375	394
375	445
375	449
375	462
375	463
375	468
375	481
375	483
375	484
375	485
375	487
375	491
375	838
375	927
376	28
376	241
376	253
376	278
376	309
376	406
376	417
376	424
376	451
376	454
376	456
376	469
376	472
376	485
376	488
376	491
376	675
377	160
377	217
377	230
377	252
377	281
377	336
377	346
377	351
377	357
377	364
377	372
377	395
377	412
377	425
377	438
377	459
377	730
378	157
378	261
378	334
378	383
378	395
378	396
378	409
378	411
378	415
378	436
378	446
378	455
378	461
378	466
378	474
378	477
378	611
379	107
379	195
379	254
379	274
379	277
379	341
379	405
379	430
379	443
379	449
379	458
379	462
379	463
379	481
379	484
379	488
379	491
380	176
380	227
380	273
380	291
380	298
380	308
380	318
380	327
380	331
380	397
380	399
380	400
380	434
380	445
380	453
380	468
380	469
381	209
381	217
381	233
381	239
381	252
381	280
381	299
381	319
381	320
381	336
381	346
381	357
381	359
381	370
381	459
381	466
381	615
381	751
382	221
382	237
382	251
382	255
382	282
382	284
382	307
382	311
382	316
382	326
382	342
382	347
382	369
382	426
382	434
382	450
382	586
382	644
383	378
383	386
383	389
383	399
383	409
383	415
383	422
383	424
383	430
383	434
383	436
383	455
383	458
383	461
383	466
383	474
383	486
383	671
384	248
384	290
384	343
384	345
384	349
384	403
384	426
384	428
384	439
384	448
384	457
384	470
384	475
384	477
384	479
384	480
384	680
384	828
385	259
385	360
385	361
385	367
385	389
385	392
385	412
385	433
385	444
385	445
385	447
385	464
385	473
385	478
385	489
385	490
385	634
385	988
386	161
386	240
386	250
386	261
386	275
386	283
386	334
386	383
386	399
386	411
386	415
386	429
386	430
386	455
386	474
386	481
386	491
386	850
387	209
387	237
387	262
387	285
387	301
387	368
387	371
387	418
387	421
387	427
387	429
387	431
387	442
387	464
387	476
387	479
387	482
387	664
387	896
388	203
388	222
388	225
388	269
388	301
388	390
388	412
388	419
388	423
388	429
388	442
388	448
388	460
388	476
388	479
388	482
388	486
388	490
388	819
389	313
389	383
389	385
389	410
389	411
389	415
389	422
389	430
389	433
389	436
389	438
389	455
389	461
389	464
389	466
389	474
389	486
389	727
389	953
390	289
390	315
390	328
390	360
390	388
390	426
390	428
390	431
390	432
390	435
390	439
390	448
390	453
390	457
390	468
390	475
390	477
390	480
390	826
391	161
391	205
391	249
391	251
391	274
391	276
391	407
391	414
391	442
391	451
391	458
391	462
391	463
391	481
391	483
391	484
391	485
391	491
391	506
392	233
392	259
392	288
392	314
392	323
392	349
392	361
392	385
392	433
392	439
392	444
392	467
392	473
392	477
392	478
392	489
392	490
392	836
392	1000
393	213
393	241
393	268
393	317
393	344
393	401
393	404
393	420
393	424
393	431
393	441
393	448
393	456
393	461
393	469
393	472
393	488
393	742
393	801
394	181
394	302
394	350
394	366
394	373
394	375
394	400
394	427
394	444
394	446
394	464
394	467
394	470
394	473
394	478
394	483
394	489
394	490
394	985
395	230
395	258
395	280
395	281
395	283
395	319
395	336
395	346
395	363
395	364
395	370
395	372
395	377
395	378
395	425
395	459
395	467
395	483
395	516
395	959
396	250
396	257
396	261
396	332
396	378
396	399
396	409
396	410
396	422
396	436
396	438
396	442
396	455
396	461
396	466
396	474
396	481
396	485
396	521
396	675
397	160
397	226
397	227
397	291
397	296
397	305
397	327
397	331
397	339
397	357
397	358
397	380
397	398
397	400
397	410
397	434
397	449
397	453
397	479
397	961
398	199
398	220
398	240
398	273
398	291
398	296
398	308
398	321
398	327
398	331
398	333
398	339
398	354
398	358
398	397
398	400
398	434
398	453
398	476
398	998
399	225
399	274
399	295
399	313
399	380
399	383
399	386
399	396
399	410
399	411
399	415
399	430
399	436
399	438
399	450
399	461
399	466
399	474
399	720
399	781
400	91
400	220
400	226
400	238
400	289
400	291
400	292
400	298
400	321
400	327
400	339
400	358
400	380
400	394
400	397
400	398
400	408
400	434
400	453
400	677
401	147
401	205
401	221
401	234
401	237
401	255
401	284
401	311
401	316
401	320
401	322
401	326
401	330
401	342
401	347
401	369
401	393
401	478
401	485
401	662
402	171
402	213
402	215
402	278
402	292
402	312
402	348
402	404
402	406
402	416
402	425
402	454
402	456
402	468
402	469
402	472
402	481
402	486
402	488
402	810
403	246
403	260
403	270
403	306
403	315
403	329
403	335
403	354
403	359
403	384
403	428
403	435
403	439
403	448
403	462
403	475
403	477
403	480
403	842
403	849
404	139
404	178
404	213
404	231
404	258
404	268
404	323
404	344
404	366
404	393
404	402
404	431
404	440
404	451
404	454
404	456
404	469
404	472
404	478
404	484
404	488
405	204
405	208
405	294
405	297
405	300
405	326
405	337
405	379
405	437
405	443
405	449
405	458
405	475
405	483
405	484
405	485
405	487
405	489
405	491
405	695
405	932
406	191
406	204
406	245
406	309
406	376
406	402
406	416
406	420
406	424
406	431
406	440
406	441
406	442
406	446
406	454
406	456
406	469
406	472
406	481
406	488
406	647
407	183
407	206
407	231
407	245
407	249
407	271
407	286
407	303
407	310
407	320
407	338
407	391
407	423
407	443
407	449
407	461
407	481
407	483
407	484
407	491
407	829
408	176
408	304
408	312
408	323
408	350
408	355
408	400
408	433
408	444
408	446
408	450
408	464
408	467
408	469
408	470
408	473
408	478
408	488
408	489
408	490
408	997
409	207
409	244
409	250
409	256
409	304
409	355
409	378
409	383
409	396
409	411
409	422
409	436
409	438
409	455
409	461
409	466
409	474
409	480
409	482
409	799
409	853
410	162
410	193
410	207
410	240
410	257
410	266
410	295
410	389
410	396
410	397
410	399
410	411
410	422
410	430
410	438
410	455
410	461
410	466
410	474
410	490
410	491
411	64
411	257
411	334
411	378
411	386
411	389
411	399
411	409
411	410
411	428
411	430
411	433
411	436
411	438
411	447
411	449
411	455
411	461
411	466
411	474
411	667
412	277
412	297
412	353
412	377
412	385
412	388
412	413
412	423
412	429
412	442
412	460
412	465
412	471
412	476
412	479
412	482
412	485
412	486
412	487
412	586
412	692
413	221
413	247
413	262
413	263
413	371
413	412
413	418
413	421
413	423
413	439
413	452
413	465
413	471
413	472
413	476
413	479
413	486
413	488
413	812
413	954
413	979
414	279
414	286
414	327
414	333
414	337
414	338
414	391
414	425
414	430
414	437
414	443
414	449
414	456
414	462
414	467
414	481
414	483
414	484
414	487
414	491
414	653
414	679
415	256
415	275
415	313
415	367
415	378
415	383
415	386
415	389
415	399
415	422
415	430
415	436
415	455
415	461
415	466
415	474
415	480
415	484
415	488
415	489
415	691
415	825
416	32
416	215
416	241
416	292
416	293
416	312
416	364
416	402
416	406
416	418
416	425
416	431
416	440
416	441
416	451
416	454
416	468
416	469
416	478
416	488
416	864
416	1000
417	135
417	212
417	213
417	253
417	263
417	268
417	309
417	317
417	319
417	364
417	376
417	424
417	425
417	440
417	441
417	451
417	454
417	463
417	472
417	482
417	488
417	762
418	209
418	219
418	224
418	225
418	228
418	353
418	371
418	374
418	387
418	413
418	416
418	427
418	440
418	452
418	470
418	471
418	476
418	479
418	482
418	486
418	576
418	660
419	167
419	254
419	267
419	271
419	287
419	297
419	321
419	341
419	388
419	443
419	444
419	445
419	449
419	458
419	463
419	481
419	483
419	484
419	485
419	487
419	491
419	957
420	9
420	253
420	280
420	292
420	309
420	315
420	332
420	344
420	348
420	354
420	361
420	362
420	393
420	406
420	425
420	431
420	456
420	458
420	469
420	472
420	488
420	997
421	224
421	324
421	335
421	346
421	356
421	371
421	387
421	413
421	427
421	429
421	452
421	457
421	460
421	465
421	467
421	471
421	476
421	479
421	482
421	486
421	487
421	668
421	994
422	207
422	256
422	275
422	295
422	383
422	389
422	396
422	409
422	410
422	415
422	423
422	432
422	436
422	438
422	455
422	457
422	461
422	466
422	473
422	474
422	475
422	518
422	866
423	36
423	74
423	218
423	222
423	271
423	335
423	356
423	368
423	374
423	388
423	407
423	412
423	413
423	422
423	427
423	452
423	459
423	460
423	465
423	476
423	479
423	482
423	483
423	486
424	31
424	215
424	231
424	267
424	282
424	293
424	309
424	312
424	332
424	336
424	376
424	383
424	393
424	406
424	417
424	425
424	440
424	451
424	454
424	456
424	472
424	477
424	488
424	832
425	200
425	201
425	213
425	215
425	223
425	309
425	320
425	377
425	395
425	402
425	414
425	416
425	417
425	420
425	424
425	431
425	441
425	451
425	454
425	456
425	469
425	472
425	481
425	488
426	37
426	156
426	182
426	236
426	260
426	289
426	324
426	325
426	345
426	382
426	384
426	390
426	427
426	428
426	432
426	435
426	439
426	457
426	459
426	468
426	475
426	477
426	480
426	488
427	114
427	147
427	263
427	264
427	325
427	348
427	356
427	387
427	394
427	418
427	421
427	423
427	426
427	429
427	442
427	452
427	460
427	465
427	470
427	471
427	476
427	479
427	482
427	486
428	212
428	301
428	324
428	325
428	328
428	349
428	354
428	384
428	390
428	403
428	411
428	426
428	432
428	435
428	444
428	448
428	459
428	468
428	475
428	477
428	480
428	490
428	914
428	987
429	264
429	297
429	298
429	301
429	353
429	368
429	374
429	386
429	387
429	388
429	412
429	421
429	427
429	439
429	440
429	442
429	452
429	460
429	476
429	486
429	491
429	579
429	595
429	679
430	182
430	240
430	250
430	256
430	342
430	347
430	379
430	383
430	386
430	389
430	399
430	410
430	411
430	414
430	415
430	436
430	438
430	455
430	461
430	466
430	472
430	474
430	567
430	821
431	134
431	179
431	231
431	243
431	293
431	312
431	317
431	344
431	387
431	390
431	393
431	404
431	406
431	416
431	420
431	425
431	440
431	441
431	451
431	469
431	472
431	479
431	488
431	986
432	219
432	235
432	247
432	272
432	284
432	289
432	315
432	345
432	354
432	390
432	422
432	426
432	428
432	439
432	448
432	452
432	457
432	465
432	468
432	475
432	477
432	480
432	789
432	818
432	934
433	100
433	269
433	285
433	302
433	314
433	355
433	360
433	361
433	373
433	385
433	389
433	392
433	408
433	411
433	443
433	444
433	446
433	450
433	464
433	473
433	478
433	480
433	489
433	490
433	969
434	69
434	220
434	227
434	237
434	238
434	259
434	296
434	298
434	305
434	308
434	321
434	327
434	331
434	339
434	358
434	365
434	380
434	382
434	383
434	397
434	398
434	400
434	453
434	475
434	626
435	209
435	210
435	219
435	235
435	242
435	270
435	276
435	315
435	318
435	345
435	390
435	403
435	426
435	428
435	439
435	448
435	457
435	468
435	475
435	477
435	480
435	487
435	655
435	794
435	987
436	230
436	257
436	313
436	316
436	334
436	378
436	383
436	389
436	396
436	399
436	409
436	411
436	415
436	422
436	430
436	438
436	455
436	461
436	463
436	466
436	467
436	474
436	477
436	763
436	850
436	909
437	205
437	267
437	271
437	303
437	333
437	338
437	351
437	405
437	414
437	443
437	445
437	449
437	454
437	460
437	462
437	463
437	475
437	478
437	481
437	483
437	484
437	485
437	486
437	491
437	631
437	839
438	195
438	207
438	219
438	240
438	275
438	295
438	317
438	322
438	334
438	377
438	389
438	396
438	399
438	409
438	410
438	411
438	422
438	430
438	436
438	451
438	455
438	461
438	466
438	474
438	599
438	677
439	155
439	219
439	235
439	270
439	289
439	309
439	315
439	328
439	349
439	354
439	384
439	390
439	392
439	403
439	413
439	426
439	429
439	432
439	435
439	448
439	457
439	468
439	475
439	477
439	480
439	636
440	172
440	214
440	223
440	241
440	253
440	260
440	293
440	317
440	332
440	348
440	404
440	406
440	416
440	417
440	418
440	424
440	429
440	431
440	441
440	456
440	464
440	469
440	472
440	488
440	783
440	802
441	204
441	215
441	241
441	255
441	312
441	317
441	362
441	364
441	370
441	393
441	406
441	416
441	417
441	425
441	431
441	440
441	444
441	451
441	454
441	456
441	469
441	472
441	475
441	488
441	695
441	939
442	13
442	269
442	297
442	310
442	335
442	353
442	356
442	368
442	371
442	387
442	388
442	391
442	396
442	406
442	412
442	427
442	429
442	452
442	457
442	460
442	471
442	476
442	479
442	482
442	484
442	486
442	968
443	65
443	136
443	224
443	271
443	274
443	284
443	334
443	337
443	379
443	405
443	407
443	414
443	419
443	433
443	437
443	445
443	449
443	453
443	462
443	463
443	481
443	483
443	484
443	485
443	487
443	491
443	970
444	232
444	302
444	340
444	343
444	352
444	355
444	366
444	367
444	385
444	392
444	394
444	408
444	419
444	428
444	433
444	441
444	450
444	467
444	470
444	473
444	478
444	479
444	487
444	489
444	490
444	642
444	888
444	996
445	131
445	205
445	206
445	245
445	266
445	286
445	310
445	351
445	355
445	375
445	380
445	385
445	419
445	437
445	443
445	449
445	460
445	462
445	463
445	465
445	476
445	481
445	483
445	484
445	485
445	487
445	643
445	936
446	268
446	285
446	306
446	314
446	350
446	355
446	360
446	367
446	373
446	378
446	394
446	406
446	408
446	433
446	447
446	450
446	452
446	454
446	467
446	470
446	473
446	478
446	481
446	489
446	490
446	584
446	666
446	982
447	226
447	250
447	256
447	265
447	278
447	306
447	331
447	340
447	343
447	350
447	352
447	360
447	361
447	365
447	366
447	367
447	385
447	411
447	446
447	464
447	467
447	470
447	473
447	478
447	489
447	490
447	664
447	674
448	48
448	212
448	236
448	244
448	270
448	305
448	324
448	328
448	329
448	345
448	349
448	384
448	388
448	390
448	393
448	403
448	428
448	432
448	435
448	439
448	452
448	456
448	457
448	468
448	477
448	480
448	597
448	981
449	184
449	229
449	251
449	274
449	358
449	375
449	379
449	397
449	405
449	407
449	411
449	414
449	419
449	437
449	443
449	445
449	458
449	463
449	475
449	481
449	483
449	484
449	485
449	487
449	490
449	491
449	857
449	988
450	265
450	314
450	323
450	338
450	343
450	355
450	361
450	366
450	367
450	372
450	382
450	399
450	408
450	433
450	444
450	446
450	464
450	465
450	467
450	470
450	471
450	473
450	478
450	489
450	490
450	681
450	724
450	999
451	93
451	170
451	204
451	205
451	222
451	248
451	292
451	293
451	312
451	344
451	348
451	362
451	376
451	391
451	404
451	416
451	417
451	424
451	425
451	431
451	438
451	441
451	454
451	456
451	469
451	472
451	487
451	488
451	542
452	209
452	262
452	269
452	297
452	308
452	341
452	353
452	356
452	361
452	413
452	418
452	421
452	423
452	427
452	429
452	432
452	442
452	446
452	448
452	460
452	465
452	471
452	476
452	479
452	482
452	486
452	573
452	581
452	825
453	165
453	169
453	220
453	226
453	227
453	238
453	273
453	291
453	293
453	296
453	298
453	305
453	308
453	318
453	321
453	327
453	331
453	358
453	363
453	365
453	380
453	390
453	397
453	398
453	400
453	434
453	443
453	462
453	682
454	19
454	204
454	223
454	253
454	265
454	268
454	293
454	305
454	348
454	356
454	362
454	371
454	376
454	402
454	404
454	406
454	416
454	417
454	424
454	425
454	437
454	441
454	446
454	451
454	456
454	469
454	488
454	699
454	952
455	162
455	207
455	223
455	234
455	261
455	275
455	281
455	290
455	313
455	378
455	383
455	386
455	389
455	396
455	409
455	410
455	411
455	415
455	422
455	430
455	436
455	438
455	461
455	466
455	469
455	474
455	480
455	687
455	697
456	231
456	264
456	287
456	312
456	317
456	344
456	348
456	362
456	376
456	393
456	402
456	404
456	406
456	414
456	420
456	424
456	425
456	440
456	441
456	448
456	451
456	454
456	469
456	471
456	472
456	481
456	488
456	553
456	893
456	990
457	194
457	210
457	235
457	236
457	246
457	270
457	272
457	290
457	294
457	324
457	346
457	349
457	354
457	384
457	390
457	421
457	422
457	426
457	432
457	435
457	439
457	442
457	448
457	465
457	468
457	475
457	477
457	480
457	965
457	992
458	179
458	208
458	227
458	229
458	262
458	267
458	288
458	289
458	294
458	300
458	303
458	310
458	333
458	337
458	379
458	383
458	391
458	405
458	419
458	420
458	449
458	462
458	463
458	483
458	484
458	485
458	487
458	491
458	532
458	943
458	971
459	201
459	217
459	228
459	230
459	233
459	239
459	243
459	252
459	258
459	281
459	283
459	299
459	312
459	319
459	336
459	346
459	357
459	359
459	363
459	364
459	370
459	372
459	377
459	381
459	395
459	423
459	426
459	428
459	470
459	566
459	779
460	54
460	189
460	194
460	209
460	228
460	277
460	335
460	356
460	368
460	371
460	374
460	388
460	412
460	421
460	423
460	427
460	429
460	437
460	442
460	445
460	452
460	464
460	465
460	471
460	473
460	476
460	479
460	481
460	482
460	486
460	491
460	850
461	80
461	240
461	256
461	257
461	270
461	275
461	295
461	313
461	334
461	345
461	378
461	383
461	389
461	393
461	396
461	399
461	407
461	409
461	410
461	411
461	415
461	422
461	430
461	436
461	438
461	455
461	466
461	472
461	474
461	483
461	820
461	1000
462	143
462	149
462	266
462	267
462	268
462	280
462	287
462	292
462	300
462	303
462	310
462	317
462	333
462	338
462	373
462	375
462	379
462	391
462	403
462	414
462	437
462	443
462	445
462	453
462	458
462	463
462	481
462	483
462	485
462	487
462	491
462	689
462	951
463	131
463	208
463	242
463	254
463	298
463	308
463	333
463	337
463	338
463	341
463	350
463	351
463	371
463	375
463	379
463	391
463	417
463	419
463	436
463	437
463	443
463	445
463	449
463	458
463	462
463	478
463	481
463	483
463	484
463	485
463	487
463	491
463	549
463	691
464	172
464	232
464	238
464	265
464	278
464	285
464	288
464	340
464	343
464	352
464	360
464	366
464	367
464	373
464	385
464	387
464	389
464	394
464	408
464	433
464	440
464	447
464	450
464	460
464	467
464	469
464	470
464	473
464	484
464	489
464	490
464	661
464	843
464	979
465	175
465	211
465	218
465	224
465	228
465	262
465	263
465	277
465	283
465	288
465	301
465	353
465	356
465	368
465	412
465	413
465	421
465	423
465	427
465	432
465	445
465	450
465	452
465	457
465	460
465	468
465	471
465	476
465	479
465	482
465	486
465	862
465	899
465	934
466	183
466	207
466	216
466	248
466	250
466	256
466	257
466	261
466	295
466	313
466	334
466	362
466	368
466	374
466	378
466	381
466	383
466	389
466	396
466	399
466	409
466	410
466	411
466	415
466	422
466	430
466	436
466	438
466	455
466	461
466	474
466	477
466	578
466	678
467	92
467	157
467	259
467	288
467	304
467	306
467	307
467	314
467	324
467	340
467	343
467	350
467	352
467	361
467	366
467	367
467	392
467	394
467	395
467	408
467	414
467	421
467	436
467	444
467	446
467	447
467	450
467	464
467	470
467	478
467	483
467	489
467	490
467	826
467	999
468	96
468	212
468	236
468	244
468	246
468	248
468	289
468	290
468	315
468	324
468	325
468	329
468	339
468	345
468	354
468	375
468	380
468	390
468	402
468	416
468	426
468	428
468	432
468	435
468	439
468	448
468	457
468	465
468	475
468	477
468	480
468	489
468	648
468	836
468	999
469	213
469	231
469	232
469	241
469	268
469	309
469	312
469	317
469	332
469	338
469	362
469	376
469	380
469	393
469	402
469	404
469	406
469	408
469	416
469	420
469	425
469	431
469	440
469	441
469	451
469	454
469	455
469	456
469	464
469	472
469	488
469	490
469	749
469	855
469	947
469	992
470	208
470	214
470	259
470	266
470	288
470	302
470	304
470	314
470	340
470	350
470	352
470	360
470	361
470	366
470	373
470	384
470	394
470	408
470	418
470	427
470	444
470	446
470	447
470	450
470	459
470	464
470	467
470	473
470	478
470	488
470	489
470	490
470	639
470	654
470	837
470	997
471	81
471	211
471	224
471	225
471	228
471	247
471	254
471	263
471	264
471	269
471	277
471	296
471	312
471	335
471	371
471	374
471	412
471	413
471	418
471	421
471	427
471	442
471	450
471	452
471	456
471	460
471	465
471	472
471	476
471	479
471	482
471	486
471	489
471	562
471	676
471	968
472	18
472	204
472	215
472	223
472	251
472	268
472	292
472	293
472	317
472	324
472	332
472	348
472	362
472	376
472	393
472	402
472	404
472	406
472	413
472	417
472	420
472	424
472	425
472	430
472	431
472	440
472	441
472	451
472	456
472	461
472	469
472	471
472	487
472	488
472	685
472	847
472	992
473	60
473	123
473	210
473	214
473	241
473	250
473	259
473	265
473	275
473	278
473	288
473	302
473	304
473	306
473	342
473	343
473	350
473	352
473	360
473	366
473	373
473	385
473	392
473	394
473	408
473	422
473	433
473	444
473	446
473	447
473	450
473	460
473	464
473	470
473	478
473	489
473	490
473	955
474	207
474	208
474	239
474	240
474	250
474	256
474	257
474	261
474	275
474	290
474	295
474	313
474	330
474	334
474	367
474	368
474	378
474	383
474	386
474	389
474	396
474	399
474	409
474	410
474	411
474	415
474	422
474	430
474	436
474	438
474	455
474	461
474	466
474	475
474	489
474	554
474	692
474	758
474	843
475	210
475	212
475	219
475	236
475	244
475	246
475	248
475	260
475	272
475	290
475	305
475	324
475	325
475	328
475	329
475	349
475	354
475	384
475	390
475	403
475	405
475	422
475	426
475	428
475	432
475	434
475	435
475	437
475	439
475	441
475	449
475	457
475	468
475	474
475	477
475	480
475	608
475	722
475	895
475	969
476	45
476	56
476	222
476	224
476	225
476	236
476	238
476	247
476	277
476	297
476	301
476	335
476	352
476	353
476	360
476	368
476	371
476	374
476	387
476	388
476	398
476	412
476	413
476	418
476	421
476	423
476	427
476	429
476	442
476	445
476	452
476	460
476	465
476	471
476	479
476	482
476	484
476	486
476	489
476	669
476	721
477	193
477	210
477	212
477	227
477	235
477	236
477	244
477	246
477	260
477	270
477	272
477	290
477	325
477	328
477	329
477	345
477	349
477	354
477	373
477	378
477	384
477	390
477	392
477	403
477	424
477	426
477	428
477	432
477	435
477	436
477	439
477	448
477	457
477	466
477	468
477	475
477	480
477	485
477	614
477	833
477	843
478	120
478	214
478	220
478	259
478	278
478	284
478	288
478	304
478	306
478	338
478	340
478	343
478	350
478	352
478	355
478	360
478	366
478	367
478	373
478	385
478	392
478	394
478	401
478	404
478	408
478	416
478	433
478	437
478	444
478	446
478	447
478	450
478	463
478	467
478	470
478	473
478	479
478	489
478	490
478	520
478	680
478	850
479	2
479	209
479	211
479	218
479	222
479	224
479	225
479	228
479	262
479	263
479	264
479	277
479	286
479	297
479	301
479	329
479	356
479	363
479	374
479	384
479	387
479	388
479	397
479	412
479	413
479	418
479	421
479	423
479	427
479	431
479	442
479	444
479	452
479	460
479	465
479	471
479	476
479	478
479	482
479	486
479	643
479	779
479	977
480	210
480	212
480	219
480	235
480	244
480	248
480	260
480	270
480	272
480	290
480	309
480	315
480	324
480	325
480	328
480	329
480	330
480	335
480	345
480	349
480	354
480	367
480	384
480	390
480	403
480	409
480	415
480	426
480	428
480	432
480	433
480	435
480	439
480	448
480	455
480	457
480	468
480	475
480	477
480	580
480	637
480	861
480	993
481	59
481	105
481	184
481	193
481	205
481	208
481	229
481	242
481	249
481	260
481	266
481	271
481	279
481	287
481	294
481	310
481	333
481	338
481	375
481	379
481	386
481	391
481	396
481	402
481	406
481	407
481	414
481	419
481	425
481	437
481	443
481	445
481	446
481	449
481	456
481	460
481	462
481	463
481	483
481	484
481	485
481	487
481	491
481	657
482	127
482	170
482	209
482	211
482	215
482	218
482	222
482	225
482	240
482	247
482	262
482	263
482	269
482	277
482	322
482	335
482	337
482	347
482	353
482	356
482	368
482	369
482	370
482	371
482	374
482	387
482	388
482	409
482	412
482	417
482	418
482	421
482	423
482	427
482	442
482	452
482	460
482	465
482	471
482	476
482	479
482	486
482	568
482	715
483	143
483	167
483	229
483	242
483	245
483	249
483	258
483	266
483	267
483	271
483	279
483	287
483	294
483	300
483	303
483	321
483	334
483	337
483	341
483	371
483	375
483	391
483	394
483	395
483	405
483	407
483	414
483	419
483	423
483	437
483	443
483	445
483	449
483	458
483	461
483	462
483	463
483	467
483	481
483	484
483	485
483	491
483	552
483	606
483	946
484	188
484	190
484	205
484	206
484	207
484	208
484	235
484	242
484	245
484	267
484	272
484	279
484	286
484	294
484	300
484	326
484	333
484	341
484	351
484	375
484	379
484	391
484	404
484	405
484	407
484	414
484	415
484	419
484	437
484	442
484	443
484	445
484	449
484	458
484	463
484	464
484	476
484	481
484	483
484	485
484	487
484	491
484	497
484	601
484	800
485	22
485	140
485	186
485	205
485	208
485	211
485	229
485	245
485	249
485	253
485	254
485	267
485	269
485	271
485	279
485	282
485	286
485	287
485	310
485	337
485	338
485	341
485	375
485	376
485	391
485	396
485	401
485	405
485	412
485	419
485	437
485	443
485	445
485	449
485	458
485	462
485	463
485	477
485	481
485	483
485	484
485	487
485	491
485	686
485	980
486	196
486	204
486	209
486	211
486	218
486	225
486	247
486	262
486	263
486	264
486	269
486	294
486	297
486	300
486	301
486	308
486	323
486	335
486	353
486	356
486	371
486	374
486	383
486	388
486	389
486	402
486	412
486	413
486	418
486	421
486	423
486	427
486	429
486	437
486	442
486	452
486	460
486	465
486	471
486	476
486	479
486	482
486	626
486	713
486	982
486	995
487	205
487	229
487	242
487	245
487	249
487	254
487	274
487	277
487	279
487	286
487	287
487	294
487	300
487	303
487	310
487	333
487	338
487	341
487	351
487	353
487	375
487	405
487	412
487	414
487	419
487	421
487	435
487	443
487	444
487	445
487	449
487	451
487	458
487	462
487	463
487	472
487	481
487	484
487	485
487	490
487	491
487	505
487	795
487	800
487	946
487	976
488	204
488	215
488	223
488	231
488	236
488	241
488	253
488	262
488	268
488	293
488	309
488	312
488	332
488	339
488	344
488	348
488	357
488	362
488	376
488	379
488	393
488	402
488	404
488	406
488	408
488	413
488	415
488	416
488	417
488	420
488	424
488	425
488	426
488	431
488	440
488	441
488	451
488	454
488	456
488	469
488	470
488	472
488	522
488	531
488	556
488	668
488	719
489	231
489	232
489	254
489	259
489	265
489	278
489	285
489	288
489	302
489	304
489	306
489	323
489	325
489	330
489	340
489	343
489	352
489	355
489	360
489	361
489	367
489	373
489	385
489	392
489	394
489	405
489	408
489	415
489	433
489	444
489	446
489	447
489	450
489	464
489	467
489	468
489	470
489	471
489	473
489	474
489	476
489	478
489	490
489	689
489	831
489	853
489	942
489	944
490	128
490	214
490	232
490	241
490	259
490	265
490	278
490	281
490	285
490	288
490	306
490	314
490	323
490	340
490	343
490	344
490	350
490	352
490	355
490	360
490	361
490	366
490	367
490	385
490	388
490	392
490	394
490	408
490	410
490	428
490	433
490	444
490	446
490	447
490	449
490	450
490	464
490	467
490	469
490	470
490	473
490	478
490	487
490	489
490	491
490	714
490	735
490	768
490	993
491	206
491	208
491	211
491	212
491	242
491	254
491	266
491	267
491	271
491	274
491	279
491	286
491	294
491	300
491	303
491	311
491	333
491	337
491	341
491	350
491	351
491	375
491	376
491	379
491	386
491	391
491	405
491	407
491	410
491	414
491	419
491	429
491	437
491	443
491	449
491	458
491	460
491	462
491	463
491	481
491	483
491	484
491	485
491	487
491	490
491	686
491	798
491	849
491	860
491	904
492	344
492	609
492	636
492	647
492	652
492	656
492	679
492	689
492	695
492	696
493	229
493	533
493	617
493	626
493	633
493	638
493	651
493	667
493	670
493	675
494	170
494	597
494	627
494	631
494	634
494	640
494	650
494	672
494	676
494	685
495	503
495	635
495	644
495	660
495	661
495	668
495	682
495	686
495	688
495	822
496	62
496	612
496	636
496	652
496	661
496	680
496	687
496	689
496	690
496	696
497	484
497	523
497	554
497	592
497	605
497	612
497	637
497	642
497	685
497	696
498	305
498	513
498	564
498	594
498	616
498	617
498	659
498	673
498	675
498	677
499	537
499	591
499	612
499	645
499	658
499	660
499	682
499	686
499	688
499	838
500	329
500	521
500	643
500	669
500	680
500	684
500	692
500	693
500	694
500	695
501	197
501	565
501	568
501	591
501	660
501	661
501	682
501	686
501	688
501	690
502	146
502	624
502	626
502	629
502	649
502	654
502	667
502	673
502	675
502	697
503	495
503	614
503	631
503	634
503	640
503	642
503	676
503	685
503	692
503	732
504	555
504	655
504	663
504	682
504	691
504	692
504	694
504	695
504	697
504	869
505	487
505	590
505	592
505	599
505	647
505	679
505	680
505	683
505	690
505	696
506	391
506	580
506	607
506	620
506	632
506	634
506	637
506	638
506	676
506	685
507	23
507	549
507	652
507	656
507	680
507	683
507	689
507	690
507	692
507	696
508	357
508	514
508	516
508	526
508	580
508	661
508	682
508	686
508	688
508	697
509	260
509	539
509	576
509	629
509	651
509	662
509	667
509	673
509	675
509	677
510	286
510	597
510	608
510	664
510	685
510	691
510	693
510	694
510	695
510	697
511	573
511	628
511	633
511	651
511	662
511	666
511	667
511	673
511	677
511	927
512	514
512	529
512	550
512	571
512	641
512	645
512	661
512	686
512	688
512	729
513	498
513	572
513	605
513	614
513	634
513	640
513	650
513	662
513	676
513	685
513	950
514	262
514	508
514	512
514	601
514	610
514	644
514	658
514	660
514	686
514	688
514	692
515	250
515	544
515	580
515	615
515	635
515	644
515	645
515	651
515	660
515	682
515	686
516	395
516	508
516	535
516	552
516	563
516	611
516	671
516	691
516	693
516	694
516	695
517	368
517	545
517	593
517	606
517	679
517	683
517	684
517	687
517	689
517	690
517	696
518	422
518	576
518	590
518	627
518	653
518	657
518	665
518	672
518	678
518	681
518	693
519	586
519	621
519	622
519	625
519	643
519	659
519	691
519	693
519	694
519	697
519	849
520	478
520	541
520	648
520	679
520	680
520	683
520	687
520	689
520	690
520	695
520	696
521	396
521	500
521	611
521	630
521	641
521	657
521	665
521	668
521	670
521	672
521	674
522	488
522	582
522	609
522	617
522	618
522	638
522	654
522	662
522	666
522	673
522	675
523	497
523	533
523	545
523	578
523	605
523	612
523	614
523	651
523	668
523	685
523	863
524	590
524	624
524	628
524	652
524	683
524	687
524	689
524	690
524	693
524	696
524	774
525	600
525	616
525	622
525	661
525	664
525	691
525	693
525	694
525	695
525	697
525	750
526	508
526	603
526	643
526	644
526	658
526	661
526	665
526	682
526	686
526	688
526	901
527	137
527	528
527	558
527	585
527	657
527	668
527	670
527	672
527	674
527	681
528	527
528	530
528	586
528	641
528	643
528	646
528	653
528	672
528	674
528	690
528	974
529	84
529	512
529	587
529	591
529	601
529	604
529	645
529	659
529	683
529	686
529	688
530	203
530	528
530	548
530	561
530	615
530	635
530	661
530	682
530	686
530	688
530	691
531	488
531	568
531	623
531	625
531	639
531	655
531	663
531	669
531	684
531	692
531	695
532	458
532	534
532	540
532	592
532	615
532	683
532	687
532	689
532	690
532	696
532	953
533	493
533	523
533	549
533	567
533	612
533	620
533	632
533	670
533	676
533	685
533	837
534	532
534	572
534	606
534	630
534	665
534	672
534	676
534	678
534	681
534	725
534	851
535	261
535	516
535	582
535	627
535	664
535	689
535	691
535	692
535	693
535	695
535	697
536	581
536	626
536	648
536	665
536	668
536	670
536	674
536	678
536	681
536	695
536	746
537	202
537	499
537	543
537	586
537	663
537	664
537	669
537	691
537	693
537	695
537	697
538	26
538	613
538	637
538	653
538	657
538	668
538	670
538	675
538	678
538	681
538	686
539	361
539	509
539	583
539	624
539	680
539	683
539	687
539	689
539	690
539	694
539	696
540	269
540	532
540	561
540	611
540	613
540	659
540	664
540	671
540	691
540	692
540	697
541	520
541	546
541	547
541	553
541	608
541	647
541	679
541	689
541	690
541	696
541	848
542	451
542	573
542	574
542	582
542	635
542	655
542	674
542	691
542	692
542	693
542	697
542	705
543	26
543	537
543	561
543	566
543	581
543	590
543	603
543	608
543	686
543	692
543	693
543	696
544	515
544	556
544	573
544	657
544	669
544	691
544	692
544	693
544	694
544	695
544	697
544	798
545	199
545	517
545	523
545	560
545	567
545	577
545	614
545	631
545	637
545	662
545	676
545	685
546	541
546	579
546	584
546	617
546	619
546	649
546	651
546	654
546	662
546	673
546	675
546	849
547	85
547	541
547	555
547	673
547	680
547	683
547	689
547	690
547	691
547	694
547	696
547	795
548	359
548	530
548	587
548	591
548	660
548	669
548	673
548	682
548	686
548	688
548	691
548	984
549	463
549	507
549	533
549	575
549	577
549	597
549	620
549	634
549	650
549	655
549	676
549	685
550	188
550	512
550	608
550	618
550	654
550	671
550	684
550	692
550	693
550	694
550	697
550	844
551	14
551	606
551	630
551	647
551	652
551	656
551	679
551	683
551	687
551	690
551	691
551	696
552	483
552	516
552	624
552	628
552	648
552	679
552	680
552	687
552	689
552	690
552	696
552	890
553	205
553	456
553	541
553	559
553	591
553	616
553	626
553	628
553	633
553	651
553	667
553	673
553	677
554	474
554	497
554	608
554	611
554	620
554	631
554	634
554	640
554	642
554	650
554	676
554	685
554	692
555	268
555	504
555	547
555	566
555	589
555	623
555	636
555	656
555	679
555	687
555	689
555	690
555	696
556	488
556	544
556	588
556	593
556	623
556	634
556	647
556	656
556	679
556	680
556	687
556	689
556	690
557	123
557	211
557	571
557	574
557	587
557	601
557	635
557	640
557	645
557	658
557	662
557	686
557	688
558	197
558	527
558	575
558	578
558	597
558	607
558	634
558	637
558	640
558	650
558	676
558	681
558	685
559	553
559	594
559	598
559	609
559	626
559	650
559	651
559	666
559	667
559	675
559	677
559	693
559	841
560	545
560	624
560	625
560	628
560	636
560	652
560	679
560	683
560	687
560	690
560	696
560	697
560	961
561	530
561	540
561	543
561	602
561	611
561	618
561	669
561	671
561	684
561	687
561	691
561	697
561	840
562	471
562	570
562	575
562	596
562	647
562	656
562	671
562	679
562	683
562	687
562	689
562	690
562	696
563	358
563	516
563	594
563	611
563	625
563	648
563	659
563	669
563	671
563	684
563	694
563	695
563	697
564	498
564	589
564	598
564	625
564	629
564	638
564	643
564	654
564	666
564	673
564	675
564	677
564	972
565	306
565	501
565	574
565	591
565	616
565	629
565	635
565	658
565	660
565	682
565	686
565	688
565	697
566	459
566	543
566	555
566	613
566	627
566	646
566	653
566	665
566	667
566	670
566	672
566	674
566	681
567	156
567	430
567	533
567	545
567	575
567	597
567	632
567	637
567	642
567	650
567	682
567	685
567	695
568	345
568	482
568	501
568	531
568	592
568	610
568	613
568	646
568	653
568	668
568	670
568	672
568	674
569	224
569	571
569	583
569	635
569	644
569	645
569	658
569	661
569	663
569	682
569	688
569	697
569	851
570	359
570	562
570	576
570	648
570	652
570	657
570	665
570	668
570	672
570	674
570	678
570	681
570	696
571	178
571	512
571	557
571	569
571	604
571	615
571	660
571	665
571	674
571	678
571	682
571	686
571	688
572	167
572	180
572	513
572	534
572	607
572	610
572	641
572	646
572	668
572	670
572	674
572	678
572	681
572	684
573	452
573	511
573	542
573	544
573	625
573	655
573	669
573	671
573	681
573	689
573	691
573	694
573	697
573	848
574	542
574	557
574	565
574	587
574	615
574	645
574	658
574	661
574	663
574	682
574	686
574	688
574	697
574	703
575	172
575	549
575	558
575	562
575	567
575	577
575	605
575	607
575	632
575	634
575	640
575	684
575	685
575	996
576	418
576	509
576	518
576	570
576	604
576	641
576	648
576	653
576	668
576	672
576	674
576	678
576	681
576	697
577	545
577	549
577	575
577	578
577	597
577	632
577	639
577	640
577	650
577	675
577	676
577	685
577	689
577	952
578	370
578	466
578	523
578	558
578	577
578	612
578	632
578	640
578	642
578	650
578	674
578	676
578	685
578	692
579	429
579	546
579	598
579	603
579	616
579	633
579	649
579	654
579	666
579	667
579	675
579	677
579	683
579	684
580	15
580	480
580	506
580	508
580	515
580	644
580	645
580	658
580	660
580	661
580	672
580	682
580	688
580	695
581	209
581	452
581	536
581	543
581	596
581	600
581	657
581	659
581	664
581	669
581	684
581	691
581	694
581	697
582	58
582	522
582	535
582	542
582	602
582	623
582	643
582	660
582	671
582	692
582	693
582	694
582	695
582	697
583	539
583	569
583	596
583	602
583	621
583	628
583	652
583	683
583	687
583	689
583	690
583	694
583	696
583	793
584	446
584	546
584	596
584	623
584	635
584	652
584	655
584	656
584	679
584	680
584	683
584	687
584	689
584	958
585	164
585	527
585	589
585	598
585	616
585	628
585	638
585	641
585	662
585	666
585	667
585	673
585	675
585	991
586	382
586	412
586	519
586	528
586	537
586	630
586	650
586	653
586	657
586	670
586	672
586	674
586	678
586	681
587	256
587	529
587	548
587	557
587	574
587	615
587	628
587	635
587	660
587	661
587	672
587	682
587	686
587	688
587	695
588	234
588	556
588	630
588	641
588	648
588	653
588	657
588	663
588	665
588	668
588	670
588	674
588	677
588	678
588	681
589	177
589	555
589	564
589	585
589	605
589	609
589	616
589	619
589	638
589	651
589	662
589	667
589	677
589	689
589	948
590	505
590	518
590	524
590	543
590	595
590	599
590	603
590	622
590	659
590	671
590	684
590	693
590	695
590	697
590	895
591	104
591	499
591	501
591	529
591	548
591	553
591	565
591	644
591	658
591	668
591	678
591	682
591	686
591	688
591	912
592	190
592	497
592	505
592	532
592	568
592	621
592	623
592	624
592	636
592	674
592	680
592	683
592	687
592	689
592	696
593	517
593	556
593	609
593	623
593	647
593	651
593	652
593	656
593	676
593	679
593	680
593	683
593	687
593	696
593	819
594	90
594	498
594	559
594	563
594	615
594	619
594	633
594	654
594	662
594	666
594	667
594	673
594	675
594	677
594	687
595	240
595	429
595	590
595	644
595	659
595	663
595	664
595	669
595	677
595	684
595	685
595	691
595	692
595	693
595	695
596	562
596	581
596	583
596	584
596	624
596	636
596	677
596	679
596	680
596	681
596	683
596	687
596	690
596	696
596	966
597	448
597	494
597	510
597	549
597	558
597	567
597	577
597	600
597	605
597	620
597	640
597	642
597	676
597	685
597	816
598	559
598	564
598	579
598	585
598	626
598	629
598	633
598	635
598	654
598	662
598	663
598	666
598	675
598	684
598	876
599	438
599	505
599	590
599	609
599	611
599	659
599	663
599	664
599	682
599	684
599	691
599	692
599	695
599	696
599	697
600	110
600	164
600	525
600	581
600	597
600	603
600	622
600	655
600	666
600	669
600	685
600	691
600	693
600	694
600	697
601	484
601	514
601	529
601	557
601	615
601	618
601	644
601	658
601	660
601	661
601	675
601	682
601	685
601	686
601	688
602	186
602	561
602	582
602	583
602	611
602	614
602	643
602	655
602	669
602	671
602	688
602	692
602	693
602	694
602	695
602	870
603	364
603	526
603	543
603	579
603	590
603	600
603	612
603	639
603	655
603	667
603	671
603	692
603	693
603	694
603	695
603	697
604	196
604	529
604	571
604	576
604	606
604	617
604	635
604	644
604	645
604	649
604	658
604	660
604	661
604	682
604	686
604	688
605	24
605	497
605	513
605	523
605	575
605	589
605	597
605	607
605	612
605	614
605	631
605	637
605	649
605	676
605	684
605	685
606	16
606	483
606	517
606	534
606	551
606	604
606	613
606	641
606	653
606	657
606	665
606	670
606	672
606	678
606	681
606	689
607	188
607	506
607	558
607	572
607	575
607	605
607	612
607	631
607	634
607	640
607	650
607	664
607	676
607	685
607	693
607	981
608	283
608	475
608	510
608	541
608	543
608	550
608	554
608	625
608	655
608	659
608	683
608	684
608	692
608	693
608	694
608	695
608	697
609	95
609	492
609	522
609	559
609	589
609	593
609	599
609	626
609	633
609	638
609	649
609	651
609	666
609	673
609	675
609	677
609	814
610	96
610	514
610	568
610	572
610	630
610	636
610	646
610	648
610	657
610	665
610	668
610	669
610	672
610	674
610	678
610	681
610	844
611	371
611	378
611	516
611	521
611	540
611	554
611	561
611	563
611	599
611	602
611	639
611	643
611	673
611	692
611	694
611	695
611	697
612	496
612	497
612	499
612	523
612	533
612	578
612	603
612	605
612	607
612	614
612	620
612	634
612	650
612	652
612	676
612	685
612	936
613	46
613	538
613	540
613	566
613	568
613	606
613	627
613	646
613	653
613	658
613	665
613	670
613	674
613	678
613	688
613	690
613	767
614	164
614	477
614	503
614	513
614	523
614	545
614	602
614	605
614	612
614	620
614	625
614	632
614	637
614	642
614	671
614	676
614	685
615	317
615	381
615	515
615	530
615	532
615	571
615	574
615	587
615	594
615	601
615	644
615	660
615	661
615	674
615	682
615	686
615	688
616	188
616	498
616	525
616	553
616	565
616	579
616	585
616	589
616	626
616	649
616	651
616	662
616	666
616	673
616	677
616	688
616	697
617	493
617	498
617	522
617	546
617	604
617	619
617	638
617	642
617	649
617	651
617	654
617	666
617	673
617	675
617	677
617	683
617	896
618	522
618	550
618	561
618	601
618	639
618	655
618	663
618	664
618	669
618	673
618	684
618	691
618	692
618	693
618	695
618	782
618	845
619	159
619	194
619	546
619	589
619	594
619	617
619	625
619	626
619	638
619	649
619	662
619	664
619	667
619	673
619	675
619	677
619	693
620	506
620	533
620	549
620	554
620	597
620	612
620	614
620	631
620	640
620	642
620	650
620	660
620	676
620	685
620	694
620	696
620	988
621	366
621	519
621	583
621	592
621	645
621	647
621	652
621	656
621	658
621	669
621	679
621	680
621	687
621	689
621	690
621	696
621	916
622	519
622	525
622	590
622	600
622	624
622	633
622	639
622	659
622	684
622	686
622	690
622	691
622	692
622	693
622	694
622	697
622	734
622	894
623	156
623	332
623	531
623	555
623	556
623	582
623	584
623	592
623	593
623	636
623	657
623	679
623	683
623	687
623	689
623	690
623	692
623	696
624	112
624	502
624	524
624	539
624	552
624	560
624	592
624	596
624	622
624	628
624	656
624	679
624	680
624	689
624	690
624	696
624	697
624	803
625	249
625	519
625	531
625	560
625	563
625	564
625	573
625	608
625	614
625	619
625	639
625	671
625	684
625	691
625	692
625	693
625	694
625	695
626	434
626	486
626	493
626	502
626	536
626	553
626	559
626	598
626	609
626	616
626	619
626	638
626	646
626	649
626	654
626	655
626	666
626	667
627	494
627	518
627	535
627	566
627	613
627	630
627	632
627	641
627	646
627	653
627	665
627	668
627	672
627	674
627	678
627	679
627	681
627	998
628	130
628	511
628	524
628	552
628	553
628	560
628	583
628	585
628	587
628	624
628	636
628	652
628	656
628	680
628	683
628	687
628	690
628	696
628	947
629	40
629	502
629	509
629	564
629	565
629	598
629	638
629	649
629	651
629	654
629	662
629	666
629	667
629	673
629	675
629	677
629	680
629	685
629	972
630	165
630	521
630	534
630	551
630	586
630	588
630	610
630	627
630	648
630	657
630	658
630	665
630	670
630	671
630	672
630	674
630	678
630	681
630	848
631	6
631	437
631	494
631	503
631	545
631	554
631	605
631	607
631	620
631	632
631	636
631	637
631	640
631	642
631	676
631	685
631	690
631	692
631	696
632	233
632	506
632	533
632	567
632	575
632	577
632	578
632	614
632	627
632	631
632	637
632	642
632	650
632	673
632	676
632	685
632	689
632	696
632	976
633	115
633	493
633	511
633	553
633	579
633	594
633	598
633	609
633	622
633	637
633	649
633	652
633	662
633	666
633	667
633	673
633	675
633	677
633	691
633	925
634	87
634	385
634	494
634	503
634	506
634	513
634	549
634	554
634	556
634	558
634	575
634	607
634	612
634	642
634	649
634	650
634	653
634	676
634	678
634	685
635	336
635	495
635	515
635	530
635	542
635	557
635	565
635	569
635	584
635	587
635	598
635	604
635	644
635	645
635	658
635	668
635	682
635	686
635	688
635	1000
636	318
636	439
636	492
636	496
636	555
636	560
636	592
636	596
636	610
636	623
636	628
636	631
636	647
636	650
636	658
636	680
636	683
636	689
636	690
636	696
637	480
637	497
637	506
637	538
637	545
637	558
637	567
637	605
637	614
637	631
637	632
637	633
637	640
637	642
637	643
637	650
637	676
637	679
637	685
637	964
638	197
638	493
638	506
638	522
638	564
638	585
638	589
638	609
638	617
638	619
638	626
638	629
638	647
638	649
638	651
638	659
638	665
638	666
638	667
638	673
638	747
639	470
639	531
639	577
639	603
639	611
639	618
639	622
639	625
639	655
639	661
639	671
639	684
639	688
639	691
639	692
639	693
639	694
639	695
639	696
639	697
639	886
640	160
640	494
640	503
640	513
640	554
640	557
640	558
640	575
640	577
640	578
640	597
640	607
640	620
640	631
640	637
640	642
640	654
640	655
640	665
640	676
640	685
640	874
641	103
641	288
641	512
641	521
641	528
641	572
641	576
641	585
641	588
641	606
641	627
641	648
641	653
641	657
641	667
641	668
641	670
641	672
641	678
641	679
641	681
641	686
642	444
642	497
642	503
642	554
642	567
642	578
642	597
642	614
642	617
642	620
642	631
642	632
642	634
642	637
642	640
642	644
642	650
642	666
642	685
642	689
642	776
642	808
643	52
643	445
643	479
643	500
643	519
643	526
643	528
643	564
643	582
643	602
643	611
643	637
643	663
643	669
643	671
643	684
643	688
643	691
643	692
643	693
643	694
643	695
643	697
644	382
644	495
644	514
644	515
644	526
644	569
644	580
644	591
644	595
644	601
644	604
644	615
644	635
644	642
644	645
644	658
644	660
644	665
644	678
644	682
644	686
644	688
644	859
645	166
645	206
645	499
645	512
645	515
645	529
645	557
645	569
645	574
645	580
645	604
645	621
645	635
645	644
645	658
645	661
645	663
645	674
645	682
645	686
645	687
645	688
645	690
646	149
646	342
646	528
646	566
646	568
646	572
646	610
646	613
646	626
646	627
646	648
646	653
646	656
646	659
646	665
646	670
646	672
646	674
646	675
646	678
646	681
646	688
646	941
647	212
647	406
647	492
647	505
647	541
647	551
647	556
647	562
647	593
647	621
647	636
647	638
647	652
647	653
647	656
647	679
647	680
647	683
647	687
647	689
647	691
647	694
647	696
648	92
648	468
648	520
648	536
648	552
648	563
648	570
648	576
648	588
648	610
648	630
648	641
648	646
648	653
648	657
648	665
648	668
648	670
648	672
648	674
648	675
648	678
648	681
648	687
649	299
649	502
649	546
649	579
649	604
649	605
649	609
649	616
649	617
649	619
649	626
649	629
649	633
649	634
649	638
649	651
649	654
649	662
649	667
649	673
649	677
649	687
649	695
649	708
650	180
650	356
650	494
650	513
650	549
650	554
650	558
650	559
650	567
650	577
650	578
650	586
650	607
650	612
650	620
650	632
650	634
650	636
650	637
650	642
650	670
650	676
650	685
650	686
650	778
651	77
651	186
651	493
651	509
651	511
651	515
651	523
651	546
651	553
651	559
651	589
651	593
651	609
651	616
651	617
651	629
651	638
651	649
651	654
651	658
651	662
651	673
651	675
651	677
651	696
652	195
652	492
652	496
652	507
652	524
652	551
652	560
652	570
652	583
652	584
652	593
652	612
652	621
652	628
652	633
652	647
652	656
652	666
652	679
652	680
652	683
652	686
652	687
652	689
652	696
652	840
653	198
653	222
653	414
653	518
653	528
653	538
653	566
653	568
653	576
653	586
653	588
653	606
653	613
653	627
653	634
653	641
653	646
653	647
653	648
653	657
653	659
653	672
653	674
653	675
653	680
653	681
654	138
654	191
654	470
654	502
654	522
654	546
654	550
654	564
654	579
654	594
654	598
654	617
654	626
654	629
654	640
654	649
654	651
654	655
654	662
654	666
654	673
654	675
654	677
654	681
654	682
654	694
655	320
655	435
655	504
655	531
655	542
655	549
655	573
655	584
655	600
655	602
655	603
655	608
655	618
655	626
655	639
655	640
655	654
655	659
655	663
655	664
655	671
655	684
655	691
655	693
655	694
655	697
656	202
656	225
656	492
656	507
656	551
656	555
656	556
656	562
656	584
656	593
656	621
656	624
656	628
656	646
656	647
656	652
656	662
656	667
656	670
656	674
656	679
656	680
656	683
656	689
656	690
656	696
656	929
657	132
657	481
657	518
657	521
657	527
657	538
657	544
657	570
657	581
657	586
657	588
657	606
657	610
657	623
657	630
657	641
657	648
657	653
657	663
657	665
657	666
657	668
657	670
657	674
657	678
657	681
657	985
658	169
658	180
658	499
658	514
658	526
658	557
658	565
658	569
658	574
658	580
658	591
658	601
658	604
658	613
658	621
658	630
658	635
658	636
658	644
658	645
658	651
658	660
658	678
658	682
658	686
658	688
658	807
659	169
659	174
659	498
659	519
659	529
659	540
659	563
659	581
659	590
659	595
659	599
659	608
659	622
659	638
659	646
659	653
659	655
659	663
659	666
659	671
659	684
659	691
659	692
659	694
659	695
659	697
659	945
660	418
660	495
660	499
660	501
660	514
660	515
660	548
660	565
660	571
660	580
660	582
660	587
660	601
660	604
660	615
660	620
660	644
660	658
660	661
660	671
660	682
660	683
660	686
660	688
660	694
660	745
660	785
661	136
661	464
661	495
661	496
661	501
661	508
661	512
661	525
661	526
661	530
661	569
661	574
661	580
661	587
661	601
661	604
661	615
661	639
661	645
661	660
661	675
661	679
661	680
661	682
661	686
661	688
661	960
662	121
662	401
662	509
662	511
662	513
662	522
662	545
662	546
662	557
662	585
662	589
662	594
662	598
662	616
662	619
662	629
662	633
662	649
662	651
662	654
662	656
662	666
662	667
662	673
662	675
662	677
662	686
662	827
663	504
663	531
663	537
663	569
663	574
663	588
663	595
663	598
663	599
663	618
663	643
663	645
663	655
663	657
663	659
663	664
663	669
663	671
663	684
663	691
663	692
663	693
663	694
663	695
663	697
663	957
663	967
663	970
664	387
664	447
664	510
664	525
664	535
664	537
664	540
664	581
664	595
664	599
664	607
664	618
664	619
664	655
664	663
664	669
664	670
664	671
664	677
664	684
664	687
664	688
664	692
664	693
664	694
664	695
664	697
664	747
665	518
665	521
665	526
665	534
665	536
665	566
665	570
665	571
665	588
665	606
665	610
665	613
665	627
665	630
665	638
665	640
665	644
665	646
665	648
665	657
665	668
665	670
665	672
665	673
665	674
665	678
665	681
665	932
665	996
666	446
666	511
666	522
666	559
666	564
666	579
666	585
666	594
666	598
666	600
666	609
666	616
666	617
666	626
666	629
666	633
666	638
666	642
666	652
666	654
666	657
666	659
666	662
666	667
666	671
666	673
666	677
666	851
666	875
667	207
667	411
667	493
667	502
667	509
667	511
667	553
667	559
667	566
667	579
667	585
667	589
667	594
667	603
667	619
667	626
667	629
667	633
667	638
667	641
667	649
667	656
667	662
667	666
667	672
667	675
667	677
667	691
667	846
668	421
668	488
668	495
668	521
668	523
668	527
668	536
668	538
668	568
668	570
668	572
668	576
668	588
668	591
668	610
668	627
668	635
668	641
668	648
668	657
668	665
668	670
668	672
668	674
668	676
668	678
668	681
668	686
668	990
669	244
669	476
669	500
669	531
669	537
669	544
669	548
669	561
669	563
669	573
669	581
669	595
669	600
669	602
669	610
669	618
669	621
669	643
669	663
669	664
669	676
669	682
669	684
669	689
669	692
669	693
669	694
669	695
669	697
669	854
670	153
670	365
670	493
670	521
670	527
670	533
670	536
670	538
670	566
670	568
670	572
670	586
670	588
670	606
670	613
670	630
670	641
670	646
670	648
670	650
670	656
670	657
670	664
670	665
670	668
670	672
670	678
670	679
670	681
670	821
671	61
671	383
671	516
671	540
671	550
671	561
671	562
671	563
671	573
671	582
671	590
671	602
671	603
671	614
671	625
671	630
671	639
671	643
671	655
671	659
671	660
671	663
671	664
671	666
671	684
671	689
671	691
671	693
671	694
671	695
671	697
671	911
672	59
672	80
672	192
672	494
672	518
672	521
672	527
672	528
672	534
672	566
672	568
672	570
672	576
672	580
672	586
672	587
672	606
672	610
672	627
672	630
672	641
672	646
672	648
672	653
672	665
672	667
672	668
672	670
672	674
672	678
672	692
672	693
673	82
673	201
673	328
673	498
673	502
673	509
673	511
673	522
673	546
673	547
673	548
673	553
673	564
673	585
673	594
673	609
673	611
673	616
673	617
673	618
673	619
673	629
673	632
673	633
673	638
673	649
673	651
673	654
673	662
673	665
673	666
673	675
673	677
673	690
674	109
674	319
674	447
674	521
674	527
674	528
674	536
674	542
674	566
674	568
674	570
674	571
674	572
674	576
674	578
674	586
674	588
674	592
674	610
674	613
674	615
674	627
674	630
674	645
674	646
674	648
674	653
674	656
674	657
674	665
674	668
674	672
674	678
674	681
675	176
675	367
675	376
675	396
675	493
675	498
675	502
675	509
675	522
675	538
675	546
675	559
675	564
675	577
675	579
675	585
675	594
675	598
675	601
675	609
675	617
675	619
675	629
675	633
675	646
675	648
675	651
675	653
675	654
675	661
675	662
675	667
675	673
675	677
676	471
676	494
676	503
676	506
676	513
676	533
676	534
676	545
676	549
676	554
676	558
676	577
676	578
676	593
676	597
676	605
676	607
676	612
676	614
676	620
676	631
676	632
676	634
676	637
676	640
676	650
676	668
676	669
676	679
676	685
676	687
676	693
676	771
676	991
677	4
677	162
677	400
677	438
677	498
677	509
677	511
677	553
677	559
677	564
677	579
677	588
677	589
677	594
677	595
677	596
677	609
677	616
677	617
677	619
677	629
677	633
677	649
677	651
677	654
677	662
677	664
677	666
677	667
677	673
677	675
677	683
677	693
677	694
678	85
678	466
678	518
678	534
678	536
678	538
678	570
678	571
678	572
678	576
678	586
678	588
678	591
678	606
678	610
678	613
678	627
678	630
678	634
678	641
678	644
678	646
678	648
678	657
678	658
678	665
678	668
678	670
678	672
678	674
678	680
678	681
678	695
678	830
678	996
679	163
679	314
679	414
679	429
679	492
679	505
679	517
679	520
679	541
679	551
679	552
679	555
679	556
679	560
679	562
679	584
679	593
679	596
679	621
679	623
679	624
679	627
679	637
679	641
679	647
679	652
679	656
679	661
679	670
679	676
679	680
679	681
679	683
679	687
679	690
679	696
680	8
680	384
680	478
680	496
680	500
680	505
680	507
680	520
680	539
680	547
680	552
680	556
680	584
680	592
680	593
680	596
680	621
680	624
680	628
680	629
680	636
680	647
680	652
680	653
680	656
680	661
680	678
680	679
680	682
680	683
680	687
680	689
680	690
680	691
680	696
680	923
681	144
681	450
681	518
681	527
681	534
681	536
681	538
681	558
681	566
681	570
681	572
681	573
681	576
681	586
681	588
681	596
681	606
681	610
681	627
681	630
681	641
681	646
681	648
681	653
681	654
681	657
681	665
681	668
681	670
681	674
681	678
681	679
681	684
681	687
681	786
681	913
682	313
682	453
682	495
682	499
682	501
682	504
682	508
682	515
682	526
682	530
682	548
682	565
682	567
682	569
682	571
682	574
682	580
682	587
682	591
682	599
682	601
682	604
682	615
682	635
682	644
682	645
682	654
682	658
682	660
682	661
682	669
682	680
682	686
682	688
682	690
682	710
682	937
683	152
683	372
683	505
683	507
683	517
683	520
683	524
683	529
683	532
683	539
683	547
683	551
683	560
683	562
683	579
683	583
683	584
683	592
683	593
683	596
683	608
683	617
683	623
683	628
683	636
683	647
683	652
683	656
683	660
683	677
683	679
683	680
683	687
683	689
683	690
683	694
683	696
683	995
684	500
684	517
684	531
684	550
684	561
684	563
684	572
684	575
684	579
684	581
684	590
684	595
684	598
684	599
684	605
684	608
684	618
684	622
684	625
684	639
684	643
684	655
684	659
684	663
684	664
684	669
684	671
684	681
684	691
684	692
684	693
684	694
684	695
684	697
684	752
684	806
684	817
684	905
685	127
685	472
685	494
685	497
685	503
685	506
685	510
685	513
685	523
685	533
685	545
685	549
685	554
685	558
685	567
685	575
685	577
685	578
685	595
685	597
685	600
685	601
685	605
685	607
685	612
685	614
685	620
685	629
685	631
685	632
685	634
685	637
685	640
685	642
685	650
685	676
685	695
685	930
685	954
686	153
686	363
686	485
686	491
686	495
686	499
686	501
686	508
686	512
686	514
686	515
686	526
686	529
686	530
686	538
686	543
686	548
686	557
686	565
686	571
686	574
686	587
686	591
686	601
686	604
686	615
686	622
686	635
686	641
686	644
686	645
686	650
686	652
686	658
686	660
686	661
686	662
686	668
686	682
686	688
686	691
687	151
687	190
687	374
687	455
687	496
687	517
687	520
687	524
687	532
687	539
687	551
687	552
687	555
687	556
687	560
687	561
687	562
687	583
687	584
687	592
687	593
687	594
687	596
687	621
687	623
687	628
687	645
687	647
687	648
687	649
687	652
687	664
687	676
687	679
687	680
687	681
687	683
687	689
687	690
687	696
687	828
688	246
688	362
688	369
688	495
688	499
688	501
688	508
688	512
688	514
688	526
688	529
688	530
688	548
688	557
688	565
688	569
688	571
688	574
688	580
688	587
688	591
688	601
688	602
688	604
688	613
688	615
688	616
688	635
688	639
688	643
688	644
688	645
688	646
688	658
688	660
688	661
688	664
688	682
688	686
688	692
688	827
688	991
689	462
689	489
689	492
689	496
689	507
689	517
689	520
689	524
689	532
689	535
689	539
689	541
689	547
689	552
689	555
689	556
689	562
689	573
689	577
689	583
689	584
689	589
689	592
689	606
689	621
689	623
689	624
689	632
689	636
689	642
689	647
689	652
689	656
689	669
689	671
689	680
689	683
689	687
689	690
689	696
689	820
689	953
689	978
690	106
690	196
690	201
690	271
690	496
690	501
690	505
690	507
690	517
690	520
690	524
690	528
690	532
690	539
690	541
690	547
690	551
690	552
690	555
690	556
690	560
690	562
690	583
690	596
690	613
690	621
690	622
690	623
690	624
690	628
690	631
690	636
690	645
690	656
690	673
690	679
690	680
690	682
690	683
690	687
690	689
690	696
690	853
691	215
691	219
691	298
691	415
691	463
691	504
691	510
691	516
691	519
691	525
691	530
691	535
691	537
691	540
691	542
691	544
691	547
691	548
691	551
691	561
691	573
691	581
691	595
691	599
691	600
691	618
691	622
691	625
691	633
691	639
691	643
691	647
691	655
691	659
691	663
691	667
691	671
691	680
691	684
691	686
691	692
691	693
691	695
691	697
692	44
692	140
692	412
692	474
692	500
692	503
692	504
692	507
692	514
692	531
692	535
692	540
692	542
692	543
692	544
692	550
692	554
692	578
692	582
692	595
692	599
692	602
692	603
692	608
692	611
692	618
692	622
692	623
692	625
692	631
692	639
692	643
692	659
692	663
692	664
692	669
692	672
692	684
692	688
692	691
692	693
692	694
692	695
692	697
692	812
693	116
693	148
693	158
693	500
693	510
693	516
693	518
693	519
693	524
693	525
693	535
693	537
693	542
693	543
693	544
693	550
693	559
693	582
693	590
693	595
693	600
693	602
693	603
693	607
693	608
693	618
693	619
693	622
693	625
693	639
693	643
693	655
693	663
693	664
693	669
693	671
693	672
693	676
693	677
693	684
693	691
693	692
693	694
693	695
693	696
693	698
694	128
694	182
694	197
694	310
694	500
694	504
694	510
694	516
694	519
694	525
694	539
694	544
694	547
694	550
694	563
694	573
694	581
694	582
694	583
694	600
694	602
694	603
694	608
694	611
694	620
694	622
694	625
694	639
694	643
694	647
694	654
694	655
694	659
694	660
694	663
694	664
694	669
694	671
694	677
694	683
694	684
694	692
694	693
694	695
694	697
694	972
695	77
695	345
695	405
695	441
695	492
695	500
695	504
695	510
695	516
695	520
695	525
695	531
695	535
695	536
695	537
695	544
695	563
695	567
695	580
695	582
695	587
695	590
695	595
695	599
695	602
695	603
695	608
695	611
695	618
695	625
695	639
695	643
695	649
695	659
695	663
695	664
695	669
695	671
695	678
695	684
695	685
695	691
695	692
695	693
695	694
695	697
695	973
696	175
696	203
696	340
696	492
696	496
696	497
696	505
696	507
696	517
696	520
696	524
696	532
696	539
696	541
696	543
696	547
696	551
696	552
696	555
696	560
696	562
696	570
696	583
696	592
696	593
696	596
696	599
696	620
696	621
696	623
696	624
696	628
696	631
696	632
696	636
696	639
696	647
696	651
696	652
696	656
696	679
696	680
696	683
696	687
696	689
696	690
696	693
696	796
696	966
697	20
697	125
697	349
697	455
697	502
697	504
697	508
697	510
697	519
697	525
697	535
697	537
697	540
697	542
697	544
697	550
697	560
697	561
697	563
697	565
697	569
697	573
697	574
697	576
697	581
697	582
697	590
697	599
697	600
697	603
697	608
697	611
697	616
697	622
697	624
697	639
697	643
697	655
697	659
697	663
697	664
697	669
697	671
697	684
697	691
697	692
697	694
697	695
697	804
698	693
698	742
698	786
698	799
698	800
698	810
698	811
698	833
698	842
698	845
699	454
699	708
699	757
699	764
699	766
699	806
699	825
699	827
699	831
699	841
700	25
700	775
700	786
700	816
700	819
700	830
700	837
700	846
700	852
700	853
701	331
701	748
701	781
701	808
701	819
701	822
701	823
701	824
701	836
701	843
702	73
702	707
702	748
702	793
702	812
702	829
702	834
702	835
702	844
702	845
703	574
703	731
703	760
703	763
703	788
703	792
703	808
703	822
703	836
703	843
704	721
704	726
704	773
704	778
704	823
704	828
704	844
704	845
704	851
704	998
705	542
705	728
705	796
705	804
705	813
705	820
705	825
705	830
705	831
705	841
706	97
706	732
706	756
706	764
706	812
706	821
706	835
706	840
706	844
706	851
707	291
707	702
707	741
707	754
707	759
707	788
707	823
707	833
707	840
707	851
708	649
708	699
708	711
708	724
708	735
708	784
708	804
708	807
708	814
708	841
709	198
709	710
709	744
709	767
709	817
709	831
709	837
709	849
709	852
709	853
710	682
710	709
710	724
710	743
710	770
710	800
710	818
710	824
710	833
710	842
711	192
711	708
711	745
711	817
711	828
711	834
711	835
711	849
711	852
711	853
712	315
712	719
712	773
712	809
712	830
712	838
712	840
712	849
712	852
712	853
713	486
713	757
713	766
713	791
713	796
713	805
713	807
713	813
713	831
713	841
714	490
714	775
714	787
714	799
714	800
714	808
714	810
714	824
714	833
714	842
715	482
715	736
715	790
715	806
715	807
715	813
715	814
715	831
715	841
715	850
716	749
716	787
716	799
716	809
716	811
716	815
716	833
716	842
716	844
716	933
717	151
717	749
717	769
717	785
717	800
717	809
717	833
717	842
717	843
717	845
718	733
718	756
718	781
718	796
718	797
718	801
718	836
718	838
718	843
718	938
719	488
719	712
719	745
719	828
719	834
719	840
719	848
719	849
719	852
719	853
720	399
720	724
720	821
720	827
720	830
720	834
720	838
720	846
720	852
720	853
721	476
721	704
721	753
721	769
721	802
721	810
721	826
721	832
721	850
721	851
722	475
722	753
722	777
722	790
722	814
722	824
722	829
722	840
722	844
722	847
723	177
723	750
723	762
723	786
723	817
723	830
723	837
723	846
723	849
723	853
724	450
724	708
724	710
724	720
724	803
724	830
724	838
724	846
724	852
724	853
725	534
725	783
725	809
725	816
725	828
725	838
725	846
725	847
725	849
725	852
725	853
726	704
726	757
726	779
726	817
726	837
726	840
726	847
726	848
726	850
726	851
726	952
727	389
727	729
727	756
727	792
727	795
727	797
727	801
727	808
727	836
727	843
727	848
728	153
728	705
728	736
728	764
728	786
728	807
728	825
728	826
728	831
728	841
728	847
729	512
729	727
729	744
729	752
729	816
729	830
729	834
729	837
729	846
729	849
729	852
730	377
730	780
730	817
730	821
730	832
730	835
730	838
730	844
730	845
730	848
730	851
731	185
731	703
731	776
731	784
731	796
731	813
731	814
731	825
731	831
731	841
731	849
732	503
732	706
732	774
732	795
732	829
732	839
732	844
732	847
732	848
732	850
732	851
733	718
733	781
733	801
733	819
733	822
733	829
733	836
733	843
733	850
733	853
733	878
734	622
734	788
734	790
734	802
734	809
734	825
734	839
734	847
734	848
734	850
734	851
735	490
735	708
735	764
735	786
735	796
735	806
735	807
735	810
735	813
735	829
735	831
736	168
736	715
736	728
736	751
736	776
736	787
736	805
736	807
736	825
736	831
736	851
737	765
737	776
737	781
737	792
737	797
737	819
737	827
737	836
737	843
737	849
737	974
738	186
738	743
738	778
738	785
738	801
738	809
738	811
738	820
738	824
738	842
738	852
739	154
739	771
739	792
739	808
739	812
739	819
739	822
739	824
739	827
739	836
739	843
740	363
740	750
740	815
740	816
740	828
740	835
740	838
740	846
740	849
740	852
740	853
741	189
741	707
741	755
741	766
741	786
741	805
741	806
741	814
741	825
741	831
741	841
742	393
742	698
742	769
742	810
742	811
742	814
742	818
742	820
742	824
742	837
742	842
743	710
743	738
743	759
743	770
743	810
743	811
743	818
743	820
743	824
743	842
743	846
743	994
744	294
744	709
744	729
744	745
744	767
744	782
744	788
744	846
744	848
744	849
744	852
744	853
745	660
745	711
745	719
745	744
745	768
745	784
745	816
745	828
745	834
745	844
745	849
745	853
746	536
746	750
746	773
746	779
746	782
746	834
746	837
746	839
746	846
746	849
746	852
746	853
747	638
747	664
747	798
747	816
747	830
747	832
747	834
747	837
747	838
747	846
747	852
747	853
748	181
748	701
748	702
748	756
748	774
748	792
748	794
748	797
748	827
748	836
748	843
748	845
749	469
749	716
749	717
749	810
749	811
749	818
749	820
749	824
749	826
749	833
749	842
749	846
750	525
750	723
750	740
750	746
750	816
750	817
750	837
750	842
750	847
750	849
750	852
750	853
751	381
751	736
751	783
751	784
751	803
751	804
751	806
751	807
751	825
751	841
751	843
751	986
752	684
752	729
752	820
752	823
752	827
752	839
752	844
752	845
752	847
752	848
752	850
752	851
753	307
753	721
753	722
753	754
753	777
753	802
753	815
753	818
753	839
753	840
753	848
753	853
754	221
754	707
754	753
754	788
754	798
754	799
754	812
754	826
754	832
754	846
754	847
754	850
755	142
755	741
755	798
755	807
755	815
755	823
755	826
755	844
755	845
755	847
755	848
755	850
756	121
756	706
756	718
756	727
756	748
756	765
756	769
756	771
756	801
756	819
756	822
756	827
756	843
757	159
757	230
757	699
757	713
757	726
757	815
757	829
757	835
757	840
757	845
757	848
757	850
757	851
758	474
758	761
758	787
758	791
758	798
758	809
758	811
758	818
758	820
758	824
758	833
758	838
758	842
759	158
759	707
759	743
759	777
759	778
759	782
759	793
759	835
759	836
759	839
759	845
759	847
759	848
760	199
760	703
760	783
760	790
760	792
760	795
760	801
760	808
760	819
760	822
760	827
760	836
760	843
761	758
761	770
761	782
761	785
761	789
761	800
761	809
761	811
761	820
761	824
761	833
761	842
761	994
762	94
762	417
762	723
762	778
762	793
762	821
762	822
762	823
762	829
762	839
762	844
762	847
762	850
763	184
763	436
763	703
763	765
763	768
763	792
763	794
763	808
763	819
763	822
763	827
763	836
763	838
763	843
764	699
764	706
764	728
764	735
764	784
764	804
764	805
764	812
764	813
764	814
764	831
764	837
764	841
764	885
765	278
765	314
765	737
765	756
765	763
765	793
765	794
765	797
765	801
765	819
765	825
765	827
765	843
765	846
766	175
766	699
766	713
766	741
766	770
766	776
766	794
766	805
766	806
766	813
766	814
766	831
766	841
766	845
767	613
767	709
767	744
767	784
767	803
767	830
767	833
767	837
767	838
767	847
767	849
767	852
767	853
767	973
768	490
768	745
768	763
768	775
768	782
768	803
768	828
768	834
768	838
768	843
768	849
768	851
768	852
768	853
769	100
769	155
769	717
769	721
769	742
769	756
769	785
769	787
769	810
769	811
769	824
769	833
769	835
769	842
770	84
770	710
770	743
770	761
770	766
770	808
770	809
770	810
770	817
770	818
770	820
770	824
770	833
770	842
771	676
771	739
771	756
771	781
771	795
771	797
771	807
771	808
771	822
771	826
771	827
771	836
771	841
771	843
771	983
772	183
772	788
772	792
772	812
772	823
772	826
772	827
772	828
772	829
772	832
772	839
772	840
772	847
772	850
772	851
773	57
773	704
773	712
773	746
773	803
773	817
773	824
773	828
773	834
773	837
773	838
773	846
773	852
773	853
773	884
774	524
774	732
774	748
774	778
774	787
774	798
774	821
774	823
774	832
774	835
774	841
774	845
774	848
774	851
774	970
775	700
775	714
775	768
775	783
775	803
775	813
775	817
775	823
775	830
775	834
775	838
775	846
775	849
775	977
775	998
776	69
776	642
776	731
776	736
776	737
776	766
776	784
776	806
776	813
776	814
776	820
776	825
776	828
776	831
776	841
777	152
777	722
777	753
777	759
777	789
777	791
777	793
777	812
777	836
777	838
777	844
777	845
777	846
777	847
777	848
777	850
778	290
778	650
778	704
778	738
778	759
778	762
778	774
778	788
778	789
778	804
778	839
778	844
778	845
778	847
778	851
778	852
779	459
779	479
779	726
779	746
779	790
779	791
779	815
779	818
779	823
779	825
779	826
779	832
779	835
779	839
779	844
779	850
780	124
780	355
780	730
780	791
780	795
780	811
780	812
780	815
780	822
780	826
780	829
780	832
780	835
780	839
780	844
780	845
781	313
781	399
781	701
781	718
781	733
781	737
781	771
781	794
781	795
781	811
781	819
781	822
781	823
781	827
781	843
781	852
782	618
782	744
782	746
782	759
782	761
782	768
782	783
782	791
782	816
782	828
782	834
782	837
782	838
782	846
782	849
782	852
782	853
783	163
783	440
783	725
783	751
783	760
783	775
783	782
783	815
783	828
783	830
783	834
783	837
783	839
783	846
783	849
783	852
783	853
784	117
784	708
784	731
784	745
784	751
784	764
784	767
784	776
784	786
784	804
784	805
784	807
784	812
784	825
784	831
784	841
784	853
785	357
785	660
785	717
785	738
785	761
785	769
785	799
785	800
785	809
785	810
785	820
785	824
785	829
785	833
785	842
785	844
785	848
786	681
786	698
786	700
786	723
786	728
786	735
786	741
786	784
786	796
786	798
786	804
786	806
786	813
786	814
786	825
786	831
786	841
787	195
787	714
787	716
787	736
787	758
787	769
787	774
787	799
787	800
787	805
787	809
787	818
787	824
787	833
787	839
787	842
787	983
788	228
788	703
788	707
788	734
788	744
788	754
788	772
788	778
788	794
788	821
788	826
788	832
788	835
788	840
788	847
788	851
788	852
789	91
789	432
789	761
789	777
789	778
789	810
789	813
789	815
789	826
789	829
789	832
789	835
789	839
789	847
789	848
789	850
789	851
790	715
790	722
790	734
790	760
790	779
790	792
790	815
790	821
790	826
790	832
790	833
790	835
790	839
790	840
790	844
790	848
790	850
790	991
791	191
791	196
791	713
791	758
791	777
791	779
791	780
791	782
791	802
791	815
791	823
791	829
791	830
791	839
791	840
791	848
791	850
791	851
792	703
792	727
792	737
792	739
792	748
792	760
792	763
792	772
792	790
792	794
792	795
792	808
792	821
792	827
792	836
792	843
792	849
792	943
793	327
793	583
793	702
793	759
793	762
793	765
793	777
793	798
793	812
793	821
793	829
793	832
793	837
793	839
793	840
793	842
793	844
793	851
794	237
794	435
794	748
794	763
794	765
794	766
794	781
794	788
794	792
794	795
794	801
794	802
794	808
794	822
794	827
794	830
794	836
794	843
795	487
795	547
795	727
795	732
795	760
795	771
795	780
795	781
795	792
795	794
795	808
795	815
795	819
795	822
795	827
795	835
795	836
795	843
796	143
796	696
796	705
796	713
796	718
796	731
796	735
796	786
796	804
796	805
796	807
796	814
796	816
796	825
796	828
796	831
796	841
796	843
797	86
797	120
797	718
797	727
797	737
797	748
797	765
797	771
797	801
797	819
797	822
797	827
797	834
797	836
797	843
797	850
797	852
797	853
798	491
798	544
798	747
798	754
798	755
798	758
798	774
798	786
798	793
798	805
798	823
798	826
798	835
798	840
798	844
798	845
798	848
798	850
798	851
799	60
799	409
799	698
799	714
799	716
799	754
799	785
799	787
799	800
799	810
799	811
799	818
799	820
799	822
799	824
799	833
799	840
799	842
799	851
800	484
800	487
800	698
800	710
800	714
800	717
800	761
800	785
800	787
800	799
800	808
800	809
800	812
800	818
800	820
800	833
800	839
800	842
800	851
801	393
801	718
801	727
801	733
801	738
801	756
801	760
801	765
801	794
801	797
801	802
801	808
801	819
801	822
801	827
801	829
801	836
801	843
801	848
801	954
802	275
802	440
802	721
802	734
802	753
802	791
802	794
802	801
802	812
802	821
802	823
802	829
802	830
802	835
802	839
802	845
802	847
802	848
802	851
802	853
803	267
803	624
803	724
803	751
803	767
803	768
803	773
803	775
803	817
803	826
803	828
803	834
803	837
803	838
803	844
803	846
803	849
803	851
803	852
803	853
804	697
804	705
804	708
804	751
804	764
804	778
804	784
804	786
804	796
804	805
804	806
804	807
804	813
804	814
804	825
804	832
804	834
804	841
804	847
804	975
805	146
805	284
805	713
805	736
805	741
805	764
805	766
805	784
805	787
805	796
805	798
805	804
805	806
805	813
805	814
805	825
805	831
805	832
805	833
805	841
806	11
806	684
806	699
806	715
806	735
806	741
806	751
806	766
806	776
806	786
806	804
806	805
806	807
806	813
806	814
806	816
806	825
806	838
806	841
806	842
806	845
807	47
807	658
807	708
807	713
807	715
807	728
807	735
807	736
807	751
807	755
807	771
807	784
807	796
807	804
807	806
807	813
807	821
807	825
807	831
807	841
807	850
808	255
808	642
808	701
808	703
808	714
808	727
808	739
808	760
808	763
808	770
808	771
808	792
808	794
808	795
808	800
808	801
808	819
808	822
808	827
808	831
808	836
808	843
809	145
809	360
809	712
809	716
809	717
809	725
809	734
809	738
809	758
809	761
809	770
809	785
809	787
809	800
809	810
809	818
809	820
809	824
809	831
809	833
809	834
809	842
810	150
810	402
810	698
810	714
810	721
810	735
810	742
810	743
810	749
810	769
810	770
810	785
810	789
810	799
810	809
810	811
810	818
810	820
810	824
810	833
810	841
810	842
811	122
811	698
811	716
811	738
811	742
811	743
811	749
811	758
811	761
811	769
811	780
811	781
811	799
811	810
811	818
811	820
811	824
811	828
811	833
811	842
811	844
811	974
812	325
812	413
812	692
812	702
812	706
812	739
812	754
812	764
812	772
812	777
812	780
812	784
812	793
812	800
812	802
812	826
812	829
812	832
812	845
812	847
812	848
812	851
813	141
813	173
813	705
813	713
813	715
813	731
813	735
813	764
813	766
813	775
813	776
813	786
813	789
813	804
813	805
813	806
813	807
813	814
813	822
813	825
813	831
813	836
813	841
814	272
814	355
814	609
814	708
814	715
814	722
814	731
814	741
814	742
814	764
814	766
814	776
814	786
814	796
814	804
814	805
814	806
814	813
814	819
814	825
814	831
814	834
814	841
815	53
815	62
815	716
815	740
815	753
815	755
815	757
815	779
815	780
815	783
815	789
815	790
815	791
815	795
815	821
815	823
815	840
815	844
815	845
815	848
815	850
815	851
815	853
816	187
816	597
816	700
816	725
816	729
816	740
816	745
816	747
816	750
816	782
816	796
816	806
816	817
816	828
816	830
816	831
816	837
816	838
816	846
816	848
816	849
816	852
816	853
817	108
817	166
817	684
817	709
817	711
817	723
817	726
817	730
817	750
817	770
817	773
817	775
817	803
817	816
817	821
817	828
817	829
817	830
817	837
817	838
817	846
817	849
817	852
817	853
818	173
818	432
818	710
818	742
818	743
818	749
818	753
818	758
818	770
818	779
818	787
818	799
818	800
818	809
818	810
818	811
818	820
818	824
818	832
818	833
818	836
818	842
818	853
818	955
819	118
819	388
819	593
819	700
819	701
819	733
819	737
819	739
819	756
819	760
819	763
819	765
819	781
819	795
819	797
819	801
819	808
819	814
819	826
819	827
819	832
819	836
819	843
819	852
820	461
820	689
820	705
820	738
820	742
820	743
820	749
820	752
820	758
820	761
820	770
820	776
820	785
820	799
820	800
820	809
820	810
820	811
820	818
820	824
820	830
820	833
820	842
820	847
821	430
821	670
821	706
821	720
821	730
821	762
821	774
821	788
821	790
821	792
821	793
821	802
821	807
821	815
821	817
821	823
821	832
821	834
821	835
821	844
821	845
821	847
821	850
821	851
822	187
822	495
822	701
822	703
822	733
822	739
822	756
822	760
822	762
822	763
822	771
822	780
822	781
822	794
822	795
822	797
822	799
822	801
822	808
822	813
822	827
822	829
822	836
822	843
822	992
823	701
823	704
823	707
823	752
823	755
823	762
823	772
823	774
823	775
823	779
823	781
823	791
823	798
823	802
823	815
823	821
823	824
823	826
823	835
823	840
823	842
823	845
823	848
823	951
823	967
824	146
824	202
824	701
824	710
824	714
824	722
824	738
824	739
824	742
824	743
824	749
824	758
824	761
824	769
824	770
824	773
824	785
824	787
824	799
824	809
824	810
824	811
824	818
824	820
824	823
824	842
824	845
825	187
825	415
825	452
825	699
825	705
825	728
825	731
825	734
825	736
825	741
825	751
825	765
825	776
825	779
825	784
825	786
825	796
825	804
825	805
825	806
825	807
825	813
825	814
825	831
825	841
825	843
825	846
826	190
826	390
826	467
826	721
826	728
826	749
826	754
826	755
826	771
826	772
826	779
826	780
826	788
826	789
826	790
826	798
826	803
826	812
826	819
826	823
826	829
826	835
826	839
826	840
826	844
826	845
826	847
826	851
827	34
827	662
827	688
827	699
827	720
827	737
827	739
827	748
827	752
827	756
827	760
827	763
827	765
827	771
827	772
827	781
827	792
827	794
827	795
827	797
827	801
827	808
827	819
827	822
827	835
827	836
827	843
827	850
828	384
828	687
828	704
828	711
828	719
828	725
828	740
828	745
828	768
828	772
828	773
828	776
828	782
828	783
828	796
828	803
828	811
828	816
828	817
828	830
828	834
828	837
828	838
828	846
828	849
828	851
828	852
828	853
829	30
829	323
829	407
829	702
829	722
829	732
829	733
829	735
829	757
829	762
829	772
829	780
829	785
829	789
829	791
829	793
829	801
829	802
829	812
829	817
829	822
829	826
829	832
829	840
829	844
829	847
829	848
829	850
829	851
830	678
830	700
830	705
830	712
830	720
830	723
830	724
830	729
830	747
830	767
830	775
830	783
830	791
830	794
830	802
830	816
830	817
830	820
830	828
830	834
830	837
830	838
830	845
830	846
830	849
830	852
830	853
830	963
830	980
831	198
831	489
831	699
831	705
831	709
831	713
831	715
831	728
831	731
831	735
831	736
831	741
831	764
831	766
831	776
831	784
831	786
831	796
831	805
831	807
831	808
831	809
831	813
831	814
831	816
831	825
831	837
831	841
831	850
831	919
832	78
832	117
832	424
832	721
832	730
832	747
832	754
832	772
832	774
832	779
832	780
832	788
832	789
832	790
832	793
832	804
832	805
832	812
832	818
832	819
832	821
832	829
832	835
832	840
832	842
832	845
832	847
832	848
832	850
832	851
833	200
833	307
833	477
833	698
833	707
833	710
833	714
833	716
833	717
833	749
833	758
833	761
833	767
833	769
833	770
833	785
833	787
833	790
833	799
833	800
833	805
833	809
833	810
833	811
833	818
833	820
833	842
833	844
833	845
833	848
834	133
834	702
834	711
834	719
834	720
834	729
834	745
834	746
834	747
834	768
834	773
834	775
834	782
834	783
834	797
834	803
834	804
834	809
834	814
834	821
834	828
834	830
834	837
834	838
834	846
834	849
834	852
834	853
834	902
834	990
835	42
835	356
835	702
835	706
835	711
835	730
835	740
835	757
835	759
835	769
835	774
835	779
835	780
835	788
835	789
835	790
835	795
835	798
835	802
835	821
835	823
835	826
835	827
835	832
835	837
835	839
835	845
835	847
835	848
835	850
835	871
836	392
836	468
836	701
836	703
836	718
836	727
836	733
836	737
836	739
836	748
836	759
836	760
836	763
836	771
836	777
836	792
836	794
836	795
836	797
836	801
836	808
836	813
836	818
836	819
836	822
836	827
836	839
836	843
836	847
836	849
836	965
837	258
837	470
837	533
837	700
837	709
837	723
837	726
837	729
837	742
837	746
837	747
837	750
837	764
837	767
837	773
837	782
837	783
837	793
837	803
837	816
837	817
837	828
837	830
837	831
837	834
837	835
837	838
837	846
837	849
837	851
837	852
837	853
838	118
838	375
838	499
838	712
838	718
838	720
838	724
838	725
838	730
838	740
838	747
838	758
838	763
838	767
838	768
838	773
838	775
838	777
838	782
838	803
838	806
838	816
838	817
838	828
838	830
838	834
838	837
838	846
838	849
838	850
838	852
838	853
839	75
839	107
839	437
839	732
839	734
839	746
839	752
839	753
839	759
839	762
839	772
839	778
839	779
839	780
839	783
839	787
839	789
839	790
839	791
839	793
839	800
839	802
839	826
839	835
839	836
839	840
839	841
839	844
839	845
839	847
839	848
839	850
839	852
840	374
840	561
840	652
840	706
840	707
840	712
840	719
840	722
840	726
840	753
840	757
840	772
840	788
840	790
840	791
840	793
840	798
840	799
840	815
840	823
840	826
840	829
840	832
840	839
840	841
840	844
840	845
840	846
840	848
840	849
840	850
840	851
840	852
840	962
841	129
841	335
841	559
841	699
841	705
841	708
841	713
841	715
841	728
841	731
841	741
841	751
841	764
841	766
841	771
841	774
841	776
841	784
841	786
841	796
841	804
841	805
841	806
841	807
841	810
841	813
841	814
841	825
841	831
841	839
841	840
841	842
841	853
841	894
842	103
842	273
842	403
842	698
842	710
842	714
842	716
842	717
842	738
842	742
842	743
842	749
842	750
842	758
842	761
842	769
842	770
842	785
842	787
842	793
842	799
842	800
842	806
842	809
842	810
842	811
842	818
842	820
842	823
842	824
842	832
842	833
842	841
842	843
842	867
843	17
843	464
843	474
843	477
843	701
843	703
843	717
843	718
843	727
843	733
843	737
843	739
843	748
843	751
843	756
843	760
843	763
843	765
843	768
843	771
843	781
843	792
843	794
843	795
843	796
843	797
843	801
843	808
843	819
843	822
843	825
843	827
843	836
843	842
843	849
844	216
844	550
844	610
844	702
844	704
844	706
844	716
844	722
844	730
844	732
844	745
844	752
844	755
844	762
844	777
844	778
844	779
844	780
844	785
844	790
844	793
844	798
844	803
844	811
844	815
844	821
844	826
844	829
844	833
844	839
844	840
844	847
844	848
844	849
844	850
844	851
845	178
845	292
845	618
845	698
845	702
845	704
845	717
845	730
845	748
845	752
845	755
845	757
845	759
845	766
845	774
845	777
845	778
845	780
845	798
845	802
845	806
845	812
845	815
845	821
845	823
845	824
845	826
845	830
845	832
845	833
845	835
845	839
845	840
845	847
845	850
845	851
846	88
846	187
846	213
846	667
846	700
846	720
846	723
846	724
846	725
846	729
846	740
846	743
846	744
846	746
846	747
846	749
846	754
846	765
846	773
846	775
846	777
846	782
846	783
846	803
846	816
846	817
846	825
846	828
846	830
846	834
846	837
846	838
846	840
846	848
846	849
846	852
846	853
847	155
847	331
847	472
847	722
847	725
847	726
847	728
847	732
847	734
847	750
847	752
847	754
847	755
847	759
847	762
847	767
847	772
847	777
847	778
847	788
847	789
847	802
847	804
847	812
847	820
847	821
847	826
847	829
847	832
847	835
847	836
847	839
847	844
847	845
847	848
847	850
847	851
848	541
848	573
848	630
848	719
848	726
848	727
848	730
848	732
848	734
848	744
848	752
848	753
848	755
848	757
848	759
848	774
848	777
848	785
848	789
848	790
848	791
848	798
848	801
848	802
848	812
848	815
848	816
848	823
848	829
848	832
848	833
848	835
848	839
848	840
848	844
848	846
848	847
848	850
848	960
849	403
849	491
849	519
849	546
849	709
849	711
849	712
849	719
849	723
849	725
849	729
849	731
849	737
849	740
849	744
849	745
849	746
849	750
849	767
849	768
849	775
849	782
849	783
849	792
849	803
849	816
849	817
849	828
849	830
849	834
849	836
849	837
849	838
849	840
849	843
849	844
849	846
849	850
849	852
849	853
850	386
850	436
850	460
850	478
850	715
850	721
850	726
850	732
850	733
850	734
850	752
850	754
850	755
850	757
850	762
850	772
850	777
850	779
850	789
850	790
850	791
850	797
850	798
850	807
850	815
850	821
850	827
850	829
850	831
850	832
850	835
850	838
850	839
850	840
850	844
850	845
850	847
850	848
850	849
850	851
851	10
851	534
851	569
851	666
851	704
851	706
851	707
851	721
851	726
851	730
851	732
851	734
851	736
851	752
851	757
851	768
851	772
851	774
851	778
851	788
851	789
851	791
851	793
851	798
851	799
851	800
851	802
851	803
851	812
851	815
851	821
851	826
851	828
851	829
851	832
851	837
851	840
851	844
851	845
851	847
851	850
851	853
852	200
852	214
852	301
852	309
852	700
852	709
852	711
852	712
852	719
852	720
852	724
852	725
852	729
852	738
852	740
852	744
852	746
852	747
852	750
852	767
852	768
852	773
852	778
852	781
852	782
852	783
852	788
852	797
852	803
852	816
852	817
852	819
852	828
852	830
852	834
852	837
852	838
852	839
852	840
852	846
852	849
852	853
853	35
853	409
853	489
853	690
853	700
853	709
853	711
853	712
853	719
853	720
853	723
853	724
853	725
853	733
853	740
853	744
853	745
853	746
853	747
853	750
853	753
853	767
853	768
853	773
853	782
853	783
853	784
853	797
853	802
853	803
853	815
853	816
853	817
853	818
853	828
853	830
853	834
853	837
853	838
853	841
853	846
853	849
853	851
853	852
854	669
854	885
854	952
854	980
854	988
854	993
854	995
854	998
854	999
854	1000
855	469
855	930
855	951
855	952
855	959
855	962
855	975
855	983
855	985
856	235
856	899
856	915
856	932
856	961
856	967
856	969
856	974
856	982
856	995
857	449
857	890
857	943
857	953
857	955
857	958
857	966
857	968
857	970
857	989
858	199
858	859
858	875
858	898
858	939
858	989
858	990
858	991
858	992
858	996
859	644
859	858
859	958
859	963
859	980
859	987
859	989
859	990
859	991
859	992
860	491
860	932
860	981
860	989
860	993
860	994
860	996
860	997
860	999
860	1000
861	480
861	864
861	913
861	916
861	934
861	941
861	966
861	968
861	970
861	996
862	465
862	914
862	923
862	924
862	948
862	956
862	974
862	979
862	982
862	998
863	523
863	939
863	940
863	944
863	947
863	964
863	971
863	987
863	989
863	990
864	416
864	861
864	868
864	913
864	920
864	928
864	943
864	954
864	966
864	970
865	311
865	903
865	910
865	949
865	956
865	971
865	979
865	982
865	986
865	995
866	422
866	905
866	944
866	946
866	955
866	987
866	989
866	990
866	991
866	992
867	842
867	887
867	895
867	934
867	941
867	943
867	954
867	955
867	970
867	995
868	270
868	864
868	880
868	913
868	943
868	955
868	966
868	968
868	970
868	977
869	504
869	921
869	934
869	941
869	953
869	954
869	955
869	966
869	968
869	970
869	976
870	602
870	924
870	958
870	962
870	963
870	976
870	984
870	993
870	994
870	999
870	1000
871	835
871	887
871	951
871	959
871	961
871	962
871	972
871	975
871	983
871	985
871	996
872	135
872	892
872	912
872	929
872	938
872	958
872	990
872	991
872	992
872	993
872	999
873	41
873	888
873	961
873	977
873	984
873	993
873	994
873	995
873	996
873	997
873	1000
874	640
874	875
874	876
874	911
874	915
874	948
874	949
874	974
874	979
874	987
874	999
875	666
875	858
875	874
875	896
875	897
875	924
875	961
875	971
875	979
875	982
875	1000
876	598
876	874
876	904
876	910
876	956
876	967
876	974
876	978
876	979
876	982
876	994
877	149
877	878
877	918
877	948
877	964
877	987
877	989
877	990
877	991
877	992
877	994
878	733
878	877
878	904
878	933
878	936
878	951
878	962
878	972
878	983
878	985
878	988
879	165
879	880
879	946
879	958
879	976
879	979
879	987
879	989
879	990
879	991
879	992
880	371
880	868
880	879
880	882
880	909
880	916
880	944
880	987
880	989
880	991
880	992
881	252
881	962
881	969
881	971
881	976
881	982
881	995
881	996
881	997
881	999
881	1000
882	89
882	880
882	934
882	937
882	981
882	987
882	989
882	990
882	991
882	992
882	994
883	138
883	925
883	930
883	933
883	942
883	951
883	952
883	975
883	983
883	985
883	993
884	773
884	911
884	915
884	921
884	922
884	959
884	972
884	975
884	983
884	985
884	998
885	764
885	854
885	898
885	935
885	940
885	942
885	987
885	989
885	990
885	991
885	992
886	639
886	901
886	922
886	925
886	959
886	962
886	964
886	965
886	972
886	983
886	985
887	189
887	867
887	871
887	951
887	959
887	961
887	962
887	972
887	975
887	983
887	985
888	444
888	873
888	890
888	934
888	953
888	954
888	955
888	966
888	968
888	970
888	977
889	39
889	891
889	908
889	949
889	951
889	956
889	967
889	971
889	979
889	982
889	998
890	552
890	857
890	888
890	908
890	953
890	954
890	966
890	968
890	970
890	980
890	983
891	147
891	889
891	899
891	924
891	967
891	971
891	974
891	978
891	979
891	982
891	984
892	113
892	872
892	929
892	957
892	960
892	987
892	989
892	990
892	991
892	992
892	994
893	348
893	456
893	894
893	915
893	927
893	950
893	976
893	980
893	986
893	988
893	997
893	1000
894	622
894	841
894	893
894	904
894	908
894	910
894	914
894	967
894	971
894	979
894	980
894	982
895	475
895	590
895	867
895	943
895	953
895	954
895	955
895	966
895	968
895	970
895	989
895	997
896	387
896	617
896	875
896	909
896	947
896	952
896	965
896	993
896	994
896	995
896	998
896	1000
897	7
897	875
897	899
897	904
897	948
897	961
897	965
897	974
897	979
897	982
897	989
897	1000
898	55
898	858
898	885
898	919
898	940
898	976
898	987
898	989
898	990
898	991
898	992
898	994
899	465
899	856
899	891
899	897
899	910
899	935
899	948
899	967
899	971
899	979
899	980
899	999
900	341
900	911
900	930
900	951
900	952
900	963
900	970
900	972
900	975
900	980
900	983
900	985
901	526
901	886
901	922
901	946
901	948
901	951
901	962
901	972
901	975
901	983
901	985
901	993
902	834
902	909
902	930
902	936
902	945
902	951
902	952
902	962
902	972
902	975
902	983
902	985
902	993
903	33
903	865
903	908
903	915
903	932
903	939
903	948
903	971
903	974
903	979
903	982
903	991
903	994
904	491
904	876
904	878
904	894
904	897
904	913
904	914
904	928
904	956
904	961
904	967
904	971
904	982
905	217
905	684
905	866
905	932
905	977
905	986
905	988
905	993
905	994
905	995
905	996
905	997
905	999
906	177
906	910
906	919
906	941
906	963
906	965
906	976
906	981
906	986
906	996
906	998
906	999
906	1000
907	303
907	922
907	941
907	942
907	976
907	978
907	988
907	993
907	994
907	995
907	998
907	999
907	1000
908	58
908	889
908	890
908	894
908	903
908	948
908	956
908	961
908	967
908	971
908	974
908	981
908	988
909	436
909	880
909	896
909	902
909	919
909	940
909	964
909	989
909	990
909	991
909	992
909	993
909	1000
910	373
910	865
910	876
910	894
910	899
910	906
910	949
910	950
910	953
910	956
910	971
910	974
910	982
911	671
911	874
911	884
911	900
911	925
911	936
911	952
911	959
911	962
911	983
911	985
911	986
911	1000
912	591
912	872
912	930
912	935
912	947
912	974
912	976
912	984
912	994
912	995
912	998
912	999
912	1000
913	681
913	861
913	864
913	868
913	904
913	928
913	940
913	953
913	954
913	955
913	966
913	968
913	970
913	997
914	428
914	862
914	894
914	904
914	915
914	932
914	956
914	961
914	971
914	973
914	979
914	982
914	996
914	1000
915	204
915	856
915	874
915	884
915	893
915	903
915	914
915	932
915	949
915	961
915	967
915	974
915	978
915	982
916	621
916	861
916	880
916	917
916	970
916	976
916	977
916	984
916	988
916	993
916	994
916	995
916	997
916	999
917	263
917	916
917	918
917	949
917	950
917	973
917	976
917	984
917	985
917	994
917	995
917	996
917	997
917	998
918	44
918	877
918	917
918	938
918	939
918	940
918	959
918	964
918	968
918	987
918	989
918	990
918	991
918	992
919	831
919	898
919	906
919	909
919	926
919	937
919	954
919	958
919	964
919	985
919	987
919	990
919	991
919	992
920	144
920	864
920	950
920	957
920	965
920	978
920	981
920	985
920	993
920	994
920	996
920	997
920	998
920	1000
921	304
921	869
921	884
921	935
921	936
921	963
921	973
921	981
921	988
921	993
921	994
921	996
921	998
921	1000
922	101
922	884
922	886
922	901
922	907
922	930
922	936
922	943
922	951
922	952
922	959
922	983
922	985
922	996
923	104
923	680
923	862
923	931
923	938
923	957
923	960
923	965
923	981
923	991
923	994
923	997
923	999
923	1000
924	171
924	862
924	870
924	875
924	891
924	932
924	939
924	948
924	949
924	956
924	957
924	961
924	967
924	971
925	633
925	883
925	886
925	911
925	930
925	933
925	959
925	962
925	972
925	973
925	975
925	983
925	985
925	988
925	993
926	323
926	919
926	938
926	939
926	940
926	942
926	944
926	946
926	973
926	987
926	989
926	990
926	991
926	992
926	995
927	375
927	511
927	893
927	947
927	956
927	960
927	964
927	983
927	984
927	986
927	988
927	994
927	996
927	997
927	998
928	198
928	353
928	864
928	904
928	913
928	935
928	941
928	943
928	953
928	954
928	955
928	966
928	968
928	970
928	979
929	656
929	872
929	892
929	931
929	938
929	939
929	946
929	958
929	968
929	982
929	987
929	989
929	990
929	991
929	992
930	685
930	855
930	883
930	900
930	902
930	912
930	922
930	925
930	933
930	952
930	956
930	972
930	974
930	983
930	985
931	238
931	287
931	923
931	929
931	953
931	965
931	973
931	976
931	980
931	992
931	993
931	994
931	995
931	997
931	998
931	1000
932	405
932	665
932	856
932	860
932	903
932	905
932	914
932	915
932	924
932	948
932	949
932	961
932	965
932	967
932	971
932	982
933	197
933	716
933	878
933	883
933	925
933	930
933	936
933	951
933	952
933	959
933	975
933	983
933	985
933	988
933	996
933	997
934	432
934	465
934	861
934	867
934	869
934	882
934	888
934	941
934	943
934	953
934	955
934	966
934	967
934	968
934	970
934	999
935	129
935	885
935	899
935	912
935	921
935	928
935	977
935	981
935	984
935	988
935	995
935	996
935	997
935	998
935	999
935	1000
936	445
936	612
936	878
936	902
936	911
936	921
936	922
936	933
936	959
936	960
936	962
936	972
936	973
936	975
936	983
936	984
936	985
937	682
937	882
937	919
937	938
937	944
937	945
937	946
937	947
937	957
937	958
937	964
937	987
937	988
937	989
937	990
937	991
937	992
938	718
938	872
938	918
938	923
938	926
938	929
938	937
938	943
938	949
938	958
938	964
938	987
938	989
938	990
938	991
938	992
938	997
939	441
939	858
939	863
939	903
939	918
939	924
939	926
939	929
939	940
939	946
939	958
939	960
939	983
939	987
939	989
939	990
939	991
939	992
940	171
940	863
940	885
940	898
940	909
940	913
940	918
940	926
940	939
940	964
940	982
940	983
940	986
940	987
940	989
940	990
940	991
940	992
941	330
941	646
941	861
941	867
941	869
941	906
941	907
941	928
941	934
941	943
941	953
941	954
941	955
941	966
941	968
941	970
941	993
941	998
942	185
942	489
942	883
942	885
942	907
942	926
942	957
942	966
942	978
942	984
942	986
942	993
942	995
942	996
942	997
942	998
942	999
942	1000
943	458
943	792
943	857
943	864
943	867
943	868
943	895
943	922
943	928
943	934
943	938
943	941
943	946
943	953
943	954
943	955
943	966
943	968
943	984
944	97
944	489
944	863
944	866
944	880
944	926
944	937
944	946
944	948
944	955
944	958
944	964
944	987
944	989
944	990
944	991
944	992
944	994
944	997
945	354
945	659
945	902
945	937
945	950
945	951
945	960
945	963
945	973
945	975
945	980
945	984
945	986
945	988
945	993
945	994
945	995
945	998
945	999
945	1000
946	483
946	487
946	866
946	879
946	901
946	926
946	929
946	937
946	939
946	943
946	944
946	958
946	964
946	986
946	987
946	989
946	990
946	991
946	992
946	997
947	469
947	628
947	863
947	896
947	912
947	927
947	937
947	960
947	969
947	974
947	977
947	978
947	981
947	984
947	986
947	991
947	994
947	996
947	997
947	999
947	1000
948	29
948	589
948	862
948	874
948	877
948	897
948	899
948	901
948	903
948	908
948	924
948	932
948	944
948	956
948	960
948	961
948	967
948	974
948	979
948	982
948	1000
949	184
949	198
949	865
949	874
949	889
949	910
949	915
949	917
949	924
949	932
949	938
949	956
949	961
949	967
949	971
949	972
949	974
949	979
949	982
949	984
949	1000
950	125
950	513
950	893
950	910
950	917
950	920
950	945
950	957
950	959
950	973
950	984
950	986
950	990
950	992
950	993
950	995
950	996
950	997
950	998
950	999
950	1000
951	462
951	823
951	855
951	871
951	878
951	883
951	887
951	889
951	900
951	901
951	902
951	922
951	933
951	945
951	952
951	959
951	972
951	975
951	983
951	985
951	992
951	1000
952	454
952	577
952	726
952	854
952	855
952	883
952	896
952	900
952	902
952	911
952	922
952	930
952	933
952	951
952	959
952	962
952	972
952	975
952	983
952	985
952	995
952	997
953	389
953	532
953	689
953	857
953	869
953	888
953	890
953	895
953	910
953	913
953	928
953	931
953	934
953	941
953	943
953	954
953	955
953	966
953	968
953	986
953	991
953	998
954	413
954	685
954	801
954	864
954	867
954	869
954	888
954	890
954	895
954	913
954	919
954	928
954	941
954	943
954	953
954	955
954	965
954	966
954	968
954	970
954	973
954	999
955	473
955	818
955	857
955	866
955	867
955	868
955	869
955	888
955	895
955	913
955	928
955	934
955	941
955	943
955	944
955	953
955	954
955	966
955	967
955	968
955	970
955	990
956	137
956	166
956	862
956	865
956	876
956	889
956	904
956	908
956	910
956	914
956	924
956	927
956	930
956	948
956	949
956	967
956	968
956	974
956	979
956	982
956	987
956	999
957	168
957	419
957	663
957	892
957	920
957	923
957	924
957	937
957	942
957	950
957	969
957	976
957	977
957	978
957	980
957	981
957	982
957	986
957	988
957	995
957	998
957	999
957	1000
958	169
958	584
958	857
958	859
958	870
958	872
958	879
958	919
958	929
958	937
958	938
958	939
958	944
958	946
958	963
958	964
958	970
958	987
958	989
958	990
958	991
958	992
958	999
959	157
959	395
959	855
959	871
959	884
959	886
959	887
959	911
959	918
959	922
959	925
959	933
959	936
959	950
959	951
959	952
959	962
959	963
959	972
959	975
959	983
959	985
959	996
960	661
960	848
960	892
960	923
960	927
960	936
960	939
960	945
960	947
960	948
960	969
960	978
960	980
960	981
960	983
960	984
960	986
960	988
960	993
960	995
960	997
960	998
960	1000
961	248
961	397
961	560
961	856
961	871
961	873
961	875
961	887
961	897
961	904
961	908
961	914
961	915
961	924
961	932
961	948
961	949
961	967
961	971
961	974
961	979
961	982
961	996
962	174
962	227
962	840
962	855
962	870
962	871
962	878
962	881
962	886
962	887
962	901
962	902
962	911
962	925
962	936
962	952
962	959
962	972
962	975
962	983
962	985
962	994
962	998
963	202
963	830
963	859
963	870
963	900
963	906
963	921
963	945
963	958
963	959
963	965
963	973
963	977
963	978
963	979
963	980
963	986
963	988
963	993
963	995
963	996
963	997
963	1000
964	64
964	265
964	637
964	863
964	877
964	886
964	909
964	918
964	919
964	927
964	937
964	938
964	940
964	944
964	946
964	958
964	984
964	986
964	987
964	989
964	990
964	991
964	992
964	995
965	218
965	457
965	836
965	886
965	896
965	897
965	906
965	920
965	923
965	931
965	932
965	954
965	963
965	973
965	977
965	980
965	981
965	986
965	987
965	988
965	995
965	996
965	997
965	998
965	999
966	365
966	596
966	696
966	857
966	861
966	864
966	868
966	869
966	888
966	890
966	895
966	913
966	928
966	934
966	941
966	942
966	943
966	953
966	954
966	955
966	968
966	970
966	989
966	997
966	999
967	663
967	823
967	856
967	876
967	889
967	891
967	894
967	899
967	904
967	908
967	915
967	924
967	932
967	934
967	948
967	949
967	955
967	956
967	961
967	974
967	979
967	982
967	988
967	993
967	998
968	285
968	442
968	471
968	857
968	861
968	868
968	869
968	888
968	890
968	895
968	913
968	918
968	928
968	929
968	934
968	941
968	943
968	953
968	954
968	955
968	956
968	966
968	970
968	972
968	988
969	111
969	433
969	475
969	856
969	881
969	947
969	957
969	960
969	971
969	976
969	977
969	981
969	982
969	984
969	985
969	986
969	987
969	988
969	993
969	994
969	995
969	996
969	998
969	999
969	1000
970	443
970	663
970	774
970	857
970	861
970	864
970	867
970	868
970	869
970	888
970	890
970	895
970	900
970	913
970	916
970	928
970	934
970	941
970	954
970	955
970	958
970	966
970	968
970	972
970	977
971	67
971	337
971	458
971	863
971	865
971	875
971	881
971	889
971	891
971	894
971	899
971	903
971	904
971	908
971	910
971	914
971	924
971	932
971	949
971	961
971	969
971	974
971	978
971	979
971	982
971	984
972	564
972	629
972	694
972	871
972	878
972	884
972	886
972	887
972	900
972	901
972	902
972	925
972	930
972	936
972	949
972	951
972	952
972	959
972	962
972	968
972	970
972	975
972	978
972	981
972	983
972	985
973	350
973	695
973	767
973	914
973	917
973	921
973	925
973	926
973	931
973	936
973	945
973	950
973	954
973	963
973	965
973	978
973	980
973	990
973	993
973	994
973	995
973	996
973	997
973	998
973	999
973	1000
974	528
974	737
974	811
974	856
974	862
974	874
974	876
974	891
974	897
974	903
974	908
974	910
974	912
974	915
974	930
974	947
974	948
974	949
974	956
974	961
974	967
974	971
974	979
974	982
974	995
974	999
975	79
975	112
975	804
975	855
975	871
975	883
975	884
975	887
975	900
975	901
975	902
975	925
975	933
975	936
975	945
975	951
975	952
975	959
975	962
975	972
975	979
975	983
975	985
975	986
975	992
975	1000
976	487
976	632
976	869
976	870
976	879
976	881
976	893
976	898
976	906
976	907
976	912
976	916
976	917
976	931
976	957
976	969
976	978
976	985
976	987
976	988
976	993
976	994
976	995
976	996
976	997
976	998
976	999
977	98
977	479
977	775
977	868
977	873
977	888
977	905
977	916
977	935
977	947
977	957
977	963
977	965
977	969
977	970
977	980
977	981
977	984
977	986
977	988
977	990
977	991
977	994
977	996
977	997
977	998
977	999
978	183
978	254
978	689
978	876
978	891
978	907
978	915
978	920
978	942
978	947
978	957
978	960
978	963
978	971
978	972
978	973
978	976
978	981
978	984
978	988
978	992
978	993
978	994
978	995
978	996
978	997
978	998
978	999
979	312
979	413
979	464
979	862
979	865
979	874
979	875
979	876
979	879
979	889
979	891
979	894
979	897
979	899
979	903
979	914
979	928
979	948
979	949
979	956
979	961
979	963
979	967
979	971
979	974
979	975
979	982
979	995
979	996
980	293
980	485
980	830
980	854
980	859
980	890
980	893
980	894
980	899
980	900
980	931
980	945
980	957
980	960
980	963
980	965
980	973
980	977
980	981
980	984
980	986
980	988
980	989
980	993
980	994
980	995
980	996
980	997
980	998
980	999
980	1000
981	161
981	448
981	607
981	860
981	882
981	906
981	908
981	920
981	921
981	923
981	935
981	947
981	957
981	960
981	965
981	969
981	972
981	977
981	978
981	980
981	983
981	986
981	988
981	989
981	992
981	993
981	995
981	996
981	998
981	999
981	1000
982	261
982	446
982	486
982	856
982	862
982	865
982	875
982	876
982	881
982	889
982	891
982	894
982	897
982	903
982	904
982	910
982	914
982	915
982	929
982	932
982	940
982	948
982	949
982	956
982	957
982	961
982	967
982	969
982	971
982	974
982	979
982	990
983	201
983	771
983	787
983	855
983	871
983	878
983	883
983	884
983	886
983	887
983	890
983	900
983	901
983	902
983	911
983	922
983	925
983	927
983	930
983	933
983	936
983	939
983	940
983	951
983	952
983	959
983	960
983	962
983	972
983	975
983	981
983	985
984	154
984	180
984	280
984	548
984	870
984	873
984	891
984	912
984	916
984	917
984	927
984	935
984	936
984	942
984	943
984	945
984	947
984	949
984	950
984	960
984	964
984	969
984	971
984	977
984	978
984	980
984	986
984	990
984	993
984	995
984	996
984	998
984	999
985	339
985	394
985	657
985	855
985	871
985	878
985	883
985	884
985	886
985	887
985	900
985	901
985	902
985	911
985	917
985	919
985	920
985	922
985	925
985	930
985	933
985	936
985	951
985	952
985	959
985	962
985	969
985	972
985	975
985	976
985	983
985	991
985	998
986	173
986	275
986	431
986	751
986	865
986	893
986	905
986	906
986	911
986	927
986	940
986	942
986	945
986	946
986	947
986	950
986	953
986	957
986	960
986	963
986	964
986	965
986	969
986	975
986	977
986	980
986	981
986	984
986	988
986	994
986	995
986	996
986	997
986	998
986	999
986	1000
987	154
987	185
987	428
987	435
987	859
987	863
987	866
987	874
987	877
987	879
987	880
987	882
987	885
987	892
987	898
987	918
987	919
987	926
987	929
987	937
987	938
987	939
987	940
987	944
987	946
987	956
987	958
987	964
987	965
987	969
987	976
987	989
987	990
987	991
987	992
987	999
987	1000
988	193
988	385
988	449
988	620
988	854
988	878
988	893
988	905
988	907
988	908
988	916
988	921
988	925
988	927
988	933
988	935
988	937
988	945
988	957
988	960
988	963
988	965
988	967
988	968
988	969
988	976
988	977
988	978
988	980
988	981
988	986
988	991
988	994
988	995
988	996
988	997
988	998
988	999
988	1000
989	150
989	177
989	223
989	297
989	857
989	858
989	859
989	860
989	863
989	866
989	877
989	879
989	880
989	882
989	885
989	892
989	895
989	897
989	898
989	909
989	918
989	926
989	929
989	937
989	938
989	939
989	940
989	944
989	946
989	958
989	964
989	966
989	980
989	981
989	987
989	990
989	991
989	992
989	998
990	21
990	456
990	668
990	834
990	858
990	859
990	863
990	866
990	872
990	877
990	879
990	882
990	885
990	892
990	898
990	909
990	918
990	919
990	926
990	929
990	937
990	938
990	939
990	940
990	944
990	946
990	950
990	955
990	958
990	964
990	973
990	977
990	982
990	984
990	987
990	989
990	991
990	992
990	995
990	997
991	585
991	676
991	688
991	790
991	858
991	859
991	866
991	872
991	877
991	879
991	880
991	882
991	885
991	892
991	898
991	903
991	909
991	918
991	919
991	923
991	926
991	929
991	937
991	938
991	939
991	940
991	944
991	946
991	947
991	953
991	958
991	964
991	977
991	985
991	987
991	988
991	989
991	990
991	992
991	993
992	457
992	469
992	472
992	822
992	858
992	859
992	866
992	872
992	877
992	879
992	880
992	882
992	885
992	892
992	898
992	909
992	918
992	919
992	926
992	929
992	931
992	937
992	938
992	939
992	940
992	944
992	946
992	950
992	951
992	958
992	964
992	975
992	978
992	981
992	987
992	989
992	990
992	991
992	994
992	998
993	308
993	316
993	480
993	490
993	854
993	860
993	870
993	872
993	873
993	883
993	896
993	901
993	902
993	905
993	907
993	909
993	916
993	920
993	921
993	925
993	931
993	941
993	942
993	945
993	950
993	960
993	963
993	967
993	969
993	973
993	976
993	978
993	980
993	981
993	984
993	991
993	994
993	995
993	996
993	997
993	998
993	999
993	1000
994	257
994	295
994	421
994	743
994	761
994	860
994	870
994	873
994	876
994	877
994	882
994	892
994	896
994	898
994	903
994	905
994	907
994	912
994	916
994	917
994	920
994	921
994	923
994	927
994	931
994	944
994	945
994	947
994	962
994	969
994	973
994	976
994	977
994	978
994	980
994	986
994	988
994	992
994	993
994	996
994	997
994	998
994	999
994	1000
995	90
995	122
995	486
995	683
995	854
995	856
995	865
995	867
995	873
995	881
995	896
995	905
995	907
995	912
995	916
995	917
995	926
995	931
995	935
995	942
995	945
995	950
995	952
995	957
995	960
995	963
995	964
995	965
995	969
995	973
995	974
995	976
995	978
995	979
995	980
995	981
995	984
995	986
995	988
995	990
995	993
995	996
995	997
995	999
995	1000
996	202
996	444
996	575
996	665
996	678
996	858
996	860
996	861
996	871
996	873
996	881
996	905
996	906
996	914
996	917
996	920
996	921
996	922
996	927
996	933
996	935
996	942
996	947
996	950
996	959
996	961
996	963
996	965
996	969
996	973
996	976
996	977
996	978
996	979
996	980
996	981
996	984
996	986
996	988
996	993
996	994
996	995
996	997
996	998
996	999
996	1000
997	119
997	134
997	408
997	420
997	470
997	860
997	873
997	881
997	893
997	895
997	905
997	913
997	916
997	917
997	920
997	923
997	927
997	931
997	933
997	935
997	938
997	942
997	944
997	946
997	947
997	950
997	952
997	960
997	963
997	965
997	966
997	973
997	976
997	977
997	978
997	980
997	986
997	988
997	990
997	993
997	994
997	995
997	996
997	998
997	999
997	1000
998	220
998	398
998	627
998	704
998	775
998	854
998	862
998	884
998	889
998	896
998	906
998	907
998	912
998	917
998	920
998	921
998	927
998	931
998	935
998	941
998	942
998	945
998	950
998	953
998	957
998	960
998	962
998	965
998	967
998	969
998	973
998	976
998	977
998	978
998	980
998	981
998	984
998	985
998	986
998	988
998	989
998	992
998	993
998	994
998	996
998	997
998	999
998	1000
999	50
999	115
999	450
999	467
999	468
999	854
999	860
999	870
999	872
999	874
999	881
999	899
999	905
999	906
999	907
999	912
999	916
999	923
999	934
999	935
999	942
999	945
999	947
999	950
999	954
999	956
999	957
999	958
999	965
999	966
999	969
999	973
999	974
999	976
999	977
999	978
999	980
999	981
999	984
999	986
999	987
999	988
999	993
999	994
999	995
999	996
999	997
999	998
999	1000
1000	282
1000	392
1000	416
1000	461
1000	635
1000	854
1000	860
1000	870
1000	873
1000	875
1000	881
1000	893
1000	896
1000	897
1000	906
1000	907
1000	909
1000	911
1000	912
1000	914
1000	920
1000	921
1000	923
1000	931
1000	935
1000	942
1000	945
1000	947
1000	948
1000	949
1000	950
1000	951
1000	957
1000	960
1000	963
1000	969
1000	973
1000	975
1000	980
1000	981
1000	986
1000	987
1000	988
1000	993
1000	994
1000	995
1000	996
1000	997
1000	998
1000	999
