1	69
1	71
1	100
1	147
1	158
1	173
1	178
1	181
1	197
1	203
2	126
2	156
2	166
2	175
2	177
2	178
2	193
2	202
2	203
2	393
3	99
3	124
3	162
3	172
3	176
3	179
3	180
3	191
3	198
3	465
4	26
4	50
4	64
4	84
4	113
4	125
4	154
4	167
4	189
4	473
5	92
5	151
5	167
5	170
5	183
5	187
5	189
5	194
5	198
5	201
6	128
6	151
6	158
6	162
6	170
6	176
6	179
6	180
6	190
6	191
7	38
7	89
7	97
7	160
7	178
7	193
7	197
7	202
7	203
7	439
8	62
8	75
8	160
8	168
8	179
8	187
8	194
8	198
8	201
8	803
9	59
9	138
9	145
9	168
9	184
9	185
9	187
9	198
9	201
9	964
10	95
10	145
10	159
10	169
10	175
10	182
10	194
10	196
10	199
10	200
11	114
11	125
11	135
11	164
11	169
11	182
11	193
11	196
11	199
11	200
12	50
12	88
12	115
12	119
12	146
12	153
12	156
12	165
12	186
12	187
13	130
13	139
13	152
13	162
13	163
13	172
13	176
13	179
13	190
13	343
14	46
14	51
14	69
14	84
14	113
14	141
14	156
14	165
14	186
14	195
15	101
15	138
15	139
15	154
15	162
15	176
15	179
15	180
15	190
15	191
16	22
16	28
16	79
16	99
16	132
16	139
16	151
16	180
16	190
16	191
17	58
17	64
17	70
17	83
17	110
17	145
17	146
17	165
17	195
17	867
18	72
18	83
18	152
18	160
18	162
18	192
18	196
18	202
18	203
18	445
19	81
19	115
19	127
19	141
19	168
19	174
19	184
19	185
19	198
19	201
20	54
20	137
20	140
20	157
20	165
20	183
20	186
20	188
20	195
20	641
21	82
21	101
21	167
21	173
21	177
21	181
21	192
21	197
21	202
21	203
22	16
22	60
22	117
22	121
22	147
22	149
22	164
22	169
22	199
22	200
23	86
23	99
23	159
23	164
23	169
23	171
23	192
23	196
23	200
23	809
24	50
24	77
24	85
24	108
24	119
24	147
24	165
24	186
24	195
24	759
25	63
25	73
25	104
25	122
25	161
25	168
25	170
25	189
25	198
25	201
25	520
26	4
26	63
26	93
26	119
26	134
26	140
26	157
26	186
26	190
26	195
26	423
27	100
27	126
27	166
27	178
27	182
27	192
27	195
27	197
27	202
27	203
27	693
28	16
28	42
28	90
28	130
28	136
28	163
28	172
28	176
28	180
28	190
28	191
29	115
29	166
29	170
29	174
29	184
29	185
29	187
29	189
29	198
29	201
29	487
30	71
30	72
30	94
30	107
30	108
30	109
30	147
30	149
30	155
30	199
30	200
31	49
31	64
31	78
31	125
31	133
31	137
31	140
31	186
31	187
31	188
31	380
32	80
32	128
32	132
32	139
32	176
32	179
32	180
32	185
32	191
32	197
32	806
33	98
33	136
33	142
33	149
33	154
33	168
33	187
33	194
33	198
33	201
33	652
34	39
34	83
34	108
34	160
34	174
34	178
34	193
34	197
34	198
34	202
34	203
35	93
35	110
35	124
35	125
35	140
35	141
35	146
35	154
35	175
35	195
35	196
36	134
36	136
36	175
36	183
36	184
36	185
36	189
36	194
36	197
36	201
36	479
37	45
37	47
37	111
37	135
37	143
37	151
37	155
37	169
37	193
37	196
37	482
38	7
38	111
38	147
38	159
38	171
38	175
38	182
38	188
38	196
38	199
38	200
39	34
39	117
39	132
39	152
39	158
39	166
39	178
39	197
39	198
39	202
39	655
40	41
40	45
40	103
40	124
40	164
40	172
40	174
40	178
40	197
40	202
40	203
41	40
41	53
41	83
41	126
41	162
41	166
41	192
41	193
41	197
41	202
41	643
42	28
42	101
42	102
42	117
42	148
42	155
42	166
42	174
42	181
42	202
42	203
43	112
43	131
43	138
43	167
43	168
43	176
43	180
43	182
43	190
43	191
43	814
44	56
44	148
44	155
44	174
44	177
44	193
44	195
44	197
44	202
44	203
44	291
45	37
45	40
45	54
45	95
45	149
45	150
45	155
45	169
45	182
45	196
45	199
46	14
46	74
46	87
46	110
46	141
46	145
46	148
46	154
46	156
46	157
46	195
46	780
47	37
47	53
47	88
47	130
47	144
47	159
47	164
47	169
47	196
47	199
47	200
47	786
48	49
48	84
48	88
48	89
48	96
48	105
48	133
48	154
48	156
48	157
48	159
48	181
49	31
49	48
49	148
49	163
49	173
49	174
49	181
49	192
49	193
49	197
49	202
49	203
50	4
50	12
50	24
50	68
50	105
50	119
50	133
50	157
50	167
50	186
50	188
50	199
51	14
51	73
51	107
51	108
51	121
51	155
51	164
51	175
51	196
51	199
51	200
51	569
52	88
52	92
52	93
52	152
52	158
52	160
52	165
52	166
52	192
52	202
52	203
52	407
53	41
53	47
53	139
53	143
53	155
53	164
53	171
53	175
53	182
53	196
53	199
53	379
54	20
54	45
54	78
54	93
54	110
54	112
54	113
54	119
54	186
54	188
54	195
54	615
55	65
55	107
55	121
55	143
55	147
55	159
55	164
55	169
55	183
55	189
55	196
55	969
56	44
56	90
56	124
56	148
56	177
56	181
56	186
56	192
56	193
56	202
56	203
56	355
57	144
57	161
57	167
57	170
57	187
57	188
57	189
57	191
57	194
57	198
57	201
57	813
58	17
58	93
58	113
58	141
58	157
58	186
58	188
58	192
58	193
58	195
58	201
58	697
59	9
59	100
59	118
59	131
59	151
59	162
59	176
59	179
59	190
59	191
59	193
59	613
60	22
60	91
60	94
60	128
60	143
60	164
60	171
60	175
60	190
60	199
60	200
60	370
61	82
61	85
61	132
61	137
61	145
61	146
61	156
61	157
61	165
61	186
61	195
61	198
62	8
62	77
62	107
62	168
62	170
62	183
62	185
62	187
62	189
62	194
62	198
62	201
62	231
63	25
63	26
63	74
63	84
63	88
63	112
63	133
63	153
63	154
63	160
63	186
63	195
63	768
64	4
64	17
64	31
64	68
64	77
64	92
64	140
64	146
64	153
64	157
64	181
64	188
64	215
65	55
65	95
65	127
65	143
65	149
65	150
65	155
65	166
65	171
65	182
65	199
65	200
65	626
66	83
66	106
66	142
66	148
66	166
66	173
66	177
66	178
66	197
66	201
66	202
66	203
66	367
67	98
67	102
67	136
67	158
67	166
67	168
67	170
67	183
67	185
67	189
67	194
67	201
67	203
68	50
68	64
68	78
68	82
68	117
68	137
68	146
68	153
68	154
68	181
68	188
68	195
68	852
69	1
69	14
69	100
69	117
69	148
69	173
69	174
69	177
69	187
69	192
69	202
69	203
69	290
70	17
70	74
70	85
70	96
70	125
70	137
70	142
70	145
70	154
70	183
70	188
70	195
70	800
71	1
71	30
71	111
71	114
71	122
71	127
71	169
71	175
71	196
71	199
71	200
71	201
71	922
72	18
72	30
72	131
72	174
72	177
72	181
72	192
72	193
72	195
72	197
72	202
72	203
72	693
73	25
73	51
73	85
73	98
73	158
73	167
73	168
73	183
73	184
73	185
73	189
73	194
73	198
73	338
74	46
74	63
74	70
74	82
74	105
74	110
74	111
74	113
74	119
74	136
74	137
74	141
74	153
74	163
75	8
75	115
75	129
75	161
75	167
75	177
75	183
75	184
75	187
75	189
75	194
75	199
75	201
75	582
76	129
76	136
76	138
76	144
76	158
76	161
76	167
76	168
76	179
76	183
76	187
76	194
76	198
76	578
77	24
77	62
77	64
77	82
77	113
77	125
77	140
77	146
77	165
77	180
77	188
77	195
77	202
77	433
78	31
78	54
78	68
78	82
78	105
78	110
78	141
78	165
78	171
78	186
78	187
78	195
78	200
78	315
79	16
79	144
79	170
79	173
79	183
79	184
79	185
79	187
79	189
79	194
79	198
79	200
79	201
79	649
80	32
80	96
80	109
80	123
80	125
80	128
80	139
80	162
80	166
80	172
80	179
80	190
80	191
80	467
81	19
81	87
81	129
81	142
81	161
81	167
81	170
81	177
81	183
81	185
81	187
81	198
81	201
81	728
82	21
82	61
82	68
82	74
82	77
82	78
82	89
82	107
82	148
82	154
82	165
82	186
82	188
82	195
82	406
83	17
83	18
83	34
83	41
83	66
83	117
83	152
83	160
83	169
83	174
83	178
83	193
83	201
83	202
83	203
84	4
84	14
84	48
84	63
84	85
84	96
84	119
84	120
84	133
84	141
84	150
84	156
84	163
84	186
84	437
85	24
85	61
85	70
85	73
85	84
85	88
85	119
85	125
85	135
85	139
85	154
85	157
85	186
85	195
85	269
86	23
86	94
86	119
86	141
86	143
86	150
86	155
86	159
86	169
86	171
86	172
86	175
86	182
86	199
86	200
87	46
87	81
87	90
87	99
87	100
87	118
87	120
87	123
87	138
87	139
87	172
87	176
87	179
87	190
87	191
88	12
88	47
88	48
88	52
88	63
88	85
88	113
88	119
88	127
88	133
88	140
88	141
88	145
88	146
88	165
89	7
89	48
89	82
89	96
89	125
89	140
89	145
89	153
89	156
89	186
89	188
89	195
89	197
89	202
89	690
90	28
90	56
90	87
90	94
90	99
90	112
90	123
90	139
90	151
90	172
90	179
90	181
90	190
90	191
90	965
91	60
91	122
91	135
91	150
91	152
91	155
91	159
91	169
91	170
91	171
91	196
91	198
91	199
91	200
91	540
92	5
92	52
92	64
92	102
92	103
92	160
92	173
92	174
92	177
92	178
92	181
92	193
92	197
92	202
92	203
92	472
93	26
93	35
93	52
93	54
93	58
93	125
93	133
93	137
93	141
93	157
93	165
93	176
93	186
93	188
93	203
93	998
94	30
94	60
94	86
94	90
94	114
94	121
94	149
94	160
94	169
94	175
94	182
94	183
94	196
94	199
94	200
94	229
95	10
95	45
95	65
95	111
95	121
95	131
95	132
95	147
95	149
95	171
95	175
95	177
95	196
95	199
95	200
95	849
96	48
96	70
96	80
96	84
96	89
96	105
96	118
96	135
96	137
96	141
96	154
96	156
96	165
96	188
96	195
96	666
97	7
97	101
97	106
97	109
97	124
97	152
97	158
97	161
97	174
97	178
97	181
97	192
97	193
97	197
97	203
97	811
98	33
98	67
98	73
98	115
98	142
98	143
98	144
98	173
98	183
98	184
98	185
98	187
98	194
98	197
98	198
98	201
99	3
99	16
99	23
99	87
99	90
99	109
99	123
99	162
99	163
99	169
99	176
99	179
99	180
99	184
99	190
99	191
100	1
100	27
100	59
100	69
100	87
100	121
100	124
100	160
100	173
100	174
100	177
100	181
100	193
100	197
100	202
100	972
101	15
101	21
101	42
101	97
101	152
101	171
101	173
101	174
101	178
101	192
101	193
101	197
101	200
101	202
101	203
101	610
102	42
102	67
102	92
102	134
102	161
102	167
102	170
102	179
102	183
102	184
102	185
102	189
102	194
102	196
102	198
102	201
103	40
103	92
103	126
103	146
103	158
103	159
103	166
103	173
103	178
103	189
103	192
103	193
103	197
103	202
103	203
103	346
104	25
104	120
104	127
104	144
104	157
104	161
104	167
104	168
104	183
104	184
104	185
104	189
104	191
104	194
104	198
104	201
104	361
105	48
105	50
105	74
105	78
105	96
105	110
105	145
105	153
105	156
105	157
105	172
105	184
105	186
105	189
105	195
105	203
105	676
106	66
106	97
106	112
106	120
106	130
106	132
106	138
106	139
106	162
106	163
106	171
106	172
106	179
106	180
106	190
106	191
106	371
107	30
107	51
107	55
107	62
107	82
107	114
107	135
107	149
107	150
107	155
107	164
107	174
107	175
107	196
107	199
107	200
107	473
108	24
108	30
108	34
108	51
108	129
108	147
108	150
108	159
108	164
108	169
108	171
108	175
108	182
108	196
108	199
108	200
108	832
109	30
109	80
109	97
109	99
109	118
109	123
109	131
109	162
109	163
109	172
109	176
109	179
109	180
109	184
109	190
109	191
109	960
110	17
110	35
110	46
110	54
110	74
110	78
110	105
110	113
110	125
110	127
110	129
110	140
110	145
110	156
110	165
110	188
110	199
111	37
111	38
111	71
111	74
111	95
111	122
111	144
111	147
111	155
111	159
111	163
111	164
111	171
111	182
111	196
111	200
111	567
112	43
112	54
112	63
112	90
112	106
112	113
112	131
112	151
112	162
112	163
112	172
112	176
112	180
112	184
112	190
112	191
112	847
113	4
113	14
113	54
113	58
113	74
113	77
113	88
113	110
113	112
113	131
113	146
113	153
113	156
113	157
113	161
113	186
113	188
114	11
114	71
114	94
114	107
114	121
114	122
114	143
114	163
114	166
114	170
114	171
114	175
114	182
114	196
114	199
114	200
114	429
115	12
115	19
115	29
115	75
115	98
115	167
115	168
115	170
115	183
115	184
115	185
115	189
115	194
115	195
115	198
115	199
115	201
115	986
116	117
116	121
116	133
116	148
116	152
116	158
116	160
116	163
116	174
116	177
116	178
116	181
116	192
116	193
116	195
116	197
116	203
116	402
117	22
117	39
117	42
117	68
117	69
117	83
117	116
117	148
117	158
117	160
117	173
117	175
117	181
117	192
117	197
117	201
117	202
117	1000
118	59
118	87
118	96
118	109
118	122
118	128
118	129
118	130
118	132
118	138
118	151
118	163
118	172
118	176
118	180
118	191
118	203
118	644
119	12
119	24
119	26
119	50
119	54
119	74
119	84
119	85
119	86
119	88
119	146
119	153
119	157
119	167
119	173
119	188
119	195
119	475
120	84
120	87
120	104
120	106
120	123
120	128
120	132
120	139
120	151
120	163
120	172
120	174
120	176
120	179
120	180
120	190
120	195
120	490
121	22
121	51
121	55
121	94
121	95
121	100
121	114
121	116
121	122
121	147
121	150
121	164
121	171
121	178
121	182
121	186
121	196
121	200
121	932
122	25
122	71
122	91
122	111
122	114
122	118
122	121
122	135
122	147
122	149
122	159
122	165
122	171
122	175
122	182
122	193
122	199
122	200
122	985
123	80
123	87
123	90
123	99
123	109
123	120
123	130
123	131
123	145
123	162
123	163
123	172
123	176
123	180
123	183
123	191
123	198
123	202
123	438
124	3
124	35
124	40
124	56
124	97
124	100
124	148
124	160
124	164
124	166
124	173
124	177
124	178
124	181
124	192
124	193
124	197
124	199
124	203
125	4
125	11
125	31
125	35
125	70
125	77
125	80
125	85
125	89
125	93
125	110
125	137
125	145
125	154
125	156
125	164
125	186
125	194
125	195
125	551
126	2
126	27
126	41
126	103
126	128
126	136
126	152
126	160
126	166
126	177
126	178
126	180
126	181
126	192
126	193
126	197
126	198
126	202
126	203
126	956
127	19
127	65
127	71
127	88
127	104
127	110
127	129
127	134
127	136
127	144
127	161
127	168
127	184
127	185
127	187
127	189
127	194
127	198
127	201
127	587
128	6
128	32
128	60
128	80
128	118
128	120
128	126
128	131
128	138
128	151
128	155
128	162
128	163
128	172
128	174
128	176
128	179
128	180
128	190
128	463
129	75
129	76
129	81
129	108
129	110
129	118
129	127
129	156
129	161
129	167
129	168
129	183
129	184
129	185
129	187
129	189
129	194
129	198
129	201
129	479
130	13
130	28
130	47
130	106
130	118
130	123
130	132
130	139
130	143
130	151
130	152
130	162
130	163
130	168
130	172
130	176
130	179
130	190
130	191
130	787
131	43
131	59
131	72
131	95
131	109
131	112
131	113
131	123
131	128
131	138
131	151
131	163
131	172
131	176
131	179
131	180
131	190
131	191
131	193
131	239
132	16
132	32
132	39
132	61
132	95
132	106
132	118
132	120
132	130
132	138
132	139
132	151
132	163
132	172
132	179
132	180
132	190
132	191
132	192
132	286
133	31
133	48
133	50
133	63
133	84
133	88
133	93
133	116
133	140
133	141
133	145
133	146
133	150
133	153
133	154
133	164
133	185
133	188
133	195
133	268
134	26
134	36
134	102
134	127
134	142
134	144
134	157
134	167
134	168
134	170
134	173
134	184
134	185
134	187
134	188
134	189
134	194
134	198
134	200
134	201
134	481
135	11
135	37
135	85
135	91
135	96
135	107
135	122
135	150
135	155
135	159
135	164
135	169
135	171
135	175
135	177
135	182
135	186
135	196
135	199
135	200
135	230
136	28
136	33
136	36
136	67
136	74
136	76
136	126
136	127
136	142
136	161
136	167
136	170
136	183
136	184
136	185
136	187
136	189
136	194
136	196
136	201
136	344
137	20
137	31
137	61
137	68
137	70
137	74
137	93
137	96
137	125
137	140
137	145
137	154
137	156
137	165
137	166
137	176
137	182
137	186
137	187
137	195
137	838
138	9
138	15
138	43
138	76
138	87
138	106
138	118
138	128
138	131
138	132
138	151
138	153
138	160
138	162
138	163
138	172
138	179
138	180
138	190
138	191
138	420
139	13
139	15
139	16
139	32
139	53
139	80
139	85
139	87
139	90
139	106
139	120
139	130
139	132
139	151
139	163
139	176
139	180
139	190
139	191
139	201
139	203
139	428
140	20
140	26
140	31
140	35
140	64
140	77
140	88
140	89
140	110
140	133
140	137
140	145
140	153
140	156
140	157
140	184
140	185
140	188
140	192
140	193
140	195
140	629
141	14
141	19
141	35
141	46
141	58
141	74
141	78
141	84
141	86
141	88
141	93
141	96
141	133
141	146
141	153
141	156
141	157
141	165
141	176
141	188
141	189
141	468
142	33
142	66
142	70
142	81
142	98
142	134
142	136
142	144
142	149
142	161
142	167
142	169
142	170
142	183
142	184
142	185
142	187
142	189
142	194
142	198
142	201
142	628
143	37
143	53
143	55
143	60
143	65
143	86
143	98
143	114
143	130
143	147
143	149
143	150
143	151
143	159
143	164
143	165
143	169
143	175
143	196
143	199
143	200
143	333
143	487
144	47
144	57
144	76
144	79
144	98
144	104
144	111
144	127
144	134
144	142
144	161
144	168
144	182
144	183
144	184
144	186
144	187
144	189
144	194
144	198
144	201
144	203
144	583
145	9
145	10
145	17
145	46
145	61
145	70
145	88
145	89
145	105
145	110
145	123
145	125
145	133
145	137
145	140
145	152
145	153
145	154
145	165
145	176
145	188
145	190
145	195
145	472
146	12
146	17
146	35
146	61
146	64
146	68
146	77
146	88
146	103
146	113
146	119
146	133
146	141
146	154
146	157
146	165
146	176
146	186
146	188
146	195
146	202
146	203
146	242
146	426
147	1
147	22
147	24
147	30
147	38
147	55
147	95
147	108
147	111
147	121
147	122
147	143
147	150
147	155
147	159
147	171
147	178
147	182
147	190
147	196
147	199
147	200
147	274
147	808
148	42
148	44
148	46
148	49
148	56
148	66
148	69
148	82
148	116
148	117
148	124
148	152
148	160
148	166
148	167
148	173
148	181
148	192
148	193
148	197
148	201
148	202
148	203
148	448
149	22
149	30
149	33
149	45
149	65
149	94
149	95
149	107
149	122
149	142
149	143
149	150
149	159
149	164
149	171
149	175
149	180
149	182
149	196
149	198
149	199
149	200
149	203
149	348
149	353
150	45
150	65
150	84
150	86
150	91
150	107
150	108
150	121
150	133
150	135
150	143
150	147
150	149
150	155
150	164
150	171
150	175
150	176
150	182
150	185
150	194
150	196
150	199
150	200
150	490
151	5
151	6
151	16
151	37
151	59
151	90
151	112
151	118
151	120
151	128
151	130
151	131
151	132
151	138
151	139
151	143
151	162
151	163
151	172
151	179
151	180
151	186
151	190
151	191
151	202
151	621
152	13
152	18
152	39
152	52
152	83
152	91
152	97
152	101
152	116
152	126
152	130
152	145
152	148
152	158
152	166
152	168
152	173
152	174
152	177
152	178
152	192
152	193
152	197
152	202
152	203
152	339
153	12
153	63
153	64
153	68
153	74
153	89
153	105
153	113
153	119
153	133
153	138
153	140
153	141
153	145
153	156
153	157
153	165
153	180
153	185
153	186
153	188
153	195
153	199
153	200
153	206
153	905
154	4
154	15
154	33
154	35
154	46
154	48
154	63
154	68
154	70
154	82
154	85
154	96
154	125
154	133
154	137
154	145
154	146
154	156
154	157
154	178
154	186
154	188
154	190
154	191
154	285
154	412
155	30
155	37
155	42
155	44
155	45
155	51
155	53
155	65
155	86
155	91
155	107
155	111
155	128
155	135
155	147
155	150
155	169
155	175
155	181
155	182
155	184
155	196
155	199
155	200
155	822
155	900
156	2
156	12
156	14
156	46
156	48
156	61
156	84
156	89
156	96
156	105
156	110
156	113
156	125
156	129
156	137
156	140
156	141
156	153
156	154
156	165
156	185
156	186
156	187
156	188
156	195
156	202
156	460
157	20
157	26
157	46
157	48
157	50
157	58
157	61
157	64
157	85
157	93
157	104
157	105
157	113
157	119
157	134
157	140
157	141
157	146
157	153
157	154
157	161
157	177
157	188
157	195
157	200
157	299
157	989
158	1
158	6
158	39
158	52
158	67
158	73
158	76
158	97
158	103
158	116
158	117
158	152
158	160
158	161
158	166
158	173
158	174
158	177
158	178
158	181
158	191
158	192
158	193
158	197
158	202
158	203
158	821
159	10
159	23
159	38
159	47
159	48
159	55
159	86
159	91
159	103
159	108
159	111
159	122
159	135
159	143
159	147
159	149
159	160
159	171
159	172
159	175
159	182
159	186
159	196
159	199
159	200
159	203
159	680
160	7
160	8
160	18
160	34
160	52
160	63
160	83
160	92
160	94
160	100
160	116
160	117
160	124
160	126
160	138
160	148
160	158
160	159
160	166
160	173
160	174
160	177
160	181
160	193
160	202
160	203
160	381
160	717
161	25
161	57
161	75
161	76
161	81
161	97
161	102
161	104
161	113
161	127
161	129
161	136
161	142
161	144
161	157
161	158
161	167
161	168
161	170
161	178
161	183
161	184
161	185
161	187
161	189
161	194
161	198
161	201
161	303
162	3
162	6
162	13
162	15
162	18
162	41
162	59
162	80
162	99
162	106
162	109
162	112
162	123
162	128
162	130
162	138
162	151
162	163
162	171
162	172
162	176
162	179
162	190
162	191
162	197
162	199
162	201
162	450
162	772
163	13
163	28
163	49
163	74
163	84
163	99
163	106
163	109
163	111
163	112
163	114
163	116
163	118
163	120
163	123
163	128
163	130
163	131
163	132
163	138
163	139
163	151
163	162
163	176
163	179
163	180
163	190
163	191
163	366
164	11
164	22
164	23
164	40
164	47
164	51
164	53
164	55
164	60
164	107
164	108
164	111
164	121
164	124
164	125
164	133
164	135
164	143
164	149
164	150
164	169
164	171
164	175
164	182
164	183
164	196
164	198
164	199
164	216
165	12
165	14
165	17
165	20
165	24
165	52
165	61
165	77
165	78
165	82
165	88
165	93
165	96
165	110
165	122
165	137
165	141
165	143
165	145
165	146
165	153
165	156
165	182
165	186
165	188
165	192
165	195
165	202
165	795
166	2
166	27
166	29
166	39
166	41
166	42
166	52
166	65
166	66
166	67
166	80
166	103
166	114
166	124
166	126
166	137
166	148
166	152
166	158
166	160
166	173
166	174
166	177
166	181
166	192
166	193
166	197
166	202
166	203
166	462
167	4
167	5
167	21
167	43
167	50
167	57
167	73
167	75
167	76
167	81
167	102
167	104
167	115
167	119
167	129
167	134
167	136
167	142
167	148
167	161
167	170
167	183
167	184
167	185
167	189
167	192
167	194
167	198
167	201
167	427
168	8
168	9
168	19
168	25
168	33
168	43
168	62
168	67
168	73
168	76
168	104
168	115
168	127
168	129
168	130
168	134
168	144
168	152
168	161
168	170
168	177
168	179
168	183
168	184
168	187
168	189
168	194
168	196
168	198
168	201
168	618
169	10
169	11
169	22
169	23
169	37
169	45
169	47
169	55
169	71
169	83
169	86
169	91
169	94
169	99
169	108
169	135
169	142
169	143
169	155
169	164
169	171
169	180
169	182
169	183
169	191
169	196
169	197
169	199
169	200
169	453
169	532
170	5
170	6
170	25
170	29
170	57
170	62
170	67
170	79
170	81
170	91
170	102
170	114
170	115
170	134
170	136
170	142
170	161
170	167
170	168
170	183
170	184
170	185
170	187
170	188
170	189
170	194
170	198
170	199
170	200
170	201
170	329
171	23
171	38
171	53
171	60
171	65
171	78
171	86
171	91
171	95
171	101
171	106
171	108
171	111
171	114
171	121
171	122
171	135
171	147
171	149
171	150
171	159
171	162
171	164
171	169
171	173
171	175
171	182
171	196
171	199
171	200
171	202
171	403
172	3
172	13
172	28
172	40
172	80
172	86
172	87
172	90
172	105
172	106
172	109
172	112
172	118
172	120
172	123
172	128
172	130
172	131
172	132
172	138
172	151
172	159
172	162
172	173
172	176
172	179
172	180
172	188
172	190
172	191
172	194
172	973
173	1
173	21
173	49
173	66
173	69
173	79
173	92
173	98
173	100
173	101
173	103
173	117
173	119
173	124
173	134
173	148
173	152
173	158
173	160
173	166
173	171
173	172
173	174
173	177
173	178
173	181
173	192
173	197
173	202
173	203
173	475
173	681
174	19
174	29
174	34
174	40
174	42
174	44
174	49
174	69
174	72
174	83
174	92
174	97
174	100
174	101
174	107
174	116
174	120
174	128
174	152
174	158
174	160
174	166
174	173
174	177
174	181
174	190
174	192
174	193
174	196
174	197
174	203
174	282
175	2
175	10
175	35
175	36
175	38
175	51
175	53
175	60
175	71
175	86
175	94
175	95
175	107
175	108
175	114
175	117
175	122
175	135
175	143
175	149
175	150
175	155
175	159
175	164
175	171
175	182
175	195
175	196
175	199
175	200
175	201
175	962
175	989
176	3
176	6
176	13
176	15
176	28
176	32
176	43
176	59
176	87
176	93
176	99
176	109
176	112
176	118
176	120
176	123
176	128
176	130
176	131
176	137
176	139
176	141
176	145
176	146
176	150
176	162
176	163
176	172
176	179
176	180
176	190
176	191
176	194
176	853
177	2
177	21
177	44
177	56
177	66
177	69
177	72
177	75
177	81
177	92
177	95
177	100
177	116
177	124
177	126
177	135
177	152
177	157
177	158
177	160
177	166
177	168
177	173
177	174
177	178
177	181
177	192
177	193
177	196
177	197
177	202
177	203
177	562
177	798
178	1
178	2
178	7
178	27
178	34
178	39
178	40
178	66
178	83
178	92
178	97
178	101
178	103
178	116
178	121
178	124
178	126
178	147
178	152
178	154
178	158
178	161
178	173
178	177
178	181
178	182
178	188
178	191
178	192
178	193
178	197
178	202
178	203
178	682
179	3
179	6
179	8
179	13
179	15
179	32
179	59
179	76
179	80
179	87
179	90
179	99
179	102
179	106
179	109
179	120
179	128
179	130
179	131
179	132
179	138
179	151
179	162
179	163
179	168
179	172
179	176
179	180
179	190
179	191
179	194
179	195
179	201
179	597
179	611
180	3
180	6
180	15
180	16
180	28
180	32
180	43
180	77
180	99
180	106
180	109
180	112
180	118
180	120
180	123
180	126
180	128
180	131
180	132
180	138
180	139
180	149
180	151
180	153
180	163
180	169
180	172
180	176
180	179
180	184
180	190
180	191
180	199
180	405
180	453
181	1
181	21
181	42
181	48
181	49
181	56
181	64
181	68
181	72
181	90
181	92
181	97
181	100
181	116
181	117
181	124
181	126
181	148
181	155
181	158
181	160
181	166
181	173
181	174
181	177
181	178
181	189
181	192
181	193
181	196
181	197
181	202
181	203
181	631
181	990
182	10
182	11
182	27
182	38
182	43
182	45
182	53
182	65
182	86
182	94
182	108
182	111
182	114
182	121
182	122
182	135
182	137
182	144
182	147
182	149
182	150
182	155
182	159
182	164
182	165
182	169
182	171
182	175
182	178
182	190
182	196
182	199
182	200
182	455
182	654
183	5
183	20
183	36
183	55
183	62
183	67
183	70
183	73
183	75
183	76
183	79
183	81
183	94
183	98
183	102
183	104
183	115
183	123
183	129
183	136
183	142
183	144
183	161
183	164
183	167
183	168
183	169
183	170
183	185
183	189
183	194
183	198
183	201
183	425
183	474
184	9
184	19
184	29
184	36
184	73
184	75
184	79
184	98
184	99
184	102
184	104
184	105
184	109
184	112
184	115
184	127
184	129
184	134
184	136
184	140
184	142
184	144
184	155
184	161
184	167
184	168
184	170
184	180
184	185
184	187
184	189
184	194
184	198
184	201
184	277
184	445
185	9
185	19
185	29
185	32
185	36
185	62
185	67
185	73
185	79
185	81
185	98
185	102
185	104
185	115
185	127
185	129
185	133
185	134
185	136
185	140
185	142
185	150
185	153
185	156
185	161
185	167
185	170
185	183
185	184
185	187
185	189
185	198
185	200
185	201
185	275
185	407
186	12
186	14
186	20
186	24
186	26
186	31
186	50
186	54
186	56
186	58
186	61
186	63
186	78
186	82
186	84
186	85
186	89
186	93
186	105
186	113
186	121
186	125
186	135
186	137
186	144
186	146
186	151
186	153
186	154
186	156
186	159
186	165
186	188
186	195
186	203
186	441
186	807
187	5
187	8
187	9
187	12
187	29
187	31
187	33
187	57
187	62
187	69
187	75
187	76
187	78
187	79
187	81
187	98
187	127
187	129
187	134
187	136
187	137
187	142
187	144
187	156
187	161
187	168
187	170
187	184
187	185
187	188
187	189
187	193
187	194
187	198
187	201
187	589
187	792
188	20
188	31
188	38
188	50
188	54
188	57
188	58
188	64
188	68
188	70
188	77
188	82
188	89
188	93
188	96
188	110
188	113
188	119
188	133
188	134
188	140
188	141
188	145
188	146
188	153
188	154
188	156
188	157
188	165
188	170
188	172
188	178
188	186
188	187
188	200
188	633
188	1000
189	4
189	5
189	25
189	29
189	36
189	55
189	57
189	62
189	67
189	73
189	75
189	79
189	102
189	103
189	104
189	105
189	115
189	127
189	129
189	134
189	136
189	141
189	142
189	144
189	161
189	167
189	168
189	170
189	181
189	183
189	184
189	185
189	187
189	192
189	198
189	201
189	202
189	916
190	6
190	13
190	15
190	16
190	26
190	28
190	43
190	59
190	60
190	80
190	87
190	90
190	99
190	106
190	109
190	112
190	120
190	128
190	130
190	131
190	132
190	138
190	139
190	145
190	147
190	151
190	154
190	162
190	163
190	172
190	174
190	176
190	179
190	180
190	182
190	191
190	194
190	648
190	650
191	3
191	6
191	15
191	16
191	28
191	32
191	43
191	57
191	59
191	80
191	87
191	90
191	99
191	104
191	106
191	109
191	112
191	118
191	123
191	130
191	131
191	132
191	138
191	139
191	151
191	154
191	158
191	162
191	163
191	169
191	172
191	176
191	178
191	179
191	180
191	190
191	202
191	319
191	590
192	18
192	21
192	23
192	27
192	41
192	49
192	52
192	56
192	58
192	69
192	72
192	97
192	101
192	103
192	116
192	117
192	124
192	126
192	132
192	140
192	148
192	152
192	158
192	165
192	166
192	167
192	173
192	174
192	177
192	178
192	181
192	189
192	193
192	197
192	199
192	202
192	203
192	743
192	778
193	2
193	7
193	11
193	34
193	37
193	41
193	44
193	49
193	56
193	58
193	59
193	72
193	83
193	92
193	97
193	100
193	101
193	103
193	116
193	122
193	124
193	126
193	131
193	140
193	148
193	152
193	158
193	160
193	166
193	174
193	177
193	178
193	181
193	187
193	192
193	197
193	202
193	203
193	660
193	836
194	5
194	8
194	10
194	33
194	36
194	57
194	62
194	67
194	73
194	75
194	76
194	79
194	98
194	102
194	104
194	115
194	125
194	127
194	129
194	134
194	136
194	142
194	144
194	150
194	161
194	167
194	168
194	170
194	172
194	176
194	179
194	183
194	184
194	187
194	190
194	196
194	198
194	201
194	955
194	984
195	14
195	17
195	20
195	24
195	26
195	27
195	35
195	44
195	46
195	54
195	58
195	61
195	63
195	68
195	70
195	72
195	77
195	78
195	82
195	85
195	89
195	96
195	105
195	115
195	116
195	119
195	120
195	125
195	133
195	137
195	140
195	145
195	146
195	153
195	156
195	157
195	165
195	175
195	179
195	186
195	197
195	480
195	554
196	10
196	11
196	18
196	23
196	35
196	37
196	38
196	45
196	47
196	51
196	53
196	55
196	71
196	91
196	94
196	95
196	102
196	107
196	108
196	111
196	114
196	121
196	135
196	136
196	143
196	147
196	149
196	150
196	155
196	159
196	164
196	168
196	169
196	171
196	174
196	175
196	177
196	181
196	182
196	194
196	199
196	200
196	236
196	464
197	1
197	7
197	21
197	27
197	32
197	34
197	36
197	39
197	40
197	41
197	44
197	49
197	66
197	72
197	89
197	92
197	97
197	98
197	100
197	101
197	103
197	116
197	117
197	124
197	126
197	148
197	152
197	158
197	162
197	166
197	169
197	173
197	174
197	177
197	178
197	181
197	192
197	193
197	195
197	200
197	202
197	203
197	530
197	657
197	674
198	3
198	5
198	8
198	9
198	19
198	25
198	29
198	33
198	34
198	39
198	57
198	61
198	62
198	73
198	76
198	79
198	81
198	91
198	98
198	102
198	104
198	115
198	123
198	126
198	127
198	129
198	134
198	142
198	144
198	149
198	161
198	164
198	167
198	168
198	170
198	183
198	184
198	185
198	187
198	189
198	194
198	201
198	435
198	545
198	846
199	10
199	11
199	22
199	30
199	38
199	45
199	47
199	50
199	51
199	53
199	60
199	65
199	71
199	75
199	86
199	91
199	94
199	95
199	107
199	108
199	110
199	114
199	115
199	122
199	124
199	135
199	143
199	147
199	149
199	150
199	153
199	155
199	159
199	162
199	164
199	169
199	170
199	171
199	175
199	180
199	182
199	192
199	196
199	200
199	262
199	503
200	10
200	11
200	22
200	23
200	30
200	38
200	47
200	51
200	60
200	65
200	71
200	78
200	79
200	86
200	91
200	94
200	95
200	101
200	107
200	108
200	111
200	114
200	121
200	122
200	134
200	135
200	143
200	147
200	149
200	150
200	153
200	155
200	157
200	159
200	169
200	170
200	171
200	175
200	182
200	185
200	188
200	196
200	197
200	199
200	372
200	819
200	968
201	5
201	8
201	9
201	19
201	25
201	29
201	33
201	36
201	57
201	58
201	62
201	66
201	67
201	71
201	75
201	79
201	81
201	83
201	98
201	102
201	104
201	115
201	117
201	127
201	129
201	134
201	136
201	139
201	142
201	144
201	148
201	161
201	162
201	167
201	168
201	170
201	175
201	179
201	183
201	184
201	185
201	187
201	189
201	194
201	198
201	400
201	996
202	2
202	7
202	18
202	21
202	27
202	34
202	39
202	40
202	41
202	42
202	44
202	49
202	52
202	56
202	66
202	69
202	72
202	77
202	83
202	89
202	92
202	100
202	101
202	103
202	117
202	123
202	126
202	146
202	148
202	151
202	152
202	156
202	158
202	160
202	165
202	166
202	171
202	173
202	177
202	178
202	181
202	189
202	191
202	192
202	193
202	197
202	203
202	820
202	945
203	1
203	2
203	7
203	18
203	21
203	27
203	34
203	40
203	42
203	44
203	49
203	52
203	56
203	66
203	67
203	69
203	72
203	83
203	92
203	93
203	97
203	101
203	103
203	105
203	116
203	118
203	124
203	126
203	139
203	144
203	146
203	148
203	149
203	152
203	158
203	159
203	160
203	166
203	173
203	174
203	177
203	178
203	181
203	186
203	192
203	193
203	197
203	202
203	489
203	595
204	227
204	338
204	404
204	475
204	477
204	482
204	483
204	485
204	488
204	491
205	324
205	442
205	462
205	470
205	477
205	482
205	483
205	485
205	488
205	491
206	153
206	351
206	388
206	412
206	425
206	438
206	450
206	469
206	474
206	478
207	208
207	263
207	380
207	397
207	452
207	467
207	484
207	486
207	487
207	489
208	207
208	216
208	432
208	442
208	452
208	462
208	482
208	483
208	488
208	491
209	305
209	324
209	339
209	351
209	382
209	412
209	421
209	425
209	435
209	638
210	238
210	272
210	338
210	339
210	365
210	366
210	407
210	411
210	424
210	443
211	386
211	423
211	427
211	429
211	431
211	452
211	453
211	460
211	463
211	487
212	340
212	396
212	408
212	417
212	427
212	431
212	460
212	463
212	486
212	665
213	242
213	299
213	329
213	350
213	372
213	406
213	415
213	430
213	444
213	478
214	254
214	349
214	378
214	449
214	467
214	470
214	476
214	487
214	489
214	695
215	64
215	374
215	393
215	418
215	454
215	481
215	484
215	486
215	487
215	489
216	164
216	208
216	398
216	428
216	475
216	482
216	484
216	485
216	488
216	491
217	226
217	324
217	325
217	333
217	351
217	397
217	412
217	421
217	422
217	435
218	233
218	284
218	352
218	378
218	397
218	456
218	462
218	468
218	472
218	487
219	283
219	359
219	394
219	399
219	436
219	440
219	445
219	454
219	461
219	469
220	387
220	418
220	420
220	449
220	467
220	472
220	481
220	486
220	489
220	558
221	386
221	401
221	410
221	423
221	431
221	447
221	457
221	460
221	462
221	463
222	249
222	274
222	313
222	392
222	407
222	424
222	426
222	436
222	439
222	443
223	356
223	378
223	442
223	472
223	475
223	482
223	483
223	485
223	488
223	491
224	327
224	332
224	336
224	393
224	402
224	420
224	436
224	445
224	454
224	461
225	259
225	285
225	344
225	427
225	437
225	464
225	471
225	476
225	489
225	490
226	217
226	354
226	391
226	410
226	437
226	441
226	471
226	479
226	490
226	536
227	204
227	244
227	331
227	475
227	477
227	482
227	483
227	485
227	488
227	491
228	371
228	450
228	462
228	475
228	477
228	482
228	483
228	485
228	486
228	491
229	94
229	239
229	310
229	450
229	462
229	475
229	477
229	482
229	488
229	491
230	135
230	314
230	375
230	414
230	436
230	441
230	464
230	476
230	477
230	479
231	62
231	354
231	389
231	454
231	475
231	482
231	483
231	485
231	488
231	491
232	366
232	370
232	385
232	392
232	403
232	411
232	413
232	426
232	440
232	443
233	218
233	261
233	333
233	350
233	351
233	382
233	412
233	422
233	435
233	445
234	302
234	317
234	327
234	329
234	348
234	350
234	360
234	405
234	430
234	444
235	340
235	381
235	431
235	447
235	453
235	457
235	460
235	463
235	482
235	491
236	196
236	279
236	313
236	335
236	392
236	411
236	424
236	426
236	443
236	480
237	283
237	381
237	428
237	431
237	447
237	453
237	457
237	460
237	463
237	636
238	210
238	310
238	366
238	392
238	407
238	413
238	439
238	443
238	481
238	632
239	131
239	229
239	338
239	384
239	391
239	432
239	475
239	482
239	485
239	488
239	491
240	321
240	347
240	401
240	423
240	427
240	431
240	442
240	447
240	453
240	457
240	463
241	258
241	297
241	302
241	328
241	406
241	415
241	426
241	430
241	444
241	450
241	485
242	146
242	213
242	327
242	348
242	350
242	406
242	415
242	421
242	430
242	444
242	489
243	378
243	434
243	449
243	452
243	470
243	481
243	484
243	485
243	487
243	489
243	854
244	227
244	389
244	426
244	448
244	458
244	469
244	471
244	473
244	474
244	478
244	654
245	359
245	419
245	420
245	425
245	437
245	451
245	471
245	476
245	479
245	490
245	949
246	295
246	297
246	328
246	329
246	360
246	406
246	427
246	430
246	437
246	444
246	475
247	260
247	265
247	291
247	296
247	305
247	344
247	369
247	382
247	422
247	429
247	435
248	266
248	439
248	446
248	461
248	468
248	480
248	481
248	484
248	486
248	489
248	675
249	222
249	282
249	388
249	425
249	438
249	464
249	469
249	473
249	474
249	478
249	676
250	314
250	327
250	349
250	374
250	405
250	455
250	465
250	468
250	486
250	487
250	489
251	326
251	358
251	382
251	428
251	462
251	477
251	482
251	483
251	485
251	488
251	491
252	256
252	357
252	448
252	450
252	458
252	459
252	469
252	473
252	474
252	478
252	482
253	345
253	362
253	412
253	423
253	455
253	470
253	480
253	481
253	484
253	486
253	852
254	214
254	283
254	312
254	365
254	380
254	399
254	436
254	445
254	454
254	461
254	472
255	303
255	306
255	387
255	395
255	419
255	441
255	471
255	476
255	483
255	490
255	491
256	252
256	292
256	312
256	365
256	393
256	409
256	436
256	439
256	440
256	454
256	461
257	261
257	265
257	271
257	377
257	382
257	399
257	412
257	421
257	422
257	435
257	482
258	241
258	290
258	299
258	302
258	329
258	406
258	415
258	420
258	430
258	433
258	444
259	225
259	274
259	379
259	391
259	437
259	464
259	469
259	471
259	476
259	479
259	490
260	247
260	262
260	296
260	307
260	324
260	361
260	369
260	412
260	421
260	422
260	481
261	233
261	257
261	265
261	305
261	325
261	351
261	353
261	412
261	421
261	435
261	447
262	199
262	260
262	271
262	325
262	333
262	412
262	421
262	422
262	435
262	461
262	484
263	207
263	319
263	383
263	433
263	476
263	481
263	484
263	486
263	487
263	489
263	828
264	404
264	405
264	426
264	438
264	448
264	450
264	459
264	469
264	473
264	474
264	478
265	247
265	257
265	261
265	305
265	344
265	369
265	377
265	421
265	422
265	434
265	435
266	248
266	291
266	411
266	465
266	468
266	472
266	480
266	481
266	483
266	484
266	486
267	288
267	327
267	343
267	348
267	350
267	354
267	406
267	415
267	430
267	444
267	471
267	969
268	133
268	297
268	327
268	328
268	360
268	392
268	406
268	415
268	430
268	440
268	444
268	489
269	85
269	277
269	279
269	282
269	366
269	392
269	411
269	413
269	426
269	439
269	443
269	449
270	354
270	369
270	428
270	442
270	464
270	477
270	482
270	483
270	485
270	488
270	491
270	685
271	257
271	262
271	296
271	301
271	324
271	344
271	369
271	421
271	435
271	479
271	489
271	861
272	210
272	274
272	392
272	407
272	408
272	413
272	419
272	424
272	426
272	439
272	443
272	918
273	310
273	330
273	355
273	389
273	398
273	438
273	450
273	458
273	469
273	473
273	478
273	791
274	147
274	222
274	259
274	272
274	275
274	338
274	367
274	385
274	403
274	411
274	426
274	463
275	185
275	274
275	338
275	367
275	407
275	411
275	413
275	424
275	426
275	439
275	465
275	473
276	304
276	341
276	394
276	432
276	442
276	462
276	475
276	477
276	483
276	485
276	488
276	491
277	184
277	269
277	285
277	339
277	390
277	412
277	437
277	464
277	466
277	471
277	476
277	490
278	287
278	334
278	366
278	367
278	385
278	403
278	413
278	416
278	424
278	426
278	439
278	674
279	236
279	269
279	313
279	367
279	371
279	385
279	411
279	424
279	439
279	443
279	485
279	489
280	311
280	420
280	443
280	446
280	467
280	468
280	470
280	484
280	486
280	489
280	491
280	723
281	357
281	400
281	432
281	462
281	467
281	472
281	475
281	477
281	480
281	483
281	485
281	488
281	491
282	174
282	249
282	269
282	342
282	361
282	388
282	404
282	448
282	473
282	474
282	475
282	478
282	485
283	219
283	237
283	254
283	312
283	336
283	380
283	409
283	436
283	440
283	454
283	461
283	487
283	682
284	218
284	298
284	321
284	365
284	403
284	417
284	456
284	465
284	472
284	480
284	486
284	487
284	828
285	154
285	225
285	277
285	377
285	391
285	394
285	400
285	410
285	414
285	420
285	440
285	479
285	490
286	132
286	287
286	326
286	384
286	428
286	436
286	448
286	477
286	482
286	483
286	485
286	488
286	491
287	278
287	286
287	346
287	398
287	404
287	425
287	438
287	448
287	450
287	469
287	473
287	474
287	478
288	267
288	290
288	295
288	302
288	319
288	336
288	350
288	360
288	401
288	406
288	415
288	430
288	732
289	316
289	326
289	331
289	372
289	424
289	437
289	442
289	466
289	471
289	476
289	479
289	490
289	675
290	69
290	258
290	288
290	295
290	328
290	329
290	350
290	402
290	403
290	415
290	430
290	444
290	460
291	44
291	247
291	266
291	357
291	383
291	455
291	468
291	470
291	472
291	481
291	484
291	486
291	491
292	256
292	332
292	359
292	393
292	399
292	402
292	421
292	436
292	445
292	454
292	455
292	461
292	935
293	347
293	364
293	391
293	408
293	423
293	427
293	429
293	453
293	457
293	460
293	463
293	474
293	927
294	346
294	389
294	428
294	432
294	434
294	472
294	475
294	477
294	482
294	483
294	485
294	488
294	491
295	246
295	288
295	290
295	302
295	320
295	327
295	348
295	350
295	415
295	430
295	444
295	487
295	862
296	247
296	260
296	271
296	324
296	351
296	369
296	382
296	412
296	422
296	431
296	435
296	461
296	680
297	241
297	246
297	268
297	299
297	327
297	328
297	360
297	386
297	406
297	430
297	444
297	468
297	885
298	284
298	341
298	357
298	359
298	364
298	380
298	409
298	436
298	440
298	445
298	454
298	461
298	788
299	157
299	213
299	258
299	297
299	328
299	348
299	360
299	406
299	407
299	415
299	430
299	444
299	483
300	340
300	408
300	412
300	427
300	429
300	431
300	447
300	453
300	457
300	460
300	463
300	479
300	695
301	271
301	333
301	344
301	351
301	369
301	382
301	386
301	412
301	421
301	435
301	469
301	478
301	976
302	234
302	241
302	258
302	288
302	295
302	329
302	347
302	350
302	415
302	430
302	436
302	444
302	468
303	161
303	255
303	316
303	319
303	322
303	340
303	354
303	387
303	414
303	434
303	464
303	476
303	490
304	276
304	332
304	336
304	353
304	393
304	399
304	402
304	409
304	440
304	445
304	453
304	454
304	456
304	461
305	209
305	247
305	261
305	265
305	333
305	344
305	352
305	369
305	382
305	419
305	421
305	422
305	435
305	982
306	255
306	317
306	359
306	375
306	387
306	395
306	416
306	419
306	466
306	476
306	479
306	486
306	490
306	687
307	260
307	380
307	388
307	389
307	404
307	425
307	438
307	448
307	458
307	459
307	473
307	474
307	478
307	941
308	318
308	347
308	355
308	380
308	386
308	396
308	408
308	423
308	447
308	453
308	457
308	460
308	463
308	470
309	311
309	357
309	383
309	398
309	413
309	449
309	467
309	468
309	472
309	480
309	481
309	486
309	487
309	538
310	229
310	238
310	273
310	321
310	343
310	446
310	452
310	465
310	468
310	481
310	484
310	487
310	489
310	832
311	280
311	309
311	332
311	345
311	356
311	405
311	449
311	456
311	470
311	472
311	484
311	487
311	489
311	668
312	254
312	256
312	283
312	335
312	359
312	399
312	402
312	405
312	440
312	445
312	454
312	461
312	486
312	933
313	222
313	236
313	279
313	355
313	385
313	403
313	407
313	411
313	413
313	424
313	426
313	442
313	443
313	469
314	230
314	250
314	339
314	375
314	379
314	395
314	411
314	437
314	441
314	466
314	476
314	479
314	490
314	850
315	78
315	354
315	384
315	428
315	430
315	440
315	462
315	475
315	477
315	482
315	483
315	485
315	488
315	491
316	289
316	303
316	319
316	367
316	372
316	387
316	404
316	414
316	416
316	451
316	471
316	478
316	479
316	490
317	234
317	306
317	349
317	370
317	378
317	400
317	452
317	456
317	465
317	467
317	480
317	481
317	486
317	489
318	308
318	343
318	396
318	427
318	429
318	431
318	445
318	447
318	453
318	457
318	460
318	463
318	491
318	627
319	191
319	263
319	288
319	303
319	316
319	331
319	372
319	387
319	416
319	420
319	441
319	451
319	479
319	490
320	295
320	355
320	389
320	390
320	398
320	404
320	442
320	450
320	456
320	459
320	473
320	474
320	478
320	834
321	240
321	284
321	310
321	352
321	370
321	373
321	389
321	417
321	438
321	465
321	467
321	476
321	486
321	489
322	303
322	362
322	371
322	372
322	394
322	395
322	410
322	416
322	419
322	441
322	464
322	466
322	471
322	950
323	362
323	371
323	398
323	432
323	437
323	442
323	462
323	475
323	477
323	482
323	485
323	488
323	491
323	744
324	205
324	209
324	217
324	260
324	271
324	296
324	325
324	344
324	351
324	374
324	412
324	421
324	422
324	435
324	479
325	217
325	261
325	262
325	324
325	333
325	343
325	344
325	351
325	379
325	412
325	421
325	422
325	423
325	435
325	991
326	251
326	286
326	289
326	331
326	400
326	432
326	473
326	475
326	477
326	482
326	483
326	485
326	488
326	491
326	831
327	224
327	234
327	242
327	250
327	267
327	268
327	295
327	297
327	348
327	360
327	376
327	406
327	415
327	430
327	816
328	241
328	246
328	268
328	290
328	297
328	299
328	350
328	360
328	368
328	415
328	422
328	430
328	444
328	466
328	842
329	170
329	213
329	234
329	246
329	258
329	290
329	302
329	349
329	350
329	360
329	406
329	430
329	444
329	459
329	474
330	273
330	379
330	394
330	403
330	410
330	420
330	431
330	434
330	441
330	451
330	466
330	467
330	476
330	479
330	490
330	634
331	227
331	289
331	319
331	326
331	375
331	379
331	387
331	410
331	434
331	441
331	459
331	471
331	476
331	479
331	490
331	834
332	224
332	292
332	304
332	311
332	336
332	364
332	380
332	409
332	416
332	436
332	440
332	445
332	454
332	457
332	461
332	830
333	143
333	217
333	233
333	262
333	301
333	305
333	325
333	344
333	369
333	382
333	421
333	422
333	433
333	461
333	465
333	484
334	278
334	337
334	358
334	398
334	417
334	438
334	450
334	458
334	459
334	469
334	473
334	474
334	478
334	480
334	490
334	672
335	236
335	312
335	338
335	345
335	366
335	367
335	392
335	403
335	413
335	424
335	426
335	439
335	443
335	470
335	489
335	896
336	224
336	283
336	288
336	304
336	332
336	353
336	359
336	364
336	365
336	380
336	381
336	395
336	436
336	440
336	461
336	958
337	334
337	358
337	361
337	374
337	389
337	425
337	448
337	450
337	459
337	463
337	469
337	473
337	474
337	478
337	483
337	691
338	73
338	204
338	210
338	239
338	274
338	275
338	335
338	392
338	403
338	407
338	411
338	413
338	426
338	439
338	443
338	488
339	152
339	209
339	210
339	277
339	314
339	370
339	377
339	410
339	419
339	434
339	451
339	464
339	466
339	471
339	479
339	490
340	212
340	235
340	300
340	303
340	386
340	396
340	401
340	429
340	447
340	449
340	453
340	457
340	460
340	463
340	466
340	600
341	276
341	298
341	368
341	371
341	428
341	451
341	462
341	475
341	476
341	477
341	482
341	483
341	485
341	488
341	491
341	793
342	282
342	376
342	383
342	388
342	390
342	412
342	425
342	447
342	448
342	458
342	459
342	467
342	469
342	473
342	474
342	478
343	13
343	267
343	310
343	318
343	325
343	397
343	433
343	446
343	452
343	456
343	467
343	468
343	472
343	480
343	486
343	489
344	136
344	225
344	247
344	265
344	271
344	301
344	305
344	324
344	325
344	333
344	382
344	408
344	412
344	421
344	435
344	489
345	253
345	311
345	335
345	349
345	362
345	415
345	423
345	433
345	456
345	468
345	480
345	481
345	484
345	487
345	489
345	620
346	103
346	287
346	294
346	357
346	368
346	384
346	428
346	435
346	448
346	462
346	475
346	477
346	482
346	483
346	485
346	488
346	491
347	240
347	293
347	302
347	308
347	363
347	381
347	396
347	401
347	408
347	423
347	427
347	447
347	457
347	460
347	463
347	474
347	482
348	149
348	234
348	242
348	267
348	295
348	299
348	327
348	350
348	360
348	375
348	395
348	406
348	415
348	426
348	430
348	433
348	444
349	214
349	250
349	317
349	329
349	345
349	383
349	388
349	397
349	417
349	422
349	465
349	472
349	480
349	484
349	487
349	489
349	490
350	213
350	233
350	234
350	242
350	267
350	288
350	290
350	295
350	302
350	328
350	329
350	348
350	406
350	414
350	444
350	490
350	991
351	206
351	209
351	217
351	233
351	261
351	296
351	301
351	324
351	325
351	369
351	382
351	421
351	435
351	439
351	446
351	457
351	663
352	218
352	305
352	321
352	370
352	385
352	417
352	455
352	465
352	467
352	468
352	470
352	484
352	485
352	486
352	487
352	489
352	533
353	149
353	261
353	304
353	336
353	359
353	364
353	393
353	399
353	402
353	409
353	436
353	440
353	445
353	454
353	461
353	464
353	475
354	226
354	231
354	267
354	270
354	303
354	315
354	428
354	432
354	442
354	462
354	475
354	477
354	482
354	483
354	485
354	488
354	491
355	56
355	273
355	308
355	313
355	320
355	390
355	425
355	448
355	450
355	458
355	459
355	460
355	469
355	473
355	474
355	478
355	488
356	223
356	311
356	368
356	379
356	384
356	442
356	448
356	462
356	475
356	477
356	481
356	482
356	483
356	485
356	488
356	491
356	543
357	252
357	281
357	291
357	298
357	309
357	346
357	400
357	432
357	442
357	462
357	475
357	477
357	482
357	483
357	485
357	488
357	491
357	936
358	251
358	334
358	337
358	361
358	378
358	388
358	404
358	408
358	425
358	438
358	448
358	458
358	459
358	469
358	473
358	474
358	478
358	753
359	219
359	245
359	292
359	298
359	306
359	312
359	336
359	353
359	365
359	380
359	393
359	402
359	409
359	426
359	440
359	445
359	461
359	775
360	234
360	246
360	268
360	288
360	297
360	299
360	327
360	328
360	329
360	348
360	406
360	415
360	421
360	423
360	430
360	444
360	482
360	529
361	104
361	260
361	282
361	337
361	358
361	376
361	389
361	390
361	413
361	425
361	450
361	458
361	459
361	469
361	473
361	474
361	478
361	486
362	253
362	322
362	323
362	345
362	364
362	373
362	374
362	433
362	456
362	465
362	468
362	480
362	481
362	484
362	486
362	487
362	489
362	977
363	347
363	378
363	381
363	386
363	387
363	401
363	408
363	423
363	427
363	429
363	431
363	447
363	453
363	457
363	460
363	463
363	483
363	802
364	293
364	298
364	332
364	336
364	353
364	362
364	365
364	393
364	402
364	406
364	409
364	410
364	436
364	440
364	445
364	454
364	461
364	535
365	210
365	254
365	256
365	284
365	336
365	359
365	364
365	380
365	381
365	393
365	399
365	402
365	409
365	445
365	454
365	460
365	461
365	929
366	163
366	210
366	232
366	238
366	269
366	278
366	335
366	385
366	392
366	394
366	407
366	411
366	424
366	426
366	439
366	443
366	457
366	480
367	66
367	274
367	275
367	278
367	279
367	316
367	335
367	385
367	403
367	407
367	413
367	418
367	424
367	426
367	428
367	439
367	443
367	483
368	328
368	341
368	346
368	356
368	371
368	400
368	432
368	433
368	438
368	462
368	467
368	475
368	477
368	482
368	483
368	485
368	488
368	491
368	690
369	247
369	260
369	265
369	270
369	271
369	296
369	301
369	305
369	333
369	351
369	371
369	382
369	412
369	421
369	422
369	435
369	440
369	491
369	653
370	60
370	232
370	317
370	321
370	339
370	352
370	373
370	375
370	417
370	418
370	452
370	455
370	464
370	465
370	470
370	472
370	480
370	486
370	487
371	106
371	228
371	279
371	322
371	323
371	341
371	368
371	369
371	384
371	428
371	432
371	462
371	466
371	477
371	482
371	483
371	485
371	488
371	491
372	200
372	213
372	289
372	316
372	319
372	322
372	384
372	391
372	414
372	415
372	419
372	437
372	464
372	466
372	468
372	471
372	476
372	479
372	490
373	321
373	362
373	370
373	383
373	399
373	401
373	446
373	449
373	452
373	455
373	470
373	472
373	478
373	481
373	484
373	486
373	487
373	489
373	724
374	215
374	250
374	324
374	337
374	362
374	405
374	417
374	432
374	446
374	452
374	455
374	465
374	468
374	470
374	472
374	480
374	481
374	488
374	963
375	230
375	306
375	314
375	331
375	348
375	370
375	377
375	387
375	410
375	416
375	441
375	452
375	464
375	466
375	471
375	476
375	479
375	490
375	679
376	327
376	342
376	361
376	383
376	388
376	398
376	404
376	438
376	448
376	450
376	454
376	458
376	459
376	469
376	473
376	474
376	478
376	486
376	874
377	257
377	265
377	285
377	339
377	375
377	410
377	414
377	420
377	434
377	437
377	441
377	451
377	466
377	474
377	476
377	479
377	485
377	490
377	920
378	214
378	218
378	223
378	243
378	317
378	358
378	363
378	405
378	452
378	456
378	470
378	472
378	476
378	480
378	481
378	484
378	486
378	489
378	685
379	53
379	259
379	314
379	325
379	330
379	331
379	356
379	387
379	394
379	395
379	396
379	437
379	443
379	451
379	464
379	466
379	471
379	479
379	490
380	31
380	207
380	254
380	283
380	298
380	307
380	308
380	332
380	336
380	359
380	365
380	399
380	402
380	436
380	440
380	444
380	445
380	454
380	461
381	160
381	235
381	237
381	336
381	347
381	363
381	365
381	386
381	396
381	401
381	408
381	410
381	429
381	430
381	431
381	447
381	453
381	457
381	460
381	463
382	209
382	233
382	247
382	251
382	257
382	296
382	301
382	305
382	333
382	344
382	351
382	369
382	386
382	403
382	412
382	421
382	422
382	435
382	477
382	617
383	263
383	291
383	309
383	342
383	349
383	373
383	376
383	424
383	446
383	449
383	452
383	456
383	465
383	467
383	480
383	481
383	487
383	489
383	490
383	801
384	239
384	286
384	315
384	346
384	356
384	371
384	372
384	400
384	442
384	457
384	468
384	475
384	477
384	481
384	482
384	483
384	485
384	488
384	491
384	596
385	232
385	274
385	278
385	279
385	313
385	352
385	366
385	367
385	392
385	403
385	411
385	413
385	424
385	426
385	431
385	439
385	443
385	462
385	477
385	537
386	211
386	221
386	297
386	301
386	308
386	340
386	363
386	381
386	382
386	396
386	408
386	411
386	427
386	429
386	431
386	453
386	457
386	460
386	463
386	913
387	220
387	255
387	303
387	306
387	316
387	319
387	331
387	363
387	375
387	379
387	395
387	414
387	416
387	419
387	437
387	449
387	463
387	466
387	490
387	934
388	206
388	249
388	282
388	307
388	342
388	349
388	358
388	376
388	390
388	425
388	433
388	438
388	448
388	456
388	458
388	473
388	474
388	478
388	489
388	898
389	231
389	244
389	273
389	294
389	307
389	320
389	321
389	337
389	361
389	425
389	438
389	441
389	450
389	458
389	459
389	469
389	473
389	474
389	478
389	736
390	277
390	320
390	342
390	355
390	361
390	388
390	398
390	401
390	404
390	448
390	450
390	458
390	459
390	461
390	469
390	473
390	474
390	478
390	483
390	915
391	226
391	239
391	259
391	285
391	293
391	372
391	395
391	401
391	414
391	416
391	420
391	432
391	451
391	464
391	466
391	471
391	476
391	479
391	490
391	997
392	222
392	232
392	236
392	238
392	268
392	269
392	272
392	335
392	338
392	366
392	385
392	400
392	407
392	413
392	424
392	439
392	443
392	469
392	486
392	577
393	2
393	215
393	224
393	256
393	292
393	304
393	353
393	359
393	364
393	365
393	402
393	409
393	436
393	440
393	445
393	454
393	461
393	465
393	473
393	474
394	219
394	276
394	285
394	322
394	330
394	366
394	379
394	416
394	420
394	434
394	437
394	451
394	464
394	466
394	471
394	476
394	479
394	487
394	490
394	947
395	255
395	306
395	314
395	322
395	336
395	348
395	379
395	387
395	391
395	399
395	420
395	434
395	436
395	441
395	451
395	464
395	466
395	471
395	479
395	490
395	971
396	212
396	308
396	318
396	340
396	347
396	379
396	381
396	386
396	401
396	408
396	423
396	429
396	430
396	444
396	447
396	453
396	457
396	460
396	463
396	484
396	564
397	207
397	217
397	218
397	343
397	349
397	411
397	418
397	433
397	446
397	452
397	455
397	467
397	468
397	472
397	478
397	480
397	481
397	484
397	487
397	491
397	657
398	216
398	273
398	287
398	309
398	320
398	323
398	334
398	376
398	390
398	428
398	438
398	445
398	450
398	458
398	459
398	469
398	473
398	474
398	478
398	518
398	897
399	219
399	254
399	257
399	292
399	304
399	312
399	353
399	365
399	373
399	380
399	395
399	402
399	408
399	409
399	436
399	440
399	445
399	447
399	454
399	461
399	635
400	201
400	281
400	285
400	317
400	326
400	357
400	368
400	384
400	392
400	410
400	428
400	442
400	462
400	475
400	477
400	482
400	483
400	484
400	485
400	488
400	491
401	221
401	240
401	288
401	340
401	347
401	363
401	373
401	381
401	390
401	391
401	396
401	423
401	427
401	429
401	431
401	447
401	453
401	457
401	463
401	475
401	539
401	997
402	116
402	224
402	290
402	292
402	304
402	312
402	353
402	359
402	364
402	365
402	380
402	393
402	399
402	409
402	424
402	436
402	440
402	445
402	448
402	454
402	461
402	477
403	171
403	232
403	274
403	278
403	284
403	290
403	313
403	330
403	335
403	338
403	367
403	382
403	385
403	407
403	411
403	413
403	424
403	426
403	439
403	443
403	490
403	887
404	204
404	264
404	282
404	287
404	307
404	316
404	320
404	358
404	376
404	390
404	406
404	425
404	430
404	438
404	450
404	458
404	459
404	469
404	473
404	474
404	478
404	714
405	180
405	234
405	250
405	264
405	311
405	312
405	374
405	378
405	417
405	433
405	435
405	446
405	449
405	455
405	465
405	467
405	470
405	472
405	480
405	481
405	484
405	489
406	82
406	213
406	241
406	242
406	246
406	258
406	267
406	268
406	288
406	297
406	299
406	327
406	329
406	348
406	350
406	360
406	364
406	404
406	407
406	415
406	444
406	476
407	52
407	185
407	210
407	222
407	238
407	272
407	275
407	299
407	313
407	338
407	366
407	367
407	392
407	403
407	406
407	411
407	413
407	424
407	426
407	429
407	439
407	443
407	489
408	212
408	272
408	293
408	300
408	308
408	344
408	347
408	358
408	363
408	381
408	386
408	396
408	399
408	423
408	427
408	429
408	431
408	447
408	453
408	460
408	463
408	472
408	999
409	256
409	283
409	298
409	304
409	332
409	353
409	359
409	364
409	365
409	393
409	399
409	402
409	432
409	436
409	440
409	445
409	451
409	452
409	454
409	461
409	478
409	480
409	593
410	221
410	226
410	285
410	322
410	330
410	331
410	339
410	364
410	375
410	377
410	381
410	400
410	419
410	434
410	437
410	442
410	464
410	466
410	471
410	476
410	479
410	490
410	601
411	210
411	232
411	236
411	266
411	269
411	274
411	275
411	279
411	313
411	314
411	338
411	366
411	385
411	386
411	397
411	403
411	407
411	413
411	426
411	437
411	439
411	443
411	494
412	154
412	206
412	209
412	217
412	233
412	253
412	257
412	260
412	261
412	262
412	277
412	296
412	300
412	301
412	324
412	325
412	342
412	344
412	369
412	382
412	421
412	422
412	435
413	232
413	238
413	269
413	272
413	275
413	278
413	309
413	313
413	335
413	338
413	361
413	367
413	385
413	392
413	403
413	407
413	411
413	414
413	424
413	427
413	439
413	443
413	988
414	230
414	285
414	303
414	316
414	350
414	372
414	377
414	387
414	391
414	413
414	416
414	429
414	441
414	451
414	463
414	464
414	466
414	471
414	476
414	479
414	490
414	707
414	737
415	213
415	241
415	242
415	258
415	267
415	268
415	288
415	290
415	295
415	299
415	302
415	327
415	328
415	345
415	348
415	360
415	372
415	406
415	430
415	444
415	458
415	477
415	552
416	278
416	306
416	316
416	319
416	322
416	332
416	375
416	387
416	391
416	394
416	414
416	420
416	434
416	437
416	441
416	451
416	455
416	466
416	471
416	476
416	478
416	490
416	696
417	212
417	284
417	321
417	334
417	349
417	352
417	370
417	374
417	405
417	418
417	433
417	446
417	465
417	470
417	472
417	473
417	481
417	482
417	484
417	487
417	488
417	489
417	697
418	215
418	220
418	367
418	370
418	397
418	417
418	419
418	429
418	433
418	456
418	465
418	467
418	468
418	470
418	473
418	475
418	480
418	481
418	484
418	486
418	487
418	489
418	623
419	245
419	255
419	272
419	305
419	306
419	322
419	339
419	372
419	387
419	410
419	418
419	420
419	425
419	437
419	441
419	451
419	464
419	466
419	471
419	476
419	479
419	490
419	773
420	138
420	220
420	224
420	245
420	258
420	280
420	285
420	319
420	330
420	377
420	391
420	394
420	395
420	416
420	419
420	434
420	447
420	451
420	464
420	466
420	476
420	479
420	490
421	209
421	217
421	242
421	257
421	260
421	261
421	262
421	265
421	271
421	292
421	301
421	305
421	324
421	325
421	333
421	344
421	351
421	360
421	369
421	382
421	412
421	422
421	455
421	697
422	217
422	233
422	247
422	257
422	260
422	262
422	265
422	296
422	305
422	324
422	325
422	328
422	333
422	349
422	369
422	382
422	412
422	421
422	434
422	435
422	465
422	471
422	980
422	999
423	26
423	211
423	221
423	240
423	253
423	293
423	308
423	325
423	345
423	347
423	360
423	363
423	396
423	401
423	408
423	427
423	429
423	431
423	447
423	453
423	457
423	460
423	463
423	483
423	568
424	210
424	222
424	236
424	272
424	275
424	278
424	279
424	289
424	313
424	335
424	366
424	367
424	383
424	385
424	392
424	402
424	403
424	407
424	413
424	426
424	439
424	443
424	456
424	487
424	594
425	183
425	206
425	209
425	245
425	249
425	287
425	307
425	337
425	342
425	355
425	358
425	361
425	388
425	389
425	404
425	419
425	448
425	459
425	469
425	473
425	474
425	478
425	481
425	484
425	813
426	146
426	222
426	232
426	236
426	241
426	244
426	264
426	269
426	272
426	274
426	275
426	278
426	313
426	335
426	338
426	348
426	359
426	366
426	367
426	385
426	403
426	407
426	411
426	424
426	439
427	167
427	211
427	212
427	225
427	240
427	246
427	293
427	300
427	318
427	347
427	363
427	386
427	401
427	408
427	413
427	423
427	429
427	431
427	438
427	447
427	453
427	457
427	460
427	463
427	473
428	139
428	216
428	237
428	251
428	270
428	286
428	294
428	315
428	341
428	346
428	354
428	367
428	371
428	398
428	400
428	431
428	442
428	462
428	475
428	482
428	483
428	485
428	487
428	488
428	491
428	678
429	114
429	211
429	247
429	293
429	300
429	318
429	340
429	363
429	381
429	386
429	396
429	401
429	407
429	408
429	414
429	418
429	423
429	427
429	431
429	447
429	453
429	455
429	457
429	460
429	463
429	987
430	213
430	234
430	241
430	242
430	246
430	258
430	267
430	268
430	288
430	290
430	295
430	297
430	299
430	302
430	315
430	327
430	328
430	329
430	348
430	360
430	381
430	396
430	404
430	415
430	450
430	984
431	211
431	212
431	221
431	235
431	237
431	240
431	296
431	300
431	318
431	330
431	363
431	381
431	385
431	386
431	401
431	408
431	423
431	427
431	428
431	429
431	447
431	454
431	457
431	460
431	463
431	521
432	208
432	239
432	276
432	281
432	294
432	323
432	326
432	354
432	357
432	368
432	371
432	374
432	391
432	409
432	442
432	462
432	475
432	477
432	482
432	483
432	485
432	487
432	488
432	490
432	491
432	660
433	77
433	258
433	263
433	333
433	343
433	345
433	348
433	362
433	368
433	388
433	397
433	405
433	417
433	418
433	441
433	446
433	449
433	452
433	467
433	470
433	480
433	481
433	484
433	486
433	487
433	489
434	243
434	265
434	294
434	303
434	330
434	331
434	339
434	377
434	394
434	395
434	410
434	416
434	420
434	422
434	437
434	441
434	451
434	453
434	464
434	466
434	471
434	476
434	479
434	480
434	490
434	689
434	692
435	198
435	209
435	217
435	233
435	247
435	257
435	261
435	262
435	265
435	271
435	296
435	301
435	305
435	324
435	325
435	344
435	346
435	351
435	369
435	382
435	405
435	412
435	422
435	454
435	466
435	471
435	480
436	219
436	222
436	224
436	230
436	254
436	256
436	283
436	286
436	292
436	298
436	302
436	332
436	336
436	353
436	364
436	380
436	393
436	395
436	399
436	402
436	409
436	440
436	445
436	454
436	461
436	463
436	937
437	84
437	225
437	226
437	245
437	246
437	259
437	277
437	289
437	314
437	323
437	372
437	377
437	379
437	387
437	394
437	410
437	411
437	416
437	419
437	434
437	449
437	451
437	464
437	466
437	467
437	476
437	646
438	123
438	206
438	249
438	264
438	273
438	287
438	307
438	321
438	334
438	358
438	368
438	376
438	388
438	389
438	398
438	404
438	427
438	448
438	450
438	458
438	459
438	460
438	469
438	473
438	474
438	478
438	480
439	7
439	222
439	238
439	248
439	256
439	269
439	272
439	275
439	278
439	279
439	335
439	338
439	351
439	366
439	367
439	385
439	392
439	403
439	407
439	411
439	413
439	424
439	426
439	441
439	443
439	457
439	480
440	219
440	232
440	256
440	268
440	283
440	285
440	298
440	304
440	312
440	315
440	332
440	336
440	353
440	359
440	364
440	369
440	380
440	393
440	399
440	402
440	409
440	436
440	445
440	454
440	461
440	464
440	614
440	770
441	186
441	226
441	230
441	255
441	314
441	319
441	322
441	330
441	331
441	375
441	377
441	389
441	395
441	414
441	416
441	419
441	433
441	434
441	439
441	446
441	464
441	466
441	471
441	476
441	477
441	479
441	490
441	817
442	205
442	208
442	223
442	240
442	270
442	276
442	289
442	313
442	320
442	323
442	354
442	356
442	357
442	384
442	400
442	410
442	428
442	432
442	462
442	470
442	475
442	477
442	482
442	483
442	485
442	488
442	491
442	910
443	210
443	222
443	232
443	236
443	238
443	269
443	272
443	279
443	280
443	313
443	335
443	338
443	366
443	367
443	379
443	385
443	392
443	403
443	407
443	411
443	413
443	424
443	439
443	461
443	481
443	484
443	486
443	990
444	213
444	234
444	241
444	242
444	246
444	258
444	267
444	268
444	290
444	295
444	297
444	299
444	302
444	328
444	329
444	348
444	350
444	360
444	380
444	396
444	406
444	415
444	468
444	471
444	482
444	485
444	580
444	975
445	18
445	184
445	219
445	224
445	233
445	254
445	292
445	298
445	304
445	312
445	318
445	332
445	353
445	359
445	364
445	365
445	380
445	393
445	398
445	399
445	402
445	409
445	436
445	440
445	449
445	454
445	461
445	463
446	248
446	280
446	310
446	343
446	351
446	373
446	374
446	383
446	397
446	405
446	417
446	433
446	441
446	449
446	455
446	467
446	468
446	470
446	472
446	475
446	481
446	482
446	484
446	486
446	487
446	489
446	490
446	519
446	687
447	221
447	235
447	237
447	240
447	261
447	300
447	308
447	318
447	340
447	342
447	347
447	363
447	381
447	396
447	399
447	401
447	408
447	420
447	423
447	427
447	429
447	431
447	453
447	457
447	460
447	463
447	475
447	591
447	907
448	148
448	244
448	252
448	264
448	282
448	286
448	287
448	307
448	337
448	342
448	346
448	355
448	356
448	358
448	376
448	388
448	390
448	402
448	425
448	438
448	450
448	454
448	458
448	459
448	469
448	473
448	474
448	477
448	478
449	214
449	220
449	243
449	269
449	309
449	311
449	340
449	373
449	383
449	387
449	405
449	433
449	437
449	445
449	446
449	451
449	455
449	456
449	465
449	467
449	468
449	470
449	472
449	473
449	480
449	484
449	486
449	487
449	489
449	895
450	162
450	206
450	228
450	229
450	241
450	252
450	264
450	273
450	287
450	320
450	334
450	337
450	355
450	361
450	376
450	389
450	390
450	398
450	404
450	430
450	438
450	448
450	458
450	459
450	469
450	473
450	474
450	478
450	481
450	487
451	245
451	316
451	319
451	330
451	339
451	341
451	377
451	379
451	391
451	394
451	395
451	409
451	414
451	416
451	419
451	420
451	434
451	437
451	449
451	453
451	458
451	464
451	466
451	471
451	476
451	479
451	485
451	490
451	677
451	938
452	207
452	208
452	211
452	243
452	310
452	317
452	343
452	370
452	373
452	374
452	375
452	378
452	383
452	397
452	409
452	433
452	453
452	455
452	456
452	461
452	467
452	468
452	470
452	472
452	480
452	481
452	484
452	486
452	487
452	847
453	169
453	180
453	211
453	235
453	237
453	240
453	293
453	300
453	304
453	308
453	318
453	340
453	363
453	381
453	386
453	396
453	401
453	408
453	423
453	427
453	429
453	434
453	447
453	451
453	452
453	457
453	460
453	463
453	468
453	490
454	215
454	219
454	224
454	231
454	254
454	256
454	283
454	292
454	298
454	304
454	312
454	332
454	353
454	364
454	365
454	376
454	380
454	393
454	399
454	402
454	409
454	431
454	435
454	436
454	440
454	445
454	448
454	461
454	691
454	826
455	182
455	250
455	253
455	291
455	292
455	352
455	370
455	373
455	374
455	397
455	405
455	416
455	421
455	429
455	446
455	449
455	452
455	456
455	465
455	467
455	470
455	472
455	476
455	480
455	481
455	484
455	486
455	487
455	488
455	489
456	218
456	284
456	304
456	311
456	317
456	320
456	343
456	345
456	362
456	378
456	383
456	388
456	418
456	424
456	449
456	452
456	455
456	465
456	467
456	468
456	472
456	479
456	480
456	481
456	483
456	484
456	486
456	487
456	489
456	490
456	981
457	221
457	235
457	237
457	240
457	293
457	300
457	308
457	318
457	332
457	340
457	347
457	351
457	363
457	366
457	381
457	384
457	386
457	396
457	401
457	423
457	427
457	429
457	431
457	439
457	447
457	453
457	460
457	463
457	474
457	790
457	959
458	244
458	252
458	273
458	307
458	334
458	342
458	355
458	358
458	361
458	376
458	388
458	389
458	390
458	398
458	404
458	415
458	438
458	448
458	450
458	451
458	459
458	467
458	468
458	469
458	471
458	473
458	474
458	478
458	486
458	841
458	881
459	252
459	264
459	307
459	320
459	329
459	331
459	334
459	337
459	342
459	355
459	358
459	361
459	376
459	389
459	390
459	398
459	404
459	425
459	438
459	448
459	450
459	458
459	464
459	469
459	473
459	474
459	478
459	482
459	485
459	487
459	668
459	983
460	156
460	211
460	212
460	221
460	235
460	237
460	290
460	293
460	300
460	308
460	318
460	340
460	347
460	355
460	363
460	365
460	381
460	386
460	396
460	408
460	423
460	427
460	429
460	431
460	438
460	447
460	453
460	457
460	463
460	466
460	473
460	491
461	219
461	224
461	248
461	254
461	256
461	262
461	283
461	292
461	296
461	298
461	304
461	312
461	332
461	333
461	336
461	353
461	359
461	364
461	365
461	380
461	390
461	393
461	399
461	402
461	409
461	436
461	440
461	443
461	445
461	452
461	454
461	661
461	694
462	166
462	205
462	208
462	218
462	221
462	228
462	229
462	251
462	276
462	281
462	315
462	323
462	341
462	346
462	354
462	356
462	357
462	368
462	371
462	385
462	400
462	428
462	432
462	442
462	466
462	470
462	475
462	477
462	481
462	482
462	483
462	485
462	488
462	491
463	128
463	211
463	212
463	221
463	235
463	237
463	240
463	274
463	293
463	300
463	308
463	318
463	337
463	340
463	347
463	363
463	381
463	386
463	387
463	396
463	401
463	408
463	414
463	423
463	427
463	429
463	431
463	436
463	445
463	447
463	453
463	457
463	460
463	491
463	560
464	196
464	225
464	230
464	249
464	259
464	270
464	277
464	303
464	322
464	339
464	353
464	370
464	372
464	375
464	379
464	391
464	394
464	395
464	410
464	414
464	419
464	420
464	434
464	437
464	440
464	441
464	451
464	459
464	466
464	471
464	476
464	479
464	484
464	490
464	994
465	3
465	250
465	266
465	275
465	284
465	310
465	317
465	321
465	333
465	349
465	352
465	362
465	370
465	374
465	383
465	393
465	405
465	417
465	418
465	422
465	449
465	455
465	456
465	467
465	468
465	470
465	472
465	474
465	478
465	479
465	480
465	484
465	486
465	487
465	489
465	986
466	277
466	289
466	306
466	314
466	322
466	328
466	330
466	339
466	340
466	371
466	372
466	375
466	377
466	379
466	387
466	391
466	394
466	395
466	410
466	414
466	416
466	419
466	420
466	434
466	435
466	437
466	441
466	451
466	460
466	462
466	464
466	471
466	476
466	479
466	488
466	490
466	983
467	80
467	207
467	214
467	220
467	280
467	281
467	309
467	317
467	321
467	330
467	342
467	343
467	352
467	368
467	383
467	397
467	405
467	418
467	433
467	437
467	446
467	449
467	452
467	455
467	456
467	458
467	465
467	470
467	471
467	472
467	479
467	480
467	481
467	486
467	487
467	489
467	661
468	141
468	218
468	248
468	250
468	266
468	280
468	291
468	297
468	302
468	309
468	310
468	343
468	345
468	352
468	362
468	372
468	374
468	384
468	397
468	418
468	444
468	446
468	449
468	452
468	453
468	456
468	458
468	465
468	470
468	472
468	480
468	481
468	484
468	486
468	487
468	489
468	824
469	206
469	219
469	244
469	249
469	252
469	259
469	264
469	273
469	287
469	301
469	313
469	334
469	337
469	342
469	355
469	358
469	361
469	376
469	389
469	390
469	392
469	398
469	404
469	425
469	438
469	448
469	450
469	458
469	459
469	470
469	473
469	474
469	478
469	483
469	488
469	849
469	970
470	205
470	214
470	243
470	253
470	280
470	291
470	308
470	311
470	335
470	352
470	370
470	373
470	374
470	378
470	405
470	417
470	418
470	433
470	442
470	446
470	449
470	452
470	455
470	462
470	465
470	467
470	468
470	469
470	472
470	480
470	481
470	484
470	485
470	486
470	487
470	489
470	625
470	825
471	225
471	226
471	244
471	245
471	255
471	259
471	267
471	277
471	289
471	316
471	322
471	331
471	339
471	372
471	375
471	379
471	391
471	394
471	395
471	410
471	414
471	416
471	419
471	422
471	434
471	435
471	441
471	444
471	451
471	458
471	464
471	466
471	467
471	475
471	476
471	479
471	490
471	702
471	727
472	92
472	145
472	218
472	220
472	223
472	254
472	266
472	281
472	284
472	291
472	294
472	309
472	311
472	343
472	349
472	370
472	373
472	374
472	378
472	397
472	405
472	408
472	417
472	446
472	449
472	452
472	455
472	456
472	465
472	467
472	468
472	470
472	476
472	479
472	480
472	484
472	486
472	487
472	488
473	4
473	107
473	244
473	249
473	252
473	264
473	273
473	275
473	282
473	287
473	307
473	320
473	326
473	334
473	337
473	342
473	355
473	358
473	361
473	376
473	388
473	389
473	390
473	393
473	398
473	404
473	417
473	418
473	425
473	427
473	438
473	448
473	449
473	450
473	458
473	459
473	460
473	469
473	474
473	478
474	183
474	206
474	244
474	249
474	252
474	264
474	282
474	287
474	293
474	307
474	320
474	329
474	334
474	337
474	342
474	347
474	355
474	358
474	361
474	376
474	377
474	388
474	389
474	390
474	393
474	398
474	404
474	425
474	438
474	448
474	450
474	457
474	458
474	459
474	465
474	469
474	473
474	478
474	491
474	952
475	119
475	173
475	204
475	216
475	223
475	227
475	228
475	229
475	231
475	239
475	246
475	276
475	281
475	282
475	294
475	315
475	323
475	326
475	341
475	346
475	353
475	354
475	356
475	357
475	368
475	384
475	400
475	401
475	418
475	428
475	432
475	442
475	446
475	447
475	462
475	471
475	477
475	483
475	485
475	488
475	491
476	214
476	225
476	230
476	245
476	255
476	259
476	263
476	277
476	289
476	303
476	306
476	314
476	321
476	330
476	331
476	341
476	372
476	375
476	377
476	378
476	391
476	394
476	406
476	410
476	414
476	416
476	419
476	420
476	434
476	437
476	441
476	451
476	455
476	464
476	466
476	471
476	472
476	479
476	490
476	640
476	741
477	204
477	205
477	227
477	228
477	229
477	230
477	251
477	270
477	276
477	281
477	286
477	294
477	315
477	323
477	326
477	341
477	346
477	354
477	356
477	357
477	368
477	371
477	382
477	384
477	385
477	400
477	402
477	415
477	432
477	441
477	442
477	448
477	462
477	475
477	479
477	482
477	483
477	485
477	488
477	491
477	686
477	996
478	206
478	213
478	244
478	249
478	252
478	264
478	273
478	282
478	287
478	301
478	307
478	316
478	320
478	334
478	337
478	342
478	355
478	358
478	361
478	373
478	376
478	388
478	389
478	390
478	397
478	398
478	404
478	409
478	416
478	425
478	438
478	448
478	450
478	458
478	459
478	465
478	469
478	473
478	474
478	489
478	496
478	734
479	36
479	129
479	226
479	230
479	245
479	259
479	271
479	285
479	289
479	300
479	306
479	314
479	316
479	319
479	324
479	330
479	331
479	339
479	372
479	375
479	377
479	379
479	391
479	394
479	395
479	410
479	414
479	419
479	420
479	434
479	441
479	451
479	456
479	464
479	465
479	466
479	467
479	471
479	472
479	476
479	477
479	490
479	659
480	195
480	236
480	248
480	253
480	266
480	281
480	284
480	309
480	317
480	334
480	343
480	345
480	349
480	362
480	366
480	370
480	374
480	378
480	383
480	397
480	405
480	409
480	418
480	433
480	434
480	435
480	438
480	439
480	449
480	452
480	455
480	456
480	465
480	467
480	468
480	470
480	472
480	481
480	484
480	486
480	487
480	489
480	651
481	134
481	215
481	220
481	238
481	243
481	248
481	253
481	260
481	263
481	266
481	291
481	309
481	310
481	317
481	345
481	356
481	362
481	373
481	374
481	378
481	383
481	384
481	397
481	405
481	417
481	418
481	425
481	433
481	443
481	446
481	450
481	452
481	455
481	456
481	462
481	467
481	468
481	470
481	480
481	484
481	486
481	487
481	488
481	489
481	701
481	716
482	37
482	204
482	205
482	208
482	216
482	223
482	227
482	228
482	229
482	231
482	235
482	239
482	251
482	252
482	257
482	270
482	286
482	294
482	315
482	323
482	326
482	341
482	346
482	347
482	354
482	356
482	357
482	360
482	368
482	371
482	384
482	400
482	417
482	428
482	432
482	442
482	444
482	446
482	459
482	462
482	477
482	483
482	485
482	488
482	491
482	546
482	607
483	204
483	205
483	208
483	223
483	227
483	228
483	231
483	251
483	255
483	266
483	270
483	276
483	281
483	286
483	294
483	299
483	315
483	326
483	337
483	341
483	346
483	354
483	356
483	357
483	363
483	367
483	368
483	371
483	384
483	390
483	400
483	423
483	428
483	432
483	442
483	456
483	462
483	469
483	475
483	477
483	482
483	485
483	488
483	491
483	763
483	826
483	845
484	207
484	215
484	216
484	243
484	248
484	253
484	262
484	263
484	266
484	280
484	291
484	310
484	311
484	333
484	345
484	349
484	352
484	362
484	373
484	378
484	396
484	397
484	400
484	405
484	417
484	418
484	425
484	433
484	443
484	446
484	449
484	452
484	455
484	456
484	464
484	465
484	468
484	470
484	472
484	480
484	481
484	486
484	487
484	489
484	490
484	688
484	785
485	204
485	205
485	216
485	223
485	227
485	228
485	231
485	239
485	241
485	243
485	251
485	270
485	276
485	279
485	281
485	282
485	286
485	294
485	315
485	323
485	326
485	341
485	346
485	352
485	354
485	356
485	357
485	368
485	371
485	377
485	384
485	400
485	428
485	432
485	442
485	444
485	451
485	459
485	462
485	470
485	475
485	477
485	482
485	483
485	488
485	491
485	612
485	751
486	207
486	212
486	215
486	220
486	228
486	248
486	250
486	253
486	263
486	266
486	280
486	284
486	291
486	306
486	309
486	312
486	317
486	321
486	343
486	352
486	361
486	362
486	370
486	373
486	376
486	378
486	392
486	418
486	433
486	443
486	446
486	449
486	452
486	455
486	456
486	458
486	465
486	467
486	468
486	470
486	472
486	480
486	481
486	484
486	487
486	488
486	489
486	658
486	704
487	29
487	143
487	207
487	211
487	214
487	215
487	218
487	243
487	250
487	263
487	283
487	284
487	295
487	309
487	310
487	311
487	345
487	349
487	352
487	362
487	370
487	373
487	383
487	394
487	397
487	417
487	418
487	424
487	428
487	432
487	433
487	446
487	449
487	450
487	452
487	455
487	456
487	459
487	465
487	467
487	468
487	470
487	472
487	480
487	481
487	484
487	486
487	489
487	715
488	204
488	205
488	208
488	216
488	223
488	227
488	229
488	231
488	239
488	251
488	270
488	276
488	281
488	286
488	294
488	315
488	323
488	326
488	338
488	341
488	346
488	354
488	355
488	356
488	357
488	368
488	371
488	374
488	384
488	400
488	417
488	428
488	432
488	442
488	455
488	462
488	466
488	469
488	472
488	475
488	477
488	481
488	482
488	483
488	485
488	486
488	491
488	525
488	534
488	822
489	203
489	207
489	214
489	215
489	220
489	225
489	242
489	243
489	248
489	250
489	263
489	268
489	271
489	279
489	280
489	310
489	311
489	317
489	321
489	335
489	343
489	344
489	345
489	349
489	352
489	362
489	373
489	378
489	383
489	388
489	405
489	407
489	417
489	418
489	433
489	446
489	449
489	455
489	456
489	465
489	467
489	468
489	470
489	478
489	480
489	481
489	484
489	486
489	487
489	740
490	120
490	150
490	225
490	226
490	245
490	255
490	259
490	277
490	285
490	289
490	303
490	306
490	314
490	316
490	319
490	330
490	331
490	334
490	339
490	349
490	350
490	372
490	375
490	377
490	379
490	383
490	387
490	391
490	394
490	395
490	403
490	410
490	414
490	416
490	419
490	420
490	432
490	434
490	441
490	446
490	451
490	453
490	456
490	464
490	466
490	471
490	476
490	479
490	484
490	974
491	204
491	205
491	208
491	216
491	223
491	227
491	228
491	229
491	231
491	235
491	239
491	251
491	255
491	270
491	276
491	280
491	281
491	286
491	291
491	294
491	315
491	318
491	323
491	326
491	341
491	346
491	354
491	356
491	357
491	368
491	369
491	371
491	384
491	397
491	400
491	428
491	432
491	442
491	460
491	462
491	463
491	474
491	475
491	477
491	482
491	483
491	485
491	488
491	767
491	957
492	558
492	568
492	600
492	634
492	638
492	643
492	653
492	657
492	686
492	691
493	513
493	537
493	565
493	569
493	599
493	613
493	647
493	683
493	693
493	696
494	411
494	550
494	639
494	642
494	658
494	664
494	674
494	689
494	691
494	693
495	541
495	580
495	606
495	612
495	667
495	685
495	688
495	690
495	692
495	694
496	478
496	509
496	554
496	557
496	643
496	646
496	656
496	676
496	686
496	690
497	500
497	555
497	600
497	638
497	648
497	653
497	674
497	676
497	686
497	690
498	511
498	539
498	568
498	585
498	628
498	635
498	676
498	686
498	687
498	690
499	603
499	655
499	668
499	669
499	675
499	681
499	684
499	687
499	689
499	853
500	497
500	536
500	546
500	565
500	646
500	648
500	657
500	685
500	686
500	690
501	519
501	531
501	623
501	624
501	652
501	671
501	682
501	685
501	692
501	694
502	512
502	529
502	595
502	600
502	614
502	645
502	649
502	654
502	695
502	697
503	199
503	566
503	576
503	589
503	615
503	633
503	651
503	678
503	679
503	696
504	575
504	644
504	659
504	661
504	675
504	681
504	684
504	689
504	978
505	520
505	585
505	610
505	621
505	628
505	662
505	679
505	687
505	693
505	697
506	602
506	652
506	656
506	665
506	677
506	680
506	685
506	688
506	692
506	694
507	508
507	578
507	589
507	596
507	633
507	637
507	638
507	683
507	685
507	696
508	507
508	519
508	538
508	590
508	599
508	627
508	651
508	678
508	683
508	696
509	496
509	542
509	567
509	579
509	642
509	646
509	657
509	676
509	686
509	688
510	541
510	601
510	604
510	605
510	619
510	631
510	659
510	675
510	684
510	689
511	498
511	554
511	583
511	628
511	645
511	646
511	648
511	653
511	657
511	686
511	690
512	502
512	562
512	639
512	671
512	672
512	673
512	683
512	687
512	691
512	695
512	697
513	493
513	553
513	578
513	589
513	651
513	678
513	679
513	683
513	695
513	696
513	931
514	549
514	591
514	618
514	625
514	663
514	668
514	675
514	683
514	684
514	687
514	689
515	552
515	578
515	591
515	596
515	632
515	633
515	665
515	678
515	683
515	696
515	889
516	544
516	569
516	572
516	576
516	582
516	599
516	672
516	678
516	683
516	694
516	696
517	543
517	630
517	646
517	652
517	661
517	677
517	682
517	685
517	688
517	692
517	694
518	398
518	570
518	575
518	577
518	613
518	626
518	677
518	680
518	688
518	692
518	694
519	446
519	501
519	508
519	547
519	602
519	675
519	680
519	685
519	688
519	692
519	694
520	25
520	505
520	539
520	610
520	611
520	635
520	664
520	673
520	690
520	693
520	697
521	431
521	549
521	550
521	567
521	573
521	586
521	609
521	646
521	671
521	695
521	697
522	571
522	583
522	593
522	600
522	621
522	628
522	630
522	644
522	653
522	657
522	690
523	567
523	581
523	595
523	638
523	643
523	646
523	648
523	653
523	676
523	686
523	697
524	539
524	542
524	593
524	648
524	656
524	657
524	673
524	676
524	686
524	690
524	691
525	488
525	530
525	556
525	560
525	565
525	581
525	597
525	639
525	641
525	674
525	695
526	615
526	618
526	630
526	677
526	680
526	682
526	685
526	688
526	691
526	692
526	694
526	725
527	559
527	572
527	597
527	624
527	657
527	667
527	677
527	680
527	682
527	688
527	692
527	694
528	567
528	571
528	585
528	607
528	638
528	642
528	656
528	680
528	686
528	690
528	692
528	942
529	360
529	502
529	602
529	614
529	672
529	674
529	679
529	681
529	687
529	691
529	693
529	697
530	197
530	525
530	560
530	613
530	615
530	626
530	680
530	682
530	685
530	688
530	692
530	694
531	501
531	594
531	604
531	631
531	650
531	659
531	663
531	669
531	678
531	684
531	689
531	694
532	169
532	627
532	632
532	667
532	673
532	677
532	680
532	682
532	685
532	688
532	692
532	694
533	352
533	545
533	572
533	575
533	591
533	625
533	628
533	644
533	655
533	658
533	681
533	689
534	488
534	563
534	621
534	639
534	645
534	649
534	662
534	664
534	668
534	679
534	687
534	697
535	364
535	540
535	542
535	585
535	592
535	638
535	646
535	653
535	656
535	671
535	686
535	690
536	226
536	500
536	585
536	593
536	603
536	605
536	638
536	642
536	656
536	681
536	686
536	690
537	385
537	493
537	553
537	570
537	574
537	576
537	596
537	632
537	636
537	642
537	688
537	696
538	309
538	508
538	544
538	569
538	572
538	574
538	636
538	658
538	674
538	678
538	693
538	696
539	401
539	498
539	520
539	524
539	558
539	571
539	580
539	600
539	603
539	657
539	682
539	686
540	91
540	535
540	549
540	642
540	643
540	646
540	657
540	674
540	676
540	686
540	687
540	690
541	495
541	510
541	613
541	623
541	630
541	645
541	652
541	666
541	677
541	685
541	688
541	694
541	695
542	509
542	524
542	535
542	587
542	600
542	605
542	638
542	646
542	648
542	660
542	673
542	690
542	846
543	356
543	517
543	615
543	619
543	627
543	634
543	666
543	667
543	678
543	682
543	685
543	692
543	694
544	516
544	538
544	555
544	564
544	566
544	589
544	606
544	626
544	647
544	683
544	695
544	696
544	804
545	198
545	533
545	548
545	558
545	576
545	587
545	650
545	655
545	661
545	675
545	681
545	689
545	695
546	482
546	500
546	573
546	597
546	634
546	645
546	654
546	658
546	665
546	671
546	674
546	685
546	691
547	519
547	557
547	613
547	623
547	648
547	667
547	680
547	682
547	683
547	685
547	688
547	692
547	694
548	545
548	561
548	601
548	604
548	661
548	662
548	663
548	669
548	676
548	681
548	682
548	684
548	689
549	514
549	521
549	540
549	554
549	616
549	635
549	654
549	670
549	679
549	687
549	691
549	693
549	697
550	494
550	521
550	610
550	611
550	639
550	643
550	663
550	671
550	673
550	679
550	693
550	695
550	901
551	125
551	573
551	610
551	634
551	663
551	665
551	670
551	671
551	672
551	674
551	680
551	691
551	697
552	415
552	515
552	562
552	563
552	574
552	610
552	637
552	647
552	651
552	659
552	678
552	683
552	696
553	513
553	537
553	565
553	572
553	582
553	586
553	590
553	637
553	651
553	664
553	683
553	684
553	696
554	195
554	496
554	511
554	549
554	573
554	586
554	610
554	645
554	657
554	671
554	672
554	673
554	695
555	497
555	544
555	563
555	582
555	591
555	617
555	632
555	633
555	636
555	637
555	647
555	683
555	696
556	525
556	603
556	616
556	655
556	670
556	672
556	674
556	679
556	680
556	684
556	691
556	695
556	852
557	496
557	547
557	601
557	615
557	666
557	672
557	677
557	680
557	682
557	688
557	692
557	694
557	783
558	220
558	492
558	539
558	545
558	568
558	605
558	621
558	642
558	643
558	676
558	686
558	690
558	691
559	527
559	588
559	602
559	613
559	623
559	652
559	662
559	677
559	682
559	685
559	688
559	692
559	694
559	696
560	463
560	525
560	530
560	603
560	634
560	635
560	659
560	664
560	669
560	671
560	672
560	687
560	693
560	695
561	548
561	604
561	618
561	630
561	641
561	644
561	650
561	659
561	681
561	684
561	687
561	689
561	690
561	848
562	177
562	512
562	552
562	604
562	613
562	618
562	640
562	650
562	655
562	659
562	663
562	669
562	675
562	684
563	534
563	552
563	555
563	566
563	570
563	582
563	597
563	606
563	633
563	651
563	676
563	683
563	696
563	940
564	396
564	544
564	574
564	590
564	592
564	606
564	636
564	647
564	651
564	663
564	669
564	678
564	683
564	696
565	493
565	500
565	525
565	553
565	576
565	590
565	596
565	599
565	637
565	651
565	671
565	683
565	696
565	730
566	503
566	544
566	563
566	569
566	584
566	600
566	606
566	634
566	636
566	647
566	651
566	678
566	696
566	872
567	111
567	509
567	521
567	523
567	528
567	583
567	585
567	620
567	642
567	647
567	653
567	656
567	657
567	690
568	423
568	492
568	498
568	558
568	580
568	588
568	605
568	611
568	642
568	648
568	656
568	676
568	686
568	687
569	51
569	493
569	516
569	538
569	566
569	599
569	617
569	633
569	636
569	637
569	658
569	678
569	686
569	696
570	518
570	537
570	563
570	574
570	589
570	599
570	632
570	633
570	636
570	637
570	683
570	685
570	692
570	696
571	522
571	528
571	539
571	588
571	594
571	595
571	628
571	656
571	660
571	676
571	686
571	690
571	691
571	966
572	516
572	527
572	533
572	538
572	553
572	578
572	582
572	590
572	647
572	651
572	677
572	678
572	683
572	696
573	521
573	546
573	551
573	554
573	592
573	608
573	612
573	621
573	649
573	660
573	666
573	681
573	691
573	816
574	537
574	538
574	552
574	564
574	570
574	606
574	613
574	627
574	632
574	647
574	651
574	678
574	696
574	829
575	504
575	518
575	533
575	584
575	591
575	602
575	625
575	644
575	655
575	668
575	672
575	684
575	689
575	998
576	503
576	516
576	537
576	545
576	565
576	589
576	632
576	637
576	639
576	647
576	668
576	678
576	683
576	696
577	392
577	518
577	605
577	624
577	652
577	655
577	658
577	666
577	667
577	680
577	682
577	685
577	688
577	692
577	694
578	76
578	507
578	513
578	515
578	572
578	591
578	596
578	604
578	632
578	633
578	636
578	671
578	678
578	683
578	696
579	509
579	592
579	620
579	631
579	641
579	645
579	658
579	664
579	665
579	670
579	671
579	679
579	687
579	697
579	993
580	444
580	495
580	539
580	568
580	583
580	585
580	588
580	593
580	628
580	635
580	645
580	656
580	676
580	686
580	690
581	523
581	525
581	582
581	592
581	611
581	629
581	662
581	665
581	671
581	687
581	691
581	693
581	695
581	697
581	799
582	75
582	516
582	553
582	555
582	563
582	572
582	581
582	590
582	606
582	630
582	647
582	651
582	678
582	694
582	696
583	144
583	511
583	522
583	567
583	580
583	585
583	588
583	628
583	643
583	650
583	656
583	657
583	674
583	690
583	695
584	566
584	575
584	587
584	591
584	597
584	609
584	622
584	631
584	640
584	641
584	661
584	668
584	681
584	684
584	689
585	498
585	505
585	528
585	535
585	536
585	567
585	580
585	583
585	605
585	621
585	648
585	658
585	676
585	690
585	750
586	521
586	553
586	554
586	601
586	603
586	608
586	614
586	639
586	664
586	673
586	674
586	687
586	688
586	695
586	697
587	127
587	542
587	545
587	584
587	591
587	599
587	644
587	655
587	663
587	669
587	675
587	681
587	684
587	689
587	697
588	559
588	568
588	571
588	580
588	583
588	595
588	626
588	628
588	642
588	646
588	653
588	676
588	679
588	686
588	690
589	187
589	503
589	507
589	513
589	544
589	570
589	576
589	595
589	596
589	632
589	637
589	665
589	678
589	683
589	688
589	696
590	191
590	508
590	553
590	564
590	565
590	572
590	582
590	599
590	623
590	633
590	637
590	643
590	660
590	678
590	683
590	696
591	447
591	514
591	515
591	533
591	555
591	575
591	578
591	584
591	587
591	601
591	631
591	650
591	661
591	663
591	684
591	689
592	535
592	564
592	573
592	579
592	581
592	597
592	617
592	633
592	658
592	660
592	664
592	665
592	687
592	689
592	693
592	697
593	409
593	522
593	524
593	536
593	580
593	634
593	640
593	642
593	643
593	653
593	656
593	657
593	676
593	686
593	687
593	690
594	424
594	531
594	571
594	622
594	625
594	637
594	639
594	655
594	661
594	663
594	668
594	669
594	675
594	681
594	684
594	689
595	203
595	502
595	523
595	571
595	588
595	589
595	600
595	642
595	646
595	648
595	653
595	657
595	671
595	676
595	686
595	690
596	384
596	507
596	515
596	537
596	565
596	578
596	589
596	606
596	611
596	633
596	637
596	668
596	678
596	683
596	684
596	696
597	179
597	525
597	527
597	546
597	563
597	584
597	592
597	634
597	645
597	670
597	672
597	687
597	691
597	693
597	695
597	697
598	609
598	610
598	616
598	639
598	641
598	660
598	669
598	671
598	672
598	674
598	682
598	686
598	687
598	693
598	695
598	697
598	944
599	493
599	508
599	516
599	565
599	569
599	570
599	587
599	590
599	606
599	633
599	647
599	649
599	651
599	669
599	683
599	696
599	954
600	340
600	492
600	497
600	502
600	522
600	539
600	542
600	566
600	595
600	605
600	638
600	643
600	648
600	653
600	656
600	672
600	682
601	410
601	510
601	548
601	557
601	586
601	591
601	608
601	625
601	631
601	644
601	659
601	661
601	668
601	669
601	681
601	684
601	689
602	506
602	519
602	529
602	559
602	575
602	626
602	633
602	666
602	667
602	677
602	680
602	682
602	685
602	688
602	692
602	694
602	961
603	499
603	536
603	539
603	556
603	560
603	586
603	620
603	645
603	670
603	672
603	679
603	687
603	688
603	691
603	693
603	697
603	963
604	510
604	531
604	548
604	561
604	562
604	578
604	622
604	640
604	641
604	650
604	664
604	668
604	675
604	684
604	685
604	689
604	713
605	510
605	536
605	542
605	558
605	568
605	577
605	585
605	600
605	643
605	646
605	648
605	653
605	676
605	682
605	686
605	690
605	691
606	495
606	544
606	563
606	564
606	566
606	574
606	582
606	596
606	599
606	615
606	636
606	637
606	678
606	682
606	683
606	696
606	745
607	482
607	528
607	617
607	620
607	650
607	652
607	660
607	662
607	664
607	665
607	673
607	679
607	683
607	687
607	693
607	695
607	697
608	573
608	586
608	601
608	609
608	610
608	617
608	620
608	635
608	649
608	662
608	671
608	676
608	679
608	687
608	689
608	691
608	695
609	521
609	584
609	598
609	608
609	649
609	654
609	664
609	665
609	668
609	670
609	673
609	674
609	677
609	679
609	693
609	697
609	850
610	101
610	505
610	520
610	550
610	551
610	552
610	554
610	598
610	608
610	621
610	649
610	651
610	658
610	662
610	673
610	686
610	693
611	179
611	520
611	550
611	568
611	581
611	596
611	614
611	621
611	634
611	643
611	654
611	664
611	665
611	672
611	673
611	687
611	693
612	485
612	495
612	573
612	613
612	614
612	626
612	629
612	630
612	666
612	667
612	670
612	680
612	682
612	685
612	688
612	692
612	694
613	59
613	493
613	518
613	530
613	541
613	547
613	559
613	562
613	574
613	612
613	629
613	630
613	652
613	661
613	674
613	680
613	692
613	694
614	440
614	502
614	529
614	586
614	611
614	612
614	616
614	634
614	639
614	654
614	655
614	660
614	670
614	675
614	689
614	693
614	695
614	697
615	54
615	503
615	526
615	530
615	543
615	557
615	606
615	629
615	630
615	649
615	652
615	667
615	677
615	680
615	682
615	685
615	692
615	694
616	549
616	556
616	598
616	614
616	620
616	625
616	645
616	649
616	660
616	662
616	665
616	691
616	692
616	693
616	695
616	696
616	697
616	818
617	382
617	555
617	569
617	592
617	607
617	608
617	634
617	642
617	657
617	670
617	671
617	672
617	673
617	679
617	687
617	691
617	693
617	695
617	697
618	168
618	514
618	526
618	561
618	562
618	622
618	640
618	641
618	644
618	650
618	655
618	663
618	664
618	665
618	668
618	669
618	681
618	684
618	689
619	510
619	543
619	623
619	627
619	629
619	630
619	648
619	652
619	666
619	667
619	677
619	682
619	685
619	688
619	689
619	692
619	693
619	694
619	979
620	345
620	567
620	579
620	603
620	607
620	608
620	616
620	625
620	635
620	658
620	660
620	665
620	667
620	670
620	672
620	679
620	691
620	693
620	695
621	151
621	505
621	522
621	534
621	558
621	573
621	585
621	610
621	611
621	634
621	639
621	660
621	664
621	672
621	679
621	687
621	693
621	695
621	696
621	697
622	584
622	594
622	604
622	618
622	623
622	631
622	640
622	641
622	661
622	663
622	668
622	669
622	675
622	676
622	678
622	681
622	683
622	684
622	689
622	706
623	418
623	501
623	541
623	547
623	559
623	590
623	619
623	622
623	624
623	625
623	626
623	629
623	652
623	654
623	666
623	677
623	680
623	682
623	688
623	694
624	501
624	527
624	577
624	623
624	627
624	629
624	638
624	644
624	650
624	652
624	666
624	667
624	675
624	677
624	680
624	685
624	688
624	692
624	694
624	712
625	470
625	514
625	533
625	575
625	594
625	601
625	616
625	620
625	623
625	640
625	650
625	659
625	661
625	668
625	669
625	675
625	681
625	684
625	685
625	689
626	65
626	518
626	530
626	544
626	588
626	602
626	612
626	623
626	627
626	629
626	645
626	653
626	666
626	667
626	677
626	682
626	685
626	688
626	692
626	694
627	318
627	508
627	532
627	543
627	574
627	619
627	624
627	626
627	629
627	630
627	666
627	667
627	670
627	677
627	678
627	680
627	682
627	688
627	692
627	694
628	142
628	498
628	505
628	511
628	522
628	533
628	571
628	580
628	583
628	588
628	638
628	646
628	648
628	653
628	656
628	676
628	686
628	690
628	692
628	696
629	140
629	581
629	612
629	613
629	615
629	619
629	623
629	624
629	626
629	627
629	630
629	631
629	648
629	667
629	673
629	677
629	685
629	688
629	692
629	694
630	517
630	522
630	526
630	541
630	561
630	582
630	612
630	613
630	615
630	619
630	627
630	629
630	632
630	648
630	677
630	680
630	682
630	688
630	692
630	694
630	943
631	181
631	510
631	531
631	579
631	584
631	591
631	601
631	622
631	629
631	640
631	644
631	650
631	659
631	663
631	667
631	669
631	675
631	681
631	684
631	689
631	690
632	238
632	515
632	532
632	537
632	555
632	570
632	574
632	576
632	578
632	589
632	630
632	633
632	636
632	637
632	647
632	651
632	666
632	669
632	678
632	683
632	696
633	188
633	503
633	507
633	515
633	555
633	563
633	569
633	570
633	578
633	590
633	592
633	596
633	599
633	602
633	632
633	636
633	659
633	663
633	678
633	683
633	696
634	330
634	492
634	543
634	546
634	551
634	560
634	566
634	593
634	597
634	611
634	614
634	617
634	621
634	635
634	639
634	649
634	662
634	671
634	687
634	691
634	695
635	399
635	498
635	520
635	549
635	560
635	580
635	608
635	620
635	634
635	649
635	662
635	670
635	671
635	673
635	674
635	677
635	679
635	689
635	693
635	695
635	697
636	237
636	537
636	538
636	555
636	564
636	566
636	569
636	570
636	578
636	606
636	632
636	633
636	637
636	638
636	647
636	651
636	675
636	678
636	684
636	695
636	696
637	507
637	552
637	553
637	555
637	565
637	569
637	570
637	576
637	589
637	590
637	594
637	596
637	606
637	632
637	636
637	647
637	651
637	654
637	662
637	675
637	696
637	754
638	209
638	492
638	497
638	507
638	523
638	528
638	535
638	536
638	542
638	600
638	624
638	628
638	636
638	642
638	643
638	653
638	656
638	657
638	675
638	676
638	686
638	690
639	494
639	512
639	525
639	534
639	550
639	576
639	586
639	594
639	598
639	614
639	621
639	634
639	666
639	668
639	670
639	672
639	673
639	674
639	687
639	691
639	693
639	979
640	476
640	562
640	584
640	593
640	604
640	618
640	622
640	625
640	631
640	641
640	644
640	650
640	651
640	652
640	655
640	659
640	663
640	667
640	675
640	684
640	689
640	978
641	20
641	525
641	561
641	579
641	584
641	598
641	604
641	618
641	622
641	640
641	644
641	649
641	650
641	655
641	659
641	661
641	668
641	669
641	675
641	681
641	684
641	689
641	693
642	494
642	509
642	528
642	536
642	537
642	540
642	558
642	567
642	568
642	588
642	593
642	595
642	617
642	638
642	643
642	648
642	656
642	662
642	672
642	676
642	686
642	690
642	894
643	41
643	492
643	496
643	523
643	540
643	550
643	558
643	583
643	590
643	593
643	600
643	605
643	611
643	638
643	642
643	648
643	653
643	656
643	657
643	676
643	688
643	690
643	696
644	118
644	504
644	522
644	533
644	561
644	575
644	587
644	601
644	618
644	624
644	631
644	640
644	641
644	651
644	655
644	663
644	668
644	669
644	675
644	681
644	684
644	689
644	693
645	502
645	511
645	534
645	541
645	546
645	554
645	579
645	580
645	597
645	603
645	616
645	626
645	647
645	654
645	658
645	660
645	664
645	670
645	679
645	687
645	691
645	697
645	789
646	437
646	496
646	500
646	509
646	511
646	517
646	521
646	523
646	535
646	540
646	542
646	588
646	595
646	605
646	628
646	653
646	656
646	657
646	676
646	677
646	686
646	690
646	694
647	493
647	544
647	552
647	555
647	564
647	566
647	567
647	572
647	574
647	576
647	582
647	599
647	632
647	636
647	637
647	645
647	653
647	656
647	671
647	678
647	683
647	696
647	992
648	190
648	497
648	500
648	511
648	523
648	524
648	542
648	547
648	568
648	585
648	595
648	600
648	605
648	619
648	628
648	629
648	630
648	642
648	643
648	657
648	676
648	686
648	690
648	697
649	79
649	502
649	534
649	573
649	599
649	608
649	609
649	610
649	615
649	616
649	634
649	635
649	641
649	653
649	662
649	665
649	671
649	673
649	674
649	687
649	691
649	692
649	693
649	695
650	190
650	531
650	545
650	561
650	562
650	583
650	591
650	604
650	607
650	618
650	624
650	625
650	631
650	640
650	641
650	652
650	661
650	668
650	669
650	675
650	676
650	681
650	684
650	689
651	480
651	503
651	508
651	513
651	552
651	553
651	563
651	564
651	565
651	566
651	572
651	574
651	582
651	599
651	610
651	632
651	636
651	637
651	640
651	644
651	678
651	683
651	688
651	696
652	33
652	501
652	506
652	517
652	541
652	559
652	577
652	607
652	613
652	615
652	619
652	623
652	624
652	640
652	650
652	666
652	667
652	682
652	685
652	688
652	691
652	692
652	693
652	694
653	369
653	492
653	497
653	511
653	522
653	523
653	535
653	567
653	588
653	593
653	595
653	600
653	605
653	626
653	628
653	638
653	643
653	646
653	647
653	649
653	655
653	657
653	670
653	690
654	182
654	244
654	502
654	546
654	549
654	609
654	611
654	614
654	623
654	637
654	645
654	660
654	665
654	667
654	670
654	672
654	673
654	674
654	683
654	687
654	691
654	692
654	693
654	695
654	697
655	39
655	499
655	533
655	545
655	556
655	562
655	575
655	577
655	587
655	594
655	614
655	618
655	640
655	641
655	644
655	653
655	659
655	661
655	663
655	666
655	669
655	675
655	681
655	684
655	689
656	496
656	506
656	524
656	528
656	535
656	536
656	567
656	568
656	571
656	580
656	583
656	593
656	600
656	628
656	638
656	642
656	643
656	646
656	647
656	657
656	677
656	684
656	686
656	690
656	691
656	878
657	197
657	397
657	492
657	500
657	509
657	511
657	522
657	524
657	527
657	539
657	540
657	554
657	567
657	583
657	593
657	595
657	617
657	638
657	643
657	646
657	648
657	653
657	656
657	660
657	666
657	690
658	486
658	494
658	533
658	538
658	546
658	569
658	577
658	579
658	585
658	592
658	610
658	620
658	645
658	660
658	662
658	665
658	670
658	671
658	672
658	673
658	674
658	687
658	693
658	695
658	696
658	697
659	479
659	504
659	510
659	531
659	552
659	560
659	561
659	562
659	601
659	625
659	631
659	633
659	640
659	641
659	655
659	661
659	663
659	668
659	669
659	673
659	674
659	675
659	681
659	684
659	689
659	884
660	193
660	432
660	542
660	571
660	573
660	590
660	592
660	598
660	607
660	614
660	616
660	620
660	621
660	645
660	654
660	657
660	658
660	671
660	672
660	673
660	679
660	691
660	693
660	694
660	695
660	697
661	461
661	467
661	504
661	517
661	545
661	548
661	584
661	591
661	594
661	601
661	613
661	622
661	625
661	641
661	650
661	655
661	659
661	663
661	668
661	669
661	675
661	677
661	681
661	686
661	689
661	693
662	505
662	534
662	548
662	559
662	581
662	607
662	608
662	610
662	616
662	634
662	635
662	637
662	642
662	649
662	658
662	664
662	665
662	667
662	671
662	673
662	679
662	680
662	691
662	693
662	695
662	697
662	840
663	351
663	514
663	531
663	548
663	550
663	551
663	562
663	564
663	587
663	591
663	594
663	618
663	622
663	631
663	633
663	640
663	644
663	655
663	659
663	661
663	668
663	669
663	675
663	681
663	684
663	689
663	696
664	494
664	520
664	534
664	553
664	560
664	579
664	586
664	592
664	604
664	607
664	609
664	611
664	618
664	621
664	645
664	662
664	665
664	672
664	673
664	674
664	686
664	690
664	691
664	694
664	695
664	697
664	749
665	212
665	506
665	515
665	546
665	551
665	579
665	581
665	589
665	592
665	607
665	609
665	611
665	616
665	618
665	620
665	649
665	654
665	658
665	662
665	664
665	673
665	674
665	679
665	690
665	693
665	695
665	697
666	96
666	541
666	543
666	557
666	573
666	577
666	602
666	612
666	619
666	623
666	624
666	626
666	627
666	632
666	639
666	652
666	655
666	657
666	667
666	677
666	680
666	682
666	685
666	688
666	692
666	694
666	696
667	495
667	527
667	532
667	543
667	547
667	577
667	602
667	612
667	615
667	619
667	620
667	624
667	626
667	627
667	629
667	631
667	640
667	652
667	654
667	662
667	666
667	670
667	677
667	680
667	682
667	685
667	688
667	694
667	841
668	311
668	459
668	499
668	514
668	534
668	575
668	576
668	584
668	594
668	596
668	601
668	604
668	609
668	618
668	622
668	625
668	639
668	641
668	644
668	650
668	659
668	661
668	663
668	669
668	675
668	681
668	684
668	689
668	695
669	499
669	531
669	548
669	560
669	562
669	564
669	587
669	594
669	598
669	599
669	601
669	618
669	622
669	625
669	631
669	632
669	641
669	644
669	650
669	655
669	659
669	661
669	663
669	668
669	681
669	684
669	689
669	693
669	823
670	549
670	551
670	556
670	579
670	597
670	603
670	609
670	612
670	614
670	617
670	620
670	627
670	635
670	639
670	645
670	653
670	654
670	658
670	667
670	672
670	673
670	674
670	678
670	679
670	691
670	694
670	695
670	697
670	752
670	976
671	501
671	512
671	521
671	535
671	546
671	550
671	551
671	554
671	560
671	565
671	578
671	579
671	581
671	595
671	598
671	608
671	617
671	634
671	635
671	647
671	649
671	658
671	660
671	662
671	672
671	673
671	674
671	679
671	697
671	914
672	334
672	512
672	516
672	529
672	551
672	554
672	556
672	557
672	560
672	575
672	597
672	598
672	600
672	603
672	611
672	617
672	620
672	621
672	639
672	642
672	654
672	658
672	660
672	664
672	670
672	671
672	673
672	681
672	691
672	695
672	697
673	512
673	520
673	524
673	532
673	542
673	550
673	554
673	586
673	607
673	609
673	610
673	611
673	617
673	629
673	635
673	639
673	649
673	654
673	658
673	659
673	660
673	662
673	664
673	665
673	670
673	671
673	672
673	679
673	691
673	692
673	827
674	197
674	278
674	494
674	497
674	525
674	529
674	538
674	540
674	546
674	551
674	556
674	583
674	586
674	598
674	609
674	613
674	635
674	639
674	649
674	654
674	658
674	659
674	664
674	665
674	670
674	671
674	685
674	687
674	691
674	693
674	697
675	248
675	289
675	499
675	504
675	510
675	514
675	519
675	545
675	562
675	587
675	594
675	604
675	614
675	622
675	624
675	625
675	631
675	636
675	637
675	638
675	640
675	641
675	644
675	650
675	655
675	659
675	661
675	663
675	668
675	681
675	684
675	689
676	105
676	249
676	496
676	497
676	498
676	509
676	523
676	524
676	540
676	548
676	558
676	563
676	568
676	571
676	580
676	585
676	588
676	593
676	595
676	605
676	608
676	622
676	628
676	638
676	642
676	643
676	646
676	648
676	650
676	680
676	686
676	690
676	697
677	451
677	506
677	517
677	518
677	526
677	527
677	532
677	541
677	557
677	559
677	572
677	602
677	609
677	615
677	619
677	623
677	624
677	626
677	627
677	629
677	630
677	635
677	646
677	656
677	661
677	666
677	667
677	680
677	682
677	685
677	688
677	692
677	694
678	428
678	503
678	508
678	513
678	515
678	516
678	531
678	538
678	543
678	552
678	564
678	566
678	569
678	572
678	574
678	576
678	578
678	582
678	589
678	590
678	596
678	606
678	622
678	627
678	632
678	633
678	636
678	647
678	651
678	670
678	683
678	692
678	696
678	697
678	908
679	375
679	503
679	505
679	513
679	529
679	534
679	549
679	550
679	556
679	579
679	588
679	603
679	607
679	608
679	609
679	617
679	620
679	621
679	635
679	645
679	660
679	662
679	665
679	670
679	671
679	673
679	682
679	684
679	687
679	688
679	690
679	691
679	693
679	695
679	697
680	159
680	296
680	506
680	518
680	519
680	526
680	527
680	528
680	530
680	532
680	547
680	551
680	556
680	557
680	577
680	602
680	612
680	613
680	615
680	623
680	624
680	627
680	630
680	662
680	666
680	667
680	676
680	677
680	682
680	685
680	686
680	687
680	688
680	692
680	694
681	173
681	499
681	504
681	529
681	533
681	536
681	545
681	548
681	561
681	573
681	584
681	587
681	594
681	601
681	618
681	622
681	625
681	631
681	641
681	644
681	650
681	655
681	659
681	661
681	663
681	668
681	669
681	672
681	675
681	684
681	685
681	686
681	689
681	691
681	833
682	178
682	283
682	501
682	517
682	526
682	527
682	530
682	532
682	539
682	543
682	547
682	548
682	557
682	559
682	577
682	598
682	600
682	602
682	605
682	606
682	612
682	615
682	619
682	623
682	626
682	627
682	630
682	652
682	666
682	667
682	677
682	679
682	680
682	685
682	688
682	689
682	692
682	694
683	493
683	507
683	508
683	512
683	513
683	514
683	515
683	516
683	544
683	547
683	552
683	553
683	555
683	563
683	564
683	565
683	570
683	572
683	576
683	578
683	589
683	590
683	596
683	599
683	606
683	607
683	622
683	632
683	633
683	647
683	651
683	654
683	678
683	695
683	696
683	697
683	812
683	843
684	499
684	504
684	510
684	514
684	531
684	548
684	553
684	556
684	561
684	562
684	575
684	584
684	587
684	591
684	594
684	596
684	601
684	604
684	618
684	622
684	625
684	631
684	636
684	640
684	641
684	644
684	650
684	655
684	656
684	659
684	663
684	668
684	669
684	675
684	679
684	681
684	697
684	718
684	762
685	270
685	378
685	495
685	500
685	501
685	506
685	507
685	517
685	519
685	526
685	530
685	532
685	541
685	543
685	546
685	547
685	559
685	570
685	577
685	602
685	604
685	612
685	615
685	619
685	624
685	625
685	626
685	629
685	652
685	666
685	667
685	674
685	677
685	680
685	681
685	682
685	688
685	692
685	694
686	477
686	492
686	496
686	497
686	498
686	500
686	509
686	511
686	523
686	524
686	528
686	535
686	536
686	539
686	540
686	558
686	568
686	569
686	571
686	580
686	588
686	593
686	595
686	598
686	605
686	610
686	628
686	638
686	642
686	646
686	648
686	656
686	661
686	664
686	676
686	680
686	681
686	690
686	925
687	306
687	446
687	498
687	499
687	505
687	512
687	514
687	529
687	534
687	540
687	549
687	560
687	561
687	568
687	579
687	581
687	586
687	592
687	593
687	597
687	598
687	603
687	607
687	608
687	611
687	617
687	621
687	634
687	639
687	645
687	649
687	654
687	658
687	674
687	679
687	680
687	691
687	693
687	695
687	697
688	484
688	495
688	506
688	509
688	517
688	518
688	519
688	526
688	527
688	530
688	532
688	537
688	541
688	547
688	557
688	559
688	577
688	586
688	589
688	602
688	603
688	612
688	619
688	623
688	624
688	626
688	627
688	629
688	630
688	643
688	651
688	652
688	666
688	667
688	677
688	679
688	680
688	682
688	685
688	692
688	694
688	993
689	434
689	494
689	499
689	504
689	510
689	514
689	531
689	533
689	545
689	548
689	561
689	575
689	584
689	587
689	591
689	592
689	594
689	601
689	604
689	608
689	614
689	618
689	619
689	622
689	625
689	631
689	635
689	640
689	641
689	644
689	650
689	655
689	659
689	661
689	663
689	668
689	669
689	675
689	681
689	682
689	696
689	697
689	771
690	89
690	368
690	495
690	496
690	497
690	498
690	500
690	511
690	520
690	522
690	524
690	528
690	535
690	536
690	540
690	542
690	558
690	561
690	567
690	571
690	580
690	583
690	585
690	588
690	593
690	595
690	605
690	628
690	631
690	638
690	642
690	643
690	646
690	648
690	653
690	656
690	657
690	664
690	665
690	676
690	679
690	686
690	694
691	337
691	454
691	492
691	494
691	512
691	524
691	526
691	529
691	546
691	549
691	551
691	556
691	558
691	571
691	573
691	581
691	597
691	603
691	605
691	608
691	616
691	617
691	620
691	634
691	639
691	645
691	649
691	652
691	654
691	656
691	660
691	662
691	664
691	670
691	672
691	673
691	674
691	679
691	681
691	687
691	693
691	695
691	997
692	434
692	495
692	501
692	506
692	517
692	518
692	519
692	526
692	527
692	528
692	530
692	532
692	543
692	547
692	557
692	559
692	570
692	577
692	602
692	612
692	613
692	615
692	616
692	619
692	624
692	626
692	627
692	628
692	629
692	630
692	649
692	652
692	654
692	666
692	673
692	677
692	678
692	680
692	682
692	685
692	688
692	693
692	694
692	845
692	893
693	27
693	72
693	493
693	494
693	505
693	520
693	529
693	538
693	549
693	550
693	560
693	581
693	592
693	597
693	598
693	603
693	607
693	609
693	610
693	611
693	614
693	616
693	617
693	619
693	620
693	621
693	635
693	639
693	641
693	644
693	649
693	652
693	654
693	658
693	660
693	661
693	662
693	665
693	669
693	674
693	679
693	687
693	691
693	692
693	695
693	961
694	461
694	495
694	501
694	506
694	516
694	517
694	518
694	519
694	526
694	527
694	530
694	531
694	532
694	541
694	543
694	547
694	557
694	559
694	577
694	582
694	602
694	612
694	613
694	615
694	619
694	623
694	624
694	626
694	627
694	629
694	630
694	646
694	652
694	660
694	664
694	666
694	667
694	670
694	677
694	680
694	682
694	685
694	688
694	690
694	692
694	697
694	879
695	214
695	300
695	502
695	512
695	513
695	521
695	525
695	541
695	544
695	545
695	550
695	554
695	556
695	560
695	581
695	583
695	586
695	597
695	598
695	607
695	608
695	614
695	616
695	617
695	620
695	621
695	634
695	635
695	636
695	649
695	654
695	658
695	660
695	662
695	664
695	665
695	668
695	670
695	672
695	679
695	683
695	687
695	691
695	693
695	696
695	697
695	837
696	416
696	493
696	503
696	507
696	508
696	513
696	515
696	516
696	537
696	538
696	544
696	552
696	553
696	555
696	559
696	563
696	564
696	565
696	566
696	569
696	570
696	572
696	574
696	576
696	578
696	582
696	589
696	590
696	596
696	599
696	606
696	616
696	621
696	628
696	632
696	633
696	636
696	637
696	643
696	647
696	651
696	658
696	663
696	666
696	678
696	683
696	689
696	695
696	784
697	58
697	417
697	421
697	502
697	505
697	512
697	520
697	521
697	523
697	529
697	534
697	549
697	551
697	579
697	581
697	586
697	587
697	592
697	597
697	598
697	603
697	607
697	609
697	614
697	616
697	617
697	621
697	635
697	645
697	648
697	654
697	658
697	660
697	662
697	664
697	665
697	670
697	671
697	672
697	674
697	676
697	678
697	679
697	683
697	684
697	687
697	689
697	694
697	695
698	734
698	745
698	758
698	765
698	776
698	803
698	828
698	834
698	839
698	845
699	726
699	740
699	754
699	780
699	800
699	802
699	825
699	834
699	846
699	852
700	753
700	754
700	766
700	797
700	829
700	835
700	839
700	842
700	846
700	852
701	481
701	721
701	786
701	810
701	823
701	824
701	830
701	838
701	844
701	848
702	471
702	736
702	783
702	792
702	827
702	835
702	838
702	845
702	847
702	848
703	730
703	757
703	762
703	769
703	774
703	781
703	824
703	845
703	851
703	994
704	486
704	764
704	792
704	801
704	806
704	824
704	827
704	838
704	848
704	851
705	716
705	729
705	792
705	811
705	834
705	838
705	844
705	845
705	851
705	995
706	622
706	758
706	760
706	769
706	792
706	821
706	824
706	827
706	838
706	844
707	414
707	732
707	748
707	811
707	826
707	837
707	841
707	847
707	848
707	849
708	774
708	789
708	808
708	812
708	821
708	835
708	838
708	845
708	848
708	851
709	722
709	799
709	811
709	824
709	828
709	838
709	844
709	845
709	849
709	928
710	718
710	725
710	823
710	824
710	827
710	835
710	838
710	845
710	850
710	851
711	772
711	793
711	820
711	831
711	836
711	837
711	841
711	842
711	843
711	847
712	624
712	719
712	739
712	776
712	798
712	813
712	828
712	830
712	852
712	853
713	604
713	731
713	756
713	787
713	806
713	828
713	830
713	833
713	842
713	853
714	404
714	754
714	809
714	825
714	836
714	837
714	842
714	844
714	846
714	850
715	487
715	726
715	756
715	766
715	783
715	785
715	786
715	791
715	835
715	844
716	481
716	705
716	725
716	801
716	811
716	817
716	820
716	824
716	838
716	845
717	160
717	776
717	778
717	809
717	818
717	825
717	834
717	846
717	848
717	849
717	852
718	684
718	710
718	756
718	761
718	782
718	790
718	800
718	813
718	827
718	833
718	846
719	712
719	755
719	805
719	822
719	826
719	829
719	831
719	840
719	847
719	849
719	852
720	731
720	751
720	755
720	793
720	816
720	819
720	831
720	832
720	840
720	847
720	849
721	701
721	724
721	732
721	791
721	801
721	811
721	827
721	835
721	838
721	844
721	851
722	709
722	751
722	753
722	785
722	806
722	808
722	811
722	823
722	844
722	848
722	852
723	280
723	769
723	802
723	807
723	810
723	818
723	825
723	834
723	836
723	839
723	846
724	373
724	721
724	727
724	756
724	766
724	802
724	813
724	825
724	836
724	846
724	850
725	526
725	710
725	716
725	774
725	786
725	794
725	795
725	807
725	827
725	844
725	851
726	699
726	715
726	758
726	769
726	770
726	781
726	783
726	785
726	814
726	835
726	851
727	471
727	724
727	752
727	786
727	790
727	801
727	807
727	824
727	835
727	845
727	851
728	81
728	743
728	751
728	772
728	810
728	816
728	820
728	822
728	826
728	831
728	832
729	705
729	740
729	754
729	759
729	796
729	826
729	832
729	840
729	843
729	849
729	851
730	565
730	703
730	750
730	786
730	792
730	807
730	808
730	845
730	848
730	851
730	852
731	713
731	720
731	750
731	751
731	830
731	836
731	838
731	839
731	850
731	852
731	853
732	288
732	707
732	721
732	735
732	768
732	788
732	832
732	837
732	840
732	847
732	849
733	735
733	774
733	808
733	812
733	821
733	834
733	835
733	844
733	848
733	851
733	967
734	478
734	698
734	772
734	780
734	782
734	813
734	834
734	835
734	839
734	846
734	853
735	732
735	733
735	758
735	789
735	809
735	818
735	833
735	834
735	836
735	842
735	850
736	389
736	702
736	743
736	760
736	783
736	795
736	820
736	831
736	832
736	843
736	849
737	414
737	770
737	786
737	804
737	806
737	811
737	824
737	832
737	835
737	845
737	851
738	773
738	788
738	810
738	813
738	817
738	818
738	820
738	830
738	834
738	842
738	852
739	712
739	745
739	756
739	814
739	818
739	828
739	839
739	847
739	850
739	852
739	853
740	489
740	699
740	729
740	780
740	796
740	806
740	816
740	819
740	820
740	829
740	837
740	840
741	476
741	762
741	783
741	798
741	806
741	807
741	821
741	823
741	844
741	848
741	851
741	853
742	745
742	777
742	779
742	781
742	790
742	801
742	802
742	828
742	836
742	846
742	852
742	853
743	192
743	728
743	736
743	747
743	795
743	813
743	820
743	822
743	825
743	829
743	847
743	849
744	323
744	745
744	759
744	767
744	794
744	796
744	829
744	832
744	837
744	840
744	841
744	847
745	606
745	698
745	739
745	742
745	744
745	767
745	771
745	800
745	802
745	817
745	830
745	850
746	778
746	802
746	817
746	823
746	825
746	834
746	839
746	840
746	842
746	850
746	852
746	946
747	743
747	787
747	805
747	820
747	826
747	837
747	840
747	841
747	846
747	847
747	849
747	891
748	707
748	787
748	796
748	812
748	816
748	819
748	826
748	841
748	843
748	848
748	849
748	851
749	664
749	758
749	762
749	781
749	806
749	808
749	817
749	824
749	836
749	845
749	848
749	851
750	585
750	730
750	731
750	756
750	783
750	817
750	818
750	830
750	833
750	834
750	836
750	852
751	485
751	720
751	722
751	728
751	731
751	790
751	797
751	818
751	825
751	833
751	850
751	853
752	670
752	727
752	758
752	775
752	779
752	799
752	806
752	811
752	819
752	830
752	848
752	851
753	358
753	700
753	722
753	789
753	797
753	828
753	830
753	834
753	835
753	846
753	848
753	850
754	637
754	699
754	700
754	714
754	729
754	780
754	809
754	818
754	822
754	836
754	850
754	851
754	853
755	719
755	720
755	768
755	784
755	808
755	816
755	825
755	829
755	839
755	840
755	843
755	847
755	849
756	713
756	715
756	718
756	724
756	739
756	750
756	767
756	804
756	810
756	830
756	845
756	853
756	982
757	703
757	766
757	790
757	796
757	798
757	821
757	825
757	830
757	833
757	842
757	851
757	852
757	853
758	698
758	706
758	726
758	735
758	749
758	752
758	770
758	788
758	792
758	807
758	844
758	845
758	851
759	24
759	729
759	744
759	796
759	801
759	805
759	816
759	826
759	829
759	831
759	832
759	836
759	841
760	706
760	736
760	777
760	782
760	788
760	789
760	796
760	822
760	831
760	840
760	841
760	849
760	875
761	718
761	809
761	819
761	826
761	832
761	833
761	834
761	836
761	846
761	850
761	852
761	853
761	992
762	684
762	703
762	741
762	749
762	769
762	799
762	802
762	814
762	821
762	823
762	838
762	840
762	844
763	483
763	788
763	789
763	800
763	810
763	817
763	825
763	842
763	847
763	848
763	850
763	852
763	853
764	704
764	776
764	810
764	817
764	829
764	830
764	834
764	839
764	842
764	847
764	852
764	853
764	953
765	698
765	768
765	782
765	787
765	791
765	793
765	810
765	813
765	828
765	834
765	846
765	852
765	853
766	700
766	715
766	724
766	757
766	768
766	776
766	778
766	799
766	802
766	809
766	830
766	839
766	853
767	491
767	744
767	745
767	756
767	780
767	819
767	825
767	826
767	834
767	839
767	842
767	846
767	852
768	63
768	732
768	755
768	765
768	766
768	805
768	815
768	816
768	826
768	829
768	830
768	837
768	843
768	849
769	703
769	706
769	723
769	726
769	762
769	791
769	811
769	818
769	821
769	823
769	827
769	834
769	835
769	848
770	440
770	726
770	737
770	758
770	791
770	808
770	818
770	821
770	822
770	823
770	829
770	838
770	845
770	851
771	689
771	745
771	784
771	788
771	793
771	794
771	805
771	819
771	826
771	832
771	840
771	843
771	847
771	853
772	162
772	711
772	728
772	734
772	809
772	812
772	816
772	820
772	829
772	831
772	837
772	840
772	841
772	849
773	419
773	738
773	787
773	807
773	815
773	817
773	827
773	828
773	830
773	833
773	839
773	846
773	850
773	852
773	853
774	703
774	708
774	725
774	733
774	807
774	814
774	823
774	824
774	838
774	842
774	845
774	848
774	849
774	850
774	851
775	359
775	752
775	782
775	784
775	790
775	800
775	810
775	813
775	817
775	824
775	833
775	839
775	842
775	846
775	852
776	698
776	712
776	717
776	764
776	766
776	782
776	814
776	828
776	837
776	839
776	842
776	844
776	846
776	850
776	852
777	742
777	760
777	796
777	814
777	819
777	820
777	822
777	826
777	829
777	831
777	833
777	840
777	841
777	847
777	882
778	192
778	717
778	746
778	766
778	780
778	781
778	789
778	802
778	815
778	828
778	839
778	841
778	843
778	846
778	850
779	742
779	752
779	801
779	806
779	811
779	814
779	822
779	823
779	824
779	827
779	835
779	836
779	844
779	848
779	851
780	46
780	699
780	734
780	740
780	754
780	767
780	778
780	782
780	800
780	825
780	843
780	844
780	846
780	850
780	852
780	853
781	703
781	726
781	742
781	749
781	778
781	800
781	802
781	825
781	828
781	833
781	834
781	836
781	850
781	851
781	852
781	853
782	718
782	734
782	760
782	765
782	775
782	776
782	780
782	798
782	800
782	801
782	808
782	831
782	836
782	839
782	842
782	850
783	557
783	702
783	715
783	726
783	736
783	741
783	750
783	791
783	799
783	811
783	814
783	821
783	833
783	838
783	848
783	851
784	696
784	755
784	771
784	775
784	795
784	815
784	816
784	817
784	822
784	829
784	837
784	840
784	843
784	846
784	847
784	849
785	484
785	715
785	722
785	726
785	786
785	792
785	799
785	800
785	807
785	814
785	823
785	827
785	831
785	844
785	848
785	849
786	47
786	701
786	715
786	725
786	727
786	730
786	737
786	785
786	797
786	805
786	806
786	838
786	844
786	846
786	848
786	851
787	130
787	713
787	747
787	748
787	765
787	773
787	803
787	809
787	818
787	825
787	830
787	836
787	846
787	847
787	850
787	852
787	853
788	298
788	732
788	738
788	758
788	760
788	763
788	771
788	795
788	804
788	829
788	831
788	837
788	840
788	843
788	847
788	849
788	850
789	645
789	708
789	735
789	753
789	760
789	763
789	778
789	798
789	800
789	801
789	802
789	809
789	817
789	828
789	830
789	846
789	853
790	457
790	718
790	727
790	742
790	751
790	757
790	775
790	791
790	813
790	817
790	825
790	836
790	839
790	842
790	845
790	852
790	853
791	273
791	715
791	721
791	765
791	769
791	770
791	783
791	790
791	806
791	808
791	813
791	814
791	821
791	827
791	838
791	848
791	849
792	187
792	702
792	704
792	705
792	706
792	730
792	758
792	785
792	797
792	821
792	823
792	827
792	835
792	836
792	842
792	844
792	848
793	341
793	711
793	720
793	765
793	771
793	794
793	804
793	815
793	816
793	820
793	822
793	823
793	832
793	837
793	840
793	841
793	847
793	850
794	725
794	744
794	771
794	793
794	796
794	810
794	815
794	816
794	819
794	820
794	822
794	830
794	832
794	839
794	841
794	843
794	849
794	876
795	165
795	725
795	736
795	743
795	784
795	788
795	804
795	815
795	819
795	820
795	823
795	826
795	829
795	831
795	843
795	847
795	848
795	849
796	729
796	740
796	744
796	748
796	757
796	759
796	760
796	777
796	794
796	808
796	815
796	830
796	832
796	841
796	842
796	843
796	847
796	849
797	700
797	751
797	753
797	786
797	792
797	803
797	810
797	813
797	817
797	818
797	828
797	831
797	833
797	836
797	846
797	849
797	852
797	853
798	177
798	712
798	741
798	757
798	782
798	789
798	803
798	810
798	817
798	818
798	828
798	829
798	832
798	834
798	836
798	851
798	852
798	853
799	581
799	709
799	752
799	762
799	766
799	783
799	785
799	807
799	821
799	827
799	830
799	835
799	840
799	844
799	845
799	848
799	851
799	852
800	70
800	699
800	718
800	745
800	763
800	775
800	780
800	781
800	782
800	785
800	789
800	817
800	824
800	829
800	834
800	836
800	850
800	853
801	383
801	704
801	716
801	721
801	727
801	742
801	759
801	779
801	782
801	789
801	807
801	814
801	823
801	835
801	838
801	844
801	845
801	848
801	851
802	363
802	699
802	723
802	724
802	742
802	745
802	746
802	762
802	766
802	778
802	781
802	789
802	812
802	834
802	837
802	839
802	842
802	851
802	853
803	8
803	698
803	787
803	797
803	798
803	817
803	825
803	828
803	830
803	831
803	833
803	836
803	838
803	846
803	848
803	850
803	851
803	852
803	853
804	544
804	737
804	756
804	788
804	793
804	795
804	805
804	812
804	813
804	815
804	819
804	822
804	830
804	831
804	837
804	840
804	841
804	843
804	847
804	849
805	719
805	747
805	759
805	768
805	771
805	786
805	804
805	812
805	813
805	814
805	815
805	822
805	829
805	837
805	838
805	840
805	841
805	843
805	847
805	971
806	32
806	704
806	713
806	722
806	737
806	740
806	741
806	749
806	752
806	779
806	786
806	791
806	808
806	810
806	811
806	814
806	824
806	840
806	844
806	848
806	851
807	186
807	723
807	725
807	727
807	730
807	741
807	758
807	773
807	774
807	785
807	799
807	801
807	808
807	816
807	821
807	827
807	834
807	835
807	838
807	845
807	851
808	147
808	708
808	722
808	730
808	733
808	749
808	755
808	770
808	782
808	791
808	796
808	806
808	807
808	823
808	824
808	827
808	833
808	844
808	845
808	848
808	851
809	23
809	714
809	717
809	735
809	754
809	761
809	766
809	772
809	787
809	789
809	824
809	828
809	830
809	833
809	835
809	837
809	838
809	839
809	842
809	846
809	853
810	701
810	723
810	728
810	738
810	756
810	763
810	764
810	765
810	775
810	794
810	797
810	798
810	806
810	825
810	836
810	839
810	842
810	846
810	847
810	850
810	852
810	860
811	97
811	705
811	707
811	709
811	716
811	721
811	722
811	737
811	752
811	769
811	779
811	783
811	806
811	821
811	823
811	832
811	835
811	841
811	845
811	848
811	851
811	853
812	683
812	708
812	733
812	748
812	772
812	802
812	804
812	805
812	815
812	816
812	819
812	820
812	822
812	829
812	831
812	837
812	840
812	841
812	843
812	847
812	849
812	850
812	852
813	57
813	425
813	712
813	718
813	724
813	734
813	738
813	743
813	765
813	775
813	790
813	791
813	797
813	804
813	805
813	818
813	822
813	825
813	836
813	839
813	842
813	850
813	852
813	853
814	43
814	726
814	739
814	762
814	774
814	776
814	777
814	779
814	783
814	785
814	791
814	801
814	805
814	806
814	818
814	821
814	823
814	824
814	827
814	838
814	844
814	845
814	848
814	851
815	768
815	773
815	778
815	784
815	793
815	794
815	795
815	796
815	804
815	805
815	812
815	820
815	822
815	826
815	829
815	831
815	832
815	834
815	839
815	840
815	841
815	843
815	849
815	987
816	327
816	573
816	720
816	728
816	740
816	748
816	755
816	759
816	768
816	772
816	784
816	793
816	794
816	807
816	812
816	818
816	819
816	823
816	826
816	827
816	833
816	841
816	843
816	847
816	849
817	441
817	716
817	738
817	745
817	746
817	749
817	750
817	763
817	764
817	773
817	775
817	784
817	789
817	790
817	797
817	798
817	800
817	803
817	821
817	825
817	833
817	834
817	842
817	843
817	850
818	616
818	717
818	723
818	735
818	738
818	739
818	750
818	751
818	754
818	769
818	770
818	787
818	797
818	798
818	813
818	814
818	816
818	825
818	830
818	833
818	835
818	836
818	850
818	852
818	853
818	939
819	200
819	720
819	740
819	748
819	752
819	761
819	767
819	771
819	777
819	794
819	795
819	804
819	812
819	816
819	822
819	826
819	829
819	832
819	833
819	837
819	840
819	841
819	843
819	849
819	850
819	852
819	924
820	202
820	711
820	716
820	728
820	736
820	738
820	740
820	743
820	747
820	772
820	777
820	793
820	794
820	795
820	812
820	815
820	825
820	826
820	827
820	829
820	831
820	832
820	837
820	843
820	847
820	849
820	853
821	158
821	706
821	708
821	733
821	741
821	757
821	762
821	769
821	770
821	783
821	791
821	792
821	799
821	807
821	811
821	814
821	817
821	824
821	827
821	828
821	833
821	835
821	838
821	843
821	845
821	848
821	851
822	155
822	488
822	719
822	728
822	743
822	754
822	760
822	770
822	777
822	779
822	784
822	793
822	794
822	804
822	805
822	812
822	813
822	815
822	819
822	828
822	831
822	832
822	839
822	840
822	841
822	843
822	847
822	849
823	669
823	701
823	710
823	722
823	741
823	746
823	762
823	769
823	770
823	774
823	779
823	785
823	792
823	793
823	795
823	801
823	808
823	811
823	814
823	816
823	824
823	827
823	834
823	835
823	838
823	844
823	846
823	848
823	851
824	468
824	701
824	703
824	704
824	706
824	709
824	710
824	716
824	727
824	737
824	749
824	774
824	775
824	779
824	800
824	806
824	808
824	809
824	814
824	821
824	823
824	826
824	827
824	835
824	838
824	845
824	848
824	851
824	853
825	470
825	699
825	714
825	717
825	723
825	724
825	743
825	746
825	751
825	755
825	757
825	763
825	767
825	780
825	781
825	787
825	790
825	803
825	810
825	813
825	817
825	818
825	820
825	827
825	831
825	833
825	850
825	851
825	852
825	853
826	454
826	483
826	707
826	719
826	728
826	729
826	747
826	748
826	759
826	761
826	767
826	768
826	771
826	777
826	795
826	815
826	816
826	819
826	820
826	824
826	829
826	831
826	832
826	837
826	839
826	840
826	843
826	845
826	846
826	847
827	673
827	702
827	704
827	706
827	710
827	718
827	721
827	725
827	769
827	773
827	779
827	785
827	791
827	792
827	799
827	807
827	808
827	814
827	816
827	820
827	821
827	823
827	824
827	825
827	835
827	844
827	845
827	848
827	851
827	853
828	263
828	284
828	698
828	709
828	712
828	713
828	739
828	742
828	753
828	765
828	773
828	776
828	778
828	781
828	789
828	797
828	798
828	803
828	809
828	821
828	822
828	830
828	832
828	833
828	842
828	845
828	847
828	850
828	852
828	853
829	574
829	700
829	719
829	740
829	743
829	744
829	755
829	759
829	764
829	768
829	770
829	772
829	777
829	784
829	788
829	795
829	798
829	800
829	805
829	812
829	815
829	819
829	820
829	826
829	831
829	832
829	834
829	837
829	841
829	847
829	849
830	332
830	701
830	712
830	713
830	731
830	738
830	745
830	750
830	752
830	753
830	756
830	757
830	764
830	766
830	768
830	773
830	787
830	789
830	794
830	796
830	799
830	803
830	804
830	809
830	818
830	828
830	833
830	836
830	839
830	846
830	850
831	326
831	711
831	719
831	720
831	728
831	736
831	759
831	760
831	772
831	777
831	782
831	785
831	788
831	795
831	797
831	803
831	804
831	812
831	815
831	820
831	822
831	825
831	826
831	829
831	832
831	837
831	841
831	843
831	845
831	846
831	847
832	108
832	310
832	720
832	728
832	729
832	732
832	736
832	737
832	744
832	759
832	761
832	771
832	793
832	794
832	796
832	798
832	811
832	815
832	819
832	820
832	822
832	826
832	828
832	829
832	831
832	837
832	840
832	841
832	842
832	843
832	847
832	849
833	681
833	713
833	718
833	735
833	750
833	751
833	757
833	761
833	773
833	775
833	777
833	781
833	783
833	797
833	803
833	808
833	809
833	816
833	817
833	818
833	819
833	821
833	825
833	828
833	830
833	834
833	836
833	842
833	846
833	849
833	850
833	853
833	981
834	320
834	331
834	698
834	699
834	705
834	717
834	723
834	733
834	734
834	735
834	738
834	746
834	750
834	753
834	761
834	764
834	765
834	767
834	769
834	781
834	798
834	800
834	802
834	807
834	815
834	817
834	823
834	829
834	833
834	839
834	842
834	846
834	853
835	700
835	702
835	708
835	710
835	715
835	721
835	726
835	727
835	733
835	734
835	737
835	753
835	769
835	779
835	792
835	799
835	801
835	807
835	809
835	811
835	818
835	821
835	823
835	824
835	827
835	836
835	838
835	844
835	845
835	846
835	848
835	851
835	964
836	193
836	711
836	714
836	723
836	724
836	731
836	735
836	742
836	749
836	750
836	754
836	759
836	761
836	779
836	781
836	782
836	787
836	790
836	792
836	797
836	798
836	800
836	803
836	810
836	813
836	818
836	830
836	833
836	835
836	842
836	846
836	850
836	853
837	695
837	707
837	711
837	714
837	732
837	740
837	744
837	747
837	768
837	772
837	776
837	784
837	788
837	793
837	802
837	804
837	805
837	809
837	812
837	819
837	820
837	826
837	829
837	831
837	832
837	838
837	840
837	841
837	843
837	846
837	847
837	849
837	988
838	137
838	701
838	702
838	704
838	705
838	706
838	708
838	709
838	710
838	716
838	721
838	731
838	762
838	770
838	774
838	783
838	786
838	791
838	801
838	803
838	805
838	807
838	809
838	814
838	821
838	823
838	824
838	835
838	837
838	844
838	845
838	848
838	850
838	853
839	698
839	700
839	723
839	731
839	734
839	739
839	746
839	755
839	764
839	766
839	767
839	773
839	775
839	776
839	778
839	782
839	790
839	794
839	802
839	809
839	810
839	813
839	815
839	822
839	826
839	830
839	834
839	842
839	844
839	849
839	850
839	852
839	853
839	892
840	662
840	719
840	720
840	729
840	732
840	740
840	744
840	746
840	747
840	755
840	760
840	762
840	771
840	772
840	777
840	784
840	788
840	793
840	799
840	804
840	805
840	806
840	812
840	815
840	819
840	822
840	826
840	832
840	837
840	841
840	842
840	843
840	847
840	848
840	849
840	852
841	458
841	667
841	707
841	711
841	744
841	747
841	748
841	759
841	760
841	772
841	777
841	778
841	793
841	794
841	796
841	804
841	805
841	811
841	812
841	815
841	816
841	819
841	822
841	829
841	831
841	832
841	837
841	840
841	842
841	843
841	845
841	847
841	848
841	849
841	852
841	853
842	328
842	700
842	711
842	713
842	714
842	735
842	738
842	746
842	757
842	763
842	764
842	767
842	774
842	775
842	776
842	782
842	790
842	792
842	796
842	802
842	809
842	810
842	813
842	817
842	828
842	832
842	833
842	834
842	836
842	839
842	840
842	841
842	846
842	850
842	852
842	853
842	871
843	683
843	711
843	729
843	736
843	748
843	755
843	768
843	771
843	778
843	780
843	784
843	788
843	794
843	795
843	796
843	804
843	805
843	812
843	815
843	816
843	817
843	819
843	820
843	821
843	822
843	826
843	831
843	832
843	837
843	840
843	841
843	844
843	847
843	849
843	850
843	851
843	852
843	975
844	701
844	705
844	706
844	709
844	714
844	715
844	721
844	722
844	725
844	733
844	741
844	758
844	762
844	776
844	779
844	780
844	785
844	786
844	792
844	799
844	801
844	806
844	808
844	814
844	823
844	827
844	835
844	838
844	839
844	843
844	845
844	848
844	849
844	850
844	851
844	852
844	909
844	995
845	483
845	692
845	698
845	702
845	703
845	705
845	708
845	709
845	710
845	716
845	727
845	730
845	737
845	749
845	756
845	758
845	770
845	774
845	790
845	799
845	801
845	807
845	808
845	811
845	814
845	821
845	824
845	826
845	827
845	828
845	831
845	835
845	838
845	841
845	844
845	848
845	851
845	853
846	198
846	542
846	699
846	700
846	714
846	717
846	718
846	723
846	724
846	734
846	742
846	747
846	753
846	761
846	765
846	767
846	773
846	775
846	776
846	778
846	780
846	784
846	786
846	787
846	789
846	797
846	803
846	809
846	810
846	823
846	826
846	830
846	831
846	833
846	834
846	835
846	836
846	837
846	842
846	850
846	852
847	112
847	452
847	702
847	707
847	711
847	719
847	720
847	732
847	739
847	743
847	744
847	747
847	755
847	763
847	764
847	771
847	777
847	784
847	787
847	788
847	793
847	795
847	796
847	804
847	805
847	810
847	812
847	816
847	820
847	822
847	826
847	828
847	829
847	831
847	832
847	837
847	840
847	841
847	843
847	849
847	853
848	561
848	701
848	702
848	704
848	707
848	708
848	717
848	722
848	730
848	733
848	741
848	748
848	749
848	752
848	753
848	763
848	769
848	774
848	779
848	783
848	785
848	786
848	791
848	792
848	795
848	799
848	801
848	803
848	806
848	808
848	811
848	814
848	821
848	823
848	824
848	827
848	835
848	838
848	840
848	841
848	844
848	845
848	948
849	95
849	469
849	707
849	709
849	717
849	719
849	720
849	729
849	732
849	736
849	743
849	747
849	748
849	755
849	760
849	768
849	772
849	774
849	784
849	785
849	788
849	791
849	794
849	795
849	796
849	797
849	804
849	812
849	815
849	816
849	819
849	820
849	822
849	829
849	832
849	833
849	837
849	839
849	840
849	841
849	843
849	844
849	847
850	314
850	609
850	710
850	714
850	724
850	731
850	735
850	739
850	745
850	746
850	751
850	753
850	754
850	761
850	763
850	773
850	774
850	776
850	778
850	780
850	781
850	782
850	787
850	788
850	793
850	800
850	803
850	810
850	812
850	813
850	817
850	818
850	819
850	825
850	828
850	830
850	833
850	836
850	838
850	839
850	842
850	843
850	844
850	846
850	852
851	703
851	704
851	705
851	708
851	710
851	721
851	725
851	726
851	727
851	729
851	730
851	733
851	737
851	741
851	748
851	749
851	752
851	754
851	757
851	758
851	770
851	774
851	779
851	781
851	783
851	786
851	798
851	799
851	801
851	802
851	803
851	806
851	807
851	808
851	811
851	814
851	821
851	823
851	824
851	825
851	827
851	835
851	843
851	844
851	845
851	951
851	974
852	68
852	253
852	556
852	699
852	700
852	712
852	717
852	719
852	722
852	730
852	731
852	738
852	739
852	742
852	746
852	750
852	757
852	761
852	763
852	764
852	765
852	767
852	773
852	775
852	776
852	780
852	781
852	787
852	790
852	797
852	798
852	799
852	803
852	810
852	812
852	813
852	818
852	819
852	825
852	828
852	839
852	840
852	841
852	842
852	843
852	844
852	846
852	850
852	853
853	176
853	499
853	712
853	713
853	731
853	734
853	739
853	741
853	742
853	751
853	754
853	756
853	757
853	761
853	763
853	764
853	765
853	766
853	771
853	773
853	780
853	781
853	787
853	789
853	790
853	797
853	798
853	800
853	802
853	803
853	809
853	811
853	813
853	818
853	820
853	824
853	825
853	827
853	828
853	833
853	834
853	836
853	838
853	839
853	841
853	842
853	845
853	847
853	852
854	243
854	896
854	938
854	977
854	982
854	984
854	991
854	992
854	998
854	1000
855	857
855	894
855	895
855	912
855	913
855	945
855	953
855	960
855	989
855	996
856	890
856	920
856	938
856	941
856	954
856	956
856	971
856	978
856	980
856	989
857	855
857	898
857	905
857	931
857	947
857	953
857	960
857	962
857	989
857	996
858	873
858	879
858	893
858	917
858	925
858	949
858	974
858	986
858	992
858	993
859	863
859	910
859	942
859	961
859	965
859	970
859	980
859	984
859	998
859	1000
860	810
860	895
860	948
860	981
860	987
860	988
860	991
860	992
860	999
860	1000
861	271
861	895
861	906
861	912
861	943
861	966
861	973
861	985
861	989
861	996
862	295
862	867
862	878
862	912
862	962
862	970
862	991
862	992
862	998
862	1000
863	859
863	867
863	888
863	912
863	933
863	950
863	960
863	966
863	989
863	996
864	870
864	893
864	916
864	930
864	935
864	945
864	953
864	960
864	966
864	996
865	868
865	882
865	923
865	933
865	950
865	960
865	966
865	989
865	990
865	996
866	896
866	915
866	934
866	938
866	952
866	954
866	955
866	972
866	978
866	991
867	17
867	862
867	863
867	939
867	964
867	983
867	986
867	990
867	994
867	997
868	865
868	893
868	923
868	943
868	945
868	958
868	968
868	983
868	989
868	996
869	921
869	944
869	957
869	968
869	979
869	985
869	995
869	996
869	999
869	1000
870	864
870	914
870	957
870	979
870	984
870	985
870	993
870	995
870	997
870	999
871	842
871	936
871	944
871	973
871	979
871	982
871	986
871	993
871	994
871	997
871	999
872	566
872	932
872	933
872	946
872	965
872	980
872	981
872	987
872	991
872	998
872	1000
873	858
873	906
873	939
873	958
873	967
873	973
873	993
873	994
873	995
873	997
873	999
874	376
874	883
874	911
874	933
874	944
874	945
874	950
874	953
874	986
874	989
874	996
875	760
875	900
875	920
875	922
875	927
875	934
875	940
875	959
875	969
875	971
875	972
876	794
876	896
876	915
876	936
876	938
876	941
876	960
876	969
876	972
876	978
876	985
877	929
877	951
877	952
877	970
877	971
877	975
877	980
877	981
877	984
877	998
877	1000
878	656
878	862
878	960
878	975
878	977
878	982
878	986
878	988
878	992
878	998
878	1000
879	694
879	858
879	944
879	946
879	954
879	974
879	979
879	984
879	986
879	995
879	997
880	942
880	952
880	975
880	981
880	982
880	984
880	988
880	991
880	997
880	998
880	1000
881	458
881	906
881	911
881	913
881	925
881	933
881	945
881	950
881	958
881	989
881	996
882	777
882	865
882	886
882	956
882	963
882	980
882	983
882	993
882	996
882	997
882	999
883	874
883	889
883	899
883	924
883	941
883	947
883	959
883	960
883	966
883	989
883	996
884	659
884	899
884	941
884	952
884	957
884	963
884	968
884	973
884	983
884	995
884	999
885	297
885	896
885	926
885	955
885	959
885	969
885	971
885	972
885	974
885	978
885	993
885	995
886	882
886	894
886	918
886	939
886	949
886	956
886	973
886	974
886	990
886	991
886	995
886	997
887	403
887	927
887	961
887	964
887	976
887	983
887	986
887	993
887	994
887	995
887	997
887	999
888	863
888	895
888	905
888	906
888	931
888	945
888	958
888	966
888	970
888	971
888	989
888	996
889	515
889	883
889	899
889	905
889	916
889	923
889	931
889	958
889	964
889	966
889	967
889	996
890	856
890	920
890	922
890	939
890	943
890	949
890	954
890	959
890	969
890	971
890	972
890	978
891	747
891	905
891	933
891	943
891	947
891	958
891	960
891	967
891	977
891	986
891	989
891	996
892	839
892	902
892	953
892	963
892	970
892	979
892	986
892	989
892	990
892	993
892	994
892	995
892	997
893	692
893	858
893	864
893	868
893	899
893	916
893	933
893	947
893	948
893	950
893	989
893	991
893	996
894	642
894	855
894	886
894	949
894	961
894	963
894	964
894	965
894	967
894	983
894	985
894	993
894	996
895	449
895	855
895	860
895	861
895	888
895	930
895	950
895	953
895	957
895	958
895	960
895	989
895	996
896	335
896	854
896	866
896	876
896	885
896	901
896	936
896	959
896	971
896	972
896	973
896	978
896	987
897	398
897	934
897	955
897	957
897	963
897	967
897	968
897	973
897	976
897	977
897	986
897	994
897	995
898	388
898	857
898	914
898	937
898	962
898	982
898	987
898	988
898	991
898	992
898	994
898	998
898	1000
899	883
899	884
899	889
899	893
899	906
899	909
899	916
899	943
899	947
899	966
899	985
899	989
899	996
900	155
900	875
900	908
900	915
900	922
900	928
900	955
900	957
900	959
900	969
900	972
900	978
900	985
901	550
901	896
901	915
901	926
901	941
901	955
901	959
901	969
901	971
901	972
901	976
901	978
901	999
902	892
902	925
902	940
902	949
902	950
902	964
902	969
902	971
902	983
902	985
902	990
902	997
902	999
903	904
903	915
903	919
903	949
903	956
903	957
903	958
903	985
903	986
903	990
903	993
903	994
903	995
904	903
904	908
904	963
904	964
904	982
904	984
904	985
904	986
904	990
904	992
904	993
904	994
904	997
905	153
905	857
905	888
905	889
905	891
905	923
905	945
905	948
905	953
905	960
905	982
905	995
905	996
906	861
906	873
906	881
906	888
906	899
906	912
906	938
906	943
906	950
906	959
906	960
906	989
906	996
907	447
907	927
907	937
907	968
907	975
907	976
907	980
907	981
907	984
907	987
907	992
907	998
907	1000
908	678
908	900
908	904
908	914
908	944
908	949
908	957
908	963
908	968
908	972
908	974
908	976
908	985
908	999
909	844
909	899
909	928
909	951
909	961
909	962
909	977
909	980
909	987
909	988
909	991
909	992
909	998
909	1000
910	442
910	859
910	925
910	935
910	956
910	963
910	967
910	969
910	980
910	986
910	993
910	994
910	995
910	999
911	874
911	881
911	919
911	923
911	930
911	931
911	932
911	933
911	943
911	960
911	966
911	989
911	992
911	996
912	855
912	861
912	862
912	863
912	906
912	927
912	945
912	947
912	950
912	953
912	958
912	966
912	972
912	996
913	386
913	855
913	881
913	918
913	965
913	978
913	980
913	982
913	987
913	988
913	991
913	992
913	998
913	1000
914	671
914	870
914	898
914	908
914	917
914	940
914	950
914	986
914	990
914	993
914	994
914	997
914	999
914	1000
915	390
915	866
915	876
915	900
915	901
915	903
915	929
915	934
915	954
915	955
915	959
915	969
915	971
915	986
916	189
916	864
916	889
916	893
916	899
916	928
916	931
916	943
916	944
916	958
916	960
916	966
916	975
916	989
916	996
917	858
917	914
917	942
917	945
917	946
917	956
917	973
917	974
917	976
917	985
917	993
917	994
917	995
917	997
917	998
918	272
918	886
918	913
918	962
918	970
918	976
918	979
918	981
918	984
918	987
918	988
918	991
918	992
918	998
918	1000
919	903
919	911
919	924
919	929
919	931
919	956
919	961
919	975
919	980
919	981
919	987
919	988
919	991
919	992
919	1000
920	377
920	856
920	875
920	890
920	921
920	936
920	954
920	955
920	959
920	969
920	970
920	971
920	972
920	978
920	981
921	869
921	920
921	940
921	963
921	965
921	968
921	975
921	976
921	979
921	986
921	990
921	993
921	994
921	995
921	999
922	71
922	875
922	890
922	900
922	926
922	936
922	948
922	954
922	959
922	969
922	971
922	972
922	978
922	991
922	1000
923	865
923	868
923	889
923	905
923	911
923	930
923	931
923	945
923	949
923	958
923	960
923	975
923	989
923	994
923	996
924	819
924	883
924	919
924	927
924	951
924	965
924	979
924	980
924	981
924	983
924	984
924	988
924	992
924	998
924	1000
925	686
925	858
925	881
925	902
925	910
925	952
925	967
925	968
925	974
925	977
925	979
925	985
925	986
925	990
925	996
925	999
926	885
926	901
926	922
926	928
926	933
926	934
926	936
926	938
926	940
926	941
926	954
926	955
926	969
926	972
926	974
926	978
927	293
927	875
927	887
927	907
927	912
927	924
927	965
927	975
927	980
927	982
927	984
927	987
927	988
927	991
927	998
927	1000
928	709
928	900
928	909
928	916
928	926
928	934
928	936
928	938
928	941
928	942
928	955
928	959
928	969
928	971
928	972
928	978
929	365
929	877
929	915
929	919
929	931
929	941
929	951
929	961
929	967
929	975
929	977
929	987
929	988
929	992
929	998
929	1000
930	864
930	895
930	911
930	923
930	932
930	943
930	947
930	950
930	953
930	958
930	966
930	986
930	989
930	995
930	996
930	1000
931	513
931	857
931	888
931	889
931	911
931	916
931	919
931	923
931	929
931	945
931	947
931	953
931	985
931	989
931	992
931	996
932	121
932	872
932	911
932	930
932	961
932	962
932	967
932	977
932	980
932	982
932	984
932	988
932	991
932	992
932	998
932	1000
933	312
933	863
933	865
933	872
933	874
933	881
933	891
933	893
933	911
933	926
933	943
933	945
933	950
933	958
933	964
933	996
934	387
934	866
934	875
934	897
934	915
934	926
934	928
934	938
934	941
934	952
934	955
934	959
934	969
934	971
934	978
934	980
934	997
935	292
935	864
935	910
935	955
935	967
935	968
935	973
935	975
935	976
935	982
935	985
935	990
935	993
935	994
935	995
935	997
935	999
936	357
936	871
936	876
936	896
936	920
936	922
936	926
936	928
936	938
936	954
936	955
936	959
936	969
936	971
936	972
936	978
936	982
936	994
937	436
937	898
937	907
937	949
937	962
937	970
937	973
937	977
937	979
937	980
937	981
937	982
937	984
937	987
937	991
937	992
937	996
937	998
938	451
938	854
938	856
938	866
938	876
938	906
938	926
938	928
938	934
938	936
938	941
938	954
938	955
938	959
938	969
938	971
938	972
938	978
939	818
939	867
939	873
939	886
939	890
939	964
939	966
939	967
939	973
939	976
939	983
939	986
939	990
939	993
939	995
939	997
939	998
939	999
940	563
940	875
940	902
940	914
940	921
940	926
940	952
940	953
940	956
940	957
940	964
940	972
940	976
940	985
940	986
940	994
940	995
940	999
941	307
941	856
941	876
941	883
941	884
941	901
941	926
941	928
941	929
941	934
941	938
941	954
941	955
941	969
941	971
941	972
941	978
941	980
942	528
942	859
942	880
942	917
942	928
942	956
942	961
942	963
942	970
942	980
942	981
942	982
942	987
942	988
942	991
942	992
942	998
942	1000
943	630
943	861
943	868
943	890
943	891
943	899
943	906
943	911
943	916
943	930
943	933
943	944
943	947
943	953
943	966
943	976
943	979
943	989
943	996
944	598
944	869
944	871
944	874
944	879
944	908
944	916
944	943
944	956
944	964
944	974
944	976
944	979
944	983
944	985
944	994
944	995
944	997
944	999
945	202
945	855
945	864
945	868
945	874
945	881
945	888
945	905
945	912
945	917
945	923
945	931
945	933
945	953
945	958
945	966
945	978
945	981
945	989
946	746
946	872
946	879
946	917
946	952
946	965
946	967
946	973
946	974
946	979
946	985
946	986
946	987
946	990
946	991
946	993
946	994
946	995
946	997
947	394
947	857
947	883
947	891
947	893
947	899
947	912
947	930
947	931
947	943
947	950
947	953
947	955
947	958
947	966
947	974
947	983
947	989
947	992
947	996
948	848
948	860
948	893
948	905
948	922
948	961
948	965
948	970
948	975
948	977
948	981
948	982
948	984
948	986
948	987
948	988
948	991
948	992
948	998
948	1000
949	245
949	858
949	886
949	890
949	894
949	902
949	903
949	908
949	923
949	937
949	952
949	956
949	957
949	964
949	965
949	973
949	983
949	990
949	993
949	997
949	999
950	322
950	863
950	865
950	874
950	881
950	893
950	895
950	902
950	906
950	912
950	914
950	930
950	933
950	947
950	960
950	966
950	973
950	989
950	996
950	997
950	999
951	851
951	877
951	909
951	924
951	929
951	952
951	957
951	962
951	966
951	971
951	975
951	977
951	980
951	981
951	984
951	987
951	988
951	991
951	992
951	996
951	998
951	1000
952	474
952	866
952	877
952	880
952	884
952	925
952	934
952	940
952	946
952	949
952	951
952	967
952	973
952	976
952	979
952	983
952	985
952	993
952	994
952	995
952	997
952	999
953	764
953	855
953	857
953	864
953	874
953	892
953	895
953	905
953	912
953	930
953	931
953	940
953	943
953	945
953	947
953	958
953	960
953	966
953	977
953	986
953	989
953	996
954	599
954	856
954	866
954	879
954	890
954	915
954	920
954	922
954	926
954	936
954	938
954	941
954	955
954	959
954	965
954	969
954	971
954	972
954	978
954	981
954	990
954	998
955	194
955	866
955	885
955	897
955	900
955	901
955	915
955	920
955	926
955	928
955	934
955	935
955	936
955	938
955	941
955	947
955	954
955	959
955	971
955	972
955	978
955	990
955	997
956	126
956	856
956	882
956	886
956	903
956	910
956	917
956	919
956	940
956	942
956	944
956	949
956	966
956	967
956	968
956	976
956	985
956	990
956	994
956	995
956	997
956	998
956	999
957	491
957	869
957	870
957	884
957	895
957	897
957	900
957	903
957	908
957	940
957	949
957	951
957	962
957	963
957	974
957	976
957	981
957	983
957	990
957	993
957	994
957	995
957	999
958	336
958	868
958	873
958	881
958	888
958	889
958	891
958	895
958	903
958	912
958	916
958	923
958	930
958	933
958	945
958	947
958	953
958	960
958	966
958	974
958	989
958	994
958	996
958	1000
959	457
959	875
959	883
959	885
959	890
959	896
959	900
959	901
959	906
959	915
959	920
959	922
959	928
959	934
959	936
959	938
959	954
959	955
959	969
959	971
959	972
959	978
959	994
959	996
960	109
960	855
960	857
960	863
960	864
960	865
960	876
960	878
960	883
960	891
960	895
960	905
960	906
960	911
960	916
960	923
960	950
960	953
960	958
960	964
960	966
960	988
960	989
960	991
960	996
961	602
961	693
961	859
961	887
961	894
961	909
961	919
961	929
961	932
961	942
961	948
961	965
961	970
961	973
961	975
961	977
961	979
961	981
961	982
961	984
961	987
961	988
961	992
961	995
961	998
961	1000
962	175
962	857
962	862
962	898
962	909
962	918
962	932
962	937
962	951
962	957
962	965
962	970
962	974
962	977
962	980
962	981
962	982
962	984
962	987
962	991
962	992
962	993
962	994
962	997
962	998
962	1000
963	374
963	603
963	882
963	884
963	892
963	894
963	897
963	904
963	908
963	910
963	921
963	942
963	957
963	967
963	978
963	985
963	986
963	987
963	989
963	990
963	993
963	994
963	995
963	997
963	999
963	1000
964	9
964	835
964	867
964	887
964	889
964	894
964	902
964	904
964	933
964	939
964	940
964	944
964	949
964	960
964	967
964	968
964	972
964	974
964	976
964	979
964	982
964	985
964	990
964	993
964	994
964	999
965	90
965	859
965	872
965	894
965	913
965	921
965	924
965	927
965	946
965	948
965	949
965	954
965	961
965	962
965	975
965	977
965	980
965	981
965	982
965	984
965	987
965	988
965	991
965	992
965	995
965	998
965	1000
966	571
966	861
966	863
966	864
966	865
966	883
966	888
966	889
966	899
966	911
966	912
966	916
966	930
966	939
966	943
966	945
966	947
966	950
966	951
966	953
966	956
966	958
966	960
966	968
966	989
966	990
966	996
967	733
967	873
967	889
967	891
967	894
967	897
967	910
967	925
967	929
967	932
967	935
967	939
967	946
967	952
967	956
967	963
967	964
967	968
967	976
967	979
967	983
967	985
967	986
967	991
967	994
967	995
967	999
968	200
968	868
968	869
968	884
968	897
968	907
968	908
968	921
968	925
968	935
968	956
968	964
968	966
968	967
968	969
968	973
968	974
968	979
968	983
968	985
968	986
968	988
968	993
968	994
968	995
968	997
968	999
969	55
969	267
969	875
969	876
969	885
969	890
969	900
969	901
969	902
969	910
969	915
969	920
969	922
969	926
969	928
969	934
969	936
969	938
969	941
969	954
969	959
969	968
969	971
969	972
969	978
969	983
969	996
970	469
970	859
970	862
970	877
970	888
970	892
970	918
970	920
970	937
970	942
970	948
970	961
970	962
970	975
970	977
970	978
970	980
970	981
970	982
970	987
970	988
970	991
970	992
970	995
970	998
970	999
970	1000
971	395
971	805
971	856
971	875
971	877
971	885
971	888
971	890
971	896
971	901
971	902
971	915
971	920
971	922
971	928
971	934
971	936
971	938
971	941
971	951
971	954
971	955
971	959
971	969
971	972
971	978
971	999
971	1000
972	100
972	866
972	875
972	876
972	885
972	890
972	896
972	900
972	901
972	908
972	912
972	920
972	922
972	926
972	928
972	936
972	938
972	940
972	941
972	954
972	955
972	959
972	964
972	969
972	971
972	974
972	978
972	989
973	172
973	861
973	871
973	873
973	884
973	886
973	896
973	897
973	917
973	935
973	937
973	939
973	946
973	949
973	950
973	952
973	961
973	968
973	974
973	975
973	979
973	983
973	985
973	986
973	990
973	994
973	995
973	997
974	490
974	851
974	858
974	879
974	885
974	886
974	908
974	917
974	925
974	926
974	944
974	946
974	947
974	957
974	958
974	962
974	964
974	968
974	972
974	973
974	979
974	983
974	985
974	986
974	990
974	993
974	994
974	997
974	999
975	444
975	843
975	877
975	878
975	880
975	907
975	916
975	919
975	921
975	923
975	927
975	929
975	935
975	948
975	951
975	961
975	965
975	970
975	973
975	977
975	980
975	981
975	982
975	984
975	987
975	988
975	995
975	998
975	1000
976	301
976	670
976	887
976	897
976	901
976	907
976	908
976	917
976	918
976	921
976	935
976	939
976	940
976	943
976	944
976	952
976	956
976	957
976	964
976	967
976	979
976	983
976	985
976	990
976	993
976	994
976	995
976	997
976	998
976	999
977	362
977	854
977	878
977	891
977	897
977	909
977	925
977	929
977	932
977	937
977	948
977	951
977	953
977	961
977	962
977	965
977	970
977	975
977	980
977	981
977	982
977	984
977	987
977	988
977	991
977	992
977	994
977	998
977	999
977	1000
978	504
978	640
978	856
978	866
978	876
978	885
978	890
978	896
978	900
978	901
978	913
978	920
978	922
978	926
978	928
978	934
978	936
978	938
978	941
978	945
978	954
978	955
978	959
978	963
978	969
978	970
978	971
978	972
978	997
978	999
979	619
979	639
979	869
979	870
979	871
979	879
979	892
979	918
979	921
979	924
979	925
979	937
979	943
979	944
979	946
979	952
979	961
979	964
979	967
979	968
979	973
979	974
979	976
979	983
979	986
979	988
979	990
979	993
979	997
979	999
980	422
980	856
980	859
980	872
980	877
980	882
980	907
980	909
980	910
980	913
980	919
980	924
980	927
980	932
980	934
980	937
980	941
980	942
980	951
980	962
980	965
980	970
980	975
980	977
980	982
980	984
980	988
980	990
980	991
980	992
980	998
980	999
980	1000
981	456
981	833
981	860
981	872
981	877
981	880
981	907
981	918
981	919
981	920
981	924
981	937
981	942
981	945
981	948
981	951
981	954
981	957
981	961
981	962
981	965
981	970
981	975
981	977
981	982
981	984
981	986
981	987
981	991
981	992
981	993
981	995
981	998
981	1000
982	305
982	756
982	854
982	871
982	878
982	880
982	898
982	904
982	905
982	913
982	927
982	932
982	935
982	936
982	937
982	942
982	948
982	961
982	962
982	964
982	965
982	970
982	975
982	977
982	980
982	981
982	984
982	985
982	987
982	988
982	991
982	992
982	998
982	1000
983	459
983	466
983	867
983	868
983	882
983	884
983	887
983	894
983	902
983	924
983	939
983	944
983	947
983	949
983	952
983	957
983	967
983	968
983	969
983	973
983	974
983	976
983	979
983	985
983	986
983	989
983	990
983	993
983	994
983	995
983	997
983	998
983	999
983	1000
984	194
984	430
984	854
984	859
984	870
984	877
984	879
984	880
984	904
984	907
984	918
984	924
984	927
984	932
984	937
984	948
984	951
984	961
984	962
984	965
984	975
984	977
984	980
984	981
984	982
984	987
984	988
984	991
984	992
984	993
984	994
984	997
984	998
984	1000
985	122
985	861
985	869
985	870
985	876
985	894
985	899
985	900
985	902
985	903
985	904
985	908
985	917
985	925
985	931
985	935
985	940
985	944
985	946
985	952
985	956
985	963
985	964
985	967
985	968
985	973
985	974
985	976
985	982
985	983
985	987
985	990
985	993
985	994
985	995
985	999
986	115
986	465
986	858
986	867
986	871
986	874
986	878
986	879
986	887
986	891
986	892
986	897
986	903
986	904
986	910
986	914
986	915
986	921
986	925
986	930
986	939
986	940
986	946
986	948
986	953
986	963
986	967
986	968
986	973
986	974
986	979
986	981
986	983
986	990
986	995
986	997
986	999
987	429
987	815
987	860
987	872
987	896
987	898
987	907
987	909
987	913
987	918
987	919
987	927
987	929
987	937
987	942
987	946
987	948
987	951
987	961
987	962
987	963
987	965
987	970
987	975
987	977
987	981
987	982
987	984
987	985
987	988
987	989
987	991
987	992
987	993
987	995
987	998
987	1000
988	413
988	837
988	860
988	878
988	880
988	898
988	909
988	913
988	918
988	919
988	924
988	927
988	929
988	932
988	942
988	948
988	951
988	960
988	961
988	965
988	968
988	970
988	975
988	977
988	979
988	980
988	982
988	984
988	987
988	989
988	990
988	991
988	992
988	994
988	998
988	999
988	1000
989	157
989	175
989	855
989	856
989	857
989	861
989	863
989	865
989	868
989	874
989	881
989	883
989	888
989	891
989	892
989	893
989	895
989	899
989	906
989	911
989	916
989	923
989	930
989	931
989	943
989	945
989	947
989	950
989	953
989	958
989	960
989	963
989	966
989	972
989	983
989	987
989	988
989	993
989	996
990	181
990	443
990	865
990	867
990	886
990	892
990	902
990	903
990	904
990	914
990	921
990	925
990	935
990	939
990	946
990	949
990	954
990	955
990	956
990	957
990	963
990	964
990	966
990	973
990	974
990	976
990	979
990	980
990	983
990	985
990	986
990	988
990	991
990	993
990	994
990	995
990	996
990	997
990	999
991	325
991	350
991	854
991	860
991	862
991	866
991	872
991	880
991	886
991	893
991	898
991	909
991	913
991	918
991	919
991	922
991	927
991	932
991	937
991	942
991	946
991	948
991	951
991	960
991	962
991	965
991	967
991	970
991	977
991	980
991	981
991	982
991	984
991	987
991	988
991	990
991	992
991	998
991	1000
992	647
992	761
992	854
992	858
992	860
992	862
992	878
992	898
992	904
992	907
992	909
992	911
992	913
992	918
992	919
992	924
992	929
992	931
992	932
992	937
992	942
992	947
992	948
992	951
992	961
992	962
992	965
992	970
992	977
992	980
992	981
992	982
992	984
992	987
992	988
992	991
992	993
992	998
992	1000
993	579
993	688
993	858
993	870
993	871
993	873
993	882
993	885
993	887
993	892
993	894
993	903
993	904
993	910
993	914
993	917
993	921
993	935
993	939
993	946
993	949
993	952
993	957
993	962
993	963
993	964
993	968
993	974
993	976
993	979
993	981
993	983
993	984
993	985
993	987
993	989
993	990
993	992
993	994
993	995
993	997
993	998
993	999
994	464
994	703
994	867
994	871
994	873
994	887
994	892
994	897
994	898
994	903
994	904
994	910
994	914
994	917
994	921
994	923
994	935
994	936
994	940
994	944
994	946
994	952
994	956
994	957
994	958
994	959
994	962
994	963
994	964
994	967
994	968
994	973
994	974
994	976
994	977
994	983
994	984
994	985
994	988
994	990
994	993
994	995
994	997
994	999
995	705
995	844
995	869
995	870
995	873
995	879
995	884
995	885
995	886
995	887
995	892
995	897
995	903
995	905
995	910
995	917
995	921
995	930
995	935
995	939
995	940
995	944
995	946
995	952
995	956
995	957
995	961
995	963
995	965
995	967
995	968
995	970
995	973
995	975
995	976
995	981
995	983
995	985
995	986
995	987
995	990
995	993
995	994
995	997
996	201
996	477
996	855
996	857
996	861
996	863
996	864
996	865
996	868
996	869
996	874
996	881
996	882
996	883
996	888
996	889
996	891
996	893
996	894
996	895
996	899
996	905
996	906
996	911
996	912
996	916
996	923
996	925
996	930
996	931
996	933
996	937
996	943
996	947
996	950
996	951
996	953
996	958
996	959
996	960
996	966
996	969
996	989
996	990
997	391
997	401
997	691
997	867
997	870
997	871
997	873
997	879
997	880
997	882
997	886
997	887
997	892
997	902
997	904
997	914
997	917
997	934
997	935
997	939
997	944
997	946
997	949
997	950
997	952
997	955
997	956
997	962
997	963
997	968
997	973
997	974
997	976
997	978
997	979
997	983
997	984
997	986
997	990
997	993
997	994
997	995
997	998
997	999
997	1000
998	93
998	575
998	854
998	859
998	862
998	872
998	877
998	878
998	880
998	898
998	907
998	909
998	913
998	917
998	918
998	924
998	927
998	929
998	932
998	937
998	939
998	942
998	948
998	951
998	954
998	956
998	961
998	962
998	965
998	970
998	975
998	976
998	977
998	980
998	981
998	982
998	983
998	984
998	987
998	988
998	991
998	992
998	993
998	997
998	999
998	1000
999	408
999	422
999	860
999	869
999	870
999	871
999	873
999	882
999	884
999	887
999	901
999	902
999	908
999	910
999	914
999	921
999	925
999	935
999	939
999	940
999	944
999	949
999	950
999	952
999	956
999	957
999	963
999	964
999	967
999	968
999	970
999	971
999	974
999	976
999	977
999	978
999	979
999	980
999	983
999	985
999	986
999	988
999	990
999	993
999	994
999	997
999	998
1000	117
1000	188
1000	854
1000	859
1000	860
1000	862
1000	869
1000	872
1000	877
1000	878
1000	880
1000	898
1000	907
1000	909
1000	913
1000	914
1000	918
1000	919
1000	922
1000	924
1000	927
1000	929
1000	930
1000	932
1000	942
1000	948
1000	951
1000	958
1000	961
1000	962
1000	963
1000	965
1000	970
1000	971
1000	975
1000	977
1000	980
1000	981
1000	982
1000	983
1000	984
1000	987
1000	988
1000	991
1000	992
1000	997
1000	998
