1	103
1	130
1	131
1	137
1	142
1	163
1	166
1	170
1	481
1	903
2	35
2	37
2	57
2	120
2	126
2	156
2	165
2	169
2	364
2	498
3	44
3	91
3	121
3	125
3	133
3	161
3	169
3	173
3	297
3	475
4	60
4	65
4	72
4	103
4	162
4	163
4	164
4	170
4	486
4	515
5	70
5	104
5	109
5	134
5	152
5	163
5	165
5	170
5	536
5	540
6	18
6	32
6	98
6	106
6	109
6	122
6	127
6	153
6	448
6	968
7	15
7	57
7	130
7	155
7	160
7	161
7	168
7	173
7	264
7	441
8	9
8	13
8	68
8	106
8	108
8	122
8	127
8	152
8	344
8	636
9	8
9	24
9	61
9	65
9	68
9	145
9	146
9	153
9	898
9	992
10	59
10	108
10	113
10	119
10	156
10	163
10	166
10	170
10	239
10	495
11	79
11	99
11	120
11	143
11	144
11	154
11	172
11	174
11	234
11	885
12	48
12	90
12	108
12	112
12	150
12	151
12	159
12	174
12	620
12	621
13	8
13	53
13	55
13	70
13	108
13	116
13	168
13	174
13	349
13	850
14	82
14	93
14	156
14	161
14	169
14	170
14	173
14	174
14	795
14	980
15	7
15	95
15	140
15	155
15	161
15	164
15	165
15	173
15	769
15	984
16	21
16	42
16	78
16	95
16	120
16	145
16	152
16	175
16	282
16	500
17	71
17	118
17	119
17	152
17	162
17	166
17	170
17	175
17	280
17	461
18	6
18	47
18	63
18	71
18	80
18	120
18	149
18	160
18	167
18	226
18	970
19	30
19	122
19	125
19	133
19	148
19	157
19	163
19	172
19	173
19	328
19	973
20	26
20	50
20	125
20	140
20	150
20	151
20	155
20	169
20	173
20	448
20	865
21	16
21	54
21	63
21	129
21	131
21	145
21	159
21	160
21	175
21	483
21	523
22	109
22	118
22	123
22	131
22	133
22	143
22	150
22	151
22	159
22	380
22	702
23	57
23	68
23	123
23	141
23	157
23	160
23	163
23	164
23	175
23	297
23	488
24	9
24	42
24	60
24	96
24	100
24	147
24	153
24	154
24	174
24	792
24	890
25	118
25	125
25	135
25	140
25	160
25	161
25	167
25	169
25	173
25	454
25	472
26	20
26	67
26	69
26	82
26	121
26	148
26	151
26	171
26	172
26	681
26	716
27	52
27	82
27	91
27	130
27	137
27	139
27	167
27	172
27	361
27	514
27	652
28	83
28	86
28	95
28	105
28	145
28	154
28	158
28	159
28	170
28	175
28	420
28	736
29	34
29	62
29	96
29	109
29	122
29	124
29	146
29	147
29	150
29	223
29	529
29	758
30	19
30	73
30	90
30	92
30	119
30	144
30	148
30	154
30	157
30	168
30	989
30	997
31	89
31	108
31	112
31	116
31	134
31	143
31	146
31	156
31	171
31	566
31	601
31	966
32	6
32	88
32	118
32	121
32	139
32	143
32	149
32	151
32	160
32	165
32	782
32	991
33	49
33	110
33	122
33	129
33	138
33	145
33	158
33	159
33	173
33	175
33	475
33	495
34	29
34	43
34	44
34	61
34	122
34	146
34	147
34	149
34	153
34	646
34	942
34	980
35	2
35	85
35	87
35	99
35	123
35	160
35	166
35	167
35	168
35	328
35	471
35	509
36	69
36	85
36	88
36	119
36	137
36	146
36	155
36	167
36	171
36	202
36	552
36	977
37	2
37	57
37	61
37	72
37	93
37	125
37	144
37	156
37	164
37	169
37	423
37	719
38	57
38	69
38	85
38	121
38	124
38	136
38	143
38	146
38	159
38	171
38	461
38	990
39	49
39	59
39	67
39	73
39	86
39	131
39	149
39	158
39	159
39	175
39	770
39	860
40	62
40	121
40	132
40	142
40	162
40	163
40	166
40	170
40	175
40	445
40	462
40	775
41	97
41	104
41	117
41	120
41	125
41	136
41	151
41	161
41	169
41	173
41	612
41	758
42	16
42	24
42	43
42	79
42	101
42	106
42	123
42	150
42	153
42	175
42	259
42	674
43	34
43	42
43	61
43	74
43	110
43	122
43	147
43	163
43	168
43	261
43	277
43	378
44	3
44	34
44	75
44	116
44	131
44	140
44	156
44	158
44	169
44	173
44	891
44	939
45	47
45	110
45	114
45	116
45	117
45	121
45	134
45	146
45	169
45	171
45	272
45	974
46	47
46	54
46	59
46	86
46	102
46	137
46	158
46	159
46	168
46	175
46	508
46	614
47	18
47	45
47	46
47	82
47	83
47	85
47	89
47	116
47	149
47	169
47	372
47	529
48	12
48	62
48	75
48	94
48	134
48	135
48	152
48	155
48	156
48	169
48	247
48	421
49	33
49	39
49	56
49	97
49	99
49	127
49	136
49	138
49	158
49	175
49	352
49	920
50	20
50	136
50	140
50	148
50	149
50	164
50	165
50	167
50	172
50	528
50	754
50	949
51	66
51	72
51	85
51	115
51	128
51	132
51	140
51	155
51	161
51	173
51	727
51	995
52	27
52	81
52	87
52	91
52	111
52	122
52	141
52	155
52	172
52	174
52	504
52	790
53	13
53	64
53	73
53	105
53	150
53	157
53	158
53	159
53	164
53	167
53	324
53	466
54	21
54	46
54	74
54	77
54	78
54	118
54	124
54	127
54	160
54	175
54	486
54	789
55	13
55	82
55	97
55	104
55	112
55	123
55	142
55	165
55	168
55	172
55	274
55	784
56	49
56	69
56	77
56	130
56	136
56	138
56	156
56	158
56	159
56	174
56	175
56	678
56	962
57	2
57	7
57	23
57	37
57	38
57	120
57	156
57	157
57	169
57	173
57	439
57	458
57	553
58	74
58	112
58	113
58	128
58	142
58	157
58	162
58	163
58	164
58	170
58	274
58	535
58	914
59	10
59	39
59	46
59	87
59	112
59	139
59	150
59	154
59	165
59	167
59	358
59	477
59	509
60	4
60	24
60	84
60	99
60	111
60	137
60	152
60	162
60	166
60	170
60	640
60	755
60	798
61	9
61	34
61	37
61	43
61	110
61	127
61	133
61	153
61	159
61	174
61	225
61	472
61	849
62	29
62	40
62	48
62	105
62	126
62	133
62	139
62	149
62	172
62	173
62	174
62	352
62	789
63	18
63	21
63	85
63	121
63	134
63	137
63	143
63	146
63	165
63	171
63	404
63	783
63	982
64	53
64	68
64	101
64	106
64	124
64	127
64	153
64	154
64	161
64	163
64	345
64	494
64	728
65	4
65	9
65	67
65	105
65	112
65	157
65	164
65	167
65	169
65	174
65	519
65	728
65	946
66	51
66	93
66	97
66	112
66	136
66	154
66	155
66	156
66	167
66	169
66	588
66	723
66	793
67	26
67	39
67	65
67	82
67	103
67	134
67	143
67	146
67	147
67	171
67	228
67	581
67	787
68	8
68	9
68	23
68	64
68	79
68	107
68	109
68	124
68	139
68	145
68	147
68	362
68	821
68	918
69	26
69	36
69	38
69	56
69	76
69	121
69	135
69	146
69	148
69	158
69	171
69	325
69	526
69	784
70	5
70	13
70	90
70	107
70	113
70	114
70	154
70	163
70	166
70	167
70	170
70	486
70	505
70	769
71	17
71	18
71	108
71	123
71	131
71	135
71	142
71	154
71	165
71	167
71	168
71	241
71	847
71	907
72	4
72	37
72	51
72	115
72	135
72	156
72	160
72	161
72	165
72	173
72	174
72	201
72	282
72	456
73	30
73	39
73	53
73	85
73	92
73	103
73	117
73	134
73	136
73	143
73	158
73	499
73	756
73	985
74	43
74	54
74	58
74	76
74	129
74	130
74	131
74	145
74	150
74	159
74	171
74	175
74	589
74	845
75	44
75	48
75	97
75	98
75	103
75	115
75	123
75	136
75	164
75	169
75	173
75	747
75	845
75	966
76	69
76	74
76	83
76	88
76	129
76	136
76	140
76	143
76	146
76	163
76	171
76	449
76	541
76	577
77	54
77	56
77	92
77	100
77	132
77	138
77	158
77	159
77	164
77	169
77	175
77	502
77	568
77	915
78	16
78	54
78	84
78	91
78	102
78	129
78	138
78	145
78	166
78	170
78	172
78	175
78	443
78	687
78	771
79	11
79	42
79	68
79	101
79	106
79	109
79	110
79	129
79	142
79	143
79	147
79	153
79	564
79	677
79	768
80	18
80	95
80	107
80	125
80	133
80	141
80	150
80	153
80	159
80	164
80	172
80	174
80	514
80	530
80	767
81	52
81	90
81	98
81	114
81	149
81	152
81	153
81	162
81	163
81	165
81	166
81	170
81	439
81	470
81	798
82	14
82	26
82	27
82	47
82	55
82	67
82	116
82	134
82	136
82	137
82	160
82	171
82	545
82	770
82	773
83	28
83	47
83	76
83	85
83	92
83	109
83	123
83	137
83	143
83	144
83	148
83	171
83	650
83	698
83	737
84	60
84	78
84	89
84	92
84	116
84	136
84	137
84	143
84	146
84	154
84	161
84	171
84	375
84	421
84	485
85	35
85	36
85	38
85	47
85	51
85	63
85	73
85	83
85	88
85	103
85	130
85	171
85	451
85	786
85	993
86	28
86	39
86	46
86	124
86	128
86	130
86	131
86	132
86	151
86	158
86	161
86	172
86	175
86	668
86	755
86	898
87	35
87	52
87	59
87	94
87	105
87	111
87	112
87	113
87	118
87	138
87	149
87	174
87	445
87	491
87	729
87	973
88	32
88	36
88	76
88	85
88	134
88	136
88	137
88	143
88	152
88	167
88	170
88	171
88	173
88	229
88	616
88	798
89	31
89	47
89	84
89	92
89	117
89	126
89	136
89	137
89	144
89	150
89	162
89	171
89	175
89	673
89	754
89	810
90	12
90	30
90	70
90	81
90	104
90	133
90	142
90	152
90	162
90	163
90	166
90	170
90	173
90	482
90	585
90	973
91	3
91	27
91	52
91	78
91	126
91	139
91	148
91	152
91	153
91	157
91	160
91	165
91	169
91	174
91	185
91	512
91	794
92	30
92	73
92	77
92	83
92	84
92	89
92	116
92	117
92	123
92	142
92	143
92	150
92	171
92	213
92	353
92	480
92	761
93	14
93	37
93	66
93	105
93	115
93	130
93	132
93	135
93	150
93	153
93	155
93	161
93	165
93	173
93	231
93	501
93	763
94	48
94	87
94	96
94	115
94	120
94	135
94	140
94	144
94	147
94	155
94	161
94	162
94	169
94	173
94	204
94	705
94	962
95	15
95	16
95	28
95	80
95	130
95	132
95	145
95	151
95	158
95	159
95	162
95	170
95	175
95	399
95	894
95	920
95	955
96	24
96	29
96	94
96	101
96	122
96	124
96	127
96	130
96	143
96	147
96	153
96	155
96	158
96	240
96	745
96	780
96	784
97	41
97	49
97	55
97	66
97	75
97	98
97	109
97	114
97	125
97	126
97	140
97	151
97	169
97	173
97	245
97	565
97	962
98	6
98	75
98	81
98	97
98	120
98	126
98	140
98	149
98	155
98	156
98	161
98	162
98	169
98	173
98	623
98	692
98	767
99	11
99	35
99	49
99	60
99	115
99	138
99	142
99	149
99	154
99	160
99	164
99	165
99	168
99	296
99	516
99	694
99	957
100	24
100	77
100	106
100	108
100	118
100	123
100	150
100	156
100	157
100	164
100	166
100	168
100	172
100	174
100	272
100	991
100	1000
101	42
101	64
101	79
101	96
101	109
101	110
101	124
101	132
101	147
101	149
101	153
101	157
101	165
101	174
101	518
101	590
101	837
102	46
102	78
102	121
102	129
102	131
102	132
102	138
102	156
102	158
102	159
102	163
102	171
102	173
102	175
102	376
102	385
102	716
103	1
103	4
103	67
103	73
103	75
103	85
103	111
103	118
103	119
103	128
103	152
103	162
103	166
103	170
103	201
103	288
103	671
103	809
104	5
104	41
104	55
104	90
104	114
104	127
104	128
104	142
104	147
104	156
104	162
104	163
104	166
104	170
104	503
104	672
104	728
104	927
105	28
105	53
105	62
105	65
105	87
105	93
105	109
105	112
105	123
105	134
105	142
105	144
105	156
105	167
105	168
105	322
105	359
105	796
106	6
106	8
106	42
106	64
106	79
106	100
106	109
106	111
106	127
106	147
106	153
106	155
106	159
106	169
106	279
106	314
106	547
106	794
107	68
107	70
107	80
107	115
107	139
107	144
107	150
107	151
107	157
107	158
107	165
107	167
107	168
107	175
107	469
107	513
107	515
107	535
108	8
108	10
108	12
108	13
108	31
108	71
108	100
108	109
108	118
108	137
108	138
108	144
108	149
108	157
108	168
108	535
108	537
108	866
108	931
109	5
109	6
109	22
109	29
109	68
109	79
109	83
109	97
109	101
109	105
109	106
109	108
109	110
109	124
109	127
109	147
109	323
109	744
109	945
110	33
110	43
110	45
110	61
110	79
110	101
110	109
110	122
110	124
110	147
110	153
110	157
110	158
110	171
110	173
110	406
110	467
110	508
110	749
111	52
111	60
111	87
111	103
111	106
111	113
111	116
111	119
111	134
111	138
111	142
111	152
111	162
111	163
111	166
111	170
111	421
111	432
111	483
112	12
112	31
112	55
112	58
112	59
112	65
112	66
112	87
112	105
112	141
112	144
112	146
112	169
112	172
112	174
112	175
112	222
112	530
112	663
112	996
113	10
113	58
113	70
113	87
113	111
113	118
113	121
113	142
113	152
113	162
113	163
113	166
113	170
113	172
113	173
113	174
113	227
113	257
113	659
113	787
114	45
114	70
114	81
114	97
114	104
114	119
114	128
114	129
114	137
114	144
114	152
114	161
114	162
114	163
114	166
114	170
114	193
114	524
114	558
114	701
115	51
115	72
115	75
115	93
115	94
115	99
115	107
115	117
115	135
115	140
115	148
115	149
115	156
115	169
115	172
115	173
115	376
115	479
115	493
115	777
116	13
116	31
116	44
116	45
116	47
116	82
116	84
116	92
116	111
116	117
116	118
116	125
116	143
116	146
116	168
116	171
116	291
116	681
116	682
116	987
117	41
117	45
117	73
117	89
117	92
117	115
117	116
117	121
117	136
117	137
117	139
117	143
117	167
117	170
117	171
117	172
117	555
117	783
117	844
117	921
118	17
118	22
118	25
118	32
118	54
118	87
118	100
118	103
118	108
118	113
118	116
118	141
118	148
118	151
118	164
118	174
118	298
118	427
118	463
118	755
119	10
119	17
119	30
119	36
119	103
119	111
119	114
119	126
119	128
119	133
119	140
119	152
119	154
119	162
119	166
119	170
119	431
119	466
119	490
119	794
120	2
120	11
120	16
120	18
120	41
120	57
120	94
120	98
120	124
120	125
120	127
120	155
120	156
120	161
120	164
120	173
120	576
120	743
120	758
120	759
121	3
121	26
121	32
121	38
121	40
121	45
121	63
121	69
121	102
121	113
121	117
121	134
121	137
121	146
121	164
121	171
121	306
121	643
121	779
121	811
122	6
122	8
122	19
122	29
122	33
122	34
122	43
122	52
122	96
122	110
122	124
122	127
122	147
122	153
122	155
122	162
122	168
122	276
122	407
122	532
122	916
123	22
123	23
123	35
123	42
123	55
123	71
123	75
123	83
123	92
123	100
123	105
123	126
123	151
123	156
123	162
123	167
123	172
123	290
123	488
123	774
123	928
124	29
124	38
124	54
124	64
124	68
124	86
124	96
124	101
124	109
124	110
124	120
124	122
124	127
124	147
124	152
124	153
124	171
124	419
124	737
124	833
124	967
125	3
125	19
125	20
125	25
125	37
125	41
125	80
125	97
125	116
125	120
125	135
125	139
125	161
125	162
125	169
125	173
125	175
125	254
125	278
125	764
125	793
125	948
126	2
126	62
126	89
126	91
126	97
126	98
126	119
126	123
126	140
126	144
126	148
126	154
126	160
126	165
126	167
126	168
126	174
126	260
126	489
126	549
126	715
126	997
127	6
127	8
127	49
127	54
127	61
127	64
127	96
127	104
127	106
127	109
127	120
127	122
127	124
127	129
127	133
127	147
127	153
127	168
127	410
127	417
127	663
127	794
128	51
128	58
128	86
128	103
128	104
128	114
128	119
128	141
128	142
128	145
128	151
128	152
128	162
128	163
128	166
128	170
128	172
128	175
128	299
128	517
128	757
128	919
129	21
129	33
129	74
129	76
129	78
129	79
129	102
129	114
129	127
129	131
129	132
129	138
129	141
129	158
129	159
129	163
129	169
129	175
129	334
129	363
129	492
129	550
129	778
130	1
130	7
130	27
130	56
130	74
130	85
130	86
130	93
130	95
130	96
130	131
130	132
130	138
130	140
130	145
130	158
130	159
130	175
130	243
130	440
130	934
130	963
130	990
131	1
131	21
131	22
131	39
131	44
131	71
131	74
131	86
131	102
131	129
131	130
131	132
131	138
131	146
131	148
131	159
131	174
131	175
131	308
131	390
131	397
131	783
131	982
132	40
132	51
132	77
132	86
132	93
132	95
132	101
132	102
132	129
132	130
132	131
132	141
132	145
132	158
132	159
132	162
132	168
132	175
132	522
132	625
132	647
132	739
132	910
133	3
133	19
133	22
133	61
133	62
133	80
133	90
133	119
133	127
133	139
133	141
133	152
133	156
133	157
133	165
133	168
133	171
133	172
133	174
133	435
133	511
133	596
133	702
133	983
134	5
134	31
134	45
134	48
134	63
134	67
134	73
134	82
134	88
134	105
134	111
134	121
134	136
134	137
134	138
134	146
134	157
134	168
134	171
134	523
134	537
134	743
134	947
134	966
135	25
135	48
135	69
135	71
135	72
135	93
135	94
135	115
135	125
135	142
135	155
135	156
135	157
135	161
135	164
135	165
135	166
135	169
135	173
135	421
135	423
135	430
135	477
135	657
136	38
136	41
136	49
136	50
136	56
136	66
136	73
136	75
136	76
136	82
136	84
136	88
136	89
136	117
136	134
136	137
136	170
136	171
136	173
136	285
136	546
136	586
136	696
136	942
137	1
137	27
137	36
137	46
137	60
137	63
137	82
137	83
137	84
137	88
137	89
137	108
137	114
137	117
137	121
137	134
137	136
137	170
137	171
137	424
137	589
137	670
137	715
137	849
138	33
138	49
138	56
138	77
138	78
138	87
138	99
138	102
138	108
138	111
138	129
138	130
138	131
138	134
138	145
138	158
138	159
138	160
138	172
138	175
138	246
138	490
138	517
138	537
138	893
139	27
139	32
139	59
139	62
139	68
139	91
139	107
139	117
139	125
139	133
139	145
139	151
139	157
139	158
139	165
139	166
139	167
139	168
139	171
139	174
139	495
139	592
139	688
139	704
139	757
140	15
140	20
140	25
140	44
140	50
140	51
140	76
140	94
140	97
140	98
140	115
140	119
140	126
140	130
140	155
140	156
140	157
140	161
140	169
140	172
140	210
140	250
140	768
140	833
140	852
140	892
141	23
141	52
141	80
141	112
141	118
141	128
141	129
141	132
141	133
141	146
141	148
141	150
141	151
141	153
141	154
141	160
141	162
141	163
141	164
141	165
141	166
141	513
141	761
141	935
141	982
141	996
142	1
142	40
142	55
142	58
142	71
142	79
142	90
142	92
142	99
142	104
142	105
142	111
142	113
142	128
142	135
142	152
142	162
142	163
142	166
142	170
142	174
142	298
142	484
142	878
142	939
142	986
143	11
143	22
143	31
143	32
143	38
143	63
143	67
143	73
143	76
143	79
143	83
143	84
143	88
143	92
143	96
143	116
143	117
143	146
143	148
143	165
143	169
143	171
143	305
143	584
143	716
143	861
143	998
144	11
144	30
144	37
144	83
144	89
144	94
144	105
144	107
144	108
144	112
144	114
144	126
144	148
144	150
144	151
144	152
144	153
144	160
144	161
144	164
144	168
144	174
144	364
144	407
144	453
144	796
144	889
144	905
145	9
145	16
145	21
145	28
145	33
145	68
145	74
145	78
145	95
145	128
145	130
145	132
145	138
145	139
145	151
145	152
145	158
145	159
145	166
145	168
145	173
145	175
145	213
145	661
145	695
145	817
145	943
145	957
146	9
146	29
146	31
146	34
146	36
146	38
146	45
146	63
146	67
146	69
146	76
146	84
146	112
146	116
146	121
146	131
146	134
146	141
146	143
146	155
146	171
146	172
146	175
146	504
146	695
146	717
146	797
146	798
147	24
147	29
147	34
147	43
147	67
147	68
147	79
147	94
147	96
147	101
147	104
147	106
147	109
147	110
147	122
147	124
147	127
147	153
147	162
147	168
147	170
147	172
147	174
147	362
147	526
147	638
147	868
147	946
147	969
148	19
148	26
148	30
148	50
148	69
148	83
148	91
148	115
148	118
148	126
148	131
148	141
148	143
148	144
148	149
148	161
148	164
148	165
148	167
148	168
148	172
148	173
148	174
148	266
148	465
148	510
148	526
148	789
148	914
149	18
149	32
149	34
149	39
149	47
149	50
149	62
149	81
149	87
149	98
149	99
149	101
149	108
149	115
149	148
149	151
149	154
149	157
149	160
149	161
149	164
149	167
149	171
149	172
149	265
149	473
149	487
149	729
149	753
149	909
149	990
150	12
150	20
150	22
150	29
150	42
150	53
150	59
150	74
150	80
150	89
150	92
150	93
150	100
150	107
150	141
150	144
150	151
150	160
150	164
150	166
150	167
150	168
150	171
150	172
150	174
150	175
150	181
150	233
150	557
150	797
150	899
150	972
151	12
151	20
151	22
151	26
151	32
151	41
151	86
151	95
151	97
151	107
151	118
151	123
151	128
151	139
151	141
151	144
151	145
151	149
151	150
151	154
151	160
151	163
151	164
151	165
151	172
151	174
151	570
151	673
151	681
151	761
151	767
151	949
152	5
152	8
152	16
152	17
152	48
152	60
152	81
152	88
152	90
152	91
152	103
152	111
152	113
152	114
152	119
152	124
152	128
152	133
152	142
152	144
152	145
152	162
152	163
152	166
152	170
152	174
152	292
152	495
152	658
152	664
152	699
152	706
152	991
153	6
153	9
153	24
153	34
153	42
153	61
153	64
153	79
153	80
153	81
153	91
153	93
153	96
153	101
153	106
153	110
153	122
153	124
153	127
153	141
153	144
153	147
153	160
153	169
153	171
153	173
153	608
153	686
153	697
153	710
153	771
153	977
153	980
154	11
154	24
154	28
154	30
154	59
154	64
154	66
154	70
154	71
154	84
154	99
154	119
154	126
154	141
154	149
154	151
154	155
154	157
154	159
154	160
154	165
154	167
154	168
154	172
154	174
154	175
154	357
154	382
154	497
154	509
154	532
154	533
154	535
155	7
155	15
155	20
155	36
155	48
155	51
155	52
155	66
155	93
155	94
155	96
155	98
155	106
155	120
155	122
155	135
155	140
155	146
155	154
155	156
155	157
155	161
155	169
155	170
155	171
155	173
155	528
155	575
155	621
155	624
155	720
155	757
155	965
156	2
156	10
156	14
156	31
156	37
156	44
156	48
156	56
156	57
156	66
156	72
156	98
156	100
156	102
156	104
156	105
156	115
156	120
156	123
156	133
156	135
156	140
156	155
156	161
156	167
156	169
156	173
156	174
156	176
156	507
156	538
156	702
156	717
156	721
156	793
157	19
157	23
157	30
157	53
157	57
157	58
157	65
157	91
157	100
157	101
157	107
157	108
157	110
157	133
157	134
157	135
157	139
157	140
157	149
157	154
157	155
157	163
157	164
157	165
157	168
157	171
157	172
157	174
157	175
157	390
157	450
157	480
157	488
157	531
157	748
157	978
158	28
158	33
158	39
158	44
158	46
158	49
158	53
158	56
158	69
158	73
158	77
158	86
158	95
158	96
158	102
158	107
158	110
158	129
158	130
158	132
158	138
158	139
158	145
158	159
158	160
158	165
158	167
158	175
158	300
158	337
158	465
158	505
158	851
158	956
158	959
158	963
159	12
159	21
159	22
159	28
159	33
159	38
159	39
159	46
159	53
159	56
159	61
159	74
159	77
159	80
159	95
159	102
159	106
159	129
159	130
159	131
159	132
159	138
159	145
159	154
159	158
159	164
159	168
159	172
159	175
159	287
159	535
159	662
159	735
159	756
159	759
159	782
159	904
160	7
160	18
160	21
160	23
160	25
160	32
160	35
160	54
160	72
160	82
160	91
160	99
160	126
160	138
160	141
160	144
160	149
160	150
160	151
160	153
160	154
160	158
160	161
160	164
160	167
160	168
160	169
160	172
160	174
160	288
160	290
160	492
160	526
160	792
160	810
160	844
160	971
161	3
161	7
161	14
161	15
161	25
161	41
161	51
161	64
161	72
161	84
161	86
161	93
161	94
161	98
161	114
161	120
161	125
161	135
161	140
161	144
161	148
161	149
161	155
161	156
161	160
161	165
161	166
161	168
161	169
161	173
161	403
161	404
161	452
161	470
161	512
161	683
161	789
161	911
162	4
162	17
162	40
162	58
162	60
162	81
162	89
162	90
162	94
162	95
162	98
162	103
162	104
162	111
162	113
162	114
162	119
162	122
162	123
162	125
162	128
162	132
162	141
162	142
162	147
162	152
162	163
162	166
162	170
162	174
162	294
162	466
162	524
162	559
162	640
162	709
162	793
162	932
163	1
163	4
163	5
163	10
163	19
163	23
163	40
163	43
163	58
163	64
163	70
163	76
163	81
163	90
163	102
163	104
163	111
163	113
163	114
163	128
163	129
163	141
163	142
163	151
163	152
163	157
163	162
163	166
163	170
163	171
163	374
163	530
163	707
163	741
163	781
163	841
163	923
163	930
164	4
164	15
164	23
164	37
164	50
164	53
164	58
164	65
164	75
164	77
164	80
164	99
164	100
164	118
164	120
164	121
164	135
164	141
164	144
164	148
164	149
164	150
164	151
164	157
164	159
164	160
164	165
164	168
164	170
164	172
164	173
164	316
164	320
164	440
164	606
164	633
164	672
164	987
164	994
165	2
165	5
165	15
165	32
165	50
165	55
165	59
165	63
165	71
165	72
165	81
165	91
165	93
165	99
165	101
165	107
165	126
165	133
165	135
165	139
165	141
165	143
165	148
165	151
165	154
165	157
165	158
165	161
165	164
165	167
165	168
165	172
165	333
165	372
165	397
165	533
165	637
165	746
165	778
165	785
166	1
166	10
166	17
166	35
166	40
166	60
166	70
166	78
166	81
166	90
166	100
166	103
166	104
166	111
166	113
166	114
166	119
166	128
166	135
166	139
166	141
166	142
166	145
166	150
166	152
166	161
166	162
166	163
166	167
166	169
166	170
166	175
166	180
166	414
166	431
166	566
166	705
166	770
166	854
166	961
167	18
167	25
167	27
167	35
167	36
167	50
167	53
167	59
167	65
167	66
167	70
167	71
167	88
167	105
167	107
167	117
167	123
167	126
167	139
167	148
167	149
167	150
167	154
167	156
167	158
167	160
167	165
167	166
167	168
167	169
167	170
167	172
167	173
167	174
167	175
167	301
167	364
167	412
167	502
167	606
167	794
167	807
167	975
168	7
168	13
168	30
168	35
168	43
168	46
168	55
168	71
168	99
168	100
168	105
168	107
168	108
168	116
168	122
168	126
168	127
168	132
168	133
168	134
168	139
168	144
168	145
168	147
168	148
168	150
168	154
168	157
168	159
168	160
168	161
168	164
168	165
168	167
168	436
168	474
168	487
168	527
168	654
168	747
168	772
168	775
168	785
169	2
169	3
169	14
169	20
169	25
169	37
169	41
169	44
169	45
169	47
169	48
169	57
169	65
169	66
169	75
169	77
169	91
169	94
169	97
169	98
169	106
169	112
169	115
169	125
169	129
169	135
169	140
169	143
169	153
169	155
169	156
169	160
169	161
169	166
169	167
169	173
169	314
169	381
169	473
169	512
169	562
169	729
169	788
169	942
169	983
170	1
170	4
170	5
170	10
170	14
170	17
170	28
170	40
170	58
170	60
170	70
170	78
170	81
170	88
170	90
170	95
170	103
170	104
170	111
170	113
170	114
170	117
170	119
170	128
170	136
170	137
170	142
170	147
170	152
170	155
170	162
170	163
170	164
170	166
170	167
170	172
170	174
170	384
170	445
170	449
170	457
170	537
170	604
170	749
170	771
170	861
171	26
171	31
171	36
171	38
171	45
171	63
171	67
171	69
171	74
171	76
171	82
171	83
171	84
171	85
171	88
171	89
171	92
171	102
171	110
171	116
171	117
171	121
171	124
171	133
171	134
171	136
171	137
171	139
171	143
171	146
171	149
171	150
171	153
171	155
171	157
171	163
171	172
171	330
171	357
171	598
171	711
171	726
171	787
171	798
171	953
171	964
172	11
172	19
172	26
172	27
172	50
172	52
172	55
172	62
172	78
172	80
172	86
172	100
172	112
172	113
172	115
172	117
172	123
172	128
172	133
172	138
172	140
172	146
172	147
172	148
172	149
172	150
172	151
172	154
172	157
172	159
172	160
172	164
172	165
172	167
172	170
172	171
172	174
172	446
172	520
172	527
172	575
172	635
172	766
172	824
172	930
172	950
172	965
173	3
173	7
173	14
173	15
173	19
173	20
173	25
173	33
173	41
173	44
173	51
173	57
173	62
173	72
173	75
173	88
173	90
173	93
173	94
173	97
173	98
173	102
173	110
173	113
173	115
173	120
173	125
173	135
173	136
173	145
173	148
173	153
173	155
173	156
173	161
173	164
173	167
173	169
173	230
173	304
173	447
173	462
173	484
173	689
173	749
173	776
173	988
174	11
174	12
174	13
174	14
174	24
174	52
174	56
174	61
174	62
174	65
174	72
174	80
174	87
174	91
174	100
174	101
174	112
174	113
174	118
174	126
174	131
174	133
174	139
174	142
174	144
174	147
174	148
174	150
174	151
174	152
174	154
174	156
174	157
174	160
174	162
174	167
174	170
174	172
174	329
174	356
174	374
174	434
174	689
174	745
174	798
174	799
174	816
175	16
175	17
175	21
175	23
175	28
175	33
175	39
175	40
175	42
175	46
175	49
175	54
175	56
175	74
175	77
175	78
175	86
175	89
175	95
175	102
175	107
175	112
175	125
175	128
175	129
175	130
175	131
175	132
175	138
175	145
175	146
175	150
175	154
175	157
175	158
175	159
175	166
175	167
175	183
175	289
175	307
175	658
175	736
175	738
175	762
175	795
175	864
176	156
176	246
176	258
176	260
176	273
176	279
176	290
176	293
176	297
176	332
177	214
177	227
177	247
177	253
177	274
177	277
177	279
177	289
177	551
177	961
178	203
178	213
178	243
178	268
178	281
178	285
178	294
178	297
178	546
178	900
179	184
179	206
179	209
179	217
179	266
179	268
179	274
179	277
179	434
179	571
180	166
180	219
180	225
180	232
180	254
180	268
180	290
180	291
180	295
180	529
181	150
181	192
181	235
181	260
181	279
181	290
181	292
181	293
181	297
181	633
182	188
182	201
182	230
182	272
182	280
182	283
182	290
182	291
182	536
182	795
183	175
183	185
183	238
183	270
183	271
183	280
183	286
183	287
183	296
183	621
184	179
184	245
184	252
184	265
184	276
184	277
184	283
184	296
184	427
184	766
185	91
185	183
185	194
185	224
185	245
185	247
185	248
185	263
185	280
185	287
185	406
186	191
186	196
186	197
186	223
186	230
186	240
186	255
186	260
186	295
186	518
186	625
187	208
187	217
187	219
187	248
187	274
187	277
187	283
187	289
187	505
187	508
187	865
188	182
188	190
188	209
188	214
188	242
188	244
188	261
188	285
188	296
188	732
188	827
189	236
189	239
189	241
189	246
189	249
189	272
189	278
189	284
189	287
189	450
189	795
190	188
190	227
190	243
190	274
190	278
190	286
190	288
190	289
190	294
190	375
190	534
191	186
191	197
191	202
191	234
191	256
191	266
191	272
191	274
191	294
191	353
191	386
192	181
192	193
192	218
192	228
192	278
192	280
192	281
192	294
192	295
192	462
192	980
193	114
193	192
193	208
193	210
193	243
193	264
193	279
193	283
193	284
193	534
193	886
194	185
194	214
194	271
194	275
194	279
194	285
194	289
194	293
194	296
194	406
194	820
195	239
195	246
195	251
195	257
195	282
195	284
195	291
195	294
195	442
195	489
195	964
196	186
196	231
196	234
196	249
196	266
196	276
196	287
196	290
196	294
196	297
196	313
196	523
197	186
197	191
197	235
197	236
197	240
197	246
197	276
197	284
197	293
197	296
197	548
197	997
198	207
198	212
198	236
198	241
198	253
198	254
198	264
198	279
198	292
198	297
198	533
198	839
199	218
199	234
199	235
199	263
199	266
199	272
199	277
199	290
199	293
199	295
199	822
199	931
200	207
200	222
200	230
200	242
200	255
200	271
200	273
200	280
200	291
200	424
200	552
200	806
201	72
201	103
201	182
201	221
201	244
201	268
201	274
201	282
201	283
201	288
201	295
201	297
202	36
202	191
202	227
202	244
202	266
202	273
202	284
202	285
202	286
202	288
202	289
202	540
203	178
203	208
203	213
203	247
203	269
203	272
203	278
203	285
203	288
203	289
203	717
203	766
204	94
204	211
204	220
204	241
204	243
204	254
204	265
204	271
204	287
204	290
204	292
204	864
205	208
205	211
205	226
205	239
205	248
205	257
205	270
205	275
205	289
205	291
205	343
205	989
206	179
206	221
206	244
206	253
206	286
206	288
206	289
206	291
206	295
206	345
206	414
206	455
207	198
207	200
207	247
207	278
207	283
207	284
207	286
207	288
207	292
207	294
207	532
207	858
207	909
208	187
208	193
208	203
208	205
208	229
208	242
208	253
208	273
208	274
208	285
208	289
208	542
208	789
209	179
209	188
209	221
209	222
209	224
209	225
209	227
209	247
209	253
209	262
209	295
209	443
209	895
210	140
210	193
210	239
210	254
210	258
210	265
210	270
210	278
210	287
210	292
210	294
210	891
210	970
211	204
211	205
211	212
211	216
211	260
211	263
211	274
211	276
211	278
211	291
211	399
211	534
211	676
212	198
212	211
212	225
212	226
212	232
212	259
212	264
212	274
212	277
212	278
212	289
212	346
212	765
213	92
213	145
213	178
213	203
213	216
213	217
213	221
213	227
213	263
213	275
213	285
213	286
213	288
213	783
214	177
214	188
214	194
214	228
214	229
214	264
214	268
214	271
214	274
214	285
214	286
214	296
214	571
214	978
215	220
215	230
215	243
215	264
215	265
215	266
215	276
215	287
215	290
215	292
215	295
215	296
215	456
215	520
216	211
216	213
216	249
216	250
216	253
216	254
216	257
216	268
216	275
216	277
216	291
216	351
216	383
216	686
217	179
217	187
217	213
217	228
217	234
217	245
217	252
217	259
217	263
217	281
217	286
217	336
217	383
217	804
218	192
218	199
218	243
218	248
218	259
218	263
218	268
218	281
218	282
218	293
218	295
218	315
218	742
218	765
219	180
219	187
219	242
219	262
219	267
219	268
219	281
219	285
219	286
219	296
219	297
219	455
219	762
219	781
220	204
220	215
220	250
220	270
220	280
220	282
220	287
220	291
220	292
220	293
220	296
220	365
220	490
220	750
221	201
221	206
221	209
221	213
221	243
221	248
221	259
221	269
221	275
221	279
221	297
221	587
221	646
221	756
222	112
222	200
222	209
222	224
222	238
222	245
222	259
222	279
222	281
222	285
222	286
222	288
222	492
222	916
223	29
223	186
223	234
223	241
223	257
223	269
223	274
223	278
223	285
223	290
223	291
223	296
223	955
223	957
224	185
224	209
224	222
224	255
224	262
224	269
224	281
224	282
224	285
224	286
224	288
224	506
224	533
224	561
225	61
225	180
225	209
225	212
225	236
225	261
225	276
225	279
225	281
225	291
225	294
225	296
225	297
225	901
225	948
226	18
226	205
226	212
226	234
226	237
226	265
226	267
226	269
226	270
226	280
226	283
226	290
226	294
226	529
226	711
227	113
227	177
227	190
227	202
227	209
227	213
227	245
227	254
227	256
227	259
227	284
227	288
227	289
227	825
227	829
228	67
228	192
228	214
228	217
228	229
228	232
228	238
228	244
228	247
228	261
228	262
228	282
228	286
228	769
228	826
229	88
229	208
229	214
229	228
229	238
229	247
229	273
229	274
229	281
229	286
229	288
229	289
229	291
229	317
229	435
230	173
230	182
230	186
230	200
230	215
230	248
230	251
230	254
230	258
230	260
230	270
230	292
230	297
230	402
230	694
231	93
231	196
231	236
231	249
231	260
231	265
231	276
231	277
231	279
231	280
231	282
231	290
231	293
231	807
231	900
232	180
232	212
232	228
232	257
232	258
232	261
232	262
232	287
232	289
232	294
232	295
232	297
232	609
232	967
232	995
233	150
233	239
233	246
233	251
233	257
233	261
233	276
233	277
233	283
233	290
233	291
233	292
233	293
233	506
233	975
234	11
234	191
234	196
234	199
234	217
234	223
234	226
234	252
234	257
234	277
234	286
234	287
234	297
234	379
234	968
235	181
235	197
235	199
235	250
235	251
235	252
235	264
235	272
235	290
235	292
235	295
235	297
235	505
235	527
235	1000
236	189
236	197
236	198
236	225
236	231
236	240
236	253
236	256
236	273
236	284
236	287
236	294
236	296
236	515
236	579
236	772
237	226
237	254
237	256
237	269
237	270
237	274
237	275
237	276
237	277
237	284
237	289
237	292
237	297
237	724
237	741
237	890
238	183
238	222
238	228
238	229
238	243
238	254
238	263
238	267
238	275
238	289
238	291
238	297
238	474
238	730
238	764
238	818
239	10
239	189
239	195
239	205
239	210
239	233
239	241
239	264
239	270
239	271
239	277
239	287
239	291
239	293
239	530
239	827
240	96
240	186
240	197
240	236
240	250
240	251
240	252
240	256
240	257
240	265
240	276
240	287
240	293
240	294
240	442
240	459
241	71
241	189
241	198
241	204
241	223
241	239
241	249
241	266
241	267
241	269
241	276
241	287
241	290
241	292
241	519
241	561
242	188
242	200
242	208
242	219
242	247
242	268
242	271
242	274
242	282
242	286
242	288
242	294
242	586
242	733
242	904
242	970
243	130
243	178
243	190
243	193
243	204
243	215
243	218
243	221
243	238
243	263
243	268
243	277
243	282
243	284
243	428
243	778
244	188
244	201
244	202
244	206
244	228
244	259
244	269
244	281
244	282
244	284
244	288
244	289
244	296
244	380
244	680
244	746
245	97
245	184
245	185
245	217
245	222
245	227
245	249
245	255
245	271
245	284
245	286
245	294
245	295
245	297
245	388
245	553
246	138
246	176
246	189
246	195
246	197
246	233
246	251
246	257
246	264
246	267
246	278
246	280
246	284
246	290
246	292
246	416
246	902
247	48
247	177
247	185
247	203
247	207
247	209
247	228
247	229
247	242
247	269
247	280
247	283
247	285
247	286
247	289
247	493
247	710
248	185
248	187
248	205
248	218
248	221
248	230
248	256
248	261
248	262
248	266
248	268
248	280
248	296
248	512
248	665
248	788
248	989
249	189
249	196
249	216
249	231
249	241
249	245
249	258
249	264
249	265
249	270
249	278
249	284
249	293
249	294
249	625
249	683
249	968
250	140
250	216
250	220
250	235
250	240
250	265
250	272
250	275
250	276
250	279
250	282
250	290
250	292
250	293
250	416
250	540
250	820
251	195
251	230
251	233
251	235
251	240
251	246
251	258
251	272
251	275
251	277
251	284
251	287
251	293
251	318
251	482
251	792
251	999
252	184
252	217
252	234
252	235
252	240
252	264
252	272
252	276
252	277
252	278
252	291
252	294
252	296
252	532
252	790
252	875
252	984
253	177
253	198
253	206
253	208
253	209
253	216
253	236
253	258
253	261
253	267
253	271
253	274
253	279
253	282
253	389
253	523
253	753
254	125
254	180
254	198
254	204
254	210
254	216
254	227
254	230
254	237
254	238
254	266
254	267
254	271
254	280
254	289
254	295
254	602
254	833
255	186
255	200
255	224
255	245
255	261
255	271
255	275
255	279
255	280
255	281
255	282
255	289
255	293
255	297
255	593
255	707
255	794
255	918
256	191
256	227
256	236
256	237
256	240
256	248
256	260
256	267
256	269
256	272
256	273
256	276
256	281
256	293
256	294
256	506
256	675
256	840
257	113
257	195
257	205
257	216
257	223
257	232
257	233
257	234
257	240
257	246
257	265
257	269
257	290
257	296
257	297
257	655
257	911
257	994
258	176
258	210
258	230
258	232
258	249
258	251
258	253
258	260
258	270
258	277
258	287
258	290
258	292
258	296
258	297
258	507
258	540
258	670
259	42
259	212
259	217
259	218
259	221
259	222
259	227
259	244
259	262
259	263
259	274
259	278
259	281
259	288
259	289
259	294
259	447
259	717
259	846
260	126
260	176
260	181
260	186
260	211
260	230
260	231
260	256
260	258
260	264
260	266
260	270
260	283
260	291
260	292
260	293
260	296
260	470
260	668
260	991
261	43
261	188
261	225
261	228
261	232
261	233
261	248
261	253
261	255
261	279
261	280
261	282
261	283
261	284
261	285
261	288
261	292
261	302
261	324
261	614
262	209
262	219
262	224
262	228
262	232
262	248
262	259
262	263
262	268
262	274
262	275
262	281
262	283
262	284
262	285
262	286
262	716
262	791
262	942
262	962
263	185
263	199
263	211
263	213
263	217
263	218
263	238
263	243
263	259
263	262
263	267
263	271
263	281
263	285
263	286
263	295
263	296
263	357
263	418
263	468
263	787
264	7
264	193
264	198
264	212
264	214
264	215
264	235
264	239
264	246
264	249
264	252
264	260
264	267
264	270
264	287
264	290
264	292
264	293
264	507
264	782
264	916
265	149
265	184
265	204
265	210
265	215
265	226
265	231
265	240
265	249
265	250
265	257
265	270
265	273
265	276
265	287
265	292
265	296
265	297
265	618
265	881
265	885
266	148
266	179
266	191
266	196
266	199
266	202
266	215
266	241
266	248
266	254
266	260
266	272
266	275
266	278
266	282
266	284
266	292
266	295
266	296
266	848
266	857
266	992
267	219
267	226
267	238
267	241
267	246
267	253
267	254
267	256
267	263
267	264
267	278
267	279
267	283
267	284
267	287
267	293
267	297
267	299
267	504
267	984
267	991
267	997
268	178
268	179
268	180
268	201
268	214
268	216
268	218
268	219
268	242
268	243
268	248
268	262
268	274
268	281
268	285
268	288
268	291
268	412
268	502
268	767
268	898
268	970
269	203
269	221
269	223
269	224
269	226
269	237
269	241
269	244
269	247
269	256
269	257
269	270
269	275
269	284
269	285
269	291
269	296
269	297
269	300
269	531
269	835
269	954
270	183
270	205
270	210
270	220
270	226
270	230
270	237
270	239
270	249
270	258
270	260
270	264
270	265
270	269
270	273
270	287
270	293
270	295
270	516
270	708
270	786
270	994
271	183
271	194
271	200
271	204
271	214
271	239
271	242
271	245
271	253
271	254
271	255
271	263
271	272
271	273
271	288
271	292
271	293
271	297
271	656
271	727
271	781
271	793
272	45
272	100
272	182
272	189
272	191
272	199
272	203
272	235
272	250
272	251
272	252
272	256
272	266
272	271
272	277
272	282
272	287
272	288
272	291
272	295
272	522
272	530
272	990
273	176
273	200
273	202
273	208
273	229
273	236
273	256
273	265
273	270
273	271
273	277
273	278
273	279
273	288
273	294
273	295
273	296
273	297
273	395
273	399
273	691
273	779
273	972
274	55
274	58
274	177
274	179
274	187
274	190
274	191
274	201
274	208
274	211
274	212
274	214
274	223
274	229
274	237
274	242
274	253
274	259
274	262
274	268
274	289
274	711
274	719
274	917
275	194
275	205
275	213
275	216
275	221
275	237
275	238
275	250
275	251
275	255
275	262
275	266
275	269
275	276
275	280
275	282
275	286
275	288
275	295
275	296
275	395
275	544
275	679
275	734
275	933
276	122
276	184
276	196
276	197
276	211
276	215
276	225
276	231
276	233
276	237
276	240
276	241
276	250
276	252
276	256
276	265
276	275
276	287
276	290
276	292
276	293
276	296
276	391
276	563
276	798
276	938
277	43
277	177
277	179
277	184
277	187
277	199
277	212
277	216
277	231
277	233
277	234
277	237
277	239
277	243
277	251
277	252
277	258
277	272
277	273
277	284
277	296
277	297
277	666
277	669
277	671
277	880
278	125
278	189
278	190
278	192
278	203
278	207
278	210
278	211
278	212
278	223
278	246
278	249
278	252
278	259
278	266
278	267
278	273
278	282
278	286
278	294
278	295
278	297
278	331
278	651
278	937
278	963
279	106
279	176
279	177
279	181
279	193
279	194
279	198
279	221
279	222
279	225
279	231
279	250
279	253
279	255
279	261
279	267
279	273
279	280
279	284
279	285
279	287
279	297
279	448
279	642
279	667
279	740
279	781
280	17
280	182
280	183
280	185
280	192
280	200
280	220
280	226
280	231
280	246
280	247
280	248
280	254
280	255
280	261
280	275
280	279
280	286
280	290
280	292
280	294
280	296
280	297
280	557
280	715
280	779
280	917
281	178
281	192
281	217
281	218
281	219
281	222
281	224
281	225
281	229
281	244
281	255
281	256
281	259
281	262
281	263
281	268
281	283
281	285
281	286
281	288
281	289
281	297
281	366
281	457
281	472
281	526
281	616
281	998
282	16
282	72
282	195
282	201
282	218
282	220
282	224
282	228
282	231
282	242
282	243
282	244
282	250
282	253
282	255
282	261
282	266
282	272
282	275
282	278
282	283
282	285
282	291
282	292
282	295
282	360
282	385
282	418
282	792
283	182
283	184
283	187
283	193
283	201
283	207
283	226
283	233
283	247
283	260
283	261
283	262
283	267
283	281
283	282
283	284
283	288
283	291
283	292
283	293
283	294
283	295
283	296
283	297
283	416
283	438
283	474
283	778
283	789
283	987
284	189
284	193
284	195
284	197
284	202
284	207
284	227
284	236
284	237
284	243
284	244
284	245
284	246
284	249
284	251
284	261
284	262
284	266
284	267
284	269
284	277
284	279
284	283
284	290
284	294
284	297
284	502
284	531
284	534
284	906
284	958
284	991
285	136
285	178
285	188
285	194
285	202
285	203
285	208
285	213
285	214
285	219
285	222
285	223
285	224
285	247
285	261
285	262
285	263
285	268
285	269
285	279
285	281
285	282
285	286
285	288
285	289
285	295
285	297
285	499
285	530
285	576
285	797
285	971
286	183
286	190
286	202
286	206
286	207
286	213
286	214
286	217
286	219
286	222
286	224
286	228
286	229
286	234
286	242
286	245
286	247
286	262
286	263
286	275
286	278
286	280
286	281
286	285
286	289
286	295
286	296
286	392
286	452
286	537
286	765
286	788
286	854
287	159
287	183
287	185
287	189
287	196
287	204
287	210
287	215
287	220
287	232
287	234
287	236
287	239
287	240
287	241
287	251
287	258
287	264
287	265
287	267
287	270
287	272
287	276
287	279
287	290
287	291
287	293
287	297
287	344
287	431
287	688
287	740
287	990
288	103
288	160
288	190
288	201
288	202
288	203
288	206
288	207
288	213
288	222
288	224
288	227
288	229
288	242
288	244
288	259
288	261
288	268
288	271
288	272
288	273
288	275
288	281
288	283
288	285
288	289
288	295
288	297
288	475
288	549
288	565
288	708
288	899
289	175
289	177
289	187
289	190
289	194
289	202
289	203
289	205
289	206
289	208
289	212
289	227
289	229
289	232
289	237
289	238
289	244
289	247
289	254
289	255
289	259
289	274
289	281
289	285
289	286
289	288
289	291
289	294
289	500
289	512
289	543
289	639
289	752
289	905
290	123
290	160
290	176
290	180
290	181
290	182
290	196
290	199
290	204
290	215
290	223
290	226
290	231
290	233
290	235
290	241
290	246
290	250
290	257
290	258
290	264
290	276
290	280
290	284
290	287
290	291
290	292
290	293
290	294
290	295
290	404
290	478
290	714
290	803
291	116
291	180
291	182
291	195
291	200
291	205
291	206
291	211
291	216
291	220
291	223
291	225
291	229
291	233
291	238
291	239
291	252
291	260
291	268
291	269
291	272
291	282
291	283
291	287
291	289
291	290
291	294
291	295
291	640
291	644
291	741
291	745
291	873
291	962
292	152
292	181
292	198
292	204
292	207
292	210
292	215
292	220
292	230
292	233
292	235
292	237
292	241
292	246
292	250
292	258
292	260
292	261
292	264
292	265
292	266
292	271
292	276
292	280
292	282
292	283
292	290
292	293
292	295
292	355
292	447
292	511
292	536
292	878
292	967
293	176
293	181
293	194
293	197
293	199
293	218
293	220
293	231
293	233
293	239
293	240
293	249
293	250
293	251
293	255
293	256
293	260
293	264
293	267
293	270
293	271
293	276
293	283
293	287
293	290
293	292
293	295
293	296
293	297
293	396
293	664
293	676
293	719
293	752
293	762
293	793
294	162
294	178
294	190
294	191
294	192
294	195
294	196
294	207
294	210
294	225
294	226
294	232
294	236
294	240
294	242
294	245
294	249
294	252
294	256
294	259
294	273
294	278
294	280
294	283
294	284
294	289
294	290
294	291
294	295
294	296
294	592
294	610
294	661
294	677
294	748
294	752
294	981
295	180
295	186
295	192
295	199
295	201
295	206
295	209
295	215
295	218
295	232
295	235
295	245
295	254
295	263
295	266
295	270
295	272
295	273
295	275
295	278
295	282
295	283
295	285
295	286
295	288
295	290
295	291
295	292
295	293
295	294
295	296
295	297
295	367
295	431
295	460
295	533
295	574
295	692
295	760
295	785
296	99
296	183
296	184
296	188
296	194
296	197
296	214
296	215
296	219
296	220
296	223
296	225
296	236
296	244
296	248
296	252
296	257
296	258
296	260
296	263
296	265
296	266
296	269
296	273
296	275
296	276
296	277
296	280
296	283
296	286
296	293
296	294
296	295
296	297
296	309
296	327
296	733
296	809
296	850
296	891
296	950
297	3
297	23
297	176
297	178
297	181
297	196
297	198
297	201
297	219
297	221
297	225
297	230
297	232
297	234
297	235
297	237
297	238
297	245
297	255
297	257
297	258
297	265
297	267
297	269
297	271
297	273
297	277
297	278
297	279
297	280
297	281
297	283
297	284
297	285
297	287
297	288
297	293
297	295
297	296
297	331
297	422
297	424
297	507
297	574
297	592
297	771
298	118
298	142
298	321
298	389
298	413
298	419
298	454
298	480
298	508
298	510
299	128
299	267
299	329
299	437
299	443
299	500
299	505
299	524
299	525
299	531
300	158
300	269
300	368
300	387
300	402
300	442
300	473
300	526
300	533
300	539
301	167
301	412
301	442
301	479
301	484
301	518
301	528
301	532
301	533
301	790
302	261
302	361
302	451
302	461
302	473
302	485
302	504
302	506
302	539
302	544
303	391
303	467
303	511
303	515
303	517
303	525
303	530
303	537
303	785
303	824
304	173
304	348
304	423
304	428
304	489
304	500
304	514
304	518
304	532
304	762
305	143
305	394
305	451
305	455
305	500
305	502
305	524
305	525
305	531
305	579
306	121
306	346
306	352
306	408
306	454
306	460
306	481
306	510
306	534
306	712
307	175
307	360
307	379
307	482
307	486
307	496
307	497
307	516
307	540
307	934
308	131
308	369
308	465
308	475
308	478
308	493
308	499
308	508
308	527
308	765
309	296
309	365
309	381
309	400
309	479
309	485
309	514
309	520
309	521
309	985
310	381
310	451
310	470
310	519
310	523
310	531
310	535
310	537
310	750
310	960
311	417
311	427
311	469
311	480
311	503
311	518
311	531
311	533
311	572
311	613
312	319
312	357
312	394
312	410
312	431
312	455
312	524
312	531
312	650
312	721
313	196
313	361
313	455
313	458
313	494
313	501
313	514
313	521
313	529
313	982
314	106
314	169
314	353
314	361
314	381
314	494
314	501
314	523
314	526
314	529
315	218
315	389
315	422
315	440
315	444
315	454
315	468
315	474
315	481
315	796
316	164
316	342
316	449
316	467
316	472
316	483
316	511
316	530
316	534
316	760
317	229
317	355
317	438
317	503
317	505
317	511
317	515
317	530
317	534
317	757
318	251
318	375
318	398
318	407
318	492
318	493
318	501
318	503
318	507
318	927
319	312
319	359
319	449
319	477
319	511
319	526
319	535
319	537
319	655
319	923
320	164
320	385
320	430
320	463
320	471
320	511
320	519
320	530
320	534
320	865
321	298
321	419
321	476
321	477
321	495
321	508
321	516
321	526
321	725
321	737
322	105
322	366
322	487
322	491
322	510
322	516
322	529
322	535
322	536
322	791
322	983
323	109
323	359
323	376
323	442
323	484
323	485
323	498
323	504
323	523
323	539
323	818
324	53
324	261
324	352
324	415
324	463
324	474
324	517
324	524
324	530
324	534
324	739
325	69
325	424
325	438
325	466
325	467
325	486
325	494
325	520
325	526
325	541
325	971
326	395
326	442
326	466
326	479
326	497
326	501
326	521
326	535
326	713
326	774
326	779
327	296
327	354
327	375
327	390
327	458
327	460
327	477
327	494
327	502
327	522
327	961
328	19
328	35
328	428
328	436
328	447
328	461
328	483
328	503
328	529
328	538
328	540
329	174
329	299
329	396
329	397
329	404
329	419
329	438
329	510
329	514
329	529
329	899
330	171
330	393
330	402
330	403
330	428
330	470
330	506
330	509
330	529
330	536
330	977
331	278
331	297
331	332
331	367
331	450
331	462
331	490
331	498
331	499
331	524
331	539
332	176
332	331
332	349
332	462
332	464
332	490
332	498
332	510
332	520
332	535
332	563
333	165
333	408
333	436
333	439
333	465
333	471
333	492
333	507
333	522
333	538
333	791
334	129
334	435
334	456
334	472
334	511
334	513
334	517
334	530
334	534
334	536
334	743
335	374
335	391
335	417
335	468
335	496
335	511
335	524
335	525
335	531
335	604
335	993
336	217
336	362
336	377
336	453
336	469
336	484
336	512
336	518
336	532
336	533
336	693
337	158
337	363
337	377
337	408
337	426
337	433
337	440
337	527
337	538
337	540
337	777
338	346
338	380
338	438
338	466
338	479
338	494
338	495
338	515
338	521
338	652
338	797
339	355
339	411
339	424
339	479
339	484
339	494
339	497
339	529
339	537
339	690
339	871
340	419
340	443
340	474
340	506
340	515
340	517
340	530
340	534
340	536
340	955
340	964
341	373
341	421
341	422
341	459
341	483
341	492
341	538
341	541
341	684
341	709
341	734
342	316
342	401
342	431
342	450
342	485
342	491
342	493
342	497
342	506
342	543
342	967
343	205
343	371
343	402
343	479
343	489
343	512
343	528
343	532
343	533
343	535
343	954
344	8
344	287
344	396
344	433
344	459
344	460
344	496
344	522
344	523
344	541
344	737
345	64
345	206
345	400
345	444
345	485
345	488
345	491
345	499
345	516
345	525
345	537
346	212
346	306
346	338
346	375
346	387
346	396
346	407
346	457
346	541
346	805
346	932
347	370
347	376
347	414
347	416
347	443
347	524
347	525
347	531
347	534
347	726
347	784
348	304
348	399
348	400
348	509
348	513
348	518
348	532
348	533
348	534
348	581
348	659
349	13
349	332
349	363
349	426
349	455
349	459
349	471
349	503
349	527
349	528
349	753
350	352
350	354
350	359
350	383
350	385
350	390
350	396
350	456
350	481
350	752
350	907
351	216
351	394
351	437
351	479
351	508
351	510
351	514
351	518
351	522
351	722
351	923
352	49
352	62
352	306
352	324
352	350
352	357
352	409
352	420
352	449
352	485
352	496
353	92
353	191
353	314
353	425
353	493
353	495
353	498
353	501
353	520
353	521
353	529
354	327
354	350
354	422
354	502
354	515
354	518
354	522
354	530
354	535
354	541
354	554
354	780
355	292
355	317
355	339
355	391
355	430
355	438
355	508
355	511
355	514
355	520
355	529
355	686
356	174
356	425
356	437
356	455
356	497
356	500
356	524
356	525
356	531
356	533
356	729
356	762
357	154
357	171
357	263
357	312
357	352
357	435
357	463
357	481
357	510
357	515
357	530
357	534
358	59
358	367
358	421
358	452
358	453
358	462
358	464
358	504
358	526
358	539
358	644
358	773
359	105
359	319
359	323
359	350
359	388
359	466
359	482
359	486
359	496
359	513
359	535
359	628
360	282
360	307
360	361
360	374
360	401
360	404
360	468
360	524
360	525
360	531
360	540
360	999
361	27
361	302
361	313
361	314
361	360
361	432
361	437
361	453
361	484
361	523
361	533
361	968
362	68
362	147
362	336
362	374
362	386
362	433
362	499
362	500
362	525
362	531
362	541
362	965
363	129
363	337
363	349
363	421
363	424
363	471
363	497
363	504
363	527
363	540
363	734
363	763
364	2
364	144
364	167
364	405
364	468
364	505
364	515
364	517
364	530
364	532
364	534
364	536
365	220
365	309
365	456
365	466
365	479
365	491
365	501
365	502
365	508
365	518
365	532
365	743
366	281
366	322
366	397
366	432
366	437
366	442
366	484
366	523
366	533
366	535
366	784
366	920
367	295
367	331
367	358
367	398
367	451
367	475
367	490
367	522
367	523
367	532
367	539
367	662
368	300
368	437
368	469
368	472
368	473
368	483
368	484
368	509
368	523
368	539
368	697
368	764
369	308
369	413
369	470
369	488
369	489
369	513
369	528
369	532
369	533
369	758
369	855
369	895
370	347
370	401
370	470
370	472
370	474
370	505
370	515
370	517
370	534
370	539
370	665
370	759
371	343
371	389
371	410
371	417
371	459
371	493
371	507
371	524
371	538
371	540
371	645
371	757
372	47
372	165
372	397
372	429
372	455
372	457
372	464
372	486
372	504
372	512
372	523
372	539
373	341
373	404
373	423
373	461
373	488
373	502
373	528
373	532
373	533
373	874
373	901
373	913
374	163
374	174
374	335
374	360
374	362
374	463
374	465
374	500
374	525
374	531
374	532
374	947
375	84
375	190
375	318
375	327
375	346
375	380
375	389
375	411
375	443
375	453
375	522
375	541
375	619
376	102
376	115
376	323
376	347
376	404
376	406
376	438
376	443
376	464
376	500
376	524
376	525
376	531
377	336
377	337
377	403
377	433
377	448
377	459
377	467
377	471
377	475
377	503
377	774
377	876
377	921
378	43
378	396
378	414
378	418
378	433
378	453
378	494
378	502
378	514
378	527
378	538
378	541
378	999
379	234
379	307
379	414
379	418
379	453
379	457
379	481
379	482
379	493
379	501
379	522
379	541
379	684
380	22
380	244
380	338
380	375
380	449
380	469
380	495
380	512
380	513
380	528
380	532
380	533
380	727
381	169
381	309
381	310
381	314
381	420
381	477
381	516
381	529
381	530
381	535
381	537
381	778
381	960
382	154
382	402
382	428
382	430
382	487
382	496
382	503
382	511
382	516
382	536
382	537
382	541
382	843
383	216
383	217
383	350
383	414
383	448
383	458
383	468
383	471
383	507
383	527
383	530
383	540
383	703
384	170
384	449
384	470
384	475
384	482
384	486
384	496
384	508
384	509
384	512
384	529
384	535
384	871
385	102
385	282
385	320
385	350
385	395
385	396
385	418
385	435
385	445
385	453
385	454
385	482
385	541
386	191
386	362
386	431
386	468
386	469
386	490
386	493
386	500
386	524
386	528
386	531
386	675
386	943
387	300
387	346
387	393
387	484
387	498
387	504
387	512
387	520
387	523
387	526
387	539
387	730
387	786
388	245
388	359
388	426
388	430
388	476
388	491
388	506
388	509
388	534
388	535
388	537
388	669
388	958
389	253
389	298
389	315
389	371
389	375
389	398
389	416
389	422
389	439
389	453
389	515
389	541
389	777
389	850
390	131
390	157
390	327
390	350
390	391
390	400
390	405
390	454
390	481
390	482
390	490
390	502
390	530
390	751
391	276
391	303
391	335
391	355
391	390
391	416
391	452
391	454
391	457
391	460
391	502
391	522
391	883
391	947
392	286
392	403
392	426
392	446
392	447
392	470
392	475
392	493
392	502
392	507
392	513
392	532
392	540
392	922
393	330
393	387
393	399
393	437
393	457
393	462
393	473
393	498
393	504
393	518
393	539
393	727
393	776
393	777
394	305
394	312
394	351
394	397
394	411
394	456
394	498
394	508
394	514
394	526
394	529
394	541
394	580
394	968
395	273
395	275
395	326
395	385
395	405
395	435
395	440
395	452
395	481
395	502
395	504
395	539
395	541
395	940
396	293
396	329
396	344
396	346
396	350
396	378
396	385
396	473
396	481
396	492
396	522
396	540
396	541
396	666
396	791
397	131
397	165
397	329
397	366
397	372
397	394
397	412
397	442
397	464
397	471
397	498
397	504
397	521
397	539
397	997
398	318
398	367
398	389
398	467
398	469
398	480
398	488
398	513
398	528
398	532
398	533
398	540
398	556
398	773
398	993
399	95
399	211
399	273
399	348
399	393
399	419
399	476
399	480
399	488
399	503
399	512
399	513
399	517
399	518
399	534
400	309
400	345
400	348
400	390
400	414
400	418
400	452
400	460
400	481
400	503
400	518
400	541
400	700
400	735
400	999
401	342
401	360
401	370
401	415
401	420
401	445
401	460
401	477
401	487
401	497
401	506
401	514
401	650
401	758
401	790
402	230
402	300
402	330
402	343
402	382
402	428
402	441
402	444
402	450
402	470
402	516
402	524
402	536
402	616
402	993
403	161
403	330
403	377
403	392
403	405
403	465
403	470
403	475
403	478
403	485
403	504
403	538
403	540
403	785
403	918
404	63
404	161
404	290
404	329
404	360
404	373
404	376
404	408
404	410
404	416
404	464
404	468
404	524
404	525
404	531
405	364
405	390
405	395
405	403
405	428
405	429
405	441
405	505
405	515
405	517
405	530
405	534
405	732
405	763
405	776
406	110
406	185
406	194
406	376
406	427
406	432
406	442
406	445
406	464
406	473
406	498
406	504
406	520
406	523
406	539
407	122
407	144
407	318
407	346
407	419
407	438
407	466
407	492
407	510
407	514
407	520
407	529
407	539
407	541
407	597
408	306
408	333
408	337
408	404
408	422
408	439
408	440
408	453
408	454
408	501
408	502
408	532
408	668
408	763
408	813
409	352
409	445
409	450
409	457
409	466
409	475
409	482
409	497
409	509
409	519
409	532
409	535
409	732
409	889
409	979
410	127
410	312
410	371
410	404
410	431
410	442
410	468
410	475
410	485
410	500
410	524
410	525
410	531
410	533
410	793
410	815
411	339
411	375
411	394
411	430
411	453
411	472
411	495
411	501
411	508
411	510
411	512
411	520
411	529
411	754
411	763
411	775
412	167
412	268
412	301
412	397
412	469
412	476
412	477
412	480
412	488
412	496
412	501
412	528
412	532
412	533
412	538
412	709
413	298
413	369
413	442
413	466
413	471
413	494
413	495
413	500
413	510
413	520
413	521
413	526
413	527
413	699
413	729
413	906
414	166
414	206
414	347
414	378
414	379
414	383
414	400
414	433
414	440
414	457
414	522
414	526
414	527
414	539
414	541
414	933
415	324
415	401
415	422
415	440
415	445
415	461
415	485
415	492
415	499
415	508
415	509
415	519
415	536
415	748
415	765
415	772
416	246
416	250
416	283
416	347
416	389
416	391
416	404
416	425
416	455
416	468
416	500
416	523
416	524
416	525
416	531
416	535
417	127
417	311
417	335
417	371
417	436
417	459
417	475
417	478
417	484
417	492
417	503
417	512
417	538
417	540
417	775
417	956
418	263
418	282
418	378
418	379
418	385
418	400
418	460
418	502
418	506
418	522
418	533
418	535
418	538
418	540
418	541
418	784
419	124
419	298
419	321
419	329
419	340
419	399
419	407
419	448
419	494
419	507
419	518
419	520
419	521
419	529
419	642
419	879
420	28
420	352
420	381
420	401
420	422
420	436
420	487
420	491
420	506
420	519
420	528
420	529
420	535
420	537
420	538
420	838
420	985
421	48
421	84
421	111
421	135
421	341
421	358
421	363
421	450
421	452
421	458
421	475
421	483
421	492
421	519
421	527
421	538
421	540
422	297
422	315
422	341
422	354
422	389
422	408
422	415
422	420
422	438
422	440
422	502
422	522
422	537
422	538
422	541
422	792
422	987
423	37
423	135
423	304
423	373
423	436
423	448
423	476
423	489
423	512
423	513
423	515
423	518
423	524
423	532
423	533
423	541
423	873
424	137
424	200
424	297
424	325
424	339
424	363
424	430
424	451
424	456
424	481
424	501
424	508
424	510
424	522
424	526
424	529
424	632
425	353
425	356
425	416
425	427
425	463
425	476
425	489
425	506
425	512
425	513
425	518
425	528
425	532
425	533
425	605
425	780
425	915
426	337
426	349
426	388
426	392
426	448
426	504
426	507
426	508
426	527
426	529
426	531
426	538
426	540
426	682
426	707
426	751
426	779
427	118
427	184
427	311
427	406
427	425
427	444
427	476
427	482
427	488
427	498
427	512
427	513
427	527
427	528
427	532
427	533
427	791
428	243
428	304
428	328
428	330
428	382
428	402
428	405
428	445
428	450
428	483
428	491
428	497
428	516
428	519
428	523
428	744
428	925
428	970
429	372
429	405
429	451
429	462
429	464
429	480
429	484
429	490
429	504
429	510
429	523
429	531
429	537
429	539
429	696
429	779
429	845
429	864
430	135
430	320
430	355
430	382
430	388
430	411
430	424
430	441
430	467
430	474
430	505
430	511
430	515
430	517
430	530
430	534
430	632
430	823
431	119
431	166
431	287
431	295
431	312
431	342
431	386
431	410
431	440
431	443
431	446
431	455
431	485
431	499
431	520
431	524
431	525
431	531
432	111
432	361
432	366
432	406
432	449
432	451
432	486
432	490
432	498
432	504
432	523
432	527
432	533
432	536
432	539
432	643
432	738
432	959
433	337
433	344
433	362
433	377
433	378
433	414
433	439
433	440
433	452
433	457
433	500
433	519
433	522
433	541
433	780
433	785
433	856
433	975
434	174
434	179
434	438
434	447
434	456
434	459
434	473
434	487
434	494
434	495
434	502
434	508
434	510
434	521
434	526
434	529
434	741
434	808
435	133
435	229
435	334
435	357
435	385
435	395
435	441
435	463
435	468
435	472
435	501
435	505
435	511
435	514
435	515
435	517
435	534
435	855
436	168
436	328
436	333
436	417
436	420
436	423
436	448
436	459
436	465
436	467
436	475
436	493
436	525
436	534
436	538
436	540
436	711
436	886
437	299
437	351
437	356
437	361
437	366
437	368
437	393
437	451
437	473
437	487
437	490
437	498
437	509
437	522
437	523
437	740
437	752
437	797
437	945
438	283
438	317
438	325
438	329
438	338
438	355
438	376
438	407
438	422
438	434
438	465
438	493
438	501
438	509
438	520
438	529
438	767
438	786
438	876
439	57
439	81
439	333
439	389
439	408
439	433
439	446
439	449
439	452
439	453
439	460
439	502
439	506
439	507
439	518
439	522
439	541
439	623
439	881
440	130
440	164
440	315
440	337
440	395
440	408
440	414
440	415
440	422
440	431
440	433
440	446
440	452
440	483
440	522
440	534
440	541
440	945
440	947
441	7
441	402
441	405
441	430
441	435
441	451
441	463
441	465
441	467
441	472
441	499
441	505
441	511
441	515
441	521
441	534
441	540
441	567
441	927
442	195
442	240
442	300
442	301
442	323
442	326
442	366
442	397
442	406
442	410
442	413
442	451
442	464
442	495
442	498
442	536
442	539
442	645
442	954
443	78
443	209
443	299
443	340
443	347
443	375
443	376
443	431
443	468
443	488
443	489
443	495
443	500
443	524
443	525
443	531
443	535
443	599
443	710
444	315
444	345
444	402
444	427
444	461
444	467
444	477
444	481
444	483
444	491
444	499
444	519
444	535
444	536
444	537
444	706
444	949
444	956
444	1000
445	40
445	87
445	170
445	385
445	401
445	406
445	409
445	415
445	428
445	475
445	482
445	497
445	499
445	506
445	525
445	535
445	537
445	539
445	787
446	172
446	392
446	431
446	439
446	440
446	458
446	465
446	471
446	474
446	478
446	492
446	503
446	504
446	520
446	527
446	538
446	540
446	556
446	695
447	173
447	259
447	292
447	328
447	392
447	434
447	470
447	475
447	492
447	493
447	503
447	507
447	509
447	524
447	527
447	534
447	536
447	538
447	540
447	963
448	6
448	20
448	279
448	377
448	383
448	419
448	423
448	426
448	436
448	459
448	465
448	481
448	483
448	490
448	503
448	516
448	530
448	538
448	540
448	926
449	76
449	170
449	316
449	319
449	352
449	380
449	384
449	432
449	439
449	462
449	489
449	496
449	499
449	506
449	509
449	516
449	535
449	537
449	624
449	773
450	157
450	189
450	331
450	342
450	402
450	409
450	421
450	428
450	457
450	484
450	487
450	499
450	504
450	509
450	518
450	535
450	536
450	537
450	773
450	929
451	85
451	302
451	305
451	310
451	367
451	424
451	429
451	432
451	437
451	441
451	442
451	462
451	490
451	493
451	523
451	539
451	540
451	812
451	852
451	877
452	161
452	286
452	358
452	391
452	395
452	400
452	421
452	433
452	439
452	440
452	457
452	486
452	502
452	505
452	522
452	537
452	539
452	541
452	550
452	870
453	144
453	336
453	358
453	361
453	375
453	378
453	379
453	385
453	389
453	408
453	411
453	439
453	454
453	469
453	474
453	522
453	541
453	754
453	759
453	882
453	972
454	25
454	298
454	306
454	315
454	385
454	390
454	391
454	408
454	453
454	457
454	479
454	481
454	497
454	514
454	519
454	539
454	541
454	725
454	776
454	946
454	954
455	206
455	219
455	305
455	312
455	313
455	349
455	356
455	372
455	416
455	431
455	461
455	468
455	481
455	484
455	500
455	524
455	525
455	531
455	721
455	765
455	782
456	72
456	215
456	334
456	350
456	365
456	394
456	424
456	434
456	474
456	479
456	490
456	495
456	499
456	508
456	513
456	514
456	517
456	521
456	526
456	775
456	787
457	170
457	281
457	346
457	372
457	379
457	391
457	393
457	409
457	414
457	433
457	450
457	452
457	454
457	466
457	487
457	491
457	502
457	522
457	541
457	713
457	886
458	57
458	313
458	327
458	383
458	421
458	446
458	459
458	465
458	479
458	483
458	484
458	493
458	507
458	517
458	527
458	538
458	539
458	540
458	569
458	609
458	863
459	240
459	341
459	344
459	349
459	371
459	377
459	417
459	434
459	436
459	448
459	458
459	483
459	491
459	493
459	505
459	507
459	508
459	528
459	697
459	796
459	995
460	295
460	306
460	327
460	344
460	391
460	400
460	401
460	418
460	439
460	465
460	469
460	481
460	494
460	502
460	506
460	509
460	528
460	541
460	633
460	700
460	924
460	986
461	17
461	38
461	302
461	328
461	373
461	415
461	444
461	455
461	464
461	485
461	487
461	491
461	496
461	517
461	519
461	523
461	535
461	536
461	537
461	627
461	658
461	962
462	40
462	173
462	192
462	331
462	332
462	358
462	393
462	429
462	449
462	451
462	484
462	490
462	498
462	501
462	515
462	523
462	526
462	536
462	539
462	540
462	704
462	972
463	118
463	320
463	324
463	357
463	374
463	425
463	435
463	441
463	467
463	472
463	474
463	475
463	476
463	503
463	505
463	511
463	530
463	534
463	535
463	783
463	938
463	950
463	958
464	332
464	358
464	372
464	376
464	397
464	404
464	406
464	429
464	442
464	461
464	473
464	481
464	484
464	490
464	504
464	506
464	510
464	523
464	532
464	805
464	846
464	959
464	1000
465	148
465	158
465	308
465	333
465	374
465	403
465	436
465	438
465	441
465	446
465	448
465	458
465	460
465	467
465	471
465	475
465	478
465	503
465	527
465	529
465	531
465	538
465	720
465	884
466	53
466	119
466	162
466	325
466	326
466	338
466	359
466	365
466	407
466	409
466	413
466	457
466	496
466	501
466	507
466	508
466	520
466	521
466	526
466	529
466	537
466	540
466	800
466	829
467	110
467	303
467	316
467	325
467	377
467	398
467	430
467	436
467	441
467	444
467	463
467	465
467	474
467	480
467	505
467	511
467	515
467	517
467	530
467	534
467	564
467	683
467	769
467	914
468	263
468	315
468	335
468	360
468	364
468	383
468	386
468	404
468	410
468	416
468	435
468	443
468	455
468	478
468	495
468	500
468	524
468	525
468	531
468	540
468	682
468	684
468	744
468	987
469	107
469	311
469	336
469	368
469	380
469	386
469	398
469	412
469	453
469	460
469	488
469	489
469	509
469	512
469	513
469	519
469	528
469	532
469	533
469	538
469	541
469	634
469	654
469	783
470	81
470	161
470	260
470	310
470	330
470	369
470	370
470	384
470	392
470	402
470	403
470	447
470	482
470	485
470	496
470	509
470	516
470	519
470	532
470	536
470	537
470	538
470	597
470	889
471	35
471	320
471	333
471	349
471	363
471	377
471	383
471	397
471	413
471	446
471	465
471	483
471	492
471	496
471	497
471	498
471	503
471	514
471	515
471	527
471	540
471	591
471	749
471	794
472	25
472	61
472	281
472	316
472	334
472	368
472	370
472	411
472	435
472	441
472	463
472	473
472	474
472	505
472	508
472	509
472	511
472	515
472	517
472	530
472	534
472	538
472	539
472	770
472	953
473	149
473	169
473	300
473	302
473	368
473	393
473	396
473	406
473	434
473	437
473	464
473	472
473	474
473	484
473	490
473	495
473	498
473	504
473	515
473	523
473	532
473	539
473	726
473	737
473	1000
474	168
474	238
474	283
474	315
474	324
474	340
474	370
474	430
474	446
474	453
474	456
474	463
474	467
474	472
474	473
474	487
474	500
474	505
474	511
474	515
474	517
474	530
474	534
474	657
474	780
475	3
475	33
475	288
475	308
475	367
475	377
475	384
475	392
475	403
475	409
475	410
475	417
475	421
475	436
475	445
475	447
475	463
475	465
475	478
475	492
475	496
475	527
475	540
475	698
475	718
476	321
476	388
476	399
476	412
476	423
476	425
476	427
476	463
476	478
476	480
476	488
476	489
476	492
476	495
476	512
476	518
476	528
476	532
476	533
476	536
476	665
476	751
476	794
476	900
476	925
477	59
477	135
477	319
477	321
477	327
477	381
477	401
477	412
477	444
477	482
477	483
477	485
477	486
477	499
477	506
477	516
477	519
477	524
477	533
477	534
477	536
477	537
477	740
477	895
477	974
478	290
478	308
478	403
478	417
478	446
478	465
478	468
478	475
478	476
478	480
478	483
478	491
478	492
478	493
478	507
478	515
478	520
478	523
478	527
478	528
478	538
478	540
478	583
478	651
478	722
478	787
479	115
479	301
479	309
479	326
479	338
479	339
479	343
479	351
479	365
479	454
479	456
479	458
479	490
479	494
479	495
479	502
479	514
479	520
479	521
479	525
479	526
479	540
479	622
479	630
479	731
479	771
480	92
480	157
480	298
480	311
480	398
480	399
480	412
480	429
480	467
480	476
480	478
480	482
480	488
480	489
480	500
480	512
480	513
480	518
480	528
480	530
480	531
480	532
480	533
480	655
480	766
480	912
481	1
481	306
481	315
481	350
481	357
481	379
481	390
481	395
481	396
481	400
481	424
481	444
481	448
481	454
481	455
481	460
481	464
481	486
481	499
481	522
481	541
481	721
481	724
481	801
481	832
481	958
482	90
482	251
482	307
482	359
482	379
482	384
482	385
482	390
482	409
482	427
482	445
482	470
482	477
482	480
482	485
482	487
482	497
482	507
482	513
482	519
482	536
482	537
482	539
482	648
482	795
482	952
483	21
483	111
483	316
483	328
483	341
483	368
483	421
483	428
483	440
483	444
483	448
483	458
483	459
483	471
483	477
483	478
483	488
483	492
483	507
483	527
483	536
483	538
483	540
483	608
483	892
483	984
484	142
484	173
484	301
484	323
484	336
484	339
484	361
484	366
484	368
484	387
484	417
484	429
484	450
484	455
484	458
484	462
484	464
484	473
484	488
484	490
484	498
484	523
484	539
484	704
484	788
484	921
485	84
485	302
485	309
485	323
485	342
485	345
485	352
485	403
485	410
485	415
485	431
485	461
485	470
485	477
485	482
485	487
485	498
485	509
485	513
485	516
485	535
485	536
485	537
485	745
485	750
485	764
485	878
486	4
486	54
486	70
486	307
486	325
486	359
486	372
486	384
486	432
486	452
486	477
486	481
486	491
486	492
486	497
486	499
486	506
486	508
486	514
486	516
486	519
486	535
486	536
486	537
486	831
486	993
486	994
487	149
487	168
487	322
487	382
487	401
487	420
487	434
487	437
487	450
487	457
487	461
487	474
487	482
487	485
487	491
487	499
487	501
487	506
487	509
487	514
487	517
487	519
487	537
487	540
487	674
487	678
487	731
487	907
488	23
488	123
488	157
488	345
488	369
488	373
488	398
488	399
488	412
488	427
488	443
488	469
488	476
488	480
488	483
488	484
488	489
488	491
488	494
488	507
488	513
488	518
488	526
488	528
488	533
488	537
488	762
488	861
489	126
489	195
489	304
489	343
489	369
489	423
489	425
489	443
489	449
489	469
489	476
489	480
489	488
489	490
489	498
489	503
489	508
489	512
489	513
489	518
489	521
489	524
489	528
489	530
489	533
489	712
489	781
489	976
490	119
490	138
490	220
490	331
490	332
490	367
490	386
490	390
490	429
490	432
490	437
490	448
490	451
490	456
490	462
490	464
490	473
490	479
490	484
490	489
490	502
490	504
490	506
490	523
490	528
490	539
490	580
490	719
490	948
491	87
491	322
491	342
491	345
491	365
491	388
491	420
491	428
491	444
491	457
491	459
491	461
491	478
491	486
491	487
491	488
491	496
491	499
491	505
491	509
491	518
491	526
491	536
491	541
491	691
491	731
491	777
491	795
491	857
492	129
492	160
492	222
492	318
492	333
492	341
492	396
492	407
492	415
492	417
492	421
492	446
492	447
492	471
492	475
492	476
492	478
492	483
492	486
492	493
492	494
492	507
492	516
492	521
492	536
492	538
492	710
492	735
492	936
493	115
493	247
493	308
493	318
493	342
493	353
493	371
493	379
493	386
493	392
493	436
493	438
493	447
493	451
493	458
493	459
493	478
493	492
493	503
493	508
493	521
493	527
493	536
493	538
493	540
493	542
493	673
493	771
493	979
494	64
494	313
494	314
494	325
494	327
494	338
494	339
494	378
494	413
494	419
494	434
494	460
494	479
494	488
494	492
494	495
494	498
494	501
494	510
494	519
494	526
494	529
494	534
494	541
494	637
494	647
494	767
494	879
494	939
495	10
495	33
495	139
495	152
495	321
495	338
495	353
495	380
495	411
495	413
495	434
495	442
495	443
495	456
495	468
495	473
495	476
495	479
495	494
495	500
495	505
495	508
495	510
495	514
495	520
495	521
495	529
495	687
495	994
496	307
496	335
496	344
496	352
496	359
496	382
496	384
496	412
496	449
496	461
496	466
496	470
496	471
496	475
496	491
496	499
496	500
496	506
496	516
496	519
496	523
496	527
496	536
496	569
496	797
496	932
496	935
496	952
496	959
497	154
497	307
497	326
497	339
497	342
497	356
497	363
497	401
497	409
497	428
497	445
497	454
497	471
497	482
497	486
497	499
497	506
497	509
497	516
497	519
497	522
497	525
497	536
497	537
497	539
497	559
497	704
497	896
497	932
497	998
498	2
498	323
498	331
498	332
498	353
498	387
498	393
498	394
498	397
498	406
498	427
498	432
498	437
498	442
498	462
498	471
498	473
498	484
498	485
498	489
498	494
498	504
498	527
498	531
498	539
498	545
498	913
498	924
498	930
498	988
499	73
499	285
499	308
499	331
499	345
499	362
499	415
499	431
499	441
499	444
499	445
499	449
499	450
499	456
499	477
499	481
499	486
499	487
499	491
499	496
499	497
499	509
499	510
499	524
499	535
499	536
499	590
499	814
499	881
499	913
500	16
500	289
500	299
500	304
500	305
500	356
500	362
500	374
500	376
500	386
500	410
500	413
500	416
500	433
500	443
500	455
500	468
500	474
500	480
500	495
500	496
500	516
500	524
500	525
500	527
500	531
500	617
500	749
500	775
500	953
501	93
501	313
501	314
501	318
501	326
501	353
501	365
501	379
501	408
501	411
501	412
501	424
501	435
501	438
501	462
501	466
501	487
501	494
501	507
501	510
501	514
501	520
501	521
501	526
501	541
501	607
501	812
501	918
501	985
501	989
502	77
502	167
502	268
502	284
502	305
502	327
502	354
502	365
502	373
502	378
502	390
502	391
502	392
502	395
502	408
502	418
502	422
502	434
502	439
502	452
502	457
502	460
502	479
502	490
502	522
502	526
502	537
502	541
502	629
502	685
503	104
503	311
503	317
503	318
503	328
503	349
503	377
503	382
503	399
503	400
503	417
503	446
503	447
503	448
503	463
503	465
503	471
503	489
503	493
503	507
503	513
503	527
503	536
503	537
503	538
503	540
503	778
503	786
503	858
503	893
503	988
504	52
504	146
504	267
504	302
504	323
504	358
504	363
504	372
504	387
504	393
504	395
504	397
504	403
504	406
504	426
504	429
504	432
504	446
504	450
504	464
504	473
504	490
504	498
504	516
504	519
504	535
504	538
504	539
504	683
504	939
504	944
505	70
505	158
505	187
505	235
505	299
505	317
505	364
505	370
505	405
505	430
505	435
505	441
505	452
505	459
505	463
505	467
505	472
505	474
505	491
505	495
505	511
505	512
505	515
505	517
505	525
505	527
505	530
505	534
505	540
505	560
505	979
506	224
506	233
506	256
506	302
506	330
506	340
506	342
506	388
506	401
506	418
506	420
506	425
506	439
506	445
506	449
506	460
506	464
506	477
506	486
506	487
506	490
506	496
506	497
506	509
506	525
506	535
506	537
506	630
506	679
506	698
506	708
507	156
507	258
507	264
507	297
507	318
507	333
507	371
507	383
507	392
507	419
507	426
507	439
507	447
507	458
507	459
507	466
507	478
507	482
507	483
507	488
507	492
507	501
507	503
507	510
507	531
507	538
507	540
507	541
507	607
507	645
507	825
508	46
508	110
508	187
508	298
508	308
508	321
508	351
508	355
508	365
508	384
508	394
508	411
508	415
508	424
508	426
508	434
508	456
508	459
508	466
508	472
508	486
508	489
508	493
508	495
508	511
508	514
508	520
508	526
508	619
508	744
508	956
509	35
509	59
509	154
509	330
509	348
509	368
509	384
509	388
509	409
509	415
509	437
509	438
509	447
509	449
509	450
509	460
509	469
509	470
509	472
509	485
509	487
509	491
509	497
509	499
509	506
509	520
509	535
509	536
509	538
509	687
509	760
509	765
510	148
510	298
510	306
510	322
510	329
510	332
510	351
510	357
510	407
510	411
510	413
510	424
510	429
510	434
510	464
510	494
510	495
510	499
510	501
510	507
510	514
510	520
510	521
510	526
510	529
510	530
510	532
510	611
510	763
510	934
510	955
510	996
511	133
511	292
511	303
511	316
511	317
511	319
511	320
511	334
511	335
511	355
511	382
511	430
511	435
511	441
511	463
511	467
511	472
511	474
511	505
511	508
511	517
511	524
511	526
511	528
511	530
511	533
511	534
511	539
511	786
511	853
511	928
511	995
512	91
512	161
512	169
512	248
512	289
512	336
512	343
512	372
512	380
512	384
512	387
512	399
512	411
512	417
512	423
512	425
512	427
512	469
512	476
512	480
512	489
512	505
512	513
512	518
512	527
512	528
512	530
512	532
512	533
512	536
512	539
512	782
512	961
513	107
513	141
513	334
513	348
513	359
513	369
513	380
513	392
513	398
513	399
513	423
513	425
513	427
513	456
513	469
513	480
513	482
513	485
513	488
513	489
513	503
513	512
513	518
513	524
513	528
513	532
513	533
513	537
513	695
513	705
513	752
513	921
513	988
514	27
514	80
514	304
514	309
514	313
514	329
514	351
514	355
514	378
514	394
514	401
514	407
514	435
514	454
514	456
514	471
514	479
514	486
514	487
514	495
514	501
514	508
514	510
514	520
514	521
514	526
514	528
514	529
514	535
514	613
514	687
514	796
514	834
514	995
515	4
515	107
515	236
515	303
515	317
515	338
515	340
515	354
515	357
515	364
515	370
515	389
515	405
515	423
515	430
515	435
515	441
515	462
515	467
515	471
515	472
515	473
515	474
515	478
515	505
515	516
515	517
515	519
515	530
515	534
515	541
515	626
515	802
515	912
516	99
516	270
516	307
516	321
516	322
516	345
516	381
516	382
516	402
516	428
516	448
516	449
516	470
516	477
516	485
516	486
516	492
516	496
516	497
516	500
516	504
516	515
516	519
516	531
516	532
516	534
516	535
516	536
516	539
516	573
516	622
516	641
516	880
516	976
517	128
517	138
517	303
517	324
517	334
517	340
517	364
517	370
517	399
517	405
517	430
517	435
517	456
517	458
517	461
517	467
517	472
517	474
517	487
517	505
517	511
517	515
517	521
517	522
517	523
517	526
517	530
517	534
517	538
517	723
517	774
517	790
517	888
517	890
518	101
518	186
518	301
518	304
518	311
518	336
518	348
518	351
518	354
518	365
518	393
518	399
518	400
518	419
518	423
518	425
518	439
518	450
518	476
518	480
518	488
518	489
518	491
518	512
518	513
518	521
518	528
518	532
518	533
518	674
518	701
518	796
518	799
518	982
519	65
519	241
519	310
519	320
519	409
519	415
519	420
519	421
519	428
519	433
519	444
519	454
519	461
519	469
519	470
519	477
519	482
519	486
519	487
519	494
519	496
519	497
519	504
519	515
519	516
519	527
519	531
519	534
519	536
519	537
519	732
519	792
519	806
519	981
520	172
520	215
520	309
520	325
520	332
520	353
520	355
520	387
520	406
520	407
520	411
520	413
520	419
520	431
520	438
520	446
520	466
520	478
520	479
520	495
520	501
520	508
520	509
520	510
520	514
520	521
520	526
520	528
520	533
520	537
520	657
520	718
520	772
520	787
520	957
521	309
521	313
521	326
521	338
521	353
521	397
521	413
521	419
521	434
521	441
521	456
521	466
521	479
521	489
521	492
521	493
521	495
521	501
521	510
521	514
521	517
521	518
521	520
521	526
521	529
521	530
521	536
521	538
521	620
521	622
521	630
521	758
521	832
521	887
521	982
522	132
522	272
522	327
522	333
522	344
522	351
522	354
522	367
522	375
522	379
522	391
522	396
522	414
522	418
522	422
522	424
522	433
522	437
522	439
522	440
522	452
522	453
522	457
522	481
522	497
522	502
522	517
522	529
522	537
522	538
522	541
522	677
522	747
522	767
522	817
522	862
523	21
523	134
523	196
523	253
523	310
523	314
523	323
523	344
523	361
523	366
523	367
523	368
523	372
523	387
523	406
523	416
523	428
523	429
523	432
523	437
523	451
523	461
523	462
523	464
523	473
523	478
523	484
523	490
523	496
523	517
523	532
523	534
523	539
523	685
523	693
523	839
524	114
524	162
524	299
524	305
524	312
524	324
524	331
524	335
524	347
524	356
524	360
524	371
524	376
524	386
524	402
524	404
524	410
524	416
524	423
524	431
524	443
524	447
524	455
524	468
524	477
524	489
524	499
524	500
524	511
524	513
524	531
524	694
524	761
524	774
524	868
524	992
525	299
525	303
525	305
525	335
525	345
525	347
525	356
525	360
525	362
525	374
525	376
525	404
525	410
525	416
525	431
525	436
525	443
525	445
525	455
525	468
525	479
525	497
525	500
525	505
525	506
525	530
525	531
525	533
525	534
525	547
525	602
525	629
525	663
525	723
525	757
525	941
525	981
526	69
526	147
526	148
526	160
526	281
526	300
526	314
526	319
526	321
526	325
526	358
526	387
526	394
526	413
526	414
526	424
526	434
526	456
526	462
526	466
526	479
526	488
526	491
526	494
526	501
526	502
526	508
526	510
526	511
526	514
526	517
526	520
526	521
526	529
526	744
526	754
526	915
527	168
527	172
527	235
527	308
527	337
527	349
527	363
527	378
527	383
527	413
527	414
527	421
527	426
527	427
527	432
527	446
527	447
527	458
527	465
527	471
527	475
527	478
527	483
527	493
527	496
527	498
527	500
527	503
527	505
527	512
527	519
527	533
527	538
527	540
527	587
527	764
527	790
527	960
528	50
528	155
528	301
528	343
528	349
528	369
528	373
528	380
528	386
528	398
528	412
528	420
528	425
528	427
528	459
528	460
528	469
528	476
528	478
528	480
528	488
528	489
528	490
528	511
528	512
528	513
528	514
528	518
528	520
528	530
528	531
528	532
528	533
528	558
528	584
528	600
528	769
528	942
528	964
529	29
529	47
529	180
529	226
529	313
529	314
529	322
529	328
529	329
529	330
529	339
529	353
529	355
529	381
529	384
529	394
529	407
529	411
529	419
529	420
529	424
529	426
529	434
529	438
529	465
529	466
529	494
529	495
529	510
529	514
529	521
529	522
529	526
529	539
529	540
529	660
529	908
529	941
529	989
530	80
530	112
530	163
530	239
530	272
530	285
530	303
530	316
530	317
530	320
530	324
530	334
530	340
530	354
530	357
530	364
530	381
530	383
530	390
530	405
530	430
530	448
530	463
530	467
530	472
530	474
530	480
530	489
530	505
530	510
530	511
530	512
530	515
530	517
530	521
530	525
530	528
530	534
530	773
530	995
531	157
531	269
531	284
531	299
531	305
531	310
531	311
531	312
531	335
531	347
531	356
531	360
531	362
531	374
531	376
531	386
531	404
531	410
531	416
531	426
531	429
531	431
531	443
531	455
531	465
531	468
531	480
531	498
531	500
531	507
531	516
531	519
531	524
531	525
531	528
531	537
531	598
531	694
531	736
531	756
531	935
532	122
532	154
532	207
532	252
532	301
532	304
532	336
532	343
532	348
532	364
532	365
532	367
532	369
532	373
532	374
532	380
532	392
532	398
532	408
532	409
532	412
532	423
532	425
532	427
532	464
532	469
532	470
532	473
532	476
532	480
532	510
532	512
532	513
532	516
532	518
532	523
532	528
532	533
532	667
532	676
532	771
532	782
532	788
533	154
533	165
533	198
533	224
533	295
533	300
533	301
533	311
533	336
533	343
533	348
533	356
533	361
533	366
533	369
533	373
533	380
533	398
533	410
533	412
533	418
533	423
533	425
533	427
533	432
533	469
533	476
533	477
533	480
533	488
533	489
533	511
533	512
533	513
533	518
533	520
533	525
533	527
533	528
533	532
533	555
533	679
533	786
534	190
534	193
534	211
534	284
534	306
534	316
534	317
534	320
534	324
534	334
534	340
534	347
534	348
534	357
534	364
534	370
534	388
534	399
534	405
534	430
534	435
534	436
534	440
534	441
534	447
534	463
534	467
534	472
534	474
534	477
534	494
534	505
534	511
534	515
534	516
534	517
534	519
534	523
534	525
534	530
534	623
534	639
534	708
534	774
535	58
535	107
535	108
535	154
535	159
535	310
535	319
535	322
535	326
535	332
535	343
535	354
535	359
535	366
535	381
535	384
535	388
535	409
535	416
535	418
535	420
535	443
535	444
535	445
535	449
535	450
535	461
535	463
535	485
535	486
535	499
535	504
535	506
535	509
535	514
535	516
535	536
535	537
535	538
535	541
535	787
535	920
535	949
535	968
536	5
536	182
536	292
536	322
536	330
536	334
536	340
536	364
536	382
536	402
536	415
536	432
536	442
536	444
536	447
536	450
536	461
536	462
536	470
536	476
536	477
536	482
536	483
536	485
536	486
536	491
536	492
536	493
536	496
536	497
536	499
536	503
536	509
536	512
536	516
536	519
536	521
536	535
536	537
536	548
536	584
536	911
536	976
536	978
536	992
537	108
537	134
537	138
537	170
537	286
537	303
537	310
537	319
537	339
537	345
537	381
537	382
537	388
537	420
537	422
537	429
537	444
537	445
537	449
537	450
537	452
537	461
537	466
537	470
537	477
537	482
537	485
537	486
537	487
537	488
537	497
537	502
537	503
537	506
537	513
537	519
537	520
537	522
537	531
537	535
537	536
537	540
537	626
537	693
537	781
537	999
538	156
538	328
538	333
538	337
538	341
538	371
538	378
538	403
538	412
538	417
538	418
538	420
538	421
538	422
538	426
538	436
538	446
538	447
538	448
538	458
538	465
538	469
538	470
538	472
538	478
538	483
538	492
538	493
538	503
538	504
538	507
538	509
538	517
538	521
538	522
538	527
538	535
538	540
538	631
538	660
538	675
538	728
538	797
538	821
538	843
538	998
539	300
539	302
539	323
539	331
539	358
539	367
539	368
539	370
539	372
539	387
539	393
539	395
539	397
539	406
539	407
539	414
539	429
539	432
539	442
539	445
539	451
539	452
539	454
539	458
539	462
539	472
539	473
539	482
539	484
539	490
539	497
539	498
539	504
539	511
539	512
539	516
539	523
539	529
539	617
539	698
539	701
539	740
539	750
539	789
539	859
539	963
539	972
539	997
540	5
540	202
540	250
540	258
540	307
540	328
540	337
540	360
540	363
540	371
540	383
540	392
540	396
540	398
540	403
540	417
540	418
540	421
540	426
540	436
540	441
540	446
540	447
540	448
540	451
540	458
540	462
540	466
540	468
540	471
540	475
540	478
540	479
540	483
540	487
540	493
540	503
540	505
540	507
540	527
540	529
540	537
540	538
540	577
540	670
540	739
540	751
540	847
540	980
541	76
541	325
541	341
541	344
541	346
541	354
541	362
541	375
541	378
541	379
541	382
541	385
541	389
541	394
541	395
541	396
541	400
541	407
541	414
541	418
541	422
541	423
541	433
541	439
541	440
541	452
541	453
541	454
541	457
541	460
541	469
541	481
541	491
541	494
541	501
541	502
541	507
541	515
541	522
541	535
541	568
541	582
541	593
541	649
541	714
541	734
541	888
541	930
541	996
542	208
542	493
542	618
542	681
542	723
542	738
542	751
542	786
542	788
542	789
543	289
543	342
543	648
543	674
543	706
543	725
543	735
543	793
543	794
543	795
544	275
544	302
544	558
544	638
544	655
544	679
544	693
544	731
544	754
544	757
545	82
545	498
545	639
545	671
545	715
545	782
545	790
545	792
545	793
545	794
546	136
546	178
546	631
546	717
546	723
546	733
546	740
546	768
546	775
546	790
547	106
547	525
547	580
547	653
547	665
547	669
547	743
547	754
547	755
547	775
548	197
548	536
548	556
548	557
548	622
548	629
548	696
548	721
548	732
548	775
549	126
549	288
549	674
549	718
549	727
549	758
549	762
549	777
549	778
549	796
550	129
550	452
550	557
550	628
550	671
550	697
550	776
550	777
550	790
550	794
551	177
551	603
551	608
551	666
551	669
551	697
551	740
551	754
551	768
551	880
552	36
552	200
552	679
552	725
552	759
552	762
552	774
552	776
552	785
552	791
553	57
553	245
553	603
553	693
553	696
553	721
553	744
553	757
553	763
553	773
554	354
554	624
554	636
554	702
554	711
554	741
554	749
554	766
554	787
554	996
555	117
555	533
555	681
555	714
555	726
555	768
555	770
555	779
555	784
555	797
556	398
556	446
556	548
556	632
556	652
556	690
556	738
556	751
556	755
556	780
557	150
557	280
557	548
557	550
557	609
557	664
557	675
557	737
557	779
557	791
558	114
558	528
558	544
558	744
558	756
558	767
558	772
558	782
558	786
558	788
559	162
559	497
559	707
559	735
559	757
559	763
559	767
559	786
559	790
559	798
560	505
560	643
560	644
560	694
560	716
560	749
560	761
560	776
560	783
560	908
561	224
561	241
561	607
561	610
561	690
561	737
561	769
561	788
561	791
561	797
562	169
562	593
562	697
562	717
562	743
562	746
562	779
562	794
562	795
562	996
563	276
563	332
563	589
563	597
563	640
563	729
563	752
563	780
563	787
563	788
564	79
564	467
564	735
564	746
564	764
564	779
564	780
564	790
564	795
564	796
565	97
565	288
565	582
565	658
565	698
565	704
565	746
565	784
565	797
565	798
566	31
566	166
566	624
566	660
566	669
566	736
566	741
566	745
566	766
566	787
567	441
567	700
567	703
567	705
567	738
567	754
567	772
567	782
567	792
567	929
568	77
568	541
568	617
568	746
568	770
568	774
568	779
568	784
568	787
568	797
569	458
569	496
569	616
569	687
569	723
569	737
569	779
569	785
569	791
569	797
570	151
570	576
570	626
570	699
570	719
570	729
570	730
570	789
570	797
570	800
571	179
571	214
571	635
571	660
571	698
571	730
571	770
571	771
571	772
571	798
572	311
572	595
572	695
572	704
572	707
572	726
572	767
572	776
572	783
572	828
573	516
573	574
573	611
573	613
573	680
573	718
573	734
573	781
573	790
573	946
574	295
574	297
574	573
574	613
574	700
574	717
574	734
574	735
574	746
574	789
575	155
575	172
575	686
575	732
575	733
575	740
575	753
575	768
575	788
575	794
576	120
576	285
576	570
576	601
576	662
576	718
576	752
576	780
576	789
576	792
577	76
577	540
577	615
577	634
577	690
577	749
577	753
577	762
577	785
577	796
578	590
578	612
578	705
578	757
578	764
578	771
578	772
578	792
578	794
578	885
578	979
579	236
579	305
579	597
579	650
579	699
579	736
579	750
579	766
579	773
579	787
579	796
580	394
580	490
580	547
580	633
580	668
580	685
580	720
580	743
580	744
580	754
580	768
581	67
581	348
581	637
581	692
581	709
581	711
581	728
581	741
581	766
581	773
581	778
582	541
582	565
582	665
582	680
582	706
582	743
582	750
582	756
582	776
582	786
582	938
583	478
583	631
583	677
583	680
583	694
583	760
583	769
583	780
583	791
583	797
583	897
584	143
584	528
584	536
584	641
584	666
584	700
584	731
584	765
584	779
584	793
584	798
585	90
585	694
585	722
585	754
585	761
585	776
585	777
585	783
585	787
585	788
585	985
586	136
586	242
586	595
586	722
586	731
586	761
586	766
586	767
586	776
586	783
586	798
587	221
587	527
587	634
587	691
587	758
587	759
587	785
587	786
587	796
587	797
587	951
588	66
588	621
588	629
588	701
588	703
588	720
588	730
588	786
588	788
588	793
588	965
589	74
589	137
589	563
589	598
589	640
589	684
589	688
589	718
589	747
589	754
589	780
590	101
590	499
590	578
590	630
590	692
590	721
590	753
590	758
590	762
590	785
590	796
591	471
591	695
591	697
591	703
591	714
591	716
591	730
591	765
591	781
591	795
591	842
592	139
592	294
592	297
592	627
592	672
592	691
592	722
592	737
592	776
592	777
592	783
593	255
593	541
593	562
593	606
593	646
593	658
593	715
593	790
593	793
593	795
593	798
594	716
594	717
594	726
594	739
594	742
594	743
594	751
594	754
594	768
594	938
594	986
595	572
595	586
595	688
595	720
595	752
595	761
595	777
595	782
595	783
595	835
595	933
596	133
596	643
596	676
596	737
596	745
596	748
596	761
596	776
596	783
596	931
596	999
597	407
597	470
597	563
597	579
597	736
597	739
597	745
597	766
597	773
597	786
597	787
598	171
598	531
598	589
598	637
598	648
598	735
598	767
598	790
598	793
598	794
598	1000
599	443
599	622
599	691
599	721
599	724
599	758
599	762
599	782
599	785
599	796
599	841
600	528
600	619
600	680
600	693
600	700
600	720
600	745
600	748
600	782
600	792
600	828
601	31
601	576
601	680
601	730
601	750
601	752
601	774
601	782
601	788
601	798
601	973
602	254
602	525
602	618
602	627
602	659
602	722
602	776
602	777
602	781
602	783
602	948
603	551
603	553
603	648
603	667
603	704
603	733
603	750
603	758
603	775
603	894
603	903
604	170
604	335
604	662
604	672
604	745
604	752
604	753
604	766
604	769
604	773
604	787
605	425
605	668
605	688
605	689
605	691
605	696
605	721
605	736
605	753
605	777
605	796
605	815
606	164
606	167
606	593
606	687
606	708
606	728
606	775
606	780
606	789
606	794
606	795
606	922
607	501
607	507
607	561
607	633
607	651
607	692
607	705
607	745
607	766
607	782
607	787
607	992
608	153
608	483
608	551
608	623
608	713
608	725
608	727
608	742
608	759
608	778
608	792
608	796
609	232
609	458
609	557
609	621
609	774
609	779
609	783
609	784
609	790
609	791
609	797
609	798
610	294
610	561
610	644
610	669
610	717
610	718
610	732
610	743
610	754
610	764
610	775
610	859
611	510
611	573
611	645
611	657
611	666
611	674
611	682
611	701
611	721
611	793
611	794
611	979
612	41
612	578
612	660
612	686
612	712
612	731
612	732
612	740
612	741
612	754
612	775
612	819
613	311
613	514
613	573
613	574
613	654
613	662
613	730
613	746
613	793
613	794
613	796
613	943
614	46
614	261
614	643
614	697
614	727
614	745
614	753
614	756
614	758
614	778
614	785
614	796
615	577
615	648
615	689
615	702
615	740
615	759
615	762
615	778
615	796
615	867
615	961
615	983
616	88
616	281
616	402
616	569
616	641
616	665
616	745
616	749
616	766
616	773
616	787
616	791
617	500
617	539
617	568
617	632
617	670
617	682
617	708
617	712
617	780
617	789
617	792
617	975
618	265
618	542
618	602
618	687
618	718
618	739
618	752
618	771
618	775
618	780
618	869
618	980
619	375
619	508
619	600
619	636
619	665
619	724
619	739
619	748
619	756
619	757
619	776
619	906
620	12
620	521
620	636
620	656
620	673
620	684
620	728
620	738
620	755
620	766
620	789
620	993
621	12
621	155
621	183
621	588
621	609
621	631
621	646
621	698
621	750
621	787
621	788
621	792
621	798
622	479
622	516
622	521
622	548
622	599
622	625
622	701
622	735
622	765
622	781
622	782
622	794
622	795
623	98
623	439
623	534
623	608
623	631
623	725
623	727
623	745
623	759
623	778
623	785
623	787
623	796
624	155
624	449
624	554
624	566
624	659
624	695
624	709
624	746
624	781
624	790
624	793
624	794
624	795
625	132
625	186
625	249
625	622
625	655
625	662
625	667
625	683
625	731
625	742
625	775
625	784
625	786
626	515
626	537
626	570
626	729
626	747
626	752
626	755
626	756
626	765
626	779
626	784
626	789
626	1000
627	461
627	592
627	602
627	628
627	653
627	674
627	699
627	726
627	761
627	767
627	776
627	777
627	981
628	359
628	550
628	627
628	641
628	652
628	715
628	736
628	750
628	764
628	765
628	793
628	836
628	998
629	502
629	525
629	548
629	588
629	656
629	667
629	685
629	727
629	742
629	743
629	765
629	775
629	986
630	479
630	506
630	521
630	590
630	660
630	757
630	758
630	762
630	778
630	784
630	785
630	789
630	796
631	538
631	546
631	583
631	621
631	623
631	680
631	717
631	748
631	750
631	772
631	788
631	798
631	910
632	424
632	430
632	556
632	617
632	661
632	681
632	719
632	725
632	743
632	747
632	752
632	797
632	910
633	164
633	181
633	460
633	580
633	607
633	665
633	702
633	711
633	715
633	741
633	743
633	773
633	787
634	469
634	577
634	587
634	649
634	676
634	755
634	761
634	767
634	776
634	777
634	783
634	859
634	979
635	172
635	571
635	639
635	645
635	671
635	694
635	722
635	767
635	776
635	777
635	783
635	789
635	896
636	8
636	554
636	619
636	620
636	703
636	734
636	744
636	759
636	788
636	792
636	798
636	935
636	989
637	165
637	494
637	581
637	598
637	639
637	678
637	701
637	716
637	740
637	748
637	794
637	795
637	816
638	147
638	544
638	689
638	717
638	719
638	721
638	738
638	740
638	744
638	775
638	778
638	983
638	984
639	289
639	534
639	545
639	635
639	637
639	661
639	708
639	755
639	764
639	781
639	793
639	795
639	981
640	60
640	162
640	291
640	563
640	589
640	651
640	677
640	699
640	708
640	718
640	738
640	769
640	793
641	516
641	584
641	616
641	628
641	700
641	734
641	774
641	781
641	786
641	790
641	794
641	836
641	905
642	279
642	419
642	693
642	754
642	757
642	765
642	775
642	781
642	790
642	793
642	794
642	795
642	971
643	121
643	432
643	560
643	596
643	614
643	726
643	761
643	763
643	767
643	777
643	783
643	786
643	794
644	291
644	358
644	560
644	610
644	675
644	683
644	720
644	743
644	771
644	781
644	786
644	798
644	937
645	371
645	442
645	507
645	611
645	635
645	682
645	699
645	715
645	718
645	738
645	755
645	769
645	789
645	792
646	34
646	221
646	593
646	621
646	697
646	705
646	715
646	764
646	771
646	783
646	790
646	793
646	794
646	997
647	132
647	494
647	657
647	693
647	704
647	710
647	734
647	760
647	764
647	767
647	784
647	791
647	797
647	904
648	482
648	543
648	598
648	603
648	615
648	686
648	717
648	740
648	742
648	744
648	768
648	778
648	887
648	916
649	541
649	634
649	651
649	694
649	726
649	738
649	751
649	761
649	767
649	776
649	777
649	788
649	797
649	884
650	83
650	312
650	401
650	579
650	704
650	709
650	721
650	736
650	741
650	745
650	761
650	766
650	773
650	782
651	278
651	478
651	607
651	640
651	649
651	712
651	729
651	738
651	752
651	780
651	784
651	787
651	789
651	931
652	27
652	338
652	556
652	628
652	660
652	705
652	749
652	750
652	786
652	787
652	788
652	792
652	798
652	953
653	547
653	627
653	686
653	696
653	717
653	744
653	746
653	754
653	766
653	775
653	779
653	952
653	964
653	994
654	168
654	469
654	613
654	676
654	685
654	687
654	695
654	700
654	725
654	764
654	790
654	793
654	795
654	870
655	257
655	319
655	480
655	544
655	625
655	690
655	717
655	731
655	733
655	742
655	754
655	761
655	774
655	798
656	271
656	620
656	629
656	702
656	706
656	707
656	730
656	734
656	750
656	780
656	785
656	798
656	882
656	953
657	135
657	474
657	520
657	611
657	647
657	688
657	707
657	737
657	772
657	774
657	779
657	791
657	793
657	797
658	152
658	175
658	461
658	565
658	593
658	704
658	723
658	726
658	733
658	769
658	770
658	774
658	785
658	791
659	113
659	348
659	602
659	624
659	678
659	694
659	726
659	746
659	756
659	762
659	767
659	771
659	777
659	783
660	529
660	538
660	566
660	571
660	612
660	630
660	652
660	757
660	772
660	786
660	788
660	790
660	792
660	798
660	986
661	145
661	294
661	632
661	639
661	706
661	711
661	725
661	727
661	729
661	753
661	759
661	778
661	785
661	796
661	996
662	159
662	367
662	576
662	604
662	613
662	625
662	717
662	742
662	743
662	744
662	768
662	769
662	775
662	794
662	981
663	112
663	127
663	525
663	665
663	692
663	703
663	723
663	736
663	749
663	766
663	770
663	773
663	775
663	777
663	787
664	152
664	293
664	557
664	682
664	689
664	703
664	737
664	760
664	769
664	772
664	774
664	779
664	791
664	797
664	867
665	248
665	370
665	476
665	547
665	582
665	616
665	619
665	633
665	663
665	672
665	736
665	745
665	764
665	774
665	787
666	277
666	396
666	551
666	584
666	611
666	683
666	701
666	716
666	718
666	746
666	757
666	781
666	794
666	795
666	901
667	279
667	532
667	603
667	625
667	629
667	721
667	733
667	742
667	758
667	760
667	768
667	771
667	772
667	775
667	923
668	86
668	260
668	408
668	580
668	605
668	679
668	691
668	727
668	758
668	767
668	769
668	778
668	782
668	785
668	796
669	277
669	388
669	547
669	551
669	566
669	610
669	699
669	717
669	732
669	735
669	744
669	748
669	754
669	766
669	936
670	137
670	258
670	540
670	617
670	694
670	700
670	709
670	711
670	745
670	749
670	766
670	773
670	787
670	790
670	798
671	103
671	277
671	545
671	550
671	635
671	697
671	716
671	722
671	735
671	746
671	764
671	768
671	780
671	796
671	986
672	104
672	164
672	592
672	604
672	665
672	682
672	688
672	698
672	711
672	741
672	749
672	763
672	773
672	787
672	840
673	89
673	151
673	493
673	620
673	680
673	682
673	721
673	728
673	738
673	739
673	755
673	761
673	765
673	780
673	796
674	42
674	487
674	518
674	543
674	549
674	611
674	627
674	700
674	715
674	748
674	777
674	781
674	790
674	793
674	795
675	256
675	386
675	538
675	557
675	644
675	698
675	706
675	730
675	757
675	760
675	772
675	782
675	792
675	796
675	798
676	211
676	293
676	532
676	596
676	634
676	654
676	683
676	722
676	731
676	757
676	761
676	776
676	777
676	781
676	783
677	79
677	294
677	522
677	583
677	640
677	692
677	713
677	751
677	760
677	769
677	770
677	774
677	776
677	779
677	797
678	56
678	487
678	637
678	659
678	722
678	724
678	726
678	730
678	737
678	761
678	767
678	776
678	777
678	783
678	876
679	275
679	506
679	533
679	544
679	552
679	668
679	688
679	691
679	719
679	722
679	740
679	753
679	759
679	785
679	795
679	796
680	244
680	573
680	582
680	583
680	600
680	601
680	631
680	673
680	705
680	713
680	763
680	782
680	786
680	791
680	798
680	896
680	993
681	26
681	116
681	151
681	542
681	555
681	632
681	684
681	699
681	704
681	728
681	729
681	736
681	747
681	763
681	788
681	789
681	795
682	116
682	426
682	468
682	611
682	617
682	645
682	664
682	672
682	673
682	710
682	718
682	729
682	747
682	751
682	780
682	795
682	974
683	161
683	249
683	467
683	504
683	625
683	644
683	666
683	676
683	696
683	730
683	734
683	755
683	756
683	757
683	786
683	788
683	792
684	341
684	379
684	468
684	589
684	620
684	681
684	697
684	713
684	719
684	723
684	738
684	739
684	740
684	751
684	764
684	780
684	789
685	502
685	523
685	580
685	629
685	654
685	688
685	721
685	731
685	733
685	744
685	768
685	775
685	779
685	782
685	783
685	857
685	966
686	153
686	216
686	355
686	575
686	612
686	648
686	653
686	702
686	721
686	723
686	732
686	733
686	754
686	760
686	768
686	782
686	795
687	78
687	495
687	509
687	514
687	569
687	606
687	618
687	654
687	699
687	718
687	719
687	751
687	760
687	778
687	780
687	789
687	796
688	139
688	287
688	589
688	595
688	605
688	657
688	672
688	679
688	685
688	689
688	725
688	753
688	758
688	759
688	762
688	778
688	785
688	984
689	173
689	174
689	605
689	615
689	638
689	664
689	688
689	748
689	753
689	758
689	763
689	768
689	778
689	785
689	792
689	796
689	988
689	994
690	339
690	556
690	561
690	577
690	655
690	710
690	723
690	737
690	760
690	763
690	770
690	784
690	789
690	791
690	797
690	872
690	956
690	969
691	273
691	491
691	587
691	592
691	599
691	605
691	668
691	679
691	704
691	705
691	725
691	726
691	762
691	778
691	790
691	792
691	796
691	877
692	98
692	295
692	581
692	590
692	607
692	663
692	677
692	709
692	722
692	731
692	741
692	746
692	749
692	766
692	773
692	787
692	969
692	991
693	336
693	523
693	537
693	544
693	553
693	600
693	642
693	647
693	717
693	719
693	731
693	732
693	740
693	742
693	743
693	744
693	753
693	786
694	99
694	230
694	524
694	531
694	560
694	583
694	585
694	635
694	649
694	659
694	670
694	738
694	760
694	764
694	767
694	776
694	777
694	783
695	145
695	146
695	446
695	513
695	572
695	591
695	624
695	654
695	700
695	736
695	758
695	764
695	765
695	773
695	782
695	793
695	794
695	795
696	136
696	429
696	548
696	553
696	605
696	653
696	683
696	716
696	721
696	731
696	732
696	733
696	768
696	775
696	776
696	781
696	791
696	846
696	969
697	153
697	368
697	459
697	550
697	551
697	562
697	591
697	614
697	646
697	671
697	684
697	716
697	764
697	765
697	769
697	771
697	790
697	794
697	975
698	83
698	475
698	506
698	539
698	565
698	571
698	621
698	672
698	675
698	713
698	714
698	716
698	723
698	724
698	749
698	769
698	774
698	784
698	791
699	152
699	413
699	570
699	579
699	627
699	640
699	645
699	669
699	681
699	687
699	700
699	729
699	752
699	755
699	758
699	789
699	794
699	954
699	995
700	400
700	460
700	567
700	574
700	584
700	600
700	641
700	654
700	670
700	674
700	695
700	699
700	731
700	746
700	764
700	770
700	793
700	795
700	974
701	114
701	518
701	539
701	588
701	611
701	622
701	637
701	666
701	735
701	747
701	759
701	764
701	765
701	781
701	783
701	794
701	795
701	797
701	856
702	22
702	133
702	156
702	554
702	615
702	633
702	656
702	686
702	703
702	704
702	707
702	748
702	771
702	772
702	782
702	786
702	792
702	795
702	951
703	383
703	567
703	588
703	591
703	636
703	663
703	664
703	702
703	721
703	750
703	762
703	763
703	782
703	786
703	792
703	798
703	925
703	944
703	949
704	139
704	462
704	484
704	497
704	565
704	572
704	603
704	647
704	650
704	658
704	681
704	691
704	702
704	710
704	769
704	770
704	774
704	784
704	791
704	797
705	94
705	166
705	513
705	567
705	578
705	607
705	646
705	652
705	680
705	691
705	707
705	743
705	750
705	757
705	782
705	784
705	786
705	791
705	792
705	977
706	152
706	444
706	543
706	582
706	656
706	661
706	675
706	729
706	730
706	734
706	735
706	756
706	759
706	772
706	782
706	786
706	795
706	798
706	888
706	919
707	163
707	255
707	426
707	559
707	572
707	656
707	657
707	702
707	705
707	716
707	745
707	748
707	756
707	758
707	771
707	772
707	787
707	788
707	792
707	936
708	270
708	288
708	506
708	534
708	606
708	617
708	639
708	640
708	710
708	712
708	729
708	738
708	739
708	741
708	747
708	755
708	787
708	789
708	796
708	797
709	162
709	341
709	412
709	581
709	624
709	650
709	670
709	692
709	736
709	741
709	749
709	755
709	765
709	766
709	772
709	773
709	781
709	787
709	794
709	831
710	153
710	247
710	443
710	492
710	647
710	682
710	690
710	704
710	708
710	713
710	736
710	743
710	760
710	770
710	774
710	779
710	784
710	785
710	791
710	794
710	797
711	171
711	226
711	274
711	436
711	554
711	581
711	633
711	661
711	670
711	672
711	733
711	741
711	745
711	749
711	750
711	760
711	765
711	773
711	787
711	795
711	928
712	306
712	489
712	612
712	617
712	651
712	708
712	718
712	727
712	728
712	732
712	738
712	739
712	747
712	751
712	778
712	780
712	789
712	790
712	798
712	908
712	976
713	326
713	457
713	608
713	677
713	680
713	684
713	698
713	710
713	714
713	723
713	737
713	747
713	769
713	770
713	777
713	784
713	785
713	791
713	797
713	802
713	925
714	290
714	541
714	555
714	591
714	698
714	713
714	720
714	723
714	724
714	727
714	739
714	760
714	769
714	770
714	779
714	787
714	788
714	791
714	797
714	803
714	999
715	126
715	137
715	280
715	545
715	593
715	628
715	633
715	645
715	646
715	674
715	716
715	720
715	735
715	768
715	781
715	784
715	789
715	793
715	795
715	964
715	971
716	26
716	102
716	143
716	262
716	560
716	591
716	594
716	637
716	666
716	671
716	696
716	697
716	698
716	707
716	715
716	764
716	771
716	781
716	790
716	793
716	996
717	146
717	156
717	203
717	259
717	546
717	562
717	574
717	594
717	610
717	631
717	638
717	648
717	653
717	655
717	662
717	669
717	693
717	740
717	766
717	768
717	769
717	771
718	475
718	520
718	549
718	573
718	576
718	589
718	610
718	618
718	640
718	645
718	666
718	682
718	687
718	712
718	735
718	739
718	747
718	766
718	768
718	789
718	928
718	993
719	37
719	274
719	293
719	490
719	570
719	632
719	638
719	679
719	684
719	687
719	693
719	738
719	739
719	746
719	747
719	751
719	752
719	767
719	780
719	786
719	788
719	951
720	155
720	465
720	580
720	588
720	595
720	600
720	644
720	714
720	715
720	730
720	748
720	757
720	763
720	771
720	772
720	773
720	778
720	788
720	792
720	793
720	798
720	842
720	985
721	156
721	312
721	455
721	481
721	548
721	553
721	590
721	599
721	605
721	611
721	638
721	650
721	667
721	673
721	685
721	686
721	696
721	703
721	733
721	743
721	754
721	775
721	967
722	351
722	478
722	585
722	586
722	592
722	602
722	635
722	671
722	676
722	678
722	679
722	692
722	726
722	749
722	751
722	761
722	767
722	776
722	777
722	791
722	798
722	922
722	976
723	66
723	517
723	525
723	542
723	546
723	569
723	658
723	663
723	684
723	686
723	690
723	698
723	713
723	714
723	747
723	760
723	774
723	779
723	781
723	784
723	797
723	848
723	959
724	237
724	481
724	599
724	619
724	678
724	698
724	714
724	737
724	748
724	760
724	763
724	769
724	770
724	774
724	779
724	780
724	783
724	784
724	787
724	791
724	797
724	897
724	988
725	321
725	454
725	543
725	552
725	608
725	623
725	632
725	654
725	661
725	688
725	691
725	727
725	737
725	758
725	759
725	777
725	778
725	785
725	788
725	794
725	796
725	870
725	998
726	171
726	347
726	473
726	555
726	572
726	594
726	627
726	643
726	649
726	658
726	659
726	678
726	691
726	722
726	730
726	761
726	767
726	771
726	776
726	777
726	783
726	978
726	985
727	51
727	271
727	380
727	393
727	549
727	608
727	614
727	623
727	629
727	661
727	668
727	712
727	714
727	725
727	753
727	762
727	764
727	775
727	778
727	785
727	795
727	796
727	866
728	64
728	65
728	104
728	538
728	581
728	606
728	620
728	673
728	681
728	712
728	738
728	739
728	741
728	747
728	749
728	751
728	755
728	760
728	761
728	778
728	780
728	785
728	856
729	87
729	149
729	169
729	356
729	413
729	563
729	570
729	626
729	651
729	661
729	681
729	682
729	699
729	706
729	708
729	733
729	751
729	752
729	755
729	757
729	758
729	789
729	790
729	797
730	238
730	387
730	570
730	571
730	588
730	591
730	601
730	613
730	656
730	675
730	678
730	683
730	706
730	720
730	726
730	754
730	763
730	773
730	775
730	782
730	792
730	798
730	872
730	936
731	479
731	487
731	491
731	544
731	584
731	586
731	612
731	625
731	655
731	676
731	685
731	692
731	693
731	696
731	700
731	732
731	733
731	742
731	744
731	775
731	780
731	795
731	879
731	941
732	188
732	405
732	409
732	519
732	548
732	575
732	610
732	612
732	669
732	686
732	693
732	696
732	712
732	731
732	736
732	742
732	744
732	756
732	762
732	768
732	770
732	796
732	797
732	912
733	242
733	296
733	546
733	575
733	603
733	655
733	658
733	667
733	685
733	686
733	696
733	711
733	721
733	729
733	731
733	738
733	744
733	766
733	772
733	775
733	776
733	937
733	983
733	990
734	275
734	341
734	363
734	541
734	573
734	574
734	636
734	641
734	647
734	656
734	683
734	706
734	742
734	748
734	757
734	763
734	771
734	783
734	786
734	788
734	790
734	792
734	798
734	952
735	159
735	400
735	492
735	543
735	559
735	564
735	574
735	598
735	622
735	669
735	671
735	701
735	706
735	715
735	718
735	746
735	750
735	763
735	765
735	776
735	781
735	785
735	790
735	983
735	999
736	28
736	175
736	531
736	566
736	579
736	597
736	605
736	628
736	650
736	663
736	665
736	681
736	695
736	709
736	710
736	732
736	745
736	748
736	749
736	766
736	773
736	787
736	797
736	862
736	987
737	83
737	124
737	321
737	344
737	473
737	557
737	561
737	569
737	592
737	596
737	657
737	664
737	678
737	690
737	713
737	724
737	725
737	758
737	759
737	760
737	774
737	779
737	784
737	791
737	798
738	175
738	432
738	542
738	556
738	567
738	620
738	638
738	640
738	645
738	649
738	651
738	673
738	684
738	694
738	708
738	712
738	719
738	728
738	733
738	747
738	755
738	758
738	759
738	892
738	933
738	940
739	132
739	324
739	540
739	594
739	597
739	618
739	619
739	673
739	684
739	708
739	712
739	714
739	718
739	719
739	728
739	747
739	748
739	752
739	755
739	780
739	789
739	795
739	797
739	860
739	969
739	999
740	279
740	287
740	437
740	477
740	539
740	546
740	551
740	575
740	612
740	615
740	637
740	638
740	648
740	679
740	684
740	693
740	717
740	742
740	743
740	754
740	768
740	775
740	781
740	789
740	798
740	813
741	163
741	237
741	291
741	434
741	554
741	566
741	581
741	612
741	633
741	650
741	672
741	692
741	708
741	709
741	711
741	728
741	742
741	746
741	749
741	761
741	766
741	773
741	779
741	785
741	787
741	984
742	218
742	594
742	608
742	625
742	629
742	648
742	655
742	662
742	667
742	693
742	731
742	732
742	734
742	740
742	741
742	743
742	752
742	753
742	768
742	780
742	788
742	795
742	902
742	926
742	960
742	971
743	120
743	134
743	334
743	365
743	547
743	562
743	580
743	582
743	594
743	610
743	629
743	632
743	633
743	644
743	662
743	693
743	705
743	710
743	721
743	740
743	742
743	744
743	754
743	775
743	780
743	835
743	894
744	109
744	428
744	468
744	508
744	526
744	553
744	558
744	580
744	636
744	638
744	648
744	653
744	662
744	669
744	685
744	693
744	731
744	732
744	733
744	743
744	747
744	752
744	756
744	768
744	781
744	789
744	790
745	96
745	174
745	291
745	485
745	566
745	596
745	597
745	600
745	604
745	607
745	614
745	616
745	623
745	650
745	665
745	670
745	707
745	711
745	736
745	749
745	759
745	766
745	773
745	778
745	784
745	787
745	791
745	873
746	165
746	244
746	562
746	564
746	565
746	568
746	574
746	613
746	624
746	653
746	659
746	666
746	671
746	692
746	700
746	719
746	735
746	741
746	765
746	771
746	776
746	781
746	790
746	794
746	795
746	977
746	986
746	987
747	75
747	168
747	522
747	589
747	626
747	632
747	681
747	682
747	701
747	708
747	712
747	713
747	718
747	719
747	723
747	728
747	738
747	739
747	744
747	752
747	755
747	760
747	774
747	781
747	790
747	796
747	819
747	924
748	157
748	294
748	415
748	596
748	600
748	619
748	631
748	637
748	669
748	674
748	689
748	702
748	707
748	720
748	724
748	734
748	736
748	739
748	750
748	763
748	771
748	782
748	783
748	786
748	788
748	798
748	814
748	838
749	110
749	170
749	173
749	471
749	500
749	554
749	560
749	577
749	616
749	652
749	663
749	670
749	672
749	692
749	698
749	709
749	711
749	722
749	728
749	736
749	741
749	745
749	755
749	773
749	785
749	787
749	797
749	852
750	220
750	310
750	485
750	539
750	579
750	582
750	601
750	603
750	621
750	628
750	631
750	652
750	656
750	703
750	705
750	711
750	735
750	748
750	756
750	759
750	762
750	763
750	770
750	772
750	782
750	798
750	837
750	917
751	390
751	426
751	476
751	540
751	542
751	556
751	594
751	649
751	677
751	682
751	684
751	687
751	712
751	719
751	722
751	728
751	729
751	752
751	755
751	765
751	779
751	780
751	786
751	789
751	791
751	792
751	808
751	990
752	289
752	293
752	294
752	350
752	437
752	513
752	563
752	576
752	595
752	601
752	604
752	618
752	626
752	632
752	651
752	699
752	719
752	729
752	739
752	742
752	744
752	747
752	751
752	775
752	777
752	778
752	780
752	789
753	149
753	253
753	349
753	575
753	577
753	590
753	604
753	605
753	614
753	661
753	679
753	688
753	689
753	693
753	727
753	742
753	754
753	756
753	758
753	759
753	762
753	778
753	783
753	784
753	785
753	796
753	976
753	978
753	988
754	50
754	89
754	411
754	453
754	526
754	544
754	547
754	551
754	567
754	580
754	585
754	589
754	594
754	610
754	612
754	642
754	653
754	655
754	669
754	686
754	721
754	730
754	740
754	743
754	753
754	768
754	773
754	783
754	797
754	867
755	60
755	86
755	118
755	547
755	556
755	620
755	626
755	634
755	639
755	645
755	673
755	683
755	699
755	708
755	709
755	728
755	729
755	738
755	739
755	747
755	749
755	751
755	761
755	762
755	780
755	789
755	797
755	811
755	945
755	952
756	73
756	159
756	221
756	531
756	558
756	582
756	614
756	619
756	626
756	659
756	683
756	706
756	707
756	732
756	744
756	750
756	753
756	757
756	763
756	771
756	782
756	783
756	786
756	788
756	792
756	793
756	795
756	798
756	875
756	972
757	128
757	139
757	155
757	317
757	371
757	525
757	544
757	553
757	559
757	578
757	619
757	630
757	642
757	660
757	666
757	675
757	676
757	683
757	705
757	720
757	729
757	734
757	756
757	763
757	764
757	768
757	771
757	772
757	782
757	788
758	29
758	41
758	120
758	369
758	401
758	521
758	549
758	587
758	590
758	599
758	603
758	614
758	630
758	667
758	668
758	688
758	689
758	695
758	699
758	707
758	725
758	729
758	737
758	738
758	753
758	759
758	778
758	780
758	785
758	796
759	120
759	159
759	370
759	453
759	552
759	587
759	608
759	615
759	623
759	636
759	661
759	679
759	688
759	701
759	706
759	725
759	737
759	738
759	745
759	750
759	753
759	758
759	762
759	778
759	780
759	782
759	785
759	793
759	796
759	875
759	924
760	295
760	316
760	509
760	583
760	647
760	664
760	667
760	675
760	677
760	686
760	687
760	690
760	694
760	710
760	711
760	714
760	723
760	724
760	728
760	737
760	747
760	762
760	770
760	774
760	779
760	784
760	791
760	796
760	893
760	970
760	1000
761	92
761	141
761	151
761	524
761	560
761	585
761	586
761	595
761	596
761	627
761	634
761	643
761	649
761	650
761	655
761	673
761	676
761	678
761	722
761	726
761	728
761	741
761	755
761	762
761	765
761	767
761	776
761	777
761	778
761	783
761	943
761	998
762	175
762	219
762	293
762	304
762	356
762	488
762	549
762	552
762	577
762	590
762	599
762	615
762	630
762	659
762	688
762	691
762	703
762	727
762	732
762	750
762	753
762	755
762	759
762	760
762	761
762	769
762	774
762	778
762	781
762	785
762	796
762	874
763	93
763	363
763	405
763	408
763	411
763	510
763	553
763	559
763	643
763	672
763	680
763	681
763	689
763	690
763	703
763	720
763	724
763	730
763	734
763	735
763	748
763	750
763	756
763	757
763	771
763	782
763	786
763	792
763	793
763	794
763	798
763	950
764	125
764	238
764	368
764	485
764	527
764	564
764	578
764	610
764	628
764	639
764	646
764	647
764	654
764	665
764	671
764	684
764	694
764	695
764	697
764	700
764	701
764	716
764	727
764	757
764	765
764	777
764	781
764	790
764	792
764	795
764	958
764	967
765	212
765	218
765	286
765	308
765	415
765	455
765	509
765	584
765	591
765	622
765	626
765	628
765	629
765	642
765	673
765	695
765	697
765	701
765	709
765	711
765	735
765	746
765	751
765	761
765	764
765	767
765	768
765	781
765	790
765	793
765	794
765	795
766	172
766	184
766	203
766	480
766	554
766	566
766	579
766	581
766	586
766	597
766	604
766	607
766	616
766	620
766	650
766	653
766	663
766	669
766	670
766	692
766	709
766	717
766	718
766	733
766	736
766	741
766	745
766	769
766	787
766	798
766	940
766	992
766	1000
767	80
767	98
767	151
767	268
767	438
767	494
767	522
767	558
767	559
767	572
767	586
767	598
767	627
767	634
767	635
767	643
767	647
767	649
767	659
767	668
767	678
767	694
767	719
767	722
767	726
767	761
767	765
767	776
767	777
767	783
767	784
767	786
767	794
768	79
768	140
768	546
768	551
768	555
768	575
768	580
768	594
768	648
768	662
768	667
768	671
768	685
768	686
768	689
768	696
768	715
768	717
768	718
768	732
768	740
768	742
768	744
768	754
768	757
768	765
768	793
768	794
768	796
768	822
768	882
768	947
768	975
769	15
769	70
769	228
769	467
769	528
769	561
769	583
769	604
769	640
769	645
769	658
769	662
769	664
769	668
769	677
769	697
769	698
769	704
769	713
769	714
769	717
769	724
769	762
769	766
769	770
769	774
769	779
769	784
769	785
769	791
769	797
769	858
769	1000
770	39
770	82
770	166
770	472
770	555
770	568
770	571
770	658
770	663
770	677
770	690
770	700
770	704
770	710
770	713
770	714
770	724
770	732
770	750
770	760
770	769
770	774
770	779
770	782
770	784
770	788
770	791
770	792
770	797
770	798
770	883
770	929
770	940
771	78
771	153
771	170
771	297
771	479
771	493
771	532
771	571
771	578
771	618
771	644
771	646
771	659
771	667
771	697
771	702
771	707
771	716
771	717
771	720
771	726
771	734
771	746
771	748
771	756
771	757
771	763
771	772
771	782
771	786
771	788
771	792
771	793
771	798
772	168
772	236
772	415
772	520
772	558
772	567
772	571
772	578
772	631
772	657
772	660
772	664
772	667
772	675
772	702
772	706
772	707
772	709
772	720
772	733
772	750
772	757
772	771
772	774
772	779
772	782
772	786
772	788
772	790
772	791
772	792
772	794
772	801
772	826
772	902
773	82
773	358
773	398
773	449
773	450
773	530
773	553
773	579
773	581
773	597
773	604
773	616
773	633
773	650
773	663
773	670
773	672
773	692
773	695
773	709
773	711
773	720
773	730
773	736
773	741
773	745
773	749
773	754
773	775
773	781
773	786
773	787
773	788
773	793
773	944
774	123
774	326
774	377
774	517
774	524
774	534
774	552
774	568
774	601
774	609
774	641
774	655
774	657
774	658
774	664
774	665
774	677
774	698
774	704
774	710
774	723
774	724
774	737
774	747
774	760
774	762
774	769
774	770
774	772
774	779
774	784
774	786
774	792
774	795
774	797
774	951
775	40
775	168
775	411
775	417
775	456
775	500
775	546
775	547
775	548
775	603
775	606
775	610
775	612
775	618
775	625
775	629
775	638
775	642
775	653
775	662
775	663
775	667
775	685
775	696
775	721
775	727
775	730
775	731
775	733
775	740
775	743
775	752
775	773
775	776
775	784
775	785
775	863
776	173
776	393
776	405
776	454
776	550
776	552
776	560
776	572
776	582
776	585
776	586
776	592
776	596
776	602
776	619
776	627
776	634
776	635
776	649
776	676
776	677
776	678
776	694
776	696
776	722
776	726
776	733
776	735
776	746
776	761
776	767
776	775
776	777
776	783
776	789
776	903
776	915
776	978
777	115
777	337
777	389
777	393
777	491
777	549
777	550
777	585
777	592
777	595
777	602
777	605
777	627
777	634
777	635
777	643
777	649
777	659
777	663
777	674
777	676
777	678
777	694
777	713
777	722
777	725
777	726
777	752
777	761
777	764
777	767
777	776
777	783
777	787
777	791
777	792
777	997
777	999
778	129
778	165
778	243
778	283
778	381
778	503
778	549
778	581
778	608
778	614
778	615
778	623
778	630
778	638
778	648
778	661
778	668
778	687
778	688
778	689
778	691
778	712
778	720
778	725
778	727
778	728
778	745
778	752
778	753
778	758
778	759
778	761
778	762
778	785
778	789
778	791
778	796
778	955
779	121
779	273
779	280
779	326
779	426
779	429
779	555
779	557
779	562
779	564
779	568
779	569
779	584
779	609
779	626
779	653
779	657
779	664
779	677
779	685
779	710
779	714
779	723
779	724
779	737
779	741
779	751
779	760
779	769
779	770
779	772
779	774
779	784
779	785
779	791
779	793
779	797
779	847
779	995
780	96
780	354
780	425
780	433
780	474
780	556
780	563
780	564
780	576
780	583
780	589
780	606
780	617
780	618
780	651
780	656
780	671
780	673
780	682
780	684
780	687
780	712
780	719
780	724
780	728
780	731
780	739
780	742
780	743
780	751
780	752
780	755
780	758
780	759
780	789
780	791
780	794
780	823
780	937
780	990
781	163
781	219
781	271
781	279
781	489
781	537
781	573
781	591
781	602
781	622
781	624
781	639
781	641
781	642
781	644
781	666
781	674
781	676
781	696
781	701
781	709
781	715
781	716
781	723
781	735
781	740
781	744
781	746
781	747
781	762
781	764
781	765
781	773
781	790
781	793
781	794
781	795
781	796
781	830
781	922
782	32
782	159
782	264
782	455
782	512
782	532
782	545
782	558
782	567
782	595
782	599
782	600
782	601
782	607
782	622
782	650
782	668
782	675
782	680
782	685
782	686
782	695
782	702
782	703
782	705
782	706
782	730
782	748
782	750
782	756
782	757
782	759
782	763
782	770
782	771
782	772
782	788
782	798
782	851
782	944
783	63
783	117
783	131
783	213
783	463
783	469
783	560
783	572
783	585
783	586
783	592
783	595
783	596
783	602
783	609
783	634
783	635
783	643
783	646
783	659
783	676
783	678
783	685
783	694
783	701
783	724
783	726
783	734
783	748
783	753
783	754
783	756
783	761
783	767
783	776
783	777
783	784
783	789
783	934
783	965
784	55
784	69
784	96
784	347
784	366
784	418
784	555
784	565
784	568
784	609
784	625
784	626
784	630
784	647
784	651
784	690
784	698
784	704
784	705
784	710
784	713
784	715
784	723
784	724
784	737
784	745
784	753
784	760
784	767
784	769
784	770
784	774
784	775
784	779
784	783
784	789
784	791
784	797
784	973
784	977
784	987
785	165
785	168
785	295
785	303
785	403
785	433
785	552
785	569
785	577
785	587
785	590
785	599
785	614
785	623
785	630
785	656
785	658
785	661
785	668
785	679
785	688
785	689
785	710
785	713
785	725
785	727
785	728
785	735
785	741
785	749
785	753
785	758
785	759
785	762
785	769
785	775
785	778
785	779
785	790
785	796
785	869
785	991
786	85
786	270
786	387
786	438
786	503
786	511
786	533
786	542
786	558
786	559
786	582
786	587
786	588
786	597
786	625
786	641
786	643
786	644
786	652
786	660
786	680
786	683
786	693
786	702
786	703
786	705
786	706
786	719
786	734
786	748
786	751
786	756
786	763
786	767
786	771
786	772
786	773
786	774
786	788
786	792
786	992
786	998
787	67
787	113
787	171
787	263
787	445
787	456
787	478
787	520
787	535
787	554
787	563
787	566
787	568
787	579
787	585
787	597
787	604
787	607
787	616
787	621
787	623
787	633
787	651
787	652
787	663
787	665
787	670
787	672
787	692
787	707
787	708
787	709
787	711
787	714
787	724
787	736
787	741
787	745
787	749
787	766
787	773
787	777
787	795
788	169
788	248
788	286
788	484
788	532
788	542
788	558
788	561
788	563
788	575
788	585
788	588
788	601
788	621
788	631
788	636
788	649
788	652
788	660
788	681
788	683
788	707
788	714
788	719
788	720
788	725
788	734
788	742
788	748
788	756
788	757
788	770
788	771
788	772
788	773
788	782
788	786
788	789
788	792
788	798
788	926
788	941
788	960
788	981
789	54
789	62
789	148
789	161
789	208
789	283
789	539
789	542
789	570
789	574
789	576
789	606
789	617
789	620
789	626
789	630
789	635
789	645
789	651
789	681
789	684
789	687
789	690
789	699
789	708
789	712
789	715
789	718
789	729
789	739
789	740
789	744
789	751
789	752
789	755
789	776
789	778
789	780
789	783
789	784
789	788
789	797
789	909
789	966
790	52
790	252
790	301
790	401
790	517
790	527
790	545
790	546
790	550
790	559
790	564
790	573
790	593
790	598
790	609
790	624
790	641
790	642
790	646
790	654
790	660
790	670
790	674
790	691
790	697
790	712
790	716
790	729
790	734
790	735
790	744
790	746
790	747
790	764
790	765
790	772
790	781
790	785
790	793
790	794
790	795
790	798
790	974
790	996
791	262
791	322
791	333
791	396
791	427
791	552
791	557
791	561
791	569
791	583
791	609
791	616
791	647
791	657
791	658
791	664
791	680
791	690
791	696
791	698
791	704
791	705
791	710
791	713
791	714
791	722
791	724
791	737
791	745
791	751
791	760
791	769
791	770
791	772
791	777
791	778
791	779
791	780
791	784
791	794
791	797
791	834
791	919
791	998
792	24
792	160
792	251
792	282
792	422
792	519
792	545
792	567
792	576
792	578
792	600
792	608
792	617
792	621
792	636
792	645
792	652
792	660
792	675
792	683
792	689
792	691
792	702
792	703
792	705
792	707
792	720
792	730
792	734
792	751
792	756
792	763
792	764
792	770
792	771
792	772
792	774
792	777
792	786
792	788
792	793
792	851
792	853
792	887
793	66
793	125
793	156
793	162
793	271
793	293
793	410
793	543
793	545
793	584
793	588
793	593
793	598
793	611
793	613
793	624
793	628
793	639
793	640
793	642
793	646
793	654
793	657
793	674
793	695
793	700
793	715
793	716
793	720
793	756
793	759
793	763
793	765
793	768
793	771
793	773
793	779
793	781
793	790
793	792
793	794
793	795
793	796
793	897
793	974
793	992
794	91
794	106
794	119
794	127
794	167
794	255
794	471
794	476
794	543
794	545
794	550
794	562
794	575
794	578
794	598
794	606
794	611
794	613
794	622
794	624
794	637
794	641
794	642
794	643
794	646
794	662
794	666
794	695
794	697
794	699
794	701
794	709
794	710
794	725
794	746
794	763
794	765
794	767
794	768
794	772
794	780
794	781
794	790
794	791
794	793
794	795
794	902
795	14
795	175
795	182
795	189
795	482
795	491
795	543
795	562
795	564
795	591
795	593
795	606
795	622
795	624
795	637
795	639
795	642
795	654
795	666
795	674
795	679
795	681
795	682
795	686
795	695
795	700
795	701
795	702
795	706
795	711
795	715
795	727
795	731
795	739
795	742
795	746
795	756
795	764
795	765
795	774
795	781
795	787
795	790
795	793
795	794
795	868
795	869
795	909
796	105
796	144
796	315
796	459
796	514
796	518
796	549
796	564
796	577
796	579
796	587
796	590
796	599
796	605
796	608
796	613
796	614
796	615
796	623
796	630
796	661
796	668
796	671
796	673
796	675
796	679
796	687
796	689
796	691
796	708
796	725
796	727
796	732
796	747
796	753
796	758
796	759
796	760
796	762
796	768
796	778
796	781
796	785
796	793
796	798
796	872
796	969
796	989
797	146
797	150
797	285
797	338
797	437
797	496
797	538
797	555
797	561
797	565
797	568
797	569
797	570
797	583
797	587
797	609
797	632
797	647
797	649
797	657
797	664
797	677
797	690
797	701
797	704
797	708
797	710
797	713
797	714
797	723
797	724
797	729
797	732
797	736
797	739
797	749
797	754
797	755
797	769
797	770
797	774
797	779
797	784
797	789
797	791
797	804
797	830
797	994
798	60
798	81
798	88
798	146
798	171
798	174
798	276
798	559
798	565
798	571
798	584
798	586
798	593
798	601
798	609
798	621
798	631
798	636
798	644
798	652
798	655
798	656
798	660
798	670
798	675
798	680
798	703
798	706
798	712
798	720
798	722
798	730
798	734
798	737
798	740
798	748
798	750
798	756
798	763
798	766
798	770
798	771
798	782
798	788
798	790
798	796
798	913
798	973
799	174
799	518
799	880
799	899
799	923
799	932
799	964
799	994
799	995
799	998
800	466
800	570
800	839
800	874
800	895
800	898
800	907
800	959
800	965
800	992
801	481
801	772
801	924
801	927
801	937
801	966
801	975
801	988
801	989
801	997
802	515
802	713
802	929
802	931
802	941
802	950
802	957
802	985
802	988
802	991
803	290
803	714
803	816
803	865
803	880
803	895
803	919
803	939
803	963
803	975
804	217
804	797
804	857
804	863
804	882
804	953
804	968
804	980
804	987
804	999
805	346
805	464
805	820
805	830
805	920
805	942
805	978
805	990
805	995
805	1000
806	200
806	519
806	916
806	921
806	947
806	954
806	960
806	961
806	983
806	996
807	167
807	231
807	855
807	862
807	956
807	980
807	981
807	986
807	991
807	995
808	434
808	751
808	836
808	861
808	885
808	917
808	932
808	941
808	964
808	979
809	103
809	296
809	867
809	884
809	909
809	916
809	955
809	957
809	959
809	986
810	89
810	160
810	825
810	829
810	925
810	929
810	952
810	973
810	981
810	992
811	121
811	755
811	935
811	954
811	962
811	967
811	970
811	974
811	992
811	999
812	451
812	501
812	849
812	863
812	928
812	983
812	988
812	992
812	993
812	994
813	408
813	740
813	898
813	905
813	922
813	932
813	934
813	963
813	979
813	991
814	499
814	748
814	858
814	879
814	937
814	938
814	961
814	984
814	990
814	995
815	410
815	605
815	851
815	867
815	893
815	908
815	917
815	954
815	983
815	992
816	174
816	637
816	803
816	910
816	920
816	933
816	948
816	983
816	996
816	999
817	145
817	522
817	874
817	889
817	915
817	936
817	950
817	954
817	961
817	996
818	238
818	323
818	889
818	896
818	929
818	964
818	975
818	988
818	989
818	997
819	612
819	747
819	882
819	904
819	939
819	940
819	958
819	974
819	988
819	997
820	194
820	250
820	805
820	869
820	930
820	971
820	977
820	980
820	984
820	999
821	68
821	538
821	830
821	888
821	924
821	943
821	975
821	982
821	997
821	1000
822	199
822	768
822	843
822	845
822	960
822	984
822	990
822	993
822	994
822	995
823	430
823	780
823	876
823	898
823	920
823	955
823	961
823	965
823	986
823	994
824	172
824	303
824	827
824	877
824	910
824	925
824	945
824	952
824	967
824	981
825	227
825	507
825	810
825	943
825	949
825	977
825	980
825	987
825	992
825	999
826	228
826	772
826	827
826	882
826	921
826	963
826	965
826	970
826	971
826	994
827	188
827	239
827	824
827	826
827	863
827	936
827	987
827	994
827	998
827	999
828	572
828	600
828	883
828	930
828	940
828	946
828	955
828	965
828	971
828	989
829	227
829	466
829	810
829	859
829	884
829	956
829	958
829	972
829	973
829	977
830	781
830	797
830	805
830	821
830	883
830	904
830	925
830	978
830	985
830	990
830	999
831	486
831	709
831	834
831	836
831	861
831	874
831	949
831	979
831	987
831	997
831	998
832	481
832	521
832	846
832	905
832	915
832	943
832	949
832	960
832	969
832	970
832	979
833	124
833	140
833	254
833	870
833	888
833	911
833	947
833	966
833	985
833	993
833	1000
834	514
834	791
834	831
834	855
834	860
834	925
834	926
834	952
834	958
834	986
834	991
835	269
835	595
835	743
835	889
835	930
835	942
835	943
835	970
835	989
835	996
835	997
836	628
836	641
836	808
836	831
836	839
836	895
836	922
836	931
836	973
836	978
836	982
837	101
837	750
837	885
837	888
837	904
837	938
837	955
837	966
837	973
837	976
837	1000
838	420
838	748
838	854
838	856
838	859
838	971
838	979
838	984
838	990
838	995
838	1000
839	198
839	523
839	800
839	836
839	846
839	906
839	910
839	911
839	960
839	979
839	999
840	256
840	672
840	850
840	900
840	906
840	933
840	935
840	936
840	983
840	988
840	996
841	163
841	599
841	870
841	892
841	943
841	944
841	971
841	974
841	986
841	988
841	989
842	591
842	720
842	872
842	933
842	953
842	969
842	971
842	980
842	992
842	994
842	999
843	382
843	538
843	822
843	853
843	894
843	920
843	955
843	970
843	985
843	995
843	1000
844	117
844	160
844	894
844	913
844	919
844	934
844	962
844	970
844	980
844	987
844	992
845	74
845	75
845	429
845	822
845	947
845	949
845	953
845	959
845	960
845	969
845	987
846	259
846	464
846	696
846	832
846	839
846	864
846	948
846	964
846	969
846	973
846	992
846	998
847	71
847	540
847	779
847	896
847	925
847	950
847	957
847	958
847	967
847	980
847	981
847	991
848	266
848	723
848	934
848	942
848	969
848	970
848	984
848	985
848	990
848	993
848	999
848	1000
849	61
849	137
849	812
849	940
849	941
849	962
849	968
849	973
849	989
849	992
849	994
849	999
850	13
850	296
850	389
850	840
850	868
850	915
850	930
850	936
850	944
850	965
850	972
850	996
851	158
851	782
851	792
851	815
851	930
851	962
851	966
851	968
851	977
851	980
851	992
851	1000
852	140
852	451
852	749
852	897
852	908
852	913
852	926
852	928
852	950
852	958
852	976
852	991
853	511
853	792
853	843
853	884
853	920
853	928
853	948
853	961
853	972
853	983
853	986
853	996
854	166
854	286
854	838
854	856
854	872
854	887
854	923
854	960
854	984
854	990
854	995
854	1000
855	369
855	435
855	807
855	834
855	896
855	902
855	927
855	956
855	966
855	978
855	981
855	993
856	433
856	701
856	728
856	838
856	854
856	887
856	924
856	927
856	946
856	950
856	951
856	1000
857	266
857	491
857	685
857	804
857	861
857	901
857	925
857	956
857	966
857	976
857	981
857	986
858	207
858	503
858	769
858	814
858	879
858	903
858	926
858	963
858	976
858	978
858	986
858	991
859	539
859	610
859	634
859	829
859	838
859	863
859	867
859	903
859	950
859	956
859	974
859	986
859	992
860	39
860	739
860	834
860	924
860	942
860	943
860	957
860	965
860	978
860	982
860	988
860	989
860	997
861	143
861	170
861	488
861	808
861	831
861	857
861	878
861	886
861	953
861	973
861	977
861	995
861	998
862	522
862	736
862	807
862	875
862	901
862	903
862	936
862	945
862	952
862	956
862	974
862	979
862	993
863	458
863	775
863	804
863	812
863	827
863	859
863	872
863	875
863	884
863	898
863	943
863	967
863	994
864	175
864	204
864	429
864	846
864	866
864	897
864	924
864	942
864	970
864	974
864	982
864	997
864	999
865	20
865	187
865	320
865	803
865	878
865	925
865	932
865	945
865	953
865	964
865	993
865	994
865	998
866	108
866	727
866	864
866	877
866	903
866	912
866	927
866	937
866	938
866	941
866	968
866	978
866	1000
867	615
867	664
867	754
867	809
867	815
867	859
867	879
867	884
867	912
867	953
867	962
867	976
867	981
868	147
868	524
868	795
868	850
868	886
868	893
868	923
868	935
868	944
868	968
868	971
868	980
868	999
869	618
869	785
869	795
869	820
869	910
869	948
869	950
869	960
869	963
869	973
869	979
869	994
869	998
870	452
870	654
870	725
870	833
870	841
870	900
870	911
870	940
870	974
870	975
870	982
870	988
870	997
871	339
871	384
871	890
871	912
871	917
871	933
871	937
871	941
871	951
871	952
871	980
871	984
871	995
872	690
872	730
872	796
872	842
872	854
872	863
872	890
872	962
872	967
872	980
872	984
872	991
872	994
873	291
873	423
873	745
873	886
873	907
873	928
873	965
873	971
873	980
873	987
873	992
873	997
873	999
874	373
874	762
874	800
874	817
874	831
874	881
874	886
874	887
874	959
874	963
874	964
874	997
874	998
875	252
875	756
875	759
875	862
875	863
875	903
875	929
875	950
875	956
875	963
875	975
875	986
875	991
875	997
876	377
876	438
876	678
876	823
876	894
876	898
876	931
876	955
876	971
876	982
876	986
876	987
876	992
876	995
877	451
877	691
877	824
877	866
877	903
877	921
877	945
877	946
877	950
877	958
877	976
877	983
877	986
877	991
878	142
878	292
878	485
878	861
878	865
878	889
878	922
878	935
878	953
878	964
878	979
878	981
878	992
878	998
879	419
879	494
879	731
879	814
879	858
879	867
879	906
879	912
879	931
879	950
879	952
879	958
879	976
879	984
880	277
880	516
880	551
880	799
880	803
880	883
880	919
880	955
880	960
880	963
880	977
880	979
880	996
880	998
881	265
881	439
881	499
881	874
881	886
881	895
881	930
881	935
881	940
881	949
881	962
881	989
881	992
881	994
882	453
882	656
882	768
882	804
882	819
882	826
882	897
882	914
882	939
882	988
882	989
882	996
882	997
882	998
883	391
883	770
883	828
883	830
883	880
883	914
883	938
883	939
883	942
883	975
883	982
883	985
883	989
883	997
884	465
884	649
884	809
884	829
884	853
884	863
884	867
884	926
884	929
884	938
884	944
884	957
884	958
884	965
885	11
885	265
885	578
885	808
885	837
885	895
885	900
885	946
885	966
885	981
885	985
885	990
885	995
885	1000
886	193
886	436
886	457
886	861
886	868
886	873
886	874
886	881
886	906
886	940
886	954
886	958
886	965
886	977
886	999
887	521
887	648
887	792
887	854
887	856
887	874
887	948
887	949
887	959
887	960
887	964
887	973
887	991
887	998
887	1000
888	517
888	541
888	706
888	821
888	833
888	837
888	904
888	938
888	939
888	945
888	946
888	985
888	993
888	995
888	998
889	144
889	409
889	470
889	817
889	818
889	835
889	878
889	893
889	911
889	975
889	982
889	985
889	988
889	992
889	997
890	24
890	237
890	517
890	871
890	872
890	895
890	907
890	917
890	921
890	927
890	978
890	984
890	985
890	990
890	993
891	44
891	210
891	296
891	916
891	925
891	946
891	952
891	957
891	958
891	959
891	976
891	977
891	986
891	991
891	1000
892	140
892	483
892	738
892	841
892	901
892	914
892	915
892	926
892	974
892	975
892	979
892	982
892	988
892	989
892	997
893	138
893	503
893	760
893	815
893	868
893	889
893	900
893	908
893	933
893	948
893	954
893	957
893	961
893	985
893	996
894	95
894	603
894	743
894	843
894	844
894	876
894	897
894	905
894	922
894	940
894	967
894	974
894	977
894	992
894	994
895	209
895	369
895	477
895	800
895	803
895	836
895	881
895	885
895	890
895	949
895	952
895	959
895	963
895	973
895	983
896	497
896	635
896	680
896	818
896	847
896	855
896	929
896	938
896	951
896	962
896	978
896	985
896	989
896	990
896	1000
897	583
897	724
897	793
897	852
897	864
897	882
897	894
897	939
897	943
897	954
897	982
897	988
897	992
897	997
897	999
898	9
898	86
898	268
898	800
898	813
898	823
898	863
898	876
898	899
898	909
898	915
898	934
898	955
898	992
898	999
899	150
899	288
899	329
899	799
899	898
899	904
899	907
899	910
899	951
899	952
899	959
899	963
899	969
899	979
899	998
900	178
900	231
900	476
900	840
900	870
900	885
900	893
900	920
900	943
900	944
900	947
900	961
900	983
900	993
900	996
901	225
901	373
901	666
901	857
901	862
901	892
901	919
901	950
901	957
901	958
901	959
901	976
901	981
901	986
901	994
901	1000
902	246
902	742
902	772
902	794
902	855
902	923
902	938
902	946
902	964
902	966
902	974
902	976
902	982
902	993
902	995
902	1000
903	1
903	603
903	776
903	858
903	859
903	862
903	866
903	875
903	877
903	948
903	958
903	966
903	976
903	986
903	991
903	994
904	159
904	242
904	647
904	819
904	830
904	837
904	888
904	899
904	912
904	939
904	970
904	972
904	985
904	988
904	990
904	1000
905	144
905	289
905	641
905	813
905	832
905	894
905	919
905	922
905	932
905	953
905	959
905	973
905	981
905	983
905	993
905	998
906	284
906	413
906	619
906	839
906	840
906	879
906	886
906	928
906	935
906	967
906	974
906	977
906	980
906	982
906	987
906	994
907	71
907	350
907	487
907	800
907	873
907	890
907	899
907	914
907	932
907	938
907	959
907	963
907	969
907	970
907	979
907	998
908	529
908	560
908	712
908	815
908	852
908	893
908	913
908	938
908	948
908	951
908	954
908	961
908	972
908	976
908	979
908	996
909	149
909	207
909	789
909	795
909	809
909	898
909	927
909	937
909	951
909	953
909	970
909	974
909	980
909	984
909	993
909	995
910	132
910	631
910	632
910	816
910	824
910	839
910	869
910	899
910	922
910	963
910	973
910	975
910	976
910	979
910	989
910	998
911	161
911	257
911	536
911	833
911	839
911	870
911	889
911	914
911	937
911	962
911	974
911	975
911	980
911	982
911	988
911	989
912	480
912	515
912	732
912	866
912	867
912	871
912	879
912	904
912	946
912	966
912	970
912	976
912	986
912	987
912	995
912	1000
913	373
913	498
913	499
913	798
913	844
913	852
913	908
913	915
913	917
913	927
913	933
913	972
913	983
913	985
913	990
913	996
914	58
914	148
914	467
914	882
914	883
914	892
914	907
914	911
914	918
914	923
914	935
914	975
914	982
914	985
914	988
914	989
914	997
915	77
915	425
915	526
915	776
915	817
915	832
915	850
915	892
915	898
915	913
915	936
915	944
915	961
915	965
915	972
915	991
915	996
916	122
916	222
916	264
916	648
916	806
916	809
916	891
916	921
916	922
916	926
916	946
916	952
916	958
916	976
916	986
916	991
916	995
917	274
917	280
917	750
917	808
917	815
917	871
917	890
917	913
917	923
917	936
917	947
917	948
917	954
917	972
917	974
917	983
917	988
918	68
918	255
918	403
918	501
918	914
918	935
918	955
918	962
918	968
918	971
918	977
918	985
918	987
918	990
918	993
918	995
918	999
919	128
919	706
919	791
919	803
919	844
919	880
919	901
919	905
919	959
919	967
919	969
919	973
919	979
919	980
919	991
919	998
919	1000
920	49
920	95
920	366
920	535
920	805
920	816
920	823
920	843
920	853
920	900
920	944
920	948
920	954
920	972
920	989
920	996
920	1000
921	117
921	377
921	484
921	513
921	806
921	826
921	877
921	890
921	916
921	930
921	934
921	955
921	961
921	965
921	977
921	980
921	994
922	392
922	606
922	722
922	781
922	813
922	836
922	878
922	894
922	905
922	910
922	916
922	953
922	960
922	967
922	969
922	979
922	987
922	996
923	163
923	319
923	351
923	667
923	799
923	854
923	868
923	902
923	914
923	917
923	934
923	951
923	978
923	982
923	985
923	993
923	995
923	1000
924	460
924	498
924	747
924	759
924	801
924	821
924	856
924	860
924	864
924	925
924	935
924	939
924	966
924	974
924	988
924	989
924	993
924	997
925	428
925	476
925	703
925	713
925	810
925	824
925	830
925	834
925	847
925	857
925	865
925	891
925	924
925	956
925	968
925	976
925	991
925	999
926	448
926	742
926	788
926	834
926	852
926	858
926	884
926	892
926	916
926	930
926	945
926	948
926	952
926	956
926	963
926	972
926	981
926	988
927	104
927	318
927	441
927	801
927	855
927	856
927	866
927	890
927	909
927	913
927	938
927	958
927	969
927	984
927	985
927	998
927	999
927	1000
928	123
928	511
928	711
928	718
928	812
928	852
928	853
928	873
928	906
928	930
928	934
928	948
928	962
928	967
928	981
928	987
928	990
928	992
929	450
929	567
929	770
929	802
929	810
929	818
929	875
929	884
929	896
929	931
929	968
929	969
929	974
929	976
929	981
929	986
929	990
929	991
930	163
930	172
930	498
930	541
930	820
930	828
930	835
930	850
930	851
930	881
930	921
930	926
930	928
930	937
930	964
930	965
930	968
930	999
931	108
931	199
931	596
931	651
931	802
931	836
931	876
931	879
931	929
931	936
931	947
931	956
931	957
931	976
931	978
931	981
931	986
931	991
931	999
932	162
932	346
932	496
932	497
932	799
932	808
932	813
932	865
932	905
932	907
932	945
932	963
932	968
932	969
932	973
932	986
932	994
932	998
932	1000
933	275
933	414
933	595
933	738
933	816
933	840
933	842
933	871
933	893
933	913
933	944
933	947
933	954
933	972
933	979
933	983
933	988
933	996
933	999
934	130
934	307
934	510
934	783
934	813
934	844
934	848
934	898
934	921
934	923
934	928
934	936
934	954
934	965
934	967
934	968
934	971
934	980
934	985
934	994
935	141
935	496
935	531
935	636
935	811
935	840
935	868
935	878
935	881
935	906
935	914
935	918
935	924
935	953
935	961
935	965
935	971
935	980
935	987
935	999
936	492
936	669
936	707
936	730
936	817
936	827
936	840
936	850
936	862
936	915
936	917
936	931
936	934
936	948
936	949
936	954
936	972
936	983
936	996
936	997
937	278
937	644
937	733
937	780
937	801
937	814
937	866
937	871
937	909
937	911
937	930
937	938
937	941
937	950
937	951
937	967
937	970
937	978
937	993
937	999
938	276
938	463
938	582
938	594
938	814
938	837
938	866
938	883
938	884
938	888
938	896
938	902
938	907
938	908
938	927
938	937
938	951
938	963
938	970
938	971
939	44
939	142
939	494
939	504
939	803
939	819
939	882
939	883
939	888
939	897
939	904
939	924
939	943
939	970
939	972
939	974
939	982
939	989
939	995
939	997
940	395
940	738
940	766
940	770
940	819
940	828
940	849
940	870
940	881
940	886
940	894
940	955
940	960
940	964
940	967
940	968
940	986
940	988
940	992
940	999
941	525
941	529
941	731
941	788
941	802
941	808
941	849
941	866
941	871
941	937
941	956
941	962
941	966
941	970
941	978
941	986
941	990
941	993
941	995
941	1000
942	34
942	136
942	169
942	262
942	528
942	805
942	835
942	848
942	860
942	864
942	883
942	943
942	954
942	972
942	974
942	982
942	983
942	988
942	989
942	991
942	997
943	145
943	386
943	613
943	761
943	821
943	825
943	832
943	835
943	841
943	860
943	863
943	897
943	900
943	939
943	942
943	953
943	974
943	975
943	989
943	997
943	1000
944	504
944	703
944	773
944	782
944	841
944	850
944	868
944	884
944	900
944	915
944	920
944	933
944	946
944	947
944	948
944	961
944	971
944	981
944	983
944	990
944	996
945	109
945	437
945	440
945	755
945	824
945	862
945	865
945	877
945	888
945	926
945	932
945	950
945	952
945	956
945	957
945	962
945	981
945	986
945	989
945	994
945	995
946	65
946	147
946	454
946	573
946	828
946	856
946	877
946	885
946	888
946	891
946	902
946	912
946	916
946	944
946	949
946	966
946	978
946	984
946	985
946	986
946	993
947	134
947	374
947	391
947	440
947	768
947	806
947	833
947	845
947	900
947	917
947	931
947	933
947	944
947	954
947	956
947	961
947	972
947	976
947	983
947	984
947	996
947	1000
948	125
948	225
948	490
948	602
948	816
948	846
948	853
948	869
948	887
948	893
948	903
948	908
948	917
948	920
948	926
948	928
948	936
948	944
948	955
948	972
948	983
948	996
949	50
949	151
949	444
949	535
949	703
949	825
949	831
949	832
949	845
949	881
949	887
949	895
949	936
949	946
949	963
949	964
949	965
949	967
949	968
949	969
949	979
949	998
950	172
950	296
950	463
950	763
950	802
950	817
950	847
950	852
950	856
950	859
950	869
950	875
950	877
950	879
950	901
950	937
950	945
950	957
950	971
950	989
950	991
950	994
951	587
951	702
951	719
951	774
951	856
951	871
951	896
951	899
951	908
951	909
951	923
951	937
951	938
951	973
951	978
951	983
951	990
951	991
951	993
951	995
951	998
951	1000
952	482
952	496
952	653
952	734
952	755
952	810
952	824
952	834
952	862
952	871
952	879
952	891
952	895
952	899
952	916
952	926
952	945
952	981
952	991
952	992
952	993
952	996
952	998
953	171
953	472
953	500
953	652
953	656
953	804
953	842
953	845
953	861
953	865
953	867
953	878
953	905
953	909
953	922
953	935
953	943
953	959
953	963
953	964
953	973
953	990
953	998
954	269
954	343
954	442
954	454
954	699
954	806
954	811
954	815
954	817
954	886
954	893
954	897
954	908
954	917
954	920
954	933
954	934
954	936
954	942
954	947
954	961
954	972
954	975
954	996
955	95
955	223
955	340
955	510
955	778
955	809
955	823
955	828
955	837
955	843
955	876
955	880
955	898
955	918
955	921
955	940
955	948
955	971
955	977
955	979
955	987
955	992
955	994
955	995
956	158
956	417
956	444
956	508
956	690
956	807
956	829
956	855
956	857
956	859
956	862
956	875
956	925
956	926
956	931
956	941
956	945
956	947
956	957
956	973
956	975
956	978
956	987
956	997
957	99
957	145
957	223
957	520
957	802
957	809
957	847
957	860
957	884
957	891
957	893
957	901
957	931
957	945
957	950
957	956
957	964
957	976
957	977
957	981
957	985
957	986
957	990
957	1000
958	284
958	388
958	463
958	481
958	764
958	819
958	829
958	834
958	847
958	852
958	877
958	879
958	884
958	886
958	891
958	901
958	903
958	916
958	927
958	969
958	983
958	986
958	991
958	998
959	158
959	432
959	464
959	496
959	723
959	800
959	809
959	845
959	874
959	887
959	891
959	895
959	899
959	901
959	905
959	907
959	919
959	953
959	960
959	961
959	973
959	980
959	996
959	998
959	999
960	310
960	381
960	527
960	742
960	788
960	806
960	822
960	832
960	839
960	845
960	854
960	869
960	880
960	887
960	922
960	940
960	959
960	964
960	967
960	969
960	979
960	992
960	996
960	998
960	1000
961	166
961	177
961	327
961	512
961	615
961	806
961	814
961	817
961	823
961	853
961	893
961	900
961	908
961	915
961	921
961	935
961	944
961	947
961	954
961	959
961	971
961	972
961	977
961	983
961	996
962	56
962	94
962	97
962	262
962	291
962	461
962	811
962	844
962	849
962	851
962	867
962	872
962	881
962	896
962	911
962	918
962	928
962	941
962	945
962	965
962	967
962	968
962	981
962	982
962	987
962	999
963	130
963	158
963	278
963	447
963	539
963	803
963	813
963	826
963	858
963	869
963	874
963	875
963	880
963	895
963	899
963	907
963	910
963	926
963	932
963	938
963	949
963	953
963	968
963	969
963	989
963	997
964	171
964	195
964	340
964	528
964	653
964	715
964	799
964	808
964	818
964	846
964	865
964	874
964	878
964	887
964	902
964	930
964	940
964	949
964	953
964	957
964	960
964	969
964	973
964	981
964	997
964	998
964	1000
965	155
965	172
965	362
965	588
965	783
965	800
965	823
965	826
965	828
965	850
965	860
965	873
965	884
965	886
965	915
965	921
965	930
965	934
965	935
965	949
965	962
965	967
965	977
965	983
965	984
965	992
965	999
966	31
966	75
966	134
966	685
966	789
966	801
966	833
966	837
966	851
966	855
966	857
966	885
966	902
966	903
966	912
966	924
966	941
966	946
966	969
966	972
966	978
966	982
966	984
966	985
966	990
966	993
966	995
967	124
967	232
967	292
967	342
967	721
967	764
967	811
967	824
967	847
967	863
967	872
967	894
967	906
967	919
967	922
967	928
967	934
967	937
967	940
967	949
967	960
967	962
967	965
967	968
967	971
967	978
967	980
967	987
967	994
968	6
968	234
968	249
968	361
968	394
968	535
968	804
968	849
968	851
968	866
968	868
968	918
968	925
968	929
968	930
968	932
968	934
968	940
968	949
968	962
968	963
968	967
968	971
968	977
968	981
968	984
968	987
968	994
968	999
969	147
969	690
969	692
969	696
969	739
969	796
969	832
969	842
969	845
969	846
969	848
969	899
969	907
969	919
969	922
969	927
969	929
969	932
969	949
969	958
969	960
969	963
969	964
969	966
969	973
969	975
969	976
969	994
969	998
970	18
970	210
970	242
970	268
970	428
970	760
970	811
970	826
970	832
970	835
970	843
970	844
970	848
970	864
970	904
970	907
970	909
970	912
970	937
970	938
970	939
970	941
970	978
970	984
970	985
970	987
970	990
970	993
970	995
970	1000
971	160
971	285
971	325
971	642
971	715
971	742
971	820
971	826
971	828
971	838
971	841
971	842
971	868
971	873
971	876
971	918
971	934
971	935
971	938
971	944
971	950
971	955
971	961
971	967
971	968
971	980
971	986
971	990
971	997
971	999
972	150
972	273
972	453
972	462
972	539
972	756
972	829
972	850
972	853
972	904
972	908
972	913
972	915
972	917
972	920
972	926
972	933
972	936
972	939
972	942
972	947
972	948
972	954
972	961
972	966
972	977
972	978
972	983
972	987
972	996
973	19
973	87
973	90
973	601
973	784
973	798
973	810
973	829
973	836
973	837
973	846
973	849
973	861
973	869
973	887
973	895
973	905
973	910
973	919
973	932
973	951
973	953
973	956
973	959
973	964
973	969
973	985
973	987
973	995
973	998
974	45
974	477
974	682
974	700
974	790
974	793
974	811
974	819
974	841
974	859
974	862
974	864
974	870
974	892
974	894
974	902
974	906
974	909
974	911
974	917
974	924
974	929
974	939
974	942
974	943
974	975
974	982
974	988
974	989
974	997
975	167
975	233
975	433
975	617
975	697
975	768
975	801
975	803
975	818
975	821
975	870
975	875
975	883
975	889
975	892
975	910
975	911
975	914
975	943
975	954
975	956
975	969
975	974
975	982
975	983
975	984
975	988
975	989
975	993
975	995
975	997
976	489
976	516
976	536
976	712
976	722
976	753
976	837
976	852
976	857
976	858
976	867
976	877
976	879
976	891
976	901
976	902
976	903
976	908
976	910
976	912
976	916
976	925
976	929
976	931
976	947
976	957
976	969
976	977
976	981
976	991
976	998
977	36
977	153
977	330
977	705
977	746
977	784
977	820
977	825
977	829
977	851
977	861
977	880
977	886
977	891
977	894
977	906
977	918
977	921
977	955
977	957
977	961
977	965
977	968
977	972
977	976
977	982
977	987
977	992
977	994
977	996
977	999
978	157
978	214
978	536
978	726
978	753
978	776
978	805
978	830
978	836
978	855
978	858
978	860
978	866
978	890
978	896
978	923
978	931
978	937
978	941
978	946
978	951
978	956
978	966
978	967
978	970
978	972
978	984
978	985
978	987
978	993
978	997
978	1000
979	409
979	493
979	505
979	578
979	611
979	634
979	808
979	813
979	831
979	832
979	838
979	839
979	862
979	869
979	878
979	880
979	892
979	899
979	907
979	908
979	910
979	919
979	922
979	933
979	949
979	955
979	960
979	987
979	993
979	994
979	996
979	998
980	14
980	34
980	153
980	192
980	540
980	618
980	804
980	807
980	820
980	825
980	842
980	844
980	847
980	851
980	868
980	871
980	872
980	873
980	906
980	909
980	911
980	919
980	921
980	934
980	935
980	959
980	967
980	971
980	984
980	994
980	995
980	999
981	294
981	519
981	525
981	627
981	639
981	662
981	788
981	807
981	810
981	824
981	847
981	855
981	857
981	867
981	878
981	885
981	901
981	905
981	926
981	928
981	929
981	931
981	944
981	945
981	952
981	957
981	962
981	964
981	968
981	976
981	986
981	990
981	991
982	63
982	131
982	141
982	313
982	518
982	521
982	821
982	836
982	860
982	864
982	870
982	876
982	883
982	889
982	892
982	897
982	902
982	906
982	911
982	914
982	923
982	939
982	942
982	962
982	966
982	974
982	975
982	977
982	988
982	989
982	991
982	997
982	998
983	133
983	169
983	322
983	615
983	638
983	733
983	735
983	806
983	812
983	815
983	816
983	840
983	853
983	877
983	895
983	900
983	905
983	913
983	917
983	933
983	936
983	942
983	944
983	947
983	948
983	951
983	958
983	961
983	965
983	972
983	975
983	994
983	996
984	15
984	252
984	267
984	483
984	638
984	688
984	741
984	814
984	820
984	822
984	838
984	848
984	854
984	871
984	872
984	879
984	890
984	909
984	927
984	946
984	947
984	965
984	966
984	968
984	970
984	975
984	978
984	980
984	985
984	987
984	993
984	995
984	996
984	999
984	1000
985	73
985	309
985	420
985	501
985	585
985	720
985	726
985	802
985	830
985	833
985	843
985	848
985	883
985	885
985	888
985	889
985	890
985	893
985	896
985	904
985	913
985	914
985	918
985	923
985	927
985	934
985	946
985	957
985	966
985	970
985	973
985	978
985	984
985	990
985	995
985	1000
986	142
986	460
986	594
986	629
986	660
986	671
986	746
986	807
986	809
986	823
986	834
986	841
986	853
986	857
986	858
986	859
986	875
986	876
986	877
986	891
986	901
986	903
986	912
986	916
986	929
986	931
986	932
986	940
986	941
986	945
986	946
986	957
986	958
986	971
986	981
986	1000
987	116
987	164
987	283
987	422
987	468
987	736
987	746
987	784
987	804
987	825
987	827
987	831
987	844
987	845
987	873
987	876
987	906
987	912
987	918
987	922
987	928
987	935
987	955
987	956
987	962
987	967
987	968
987	970
987	972
987	973
987	977
987	978
987	979
987	984
987	992
987	994
987	999
988	173
988	498
988	503
988	513
988	689
988	724
988	753
988	801
988	802
988	812
988	818
988	819
988	840
988	841
988	860
988	870
988	882
988	889
988	892
988	897
988	904
988	911
988	914
988	917
988	924
988	926
988	933
988	940
988	942
988	974
988	975
988	982
988	989
988	993
988	995
988	996
988	997
989	30
989	205
989	248
989	501
989	529
989	636
989	796
989	801
989	818
989	828
989	835
989	841
989	849
989	860
989	881
989	882
989	883
989	892
989	896
989	910
989	911
989	914
989	920
989	924
989	939
989	942
989	943
989	945
989	950
989	963
989	974
989	975
989	982
989	988
989	990
989	992
989	997
990	38
990	130
990	149
990	272
990	287
990	733
990	751
990	780
990	805
990	814
990	822
990	830
990	838
990	848
990	854
990	885
990	890
990	896
990	904
990	913
990	918
990	928
990	929
990	941
990	944
990	951
990	953
990	957
990	966
990	970
990	971
990	981
990	985
990	989
990	993
990	995
990	997
991	32
991	100
991	152
991	260
991	267
991	284
991	692
991	785
991	802
991	807
991	813
991	834
991	847
991	852
991	858
991	872
991	875
991	877
991	887
991	891
991	903
991	915
991	916
991	919
991	925
991	929
991	931
991	942
991	950
991	951
991	952
991	958
991	976
991	981
991	982
991	996
991	998
991	1000
992	9
992	266
992	524
992	536
992	607
992	766
992	786
992	793
992	800
992	810
992	811
992	812
992	815
992	825
992	842
992	844
992	846
992	849
992	851
992	859
992	873
992	876
992	878
992	881
992	889
992	894
992	897
992	898
992	928
992	940
992	952
992	955
992	960
992	965
992	977
992	987
992	989
992	994
993	85
993	335
993	398
993	402
993	486
993	620
993	680
993	718
993	812
993	822
993	833
993	848
993	855
993	862
993	865
993	888
993	890
993	900
993	902
993	905
993	909
993	918
993	923
993	924
993	937
993	941
993	946
993	951
993	952
993	966
993	970
993	975
993	978
993	979
993	984
993	988
993	990
993	995
993	998
993	1000
994	164
994	257
994	270
994	486
994	495
994	653
994	689
994	797
994	799
994	812
994	822
994	823
994	826
994	827
994	842
994	849
994	863
994	865
994	869
994	872
994	881
994	894
994	901
994	903
994	906
994	921
994	932
994	934
994	945
994	950
994	955
994	967
994	968
994	969
994	977
994	979
994	980
994	983
994	987
994	992
994	996
994	999
995	51
995	232
995	459
995	511
995	514
995	530
995	699
995	779
995	799
995	805
995	807
995	814
995	822
995	838
995	843
995	854
995	861
995	871
995	876
995	885
995	888
995	902
995	909
995	912
995	916
995	918
995	923
995	939
995	941
995	945
995	951
995	955
995	966
995	970
995	973
995	975
995	980
995	984
995	985
995	988
995	990
995	993
995	998
995	1000
996	112
996	141
996	510
996	541
996	554
996	562
996	661
996	716
996	790
996	806
996	816
996	817
996	835
996	840
996	850
996	853
996	880
996	882
996	893
996	900
996	908
996	913
996	915
996	920
996	922
996	933
996	936
996	944
996	947
996	948
996	952
996	954
996	959
996	960
996	961
996	972
996	977
996	979
996	983
996	984
996	988
996	991
996	994
996	998
997	30
997	126
997	197
997	267
997	397
997	539
997	646
997	777
997	801
997	818
997	819
997	821
997	831
997	835
997	860
997	864
997	870
997	873
997	874
997	875
997	882
997	883
997	889
997	892
997	897
997	914
997	924
997	936
997	939
997	942
997	943
997	956
997	963
997	964
997	971
997	974
997	975
997	978
997	982
997	988
997	989
997	990
997	998
997	999
998	143
998	281
998	497
998	538
998	628
998	725
998	761
998	786
998	791
998	799
998	827
998	831
998	846
998	861
998	865
998	869
998	874
998	878
998	880
998	882
998	887
998	888
998	899
998	905
998	907
998	910
998	919
998	927
998	932
998	949
998	951
998	952
998	953
998	958
998	959
998	960
998	964
998	969
998	973
998	976
998	979
998	982
998	991
998	993
998	995
998	996
998	997
999	251
999	360
999	378
999	400
999	537
999	596
999	714
999	735
999	739
999	777
999	804
999	811
999	816
999	820
999	825
999	827
999	830
999	839
999	842
999	848
999	849
999	864
999	868
999	873
999	886
999	897
999	898
999	918
999	925
999	927
999	930
999	931
999	933
999	935
999	937
999	940
999	959
999	962
999	965
999	968
999	971
999	977
999	980
999	984
999	987
999	994
999	997
1000	100
1000	235
1000	444
1000	464
1000	473
1000	598
1000	626
1000	760
1000	766
1000	769
1000	805
1000	821
1000	833
1000	837
1000	838
1000	843
1000	848
1000	851
1000	854
1000	856
1000	866
1000	885
1000	887
1000	891
1000	896
1000	901
1000	902
1000	904
1000	912
1000	919
1000	920
1000	923
1000	927
1000	932
1000	941
1000	943
1000	947
1000	951
1000	957
1000	960
1000	964
1000	970
1000	978
1000	984
1000	985
1000	986
1000	991
1000	993
1000	995
