1	7
1	64
1	76
1	97
1	142
1	151
1	154
1	159
1	163
1	876
2	92
2	114
2	125
2	126
2	143
2	152
2	158
2	171
2	174
2	331
3	27
3	122
3	123
3	135
3	142
3	151
3	159
3	161
3	163
3	304
4	50
4	112
4	130
4	148
4	153
4	156
4	162
4	168
4	175
4	680
5	25
5	69
5	70
5	82
5	108
5	113
5	144
5	155
5	175
5	702
6	73
6	109
6	119
6	136
6	137
6	149
6	154
6	171
6	174
6	878
7	1
7	54
7	71
7	99
7	106
7	141
7	142
7	159
7	163
7	677
8	52
8	70
8	94
8	113
8	123
8	144
8	151
8	159
8	163
8	704
9	52
9	82
9	111
9	116
9	131
9	135
9	145
9	150
9	170
9	942
10	111
10	112
10	115
10	139
10	153
10	159
10	160
10	165
10	168
10	343
11	31
11	55
11	124
11	136
11	138
11	149
11	154
11	171
11	174
11	289
12	90
12	126
12	136
12	144
12	147
12	149
12	164
12	171
12	174
12	418
13	24
13	40
13	63
13	83
13	110
13	131
13	135
13	138
13	150
13	876
14	21
14	83
14	86
14	113
14	114
14	144
14	155
14	158
14	165
14	350
15	57
15	68
15	74
15	99
15	130
15	141
15	143
15	160
15	168
15	910
16	52
16	100
16	110
16	122
16	142
16	151
16	159
16	163
16	164
16	397
17	37
17	66
17	75
17	110
17	119
17	149
17	158
17	171
17	174
17	983
18	56
18	61
18	66
18	99
18	123
18	132
18	135
18	151
18	159
18	163
18	673
19	32
19	33
19	47
19	108
19	113
19	118
19	134
19	144
19	169
19	171
19	943
20	29
20	57
20	79
20	91
20	115
20	138
20	141
20	145
20	150
20	167
20	622
21	14
21	84
21	103
21	124
21	126
21	147
21	158
21	170
21	171
21	174
21	406
22	32
22	37
22	68
22	71
22	107
22	108
22	152
22	154
22	171
22	174
22	528
23	30
23	36
23	73
23	91
23	133
23	141
23	162
23	168
23	170
23	171
23	613
24	13
24	29
24	34
24	58
24	75
24	131
24	135
24	140
24	161
24	164
24	465
25	5
25	64
25	102
25	104
25	108
25	114
25	144
25	145
25	155
25	175
25	261
26	37
26	105
26	116
26	121
26	126
26	127
26	147
26	149
26	171
26	174
26	489
27	3
27	147
27	152
27	154
27	158
27	167
27	171
27	172
27	174
27	537
27	886
28	33
28	98
28	111
28	120
28	141
28	143
28	165
28	166
28	167
28	171
28	172
28	980
29	20
29	24
29	57
29	79
29	91
29	96
29	124
29	135
29	140
29	169
29	665
29	757
30	23
30	43
30	80
30	118
30	141
30	153
30	155
30	160
30	161
30	162
30	168
30	897
31	11
31	66
31	115
31	116
31	120
31	128
31	149
31	157
31	164
31	169
31	306
31	999
32	19
32	22
32	75
32	102
32	105
32	113
32	134
32	144
32	155
32	173
32	175
32	297
33	19
33	28
33	42
33	116
33	126
33	128
33	157
33	165
33	167
33	169
33	173
33	468
34	24
34	54
34	99
34	100
34	123
34	142
34	151
34	159
34	160
34	163
34	755
34	837
35	59
35	77
35	95
35	97
35	114
35	152
35	156
35	165
35	169
35	170
35	175
35	985
36	23
36	53
36	130
36	140
36	148
36	155
36	157
36	160
36	162
36	168
36	269
36	659
37	17
37	22
37	26
37	69
37	76
37	149
37	150
37	154
37	158
37	171
37	174
37	834
38	41
38	84
38	110
38	130
38	133
38	136
38	153
38	156
38	160
38	162
38	168
38	719
39	40
39	49
39	54
39	77
39	138
39	151
39	157
39	167
39	169
39	173
39	175
39	482
40	13
40	39
40	56
40	63
40	82
40	111
40	113
40	119
40	150
40	153
40	155
40	179
41	38
41	76
41	98
41	102
41	105
41	114
41	130
41	134
41	144
41	155
41	174
41	791
42	33
42	46
42	56
42	103
42	121
42	124
42	147
42	152
42	158
42	171
42	174
42	730
43	30
43	71
43	127
43	130
43	133
43	141
43	148
43	152
43	160
43	161
43	168
43	764
44	79
44	89
44	100
44	109
44	111
44	119
44	140
44	150
44	163
44	165
44	167
44	263
45	80
45	87
45	89
45	101
45	136
45	149
45	152
45	154
45	158
45	171
45	174
45	963
46	42
46	52
46	67
46	101
46	107
46	125
46	136
46	158
46	166
46	171
46	174
46	909
47	19
47	70
47	112
47	121
47	132
47	155
47	157
47	165
47	170
47	172
47	173
47	732
48	51
48	58
48	97
48	101
48	120
48	128
48	155
48	161
48	164
48	167
48	175
48	321
49	39
49	79
49	88
49	94
49	108
49	128
49	136
49	157
49	165
49	169
49	175
49	781
50	4
50	90
50	94
50	97
50	123
50	135
50	140
50	151
50	159
50	163
50	292
50	478
51	48
51	122
51	125
51	126
51	136
51	144
51	147
51	152
51	158
51	171
51	174
51	988
52	8
52	9
52	16
52	46
52	94
52	122
52	123
52	142
52	151
52	163
52	173
52	522
53	36
53	58
53	59
53	68
53	106
53	129
53	148
53	153
53	160
53	166
53	168
53	489
54	7
54	34
54	39
54	90
54	99
54	123
54	125
54	128
54	159
54	163
54	172
54	896
55	11
55	61
55	78
55	81
55	137
55	142
55	151
55	154
55	159
55	162
55	163
55	744
56	18
56	40
56	42
56	63
56	91
56	106
56	109
56	118
56	135
56	140
56	145
56	150
56	654
57	15
57	20
57	29
57	63
57	87
57	111
57	119
57	138
57	140
57	145
57	150
57	925
57	927
58	24
58	48
58	53
58	72
58	90
58	119
58	131
58	140
58	145
58	146
58	150
58	328
58	692
59	35
59	53
59	117
59	137
59	144
59	154
59	161
59	165
59	167
59	172
59	173
59	175
59	455
60	83
60	132
60	137
60	146
60	148
60	152
60	161
60	164
60	165
60	166
60	168
60	175
60	376
61	18
61	55
61	81
61	87
61	90
61	94
61	120
61	121
61	122
61	159
61	163
61	167
61	836
62	69
62	96
62	101
62	104
62	107
62	117
62	132
62	134
62	146
62	166
62	170
62	175
62	273
63	13
63	40
63	56
63	57
63	119
63	131
63	135
63	150
63	160
63	164
63	174
63	291
63	880
64	1
64	25
64	128
64	131
64	138
64	146
64	152
64	164
64	165
64	169
64	172
64	173
64	694
65	70
65	86
65	102
65	105
65	109
65	113
65	118
65	128
65	130
65	155
65	162
65	932
65	938
66	17
66	18
66	31
66	69
66	71
66	113
66	138
66	146
66	162
66	164
66	166
66	175
66	976
67	46
67	69
67	143
67	150
67	157
67	160
67	164
67	166
67	170
67	173
67	175
67	293
67	565
68	15
68	22
68	53
68	74
68	106
68	153
68	156
68	160
68	161
68	162
68	168
68	173
68	210
68	761
69	5
69	37
69	62
69	66
69	67
69	121
69	146
69	148
69	152
69	161
69	169
69	173
69	711
69	788
70	5
70	8
70	47
70	65
70	76
70	86
70	118
70	129
70	134
70	144
70	155
70	175
70	550
70	796
71	7
71	22
71	43
71	66
71	96
71	101
71	115
71	129
71	137
71	169
71	173
71	175
71	407
71	741
72	58
72	82
72	89
72	97
72	109
72	117
72	122
72	129
72	131
72	135
72	140
72	150
72	166
72	688
73	6
73	23
73	75
73	94
73	138
73	149
73	152
73	154
73	157
73	158
73	171
73	174
73	216
73	445
74	15
74	68
74	80
74	93
74	137
74	139
74	148
74	160
74	162
74	168
74	172
74	174
74	175
74	883
75	17
75	24
75	32
75	73
75	107
75	118
75	124
75	127
75	147
75	149
75	158
75	171
75	174
75	697
76	1
76	37
76	41
76	70
76	82
76	104
76	105
76	108
76	113
76	114
76	118
76	120
76	666
76	710
77	35
77	39
77	91
77	134
77	143
77	151
77	154
77	156
77	167
77	169
77	170
77	173
77	955
77	995
78	55
78	81
78	90
78	97
78	100
78	123
78	127
78	146
78	151
78	159
78	163
78	171
78	172
78	275
78	512
79	20
79	29
79	44
79	49
79	89
79	91
79	109
79	127
79	131
79	132
79	145
79	150
79	170
79	175
79	547
80	30
80	45
80	74
80	121
80	124
80	125
80	136
80	147
80	152
80	154
80	158
80	166
80	171
80	174
80	254
81	55
81	61
81	78
81	90
81	97
81	122
81	147
81	151
81	159
81	163
81	165
81	167
81	170
81	173
81	274
82	5
82	9
82	40
82	72
82	76
82	89
82	93
82	111
82	128
82	131
82	135
82	140
82	145
82	194
82	447
83	13
83	14
83	60
83	98
83	105
83	107
83	108
83	114
83	118
83	142
83	143
83	144
83	155
83	257
83	962
84	21
84	38
84	106
84	110
84	115
84	126
84	139
84	148
84	153
84	158
84	160
84	162
84	168
84	535
84	695
85	93
85	96
85	100
85	122
85	127
85	129
85	156
85	157
85	159
85	165
85	168
85	170
85	172
85	175
85	921
86	14
86	65
86	70
86	98
86	102
86	105
86	111
86	114
86	118
86	144
86	146
86	155
86	161
86	167
86	171
86	776
87	45
87	57
87	61
87	90
87	138
87	146
87	150
87	157
87	161
87	165
87	166
87	167
87	172
87	173
87	436
87	486
88	49
88	92
88	121
88	122
88	125
88	129
88	136
88	138
88	141
88	142
88	156
88	166
88	167
88	173
88	486
88	574
89	44
89	45
89	72
89	79
89	82
89	91
89	99
89	107
89	108
89	109
89	135
89	140
89	142
89	145
89	150
89	959
90	12
90	50
90	54
90	58
90	61
90	78
90	81
90	87
90	99
90	142
90	151
90	159
90	161
90	163
90	169
90	602
91	20
91	23
91	29
91	56
91	77
91	79
91	89
91	98
91	102
91	111
91	119
91	131
91	140
91	145
91	150
91	162
91	247
92	2
92	88
92	121
92	125
92	127
92	133
92	137
92	138
92	152
92	161
92	164
92	166
92	170
92	172
92	174
92	757
92	932
93	74
93	82
93	85
93	112
93	115
93	117
93	130
93	141
93	148
93	152
93	157
93	160
93	162
93	168
93	173
93	514
93	607
94	8
94	49
94	50
94	52
94	61
94	73
94	97
94	99
94	112
94	120
94	122
94	142
94	151
94	157
94	159
94	163
94	756
95	35
95	101
95	109
95	117
95	127
95	134
95	137
95	160
95	161
95	164
95	166
95	169
95	170
95	171
95	172
95	199
95	844
96	29
96	62
96	71
96	85
96	114
96	130
96	146
96	147
96	157
96	162
96	164
96	166
96	170
96	172
96	175
96	414
96	978
97	1
97	35
97	48
97	50
97	72
97	78
97	81
97	94
97	101
97	122
97	142
97	151
97	155
97	159
97	163
97	536
97	617
98	28
98	41
98	83
98	86
98	91
98	104
98	108
98	114
98	118
98	125
98	134
98	143
98	144
98	155
98	170
98	464
98	753
99	7
99	15
99	18
99	34
99	54
99	89
99	90
99	94
99	122
99	148
99	151
99	153
99	157
99	159
99	163
99	530
99	532
100	16
100	34
100	44
100	78
100	85
100	138
100	146
100	156
100	157
100	161
100	164
100	165
100	168
100	173
100	175
100	524
100	729
101	45
101	46
101	48
101	62
101	71
101	95
101	97
101	112
101	137
101	143
101	148
101	161
101	164
101	165
101	167
101	172
101	294
102	25
102	32
102	41
102	65
102	86
102	91
102	104
102	108
102	113
102	134
102	144
102	155
102	156
102	170
102	173
102	175
102	502
103	21
103	42
103	107
103	126
103	130
103	131
103	134
103	147
103	149
103	152
103	154
103	158
103	159
103	171
103	172
103	174
103	453
103	771
104	25
104	62
104	76
104	98
104	102
104	113
104	114
104	118
104	134
104	144
104	148
104	155
104	163
104	164
104	165
104	169
104	297
104	494
105	26
105	32
105	41
105	65
105	76
105	83
105	86
105	113
105	116
105	118
105	134
105	144
105	145
105	153
105	155
105	157
105	175
105	425
106	7
106	53
106	56
106	68
106	84
106	110
106	115
106	117
106	133
106	141
106	151
106	160
106	162
106	167
106	168
106	173
106	381
106	567
107	22
107	46
107	62
107	75
107	83
107	89
107	103
107	124
107	132
107	147
107	149
107	150
107	152
107	154
107	171
107	174
107	215
107	446
108	5
108	19
108	22
108	25
108	49
108	76
108	83
108	89
108	98
108	102
108	114
108	128
108	134
108	144
108	151
108	155
108	167
108	530
108	774
109	6
109	44
109	56
109	65
109	72
109	79
109	89
109	95
109	111
109	119
109	131
109	135
109	139
109	140
109	145
109	150
109	152
109	173
109	525
110	13
110	16
110	17
110	38
110	84
110	106
110	122
110	133
110	139
110	141
110	148
110	153
110	156
110	160
110	162
110	168
110	173
110	473
110	733
111	9
111	10
111	28
111	40
111	44
111	57
111	82
111	86
111	91
111	109
111	119
111	131
111	134
111	140
111	145
111	150
111	169
111	170
111	450
112	4
112	10
112	47
112	93
112	94
112	101
112	115
112	117
112	133
112	137
112	139
112	145
112	148
112	153
112	160
112	162
112	167
112	168
112	511
112	633
113	5
113	8
113	14
113	19
113	32
113	40
113	65
113	66
113	76
113	102
113	104
113	105
113	118
113	134
113	143
113	155
113	156
113	161
113	370
113	996
114	2
114	14
114	25
114	35
114	41
114	76
114	83
114	86
114	96
114	98
114	104
114	108
114	115
114	123
114	134
114	144
114	155
114	156
114	483
114	746
115	10
115	20
115	31
115	71
115	84
115	93
115	106
115	112
115	114
115	116
115	117
115	133
115	139
115	144
115	153
115	160
115	162
115	168
115	257
115	439
116	9
116	26
116	31
116	33
116	105
116	115
116	129
116	132
116	142
116	156
116	157
116	164
116	167
116	168
116	169
116	170
116	172
116	175
116	267
116	383
117	59
117	62
117	72
117	93
117	95
117	106
117	112
117	115
117	130
117	133
117	139
117	141
117	148
117	152
117	153
117	162
117	164
117	168
117	412
117	951
118	19
118	30
118	56
118	65
118	70
118	75
118	76
118	83
118	86
118	98
118	104
118	105
118	113
118	120
118	134
118	148
118	155
118	166
118	378
118	949
119	6
119	17
119	40
119	44
119	57
119	58
119	63
119	91
119	109
119	111
119	130
119	132
119	135
119	140
119	145
119	150
119	159
119	167
119	299
119	990
120	28
120	31
120	48
120	61
120	76
120	94
120	118
120	127
120	137
120	151
120	156
120	157
120	163
120	165
120	169
120	172
120	173
120	175
120	625
120	955
121	26
121	42
121	47
121	61
121	69
121	80
121	88
121	92
121	124
121	143
121	154
121	161
121	165
121	167
121	169
121	170
121	173
121	175
121	469
121	511
122	3
122	16
122	51
122	52
122	61
122	72
122	81
122	85
122	88
122	94
122	97
122	99
122	110
122	123
122	130
122	142
122	151
122	159
122	163
122	640
122	769
123	3
123	8
123	18
123	34
123	50
123	52
123	54
123	78
123	114
123	122
123	128
123	138
123	139
123	142
123	149
123	151
123	159
123	160
123	163
123	251
123	843
124	11
124	21
124	29
124	42
124	75
124	80
124	107
124	121
124	125
124	126
124	130
124	141
124	149
124	150
124	152
124	154
124	164
124	171
124	174
124	413
124	530
125	2
125	46
125	51
125	54
125	80
125	88
125	92
125	98
125	124
125	126
125	136
125	142
125	147
125	152
125	153
125	154
125	158
125	171
125	173
125	174
125	911
125	991
126	2
126	12
126	21
126	26
126	33
126	51
126	84
126	103
126	124
126	125
126	136
126	152
126	154
126	155
126	156
126	158
126	160
126	165
126	173
126	174
126	731
126	744
127	26
127	43
127	75
127	78
127	79
127	85
127	92
127	95
127	120
127	143
127	156
127	161
127	164
127	166
127	169
127	170
127	171
127	173
127	174
127	175
127	846
127	961
128	31
128	33
128	48
128	49
128	54
128	64
128	65
128	82
128	108
128	123
128	143
128	160
128	164
128	166
128	167
128	169
128	170
128	172
128	173
128	175
128	310
128	429
129	53
129	70
129	71
129	72
129	85
129	88
129	116
129	132
129	139
129	144
129	154
129	157
129	165
129	166
129	167
129	169
129	170
129	172
129	173
129	174
129	175
129	284
129	1000
130	4
130	15
130	36
130	38
130	41
130	43
130	65
130	93
130	96
130	103
130	117
130	119
130	122
130	124
130	139
130	148
130	153
130	160
130	162
130	168
130	787
130	804
130	848
131	9
131	13
131	24
131	58
131	63
131	64
131	72
131	79
131	82
131	91
131	103
131	109
131	111
131	135
131	145
131	150
131	165
131	167
131	171
131	172
131	174
131	538
131	793
132	18
132	47
132	60
132	62
132	79
132	107
132	116
132	119
132	129
132	155
132	156
132	161
132	162
132	163
132	165
132	166
132	169
132	170
132	172
132	173
132	767
132	778
132	996
133	23
133	38
133	43
133	92
133	106
133	110
133	112
133	115
133	117
133	139
133	141
133	142
133	148
133	153
133	154
133	157
133	162
133	164
133	168
133	169
133	172
133	174
133	451
133	932
134	19
134	32
134	41
134	62
134	70
134	77
134	95
134	98
134	102
134	103
134	104
134	105
134	108
134	111
134	113
134	114
134	118
134	144
134	147
134	155
134	160
134	517
134	693
134	912
135	3
135	9
135	13
135	18
135	24
135	29
135	50
135	56
135	63
135	72
135	82
135	89
135	109
135	119
135	131
135	145
135	150
135	163
135	165
135	166
135	171
135	448
135	886
135	938
136	6
136	11
136	12
136	38
136	45
136	46
136	49
136	51
136	80
136	88
136	125
136	126
136	138
136	139
136	147
136	149
136	152
136	161
136	165
136	169
136	171
136	174
136	496
136	528
137	6
137	55
137	59
137	60
137	71
137	74
137	92
137	95
137	101
137	112
137	120
137	139
137	146
137	153
137	156
137	165
137	168
137	169
137	170
137	172
137	173
137	175
137	223
137	583
138	11
138	13
138	20
138	39
138	57
138	64
138	66
138	73
138	87
138	88
138	92
138	100
138	123
138	136
138	143
138	146
138	156
138	161
138	165
138	167
138	170
138	172
138	173
138	363
138	968
139	10
139	74
139	84
139	109
139	110
139	112
139	115
139	117
139	123
139	129
139	130
139	133
139	136
139	137
139	141
139	148
139	153
139	154
139	160
139	162
139	165
139	168
139	295
139	814
139	911
140	24
140	29
140	36
140	44
140	50
140	56
140	57
140	58
140	72
140	82
140	89
140	91
140	109
140	111
140	119
140	141
140	145
140	148
140	150
140	157
140	165
140	170
140	173
140	227
140	392
140	864
141	7
141	15
141	20
141	23
141	28
141	30
141	43
141	88
141	93
141	106
141	110
141	117
141	124
141	133
141	139
141	140
141	148
141	153
141	158
141	159
141	160
141	162
141	168
141	538
141	780
141	882
142	1
142	3
142	7
142	16
142	34
142	52
142	55
142	83
142	88
142	89
142	90
142	94
142	97
142	116
142	122
142	123
142	125
142	133
142	151
142	158
142	159
142	163
142	169
142	352
142	818
142	956
143	2
143	15
143	28
143	67
143	77
143	83
143	98
143	101
143	113
143	121
143	127
143	128
143	138
143	146
143	147
143	149
143	159
143	165
143	166
143	167
143	169
143	170
143	172
143	173
143	175
143	435
143	897
144	5
144	8
144	12
144	14
144	19
144	25
144	32
144	41
144	51
144	59
144	70
144	83
144	86
144	98
144	102
144	104
144	105
144	108
144	114
144	115
144	129
144	134
144	155
144	157
144	162
144	594
144	761
144	842
145	9
145	20
145	25
145	56
145	57
145	58
145	79
145	82
145	89
145	91
145	105
145	109
145	111
145	112
145	119
145	131
145	135
145	140
145	147
145	150
145	151
145	164
145	166
145	170
145	173
145	641
145	820
145	936
146	58
146	60
146	62
146	64
146	66
146	69
146	78
146	86
146	87
146	96
146	100
146	137
146	138
146	143
146	147
146	153
146	154
146	156
146	160
146	161
146	163
146	164
146	169
146	170
146	175
146	431
146	479
146	775
147	12
147	21
147	26
147	27
147	42
147	51
147	75
147	80
147	81
147	96
147	103
147	107
147	125
147	134
147	136
147	143
147	145
147	146
147	149
147	152
147	154
147	158
147	168
147	169
147	171
147	174
147	501
147	586
147	795
148	4
148	36
148	43
148	53
148	60
148	69
148	74
148	84
148	93
148	99
148	101
148	104
148	110
148	112
148	117
148	118
148	130
148	133
148	139
148	140
148	141
148	153
148	159
148	160
148	162
148	168
148	290
148	345
148	999
149	6
149	11
149	12
149	17
149	26
149	31
149	37
149	45
149	73
149	75
149	103
149	107
149	123
149	124
149	136
149	143
149	147
149	152
149	153
149	154
149	155
149	158
149	166
149	169
149	170
149	171
149	172
149	174
149	288
149	349
149	390
150	9
150	13
150	20
150	37
150	40
150	44
150	56
150	57
150	58
150	63
150	67
150	72
150	79
150	87
150	89
150	91
150	107
150	109
150	111
150	119
150	124
150	131
150	135
150	140
150	145
150	153
150	167
150	169
150	172
150	648
150	975
150	980
151	1
151	3
151	8
151	16
151	18
151	34
151	39
151	50
151	52
151	55
151	77
151	78
151	81
151	90
151	94
151	97
151	99
151	106
151	108
151	120
151	122
151	123
151	142
151	145
151	159
151	163
151	164
151	171
151	172
151	250
151	259
151	990
152	2
152	22
152	27
152	35
152	42
152	43
152	45
152	51
152	60
152	64
152	69
152	73
152	80
152	92
152	93
152	103
152	107
152	109
152	117
152	124
152	125
152	126
152	136
152	147
152	149
152	154
152	158
152	170
152	171
152	174
152	646
152	916
152	993
153	4
153	10
153	30
153	38
153	40
153	53
153	68
153	84
153	99
153	105
153	110
153	112
153	115
153	117
153	125
153	130
153	133
153	137
153	139
153	141
153	146
153	148
153	149
153	150
153	160
153	162
153	168
153	173
153	174
153	387
153	541
153	923
153	945
154	1
154	6
154	11
154	22
154	27
154	37
154	45
154	55
154	59
154	73
154	77
154	80
154	103
154	107
154	121
154	124
154	125
154	126
154	129
154	133
154	139
154	146
154	147
154	149
154	152
154	158
154	170
154	171
154	174
154	238
154	301
154	978
154	992
155	5
155	14
155	25
155	30
155	32
155	36
155	40
155	41
155	47
155	48
155	65
155	70
155	83
155	86
155	97
155	98
155	102
155	104
155	105
155	108
155	113
155	114
155	118
155	126
155	132
155	134
155	144
155	149
155	175
155	226
155	338
155	488
155	571
156	4
156	35
156	38
156	68
156	77
156	85
156	88
156	100
156	102
156	110
156	113
156	114
156	116
156	120
156	126
156	127
156	132
156	137
156	138
156	146
156	159
156	161
156	164
156	165
156	166
156	167
156	168
156	169
156	170
156	172
156	173
156	480
156	854
156	870
156	998
157	31
157	33
157	36
157	39
157	47
157	49
157	67
157	73
157	85
157	87
157	93
157	94
157	96
157	99
157	100
157	105
157	116
157	120
157	129
157	133
157	140
157	144
157	158
157	161
157	164
157	166
157	167
157	169
157	170
157	172
157	173
157	174
157	175
157	561
157	724
157	986
158	2
158	14
158	17
158	21
158	27
158	37
158	42
158	45
158	46
158	51
158	73
158	75
158	80
158	84
158	103
158	125
158	126
158	141
158	142
158	147
158	149
158	152
158	154
158	157
158	159
158	162
158	163
158	165
158	166
158	171
158	174
158	175
158	222
158	477
158	497
158	642
159	1
159	3
159	7
159	8
159	10
159	16
159	18
159	34
159	50
159	54
159	55
159	61
159	78
159	81
159	85
159	90
159	94
159	97
159	99
159	103
159	119
159	122
159	123
159	141
159	142
159	143
159	148
159	151
159	156
159	158
159	161
159	163
159	167
159	415
159	451
159	657
159	789
160	10
160	15
160	30
160	34
160	36
160	38
160	43
160	53
160	63
160	67
160	68
160	74
160	84
160	93
160	95
160	106
160	110
160	112
160	115
160	123
160	126
160	128
160	130
160	134
160	139
160	141
160	146
160	148
160	153
160	162
160	166
160	168
160	169
160	493
160	564
160	750
160	982
161	3
161	24
161	30
161	43
161	48
161	59
161	60
161	68
161	69
161	86
161	87
161	90
161	92
161	95
161	100
161	101
161	113
161	121
161	127
161	132
161	136
161	138
161	146
161	156
161	157
161	159
161	164
161	165
161	166
161	167
161	170
161	171
161	172
161	175
161	526
161	533
161	866
161	916
162	4
162	23
162	30
162	36
162	38
162	55
162	65
162	66
162	68
162	74
162	84
162	91
162	93
162	96
162	106
162	110
162	112
162	115
162	117
162	130
162	132
162	133
162	139
162	141
162	144
162	148
162	153
162	158
162	160
162	168
162	171
162	172
162	174
162	175
162	446
162	703
162	923
162	970
163	1
163	3
163	7
163	8
163	16
163	18
163	34
163	44
163	50
163	52
163	54
163	55
163	61
163	78
163	81
163	90
163	94
163	97
163	99
163	104
163	120
163	122
163	123
163	132
163	135
163	142
163	146
163	151
163	158
163	159
163	164
163	168
163	172
163	175
163	180
163	781
163	955
163	961
164	12
164	16
164	24
164	31
164	48
164	60
164	63
164	64
164	66
164	67
164	92
164	95
164	96
164	100
164	101
164	104
164	116
164	117
164	124
164	127
164	128
164	133
164	145
164	146
164	151
164	156
164	157
164	161
164	163
164	166
164	167
164	168
164	170
164	172
164	173
164	387
164	508
164	714
164	848
165	10
165	14
165	28
165	33
165	35
165	44
165	47
165	49
165	59
165	60
165	64
165	81
165	85
165	87
165	100
165	101
165	104
165	120
165	121
165	126
165	129
165	131
165	132
165	135
165	136
165	137
165	138
165	139
165	140
165	143
165	156
165	158
165	161
165	167
165	172
165	173
165	660
165	730
165	929
165	996
166	28
166	46
166	53
166	60
166	62
166	66
166	67
166	72
166	80
166	87
166	88
166	92
166	95
166	96
166	118
166	127
166	128
166	129
166	132
166	135
166	143
166	145
166	149
166	156
166	157
166	158
166	160
166	161
166	164
166	167
166	168
166	169
166	170
166	172
166	173
166	174
166	608
166	630
166	749
166	997
167	20
167	27
167	28
167	33
167	39
167	44
167	48
167	59
167	61
167	77
167	81
167	86
167	87
167	88
167	101
167	106
167	108
167	112
167	116
167	119
167	121
167	128
167	129
167	131
167	138
167	143
167	150
167	156
167	157
167	159
167	161
167	164
167	165
167	166
167	169
167	170
167	172
167	173
167	175
167	295
167	621
167	705
167	986
168	4
168	10
168	15
168	23
168	30
168	36
168	38
168	43
168	53
168	60
168	68
168	74
168	84
168	85
168	93
168	100
168	106
168	110
168	112
168	115
168	116
168	117
168	130
168	133
168	137
168	139
168	141
168	147
168	148
168	153
168	156
168	160
168	162
168	163
168	164
168	166
168	169
168	170
168	288
168	493
168	831
168	981
168	988
169	19
169	29
169	31
169	33
169	35
169	39
169	49
169	64
169	69
169	71
169	77
169	90
169	95
169	104
169	111
169	116
169	120
169	121
169	127
169	128
169	129
169	132
169	133
169	136
169	137
169	142
169	143
169	146
169	147
169	149
169	150
169	156
169	157
169	160
169	166
169	167
169	168
169	170
169	172
169	175
169	220
169	270
169	509
169	779
169	935
170	9
170	21
170	23
170	35
170	47
170	62
170	67
170	77
170	79
170	81
170	85
170	92
170	95
170	96
170	98
170	102
170	111
170	116
170	121
170	127
170	128
170	129
170	132
170	137
170	138
170	140
170	143
170	145
170	146
170	149
170	152
170	154
170	156
170	157
170	161
170	164
170	166
170	167
170	168
170	169
170	172
170	173
170	499
170	535
170	891
170	920
171	2
171	6
171	11
171	12
171	17
171	19
171	21
171	22
171	23
171	26
171	27
171	28
171	37
171	42
171	45
171	46
171	51
171	73
171	75
171	78
171	80
171	86
171	95
171	103
171	107
171	124
171	125
171	127
171	131
171	135
171	136
171	147
171	149
171	151
171	152
171	154
171	158
171	161
171	162
171	172
171	174
171	287
171	308
171	366
171	405
171	912
172	27
172	28
172	47
172	54
172	59
172	64
172	74
172	78
172	85
172	87
172	92
172	95
172	96
172	101
172	103
172	116
172	120
172	128
172	129
172	131
172	132
172	133
172	137
172	138
172	143
172	149
172	150
172	151
172	156
172	157
172	161
172	162
172	163
172	164
172	165
172	166
172	167
172	169
172	170
172	171
172	174
172	175
172	556
172	749
172	902
172	987
172	990
173	32
173	33
173	39
173	47
173	52
173	59
173	64
173	67
173	68
173	69
173	71
173	77
173	81
173	87
173	88
173	93
173	100
173	102
173	106
173	109
173	110
173	120
173	121
173	125
173	126
173	127
173	128
173	129
173	132
173	137
173	138
173	140
173	143
173	145
173	153
173	156
173	157
173	164
173	165
173	166
173	167
173	170
173	175
173	353
173	717
173	765
173	993
174	2
174	6
174	11
174	12
174	17
174	21
174	22
174	26
174	27
174	37
174	41
174	42
174	45
174	46
174	51
174	63
174	73
174	74
174	75
174	80
174	92
174	103
174	107
174	124
174	125
174	126
174	127
174	129
174	131
174	133
174	136
174	147
174	149
174	152
174	153
174	154
174	157
174	158
174	162
174	166
174	171
174	172
174	175
174	539
174	739
174	740
174	773
175	4
175	5
175	25
175	32
175	35
175	39
175	48
175	49
175	59
175	60
175	62
175	66
175	67
175	70
175	71
175	74
175	79
175	85
175	96
175	100
175	102
175	105
175	116
175	120
175	121
175	127
175	128
175	129
175	137
175	143
175	146
175	155
175	157
175	158
175	161
175	162
175	163
175	167
175	169
175	172
175	173
175	174
175	203
175	515
175	688
175	797
175	970
176	178
176	223
176	255
176	262
176	273
176	281
176	282
176	286
176	293
176	786
177	193
177	235
177	237
177	253
177	260
177	262
177	263
177	289
177	296
177	750
178	176
178	191
178	205
178	267
178	271
178	287
178	289
178	296
178	297
178	771
179	40
179	202
179	265
179	268
179	277
179	280
179	289
179	290
179	291
180	163
180	190
180	191
180	212
180	230
180	247
180	278
180	282
180	286
180	289
181	185
181	213
181	216
181	217
181	238
181	273
181	279
181	281
181	296
181	765
182	196
182	213
182	237
182	238
182	242
182	288
182	290
182	291
182	294
182	520
183	217
183	233
183	243
183	249
183	256
183	257
183	282
183	288
183	289
183	300
184	225
184	264
184	273
184	274
184	279
184	282
184	289
184	293
184	295
184	986
185	181
185	188
185	202
185	221
185	281
185	284
185	286
185	287
185	292
185	560
186	231
186	242
186	262
186	264
186	266
186	268
186	283
186	284
186	288
186	371
187	242
187	245
187	248
187	270
187	275
187	278
187	284
187	286
187	292
187	645
188	185
188	235
188	237
188	267
188	272
188	273
188	279
188	293
188	297
188	319
189	228
189	238
189	252
189	260
189	264
189	269
189	277
189	287
189	291
189	292
189	370
190	180
190	198
190	203
190	207
190	235
190	237
190	258
190	259
190	262
190	270
190	954
191	178
191	180
191	206
191	224
191	291
191	292
191	293
191	294
191	295
191	296
191	803
192	230
192	232
192	255
192	260
192	261
192	279
192	290
192	293
192	294
192	296
192	857
193	177
193	206
193	210
193	253
193	282
193	289
193	290
193	293
193	296
193	297
193	979
194	82
194	202
194	265
194	272
194	276
194	280
194	284
194	285
194	293
194	295
194	847
195	210
195	220
195	239
195	241
195	253
195	261
195	285
195	287
195	289
195	293
195	673
196	182
196	205
196	221
196	240
196	246
196	263
196	265
196	276
196	282
196	286
196	554
197	200
197	207
197	220
197	224
197	249
197	250
197	270
197	278
197	293
197	296
197	838
198	190
198	238
198	252
198	271
198	274
198	279
198	281
198	287
198	289
198	296
198	762
199	95
199	205
199	221
199	234
199	254
199	262
199	274
199	291
199	293
199	294
199	297
200	197
200	241
200	246
200	249
200	275
200	276
200	278
200	284
200	288
200	290
200	798
201	229
201	246
201	247
201	249
201	251
201	266
201	268
201	269
201	270
201	288
201	992
202	179
202	185
202	194
202	222
202	253
202	259
202	267
202	271
202	285
202	287
202	558
203	175
203	190
203	216
203	225
203	228
203	237
203	258
203	259
203	273
203	289
203	520
204	222
204	232
204	270
204	272
204	277
204	285
204	287
204	290
204	291
204	292
204	433
205	178
205	196
205	199
205	237
205	255
205	260
205	261
205	287
205	291
205	293
205	296
205	519
206	191
206	193
206	220
206	265
206	270
206	271
206	275
206	280
206	283
206	289
206	295
206	919
207	190
207	197
207	225
207	242
207	274
207	277
207	281
207	283
207	289
207	294
207	297
207	725
208	214
208	226
208	239
208	260
208	267
208	269
208	279
208	280
208	281
208	287
208	296
208	411
209	216
209	219
209	250
209	269
209	271
209	273
209	274
209	279
209	290
209	294
209	295
209	356
210	68
210	193
210	195
210	236
210	269
210	273
210	275
210	286
210	289
210	290
210	291
210	292
211	228
211	236
211	244
211	260
211	262
211	279
211	281
211	285
211	289
211	292
211	296
211	966
212	180
212	239
212	241
212	263
212	266
212	283
212	286
212	292
212	293
212	296
212	297
212	928
213	181
213	182
213	226
213	256
213	260
213	262
213	267
213	271
213	279
213	287
213	295
213	296
213	991
214	208
214	244
214	251
214	263
214	280
214	281
214	282
214	283
214	285
214	286
214	294
214	297
214	354
215	107
215	240
215	245
215	249
215	254
215	264
215	268
215	272
215	275
215	276
215	278
215	288
215	291
216	73
216	181
216	203
216	209
216	219
216	226
216	245
216	261
216	276
216	280
216	289
216	294
216	632
217	181
217	183
217	243
217	248
217	249
217	251
217	256
217	274
217	278
217	280
217	284
217	288
217	295
217	872
218	224
218	250
218	251
218	256
218	266
218	269
218	270
218	275
218	276
218	282
218	284
218	288
218	290
218	966
219	209
219	216
219	232
219	234
219	250
219	262
219	264
219	265
219	277
219	284
219	293
219	295
219	297
219	742
220	169
220	195
220	197
220	206
220	223
220	228
220	232
220	239
220	257
220	258
220	261
220	262
220	294
220	296
221	185
221	196
221	199
221	223
221	239
221	241
221	252
221	259
221	279
221	281
221	284
221	285
221	579
221	860
222	158
222	202
222	204
222	235
222	243
222	255
222	284
222	286
222	291
222	292
222	293
222	294
222	295
222	482
223	137
223	176
223	220
223	221
223	235
223	244
223	267
223	273
223	276
223	287
223	288
223	294
223	296
223	760
224	191
224	197
224	218
224	246
224	247
224	259
224	266
224	268
224	275
224	278
224	282
224	288
224	604
224	979
225	184
225	203
225	207
225	237
225	271
225	282
225	283
225	287
225	289
225	293
225	294
225	295
225	297
225	454
225	559
226	155
226	208
226	213
226	216
226	230
226	239
226	250
226	272
226	283
226	286
226	290
226	292
226	294
226	297
226	513
227	140
227	243
227	245
227	251
227	255
227	257
227	266
227	268
227	270
227	272
227	275
227	278
227	284
227	291
227	487
228	189
228	203
228	211
228	220
228	236
228	255
228	261
228	271
228	272
228	285
228	290
228	292
228	296
228	297
228	462
229	201
229	246
229	249
229	263
229	269
229	270
229	271
229	274
229	282
229	283
229	291
229	292
229	293
229	297
229	502
230	180
230	192
230	226
230	234
230	235
230	253
230	261
230	262
230	265
230	279
230	281
230	287
230	292
230	296
230	327
230	795
231	186
231	233
231	250
231	254
231	256
231	257
231	266
231	272
231	278
231	280
231	281
231	283
231	284
231	288
231	294
231	467
232	192
232	204
232	219
232	220
232	237
232	239
232	255
232	261
232	281
232	283
232	285
232	287
232	293
232	294
232	296
232	432
233	183
233	231
233	245
233	254
233	266
233	268
233	269
233	270
233	275
233	276
233	283
233	284
233	285
233	288
233	295
233	521
234	199
234	219
234	230
234	247
234	253
234	257
234	265
234	277
234	280
234	282
234	284
234	289
234	291
234	294
234	509
234	745
235	177
235	188
235	190
235	222
235	223
235	230
235	259
235	271
235	273
235	275
235	278
235	285
235	296
235	297
235	661
235	967
236	210
236	211
236	228
236	248
236	249
236	259
236	260
236	262
236	273
236	278
236	281
236	285
236	287
236	297
236	317
236	707
237	177
237	182
237	188
237	190
237	203
237	205
237	225
237	232
237	246
237	260
237	273
237	274
237	281
237	282
237	285
237	994
238	154
238	181
238	182
238	189
238	198
238	242
238	255
238	265
238	270
238	274
238	282
238	286
238	293
238	294
238	296
238	297
239	195
239	208
239	212
239	220
239	221
239	226
239	232
239	258
239	261
239	267
239	290
239	293
239	294
239	296
239	599
239	997
240	196
240	215
240	244
240	251
240	269
240	272
240	274
240	275
240	276
240	286
240	287
240	288
240	293
240	294
240	295
240	741
241	195
241	200
241	212
241	221
241	243
241	267
241	271
241	273
241	279
241	281
241	285
241	287
241	289
241	295
241	296
241	762
242	182
242	186
242	187
242	207
242	238
242	247
242	258
242	263
242	267
242	271
242	276
242	280
242	282
242	290
242	292
242	297
242	572
243	183
243	217
243	222
243	227
243	241
243	256
243	263
243	274
243	280
243	283
243	286
243	289
243	290
243	294
243	295
243	297
243	670
244	211
244	214
244	223
244	240
244	254
244	268
244	269
244	272
244	277
244	288
244	290
244	291
244	292
244	294
244	296
244	297
244	504
245	187
245	215
245	216
245	227
245	233
245	248
245	249
245	254
245	257
245	264
245	277
245	288
245	290
245	292
245	293
245	685
245	903
246	196
246	200
246	201
246	224
246	229
246	237
246	257
246	264
246	266
246	267
246	270
246	278
246	284
246	288
246	291
246	297
246	529
247	91
247	180
247	201
247	224
247	234
247	242
247	262
247	274
247	280
247	285
247	288
247	289
247	290
247	291
247	293
247	295
247	297
247	545
248	187
248	217
248	236
248	245
248	249
248	254
248	264
248	268
248	275
248	278
248	281
248	284
248	285
248	288
248	291
248	294
248	498
248	946
249	183
249	197
249	200
249	201
249	215
249	217
249	229
249	236
249	245
249	248
249	263
249	264
249	268
249	284
249	285
249	288
249	291
249	292
249	779
250	151
250	197
250	209
250	218
250	219
250	226
250	231
250	251
250	256
250	257
250	263
250	264
250	266
250	275
250	278
250	282
250	284
250	291
250	471
251	123
251	201
251	214
251	217
251	218
251	227
251	240
251	250
251	256
251	266
251	270
251	275
251	278
251	283
251	284
251	290
251	292
251	297
251	661
252	189
252	198
252	221
252	265
252	266
252	275
252	276
252	277
252	278
252	282
252	283
252	287
252	290
252	292
252	294
252	295
252	297
252	481
252	563
253	177
253	193
253	195
253	202
253	230
253	234
253	271
253	273
253	277
253	279
253	281
253	283
253	285
253	287
253	293
253	296
253	297
253	417
253	776
254	80
254	199
254	215
254	231
254	233
254	244
254	245
254	248
254	257
254	264
254	266
254	268
254	270
254	272
254	275
254	277
254	282
254	284
254	526
255	176
255	192
255	205
255	222
255	227
255	228
255	232
255	238
255	259
255	267
255	279
255	281
255	285
255	287
255	290
255	293
255	295
255	296
255	713
255	781
256	183
256	213
256	217
256	218
256	231
256	243
256	250
256	251
256	257
256	268
256	270
256	273
256	277
256	278
256	280
256	282
256	284
256	288
256	540
256	789
257	83
257	115
257	183
257	220
257	227
257	231
257	234
257	245
257	246
257	250
257	254
257	256
257	264
257	265
257	266
257	276
257	278
257	281
257	286
257	288
257	296
258	190
258	203
258	220
258	239
258	242
258	260
258	261
258	262
258	265
258	271
258	273
258	278
258	279
258	280
258	281
258	282
258	286
258	287
258	296
258	457
258	470
259	151
259	190
259	202
259	203
259	221
259	224
259	235
259	236
259	255
259	265
259	273
259	276
259	281
259	283
259	285
259	287
259	291
259	292
259	295
259	296
259	773
260	177
260	189
260	192
260	205
260	208
260	211
260	213
260	236
260	237
260	258
260	264
260	267
260	279
260	280
260	281
260	282
260	287
260	288
260	291
260	679
260	772
260	984
261	25
261	192
261	195
261	205
261	216
261	220
261	228
261	230
261	232
261	239
261	258
261	262
261	265
261	271
261	273
261	285
261	286
261	290
261	294
261	295
261	297
261	544
262	176
262	177
262	186
262	190
262	199
262	211
262	213
262	219
262	220
262	230
262	236
262	247
262	258
262	261
262	267
262	269
262	272
262	279
262	285
262	294
262	296
262	793
262	924
263	44
263	177
263	196
263	212
263	214
263	229
263	242
263	243
263	249
263	250
263	276
263	277
263	279
263	284
263	285
263	286
263	287
263	290
263	291
263	292
263	293
263	533
263	584
264	184
264	186
264	189
264	215
264	219
264	245
264	246
264	248
264	249
264	250
264	254
264	257
264	260
264	268
264	269
264	270
264	275
264	278
264	286
264	288
264	297
264	784
264	979
265	179
265	194
265	196
265	206
265	219
265	230
265	234
265	238
265	252
265	257
265	258
265	259
265	261
265	272
265	273
265	279
265	283
265	286
265	289
265	290
265	293
265	295
265	787
265	969
266	186
266	201
266	212
266	218
266	224
266	227
266	231
266	233
266	246
266	250
266	251
266	252
266	254
266	257
266	268
266	269
266	283
266	284
266	286
266	288
266	295
266	297
266	587
266	705
267	116
267	178
267	188
267	202
267	208
267	213
267	223
267	239
267	241
267	242
267	246
267	255
267	260
267	262
267	273
267	274
267	278
267	285
267	286
267	287
267	291
267	294
267	296
267	507
268	179
268	186
268	201
268	215
268	224
268	227
268	233
268	244
268	248
268	249
268	254
268	256
268	264
268	266
268	274
268	277
268	284
268	286
268	287
268	288
268	292
268	295
268	413
268	748
269	36
269	189
269	201
269	208
269	209
269	210
269	218
269	229
269	233
269	240
269	244
269	262
269	264
269	266
269	272
269	277
269	280
269	282
269	283
269	286
269	291
269	292
269	296
269	297
269	782
270	169
270	187
270	190
270	197
270	201
270	204
270	206
270	218
270	227
270	229
270	233
270	238
270	246
270	251
270	254
270	256
270	264
270	275
270	278
270	281
270	284
270	288
270	292
270	295
270	779
271	178
271	198
271	202
271	206
271	209
271	213
271	225
271	228
271	229
271	235
271	241
271	242
271	253
271	258
271	261
271	273
271	279
271	280
271	281
271	283
271	285
271	287
271	296
271	533
271	805
272	188
272	194
272	204
272	215
272	226
272	227
272	228
272	231
272	240
272	244
272	254
272	262
272	265
272	269
272	273
272	280
272	282
272	290
272	292
272	293
272	294
272	295
272	297
272	747
272	795
273	62
273	176
273	181
273	184
273	188
273	203
273	209
273	210
273	223
273	235
273	236
273	237
273	241
273	253
273	256
273	258
273	259
273	261
273	265
273	267
273	271
273	272
273	276
273	292
273	296
273	509
273	820
274	81
274	184
274	198
274	199
274	207
274	209
274	217
274	229
274	237
274	238
274	240
274	243
274	247
274	267
274	268
274	280
274	283
274	285
274	288
274	291
274	292
274	294
274	295
274	296
274	297
274	647
274	752
275	78
275	187
275	200
275	206
275	210
275	215
275	218
275	224
275	227
275	233
275	235
275	240
275	248
275	250
275	251
275	252
275	254
275	264
275	270
275	278
275	284
275	288
275	290
275	292
275	293
275	297
275	633
275	792
276	194
276	196
276	200
276	215
276	216
276	218
276	223
276	233
276	240
276	242
276	252
276	257
276	259
276	263
276	273
276	277
276	280
276	281
276	286
276	289
276	290
276	291
276	292
276	293
276	294
276	295
276	297
276	363
276	870
276	981
277	179
277	189
277	204
277	207
277	219
277	234
277	244
277	245
277	252
277	253
277	254
277	256
277	263
277	268
277	269
277	276
277	279
277	280
277	281
277	282
277	283
277	284
277	286
277	293
277	294
277	296
277	297
277	832
277	884
277	947
278	180
278	187
278	197
278	200
278	215
278	217
278	224
278	227
278	231
278	235
278	236
278	246
278	248
278	250
278	251
278	252
278	256
278	257
278	258
278	264
278	267
278	270
278	275
278	280
278	282
278	284
278	288
278	295
278	867
278	906
278	952
279	181
279	184
279	188
279	192
279	198
279	208
279	209
279	211
279	213
279	221
279	230
279	241
279	253
279	255
279	258
279	260
279	262
279	263
279	265
279	271
279	277
279	285
279	287
279	291
279	293
279	295
279	296
279	297
279	383
279	393
279	506
279	542
280	179
280	194
280	206
280	208
280	214
280	216
280	217
280	231
280	234
280	242
280	243
280	247
280	256
280	258
280	260
280	269
280	271
280	272
280	274
280	276
280	277
280	278
280	281
280	282
280	283
280	289
280	291
280	292
280	295
280	296
280	297
280	504
280	784
280	995
281	176
281	181
281	185
281	198
281	207
281	208
281	211
281	214
281	221
281	230
281	231
281	232
281	236
281	237
281	241
281	248
281	253
281	255
281	257
281	258
281	259
281	260
281	270
281	271
281	276
281	277
281	280
281	285
281	289
281	296
281	442
281	632
281	824
281	989
282	176
282	180
282	183
282	184
282	193
282	196
282	214
282	218
282	224
282	225
282	229
282	234
282	237
282	238
282	242
282	250
282	252
282	254
282	256
282	258
282	260
282	269
282	272
282	277
282	278
282	280
282	283
282	289
282	290
282	291
282	292
282	295
282	459
282	716
282	975
283	186
283	206
283	207
283	212
283	214
283	225
283	226
283	229
283	231
283	232
283	233
283	243
283	251
283	252
283	253
283	259
283	265
283	266
283	269
283	271
283	274
283	277
283	280
283	282
283	286
283	288
283	289
283	290
283	291
283	292
283	295
283	297
283	353
283	537
283	706
284	129
284	185
284	186
284	187
284	194
284	200
284	217
284	218
284	219
284	221
284	222
284	227
284	231
284	233
284	234
284	246
284	248
284	249
284	250
284	251
284	254
284	256
284	263
284	266
284	268
284	270
284	275
284	277
284	278
284	286
284	287
284	288
284	289
284	443
284	785
284	933
285	194
285	195
285	202
285	204
285	211
285	214
285	221
285	228
285	232
285	233
285	235
285	236
285	237
285	241
285	247
285	248
285	249
285	253
285	255
285	259
285	261
285	262
285	263
285	267
285	271
285	274
285	279
285	281
285	287
285	289
285	294
285	296
285	459
285	609
285	647
285	709
286	176
286	180
286	185
286	187
286	196
286	210
286	212
286	214
286	222
286	226
286	238
286	240
286	243
286	257
286	258
286	261
286	263
286	264
286	265
286	266
286	267
286	268
286	269
286	276
286	277
286	283
286	284
286	291
286	292
286	293
286	294
286	295
286	297
286	492
286	523
286	631
286	735
287	171
287	178
287	185
287	189
287	195
287	198
287	202
287	204
287	205
287	208
287	213
287	223
287	225
287	230
287	232
287	236
287	240
287	241
287	252
287	253
287	255
287	258
287	259
287	260
287	263
287	267
287	268
287	271
287	279
287	284
287	285
287	290
287	295
287	296
287	297
287	862
287	964
288	149
288	168
288	182
288	183
288	186
288	200
288	201
288	215
288	217
288	218
288	223
288	224
288	231
288	233
288	240
288	244
288	245
288	246
288	247
288	248
288	249
288	256
288	257
288	260
288	264
288	266
288	268
288	270
288	274
288	275
288	278
288	283
288	284
288	289
288	290
288	294
288	527
288	972
289	11
289	177
289	178
289	179
289	180
289	183
289	184
289	193
289	195
289	198
289	203
289	206
289	207
289	210
289	211
289	216
289	225
289	234
289	241
289	243
289	247
289	265
289	276
289	280
289	281
289	282
289	283
289	284
289	285
289	288
289	290
289	291
289	292
289	293
289	294
289	295
289	297
289	336
289	690
289	793
290	148
290	179
290	182
290	192
290	193
290	200
290	204
290	209
290	210
290	218
290	226
290	228
290	239
290	242
290	243
290	244
290	245
290	247
290	251
290	252
290	255
290	261
290	263
290	265
290	272
290	275
290	276
290	282
290	283
290	287
290	288
290	289
290	292
290	293
290	294
290	295
290	297
290	455
290	522
290	727
291	63
291	179
291	182
291	189
291	191
291	199
291	204
291	205
291	210
291	215
291	222
291	227
291	229
291	234
291	244
291	246
291	247
291	248
291	249
291	250
291	259
291	260
291	263
291	267
291	269
291	274
291	276
291	279
291	280
291	282
291	283
291	286
291	289
291	292
291	293
291	295
291	296
291	297
291	302
291	595
291	945
292	50
292	185
292	187
292	189
292	191
292	204
292	210
292	211
292	212
292	222
292	226
292	228
292	229
292	230
292	242
292	244
292	245
292	249
292	251
292	252
292	259
292	263
292	268
292	269
292	270
292	272
292	273
292	274
292	275
292	276
292	280
292	282
292	283
292	286
292	289
292	290
292	291
292	293
292	295
292	297
292	359
292	790
292	930
293	67
293	176
293	184
293	188
293	191
293	192
293	193
293	194
293	195
293	197
293	199
293	205
293	212
293	219
293	222
293	225
293	229
293	232
293	238
293	239
293	240
293	245
293	247
293	253
293	255
293	263
293	265
293	272
293	275
293	276
293	277
293	279
293	286
293	289
293	290
293	291
293	292
293	294
293	295
293	297
293	648
293	776
293	822
294	101
294	182
294	191
294	192
294	199
294	207
294	209
294	214
294	216
294	220
294	222
294	223
294	225
294	226
294	231
294	232
294	234
294	238
294	239
294	240
294	243
294	244
294	248
294	252
294	261
294	262
294	267
294	272
294	274
294	276
294	277
294	285
294	286
294	288
294	289
294	290
294	293
294	295
294	296
294	297
294	339
294	456
294	895
295	139
295	167
295	184
295	191
295	194
295	206
295	209
295	213
295	217
295	219
295	222
295	225
295	233
295	240
295	241
295	243
295	247
295	252
295	255
295	259
295	261
295	265
295	266
295	268
295	270
295	272
295	274
295	276
295	278
295	279
295	280
295	282
295	283
295	286
295	287
295	289
295	290
295	291
295	292
295	293
295	294
295	296
295	297
295	477
295	578
295	753
296	177
296	178
296	181
296	191
296	192
296	193
296	197
296	198
296	205
296	208
296	211
296	212
296	213
296	220
296	223
296	228
296	230
296	232
296	235
296	238
296	239
296	241
296	244
296	253
296	255
296	257
296	258
296	259
296	262
296	267
296	269
296	271
296	273
296	274
296	277
296	279
296	280
296	281
296	285
296	287
296	291
296	294
296	295
296	297
296	518
296	649
296	709
296	720
296	766
297	32
297	104
297	178
297	188
297	193
297	199
297	207
297	212
297	214
297	219
297	225
297	226
297	228
297	229
297	235
297	236
297	238
297	242
297	243
297	244
297	246
297	247
297	251
297	252
297	253
297	261
297	264
297	266
297	269
297	272
297	274
297	275
297	276
297	277
297	279
297	280
297	283
297	286
297	287
297	289
297	290
297	291
297	292
297	293
297	294
297	295
297	296
297	388
297	651
297	926
298	391
298	415
298	448
298	471
298	501
298	512
298	519
298	537
298	539
298	971
299	119
299	370
299	378
299	447
299	456
299	476
299	478
299	481
299	508
299	541
300	183
300	392
300	452
300	493
300	502
300	525
300	533
300	535
300	537
300	539
301	154
301	305
301	379
301	396
301	397
301	507
301	525
301	535
301	538
301	539
302	291
302	339
302	341
302	345
302	353
302	437
302	458
302	508
302	529
302	541
303	330
303	341
303	365
303	420
303	433
303	490
303	519
303	528
303	540
303	940
304	3
304	387
304	456
304	473
304	476
304	478
304	514
304	521
304	529
304	541
305	301
305	404
305	433
305	488
305	491
305	516
305	520
305	528
305	532
305	590
306	31
306	307
306	341
306	389
306	418
306	433
306	446
306	453
306	472
306	526
307	306
307	330
307	395
307	430
307	432
307	438
307	464
307	491
307	530
307	875
308	171
308	371
308	411
308	416
308	431
308	488
308	516
308	524
308	528
308	532
309	351
309	352
309	358
309	395
309	507
309	511
309	526
309	531
309	540
309	684
310	128
310	362
310	394
310	401
310	439
310	472
310	490
310	496
310	499
310	525
311	364
311	369
311	452
311	456
311	462
311	485
311	512
311	527
311	539
311	748
312	338
312	355
312	359
312	403
312	422
312	440
312	480
312	492
312	500
312	787
313	352
313	420
313	422
313	462
313	469
313	516
313	520
313	528
313	532
313	698
314	414
314	430
314	440
314	445
314	478
314	486
314	531
314	536
314	540
314	798
315	317
315	360
315	361
315	370
315	423
315	444
315	445
315	472
315	541
315	939
316	379
316	390
316	413
316	449
316	481
316	518
316	519
316	535
316	539
316	723
317	236
317	315
317	318
317	360
317	378
317	413
317	432
317	445
317	462
317	497
318	317
318	400
318	467
318	476
318	484
318	521
318	529
318	538
318	541
318	889
319	188
319	342
319	461
319	463
319	483
319	498
319	514
319	528
319	534
319	536
320	424
320	463
320	471
320	492
320	500
320	502
320	510
320	518
320	541
320	798
321	48
321	323
321	415
321	427
321	470
321	478
321	491
321	530
321	531
321	540
322	390
322	392
322	415
322	453
322	458
322	471
322	490
322	504
322	534
322	537
322	662
323	321
323	425
323	465
323	505
323	508
323	509
323	515
323	517
323	534
323	536
323	783
324	333
324	360
324	399
324	426
324	436
324	443
324	520
324	526
324	535
324	541
324	748
325	374
325	390
325	401
325	430
325	449
325	456
325	486
325	511
325	517
325	540
325	788
326	327
326	359
326	368
326	418
326	468
326	497
326	498
326	512
326	525
326	527
326	676
327	230
327	326
327	428
327	429
327	449
327	474
327	501
327	509
327	534
327	537
327	546
328	58
328	366
328	426
328	447
328	455
328	457
328	466
328	473
328	529
328	533
328	541
329	343
329	362
329	418
329	439
329	455
329	476
329	477
329	494
329	497
329	516
329	917
330	303
330	307
330	382
330	415
330	483
330	490
330	497
330	513
330	523
330	538
330	956
331	2
331	405
331	417
331	461
331	468
331	493
331	500
331	515
331	524
331	533
331	534
332	359
332	396
332	421
332	442
332	505
332	509
332	523
332	533
332	536
332	541
332	840
333	324
333	432
333	457
333	461
333	485
333	489
333	515
333	517
333	522
333	536
333	998
334	432
334	447
334	460
334	464
334	476
334	505
334	521
334	529
334	536
334	541
334	623
335	346
335	412
335	428
335	448
335	469
335	482
335	495
335	503
335	510
335	518
335	869
336	289
336	384
336	417
336	459
336	464
336	467
336	473
336	478
336	524
336	530
336	540
337	346
337	386
337	404
337	422
337	462
337	496
337	526
337	528
337	532
337	535
337	989
338	155
338	312
338	360
338	441
338	463
338	469
338	472
338	503
338	510
338	513
338	518
339	294
339	302
339	345
339	434
339	483
339	506
339	514
339	515
339	522
339	533
339	536
340	351
340	438
340	481
340	489
340	516
340	517
340	522
340	533
340	534
340	536
340	931
341	302
341	303
341	306
341	365
341	392
341	394
341	491
341	494
341	525
341	540
341	993
342	319
342	472
342	475
342	493
342	494
342	504
342	505
342	514
342	533
342	536
342	737
343	10
343	329
343	351
343	370
343	446
343	478
343	480
343	497
343	504
343	513
343	528
344	381
344	401
344	402
344	471
344	480
344	487
344	497
344	521
344	538
344	539
344	683
345	148
345	302
345	339
345	353
345	376
345	393
345	456
345	476
345	515
345	527
345	541
346	335
346	337
346	374
346	407
346	412
346	424
346	463
346	469
346	500
346	503
346	998
347	417
347	438
347	497
347	511
347	519
347	526
347	530
347	531
347	538
347	540
347	580
348	381
348	401
348	446
348	460
348	467
348	480
348	489
348	492
348	494
348	513
348	538
348	956
349	149
349	380
349	402
349	415
349	450
349	464
349	465
349	475
349	489
349	505
349	506
349	540
350	14
350	359
350	368
350	429
350	445
350	451
350	469
350	501
350	503
350	510
350	518
350	526
351	309
351	340
351	343
351	401
351	466
351	471
351	480
351	482
351	499
351	537
351	538
351	767
352	142
352	309
352	313
352	416
352	435
352	450
352	456
352	488
352	520
352	527
352	528
352	532
353	173
353	283
353	302
353	345
353	456
353	461
353	484
353	485
353	508
353	521
353	531
353	541
354	214
354	398
354	419
354	435
354	465
354	467
354	478
354	482
354	498
354	530
354	531
354	540
355	312
355	413
355	424
355	450
355	453
355	463
355	487
355	500
355	510
355	518
355	523
355	782
356	209
356	358
356	365
356	395
356	398
356	509
356	514
356	526
356	530
356	531
356	540
356	541
357	414
357	450
357	454
357	498
357	512
357	513
357	519
357	527
357	533
357	537
357	539
357	989
358	309
358	356
358	407
358	459
358	470
358	486
358	491
358	507
358	525
358	526
358	540
358	723
359	292
359	312
359	326
359	332
359	350
359	424
359	448
359	451
359	492
359	503
359	510
359	523
360	315
360	317
360	324
360	338
360	426
360	437
360	458
360	482
360	498
360	529
360	541
360	552
361	315
361	373
361	423
361	434
361	443
361	474
361	475
361	498
361	525
361	527
361	537
361	754
362	310
362	329
362	403
362	434
362	458
362	468
362	472
362	487
362	499
362	504
362	532
362	758
363	138
363	276
363	365
363	387
363	400
363	465
363	495
363	498
363	509
363	515
363	533
363	536
364	311
364	383
364	395
364	451
364	481
364	501
364	507
364	521
364	527
364	528
364	535
364	809
365	303
365	341
365	356
365	363
365	411
365	482
365	494
365	497
365	499
365	513
365	538
365	983
366	171
366	328
366	396
366	427
366	432
366	456
366	460
366	472
366	473
366	508
366	516
366	529
366	541
367	412
367	439
367	454
367	457
367	488
367	496
367	516
367	520
367	523
367	528
367	532
367	534
367	783
368	326
368	350
368	393
368	414
368	427
368	429
368	463
368	492
368	500
368	501
368	510
368	518
368	997
369	311
369	384
369	434
369	498
369	507
369	509
369	512
369	514
369	521
369	525
369	528
369	537
369	664
370	113
370	189
370	299
370	315
370	343
370	383
370	426
370	473
370	476
370	485
370	508
370	520
370	529
371	186
371	308
371	372
371	410
371	416
371	457
371	462
371	484
371	490
371	495
371	520
371	528
371	532
372	371
372	375
372	376
372	377
372	411
372	412
372	413
372	423
372	484
372	504
372	521
372	541
372	618
373	361
373	393
373	408
373	436
373	468
373	501
373	502
373	507
373	516
373	525
373	534
373	535
373	733
374	325
374	346
374	464
374	470
374	475
374	491
374	511
374	515
374	519
374	526
374	530
374	540
374	892
375	372
375	389
375	397
375	401
375	412
375	448
375	452
375	463
375	492
375	500
375	503
375	518
375	650
376	60
376	345
376	372
376	416
376	426
376	436
376	466
376	488
376	490
376	517
376	521
376	529
376	541
377	372
377	398
377	410
377	413
377	466
377	473
377	484
377	508
377	529
377	534
377	538
377	541
377	762
378	118
378	299
378	317
378	400
378	404
378	421
378	460
378	462
378	496
378	516
378	520
378	528
378	532
379	301
379	316
379	384
379	391
379	408
379	426
379	439
379	486
379	507
379	518
379	537
379	539
379	856
380	349
380	392
380	432
380	489
380	491
380	494
380	506
380	509
380	514
380	522
380	524
380	534
380	816
381	106
381	344
381	348
381	392
381	402
381	431
381	449
381	477
381	479
381	493
381	497
381	538
381	540
382	330
382	441
382	458
382	472
382	497
382	504
382	511
382	513
382	521
382	525
382	527
382	538
382	598
383	116
383	279
383	364
383	370
383	459
383	467
383	478
383	486
383	491
383	495
383	511
383	531
383	540
384	336
384	369
384	379
384	428
384	438
384	461
384	473
384	474
384	498
384	501
384	527
384	535
384	782
385	406
385	411
385	435
385	439
385	448
385	457
385	462
385	488
385	516
385	528
385	532
385	537
385	680
386	337
386	405
386	425
386	439
386	482
386	496
386	501
386	505
386	516
386	517
386	520
386	528
386	532
386	977
387	153
387	164
387	304
387	363
387	394
387	422
387	448
387	450
387	469
387	471
387	500
387	503
387	510
387	518
388	297
388	393
388	426
388	451
388	456
388	474
388	498
388	502
388	508
388	521
388	525
388	527
388	535
388	539
389	306
389	375
389	391
389	400
389	412
389	422
389	450
389	463
389	469
389	492
389	500
389	518
389	530
389	640
390	149
390	316
390	322
390	325
390	395
390	459
390	464
390	478
390	493
390	511
390	519
390	531
390	540
390	970
391	298
391	379
391	389
391	463
391	502
391	512
391	519
391	522
391	525
391	527
391	537
391	539
391	541
391	794
392	140
392	300
392	322
392	341
392	380
392	381
392	394
392	409
392	431
392	433
392	449
392	477
392	490
392	517
393	279
393	345
393	368
393	373
393	388
393	399
393	437
393	447
393	460
393	466
393	521
393	534
393	539
393	541
394	310
394	341
394	387
394	392
394	458
394	471
394	497
394	504
394	506
394	513
394	517
394	527
394	538
394	728
395	307
395	309
395	356
395	364
395	390
395	420
395	446
395	478
395	510
395	511
395	526
395	540
395	768
395	789
396	301
396	332
396	366
396	461
396	485
396	506
396	522
396	524
396	528
396	532
396	533
396	534
396	536
396	949
397	16
397	301
397	375
397	426
397	454
397	461
397	488
397	502
397	525
397	527
397	535
397	537
397	539
397	799
398	354
398	356
398	377
398	414
398	459
398	470
398	505
398	522
398	526
398	530
398	531
398	533
398	540
398	642
399	324
399	393
399	431
399	466
399	468
399	476
399	478
399	484
399	508
399	521
399	530
399	536
399	541
399	718
400	318
400	363
400	378
400	389
400	493
400	495
400	504
400	509
400	514
400	522
400	523
400	536
400	717
400	772
401	310
401	325
401	344
401	348
401	351
401	375
401	409
401	418
401	471
401	475
401	494
401	506
401	513
401	555
401	951
402	344
402	349
402	381
402	405
402	462
402	465
402	483
402	493
402	495
402	506
402	514
402	524
402	532
402	534
402	918
403	312
403	362
403	414
403	420
403	441
403	472
403	480
403	482
403	494
403	497
403	504
403	512
403	526
403	538
403	781
404	305
404	337
404	378
404	427
404	435
404	439
404	443
404	453
404	457
404	465
404	496
404	516
404	528
404	532
404	777
405	171
405	331
405	386
405	402
405	448
405	461
405	481
405	485
405	515
405	517
405	522
405	524
405	531
405	533
405	534
406	21
406	385
406	414
406	430
406	438
406	459
406	464
406	487
406	497
406	502
406	511
406	526
406	530
406	540
406	965
407	71
407	346
407	358
407	467
407	468
407	481
407	489
407	501
407	507
407	514
407	519
407	527
407	535
407	537
407	539
408	373
408	379
408	434
408	449
408	452
408	472
408	477
408	502
408	512
408	515
408	519
408	522
408	527
408	531
408	672
409	392
409	401
409	415
409	418
409	439
409	453
409	487
409	489
409	499
409	504
409	516
409	520
409	538
409	657
409	954
410	371
410	377
410	421
410	433
410	462
410	480
410	484
410	488
410	496
410	516
410	520
410	528
410	532
410	682
410	914
411	208
411	308
411	365
411	372
411	385
411	423
411	432
411	476
411	484
411	508
411	515
411	521
411	526
411	529
411	541
411	899
412	117
412	335
412	346
412	367
412	372
412	375
412	389
412	447
412	469
412	500
412	503
412	510
412	518
412	529
412	537
412	835
413	124
413	268
413	316
413	317
413	355
413	372
413	377
413	443
413	445
413	460
413	469
413	503
413	508
413	511
413	521
413	529
414	96
414	314
414	357
414	368
414	398
414	403
414	406
414	438
414	470
414	480
414	491
414	502
414	530
414	531
414	540
414	852
415	159
415	298
415	321
415	322
415	330
415	349
415	409
415	441
415	455
415	459
415	477
415	490
415	494
415	523
415	538
415	976
416	308
416	352
416	371
416	376
416	425
416	440
416	478
416	487
416	488
416	496
416	516
416	520
416	528
416	532
416	537
416	686
417	253
417	331
417	336
417	347
417	419
417	467
417	476
417	478
417	485
417	496
417	526
417	529
417	530
417	531
417	540
417	761
418	12
418	306
418	326
418	329
418	401
418	409
418	420
418	441
418	471
418	479
418	480
418	515
418	519
418	525
418	541
418	716
419	354
419	417
419	438
419	439
419	443
419	459
419	467
419	469
419	486
419	491
419	508
419	520
419	526
419	530
419	531
419	959
420	303
420	313
420	395
420	403
420	418
420	423
420	431
420	444
420	455
420	474
420	480
420	499
420	504
420	534
420	538
420	686
421	332
421	378
421	410
421	435
421	444
421	477
421	488
421	496
421	497
421	507
421	516
421	520
421	528
421	532
421	734
421	972
422	312
422	313
422	337
422	387
422	389
422	429
422	431
422	442
422	463
422	492
422	500
422	503
422	506
422	510
422	518
422	679
423	315
423	361
423	372
423	411
423	420
423	426
423	437
423	443
423	445
423	447
423	450
423	476
423	493
423	504
423	541
423	582
424	320
424	346
424	355
424	359
424	427
424	457
424	463
424	468
424	500
424	503
424	510
424	512
424	518
424	534
424	535
424	722
424	863
425	105
425	323
425	386
425	416
425	439
425	447
425	456
425	462
425	488
425	496
425	501
425	508
425	516
425	520
425	528
425	532
425	992
426	324
426	328
426	360
426	370
426	376
426	379
426	388
426	397
426	423
426	446
426	449
426	460
426	508
426	537
426	541
426	659
426	798
427	321
427	366
427	368
427	404
427	424
427	428
427	448
427	469
427	492
427	500
427	503
427	510
427	516
427	518
427	536
427	631
427	666
428	327
428	335
428	384
428	427
428	468
428	470
428	498
428	501
428	507
428	512
428	519
428	528
428	529
428	535
428	537
428	539
428	948
429	128
429	327
429	350
429	368
429	422
429	448
429	450
429	469
429	483
429	492
429	503
429	510
429	516
429	518
429	536
429	537
429	879
430	307
430	314
430	325
430	406
430	438
430	469
430	471
430	486
430	500
430	502
430	511
430	514
430	526
430	530
430	540
430	566
430	958
431	146
431	308
431	381
431	392
431	399
431	420
431	422
431	433
431	446
431	471
431	472
431	482
431	487
431	506
431	518
431	538
431	852
432	232
432	307
432	317
432	333
432	334
432	366
432	380
432	411
432	456
432	484
432	508
432	512
432	521
432	529
432	539
432	541
432	904
433	204
433	303
433	305
433	306
433	392
433	410
433	431
433	444
433	477
433	480
433	494
433	499
433	504
433	522
433	524
433	532
433	732
434	339
434	361
434	362
434	369
434	408
434	448
434	452
434	454
434	490
434	502
434	513
434	525
434	527
434	529
434	535
434	537
434	763
435	143
435	352
435	354
435	385
435	404
435	421
435	445
435	448
435	457
435	462
435	465
435	488
435	516
435	520
435	532
435	538
435	767
436	87
436	324
436	373
436	376
436	437
436	443
436	445
436	447
436	460
436	466
436	473
436	476
436	481
436	491
436	507
436	527
436	765
437	302
437	360
437	393
437	423
437	436
437	449
437	460
437	472
437	473
437	481
437	484
437	505
437	529
437	539
437	541
437	689
437	954
438	307
438	340
438	347
438	384
438	406
438	414
438	419
438	430
438	464
438	470
438	509
438	530
438	531
438	539
438	540
438	541
438	994
439	115
439	310
439	329
439	367
439	379
439	385
439	386
439	404
439	409
439	419
439	425
439	457
439	516
439	520
439	528
439	532
439	539
439	754
440	312
440	314
440	416
440	454
440	465
440	481
440	483
440	505
440	506
440	508
440	515
440	517
440	523
440	524
440	534
440	536
440	639
440	828
441	338
441	382
441	403
441	415
441	418
441	444
441	453
441	456
441	458
441	487
441	492
441	494
441	501
441	504
441	513
441	519
441	538
441	795
442	281
442	332
442	422
442	465
442	470
442	483
442	493
442	502
442	503
442	505
442	506
442	515
442	517
442	519
442	522
442	523
442	533
442	658
443	284
443	324
443	361
443	404
443	413
443	419
443	423
443	436
443	445
443	460
443	468
443	484
443	491
443	508
443	521
443	529
443	541
443	924
444	315
444	420
444	421
444	433
444	441
444	471
444	479
444	480
444	482
444	490
444	499
444	504
444	508
444	509
444	513
444	518
444	741
444	914
445	73
445	314
445	315
445	317
445	350
445	413
445	423
445	435
445	436
445	443
445	453
445	456
445	466
445	473
445	480
445	521
445	529
445	540
446	107
446	162
446	306
446	343
446	348
446	395
446	426
446	431
446	453
446	470
446	479
446	494
446	497
446	499
446	504
446	511
446	524
446	530
447	82
447	299
447	328
447	334
447	393
447	412
447	423
447	425
447	436
447	466
447	473
447	487
447	504
447	508
447	521
447	531
447	541
447	782
448	135
448	298
448	335
448	359
448	375
448	385
448	387
448	405
448	427
448	429
448	434
448	435
448	463
448	492
448	500
448	503
448	518
448	988
449	316
449	325
449	327
449	381
449	392
449	408
449	426
449	437
449	451
449	454
449	498
449	502
449	507
449	512
449	525
449	535
449	537
449	888
450	111
450	349
450	352
450	355
450	357
450	387
450	389
450	423
450	429
450	463
450	469
450	492
450	500
450	502
450	503
450	510
450	518
450	538
450	952
451	133
451	159
451	350
451	359
451	364
451	388
451	449
451	454
451	461
451	468
451	469
451	498
451	507
451	513
451	519
451	527
451	529
451	535
451	537
452	300
452	311
452	375
452	408
452	434
452	474
452	479
452	486
452	501
452	506
452	507
452	519
452	530
452	532
452	535
452	537
452	539
452	635
452	841
453	103
453	306
453	322
453	355
453	404
453	409
453	441
453	445
453	446
453	472
453	480
453	482
453	490
453	499
453	513
453	515
453	525
453	538
453	541
453	729
454	225
454	357
454	367
454	397
454	434
454	440
454	449
454	451
454	468
454	475
454	486
454	493
454	501
454	502
454	527
454	535
454	537
454	538
454	539
454	987
455	59
455	290
455	328
455	329
455	415
455	420
455	471
455	479
455	482
455	487
455	490
455	494
455	504
455	513
455	516
455	522
455	531
455	536
455	538
455	539
456	294
456	299
456	304
456	311
456	325
456	345
456	352
456	353
456	366
456	388
456	425
456	432
456	441
456	445
456	473
456	476
456	484
456	521
456	529
456	950
457	258
457	328
457	333
457	367
457	371
457	385
457	404
457	424
457	435
457	439
457	463
457	488
457	496
457	499
457	512
457	516
457	520
457	528
457	532
457	777
458	302
458	322
458	360
458	362
458	382
458	394
458	441
458	467
458	472
458	477
458	480
458	487
458	488
458	491
458	497
458	504
458	513
458	534
458	538
458	720
458	849
459	282
459	285
459	336
459	358
459	383
459	390
459	398
459	406
459	415
459	419
459	463
459	464
459	467
459	486
459	487
459	510
459	525
459	526
459	528
459	530
459	540
460	334
460	348
460	366
460	378
460	393
460	413
460	426
460	436
460	437
460	443
460	484
460	492
460	503
460	508
460	521
460	529
460	536
460	537
460	541
460	737
460	999
461	319
461	331
461	333
461	353
461	384
461	396
461	397
461	405
461	451
461	474
461	475
461	493
461	505
461	509
461	512
461	514
461	515
461	522
461	523
461	525
461	987
461	988
462	228
462	311
462	313
462	317
462	337
462	371
462	378
462	385
462	402
462	410
462	425
462	435
462	464
462	488
462	496
462	511
462	513
462	520
462	528
462	532
462	541
462	984
463	319
463	320
463	338
463	346
463	355
463	368
463	375
463	389
463	391
463	422
463	424
463	448
463	450
463	457
463	459
463	469
463	477
463	510
463	511
463	535
463	669
463	893
464	98
464	307
464	334
464	336
464	349
464	374
464	390
464	406
464	438
464	459
464	462
464	467
464	470
464	474
464	483
464	511
464	516
464	526
464	530
464	531
464	537
464	540
464	780
465	24
465	323
465	349
465	354
465	363
465	402
465	404
465	435
465	440
465	442
465	489
465	499
465	506
465	509
465	517
465	519
465	521
465	524
465	534
465	536
465	541
465	620
465	975
466	328
466	351
466	376
466	377
466	393
466	399
466	436
466	445
466	447
466	473
466	476
466	496
466	503
466	508
466	510
466	511
466	518
466	521
466	522
466	529
466	541
466	677
466	700
467	231
467	318
467	336
467	348
467	354
467	383
467	407
467	417
467	419
467	458
467	459
467	464
467	484
467	486
467	491
467	501
467	511
467	526
467	530
467	531
467	539
467	540
467	549
468	33
468	326
468	331
468	362
468	373
468	399
468	407
468	424
468	428
468	443
468	451
468	454
468	474
468	486
468	498
468	504
468	507
468	519
468	525
468	535
468	537
468	539
468	778
469	121
469	313
469	335
469	338
469	346
469	350
469	387
469	389
469	412
469	413
469	419
469	427
469	429
469	430
469	450
469	451
469	463
469	492
469	510
469	530
469	532
469	667
469	671
470	258
470	321
470	358
470	374
470	398
470	414
470	428
470	438
470	442
470	446
470	464
470	477
470	478
470	486
470	491
470	492
470	495
470	511
470	523
470	526
470	531
470	540
470	984
471	250
471	298
471	320
471	322
471	344
471	351
471	387
471	394
471	401
471	418
471	430
471	431
471	444
471	455
471	479
471	490
471	494
471	506
471	513
471	524
471	529
471	538
471	875
472	306
472	310
472	315
472	338
472	342
472	362
472	366
472	382
472	403
472	408
472	431
472	437
472	453
472	458
472	477
472	482
472	487
472	497
472	513
472	521
472	538
472	634
472	927
473	110
473	304
473	328
473	336
473	366
473	370
473	377
473	384
473	436
473	437
473	445
473	447
473	456
473	466
473	484
473	508
473	509
473	524
473	530
473	536
473	541
473	691
473	785
474	327
474	361
474	384
474	388
474	420
474	452
474	461
474	464
474	468
474	481
474	501
474	507
474	509
474	512
474	513
474	515
474	519
474	525
474	534
474	535
474	539
474	794
474	992
475	342
475	349
475	361
475	374
475	401
475	454
475	461
475	485
475	489
475	495
475	505
475	506
475	522
475	523
475	524
475	527
475	530
475	533
475	534
475	536
475	668
475	786
475	1000
476	299
476	304
476	318
476	329
476	334
476	345
476	370
476	399
476	411
476	417
476	423
476	436
476	456
476	466
476	483
476	495
476	512
476	521
476	527
476	532
476	541
476	786
476	829
477	158
477	295
477	329
477	381
477	392
477	408
477	415
477	421
477	433
477	458
477	463
477	470
477	472
477	479
477	482
477	487
477	497
477	504
477	511
477	513
477	524
477	538
477	573
478	50
478	299
478	304
478	314
478	321
478	336
478	343
478	354
478	383
478	390
478	395
478	399
478	416
478	417
478	470
478	491
478	511
478	522
478	526
478	529
478	531
478	540
478	646
479	146
479	381
479	418
479	444
479	446
479	452
479	455
479	471
479	477
479	482
479	487
479	490
479	494
479	497
479	500
479	503
479	512
479	513
479	521
479	535
479	538
479	759
479	881
480	156
480	312
480	343
480	344
480	348
480	351
480	403
480	410
480	414
480	418
480	420
480	433
480	444
480	445
480	453
480	458
480	490
480	494
480	496
480	499
480	505
480	513
480	540
480	731
481	252
481	299
481	316
481	340
481	364
481	405
481	407
481	436
481	437
481	440
481	474
481	497
481	498
481	501
481	502
481	507
481	512
481	525
481	535
481	537
481	538
481	539
481	901
481	908
482	39
482	222
482	335
482	351
482	354
482	360
482	365
482	386
482	403
482	431
482	444
482	453
482	455
482	472
482	477
482	479
482	487
482	490
482	495
482	498
482	499
482	504
482	510
482	531
483	114
483	319
483	330
483	339
483	402
483	429
483	440
483	442
483	464
483	476
483	485
483	489
483	490
483	505
483	509
483	514
483	515
483	517
483	523
483	524
483	533
483	534
483	535
483	540
483	719
484	318
484	353
484	371
484	372
484	377
484	399
484	410
484	411
484	432
484	437
484	443
484	456
484	460
484	467
484	473
484	490
484	501
484	505
484	506
484	508
484	520
484	529
484	541
484	790
484	913
485	311
485	333
485	353
485	370
485	396
485	405
485	417
485	475
485	483
485	489
485	495
485	509
485	513
485	514
485	515
485	517
485	522
485	524
485	531
485	533
485	534
485	536
485	540
485	745
485	973
486	87
486	88
486	314
486	325
486	358
486	379
486	383
486	419
486	430
486	452
486	454
486	459
486	467
486	468
486	470
486	491
486	511
486	521
486	526
486	529
486	530
486	531
486	532
486	536
486	540
487	227
487	344
487	355
487	362
487	406
487	409
487	416
487	431
487	441
487	447
487	455
487	458
487	459
487	472
487	477
487	479
487	482
487	489
487	490
487	492
487	494
487	497
487	499
487	537
487	538
487	715
488	155
488	305
488	308
488	352
488	367
488	376
488	385
488	397
488	410
488	416
488	421
488	425
488	435
488	457
488	458
488	462
488	496
488	499
488	516
488	520
488	522
488	531
488	532
488	540
488	770
488	905
489	26
489	53
489	333
489	340
489	348
489	349
489	380
489	407
489	409
489	465
489	475
489	483
489	485
489	487
489	493
489	509
489	510
489	513
489	515
489	517
489	519
489	522
489	523
489	533
489	536
489	540
489	614
490	303
490	310
490	322
490	330
490	371
490	376
490	392
490	415
490	434
490	444
490	453
490	455
490	471
490	479
490	480
490	482
490	483
490	484
490	487
490	504
490	509
490	513
490	514
490	529
490	533
490	910
490	934
491	305
491	307
491	321
491	341
491	358
491	374
491	380
491	383
491	414
491	419
491	436
491	443
491	458
491	467
491	470
491	478
491	486
491	506
491	511
491	520
491	526
491	530
491	531
491	540
491	623
491	775
491	976
492	286
492	312
492	320
492	348
492	359
492	368
492	375
492	389
492	422
492	427
492	429
492	441
492	448
492	450
492	460
492	469
492	470
492	487
492	495
492	500
492	503
492	504
492	510
492	518
492	534
492	604
492	892
493	160
493	168
493	300
493	331
493	342
493	381
493	390
493	400
493	402
493	423
493	442
493	454
493	461
493	489
493	496
493	503
493	505
493	509
493	514
493	517
493	518
493	522
493	523
493	524
493	533
493	536
493	629
494	104
494	329
494	341
494	342
494	348
494	365
494	380
494	401
494	403
494	415
494	433
494	441
494	446
494	455
494	471
494	479
494	480
494	487
494	516
494	517
494	520
494	523
494	532
494	533
494	538
494	786
494	939
495	335
495	363
495	371
495	383
495	400
495	402
495	470
495	475
495	476
495	482
495	485
495	492
495	505
495	506
495	509
495	514
495	515
495	517
495	523
495	524
495	533
495	534
495	536
495	538
495	577
495	797
495	890
496	136
496	310
496	337
496	367
496	378
496	386
496	404
496	410
496	416
496	417
496	421
496	425
496	457
496	462
496	466
496	480
496	488
496	493
496	502
496	506
496	510
496	516
496	518
496	520
496	528
496	532
496	756
496	764
497	158
497	317
497	326
497	329
497	330
497	343
497	344
497	347
497	365
497	381
497	382
497	394
497	403
497	406
497	421
497	446
497	458
497	472
497	477
497	479
497	481
497	487
497	499
497	518
497	524
497	538
497	669
497	726
498	248
498	319
498	326
498	354
498	357
498	360
498	361
498	363
498	369
498	384
498	388
498	428
498	449
498	451
498	468
498	481
498	482
498	505
498	512
498	519
498	520
498	525
498	527
498	530
498	533
498	537
498	539
498	853
498	930
499	170
499	310
499	351
499	362
499	365
499	409
499	420
499	433
499	444
499	446
499	453
499	457
499	465
499	480
499	482
499	487
499	488
499	497
499	500
499	504
499	507
499	508
499	513
499	514
499	522
499	535
499	538
499	570
499	826
500	312
500	320
500	331
500	346
500	355
500	368
500	375
500	387
500	389
500	412
500	422
500	424
500	427
500	430
500	448
500	450
500	479
500	492
500	499
500	503
500	510
500	515
500	518
500	521
500	523
500	537
500	752
500	797
500	994
501	147
501	298
501	327
501	350
501	364
501	368
501	373
501	384
501	386
501	407
501	425
501	428
501	441
501	452
501	454
501	467
501	474
501	481
501	484
501	502
501	503
501	507
501	519
501	525
501	530
501	535
501	537
501	539
501	626
501	788
502	102
502	229
502	300
502	320
502	373
502	388
502	391
502	397
502	406
502	408
502	414
502	430
502	434
502	442
502	449
502	450
502	454
502	481
502	496
502	501
502	507
502	508
502	512
502	513
502	525
502	527
502	535
502	537
502	539
502	628
503	335
503	338
503	346
503	350
503	359
503	375
503	387
503	412
503	413
503	422
503	424
503	427
503	429
503	442
503	448
503	450
503	460
503	466
503	479
503	492
503	493
503	500
503	501
503	510
503	515
503	518
503	540
503	727
503	933
503	941
504	244
504	280
504	322
504	342
504	343
504	362
504	372
504	382
504	394
504	400
504	403
504	409
504	420
504	423
504	433
504	441
504	444
504	446
504	447
504	455
504	458
504	468
504	477
504	482
504	490
504	492
504	499
504	527
504	538
504	539
504	772
505	323
505	332
505	334
505	342
505	349
505	386
505	398
505	437
505	440
505	442
505	461
505	475
505	480
505	483
505	484
505	493
505	495
505	498
505	509
505	517
505	522
505	523
505	524
505	526
505	533
505	534
505	536
505	539
505	612
505	733
505	997
506	279
506	339
506	349
506	380
506	394
506	396
506	401
506	402
506	422
506	431
506	440
506	442
506	452
506	465
506	471
506	475
506	484
506	491
506	495
506	496
506	514
506	515
506	522
506	523
506	524
506	533
506	534
506	536
506	540
506	724
506	887
507	267
507	301
507	309
507	358
507	364
507	369
507	373
507	379
507	407
507	421
507	428
507	436
507	449
507	451
507	452
507	468
507	474
507	481
507	499
507	501
507	502
507	512
507	519
507	528
507	532
507	533
507	536
507	537
507	539
507	671
507	758
508	164
508	299
508	302
508	323
508	353
508	366
508	370
508	377
508	388
508	399
508	411
508	413
508	419
508	425
508	426
508	432
508	440
508	443
508	444
508	447
508	460
508	466
508	473
508	484
508	499
508	502
508	521
508	527
508	529
508	707
508	778
509	169
509	234
509	273
509	323
509	327
509	332
509	356
509	363
509	369
509	380
509	400
509	438
509	444
509	461
509	465
509	473
509	474
509	483
509	485
509	489
509	490
509	493
509	495
509	505
509	514
509	522
509	523
509	524
509	531
509	533
509	534
509	536
510	320
510	335
510	338
510	350
510	355
510	359
510	368
510	387
510	395
510	412
510	422
510	424
510	427
510	429
510	450
510	459
510	463
510	466
510	469
510	482
510	489
510	492
510	496
510	500
510	503
510	513
510	518
510	538
510	539
510	687
510	700
510	957
511	112
511	121
511	309
511	325
511	347
511	374
511	382
511	383
511	390
511	395
511	406
511	413
511	430
511	446
511	462
511	463
511	464
511	466
511	467
511	470
511	477
511	478
511	486
511	491
511	517
511	526
511	530
511	531
511	537
511	539
511	540
511	906
512	78
512	298
512	311
512	326
512	357
512	369
512	391
512	403
512	408
512	424
512	428
512	432
512	449
512	457
512	461
512	474
512	476
512	479
512	481
512	498
512	502
512	507
512	514
512	519
512	522
512	525
512	527
512	535
512	539
512	728
512	743
512	971
513	226
513	330
513	338
513	343
513	348
513	357
513	365
513	382
513	394
513	401
513	434
513	441
513	444
513	451
513	453
513	455
513	458
513	462
513	471
513	472
513	474
513	477
513	479
513	480
513	485
513	489
513	490
513	499
513	502
513	510
513	538
513	603
513	821
514	93
514	304
514	319
514	339
514	342
514	356
514	369
514	380
514	400
514	402
514	407
514	430
514	461
514	483
514	485
514	490
514	493
514	495
514	499
514	506
514	509
514	512
514	515
514	517
514	520
514	522
514	523
514	524
514	531
514	534
514	536
514	589
514	709
515	175
515	323
515	331
515	333
515	339
515	345
515	363
515	374
515	405
515	408
515	411
515	418
515	440
515	442
515	453
515	461
515	474
515	483
515	485
515	489
515	495
515	500
515	503
515	506
515	514
515	523
515	524
515	526
515	533
515	534
515	536
515	942
515	981
516	305
516	308
516	313
516	329
516	340
516	366
516	367
516	373
516	378
516	385
516	386
516	404
516	409
516	410
516	416
516	421
516	425
516	427
516	429
516	435
516	439
516	455
516	457
516	464
516	488
516	494
516	496
516	520
516	528
516	532
516	643
516	766
516	833
517	134
517	323
517	325
517	333
517	340
517	376
517	386
517	392
517	394
517	405
517	440
517	442
517	465
517	483
517	485
517	489
517	493
517	494
517	495
517	505
517	511
517	514
517	518
517	521
517	523
517	524
517	533
517	534
517	536
517	541
517	701
517	704
517	800
518	296
518	316
518	320
518	335
518	338
518	350
518	355
518	368
518	375
518	379
518	387
518	389
518	412
518	422
518	424
518	427
518	429
518	431
518	444
518	448
518	450
518	466
518	492
518	493
518	496
518	497
518	500
518	503
518	510
518	517
518	528
518	616
518	960
519	205
519	298
519	303
519	316
519	347
519	357
519	374
519	390
519	391
519	407
519	408
519	418
519	428
519	441
519	442
519	451
519	452
519	465
519	468
519	474
519	489
519	498
519	501
519	507
519	512
519	525
519	527
519	528
519	535
519	537
519	539
519	581
519	720
520	182
520	203
520	305
520	313
520	324
520	352
520	367
520	370
520	371
520	378
520	386
520	409
520	410
520	416
520	419
520	421
520	425
520	435
520	439
520	457
520	462
520	484
520	488
520	491
520	494
520	496
520	498
520	514
520	516
520	524
520	528
520	532
520	738
520	871
521	233
521	304
521	318
521	334
521	344
521	353
521	364
521	369
521	372
521	376
521	382
521	388
521	393
521	399
521	411
521	413
521	432
521	443
521	445
521	447
521	456
521	460
521	465
521	466
521	472
521	476
521	479
521	486
521	500
521	508
521	517
521	529
521	903
521	997
522	52
522	290
522	333
522	339
522	340
522	380
522	391
522	396
522	398
522	400
522	405
522	408
522	433
522	442
522	455
522	461
522	466
522	475
522	478
522	485
522	488
522	489
522	493
522	499
522	505
522	506
522	509
522	512
522	514
522	523
522	524
522	533
522	534
522	538
522	668
523	286
523	330
523	332
523	355
523	359
523	367
523	400
523	415
523	440
523	442
523	461
523	470
523	475
523	483
523	489
523	493
523	494
523	495
523	500
523	505
523	506
523	509
523	514
523	515
523	517
523	522
523	524
523	525
523	533
523	534
523	536
523	540
523	940
523	974
523	994
524	100
524	308
524	331
524	336
524	380
524	396
524	402
524	405
524	433
524	440
524	446
524	465
524	471
524	473
524	475
524	477
524	483
524	485
524	493
524	495
524	497
524	505
524	506
524	509
524	514
524	515
524	517
524	520
524	522
524	523
524	525
524	533
524	534
524	535
524	757
524	965
525	109
525	300
525	301
525	310
525	326
525	341
525	358
525	361
525	369
525	373
525	382
525	388
525	391
525	397
525	418
525	434
525	449
525	453
525	459
525	461
525	468
525	474
525	481
525	498
525	501
525	502
525	512
525	519
525	523
525	524
525	527
525	535
525	537
525	539
525	541
525	683
525	813
526	161
526	254
526	306
526	309
526	324
526	337
526	347
526	350
526	356
526	358
526	374
526	395
526	398
526	403
526	406
526	411
526	417
526	419
526	430
526	459
526	464
526	467
526	470
526	478
526	486
526	491
526	505
526	511
526	515
526	529
526	530
526	531
526	534
526	540
526	541
526	740
526	807
527	288
527	311
527	326
527	345
527	352
527	357
527	361
527	364
527	382
527	384
527	388
527	391
527	394
527	397
527	407
527	408
527	434
527	436
527	451
527	454
527	475
527	476
527	498
527	502
527	504
527	508
527	512
527	519
527	525
527	533
527	534
527	535
527	537
527	539
527	624
527	670
527	684
528	22
528	136
528	303
528	305
528	308
528	313
528	319
528	337
528	343
528	352
528	364
528	367
528	369
528	371
528	378
528	385
528	386
528	396
528	404
528	410
528	416
528	421
528	425
528	428
528	439
528	457
528	459
528	462
528	496
528	507
528	516
528	518
528	519
528	520
528	532
528	536
528	791
528	946
529	246
529	302
529	304
529	318
529	328
529	334
529	360
529	366
529	370
529	376
529	377
529	411
529	412
529	413
529	417
529	428
529	432
529	434
529	437
529	443
529	445
529	451
529	456
529	460
529	466
529	471
529	478
529	484
529	486
529	490
529	508
529	521
529	526
529	535
529	541
529	557
529	576
529	755
530	99
530	108
530	124
530	307
530	321
530	336
530	347
530	354
530	356
530	374
530	389
530	398
530	399
530	406
530	414
530	417
530	419
530	430
530	438
530	446
530	452
530	459
530	464
530	467
530	469
530	473
530	475
530	486
530	491
530	498
530	501
530	511
530	526
530	531
530	533
530	537
530	540
530	721
531	309
531	314
531	321
531	347
531	353
531	354
531	356
531	383
531	390
531	398
531	405
531	408
531	414
531	417
531	419
531	438
531	447
531	455
531	464
531	467
531	470
531	478
531	482
531	485
531	486
531	488
531	491
531	509
531	511
531	514
531	526
531	530
531	535
531	536
531	540
531	627
531	780
531	967
531	994
532	99
532	305
532	308
532	313
532	337
532	352
532	362
532	367
532	371
532	378
532	385
532	386
532	396
532	402
532	404
532	410
532	416
532	421
532	425
532	433
532	435
532	439
532	452
532	457
532	462
532	469
532	476
532	486
532	488
532	494
532	496
532	507
532	516
532	520
532	528
532	533
532	538
532	541
532	774
532	877
532	968
533	161
533	263
533	271
533	300
533	328
533	331
533	332
533	339
533	340
533	342
533	357
533	363
533	396
533	398
533	405
533	442
533	475
533	483
533	485
533	489
533	490
533	493
533	494
533	495
533	498
533	505
533	506
533	507
533	509
533	515
533	517
533	522
533	523
533	524
533	527
533	530
533	532
533	534
533	536
533	539
533	541
533	678
534	319
534	322
534	323
534	327
534	331
534	340
534	367
534	373
534	377
534	380
534	393
534	396
534	402
534	405
534	420
534	424
534	440
534	458
534	465
534	474
534	475
534	483
534	485
534	492
534	495
534	505
534	506
534	509
534	514
534	515
534	517
534	522
534	523
534	524
534	526
534	527
534	533
534	536
534	653
534	725
534	778
534	868
535	84
535	170
535	300
535	301
535	316
535	324
535	337
535	364
535	373
535	384
535	388
535	397
535	407
535	424
535	428
535	434
535	449
535	451
535	452
535	454
535	463
535	468
535	474
535	479
535	481
535	483
535	499
535	501
535	502
535	512
535	519
535	524
535	525
535	527
535	529
535	531
535	536
535	537
535	539
535	541
535	635
535	713
536	97
536	314
536	319
536	323
536	332
536	333
536	334
536	339
536	340
536	342
536	363
536	396
536	399
536	400
536	427
536	429
536	440
536	455
536	460
536	465
536	473
536	475
536	485
536	486
536	489
536	493
536	495
536	505
536	506
536	507
536	509
536	514
536	515
536	517
536	523
536	528
536	531
536	533
536	534
536	535
536	775
536	788
536	893
537	27
537	283
537	298
537	300
537	322
537	327
537	351
537	357
537	361
537	369
537	379
537	385
537	391
537	397
537	407
537	412
537	416
537	426
537	428
537	429
537	434
537	449
537	451
537	452
537	454
537	460
537	464
537	468
537	481
537	487
537	498
537	500
537	501
537	502
537	507
537	511
537	519
537	525
537	527
537	530
537	535
537	539
537	739
537	943
537	998
538	131
538	141
538	301
538	318
538	330
538	344
538	347
538	348
538	351
538	365
538	377
538	381
538	382
538	394
538	403
538	409
538	415
538	420
538	431
538	435
538	441
538	450
538	453
538	454
538	455
538	458
538	471
538	472
538	477
538	479
538	481
538	487
538	494
538	495
538	497
538	499
538	504
538	510
538	513
538	522
538	532
538	540
538	543
538	743
538	985
539	174
539	298
539	300
539	301
539	311
539	316
539	344
539	357
539	379
539	388
539	391
539	393
539	397
539	407
539	428
539	432
539	437
539	438
539	439
539	452
539	454
539	455
539	467
539	468
539	474
539	481
539	498
539	501
539	502
539	504
539	505
539	507
539	510
539	511
539	512
539	519
539	525
539	527
539	533
539	535
539	537
539	540
539	734
539	948
539	974
540	256
540	303
540	309
540	314
540	321
540	325
540	336
540	341
540	347
540	349
540	354
540	356
540	358
540	374
540	381
540	383
540	390
540	395
540	398
540	406
540	414
540	417
540	430
540	438
540	445
540	459
540	464
540	467
540	470
540	478
540	480
540	483
540	485
540	486
540	488
540	489
540	491
540	503
540	506
540	511
540	523
540	526
540	530
540	531
540	538
540	539
540	692
540	697
540	751
540	784
541	153
541	299
541	302
541	304
541	315
541	318
541	320
541	324
541	328
541	332
541	334
541	345
541	353
541	356
541	360
541	366
541	372
541	376
541	377
541	391
541	393
541	399
541	411
541	418
541	423
541	426
541	432
541	437
541	438
541	443
541	447
541	453
541	460
541	462
541	465
541	466
541	473
541	476
541	484
541	517
541	525
541	526
541	529
541	532
541	533
541	535
541	675
541	750
541	976
541	980
542	279
542	587
542	677
542	688
542	721
542	731
542	753
542	774
542	786
542	787
543	538
543	629
543	644
543	688
543	721
543	755
543	771
543	789
543	794
543	797
544	261
544	550
544	654
544	664
544	724
544	738
544	760
544	769
544	785
544	786
545	247
545	640
545	752
545	757
545	774
545	776
545	784
545	787
545	792
546	327
546	604
546	663
546	670
546	676
546	700
546	710
546	722
546	770
546	772
547	79
547	559
547	564
547	619
547	650
547	745
547	774
547	787
547	792
547	797
548	583
548	720
548	739
548	758
548	768
548	772
548	773
548	785
548	786
548	885
549	467
549	579
549	678
549	735
549	761
549	766
549	773
549	781
549	789
549	797
550	70
550	544
550	604
550	687
550	722
550	736
550	770
550	772
550	775
550	787
551	656
551	680
551	681
551	717
551	719
551	746
551	754
551	762
551	763
551	850
552	360
552	651
552	670
552	684
552	687
552	736
552	770
552	772
552	777
552	794
553	561
553	628
553	676
553	735
553	740
553	755
553	771
553	794
553	797
553	930
554	196
554	591
554	601
554	619
554	657
554	659
554	729
554	784
554	787
554	793
555	401
555	574
555	586
555	653
555	675
555	766
555	781
555	789
555	793
555	797
556	172
556	587
556	621
556	714
556	732
556	749
556	755
556	756
556	782
556	792
557	529
557	675
557	694
557	758
557	768
557	769
557	775
557	784
557	785
557	786
558	202
558	649
558	668
558	708
558	723
558	734
558	739
558	742
558	749
558	750
559	225
559	547
559	596
559	662
559	719
559	753
559	781
559	794
559	795
559	797
560	185
560	604
560	724
560	741
560	755
560	761
560	786
560	789
560	794
560	797
561	157
561	553
561	616
561	697
561	723
561	724
561	745
561	752
561	782
561	792
562	618
562	655
562	686
562	688
562	728
562	732
562	759
562	762
562	763
562	960
563	252
563	621
563	656
563	689
563	748
563	753
563	778
563	781
563	788
563	797
564	160
564	547
564	616
564	677
564	756
564	776
564	787
564	789
564	791
564	792
565	67
565	571
565	630
565	636
565	671
565	693
565	734
565	739
565	751
565	794
566	430
566	681
566	711
566	719
566	726
566	728
566	759
566	762
566	763
566	768
567	106
567	660
567	727
567	736
567	748
567	771
567	781
567	784
567	788
567	795
568	619
568	666
568	708
568	711
568	743
568	754
568	775
568	777
568	796
568	920
569	662
569	722
569	775
569	781
569	788
569	789
569	794
569	795
569	796
569	995
570	499
570	634
570	683
570	686
570	732
570	745
570	748
570	777
570	791
570	798
571	155
571	565
571	701
571	709
571	717
571	719
571	742
571	760
571	762
571	763
572	242
572	586
572	683
572	726
572	733
572	737
572	777
572	791
572	794
572	796
572	798
573	477
573	574
573	612
573	680
573	687
573	700
573	715
573	736
573	772
573	774
573	788
574	88
574	555
574	573
574	597
574	673
574	708
574	748
574	750
574	794
574	795
574	797
575	658
575	661
575	674
575	679
575	686
575	749
575	774
575	776
575	779
575	787
575	877
576	529
576	596
576	688
576	697
576	702
576	728
576	764
576	771
576	773
576	782
576	792
577	495
577	667
577	693
577	698
577	708
577	723
577	739
577	742
577	744
577	793
577	796
578	295
578	591
578	596
578	608
578	718
578	724
578	749
578	764
578	776
578	787
578	792
579	221
579	549
579	636
579	694
579	760
579	765
579	769
579	785
579	786
579	797
579	865
580	347
580	591
580	683
580	713
580	718
580	765
580	768
580	769
580	773
580	785
580	786
581	519
581	601
581	628
581	672
581	705
581	725
581	735
581	757
581	791
581	796
581	798
582	423
582	592
582	684
582	693
582	696
582	708
582	717
582	723
582	734
582	742
582	772
583	137
583	548
583	588
583	607
583	651
583	695
583	722
583	736
583	770
583	772
583	776
584	263
584	662
584	680
584	702
584	715
584	747
584	765
584	788
584	789
584	795
584	797
585	592
585	603
585	659
585	721
585	726
585	754
585	777
585	786
585	794
585	796
585	957
586	147
586	555
586	572
586	691
586	727
586	746
586	759
586	763
586	784
586	790
586	793
587	266
587	542
587	556
587	597
587	690
587	692
587	712
587	745
587	754
587	792
587	798
588	583
588	724
588	725
588	757
588	775
588	777
588	782
588	791
588	796
588	798
588	982
589	514
589	598
589	727
589	731
589	733
589	752
589	755
589	774
589	782
589	787
589	792
590	305
590	665
590	699
590	704
590	736
590	751
590	780
590	783
590	784
590	785
590	790
591	554
591	578
591	580
591	613
591	707
591	721
591	722
591	727
591	784
591	793
591	815
592	582
592	585
592	615
592	624
592	680
592	725
592	769
592	775
592	780
592	798
592	944
593	605
593	607
593	612
593	624
593	715
593	722
593	762
593	770
593	772
593	789
593	968
594	144
594	600
594	608
594	620
594	709
594	717
594	726
594	759
594	762
594	763
594	768
595	291
595	644
595	659
595	676
595	685
595	688
595	699
595	723
595	767
595	774
595	783
595	793
596	559
596	576
596	578
596	751
596	752
596	774
596	777
596	782
596	787
596	792
596	793
596	973
597	574
597	587
597	647
597	688
597	734
597	745
597	749
597	750
597	764
597	776
597	787
597	963
598	382
598	589
598	634
598	640
598	668
598	669
598	674
598	688
598	706
598	764
598	776
598	782
599	239
599	610
599	694
599	720
599	758
599	765
599	768
599	769
599	773
599	781
599	785
599	786
600	594
600	625
600	645
600	672
600	696
600	743
600	768
600	779
600	791
600	796
600	798
600	830
601	554
601	581
601	684
601	704
601	718
601	720
601	743
601	749
601	757
601	779
601	791
601	980
602	90
602	714
602	723
602	731
602	737
602	758
602	763
602	769
602	773
602	780
602	785
602	786
603	513
603	585
603	689
603	713
603	726
603	732
603	733
603	753
603	776
603	777
603	791
603	796
604	224
604	492
604	546
604	550
604	560
604	612
604	651
604	705
604	715
604	730
604	736
604	770
605	593
605	667
605	675
605	690
605	691
605	711
605	730
605	741
605	751
605	767
605	796
605	902
606	656
606	720
606	758
606	760
606	765
606	769
606	773
606	776
606	783
606	785
606	786
606	913
607	93
607	583
607	593
607	670
607	680
607	720
607	722
607	759
607	765
607	770
607	772
607	784
608	166
608	578
608	594
608	639
608	656
608	684
608	719
608	759
608	762
608	763
608	766
608	794
609	285
609	644
609	648
609	704
609	725
609	732
609	733
609	765
609	775
609	777
609	779
609	791
610	599
610	639
610	659
610	689
610	706
610	776
610	780
610	783
610	784
610	790
610	793
610	983
611	635
611	685
611	701
611	707
611	738
611	760
611	765
611	769
611	773
611	785
611	786
611	839
612	505
612	573
612	593
612	604
612	643
612	680
612	697
612	715
612	770
612	772
612	786
612	790
612	797
613	23
613	591
613	642
613	671
613	679
613	690
613	695
613	706
613	707
613	720
613	730
613	746
613	790
614	489
614	638
614	651
614	657
614	676
614	695
614	700
614	703
614	722
614	770
614	772
614	792
614	915
615	592
615	654
615	657
615	667
615	726
615	732
615	740
615	750
615	754
615	757
615	767
615	779
615	928
616	518
616	561
616	564
616	670
616	675
616	690
616	697
616	727
616	767
616	780
616	783
616	790
616	793
617	97
617	624
617	654
617	678
617	694
617	697
617	714
617	760
617	765
617	768
617	785
617	786
617	788
618	372
618	562
618	641
618	741
618	743
618	744
618	757
618	771
618	775
618	777
618	791
618	796
618	798
619	547
619	554
619	568
619	682
619	689
619	698
619	711
619	727
619	767
619	784
619	790
619	793
619	908
620	465
620	594
620	656
620	658
620	664
620	668
620	686
620	719
620	759
620	762
620	763
620	781
620	977
621	167
621	556
621	563
621	661
621	674
621	724
621	738
621	745
621	752
621	767
621	779
621	792
621	981
622	20
622	640
622	700
622	718
622	740
622	748
622	771
622	775
622	778
622	788
622	794
622	797
622	1000
623	334
623	491
623	655
623	704
623	716
623	731
623	742
623	743
623	754
623	757
623	777
623	791
623	796
624	527
624	592
624	593
624	617
624	650
624	657
624	658
624	675
624	683
624	733
624	743
624	757
624	791
625	120
625	600
625	661
625	667
625	733
625	743
625	750
625	765
625	779
625	791
625	792
625	796
625	798
626	501
626	641
626	701
626	726
626	733
626	777
626	779
626	780
626	785
626	791
626	794
626	796
626	798
627	531
627	656
627	694
627	703
627	737
627	747
627	760
627	767
627	768
627	769
627	770
627	773
627	786
628	502
628	553
628	581
628	636
628	647
628	649
628	696
628	707
628	708
628	742
628	744
628	778
628	781
629	493
629	543
629	662
629	704
629	731
629	749
629	756
629	764
629	776
629	782
629	787
629	792
629	795
629	947
630	166
630	565
630	631
630	633
630	644
630	645
630	696
630	707
630	723
630	734
630	742
630	744
630	790
630	791
631	286
631	427
631	630
631	636
631	649
631	661
631	696
631	707
631	739
631	742
631	744
631	763
631	766
631	787
632	216
632	281
632	638
632	671
632	680
632	687
632	695
632	715
632	726
632	736
632	762
632	770
632	772
632	793
633	112
633	275
633	630
633	635
633	672
633	674
633	712
633	745
633	749
633	774
633	782
633	787
633	790
633	795
634	472
634	570
634	598
634	667
634	669
634	684
634	710
634	713
634	754
634	762
634	777
634	779
634	784
634	953
635	452
635	535
635	611
635	633
635	657
635	670
635	674
635	688
635	710
635	724
635	745
635	778
635	787
635	792
636	565
636	579
636	628
636	631
636	637
636	647
636	693
636	708
636	739
636	744
636	756
636	758
636	777
636	953
637	636
637	640
637	683
637	693
637	707
637	708
637	734
637	739
637	742
637	744
637	777
637	778
637	963
637	993
638	614
638	632
638	664
638	670
638	680
638	695
638	700
638	703
638	728
638	768
638	770
638	772
638	894
638	960
639	440
639	608
639	610
639	681
639	717
639	719
639	728
639	729
639	759
639	760
639	762
639	763
639	779
639	781
640	122
640	389
640	545
640	598
640	622
640	637
640	651
640	697
640	702
640	719
640	731
640	774
640	776
640	787
641	145
641	618
641	626
641	706
641	716
641	725
641	748
641	757
641	767
641	777
641	787
641	795
641	796
641	798
642	158
642	398
642	613
642	665
642	711
642	721
642	728
642	730
642	751
642	752
642	753
642	783
642	784
642	785
643	516
643	612
643	666
643	669
643	681
643	687
643	695
643	700
643	715
643	722
643	728
643	736
643	770
643	772
644	543
644	595
644	609
644	630
644	673
644	694
644	718
644	750
644	755
644	778
644	788
644	794
644	795
644	796
644	965
645	187
645	600
645	630
645	657
645	696
645	708
645	723
645	737
645	739
645	742
645	744
645	788
645	789
645	790
645	935
646	152
646	478
646	676
646	727
646	729
646	730
646	735
646	757
646	758
646	779
646	780
646	783
646	784
646	788
646	790
647	274
647	285
647	597
647	628
647	636
647	649
647	671
647	691
647	693
647	696
647	723
647	734
647	744
647	758
647	771
648	150
648	293
648	609
648	705
648	712
648	731
648	756
648	764
648	774
648	775
648	782
648	787
648	792
648	796
648	798
649	296
649	558
649	628
649	631
649	647
649	651
649	671
649	694
649	707
649	708
649	739
649	741
649	744
649	791
649	995
650	375
650	547
650	624
650	679
650	731
650	745
650	748
650	749
650	754
650	756
650	764
650	774
650	787
650	791
650	880
651	297
651	552
651	583
651	604
651	614
651	640
651	649
651	687
651	715
651	736
651	756
651	770
651	772
651	786
651	797
652	659
652	685
652	689
652	706
652	715
652	721
652	727
652	738
652	746
652	760
652	771
652	783
652	787
652	790
652	978
653	534
653	555
653	655
653	677
653	712
653	714
653	741
653	747
653	753
653	766
653	778
653	788
653	789
653	795
653	925
654	56
654	544
654	615
654	617
654	703
654	712
654	715
654	738
654	760
654	765
654	768
654	779
654	785
654	786
654	790
655	562
655	623
655	653
655	668
655	681
655	701
655	709
655	717
655	728
655	746
655	753
655	759
655	762
655	763
655	798
655	967
656	551
656	563
656	606
656	608
656	620
656	627
656	681
656	695
656	701
656	717
656	725
656	728
656	759
656	762
656	763
656	984
657	159
657	409
657	554
657	614
657	615
657	624
657	635
657	645
657	701
657	716
657	725
657	732
657	775
657	777
657	791
657	798
658	442
658	575
658	620
658	624
658	672
658	676
658	713
658	725
658	726
658	737
658	754
658	777
658	779
658	791
658	794
658	798
659	36
659	426
659	554
659	585
659	595
659	610
659	652
659	675
659	688
659	711
659	744
659	751
659	757
659	777
659	790
659	793
660	165
660	567
660	673
660	723
660	727
660	728
660	735
660	740
660	755
660	766
660	771
660	779
660	781
660	794
660	795
660	855
661	235
661	251
661	575
661	621
661	625
661	631
661	669
661	674
661	688
661	697
661	705
661	710
661	738
661	752
661	776
661	792
662	322
662	559
662	569
662	584
662	629
662	663
662	665
662	673
662	708
662	714
662	746
662	761
662	788
662	789
662	794
662	795
663	546
663	662
663	664
663	683
663	735
663	743
663	746
663	750
663	756
663	761
663	771
663	778
663	789
663	794
663	797
663	810
664	369
664	544
664	620
664	638
664	663
664	741
664	755
664	761
664	773
664	775
664	778
664	788
664	794
664	795
664	797
664	937
665	29
665	590
665	642
665	662
665	678
665	706
665	725
665	729
665	730
665	740
665	750
665	780
665	784
665	790
665	793
665	962
666	76
666	427
666	568
666	643
666	669
666	683
666	712
666	716
666	730
666	754
666	775
666	777
666	779
666	788
666	791
666	798
667	469
667	577
667	605
667	615
667	625
667	634
667	669
667	713
667	726
667	732
667	733
667	740
667	755
667	789
667	796
667	798
668	475
668	522
668	558
668	598
668	620
668	655
668	686
668	701
668	717
668	719
668	748
668	759
668	762
668	763
668	795
668	796
669	463
669	497
669	598
669	634
669	643
669	661
669	666
669	667
669	692
669	716
669	757
669	775
669	779
669	782
669	796
669	798
670	243
670	527
670	546
670	552
670	607
670	616
670	635
670	638
670	700
670	722
670	726
670	736
670	756
670	770
670	772
670	797
671	469
671	507
671	565
671	613
671	632
671	647
671	649
671	693
671	707
671	708
671	723
671	734
671	739
671	742
671	755
671	759
672	408
672	581
672	600
672	633
672	658
672	677
672	692
672	697
672	713
672	725
672	754
672	775
672	779
672	780
672	791
672	796
672	798
673	18
673	195
673	574
673	644
673	660
673	662
673	674
673	702
673	741
673	761
673	766
673	774
673	775
673	789
673	795
673	796
673	797
674	575
674	598
674	621
674	633
674	635
674	661
674	673
674	682
674	752
674	765
674	772
674	774
674	776
674	782
674	787
674	797
674	851
675	541
675	555
675	557
675	605
675	616
675	624
675	659
675	678
675	681
675	685
675	721
675	743
675	746
675	753
675	767
675	780
675	784
676	326
676	546
676	553
676	595
676	614
676	646
676	658
676	678
676	679
676	691
676	721
676	729
676	763
676	780
676	784
676	787
676	793
677	7
677	466
677	542
677	564
677	653
677	672
677	702
677	710
677	729
677	740
677	745
677	749
677	752
677	764
677	768
677	776
677	787
678	533
678	549
678	617
678	665
678	675
678	676
678	711
678	730
678	759
678	760
678	767
678	783
678	784
678	790
678	793
678	797
678	798
679	260
679	422
679	575
679	613
679	650
679	676
679	691
679	712
679	729
679	746
679	767
679	780
679	783
679	790
679	792
679	793
679	797
680	4
680	385
680	551
680	573
680	584
680	592
680	607
680	612
680	632
680	638
680	695
680	715
680	722
680	736
680	766
680	772
680	774
681	551
681	566
681	639
681	643
681	655
681	656
681	675
681	701
681	709
681	728
681	737
681	741
681	759
681	762
681	763
681	764
681	915
682	410
682	619
682	674
682	694
682	737
682	758
682	760
682	765
682	768
682	769
682	773
682	774
682	779
682	785
682	786
682	790
682	995
683	344
683	525
683	570
683	572
683	580
683	624
683	637
683	663
683	666
683	684
683	716
683	732
683	733
683	764
683	776
683	779
683	783
683	798
684	309
684	527
684	552
684	582
684	601
684	608
684	634
684	683
684	704
684	713
684	732
684	744
684	775
684	779
684	790
684	791
684	796
684	798
685	245
685	595
685	611
685	652
685	675
685	689
685	691
685	693
685	711
685	745
685	754
685	758
685	767
685	780
685	783
685	784
685	793
685	796
686	416
686	420
686	562
686	570
686	575
686	620
686	668
686	693
686	701
686	709
686	717
686	719
686	728
686	759
686	763
686	780
686	786
686	791
687	510
687	550
687	552
687	573
687	632
687	643
687	651
687	699
687	709
687	715
687	722
687	726
687	736
687	770
687	772
687	775
687	788
687	795
688	72
688	175
688	542
688	543
688	562
688	576
688	595
688	597
688	598
688	635
688	659
688	661
688	692
688	753
688	774
688	786
688	787
688	792
689	437
689	563
689	603
689	610
689	619
689	652
689	685
689	728
689	730
689	746
689	749
689	751
689	776
689	780
689	784
689	790
689	793
689	996
690	289
690	587
690	605
690	613
690	616
690	711
690	727
690	729
690	741
690	751
690	763
690	767
690	772
690	773
690	780
690	783
690	790
690	793
690	900
691	473
691	586
691	605
691	647
691	676
691	679
691	685
691	699
691	706
691	711
691	751
691	752
691	757
691	759
691	783
691	790
691	792
691	793
691	996
692	58
692	540
692	587
692	669
692	672
692	688
692	693
692	702
692	705
692	710
692	712
692	714
692	724
692	756
692	761
692	764
692	779
692	787
692	792
693	134
693	565
693	577
693	582
693	636
693	637
693	647
693	671
693	685
693	686
693	692
693	704
693	707
693	723
693	739
693	742
693	744
693	775
693	953
694	64
694	557
694	579
694	599
694	617
694	627
694	644
694	649
694	682
694	733
694	738
694	742
694	765
694	769
694	773
694	785
694	786
694	790
694	945
695	84
695	583
695	613
695	614
695	632
695	638
695	643
695	656
695	680
695	700
695	705
695	722
695	726
695	736
695	769
695	770
695	772
695	773
695	825
696	582
696	600
696	628
696	630
696	631
696	645
696	647
696	707
696	708
696	723
696	734
696	739
696	743
696	744
696	747
696	751
696	792
696	972
696	990
697	75
697	540
697	561
697	576
697	612
697	616
697	617
697	640
697	661
697	672
697	702
697	706
697	710
697	712
697	723
697	731
697	764
697	776
697	782
698	313
698	577
698	619
698	717
698	741
698	748
698	750
698	759
698	761
698	766
698	770
698	771
698	781
698	788
698	789
698	794
698	795
698	797
698	896
699	590
699	595
699	687
699	691
699	703
699	706
699	721
699	729
699	746
699	753
699	755
699	767
699	769
699	772
699	780
699	783
699	784
699	793
699	909
699	983
700	466
700	510
700	546
700	573
700	614
700	622
700	638
700	643
700	670
700	695
700	708
700	715
700	722
700	736
700	769
700	770
700	772
700	774
700	777
700	785
701	517
701	571
701	611
701	626
701	655
701	656
701	657
701	668
701	681
701	686
701	709
701	717
701	718
701	719
701	741
701	759
701	762
701	763
701	780
701	936
702	5
702	576
702	584
702	640
702	673
702	677
702	692
702	697
702	705
702	710
702	713
702	752
702	756
702	762
702	770
702	776
702	782
702	787
702	789
702	943
703	162
703	614
703	627
703	638
703	654
703	699
703	714
703	720
703	727
703	737
703	738
703	740
703	741
703	758
703	765
703	768
703	773
703	785
703	786
703	988
704	8
704	517
704	590
704	601
704	609
704	623
704	629
704	684
704	693
704	714
704	725
704	726
704	736
704	743
704	766
704	775
704	777
704	779
704	796
704	798
705	167
705	266
705	581
705	604
705	648
705	661
705	692
705	695
705	702
705	710
705	724
705	731
705	745
705	749
705	766
705	776
705	777
705	781
705	782
705	792
706	283
706	598
706	610
706	613
706	641
706	652
706	665
706	691
706	697
706	699
706	711
706	730
706	751
706	767
706	773
706	782
706	783
706	791
706	793
706	922
707	236
707	508
707	591
707	611
707	613
707	628
707	630
707	631
707	637
707	649
707	671
707	693
707	696
707	723
707	734
707	742
707	744
707	750
707	781
707	793
708	558
708	568
708	574
708	577
708	582
708	628
708	636
708	637
708	645
708	649
708	662
708	671
708	696
708	700
708	726
708	734
708	739
708	742
708	771
708	964
708	987
709	285
709	296
709	514
709	571
709	594
709	655
709	681
709	686
709	687
709	701
709	716
709	717
709	719
709	728
709	739
709	759
709	762
709	763
709	774
709	780
709	781
710	76
710	546
710	634
710	635
710	661
710	677
710	692
710	697
710	702
710	705
710	752
710	756
710	759
710	764
710	766
710	774
710	776
710	786
710	792
710	793
710	964
711	69
711	566
711	568
711	605
711	619
711	642
711	659
711	678
711	685
711	690
711	691
711	706
711	717
711	725
711	741
711	746
711	767
711	780
711	784
711	790
711	974
712	587
712	633
712	648
712	653
712	654
712	666
712	679
712	692
712	697
712	724
712	744
712	749
712	752
712	770
712	774
712	776
712	782
712	787
712	792
712	938
712	989
713	255
713	535
713	580
713	603
713	634
713	658
713	667
713	672
713	684
713	702
713	724
713	725
713	732
713	734
713	737
713	754
713	757
713	766
713	789
713	796
713	798
714	164
714	556
714	602
714	617
714	653
714	662
714	692
714	703
714	704
714	715
714	737
714	738
714	758
714	765
714	768
714	769
714	773
714	785
714	786
714	792
714	982
715	487
715	573
715	584
715	593
715	604
715	612
715	632
715	643
715	651
715	652
715	654
715	680
715	687
715	700
715	714
715	736
715	768
715	770
715	772
715	777
715	781
715	979
716	282
716	418
716	623
716	641
716	657
716	666
716	669
716	683
716	709
716	725
716	726
716	732
716	734
716	751
716	752
716	754
716	771
716	772
716	775
716	777
716	796
716	993
717	173
717	400
717	551
717	571
717	582
717	594
717	639
717	655
717	656
717	668
717	686
717	698
717	701
717	709
717	711
717	728
717	756
717	759
717	762
717	763
717	771
717	777
718	399
718	578
718	580
718	601
718	622
718	644
718	701
718	735
718	741
718	747
718	750
718	764
718	766
718	768
718	778
718	781
718	782
718	788
718	789
718	794
718	795
718	868
719	38
719	483
719	551
719	559
719	566
719	571
719	608
719	620
719	639
719	640
719	668
719	686
719	701
719	709
719	728
719	757
719	759
719	762
719	763
719	768
719	773
719	791
720	296
720	458
720	519
720	548
720	599
720	601
720	606
720	607
720	613
720	703
720	724
720	737
720	738
720	743
720	758
720	760
720	768
720	769
720	773
720	786
720	788
720	798
721	530
721	542
721	543
721	585
721	591
721	642
721	652
721	675
721	676
721	699
721	729
721	730
721	735
721	746
721	756
721	769
721	780
721	783
721	784
721	790
721	793
721	931
722	424
722	546
722	550
722	569
722	583
722	591
722	593
722	607
722	614
722	643
722	670
722	680
722	687
722	695
722	700
722	754
722	763
722	770
722	772
722	784
722	792
722	797
722	872
723	316
723	358
723	558
723	561
723	577
723	582
723	595
723	602
723	630
723	645
723	647
723	660
723	671
723	693
723	696
723	697
723	707
723	734
723	739
723	742
723	744
723	752
723	798
724	157
724	506
724	544
724	560
724	561
724	578
724	588
724	621
724	635
724	692
724	705
724	712
724	713
724	720
724	752
724	756
724	764
724	774
724	782
724	785
724	787
724	792
724	793
725	207
725	534
725	581
725	588
725	592
725	609
725	641
725	656
725	657
725	658
725	665
725	672
725	704
725	711
725	713
725	716
725	746
725	748
725	773
725	775
725	796
725	798
725	952
726	497
726	566
726	572
726	585
726	594
726	603
726	615
726	626
726	632
726	658
726	667
726	670
726	687
726	695
726	704
726	708
726	716
726	754
726	757
726	775
726	779
726	796
726	861
727	290
727	503
727	567
727	586
727	589
727	591
727	616
727	619
727	646
727	652
727	660
727	690
727	703
727	730
727	732
727	746
727	751
727	767
727	770
727	780
727	783
727	790
727	921
728	394
728	512
728	562
728	566
728	576
728	638
728	639
728	642
728	643
728	655
728	656
728	660
728	681
728	686
728	689
728	709
728	717
728	719
728	753
728	759
728	761
728	762
728	763
728	948
729	100
729	453
729	554
729	639
729	646
729	665
729	676
729	677
729	679
729	690
729	699
729	721
729	739
729	746
729	751
729	758
729	776
729	780
729	781
729	783
729	784
729	790
729	793
729	794
730	42
730	165
730	604
730	605
730	613
730	642
730	646
730	665
730	666
730	678
730	689
730	706
730	721
730	727
730	731
730	733
730	758
730	767
730	778
730	780
730	783
730	786
730	790
730	793
731	126
731	480
731	542
731	589
731	602
731	623
731	629
731	640
731	648
731	650
731	697
731	705
731	730
731	734
731	747
731	748
731	756
731	764
731	774
731	776
731	778
731	782
731	792
731	798
732	47
732	433
732	556
732	562
732	570
732	603
732	609
732	615
732	657
732	667
732	683
732	684
732	713
732	716
732	727
732	734
732	736
732	743
732	757
732	779
732	783
732	791
732	796
732	797
732	798
733	110
733	373
733	505
733	572
733	589
733	603
733	609
733	624
733	625
733	626
733	667
733	683
733	694
733	730
733	734
733	735
733	743
733	754
733	775
733	777
733	779
733	780
733	787
733	791
733	798
734	421
734	539
734	558
734	565
734	582
734	597
734	630
734	637
734	647
734	671
734	696
734	707
734	708
734	713
734	716
734	723
734	731
734	732
734	733
734	739
734	742
734	744
734	762
734	768
734	861
735	286
735	549
735	553
735	581
735	646
735	660
735	663
735	718
735	721
735	733
735	737
735	747
735	748
735	753
735	761
735	763
735	766
735	767
735	771
735	778
735	781
735	788
735	795
735	797
735	929
736	550
736	552
736	567
736	573
736	583
736	590
736	604
736	632
736	643
736	651
736	670
736	680
736	687
736	695
736	700
736	704
736	715
736	732
736	739
736	770
736	772
736	782
736	787
736	873
736	961
737	342
737	460
737	572
737	602
737	627
737	645
737	658
737	681
737	682
737	703
737	713
737	714
737	720
737	735
737	738
737	758
737	760
737	765
737	768
737	769
737	773
737	785
737	786
737	788
737	898
738	520
738	544
738	611
738	621
738	652
738	654
738	661
738	694
738	703
738	714
738	720
738	737
738	745
738	747
738	758
738	760
738	761
738	768
738	769
738	773
738	785
738	786
738	792
738	794
738	802
739	174
739	537
739	548
739	558
739	565
739	577
739	631
739	636
739	637
739	645
739	649
739	671
739	693
739	696
739	708
739	709
739	723
739	729
739	734
739	736
739	742
739	744
739	784
739	791
739	798
739	986
740	174
740	526
740	553
740	615
740	622
740	660
740	665
740	667
740	677
740	703
740	741
740	750
740	760
740	761
740	766
740	771
740	774
740	778
740	781
740	783
740	788
740	789
740	794
740	795
740	797
740	947
741	71
741	240
741	444
741	560
741	605
741	618
741	649
741	653
741	664
741	673
741	681
741	690
741	698
741	701
741	703
741	711
741	718
741	740
741	750
741	753
741	755
741	766
741	771
741	778
741	781
741	789
742	219
742	558
742	571
742	577
742	582
742	623
742	628
742	630
742	631
742	637
742	645
742	671
742	693
742	694
742	707
742	708
742	723
742	734
742	739
742	744
742	751
742	757
742	759
742	784
742	881
742	999
743	512
743	538
743	568
743	600
743	601
743	618
743	623
743	624
743	625
743	663
743	675
743	696
743	704
743	720
743	732
743	733
743	754
743	767
743	770
743	771
743	772
743	775
743	777
743	779
743	791
743	798
744	55
744	126
744	577
744	618
744	628
744	630
744	631
744	636
744	637
744	645
744	647
744	649
744	659
744	684
744	693
744	696
744	707
744	712
744	723
744	734
744	739
744	742
744	745
744	761
744	778
744	782
744	944
745	234
745	485
745	547
745	561
745	570
745	587
745	597
745	621
745	633
745	635
745	650
745	677
745	685
745	705
745	738
745	744
745	749
745	752
745	756
745	764
745	774
745	778
745	781
745	782
745	783
745	797
745	949
746	114
746	551
746	586
746	613
746	652
746	655
746	662
746	663
746	675
746	679
746	689
746	699
746	711
746	721
746	725
746	727
746	729
746	747
746	751
746	767
746	780
746	784
746	786
746	790
746	793
746	795
746	958
747	272
747	584
747	627
747	653
747	696
747	718
747	731
747	735
747	738
747	746
747	748
747	750
747	753
747	755
747	760
747	761
747	766
747	771
747	774
747	778
747	785
747	788
747	794
747	795
747	797
747	991
747	998
748	268
748	311
748	324
748	563
748	567
748	570
748	574
748	622
748	641
748	650
748	668
748	698
748	725
748	731
748	735
748	747
748	754
748	755
748	766
748	778
748	781
748	785
748	788
748	789
748	794
748	795
748	797
749	166
749	172
749	556
749	558
749	575
749	578
749	597
749	601
749	629
749	633
749	650
749	677
749	689
749	705
749	712
749	745
749	755
749	756
749	762
749	763
749	764
749	774
749	782
749	785
749	787
749	795
749	812
750	160
750	177
750	541
750	558
750	574
750	597
750	615
750	625
750	644
750	663
750	665
750	698
750	707
750	718
750	740
750	741
750	747
750	753
750	755
750	756
750	769
750	771
750	778
750	781
750	788
750	789
750	794
750	795
751	540
751	565
751	590
751	596
751	605
751	642
751	659
751	689
751	690
751	691
751	696
751	706
751	716
751	727
751	729
751	742
751	746
751	755
751	766
751	767
751	782
751	783
751	784
751	790
751	793
751	798
751	801
751	859
752	274
752	500
752	545
752	561
752	589
752	596
752	621
752	642
752	661
752	674
752	677
752	691
752	702
752	710
752	712
752	716
752	723
752	724
752	745
752	756
752	761
752	764
752	782
752	784
752	790
752	792
752	795
752	798
753	98
753	295
753	542
753	559
753	563
753	603
753	642
753	653
753	655
753	675
753	688
753	699
753	728
753	735
753	741
753	747
753	750
753	755
753	761
753	767
753	778
753	781
753	788
753	789
753	794
753	795
753	797
753	962
754	361
754	439
754	551
754	568
754	585
754	587
754	615
754	623
754	634
754	650
754	658
754	666
754	672
754	685
754	713
754	716
754	722
754	726
754	733
754	743
754	748
754	757
754	773
754	775
754	779
754	783
754	791
754	793
754	798
755	34
755	529
755	543
755	553
755	556
755	560
755	589
755	644
755	660
755	664
755	667
755	671
755	699
755	741
755	747
755	748
755	749
755	750
755	751
755	753
755	761
755	771
755	774
755	778
755	789
755	791
755	794
755	795
755	797
755	827
756	94
756	496
756	556
756	564
756	629
756	636
756	648
756	650
756	651
756	663
756	670
756	692
756	702
756	710
756	717
756	721
756	724
756	731
756	745
756	749
756	750
756	752
756	764
756	765
756	774
756	776
756	782
756	792
756	798
756	957
757	29
757	92
757	524
757	545
757	581
757	588
757	601
757	615
757	618
757	623
757	624
757	641
757	646
757	659
757	669
757	691
757	713
757	719
757	726
757	732
757	742
757	754
757	772
757	775
757	777
757	778
757	791
757	792
757	796
757	798
758	362
758	507
758	548
758	557
758	599
758	602
758	606
758	636
758	646
758	647
758	682
758	685
758	703
758	714
758	720
758	729
758	730
758	737
758	738
758	760
758	765
758	766
758	768
758	769
758	773
758	782
758	785
758	786
758	788
758	999
759	479
759	562
759	566
759	586
759	594
759	607
759	608
759	620
759	639
759	655
759	656
759	668
759	671
759	678
759	681
759	686
759	691
759	698
759	701
759	709
759	710
759	717
759	719
759	728
759	742
759	762
759	763
759	797
759	971
759	977
760	223
760	544
760	571
760	579
760	606
760	611
760	617
760	627
760	639
760	652
760	654
760	678
760	682
760	720
760	737
760	738
760	740
760	747
760	758
760	765
760	768
760	769
760	772
760	773
760	778
760	785
760	786
760	791
760	919
760	959
761	68
761	144
761	417
761	549
761	560
761	662
761	663
761	664
761	673
761	692
761	698
761	728
761	735
761	738
761	740
761	744
761	747
761	752
761	753
761	755
761	766
761	768
761	771
761	777
761	778
761	783
761	788
761	789
761	793
761	795
761	797
762	198
762	241
762	377
762	551
762	562
762	566
762	571
762	593
762	594
762	608
762	620
762	632
762	634
762	639
762	655
762	656
762	668
762	681
762	701
762	702
762	709
762	717
762	719
762	728
762	734
762	749
762	759
762	763
762	786
762	793
762	795
763	434
763	551
763	562
763	566
763	571
763	586
763	594
763	602
763	608
763	620
763	631
763	639
763	655
763	656
763	668
763	676
763	681
763	686
763	690
763	701
763	709
763	717
763	719
763	722
763	728
763	735
763	749
763	759
763	762
763	783
763	796
763	926
763	958
764	43
764	496
764	576
764	578
764	597
764	598
764	629
764	648
764	650
764	677
764	681
764	683
764	692
764	697
764	710
764	718
764	724
764	731
764	745
764	749
764	752
764	756
764	769
764	774
764	775
764	780
764	782
764	784
764	787
764	788
764	796
764	841
764	907
765	173
765	181
765	436
765	579
765	580
765	584
765	599
765	606
765	607
765	609
765	611
765	617
765	625
765	654
765	674
765	682
765	694
765	703
765	714
765	737
765	756
765	758
765	760
765	768
765	769
765	773
765	778
765	785
765	786
765	789
765	797
765	798
765	828
766	296
766	516
766	549
766	555
766	608
766	631
766	653
766	660
766	673
766	680
766	698
766	704
766	705
766	710
766	713
766	718
766	735
766	740
766	741
766	747
766	748
766	751
766	758
766	761
766	771
766	778
766	781
766	788
766	789
766	793
766	794
766	795
766	797
766	985
767	132
767	351
767	435
767	595
767	605
767	615
767	616
767	619
767	621
767	627
767	641
767	675
767	678
767	679
767	685
767	690
767	699
767	706
767	711
767	727
767	730
767	735
767	743
767	746
767	751
767	753
767	780
767	783
767	784
767	788
767	790
767	791
767	792
767	793
768	395
768	548
768	557
768	566
768	580
768	594
768	599
768	600
768	617
768	627
768	638
768	654
768	677
768	682
768	703
768	714
768	715
768	718
768	719
768	720
768	734
768	737
768	738
768	758
768	760
768	761
768	765
768	769
768	773
768	785
768	786
768	793
768	934
768	991
769	122
769	544
769	557
769	579
769	580
769	592
769	599
769	602
769	606
769	611
769	627
769	682
769	694
769	695
769	699
769	700
769	714
769	720
769	721
769	737
769	738
769	750
769	758
769	760
769	764
769	765
769	768
769	773
769	785
769	791
769	792
769	794
769	966
769	971
770	488
770	546
770	550
770	552
770	583
770	593
770	604
770	607
770	612
770	614
770	627
770	632
770	638
770	643
770	651
770	670
770	687
770	695
770	698
770	700
770	702
770	712
770	715
770	722
770	727
770	736
770	743
770	772
770	775
770	782
770	789
770	792
770	839
770	882
771	103
771	178
771	543
771	553
771	567
771	576
771	618
771	622
771	647
771	652
771	660
771	663
771	698
771	708
771	716
771	717
771	735
771	740
771	741
771	743
771	747
771	750
771	755
771	761
771	766
771	781
771	785
771	788
771	789
771	790
771	794
771	795
771	797
771	874
771	950
772	260
772	400
772	504
772	546
772	548
772	550
772	552
772	573
772	582
772	583
772	593
772	607
772	612
772	614
772	632
772	638
772	643
772	651
772	670
772	674
772	680
772	687
772	690
772	695
772	699
772	700
772	715
772	716
772	722
772	736
772	743
772	757
772	760
772	770
772	779
772	793
773	174
773	259
773	548
773	549
773	576
773	580
773	599
773	602
773	606
773	611
773	627
773	664
773	682
773	690
773	694
773	695
773	703
773	706
773	714
773	719
773	720
773	725
773	737
773	738
773	754
773	758
773	760
773	765
773	768
773	769
773	785
773	786
773	787
773	789
773	972
773	985
774	108
774	532
774	542
774	545
774	547
774	573
774	575
774	589
774	595
774	596
774	633
774	640
774	648
774	650
774	673
774	674
774	680
774	682
774	688
774	700
774	709
774	710
774	712
774	724
774	731
774	740
774	745
774	747
774	749
774	755
774	756
774	764
774	776
774	782
774	785
774	788
774	1000
775	146
775	491
775	536
775	550
775	557
775	568
775	569
775	588
775	592
775	609
775	618
775	622
775	648
775	657
775	664
775	666
775	669
775	672
775	673
775	684
775	687
775	693
775	704
775	716
775	725
775	726
775	733
775	743
775	754
775	757
775	764
775	770
775	779
775	787
775	791
775	796
775	974
776	86
776	253
776	293
776	545
776	564
776	575
776	578
776	583
776	597
776	598
776	603
776	606
776	610
776	629
776	640
776	661
776	674
776	677
776	683
776	689
776	697
776	702
776	705
776	710
776	712
776	729
776	731
776	756
776	774
776	777
776	780
776	782
776	787
776	792
776	794
776	798
776	1000
777	404
777	457
777	552
777	568
777	570
777	572
777	585
777	588
777	596
777	603
777	609
777	618
777	623
777	626
777	634
777	636
777	637
777	641
777	657
777	658
777	659
777	666
777	700
777	704
777	705
777	715
777	716
777	717
777	733
777	743
777	757
777	761
777	776
777	779
777	795
777	796
777	798
777	817
778	132
778	468
778	508
778	534
778	563
778	622
778	628
778	635
778	637
778	644
778	653
778	663
778	664
778	718
778	730
778	731
778	735
778	740
778	741
778	744
778	745
778	747
778	748
778	750
778	753
778	755
778	757
778	760
778	761
778	765
778	766
778	781
778	788
778	789
778	790
778	794
778	795
778	797
779	169
779	249
779	270
779	575
779	600
779	601
779	609
779	615
779	621
779	625
779	626
779	634
779	639
779	646
779	654
779	658
779	660
779	666
779	669
779	672
779	682
779	683
779	684
779	692
779	704
779	726
779	732
779	733
779	743
779	754
779	772
779	775
779	777
779	781
779	788
779	791
779	794
779	796
779	798
780	141
780	464
780	531
780	590
780	592
780	602
780	610
780	616
780	626
780	646
780	665
780	672
780	675
780	676
780	679
780	685
780	686
780	689
780	690
780	699
780	701
780	709
780	711
780	721
780	727
780	729
780	730
780	733
780	746
780	764
780	767
780	776
780	783
780	784
780	789
780	790
780	793
780	796
780	973
781	49
781	163
781	255
781	403
781	549
781	555
781	559
781	563
781	567
781	569
781	599
781	620
781	628
781	639
781	660
781	698
781	705
781	707
781	709
781	715
781	718
781	729
781	735
781	740
781	741
781	745
781	748
781	750
781	753
781	766
781	771
781	778
781	779
781	782
781	788
781	789
781	794
781	795
781	797
782	269
782	355
782	384
782	447
782	556
782	561
782	576
782	588
782	589
782	596
782	598
782	629
782	633
782	648
782	669
782	674
782	697
782	702
782	705
782	706
782	712
782	718
782	724
782	731
782	736
782	744
782	745
782	749
782	751
782	752
782	756
782	758
782	764
782	770
782	774
782	776
782	781
782	790
782	792
782	795
783	323
783	367
783	590
783	595
783	606
783	610
783	616
783	642
783	646
783	652
783	678
783	679
783	683
783	685
783	690
783	691
783	699
783	706
783	721
783	727
783	729
783	730
783	732
783	740
783	745
783	751
783	754
783	761
783	763
783	767
783	780
783	784
783	787
783	790
783	791
783	793
783	795
783	796
783	797
783	823
783	941
784	264
784	280
784	540
784	545
784	554
784	557
784	567
784	586
784	590
784	591
784	607
784	610
784	619
784	634
784	642
784	646
784	665
784	675
784	676
784	678
784	685
784	689
784	699
784	711
784	721
784	722
784	729
784	739
784	742
784	746
784	751
784	752
784	764
784	767
784	780
784	783
784	790
784	793
784	794
784	796
784	907
785	284
785	473
785	544
785	548
785	557
785	579
785	580
785	590
785	599
785	602
785	606
785	611
785	617
785	626
785	642
785	654
785	682
785	694
785	700
785	703
785	714
785	724
785	737
785	738
785	747
785	748
785	749
785	758
785	760
785	765
785	768
785	769
785	771
785	773
785	774
785	786
785	789
785	795
785	895
785	977
785	982
786	176
786	475
786	476
786	494
786	542
786	544
786	548
786	557
786	560
786	579
786	580
786	585
786	599
786	602
786	606
786	611
786	612
786	617
786	627
786	651
786	654
786	682
786	686
786	688
786	694
786	703
786	710
786	714
786	720
786	730
786	737
786	738
786	746
786	758
786	760
786	762
786	765
786	768
786	773
786	785
786	789
787	130
787	265
787	312
787	542
787	545
787	547
787	550
787	554
787	564
787	575
787	578
787	589
787	596
787	597
787	629
787	631
787	633
787	635
787	640
787	641
787	648
787	650
787	652
787	674
787	676
787	677
787	688
787	692
787	702
787	712
787	724
787	733
787	736
787	749
787	764
787	773
787	775
787	776
787	783
787	792
787	793
787	850
788	69
788	325
788	501
788	536
788	563
788	567
788	569
788	573
788	584
788	617
788	622
788	644
788	645
788	646
788	653
788	662
788	664
788	666
788	687
788	698
788	718
788	720
788	735
788	737
788	740
788	747
788	748
788	750
788	753
788	758
788	761
788	764
788	766
788	767
788	771
788	774
788	778
788	779
788	781
788	789
788	794
788	795
788	797
788	811
789	159
789	256
789	395
789	543
789	549
789	555
789	560
789	564
789	569
789	584
789	593
789	645
789	653
789	662
789	663
789	667
789	673
789	698
789	702
789	713
789	718
789	740
789	741
789	748
789	750
789	753
789	755
789	761
789	765
789	766
789	770
789	771
789	773
789	778
789	780
789	781
789	785
789	786
789	788
789	794
789	797
789	798
789	904
789	940
790	292
790	484
790	586
790	590
790	610
790	612
790	613
790	616
790	619
790	630
790	633
790	645
790	646
790	652
790	654
790	659
790	665
790	678
790	679
790	682
790	684
790	689
790	690
790	691
790	694
790	711
790	721
790	727
790	729
790	730
790	746
790	751
790	752
790	767
790	771
790	778
790	780
790	782
790	783
790	784
790	793
790	796
790	845
790	969
791	41
791	528
791	564
791	570
791	572
791	581
791	588
791	600
791	601
791	603
791	609
791	618
791	623
791	624
791	625
791	626
791	630
791	649
791	650
791	657
791	658
791	666
791	672
791	684
791	686
791	706
791	719
791	732
791	733
791	739
791	743
791	754
791	755
791	757
791	760
791	767
791	769
791	775
791	779
791	783
791	794
791	796
791	798
791	871
791	969
792	275
792	545
792	547
792	556
792	561
792	564
792	576
792	578
792	587
792	589
792	596
792	614
792	621
792	625
792	629
792	635
792	648
792	661
792	679
792	688
792	691
792	692
792	696
792	705
792	710
792	712
792	714
792	722
792	724
792	731
792	738
792	752
792	756
792	757
792	767
792	769
792	770
792	776
792	782
792	787
792	797
792	849
792	858
792	866
792	950
793	131
793	262
793	289
793	554
793	555
793	577
793	586
793	591
793	595
793	596
793	610
793	616
793	619
793	632
793	659
793	665
793	676
793	678
793	679
793	685
793	689
793	690
793	691
793	699
793	706
793	707
793	710
793	721
793	724
793	729
793	730
793	746
793	751
793	754
793	761
793	762
793	766
793	767
793	768
793	772
793	780
793	783
793	784
793	787
793	790
793	917
794	391
794	474
794	543
794	552
794	553
794	559
794	560
794	565
794	569
794	572
794	574
794	585
794	608
794	622
794	626
794	644
794	658
794	660
794	662
794	663
794	664
794	698
794	718
794	729
794	738
794	740
794	747
794	748
794	750
794	753
794	755
794	766
794	769
794	771
794	776
794	778
794	779
794	781
794	784
794	788
794	789
794	791
794	795
794	797
794	806
794	922
795	147
795	230
795	272
795	441
795	559
795	567
795	569
795	574
795	584
795	629
795	633
795	641
795	644
795	653
795	660
795	662
795	664
795	668
795	673
795	687
795	698
795	718
795	735
795	740
795	746
795	747
795	748
795	749
795	750
795	752
795	753
795	755
795	761
795	762
795	766
795	771
795	777
795	778
795	781
795	782
795	783
795	785
795	788
795	794
795	796
795	797
795	798
795	918
796	70
796	568
796	569
796	572
796	577
796	581
796	585
796	588
796	600
796	603
796	605
796	618
796	623
796	625
796	626
796	641
796	644
796	648
796	667
796	668
796	669
796	672
796	673
796	684
796	685
796	704
796	713
796	716
796	725
796	726
796	732
796	757
796	763
796	764
796	775
796	777
796	779
796	780
796	783
796	784
796	790
796	791
796	795
796	798
796	808
796	905
796	987
796	991
797	175
797	495
797	500
797	543
797	547
797	549
797	553
797	555
797	559
797	560
797	563
797	574
797	579
797	584
797	612
797	622
797	651
797	663
797	664
797	670
797	673
797	674
797	678
797	679
797	698
797	722
797	732
797	735
797	740
797	745
797	747
797	748
797	753
797	755
797	759
797	761
797	765
797	766
797	771
797	778
797	781
797	783
797	788
797	789
797	792
797	794
797	795
797	819
797	937
798	200
798	314
798	320
798	426
798	570
798	572
798	581
798	587
798	588
798	592
798	600
798	618
798	625
798	626
798	641
798	648
798	655
798	657
798	658
798	666
798	667
798	669
798	672
798	678
798	683
798	684
798	704
798	713
798	720
798	723
798	725
798	731
798	732
798	733
798	739
798	743
798	751
798	752
798	754
798	756
798	757
798	765
798	776
798	777
798	779
798	789
798	791
798	795
798	796
799	397
799	827
799	828
799	873
799	953
799	960
799	967
799	979
799	981
799	995
800	517
800	829
800	845
800	926
800	932
800	960
800	985
800	991
800	995
800	1000
801	751
801	835
801	860
801	891
801	929
801	962
801	967
801	972
801	997
801	999
802	738
802	852
802	870
802	874
802	893
802	965
802	971
802	975
802	980
802	983
803	191
803	811
803	935
803	940
803	946
803	954
803	975
803	980
803	982
803	983
804	130
804	810
804	813
804	853
804	892
804	910
804	914
804	928
804	972
804	975
805	271
805	848
805	870
805	888
805	940
805	953
805	957
805	981
805	991
805	995
806	794
806	836
806	896
806	909
806	930
806	932
806	942
806	981
806	991
806	1000
807	526
807	893
807	928
807	956
807	971
807	986
807	990
807	993
807	994
807	997
808	796
808	809
808	859
808	889
808	908
808	951
808	969
808	970
808	977
808	979
809	364
809	808
809	834
809	908
809	909
809	949
809	969
809	970
809	977
809	995
810	663
810	804
810	930
810	931
810	933
810	936
810	938
810	944
810	980
810	986
811	788
811	803
811	882
811	933
811	945
811	960
811	962
811	981
811	991
811	995
812	749
812	822
812	917
812	931
812	938
812	942
812	954
812	963
812	974
812	987
813	525
813	804
813	846
813	912
813	942
813	951
813	954
813	958
813	960
813	999
814	139
814	867
814	909
814	912
814	915
814	953
814	975
814	981
814	995
814	996
815	591
815	897
815	939
815	951
815	965
815	974
815	985
815	990
815	997
815	998
816	380
816	928
816	939
816	946
816	956
816	962
816	966
816	985
816	993
816	994
817	777
817	842
817	844
817	984
817	988
817	994
817	995
817	996
817	997
817	998
817	1000
818	142
818	840
818	911
818	926
818	950
818	975
818	980
818	983
818	987
818	988
818	998
819	797
819	833
819	899
819	907
819	940
819	965
819	979
819	982
819	983
819	988
819	990
820	145
820	273
820	952
820	964
820	968
820	975
820	976
820	979
820	986
820	988
820	998
821	513
821	900
821	914
821	925
821	935
821	955
821	958
821	963
821	977
821	985
821	999
822	293
822	812
822	840
822	873
822	894
822	938
822	939
822	968
822	976
822	979
822	986
823	783
823	901
823	935
823	942
823	944
823	947
823	952
823	958
823	963
823	987
823	990
824	281
824	862
824	873
824	875
824	955
824	956
824	958
824	968
824	974
824	985
824	997
825	695
825	888
825	895
825	906
825	911
825	951
825	972
825	973
825	987
825	990
825	996
826	499
826	846
826	881
826	885
826	888
826	937
826	971
826	988
826	989
826	992
826	996
827	755
827	799
827	853
827	869
827	877
827	907
827	945
827	947
827	957
827	960
827	991
828	440
828	765
828	799
828	832
828	882
828	899
828	923
828	926
828	950
828	982
828	983
829	476
829	800
829	871
829	917
829	943
829	953
829	962
829	987
829	991
829	995
829	1000
830	600
830	840
830	885
830	936
830	938
830	941
830	952
830	968
830	975
830	976
830	986
831	168
831	943
831	978
831	984
831	988
831	989
831	992
831	993
831	994
831	998
831	999
832	277
832	828
832	857
832	863
832	894
832	909
832	951
832	960
832	962
832	991
832	995
833	516
833	819
833	879
833	946
833	957
833	965
833	971
833	973
833	980
833	982
833	983
834	37
834	809
834	873
834	879
834	921
834	937
834	954
834	971
834	975
834	980
834	983
835	412
835	801
835	846
835	860
835	895
835	931
835	935
835	985
835	991
835	997
835	999
836	61
836	806
836	873
836	892
836	896
836	940
836	945
836	962
836	968
836	981
836	991
836	995
837	34
837	859
837	868
837	871
837	876
837	877
837	900
837	907
837	919
837	969
837	970
837	977
838	197
838	880
838	900
838	955
838	963
838	982
838	985
838	987
838	990
838	996
838	997
838	999
839	611
839	770
839	841
839	875
839	879
839	920
839	941
839	952
839	973
839	976
839	979
839	997
840	332
840	818
840	822
840	830
840	921
840	925
840	926
840	940
840	954
840	965
840	982
840	997
841	452
841	764
841	839
841	891
841	936
841	952
841	964
841	968
841	971
841	979
841	986
841	996
842	144
842	817
842	843
842	942
842	971
842	973
842	984
842	992
842	994
842	995
842	998
842	1000
843	123
843	842
843	851
843	869
843	900
843	905
843	920
843	927
843	936
843	969
843	970
843	977
844	95
844	817
844	905
844	908
844	910
844	919
844	927
844	941
844	949
844	963
844	977
844	986
845	790
845	800
845	849
845	880
845	909
845	918
845	929
845	935
845	964
845	981
845	995
845	999
846	127
846	813
846	826
846	835
846	890
846	948
846	966
846	988
846	989
846	992
846	995
846	998
847	194
847	875
847	898
847	900
847	934
847	964
847	968
847	976
847	984
847	986
847	993
847	998
848	130
848	164
848	805
848	854
848	892
848	910
848	926
848	943
848	953
848	957
848	962
848	981
848	995
849	458
849	792
849	845
849	857
849	913
849	918
849	929
849	931
849	943
849	953
849	971
849	974
849	995
850	551
850	787
850	858
850	883
850	907
850	945
850	961
850	988
850	989
850	992
850	994
850	996
850	998
851	674
851	843
851	877
851	881
851	900
851	918
851	919
851	939
851	948
851	949
851	969
851	970
851	977
852	414
852	431
852	802
852	906
852	907
852	927
852	954
852	971
852	973
852	975
852	980
852	982
852	983
853	498
853	804
853	827
853	886
853	896
853	901
853	906
853	929
853	951
853	967
853	987
853	990
853	999
854	156
854	848
854	859
854	875
854	912
854	943
854	945
854	957
854	960
854	966
854	981
854	995
854	997
855	660
855	908
855	914
855	961
855	966
855	978
855	981
855	984
855	989
855	992
855	995
855	996
855	998
856	379
856	933
856	937
856	946
856	978
856	981
856	984
856	986
856	988
856	992
856	994
856	996
856	1000
857	192
857	832
857	849
857	888
857	906
857	915
857	945
857	947
857	953
857	955
857	978
857	991
857	995
858	792
858	850
858	859
858	869
858	890
858	905
858	908
858	927
858	942
858	969
858	970
858	977
858	994
859	751
859	808
859	837
859	854
859	858
859	890
859	908
859	935
859	949
859	967
859	968
859	969
859	977
860	221
860	801
860	835
860	894
860	920
860	930
860	964
860	968
860	976
860	979
860	983
860	986
860	991
861	726
861	734
861	874
861	898
861	919
861	922
861	923
861	935
861	959
861	994
861	996
861	998
861	1000
862	287
862	824
862	887
862	909
862	933
862	934
862	938
862	942
862	944
862	952
862	976
862	986
862	996
863	424
863	832
863	873
863	893
863	915
863	943
863	947
863	960
863	962
863	963
863	971
863	989
863	991
864	140
864	866
864	880
864	890
864	900
864	910
864	919
864	927
864	949
864	970
864	973
864	977
864	999
865	579
865	867
865	897
865	906
865	948
865	959
865	969
865	988
865	989
865	992
865	994
865	995
865	998
865	1000
866	161
866	792
866	864
866	920
866	930
866	934
866	944
866	952
866	975
866	976
866	979
866	986
866	988
866	993
867	278
867	814
867	865
867	888
867	892
867	901
867	954
867	958
867	970
867	972
867	987
867	993
867	997
867	999
868	534
868	718
868	837
868	871
868	890
868	902
868	910
868	935
868	949
868	969
868	970
868	971
868	977
868	992
869	335
869	827
869	843
869	858
869	896
869	915
869	924
869	945
869	957
869	962
869	967
869	981
869	985
869	991
870	156
870	276
870	802
870	805
870	930
870	945
870	948
870	973
870	984
870	989
870	994
870	995
870	998
870	1000
871	520
871	791
871	829
871	837
871	868
871	881
871	891
871	919
871	924
871	927
871	967
871	969
871	970
871	977
872	217
872	722
872	909
872	933
872	960
872	961
872	972
872	978
872	984
872	989
872	992
872	994
872	996
872	1000
873	736
873	799
873	822
873	824
873	834
873	836
873	863
873	908
873	915
873	918
873	929
873	953
873	962
873	981
874	771
874	802
874	861
874	937
874	959
874	963
874	973
874	984
874	990
874	992
874	996
874	997
874	998
874	1000
875	307
875	471
875	824
875	839
875	847
875	854
875	898
875	938
875	964
875	965
875	968
875	979
875	986
875	989
876	1
876	13
876	837
876	888
876	914
876	937
876	960
876	973
876	978
876	984
876	988
876	994
876	996
876	1000
877	532
877	575
877	827
877	837
877	851
877	878
877	888
877	928
877	935
877	958
877	985
877	990
877	999
877	1000
878	6
878	877
878	885
878	910
878	914
878	923
878	937
878	952
878	955
878	958
878	974
878	993
878	997
878	999
879	429
879	833
879	834
879	839
879	940
879	954
879	956
879	962
879	975
879	980
879	981
879	982
879	983
879	999
880	63
880	650
880	838
880	845
880	864
880	883
880	924
880	929
880	945
880	953
880	957
880	979
880	991
880	995
881	479
881	742
881	826
881	851
881	871
881	905
881	918
881	927
881	931
881	949
881	969
881	970
881	977
881	992
882	141
882	770
882	811
882	828
882	886
882	902
882	903
882	950
882	965
882	980
882	981
882	982
882	983
882	989
882	995
883	74
883	850
883	880
883	889
883	901
883	917
883	941
883	956
883	963
883	967
883	968
883	987
883	993
883	997
883	999
884	277
884	893
884	896
884	913
884	956
884	959
884	962
884	966
884	973
884	984
884	988
884	989
884	994
884	996
884	1000
885	548
885	826
885	830
885	878
885	891
885	898
885	959
885	967
885	972
885	974
885	977
885	985
885	990
885	997
885	999
886	27
886	135
886	853
886	882
886	923
886	938
886	959
886	963
886	988
886	989
886	991
886	992
886	996
886	998
886	1000
887	506
887	862
887	898
887	930
887	936
887	938
887	941
887	944
887	945
887	948
887	959
887	964
887	974
887	976
887	986
888	449
888	805
888	825
888	826
888	857
888	867
888	876
888	877
888	906
888	941
888	987
888	990
888	993
888	997
888	999
889	318
889	808
889	883
889	904
889	906
889	933
889	948
889	973
889	978
889	980
889	984
889	994
889	996
889	998
889	1000
890	495
890	846
890	858
890	859
890	864
890	868
890	905
890	910
890	925
890	944
890	949
890	968
890	969
890	970
890	983
891	170
891	801
891	841
891	871
891	885
891	913
891	920
891	935
891	946
891	965
891	967
891	974
891	985
891	990
891	999
892	374
892	492
892	804
892	836
892	848
892	867
892	917
892	946
892	955
892	967
892	980
892	985
892	987
892	992
892	993
892	999
893	463
893	536
893	802
893	807
893	863
893	884
893	923
893	931
893	951
893	956
893	967
893	972
893	990
893	993
893	997
893	999
894	638
894	822
894	832
894	860
894	913
894	926
894	933
894	936
894	944
894	952
894	964
894	968
894	979
894	984
894	986
894	996
895	294
895	785
895	825
895	835
895	917
895	942
895	943
895	947
895	952
895	955
895	958
895	963
895	980
895	990
895	993
895	999
896	54
896	698
896	806
896	836
896	853
896	869
896	884
896	918
896	947
896	953
896	957
896	966
896	986
896	991
896	995
896	997
897	30
897	143
897	815
897	865
897	901
897	905
897	948
897	961
897	966
897	983
897	988
897	994
897	996
897	998
897	999
897	1000
898	737
898	847
898	861
898	875
898	885
898	887
898	927
898	934
898	936
898	938
898	941
898	944
898	946
898	979
898	986
898	997
899	411
899	819
899	828
899	902
899	907
899	913
899	920
899	925
899	965
899	971
899	973
899	980
899	982
899	983
899	984
899	995
900	690
900	821
900	837
900	838
900	843
900	847
900	851
900	864
900	908
900	919
900	949
900	955
900	969
900	970
900	975
900	977
901	481
901	823
901	853
901	867
901	883
901	897
901	928
901	931
901	936
901	953
901	972
901	982
901	984
901	987
901	990
901	997
901	998
902	172
902	605
902	868
902	882
902	899
902	926
902	939
902	940
902	950
902	951
902	965
902	975
902	980
902	982
902	983
902	994
902	995
903	245
903	521
903	882
903	911
903	915
903	928
903	940
903	950
903	951
903	954
903	971
903	974
903	975
903	978
903	980
903	982
903	983
904	432
904	789
904	889
904	924
904	935
904	966
904	973
904	978
904	981
904	984
904	988
904	989
904	996
904	997
904	998
904	999
904	1000
905	488
905	796
905	843
905	844
905	858
905	881
905	890
905	897
905	910
905	927
905	969
905	970
905	976
905	977
905	989
905	994
905	996
906	278
906	511
906	825
906	852
906	853
906	857
906	865
906	888
906	889
906	917
906	931
906	946
906	949
906	972
906	974
906	995
906	997
906	999
907	764
907	784
907	819
907	827
907	837
907	850
907	852
907	899
907	911
907	950
907	959
907	965
907	971
907	975
907	980
907	982
907	983
907	985
908	481
908	619
908	808
908	809
908	844
908	855
908	858
908	859
908	873
908	900
908	919
908	944
908	949
908	953
908	969
908	970
908	976
908	977
909	46
909	699
909	806
909	809
909	814
909	832
909	845
909	862
909	872
909	921
909	929
909	947
909	962
909	981
909	983
909	987
909	991
909	995
910	15
910	490
910	804
910	844
910	848
910	864
910	868
910	878
910	890
910	905
910	911
910	927
910	949
910	969
910	970
910	977
910	987
910	1000
911	125
911	139
911	818
911	825
911	903
911	907
911	910
911	925
911	926
911	944
911	950
911	965
911	971
911	980
911	982
911	983
911	989
911	996
912	134
912	171
912	813
912	814
912	854
912	915
912	929
912	945
912	947
912	948
912	955
912	960
912	978
912	980
912	981
912	987
912	991
912	995
913	484
913	606
913	849
913	884
913	891
913	894
913	899
913	932
913	939
913	951
913	955
913	963
913	967
913	972
913	985
913	990
913	992
913	999
914	410
914	444
914	804
914	821
914	855
914	876
914	878
914	942
914	948
914	958
914	963
914	967
914	974
914	977
914	985
914	992
914	993
914	997
914	999
915	614
915	681
915	814
915	857
915	863
915	869
915	873
915	903
915	912
915	931
915	943
915	947
915	962
915	966
915	970
915	981
915	991
915	994
915	1000
916	152
916	161
916	922
916	939
916	944
916	955
916	959
916	964
916	972
916	973
916	975
916	984
916	988
916	989
916	992
916	994
916	996
916	998
916	1000
917	329
917	793
917	812
917	829
917	883
917	892
917	895
917	906
917	927
917	936
917	949
917	951
917	953
917	971
917	974
917	985
917	987
917	990
917	997
918	402
918	795
918	845
918	849
918	851
918	873
918	881
918	896
918	924
918	940
918	943
918	945
918	949
918	960
918	962
918	968
918	991
918	995
918	1000
919	206
919	760
919	837
919	844
919	851
919	861
919	864
919	871
919	900
919	908
919	921
919	927
919	949
919	954
919	960
919	963
919	969
919	970
919	977
920	170
920	568
920	839
920	843
920	860
920	866
920	891
920	899
920	930
920	933
920	934
920	941
920	944
920	964
920	968
920	976
920	986
920	988
920	994
921	85
921	727
921	834
921	840
921	909
921	919
921	926
921	932
921	940
921	948
921	950
921	954
921	965
921	971
921	975
921	980
921	982
921	983
921	992
922	706
922	794
922	861
922	916
922	954
922	961
922	966
922	968
922	973
922	977
922	978
922	979
922	983
922	984
922	988
922	989
922	990
922	992
922	998
923	153
923	162
923	828
923	861
923	878
923	886
923	893
923	961
923	964
923	966
923	972
923	973
923	978
923	989
923	992
923	993
923	994
923	996
923	998
923	1000
924	262
924	443
924	869
924	871
924	880
924	904
924	918
924	925
924	932
924	943
924	945
924	947
924	953
924	956
924	957
924	958
924	981
924	988
924	991
924	995
925	57
925	653
925	821
925	840
925	890
925	899
925	911
925	924
925	926
925	938
925	940
925	954
925	965
925	971
925	975
925	980
925	981
925	982
925	983
925	984
926	297
926	763
926	800
926	818
926	828
926	840
926	848
926	894
926	902
926	911
926	921
926	925
926	950
926	952
926	971
926	975
926	980
926	982
926	988
926	999
927	57
927	472
927	843
927	844
927	852
927	858
927	864
927	871
927	881
927	898
927	905
927	910
927	917
927	919
927	949
927	963
927	969
927	970
927	977
927	989
927	999
928	212
928	615
928	804
928	807
928	816
928	877
928	901
928	903
928	939
928	941
928	942
928	946
928	950
928	956
928	963
928	972
928	981
928	982
928	987
928	993
928	998
929	165
929	735
929	801
929	845
929	849
929	853
929	873
929	880
929	909
929	912
929	932
929	947
929	957
929	960
929	962
929	980
929	981
929	985
929	987
929	991
929	993
929	996
930	292
930	498
930	553
930	806
930	810
930	860
930	866
930	870
930	887
930	920
930	933
930	934
930	941
930	952
930	964
930	968
930	971
930	979
930	982
930	986
930	998
930	1000
931	340
931	721
931	810
931	812
931	835
931	849
931	881
931	893
931	901
931	906
931	915
931	939
931	942
931	955
931	961
931	963
931	972
931	978
931	986
931	987
931	993
931	997
932	65
932	92
932	133
932	800
932	806
932	913
932	921
932	924
932	929
932	936
932	943
932	945
932	953
932	957
932	960
932	962
932	978
932	981
932	985
932	991
932	995
932	999
933	284
933	503
933	810
933	811
933	856
933	862
933	872
933	889
933	894
933	920
933	930
933	935
933	940
933	941
933	944
933	950
933	952
933	964
933	968
933	976
933	979
933	986
934	490
934	768
934	847
934	862
934	866
934	898
934	920
934	930
934	941
934	944
934	946
934	952
934	956
934	962
934	965
934	968
934	976
934	979
934	985
934	986
934	990
934	991
935	169
935	645
935	803
935	821
935	823
935	835
935	845
935	859
935	861
935	868
935	877
935	891
935	904
935	933
935	951
935	955
935	958
935	963
935	985
935	990
935	993
935	997
936	145
936	701
936	810
936	830
936	841
936	843
936	887
936	894
936	898
936	901
936	917
936	932
936	938
936	941
936	944
936	956
936	964
936	968
936	975
936	976
936	979
936	986
936	998
937	664
937	797
937	826
937	834
937	856
937	874
937	876
937	878
937	941
937	947
937	959
937	966
937	967
937	969
937	970
937	978
937	984
937	988
937	989
937	992
937	994
937	996
937	1000
938	65
938	135
938	712
938	810
938	812
938	822
938	830
938	862
938	875
938	886
938	887
938	898
938	925
938	936
938	941
938	957
938	961
938	964
938	968
938	976
938	979
938	984
938	986
939	315
939	494
939	815
939	816
939	822
939	851
939	902
939	913
939	916
939	928
939	931
939	942
939	946
939	951
939	955
939	967
939	974
939	979
939	984
939	987
939	992
939	993
939	997
939	998
940	303
940	523
940	789
940	803
940	805
940	819
940	836
940	840
940	879
940	902
940	903
940	918
940	921
940	925
940	933
940	952
940	954
940	964
940	965
940	968
940	971
940	975
940	980
940	983
941	503
941	783
941	830
941	839
941	844
941	883
941	887
941	888
941	898
941	920
941	928
941	930
941	933
941	934
941	936
941	937
941	938
941	944
941	949
941	953
941	964
941	976
941	979
941	986
941	996
942	9
942	515
942	806
942	812
942	813
942	823
942	842
942	858
942	862
942	895
942	914
942	928
942	931
942	939
942	948
942	957
942	958
942	960
942	961
942	963
942	972
942	985
942	990
942	993
942	997
942	999
943	19
943	537
943	702
943	829
943	831
943	848
943	849
943	854
943	863
943	895
943	915
943	918
943	924
943	932
943	945
943	947
943	951
943	953
943	955
943	956
943	960
943	982
943	983
943	991
943	995
943	997
944	592
944	744
944	810
944	823
944	862
944	866
944	887
944	890
944	894
944	898
944	908
944	911
944	916
944	920
944	933
944	934
944	936
944	941
944	952
944	956
944	964
944	974
944	976
944	979
944	986
944	994
945	153
945	291
945	694
945	811
945	827
945	836
945	850
945	854
945	857
945	869
945	870
945	880
945	887
945	912
945	918
945	924
945	932
945	943
945	951
945	953
945	957
945	970
945	988
945	990
945	995
945	997
946	248
946	528
946	803
946	816
946	833
946	856
946	891
946	892
946	898
946	906
946	928
946	934
946	939
946	950
946	951
946	954
946	956
946	958
946	974
946	985
946	987
946	989
946	990
946	993
946	997
946	999
947	277
947	629
947	740
947	823
947	827
947	857
947	863
947	895
947	896
947	909
947	912
947	915
947	924
947	929
947	937
947	943
947	948
947	959
947	960
947	962
947	972
947	981
947	984
947	985
947	991
947	995
948	428
948	539
948	728
948	846
948	851
948	865
948	870
948	887
948	889
948	897
948	912
948	914
948	921
948	942
948	947
948	951
948	961
948	966
948	973
948	978
948	988
948	989
948	992
948	994
948	996
948	998
948	1000
949	118
949	396
949	745
949	809
949	844
949	851
949	859
949	864
949	868
949	881
949	890
949	900
949	906
949	908
949	910
949	917
949	918
949	919
949	927
949	941
949	957
949	964
949	969
949	970
949	977
949	983
949	991
950	456
950	771
950	792
950	818
950	828
950	882
950	902
950	903
950	907
950	911
950	921
950	926
950	928
950	933
950	946
950	954
950	965
950	968
950	971
950	975
950	980
950	982
950	983
950	988
950	991
950	993
950	996
951	117
951	401
951	808
951	813
951	815
951	825
951	832
951	853
951	893
951	902
951	903
951	913
951	917
951	935
951	939
951	943
951	945
951	946
951	948
951	959
951	974
951	985
951	987
951	990
951	993
951	995
951	997
951	999
952	278
952	450
952	725
952	820
952	823
952	830
952	839
952	841
952	862
952	866
952	878
952	894
952	895
952	926
952	930
952	933
952	934
952	940
952	944
952	964
952	966
952	968
952	976
952	979
952	982
952	986
952	990
952	993
953	634
953	636
953	693
953	799
953	805
953	814
953	829
953	848
953	849
953	857
953	873
953	880
953	896
953	901
953	908
953	917
953	924
953	932
953	941
953	943
953	945
953	957
953	972
953	976
953	981
953	986
953	992
953	995
954	190
954	409
954	437
954	803
954	812
954	813
954	834
954	840
954	852
954	867
954	879
954	903
954	919
954	921
954	922
954	925
954	940
954	946
954	950
954	961
954	965
954	971
954	975
954	980
954	982
954	983
954	985
954	998
955	77
955	120
955	163
955	821
955	824
955	838
955	857
955	878
955	892
955	895
955	900
955	912
955	913
955	916
955	931
955	935
955	939
955	943
955	956
955	965
955	972
955	974
955	976
955	985
955	987
955	989
955	990
955	999
956	142
956	330
956	348
956	807
956	816
956	824
956	879
956	883
956	884
956	893
956	924
956	928
956	934
956	936
956	943
956	944
956	946
956	955
956	958
956	963
956	967
956	974
956	981
956	987
956	990
956	993
956	997
956	999
957	510
957	585
957	756
957	805
957	827
957	833
957	848
957	854
957	869
957	880
957	896
957	924
957	929
957	932
957	938
957	942
957	945
957	949
957	953
957	960
957	972
957	976
957	981
957	987
957	991
957	994
957	995
957	998
958	430
958	746
958	763
958	813
958	821
958	823
958	824
958	867
958	877
958	878
958	895
958	914
958	924
958	935
958	942
958	946
958	956
958	967
958	970
958	974
958	977
958	978
958	987
958	988
958	989
958	992
958	993
958	994
958	999
959	89
959	419
959	760
959	861
959	865
959	874
959	884
959	885
959	886
959	887
959	907
959	916
959	937
959	947
959	951
959	961
959	966
959	969
959	973
959	977
959	981
959	988
959	989
959	991
959	992
959	994
959	996
959	998
959	1000
960	518
960	562
960	638
960	799
960	800
960	811
960	813
960	827
960	832
960	854
960	863
960	872
960	876
960	912
960	918
960	919
960	929
960	932
960	942
960	943
960	947
960	957
960	962
960	977
960	978
960	989
960	991
960	994
960	995
961	127
961	163
961	736
961	850
961	855
961	872
961	897
961	922
961	923
961	931
961	938
961	942
961	948
961	954
961	959
961	962
961	966
961	968
961	973
961	975
961	978
961	984
961	986
961	989
961	991
961	992
961	994
961	998
961	1000
962	83
962	665
962	753
962	801
962	811
962	816
962	829
962	832
962	836
962	848
962	863
962	869
962	873
962	879
962	884
962	909
962	915
962	918
962	929
962	932
962	934
962	947
962	960
962	961
962	967
962	972
962	981
962	987
962	991
962	995
963	45
963	597
963	637
963	812
963	821
963	823
963	838
963	844
963	863
963	874
963	883
963	886
963	895
963	913
963	914
963	919
963	927
963	928
963	931
963	935
963	942
963	956
963	978
963	982
963	985
963	986
963	990
963	993
963	997
963	999
964	287
964	708
964	710
964	820
964	841
964	845
964	847
964	860
964	875
964	887
964	894
964	916
964	920
964	923
964	930
964	933
964	936
964	938
964	940
964	941
964	944
964	949
964	952
964	966
964	968
964	974
964	976
964	979
964	981
964	986
964	1000
965	406
965	524
965	644
965	802
965	815
965	819
965	833
965	840
965	875
965	882
965	891
965	899
965	902
965	907
965	911
965	921
965	925
965	934
965	940
965	950
965	954
965	955
965	969
965	971
965	975
965	980
965	982
965	983
965	984
965	987
965	993
966	211
966	218
966	769
966	816
966	846
966	854
966	855
966	884
966	896
966	897
966	904
966	915
966	922
966	923
966	937
966	948
966	952
966	959
966	961
966	964
966	970
966	978
966	984
966	989
966	990
966	992
966	993
966	994
966	996
966	998
966	1000
967	235
967	531
967	655
967	799
967	801
967	853
967	859
967	869
967	871
967	883
967	885
967	891
967	892
967	893
967	913
967	914
967	937
967	939
967	956
967	958
967	962
967	972
967	974
967	977
967	978
967	985
967	987
967	990
967	992
967	993
967	994
967	999
968	138
968	532
968	593
968	820
968	822
968	824
968	830
968	836
968	841
968	847
968	859
968	860
968	875
968	883
968	890
968	894
968	918
968	920
968	922
968	930
968	933
968	934
968	936
968	938
968	940
968	950
968	952
968	961
968	964
968	976
968	979
968	986
969	265
969	790
969	791
969	808
969	809
969	837
969	843
969	851
969	858
969	859
969	865
969	868
969	871
969	881
969	890
969	900
969	905
969	908
969	910
969	919
969	927
969	937
969	949
969	959
969	965
969	970
969	977
969	984
969	986
969	987
969	988
969	997
970	162
970	175
970	390
970	808
970	809
970	837
970	843
970	851
970	858
970	864
970	867
970	868
970	871
970	881
970	890
970	900
970	905
970	908
970	910
970	915
970	919
970	927
970	937
970	945
970	949
970	958
970	966
970	969
970	977
970	982
970	983
970	993
970	1000
971	298
971	512
971	759
971	769
971	802
971	807
971	826
971	833
971	834
971	841
971	842
971	849
971	852
971	863
971	868
971	899
971	903
971	907
971	911
971	917
971	921
971	925
971	926
971	930
971	940
971	950
971	954
971	965
971	975
971	980
971	982
971	983
971	985
972	288
972	421
972	696
972	773
972	801
972	804
972	825
972	867
972	872
972	885
972	893
972	901
972	906
972	913
972	916
972	923
972	928
972	931
972	942
972	947
972	953
972	955
972	957
972	962
972	967
972	974
972	983
972	984
972	985
972	987
972	990
972	991
972	993
973	485
973	596
973	780
973	825
973	833
973	839
973	842
973	852
973	864
973	870
973	874
973	876
973	884
973	889
973	899
973	904
973	916
973	922
973	923
973	948
973	959
973	961
973	976
973	978
973	984
973	985
973	986
973	987
973	988
973	992
973	994
973	996
973	998
973	1000
974	523
974	539
974	711
974	775
974	812
974	815
974	824
974	849
974	878
974	885
974	887
974	891
974	903
974	906
974	914
974	917
974	939
974	944
974	946
974	951
974	955
974	956
974	958
974	964
974	967
974	972
974	983
974	987
974	989
974	991
974	992
974	993
974	996
974	999
975	150
975	282
975	465
975	802
975	803
975	804
975	814
975	818
975	820
975	830
975	834
975	852
975	866
975	879
975	900
975	902
975	903
975	907
975	916
975	921
975	925
975	926
975	936
975	940
975	950
975	954
975	961
975	965
975	971
975	980
975	982
975	983
975	990
975	995
976	66
976	415
976	491
976	541
976	820
976	822
976	830
976	839
976	847
976	860
976	862
976	866
976	887
976	905
976	908
976	920
976	933
976	934
976	936
976	938
976	941
976	944
976	952
976	953
976	955
976	957
976	964
976	968
976	973
976	979
976	985
976	986
976	996
976	997
976	999
977	386
977	620
977	759
977	785
977	808
977	809
977	821
977	837
977	843
977	844
977	851
977	858
977	859
977	864
977	868
977	871
977	881
977	885
977	900
977	905
977	908
977	910
977	914
977	919
977	922
977	927
977	949
977	958
977	959
977	960
977	967
977	969
977	970
977	990
977	996
978	96
978	154
978	652
978	831
978	855
978	856
978	857
978	872
978	876
978	889
978	903
978	904
978	912
978	922
978	923
978	931
978	932
978	937
978	948
978	958
978	960
978	961
978	963
978	966
978	967
978	973
978	979
978	984
978	988
978	989
978	991
978	992
978	994
978	996
978	998
978	1000
979	193
979	224
979	264
979	715
979	799
979	808
979	819
979	820
979	822
979	839
979	841
979	860
979	866
979	875
979	880
979	894
979	898
979	922
979	930
979	933
979	934
979	936
979	938
979	939
979	941
979	944
979	952
979	964
979	968
979	976
979	978
979	986
979	992
979	993
979	996
979	1000
980	28
980	150
980	541
980	601
980	802
980	803
980	810
980	818
980	833
980	834
980	852
980	879
980	882
980	889
980	892
980	895
980	899
980	902
980	903
980	907
980	911
980	912
980	921
980	925
980	926
980	929
980	940
980	950
980	954
980	965
980	971
980	975
980	982
980	983
980	989
980	991
980	994
980	998
981	168
981	276
981	515
981	621
981	799
981	805
981	806
981	811
981	814
981	836
981	845
981	848
981	854
981	855
981	856
981	869
981	873
981	879
981	882
981	904
981	909
981	912
981	915
981	924
981	925
981	928
981	929
981	932
981	947
981	953
981	956
981	957
981	959
981	962
981	964
981	988
981	991
981	995
981	999
982	160
982	588
982	714
982	785
982	803
982	819
982	828
982	833
982	838
982	840
982	852
982	879
982	882
982	899
982	901
982	902
982	903
982	907
982	911
982	921
982	925
982	926
982	928
982	930
982	943
982	950
982	952
982	954
982	963
982	965
982	970
982	971
982	975
982	980
982	983
982	990
982	995
982	997
982	999
983	17
983	365
983	610
983	699
983	802
983	803
983	818
983	819
983	828
983	833
983	834
983	852
983	860
983	879
983	882
983	890
983	897
983	899
983	902
983	903
983	907
983	909
983	911
983	921
983	922
983	925
983	940
983	943
983	949
983	950
983	954
983	965
983	970
983	971
983	972
983	974
983	975
983	980
983	982
983	989
983	1000
984	260
984	462
984	470
984	656
984	817
984	831
984	842
984	847
984	855
984	856
984	870
984	872
984	874
984	876
984	884
984	889
984	894
984	899
984	901
984	904
984	916
984	922
984	925
984	937
984	938
984	939
984	947
984	961
984	965
984	966
984	969
984	972
984	973
984	978
984	986
984	988
984	990
984	992
984	994
984	996
984	998
984	1000
985	35
985	538
985	766
985	773
985	800
985	815
985	816
985	821
985	824
985	835
985	838
985	869
985	877
985	885
985	891
985	892
985	907
985	913
985	914
985	917
985	929
985	932
985	934
985	935
985	942
985	946
985	947
985	951
985	954
985	955
985	963
985	967
985	971
985	972
985	973
985	976
985	987
985	990
985	991
985	992
985	993
985	997
986	157
986	167
986	184
986	739
986	807
986	810
986	820
986	822
986	830
986	841
986	844
986	847
986	856
986	860
986	862
986	866
986	875
986	887
986	894
986	896
986	898
986	920
986	930
986	931
986	933
986	934
986	936
986	938
986	941
986	944
986	952
986	953
986	961
986	963
986	964
986	968
986	969
986	973
986	976
986	979
986	984
986	999
986	1000
987	172
987	454
987	461
987	708
987	796
987	812
987	818
987	823
987	825
987	829
987	838
987	853
987	867
987	883
987	888
987	892
987	901
987	909
987	910
987	912
987	917
987	928
987	929
987	931
987	939
987	946
987	951
987	955
987	956
987	957
987	958
987	962
987	965
987	967
987	969
987	972
987	973
987	974
987	985
987	990
987	993
987	997
987	998
987	1000
988	51
988	168
988	448
988	461
988	703
988	817
988	818
988	819
988	820
988	826
988	831
988	846
988	850
988	856
988	865
988	866
988	876
988	884
988	886
988	897
988	904
988	916
988	920
988	922
988	924
988	926
988	937
988	945
988	948
988	950
988	958
988	959
988	969
988	973
988	978
988	981
988	984
988	989
988	992
988	994
988	996
988	998
988	999
988	1000
989	281
989	337
989	357
989	712
989	826
989	831
989	846
989	850
989	855
989	863
989	865
989	870
989	872
989	875
989	882
989	884
989	886
989	904
989	905
989	911
989	916
989	922
989	923
989	927
989	937
989	946
989	948
989	955
989	958
989	959
989	960
989	961
989	966
989	974
989	978
989	980
989	983
989	988
989	992
989	993
989	994
989	996
989	998
989	1000
990	119
990	151
990	172
990	696
990	807
990	815
990	819
990	823
990	825
990	838
990	853
990	874
990	877
990	885
990	888
990	891
990	893
990	895
990	901
990	913
990	917
990	922
990	934
990	935
990	942
990	945
990	946
990	951
990	952
990	955
990	956
990	963
990	966
990	967
990	972
990	975
990	977
990	982
990	984
990	985
990	987
990	991
990	992
990	993
990	997
990	998
991	125
991	213
991	747
991	768
991	796
991	800
991	805
991	806
991	811
991	827
991	829
991	832
991	835
991	836
991	857
991	860
991	863
991	869
991	880
991	886
991	896
991	909
991	912
991	915
991	918
991	924
991	929
991	932
991	934
991	943
991	947
991	949
991	950
991	957
991	959
991	960
991	961
991	962
991	972
991	974
991	978
991	980
991	981
991	985
991	990
991	995
992	154
992	201
992	425
992	474
992	826
992	831
992	842
992	846
992	850
992	855
992	856
992	865
992	868
992	872
992	874
992	881
992	886
992	892
992	913
992	914
992	916
992	921
992	922
992	923
992	937
992	939
992	948
992	953
992	958
992	959
992	961
992	966
992	967
992	973
992	974
992	978
992	979
992	984
992	985
992	988
992	989
992	990
992	993
992	994
992	996
992	998
992	1000
993	152
993	173
993	341
993	637
993	716
993	807
993	816
993	831
993	847
993	866
993	867
993	878
993	883
993	888
993	892
993	893
993	895
993	914
993	923
993	928
993	929
993	931
993	935
993	939
993	942
993	946
993	950
993	951
993	952
993	956
993	958
993	963
993	965
993	966
993	967
993	970
993	972
993	974
993	979
993	985
993	987
993	989
993	990
993	992
993	997
993	998
993	999
994	237
994	438
994	500
994	523
994	531
994	807
994	816
994	817
994	831
994	842
994	850
994	856
994	858
994	861
994	865
994	870
994	872
994	876
994	884
994	889
994	897
994	902
994	905
994	915
994	916
994	920
994	923
994	937
994	944
994	948
994	957
994	958
994	959
994	960
994	961
994	966
994	967
994	973
994	978
994	980
994	984
994	988
994	989
994	992
994	996
994	998
994	999
994	1000
995	77
995	280
995	569
995	649
995	682
995	799
995	800
995	805
995	809
995	811
995	814
995	817
995	829
995	832
995	836
995	842
995	845
995	846
995	848
995	849
995	854
995	855
995	857
995	865
995	870
995	880
995	882
995	896
995	899
995	902
995	906
995	909
995	912
995	918
995	924
995	932
995	943
995	945
995	947
995	951
995	953
995	957
995	960
995	962
995	975
995	981
995	982
995	991
995	997
996	113
996	132
996	165
996	689
996	691
996	814
996	817
996	825
996	826
996	838
996	841
996	850
996	855
996	856
996	861
996	862
996	872
996	874
996	876
996	884
996	886
996	889
996	894
996	897
996	904
996	905
996	911
996	916
996	923
996	929
996	937
996	941
996	948
996	950
996	959
996	966
996	973
996	974
996	976
996	977
996	978
996	979
996	984
996	988
996	989
996	992
996	994
996	998
996	1000
997	166
997	239
997	368
997	505
997	521
997	801
997	807
997	815
997	817
997	824
997	835
997	838
997	839
997	840
997	854
997	867
997	874
997	878
997	883
997	885
997	888
997	893
997	896
997	898
997	901
997	904
997	906
997	914
997	917
997	931
997	935
997	939
997	942
997	943
997	945
997	946
997	951
997	956
997	963
997	969
997	976
997	982
997	985
997	987
997	990
997	993
997	995
997	999
997	1000
998	156
998	333
998	346
998	537
998	747
998	815
998	817
998	818
998	820
998	831
998	842
998	846
998	847
998	850
998	855
998	861
998	865
998	870
998	874
998	886
998	889
998	897
998	901
998	904
998	916
998	922
998	923
998	928
998	930
998	936
998	939
998	948
998	954
998	957
998	959
998	961
998	966
998	973
998	978
998	980
998	984
998	987
998	988
998	989
998	990
998	992
998	993
998	994
998	996
998	1000
999	31
999	148
999	460
999	742
999	758
999	801
999	813
999	821
999	831
999	835
999	838
999	845
999	853
999	864
999	867
999	877
999	878
999	879
999	883
999	885
999	888
999	891
999	892
999	893
999	895
999	897
999	904
999	906
999	913
999	914
999	926
999	927
999	932
999	942
999	946
999	951
999	955
999	956
999	958
999	963
999	967
999	974
999	976
999	981
999	982
999	986
999	988
999	993
999	994
999	997
1000	129
1000	475
1000	622
1000	774
1000	776
1000	800
1000	806
1000	817
1000	829
1000	842
1000	856
1000	861
1000	865
1000	870
1000	872
1000	874
1000	876
1000	877
1000	884
1000	886
1000	889
1000	897
1000	904
1000	910
1000	915
1000	916
1000	918
1000	923
1000	930
1000	937
1000	948
1000	959
1000	961
1000	964
1000	966
1000	970
1000	973
1000	978
1000	979
1000	983
1000	984
1000	986
1000	987
1000	988
1000	989
1000	992
1000	994
1000	996
1000	997
1000	998
