1	15
1	75
1	92
1	158
1	167
1	178
1	198
1	202
1	203
1	446
2	66
2	120
2	130
2	146
2	148
2	153
2	181
2	193
2	203
2	789
3	87
3	109
3	120
3	147
3	162
3	170
3	190
3	196
3	201
3	435
4	46
4	50
4	74
4	146
4	148
4	159
4	167
4	174
4	186
4	987
5	17
5	35
5	104
5	116
5	142
5	152
5	168
5	184
5	187
5	781
6	43
6	54
6	128
6	151
6	170
6	176
6	187
6	191
6	199
6	649
7	11
7	63
7	161
7	166
7	168
7	173
7	181
7	193
7	202
7	999
8	36
8	99
8	107
8	159
8	167
8	181
8	183
8	194
8	201
8	927
9	73
9	157
9	161
9	183
9	185
9	187
9	188
9	196
9	203
9	473
10	37
10	76
10	133
10	155
10	171
10	192
10	199
10	200
10	202
10	470
11	7
11	52
11	159
11	169
11	171
11	175
11	198
11	200
11	203
11	706
12	26
12	96
12	133
12	146
12	150
12	174
12	180
12	188
12	198
12	947
13	40
13	80
13	103
13	109
13	172
13	176
13	187
13	190
13	200
13	858
14	48
14	82
14	131
14	146
14	156
14	173
14	176
14	181
14	195
14	212
15	1
15	61
15	96
15	123
15	130
15	162
15	164
15	172
15	191
15	270
16	46
16	70
16	118
16	139
16	143
16	164
16	176
16	180
16	191
16	790
17	5
17	64
17	85
17	153
17	165
17	169
17	170
17	189
17	201
17	220
18	78
18	92
18	104
18	152
18	160
18	177
18	185
18	193
18	201
18	317
19	62
19	76
19	81
19	117
19	134
19	152
19	154
19	161
19	195
19	952
20	84
20	88
20	112
20	132
20	142
20	154
20	165
20	179
20	195
20	489
21	40
21	50
21	116
21	166
21	171
21	178
21	180
21	192
21	194
21	453
22	37
22	136
22	146
22	147
22	148
22	150
22	168
22	196
22	199
22	449
23	31
23	65
23	86
23	108
23	135
23	160
23	182
23	190
23	198
23	919
24	46
24	74
24	96
24	107
24	141
24	142
24	143
24	156
24	197
24	851
25	27
25	98
25	150
25	159
25	185
25	187
25	189
25	190
25	194
25	360
26	12
26	105
26	145
26	153
26	171
26	180
26	186
26	192
26	197
26	408
26	632
27	25
27	39
27	98
27	142
27	173
27	174
27	177
27	180
27	194
27	202
27	478
28	51
28	106
28	138
28	146
28	163
28	176
28	180
28	181
28	190
28	194
28	437
29	87
29	109
29	117
29	136
29	139
29	189
29	194
29	198
29	201
29	202
29	318
30	111
30	115
30	121
30	145
30	161
30	164
30	195
30	196
30	199
30	200
30	669
31	23
31	42
31	68
31	84
31	102
31	113
31	141
31	165
31	177
31	195
31	614
32	42
32	82
32	130
32	138
32	154
32	164
32	172
32	180
32	190
32	463
32	703
33	100
33	101
33	136
33	144
33	147
33	169
33	170
33	185
33	194
33	201
33	982
34	36
34	74
34	102
34	103
34	142
34	148
34	160
34	197
34	202
34	203
34	680
35	5
35	58
35	64
35	113
35	125
35	137
35	150
35	180
35	181
35	200
35	360
36	8
36	34
36	129
36	132
36	140
36	170
36	184
36	188
36	189
36	198
36	996
37	10
37	22
37	41
37	51
37	108
37	143
37	155
37	160
37	162
37	193
37	424
38	43
38	65
38	92
38	98
38	135
38	147
38	182
38	184
38	199
38	200
38	666
39	27
39	49
39	79
39	87
39	134
39	158
39	159
39	168
39	197
39	203
39	902
40	13
40	21
40	63
40	78
40	148
40	151
40	178
40	181
40	186
40	197
40	487
41	37
41	59
41	105
41	124
41	144
41	158
41	181
41	192
41	194
41	203
41	822
42	31
42	32
42	91
42	116
42	160
42	177
42	179
42	190
42	192
42	203
42	378
43	6
43	38
43	67
43	104
43	112
43	132
43	171
43	172
43	175
43	191
43	832
44	69
44	88
44	100
44	139
44	171
44	173
44	174
44	177
44	198
44	265
44	371
45	65
45	77
45	108
45	126
45	134
45	149
45	158
45	164
45	196
45	200
45	392
46	4
46	16
46	24
46	89
46	93
46	125
46	154
46	158
46	163
46	183
46	194
46	634
47	60
47	80
47	101
47	114
47	145
47	149
47	184
47	186
47	196
47	199
47	200
47	570
48	14
48	74
48	83
48	88
48	128
48	153
48	163
48	165
48	172
48	195
48	196
48	981
49	39
49	83
49	87
49	121
49	170
49	173
49	174
49	176
49	178
49	201
49	203
49	848
50	4
50	21
50	63
50	105
50	127
50	144
50	145
50	179
50	186
50	193
50	195
50	673
51	28
51	37
51	89
51	135
51	150
51	164
51	182
51	189
51	197
51	198
51	200
51	309
52	11
52	65
52	120
52	152
52	177
52	178
52	179
52	192
52	194
52	197
52	202
52	356
53	91
53	107
53	151
53	163
53	169
53	175
53	182
53	184
53	187
53	200
53	368
53	839
54	6
54	70
54	74
54	77
54	93
54	105
54	153
54	182
54	190
54	200
54	202
54	385
55	73
55	100
55	101
55	108
55	110
55	147
55	155
55	159
55	196
55	199
55	200
55	530
56	72
56	141
56	150
56	158
56	159
56	160
56	177
56	185
56	197
56	200
56	202
56	477
57	68
57	98
57	138
57	170
57	175
57	183
57	192
57	194
57	197
57	198
57	201
57	922
58	35
58	63
58	64
58	96
58	116
58	128
58	134
58	139
58	140
58	185
58	229
58	629
59	41
59	85
59	128
59	138
59	145
59	151
59	162
59	172
59	193
59	203
59	298
59	675
60	47
60	71
60	135
60	141
60	143
60	155
60	160
60	169
60	174
60	176
60	279
60	927
61	15
61	118
61	119
61	137
61	155
61	156
61	157
61	177
61	182
61	188
61	195
61	304
62	19
62	98
62	145
62	170
62	172
62	183
62	184
62	195
62	197
62	201
62	203
62	593
62	862
63	7
63	40
63	50
63	58
63	83
63	96
63	115
63	145
63	157
63	179
63	188
63	192
63	676
64	17
64	35
64	58
64	129
64	146
64	152
64	175
64	180
64	188
64	195
64	200
64	451
64	830
65	23
65	38
65	45
65	52
65	71
65	93
65	119
65	122
65	189
65	198
65	200
65	390
65	853
66	2
66	72
66	101
66	103
66	149
66	163
66	179
66	185
66	189
66	192
66	203
66	476
66	481
67	43
67	89
67	93
67	132
67	142
67	152
67	167
67	170
67	185
67	198
67	201
67	203
67	799
68	31
68	57
68	70
68	78
68	95
68	118
68	126
68	133
68	141
68	156
68	159
68	195
68	828
69	44
69	81
69	89
69	95
69	126
69	148
69	152
69	171
69	188
69	197
69	203
69	642
69	997
70	16
70	54
70	68
70	96
70	137
70	156
70	165
70	166
70	180
70	186
70	196
70	694
70	923
71	60
71	65
71	99
71	111
71	114
71	129
71	154
71	159
71	166
71	176
71	192
71	196
71	445
72	56
72	66
72	104
72	140
72	160
72	162
72	165
72	166
72	174
72	181
72	195
72	202
72	393
73	9
73	55
73	108
73	114
73	115
73	127
73	161
73	176
73	177
73	178
73	184
73	189
73	201
73	575
74	4
74	24
74	34
74	48
74	54
74	89
74	140
74	145
74	150
74	172
74	183
74	187
74	196
74	464
75	1
75	77
75	80
75	102
75	104
75	109
75	131
75	168
75	189
75	192
75	194
75	198
75	201
75	446
76	10
76	19
76	79
76	108
76	122
76	136
76	141
76	147
76	167
76	183
76	185
76	190
76	201
76	639
77	45
77	54
77	75
77	88
77	89
77	93
77	110
77	119
77	126
77	152
77	196
77	199
77	330
77	693
78	18
78	40
78	68
78	110
78	140
78	146
78	153
78	156
78	174
78	186
78	189
78	200
78	203
78	475
79	39
79	76
79	133
79	134
79	142
79	154
79	160
79	176
79	183
79	185
79	187
79	189
79	197
79	353
80	13
80	47
80	75
80	85
80	87
80	122
80	139
80	162
80	176
80	178
80	180
80	193
80	371
80	990
81	19
81	69
81	104
81	118
81	127
81	136
81	142
81	145
81	177
81	183
81	198
81	200
81	225
81	675
82	14
82	32
82	84
82	124
82	137
82	144
82	153
82	155
82	157
82	164
82	165
82	195
82	196
82	367
82	616
83	48
83	49
83	63
83	100
83	102
83	155
83	165
83	173
83	174
83	193
83	197
83	199
83	202
83	203
83	929
84	20
84	31
84	82
84	87
84	114
84	117
84	126
84	141
84	154
84	185
84	186
84	188
84	202
84	319
84	341
85	17
85	59
85	80
85	137
85	145
85	156
85	158
85	165
85	169
85	173
85	188
85	195
85	203
85	368
85	459
86	23
86	95
86	101
86	119
86	127
86	150
86	159
86	169
86	171
86	175
86	181
86	190
86	191
86	196
86	660
87	3
87	29
87	39
87	49
87	80
87	84
87	118
87	120
87	151
87	164
87	170
87	180
87	190
87	191
87	797
88	20
88	44
88	48
88	77
88	96
88	110
88	124
88	125
88	142
88	157
88	164
88	165
88	170
88	201
88	997
89	46
89	51
89	67
89	69
89	74
89	77
89	105
89	125
89	135
89	140
89	145
89	162
89	175
89	186
89	655
90	99
90	118
90	123
90	129
90	163
90	166
90	174
90	176
90	179
90	185
90	190
90	193
90	199
90	359
90	434
91	42
91	53
91	111
91	138
91	152
91	155
91	157
91	182
91	184
91	189
91	196
91	199
91	200
91	788
91	852
92	1
92	18
92	38
92	103
92	107
92	124
92	137
92	171
92	173
92	180
92	196
92	197
92	202
92	203
92	215
92	280
93	46
93	54
93	65
93	67
93	77
93	110
93	113
93	117
93	133
93	145
93	172
93	195
93	196
93	198
93	202
93	661
94	103
94	114
94	152
94	159
94	164
94	171
94	173
94	175
94	178
94	187
94	196
94	199
94	200
94	201
94	356
94	484
95	68
95	69
95	86
95	106
95	110
95	147
95	150
95	157
95	169
95	171
95	182
95	196
95	199
95	200
95	202
95	483
96	12
96	15
96	24
96	58
96	63
96	70
96	88
96	136
96	140
96	169
96	183
96	184
96	188
96	197
96	549
96	878
97	124
97	127
97	136
97	147
97	160
97	162
97	174
97	177
97	178
97	185
97	190
97	192
97	193
97	202
97	607
97	709
98	25
98	27
98	38
98	57
98	62
98	138
98	159
98	168
98	173
98	183
98	184
98	193
98	194
98	201
98	202
98	643
99	8
99	71
99	90
99	113
99	126
99	131
99	132
99	139
99	162
99	174
99	177
99	179
99	190
99	191
99	199
99	649
100	33
100	44
100	55
100	83
100	103
100	129
100	137
100	162
100	173
100	174
100	175
100	181
100	193
100	197
100	685
100	975
101	33
101	47
101	55
101	66
101	86
101	133
101	137
101	144
101	148
101	173
101	177
101	178
101	193
101	197
101	203
101	400
102	31
102	34
102	75
102	83
102	134
102	135
102	142
102	144
102	163
102	166
102	170
102	184
102	185
102	194
102	199
102	819
103	13
103	34
103	66
103	92
103	94
103	100
103	105
103	123
103	148
103	158
103	170
103	193
103	197
103	199
103	473
103	998
104	5
104	18
104	43
104	72
104	75
104	81
104	126
104	127
104	144
104	145
104	168
104	183
104	187
104	190
104	194
104	350
104	418
105	26
105	41
105	50
105	54
105	89
105	103
105	113
105	118
105	129
105	140
105	164
105	165
105	185
105	186
105	188
105	196
105	322
106	28
106	95
106	112
106	114
106	119
106	130
106	132
106	135
106	151
106	163
106	173
106	176
106	179
106	191
106	194
106	196
106	690
107	8
107	24
107	53
107	92
107	133
107	147
107	150
107	155
107	164
107	173
107	175
107	187
107	198
107	199
107	200
107	352
107	909
108	23
108	37
108	45
108	55
108	73
108	76
108	125
108	143
108	147
108	149
108	175
108	181
108	187
108	188
108	199
108	337
108	844
109	3
109	13
109	29
109	75
109	121
109	132
109	134
109	162
109	163
109	164
109	172
109	179
109	180
109	194
109	199
109	778
109	971
110	55
110	77
110	78
110	88
110	93
110	95
110	113
110	119
110	130
110	131
110	156
110	170
110	188
110	192
110	193
110	195
110	968
111	30
111	71
111	91
111	133
111	141
111	152
111	153
111	155
111	161
111	171
111	193
111	196
111	199
111	200
111	203
111	334
111	863
112	20
112	43
112	106
112	123
112	136
112	142
112	158
112	162
112	168
112	172
112	176
112	180
112	190
112	199
112	200
112	476
112	854
113	31
113	35
113	93
113	99
113	105
113	110
113	125
113	130
113	151
113	157
113	160
113	182
113	186
113	188
113	189
113	196
113	355
114	47
114	71
114	73
114	84
114	94
114	106
114	116
114	122
114	156
114	159
114	164
114	169
114	175
114	179
114	196
114	202
114	479
115	30
115	63
115	73
115	129
115	152
115	153
115	160
115	165
115	167
115	168
115	183
115	184
115	187
115	197
115	198
115	201
115	482
115	639
116	5
116	21
116	42
116	58
116	114
116	120
116	164
116	166
116	174
116	181
116	188
116	193
116	196
116	197
116	201
116	202
116	203
116	693
117	19
117	29
117	84
117	93
117	126
117	134
117	148
117	159
117	160
117	166
117	181
117	186
117	192
117	197
117	202
117	203
117	419
117	690
118	16
118	61
118	68
118	81
118	87
118	90
118	105
118	120
118	130
118	131
118	141
118	163
118	179
118	182
118	190
118	202
118	251
118	461
119	61
119	65
119	77
119	86
119	106
119	110
119	146
119	153
119	157
119	160
119	163
119	180
119	186
119	188
119	195
119	200
119	306
119	346
120	2
120	3
120	52
120	87
120	116
120	118
120	128
120	138
120	168
120	174
120	176
120	179
120	180
120	185
120	191
120	197
120	227
120	288
121	30
121	49
121	109
121	135
121	147
121	154
121	159
121	169
121	171
121	174
121	175
121	182
121	183
121	191
121	193
121	195
121	196
121	238
121	681
122	65
122	76
122	80
122	114
122	135
122	147
122	149
122	150
122	169
122	171
122	172
122	178
122	182
122	184
122	190
122	199
122	203
122	243
122	447
123	15
123	90
123	103
123	112
123	124
123	126
123	128
123	131
123	135
123	138
123	146
123	163
123	172
123	179
123	195
123	201
123	203
123	777
123	886
124	41
124	82
124	88
124	92
124	97
124	123
124	152
124	158
124	173
124	176
124	179
124	181
124	184
124	185
124	192
124	197
124	200
124	203
124	415
125	35
125	46
125	88
125	89
125	108
125	113
125	130
125	137
125	143
125	153
125	154
125	157
125	159
125	162
125	183
125	186
125	191
125	197
125	609
125	724
126	45
126	68
126	69
126	77
126	84
126	99
126	104
126	117
126	123
126	148
126	152
126	158
126	160
126	166
126	173
126	177
126	195
126	202
126	690
126	986
127	50
127	73
127	81
127	86
127	97
127	104
127	129
127	161
127	167
127	169
127	178
127	183
127	184
127	187
127	191
127	196
127	198
127	203
127	339
127	496
128	6
128	48
128	58
128	59
128	120
128	123
128	130
128	139
128	144
128	151
128	163
128	166
128	170
128	176
128	181
128	182
128	184
128	191
128	386
128	563
129	36
129	64
129	71
129	90
129	100
129	105
129	115
129	127
129	130
129	136
129	150
129	161
129	170
129	183
129	185
129	189
129	195
129	201
129	671
129	811
130	2
130	15
130	32
130	106
130	110
130	113
130	118
130	125
130	128
130	129
130	132
130	149
130	151
130	176
130	179
130	180
130	187
130	189
130	313
130	644
131	14
131	75
131	99
131	110
131	118
131	123
131	132
131	151
131	153
131	155
131	162
131	175
131	179
131	180
131	182
131	190
131	191
131	199
131	631
131	827
132	20
132	36
132	43
132	67
132	99
132	106
132	109
132	130
132	131
132	138
132	149
132	158
132	169
132	172
132	182
132	184
132	190
132	191
132	441
132	619
133	10
133	12
133	68
133	79
133	93
133	101
133	107
133	111
133	140
133	145
133	146
133	153
133	154
133	158
133	165
133	172
133	184
133	188
133	436
133	966
134	19
134	39
134	45
134	58
134	79
134	102
134	109
134	117
134	156
134	161
134	162
134	167
134	168
134	177
134	184
134	189
134	191
134	194
134	198
134	308
134	479
135	23
135	38
135	51
135	60
135	89
135	102
135	106
135	121
135	122
135	123
135	144
135	155
135	159
135	163
135	166
135	168
135	171
135	178
135	199
135	924
135	925
136	22
136	29
136	33
136	76
136	81
136	96
136	97
136	112
136	129
136	144
136	148
136	161
136	170
136	177
136	189
136	191
136	194
136	197
136	198
136	754
136	843
137	35
137	61
137	70
137	82
137	85
137	92
137	100
137	101
137	125
137	141
137	144
137	151
137	154
137	157
137	165
137	166
137	182
137	186
137	190
137	773
137	954
138	28
138	32
138	57
138	59
138	91
138	98
138	120
138	123
138	132
138	161
138	163
138	165
138	174
138	176
138	179
138	188
138	190
138	191
138	202
138	471
138	1000
139	16
139	29
139	44
139	58
139	80
139	99
139	128
139	162
139	163
139	167
139	169
139	172
139	178
139	179
139	180
139	190
139	191
139	192
139	195
139	201
139	769
139	842
140	36
140	58
140	72
140	74
140	78
140	89
140	96
140	105
140	133
140	148
140	149
140	153
140	156
140	158
140	162
140	186
140	188
140	192
140	198
140	199
140	336
140	489
141	24
141	31
141	56
141	60
141	68
141	76
141	84
141	111
141	118
141	137
141	145
141	151
141	154
141	156
141	186
141	188
141	192
141	195
141	202
141	203
141	244
141	292
142	5
142	20
142	24
142	27
142	34
142	67
142	79
142	81
142	88
142	102
142	112
142	168
142	170
142	171
142	185
142	187
142	192
142	198
142	201
142	726
142	823
142	843
143	16
143	24
143	37
143	60
143	108
143	125
143	156
143	158
143	164
143	166
143	169
143	171
143	173
143	175
143	181
143	182
143	186
143	196
143	199
143	200
143	428
143	540
143	667
144	33
144	41
144	50
144	82
144	101
144	102
144	104
144	128
144	135
144	136
144	137
144	161
144	166
144	170
144	184
144	185
144	187
144	192
144	194
144	200
144	201
144	499
144	998
145	26
145	30
145	47
145	50
145	59
145	62
145	63
145	74
145	81
145	85
145	89
145	93
145	104
145	133
145	141
145	146
145	154
145	163
145	180
145	188
145	193
145	194
145	427
145	520
146	2
146	4
146	12
146	14
146	22
146	28
146	64
146	78
146	119
146	123
146	133
146	145
146	150
146	154
146	157
146	169
146	171
146	188
146	192
146	195
146	201
146	474
146	615
146	832
147	3
147	22
147	33
147	38
147	55
147	76
147	95
147	97
147	107
147	108
147	121
147	122
147	150
147	154
147	161
147	164
147	172
147	185
147	196
147	199
147	202
147	307
147	590
147	602
148	2
148	4
148	22
148	34
148	40
148	69
148	101
148	103
148	117
148	126
148	136
148	140
148	152
148	165
148	171
148	174
148	178
148	188
148	195
148	199
148	202
148	203
148	402
148	601
149	45
149	47
149	66
149	108
149	122
149	130
149	132
149	140
149	150
149	154
149	164
149	167
149	169
149	171
149	172
149	175
149	182
149	186
149	196
149	197
149	198
149	200
149	476
149	560
149	943
150	12
150	22
150	25
150	35
150	51
150	56
150	74
150	86
150	95
150	107
150	122
150	129
150	146
150	147
150	149
150	159
150	164
150	168
150	175
150	181
150	188
150	196
150	199
150	664
150	757
151	6
151	40
151	53
151	59
151	87
151	106
151	113
151	128
151	130
151	131
151	137
151	141
151	157
151	160
151	163
151	165
151	172
151	176
151	179
151	180
151	188
151	191
151	194
151	409
151	962
151	964
152	5
152	18
152	19
152	52
152	64
152	67
152	69
152	77
152	91
152	94
152	111
152	115
152	124
152	126
152	148
152	166
152	167
152	178
152	179
152	181
152	192
152	197
152	202
152	203
152	488
152	645
153	2
153	17
153	26
153	48
153	54
153	78
153	82
153	111
153	115
153	119
153	125
153	131
153	133
153	140
153	156
153	161
153	164
153	169
153	175
153	182
153	186
153	195
153	197
153	644
153	786
153	977
154	19
154	20
154	32
154	46
154	71
154	79
154	84
154	121
154	125
154	133
154	137
154	141
154	145
154	146
154	147
154	149
154	155
154	157
154	165
154	184
154	186
154	195
154	202
154	764
154	856
154	945
155	10
155	37
155	55
155	60
155	61
155	82
155	83
155	91
155	107
155	111
155	131
155	135
155	154
155	159
155	167
155	175
155	183
155	192
155	194
155	196
155	199
155	200
155	203
155	293
155	337
155	737
156	14
156	24
156	61
156	68
156	70
156	78
156	85
156	110
156	114
156	134
156	140
156	141
156	143
156	153
156	157
156	159
156	162
156	177
156	186
156	187
156	188
156	198
156	200
156	201
156	351
156	374
156	633
157	9
157	61
157	63
157	82
157	88
157	91
157	95
157	113
157	119
157	125
157	137
157	146
157	151
157	154
157	156
157	165
157	166
157	183
157	184
157	186
157	187
157	190
157	195
157	202
157	455
157	466
157	491
158	1
158	39
158	41
158	45
158	46
158	56
158	85
158	103
158	112
158	124
158	126
158	132
158	133
158	140
158	143
158	163
158	166
158	167
158	174
158	177
158	193
158	197
158	198
158	202
158	203
158	264
158	547
159	4
159	8
159	11
159	25
159	39
159	55
159	56
159	68
159	71
159	86
159	94
159	98
159	114
159	117
159	121
159	125
159	135
159	150
159	155
159	156
159	171
159	175
159	182
159	196
159	201
159	392
159	655
160	18
160	23
160	34
160	37
160	42
160	56
160	60
160	72
160	79
160	97
160	113
160	115
160	117
160	119
160	126
160	151
160	172
160	178
160	181
160	183
160	192
160	197
160	199
160	202
160	203
160	380
160	678
160	792
161	7
161	9
161	19
161	30
161	73
161	111
161	127
161	129
161	134
161	136
161	138
161	144
161	147
161	153
161	164
161	167
161	182
161	183
161	184
161	185
161	187
161	192
161	196
161	198
161	200
161	201
161	477
161	503
161	838
162	3
162	15
162	37
162	59
162	72
162	80
162	89
162	97
162	99
162	100
162	109
162	112
162	125
162	131
162	134
162	139
162	140
162	156
162	163
162	166
162	172
162	179
162	181
162	190
162	191
162	201
162	482
162	674
162	716
163	28
163	46
163	48
163	53
163	66
163	90
163	102
163	106
163	109
163	118
163	119
163	123
163	128
163	135
163	138
163	139
163	145
163	151
163	158
163	162
163	172
163	180
163	189
163	190
163	191
163	193
163	203
163	387
163	445
164	15
164	16
164	30
164	32
164	45
164	51
164	82
164	87
164	88
164	94
164	105
164	107
164	109
164	114
164	116
164	143
164	147
164	149
164	150
164	153
164	161
164	171
164	175
164	182
164	189
164	200
164	260
164	421
164	647
165	17
165	20
165	31
165	48
165	70
165	72
165	82
165	83
165	85
165	88
165	105
165	115
165	133
165	137
165	138
165	148
165	151
165	154
165	157
165	173
165	182
165	187
165	189
165	194
165	195
165	203
165	661
165	752
165	848
166	7
166	21
166	70
166	71
166	72
166	90
166	102
166	116
166	117
166	126
166	128
166	135
166	137
166	143
166	144
166	152
166	157
166	158
166	162
166	177
166	178
166	181
166	183
166	192
166	193
166	197
166	202
166	486
166	845
166	926
167	1
167	4
167	8
167	67
167	76
167	115
167	127
167	134
167	139
167	149
167	152
167	155
167	158
167	161
167	168
167	170
167	171
167	173
167	179
167	183
167	187
167	189
167	194
167	197
167	198
167	200
167	201
167	615
167	665
167	981
168	5
168	7
168	22
168	39
168	75
168	98
168	104
168	112
168	115
168	120
168	134
168	135
168	142
168	150
168	167
168	170
168	173
168	174
168	176
168	177
168	183
168	184
168	185
168	188
168	189
168	194
168	198
168	201
168	491
168	678
168	714
169	11
169	17
169	33
169	53
169	60
169	85
169	86
169	95
169	96
169	114
169	121
169	122
169	127
169	132
169	139
169	143
169	146
169	149
169	153
169	175
169	181
169	182
169	190
169	191
169	196
169	199
169	200
169	626
169	803
169	887
169	930
170	3
170	6
170	17
170	33
170	36
170	49
170	57
170	62
170	67
170	87
170	88
170	102
170	103
170	110
170	128
170	129
170	136
170	142
170	144
170	167
170	168
170	175
170	179
170	189
170	193
170	194
170	198
170	201
170	439
170	642
170	906
171	10
171	11
171	21
171	26
171	43
171	44
171	69
171	86
171	92
171	94
171	95
171	111
171	121
171	122
171	135
171	142
171	143
171	146
171	148
171	149
171	159
171	164
171	167
171	182
171	188
171	189
171	194
171	199
171	200
171	517
171	687
171	693
172	13
172	15
172	32
172	43
172	48
172	59
172	62
172	74
172	93
172	109
172	112
172	122
172	123
172	132
172	133
172	139
172	147
172	149
172	151
172	160
172	162
172	163
172	174
172	179
172	180
172	181
172	191
172	195
172	197
172	406
172	415
172	451
173	7
173	14
173	27
173	44
173	49
173	83
173	85
173	92
173	94
173	98
173	100
173	101
173	106
173	107
173	124
173	126
173	143
173	165
173	167
173	168
173	177
173	178
173	186
173	187
173	192
173	193
173	197
173	202
173	203
173	663
173	845
173	944
174	4
174	12
174	27
174	44
174	49
174	60
174	72
174	78
174	83
174	90
174	97
174	99
174	100
174	116
174	120
174	121
174	138
174	148
174	158
174	168
174	172
174	181
174	188
174	191
174	192
174	193
174	197
174	199
174	202
174	638
174	697
174	992
175	11
175	43
175	53
175	57
175	64
175	86
175	89
175	94
175	100
175	107
175	108
175	114
175	121
175	131
175	143
175	149
175	150
175	153
175	155
175	159
175	164
175	169
175	170
175	182
175	183
175	197
175	198
175	199
175	203
175	362
175	396
175	449
175	454
176	6
176	13
176	14
176	16
176	28
176	49
176	60
176	71
176	73
176	79
176	80
176	90
176	106
176	112
176	120
176	124
176	128
176	130
176	138
176	151
176	168
176	177
176	178
176	179
176	180
176	182
176	190
176	191
176	193
176	194
176	202
176	415
176	491
176	812
177	18
177	27
177	31
177	42
177	44
177	52
177	56
177	61
177	73
177	81
177	97
177	99
177	101
177	126
177	134
177	136
177	156
177	158
177	166
177	168
177	173
177	176
177	178
177	183
177	186
177	191
177	192
177	193
177	202
177	203
177	216
177	268
177	682
177	938
178	1
178	21
178	40
178	49
178	52
178	73
178	80
178	94
178	97
178	101
178	122
178	127
178	135
178	139
178	148
178	152
178	160
178	166
178	173
178	176
178	177
178	181
178	184
178	185
178	186
178	192
178	193
178	195
178	198
178	202
178	203
178	463
178	468
178	485
179	20
179	42
179	50
179	52
179	63
179	66
179	90
179	99
179	106
179	109
179	114
179	118
179	120
179	123
179	124
179	130
179	131
179	138
179	139
179	151
179	152
179	162
179	167
179	170
179	172
179	176
179	180
179	185
179	188
179	190
179	191
179	203
179	305
179	463
179	684
180	12
180	16
180	21
180	26
180	27
180	28
180	32
180	35
180	64
180	70
180	80
180	87
180	92
180	109
180	112
180	119
180	120
180	130
180	131
180	139
180	145
180	151
180	163
180	172
180	176
180	179
180	183
180	185
180	187
180	190
180	194
180	209
180	310
180	378
180	779
181	2
181	7
181	8
181	14
181	28
181	35
181	40
181	41
181	72
181	86
181	100
181	108
181	116
181	117
181	124
181	128
181	143
181	150
181	152
181	160
181	162
181	166
181	169
181	172
181	174
181	178
181	192
181	193
181	198
181	200
181	202
181	203
181	381
181	467
181	864
182	23
182	38
182	51
182	53
182	54
182	61
182	91
182	95
182	113
182	118
182	121
182	122
182	128
182	131
182	132
182	137
182	143
182	149
182	153
182	159
182	161
182	164
182	165
182	169
182	171
182	175
182	176
182	188
182	191
182	196
182	200
182	426
182	479
182	652
182	691
183	8
183	9
183	46
183	57
183	62
183	74
183	76
183	79
183	81
183	96
183	98
183	104
183	115
183	121
183	125
183	127
183	129
183	155
183	157
183	160
183	161
183	166
183	167
183	168
183	175
183	177
183	180
183	187
183	189
183	198
183	203
183	475
183	487
183	570
183	825
184	5
184	36
184	38
184	47
184	53
184	62
184	73
184	91
184	96
184	98
184	102
184	115
184	122
184	124
184	127
184	128
184	132
184	133
184	134
184	144
184	154
184	157
184	161
184	168
184	178
184	185
184	186
184	187
184	189
184	194
184	198
184	201
184	391
184	426
184	837
184	997
185	9
185	18
185	25
185	33
185	56
185	58
185	66
185	67
185	76
185	79
185	84
185	90
185	97
185	102
185	105
185	120
185	124
185	129
185	142
185	144
185	147
185	161
185	168
185	178
185	179
185	180
185	184
185	187
185	189
185	194
185	198
185	201
185	206
185	587
185	622
185	684
186	4
186	26
186	40
186	47
186	50
186	70
186	78
186	84
186	89
186	105
186	113
186	117
186	119
186	125
186	137
186	140
186	141
186	143
186	149
186	153
186	154
186	156
186	157
186	173
186	177
186	178
186	184
186	187
186	190
186	195
186	201
186	202
186	203
186	224
186	252
186	904
186	977
187	5
187	6
187	9
187	13
187	25
187	53
187	74
187	79
187	94
187	104
187	107
187	108
187	115
187	127
187	130
187	142
187	144
187	156
187	157
187	161
187	165
187	167
187	173
187	180
187	183
187	184
187	185
187	186
187	189
187	194
187	195
187	198
187	201
187	315
187	395
187	462
187	486
188	9
188	12
188	36
188	61
188	63
188	64
188	69
188	84
188	85
188	96
188	105
188	108
188	110
188	113
188	116
188	119
188	133
188	138
188	140
188	141
188	145
188	146
188	148
188	150
188	151
188	156
188	168
188	171
188	174
188	179
188	182
188	195
188	200
188	422
188	474
188	521
188	566
189	17
189	25
189	29
189	36
189	51
189	65
189	66
189	73
189	75
189	78
189	79
189	91
189	113
189	129
189	130
189	134
189	136
189	163
189	164
189	165
189	167
189	168
189	170
189	171
189	183
189	184
189	185
189	187
189	191
189	194
189	195
189	198
189	199
189	200
189	201
189	389
189	471
189	630
190	3
190	13
190	23
190	25
190	28
190	32
190	42
190	54
190	76
190	86
190	87
190	90
190	97
190	99
190	104
190	112
190	118
190	122
190	131
190	132
190	137
190	138
190	139
190	157
190	162
190	163
190	169
190	176
190	179
190	180
190	186
190	191
190	193
190	198
190	200
190	262
190	416
190	487
190	795
191	6
191	15
191	16
191	43
191	86
191	87
191	99
191	106
191	120
191	121
191	125
191	127
191	128
191	131
191	132
191	134
191	136
191	138
191	139
191	151
191	162
191	163
191	169
191	172
191	174
191	176
191	177
191	179
191	182
191	189
191	190
191	193
191	201
191	202
191	203
191	253
191	389
191	558
191	609
192	10
192	21
192	26
192	41
192	42
192	52
192	57
192	63
192	66
192	71
192	75
192	97
192	110
192	117
192	124
192	139
192	140
192	141
192	142
192	144
192	146
192	152
192	155
192	160
192	161
192	166
192	173
192	174
192	177
192	178
192	181
192	193
192	194
192	197
192	203
192	473
192	523
192	645
192	651
193	2
193	7
193	18
193	37
193	50
193	59
193	80
193	83
193	90
193	97
193	98
193	100
193	101
193	103
193	110
193	111
193	116
193	121
193	145
193	158
193	163
193	166
193	170
193	173
193	174
193	176
193	177
193	178
193	181
193	190
193	191
193	192
193	195
193	197
193	202
193	203
193	297
193	333
193	397
193	818
194	8
194	21
194	25
194	27
194	28
194	29
194	33
194	41
194	46
194	52
194	57
194	75
194	98
194	102
194	104
194	106
194	109
194	134
194	136
194	144
194	145
194	151
194	155
194	165
194	167
194	168
194	170
194	171
194	176
194	180
194	184
194	185
194	187
194	189
194	192
194	198
194	241
194	631
194	820
194	905
195	14
195	19
195	20
195	30
195	31
195	48
195	50
195	61
195	62
195	64
195	68
195	72
195	82
195	85
195	93
195	110
195	119
195	121
195	123
195	126
195	129
195	139
195	141
195	146
195	148
195	153
195	154
195	157
195	165
195	172
195	178
195	186
195	187
195	188
195	189
195	193
195	196
195	199
195	200
195	249
195	458
195	826
195	988
196	3
196	9
196	22
196	30
196	45
196	47
196	48
196	55
196	70
196	71
196	74
196	77
196	82
196	86
196	91
196	92
196	93
196	94
196	95
196	105
196	106
196	111
196	113
196	114
196	116
196	121
196	127
196	143
196	147
196	149
196	150
196	155
196	159
196	161
196	169
196	182
196	195
196	199
196	201
196	202
196	283
196	290
196	527
196	672
197	24
197	26
197	34
197	39
197	40
197	51
197	52
197	56
197	57
197	62
197	69
197	79
197	83
197	92
197	96
197	100
197	101
197	103
197	115
197	116
197	117
197	120
197	124
197	125
197	136
197	149
197	152
197	153
197	158
197	160
197	166
197	167
197	172
197	173
197	174
197	175
197	192
197	193
197	201
197	202
197	306
197	608
197	676
197	833
197	983
198	1
198	11
198	12
198	23
198	29
198	36
198	44
198	51
198	57
198	65
198	67
198	75
198	81
198	93
198	107
198	115
198	127
198	134
198	136
198	140
198	142
198	149
198	156
198	158
198	161
198	167
198	168
198	170
198	175
198	178
198	181
198	183
198	184
198	185
198	187
198	189
198	190
198	194
198	199
198	201
198	482
198	641
198	680
198	868
198	999
199	6
199	10
199	22
199	30
199	38
199	47
199	55
199	77
199	83
199	90
199	91
199	94
199	95
199	99
199	102
199	103
199	107
199	108
199	109
199	111
199	112
199	122
199	131
199	135
199	140
199	143
199	147
199	148
199	150
199	155
199	160
199	169
199	171
199	174
199	175
199	189
199	195
199	196
199	198
199	200
199	201
199	370
199	377
199	508
199	663
199	838
200	10
200	11
200	13
200	30
200	35
200	38
200	45
200	47
200	51
200	53
200	54
200	55
200	56
200	64
200	65
200	78
200	81
200	91
200	94
200	95
200	107
200	111
200	112
200	119
200	124
200	143
200	144
200	149
200	155
200	156
200	161
200	164
200	167
200	169
200	171
200	181
200	182
200	188
200	189
200	190
200	195
200	199
200	432
200	616
200	730
200	969
200	972
201	3
201	8
201	17
201	18
201	29
201	33
201	49
201	57
201	62
201	67
201	73
201	75
201	76
201	88
201	94
201	98
201	115
201	116
201	123
201	129
201	139
201	142
201	144
201	146
201	156
201	159
201	161
201	162
201	167
201	168
201	170
201	184
201	185
201	186
201	187
201	189
201	191
201	196
201	197
201	198
201	199
201	202
201	310
201	408
201	646
201	679
201	928
202	1
202	7
202	10
202	27
202	29
202	34
202	52
202	54
202	56
202	72
202	83
202	84
202	92
202	93
202	95
202	97
202	98
202	114
202	116
202	117
202	118
202	126
202	138
202	141
202	147
202	148
202	152
202	154
202	157
202	158
202	160
202	166
202	173
202	174
202	176
202	177
202	178
202	181
202	186
202	191
202	193
202	196
202	197
202	201
202	329
202	411
202	678
202	808
202	816
203	1
203	2
203	9
203	11
203	34
203	39
203	41
203	42
203	49
203	59
203	62
203	66
203	67
203	69
203	78
203	83
203	85
203	92
203	101
203	111
203	116
203	117
203	122
203	123
203	124
203	127
203	141
203	148
203	152
203	155
203	158
203	160
203	163
203	165
203	173
203	175
203	177
203	178
203	179
203	181
203	183
203	186
203	191
203	192
203	193
203	448
203	465
203	478
203	583
203	926
204	299
204	384
204	390
204	415
204	445
204	461
204	467
204	477
204	479
204	812
205	237
205	245
205	247
205	278
205	280
205	334
205	396
205	407
205	428
205	533
206	185
206	299
206	371
206	402
206	436
206	459
206	469
206	474
206	483
206	488
207	249
207	323
207	345
207	419
207	438
207	444
207	446
207	465
207	468
207	665
208	233
208	367
208	401
208	404
208	409
208	415
208	425
208	435
208	439
208	649
209	180
209	310
209	325
209	426
209	427
209	460
209	480
209	484
209	487
209	489
210	270
210	378
210	434
210	441
210	470
210	471
210	474
210	481
210	482
210	961
211	340
211	344
211	371
211	408
211	420
211	421
211	464
211	476
211	481
211	836
212	14
212	230
212	340
212	345
212	396
212	454
212	457
212	461
212	474
212	475
213	248
213	270
213	341
213	363
213	410
213	426
213	476
213	483
213	486
213	969
214	338
214	363
214	396
214	399
214	422
214	456
214	463
214	465
214	491
214	880
215	92
215	304
215	313
215	340
215	361
215	393
215	404
215	467
215	478
215	487
216	177
216	362
216	411
216	423
216	428
216	445
216	457
216	461
216	482
216	486
217	253
217	407
217	412
217	427
217	435
217	450
217	474
217	489
217	491
217	648
218	239
218	285
218	325
218	341
218	396
218	412
218	429
218	439
218	489
218	1000
219	377
219	393
219	394
219	436
219	460
219	476
219	480
219	486
219	487
219	685
220	17
220	234
220	264
220	349
220	445
220	449
220	452
220	453
220	466
220	477
221	222
221	356
221	378
221	410
221	425
221	472
221	475
221	485
221	491
221	810
222	221
222	285
222	321
222	325
222	385
222	391
222	397
222	456
222	470
222	690
223	248
223	310
223	317
223	324
223	363
223	450
223	469
223	474
223	488
223	851
224	186
224	254
224	262
224	309
224	401
224	415
224	432
224	455
224	466
224	481
225	81
225	234
225	269
225	375
225	395
225	397
225	450
225	462
225	468
225	487
226	240
226	288
226	317
226	373
226	390
226	397
226	470
226	480
226	487
226	997
227	120
227	243
227	291
227	391
227	409
227	411
227	428
227	480
227	485
227	491
228	256
228	260
228	283
228	322
228	417
228	425
228	451
228	478
228	485
228	545
229	58
229	242
229	253
229	280
229	338
229	358
229	365
229	456
229	463
229	483
230	212
230	269
230	350
230	423
230	434
230	446
230	454
230	472
230	476
230	988
231	249
231	263
231	276
231	313
231	337
231	345
231	415
231	428
231	446
231	789
232	268
232	354
232	374
232	396
232	425
232	444
232	450
232	462
232	463
232	780
233	208
233	235
233	241
233	290
233	304
233	327
233	352
233	381
233	472
233	710
234	220
234	225
234	277
234	308
234	366
234	415
234	462
234	464
234	468
234	473
234	594
235	233
235	254
235	378
235	402
235	406
235	426
235	468
235	479
235	484
235	490
235	596
236	282
236	321
236	356
236	408
236	435
236	436
236	441
236	476
236	479
236	486
236	939
237	205
237	245
237	264
237	339
237	357
237	403
237	428
237	446
237	457
237	473
237	689
238	121
238	254
238	297
238	321
238	349
238	470
238	471
238	473
238	481
238	482
238	483
239	218
239	241
239	314
239	385
239	388
239	421
239	464
239	465
239	474
239	486
239	684
240	226
240	272
240	282
240	291
240	309
240	388
240	424
240	436
240	467
240	487
240	728
241	194
241	233
241	239
241	305
241	348
241	365
241	416
241	438
241	441
241	464
241	483
242	229
242	291
242	351
242	416
242	436
242	448
242	450
242	478
242	480
242	487
242	672
243	122
243	227
243	365
243	377
243	427
243	441
243	453
243	463
243	472
243	475
243	491
244	141
244	300
244	307
244	309
244	316
244	415
244	434
244	453
244	458
244	479
244	490
245	205
245	237
245	287
245	341
245	350
245	385
245	393
245	403
245	407
245	457
245	692
246	251
246	305
246	317
246	365
246	389
246	421
246	448
246	467
246	476
246	690
247	205
247	267
247	277
247	325
247	366
247	387
247	395
247	448
247	462
247	473
247	841
248	213
248	223
248	350
248	364
248	375
248	420
248	421
248	443
248	483
248	486
248	711
249	195
249	207
249	231
249	251
249	347
249	355
249	369
249	403
249	454
249	457
249	477
250	299
250	346
250	370
250	378
250	398
250	422
250	431
250	438
250	443
250	465
250	806
251	118
251	246
251	249
251	265
251	362
251	373
251	407
251	419
251	452
251	454
251	457
251	461
252	186
252	273
252	309
252	375
252	397
252	427
252	470
252	471
252	481
252	482
252	484
252	485
253	191
253	217
253	229
253	352
253	364
253	463
253	470
253	476
253	478
253	488
253	490
253	491
254	224
254	235
254	238
254	265
254	327
254	373
254	382
254	427
254	459
254	460
254	474
254	692
255	304
255	357
255	384
255	404
255	449
255	452
255	453
255	461
255	467
255	477
255	481
255	827
256	228
256	305
256	326
256	365
256	391
256	445
256	461
256	463
256	472
256	478
256	485
256	655
257	298
257	332
257	359
257	361
257	371
257	414
257	459
257	466
257	468
257	485
257	488
257	899
258	365
258	371
258	415
258	434
258	443
258	445
258	449
258	452
258	460
258	465
258	477
258	671
259	301
259	328
259	346
259	383
259	398
259	409
259	425
259	447
259	449
259	465
259	485
259	918
260	164
260	228
260	288
260	312
260	332
260	363
260	412
260	413
260	443
260	447
260	478
260	489
261	271
261	340
261	400
261	418
261	432
261	444
261	457
261	470
261	481
261	482
261	798
261	845
262	190
262	224
262	267
262	311
262	344
262	393
262	426
262	429
262	430
262	442
262	461
262	489
263	231
263	328
263	380
263	387
263	400
263	429
263	460
263	462
263	466
263	470
263	474
263	970
264	158
264	220
264	237
264	294
264	314
264	419
264	423
264	431
264	446
264	464
264	471
264	815
265	44
265	251
265	254
265	287
265	316
265	341
265	455
265	469
265	474
265	488
265	489
265	490
266	303
266	323
266	369
266	401
266	410
266	431
266	455
266	464
266	470
266	478
266	482
266	939
267	247
267	262
267	303
267	319
267	369
267	370
267	429
267	433
267	457
267	479
267	490
267	586
268	177
268	232
268	308
268	350
268	380
268	387
268	421
268	450
268	452
268	459
268	468
268	473
269	225
269	230
269	313
269	381
269	451
269	475
269	478
269	481
269	486
269	491
269	919
269	949
270	15
270	210
270	213
270	296
270	302
270	315
270	362
270	386
270	391
270	397
270	464
270	478
270	482
271	261
271	351
271	375
271	391
271	400
271	412
271	419
271	468
271	471
271	481
271	482
271	484
271	662
272	240
272	376
272	429
272	433
272	437
272	457
272	458
272	463
272	479
272	484
272	490
272	674
272	787
273	252
273	280
273	337
273	365
273	388
273	420
273	421
273	448
273	471
273	483
273	486
273	490
273	694
274	315
274	362
274	395
274	410
274	422
274	427
274	432
274	456
274	470
274	482
274	489
274	803
274	918
275	316
275	340
275	345
275	361
275	362
275	407
275	424
275	438
275	467
275	470
275	480
275	487
275	604
276	231
276	353
276	355
276	366
276	400
276	403
276	418
276	450
276	455
276	462
276	468
276	473
276	772
277	234
277	247
277	318
277	326
277	340
277	414
277	416
277	436
277	478
277	480
277	485
277	487
277	898
278	205
278	287
278	308
278	309
278	354
278	387
278	388
278	437
278	462
278	473
278	484
278	490
278	627
279	60
279	299
279	308
279	318
279	389
279	413
279	436
279	443
279	447
279	467
279	480
279	487
279	844
280	92
280	205
280	229
280	273
280	289
280	333
280	408
280	428
280	441
280	464
280	486
280	487
280	932
281	284
281	288
281	294
281	322
281	332
281	339
281	359
281	439
281	456
281	466
281	488
281	489
281	661
282	236
282	240
282	298
282	305
282	417
282	420
282	429
282	434
282	472
282	476
282	486
282	781
282	978
283	196
283	228
283	301
283	346
283	373
283	389
283	393
283	394
283	395
283	407
283	416
283	480
283	487
284	281
284	314
284	326
284	395
284	421
284	435
284	441
284	468
284	476
284	479
284	483
284	491
284	767
285	218
285	222
285	355
285	374
285	395
285	408
285	447
285	450
285	468
285	470
285	473
285	483
285	691
286	379
286	392
286	395
286	398
286	402
286	421
286	463
286	465
286	478
286	483
286	485
286	486
286	631
287	245
287	265
287	278
287	341
287	353
287	354
287	395
287	429
287	447
287	462
287	468
287	473
287	935
288	120
288	226
288	260
288	281
288	296
288	310
288	320
288	344
288	466
288	467
288	469
288	488
288	489
289	280
289	306
289	356
289	387
289	438
289	442
289	443
289	448
289	476
289	484
289	486
289	650
289	697
290	196
290	233
290	332
290	336
290	346
290	378
290	379
290	426
290	441
290	451
290	471
290	478
290	541
291	227
291	240
291	242
291	348
291	354
291	356
291	386
291	398
291	466
291	475
291	485
291	491
291	962
292	141
292	306
292	317
292	331
292	389
292	390
292	436
292	467
292	473
292	476
292	480
292	487
292	491
293	155
293	398
293	400
293	408
293	424
293	426
293	438
293	464
293	476
293	477
293	483
293	486
293	841
294	264
294	281
294	358
294	362
294	383
294	399
294	403
294	419
294	442
294	443
294	444
294	450
294	457
294	755
295	322
295	334
295	398
295	415
295	431
295	435
295	445
295	449
295	461
295	472
295	477
295	490
295	683
295	717
296	270
296	288
296	334
296	409
296	418
296	440
296	456
296	459
296	470
296	471
296	481
296	482
296	879
296	989
297	193
297	238
297	314
297	329
297	330
297	366
297	367
297	374
297	389
297	395
297	450
297	468
297	471
297	473
298	59
298	257
298	282
298	314
298	360
298	408
298	420
298	427
298	440
298	448
298	473
298	486
298	489
298	846
299	204
299	206
299	250
299	279
299	389
299	431
299	443
299	449
299	452
299	460
299	461
299	477
299	481
299	853
300	244
300	385
300	414
300	417
300	429
300	430
300	440
300	449
300	450
300	458
300	479
300	485
300	531
300	834
301	259
301	283
301	320
301	397
301	406
301	413
301	417
301	433
301	434
301	460
301	477
301	488
301	677
301	940
302	270
302	306
302	335
302	340
302	373
302	393
302	419
302	424
302	436
302	437
302	467
302	477
302	487
302	591
303	266
303	267
303	311
303	337
303	386
303	387
303	418
303	432
303	449
303	451
303	471
303	481
303	573
303	845
304	61
304	215
304	233
304	255
304	376
304	416
304	438
304	441
304	448
304	464
304	475
304	481
304	483
304	486
305	179
305	241
305	246
305	256
305	282
305	347
305	373
305	383
305	408
305	439
305	447
305	460
305	464
305	483
306	119
306	197
306	289
306	292
306	302
306	331
306	351
306	361
306	445
306	451
306	467
306	472
306	480
306	487
307	147
307	244
307	330
307	335
307	343
307	386
307	400
307	412
307	413
307	437
307	447
307	460
307	468
307	488
308	134
308	234
308	268
308	278
308	279
308	318
308	366
308	375
308	450
308	463
308	464
308	468
308	473
308	807
309	51
309	224
309	240
309	244
309	252
309	278
309	432
309	441
309	455
309	470
309	481
309	482
309	485
309	652
310	180
310	201
310	209
310	223
310	288
310	325
310	347
310	395
310	435
310	444
310	458
310	460
310	463
310	474
311	262
311	303
311	349
311	365
311	373
311	386
311	406
311	436
311	440
311	458
311	479
311	490
311	610
311	650
312	260
312	321
312	373
312	379
312	397
312	401
312	410
312	441
312	444
312	455
312	456
312	481
312	482
312	628
313	130
313	215
313	231
313	269
313	336
313	349
313	352
313	382
313	451
313	457
313	475
313	477
313	484
313	666
314	239
314	264
314	284
314	297
314	298
314	356
314	388
314	404
314	410
314	420
314	448
314	452
314	469
314	664
315	187
315	270
315	274
315	317
315	375
315	417
315	432
315	459
315	471
315	481
315	482
315	487
315	490
315	815
316	244
316	265
316	275
316	368
316	384
316	413
316	426
316	432
316	442
316	444
316	478
316	483
316	490
316	990
317	18
317	223
317	226
317	246
317	292
317	315
317	350
317	388
317	421
317	441
317	463
317	483
317	486
317	834
318	29
318	277
318	279
318	308
318	329
318	389
318	394
318	396
318	403
318	424
318	438
318	467
318	480
318	490
319	84
319	267
319	334
319	380
319	395
319	437
319	439
319	447
319	464
319	469
319	481
319	485
319	488
319	744
320	288
320	301
320	360
320	417
320	418
320	422
320	429
320	433
320	437
320	466
320	479
320	484
320	514
320	573
321	222
321	236
321	238
321	312
321	396
321	417
321	428
321	436
321	455
321	471
321	472
321	481
321	482
321	801
322	105
322	228
322	281
322	295
322	349
322	357
322	381
322	385
322	415
322	451
322	452
322	461
322	477
322	940
323	207
323	266
323	360
323	365
323	399
323	405
323	419
323	440
323	446
323	454
323	457
323	460
323	487
323	491
323	664
324	223
324	379
324	380
324	402
324	417
324	424
324	434
324	444
324	462
324	483
324	484
324	487
324	490
324	636
324	930
325	209
325	218
325	222
325	247
325	310
325	367
325	387
325	425
325	427
325	437
325	459
325	466
325	478
325	485
325	840
326	256
326	277
326	284
326	330
326	342
326	351
326	376
326	404
326	408
326	432
326	455
326	464
326	483
326	486
326	988
327	233
327	254
327	422
327	437
327	438
327	439
327	460
327	462
327	469
327	474
327	484
327	486
327	488
327	749
327	758
328	259
328	263
328	330
328	355
328	362
328	385
328	409
328	411
328	426
328	435
328	447
328	469
328	488
328	489
328	890
329	202
329	297
329	318
329	354
329	355
329	379
329	391
329	413
329	450
329	462
329	468
329	473
329	483
329	488
329	895
330	77
330	297
330	307
330	326
330	328
330	341
330	395
330	408
330	412
330	424
330	446
330	474
330	488
330	489
330	840
331	292
331	306
331	343
331	347
331	388
331	425
331	441
331	464
331	476
331	477
331	479
331	483
331	486
331	833
331	881
332	257
332	260
332	281
332	290
332	334
332	338
332	351
332	364
332	412
332	469
332	474
332	480
332	488
332	491
332	689
333	193
333	280
333	356
333	379
333	409
333	417
333	430
333	434
333	440
333	444
333	451
333	469
333	484
333	488
333	651
334	111
334	205
334	295
334	296
334	319
334	332
334	397
334	437
334	439
334	460
334	461
334	466
334	469
334	489
334	490
335	302
335	307
335	372
335	403
335	405
335	431
335	443
335	449
335	453
335	461
335	463
335	477
335	478
335	489
335	813
336	140
336	290
336	313
336	341
336	365
336	381
336	418
336	444
336	463
336	475
336	477
336	482
336	485
336	489
336	762
337	108
337	155
337	231
337	273
337	303
337	360
337	406
337	407
337	409
337	414
337	419
337	423
337	428
337	446
337	456
337	490
338	214
338	229
338	332
338	358
338	382
338	392
338	409
338	446
338	449
338	454
338	458
338	460
338	485
338	491
338	552
338	993
339	127
339	237
339	281
339	357
339	423
339	431
339	435
339	443
339	445
339	452
339	453
339	461
339	462
339	466
339	477
339	490
340	211
340	212
340	215
340	261
340	275
340	277
340	302
340	342
340	376
340	416
340	424
340	430
340	436
340	467
340	489
340	915
341	84
341	213
341	218
341	245
341	265
341	287
341	330
341	336
341	343
341	417
341	435
341	447
341	450
341	468
341	474
341	488
342	326
342	340
342	356
342	359
342	421
342	434
342	438
342	449
342	458
342	464
342	476
342	483
342	485
342	486
342	784
342	982
343	307
343	331
343	341
343	353
343	377
343	400
343	423
343	427
343	435
343	463
343	466
343	471
343	474
343	489
343	491
343	753
344	211
344	262
344	288
344	376
344	402
344	413
344	427
344	429
344	442
344	458
344	464
344	478
344	479
344	484
344	634
344	741
345	207
345	212
345	231
345	275
345	399
345	419
345	423
345	427
345	435
345	445
345	446
345	454
345	468
345	475
345	564
345	946
346	119
346	250
346	259
346	283
346	290
346	348
346	349
346	353
346	358
346	367
346	372
346	387
346	390
346	419
346	448
346	475
347	249
347	305
347	310
347	331
347	376
347	402
347	408
347	442
347	448
347	464
347	469
347	476
347	480
347	483
347	489
347	556
347	877
348	241
348	291
348	346
348	349
348	366
348	389
348	409
348	422
348	442
348	446
348	451
348	457
348	475
348	478
348	486
348	491
348	493
349	220
349	238
349	311
349	313
349	322
349	346
349	348
349	370
349	382
349	392
349	414
349	427
349	451
349	454
349	473
349	657
349	848
350	104
350	230
350	245
350	248
350	268
350	317
350	352
350	396
350	399
350	407
350	428
350	446
350	453
350	454
350	472
350	476
350	891
351	156
351	242
351	271
351	306
351	326
351	332
351	389
351	390
351	391
351	393
351	394
351	416
351	430
351	469
351	480
351	487
351	518
352	107
352	233
352	253
352	313
352	350
352	367
352	374
352	392
352	422
352	440
352	446
352	451
352	461
352	472
352	480
352	491
352	733
353	79
353	276
353	287
353	343
353	346
353	354
353	366
353	374
353	394
353	395
353	453
353	462
353	464
353	468
353	473
353	478
353	515
354	232
354	278
354	287
354	291
354	329
354	353
354	374
354	386
354	439
354	458
354	462
354	466
354	468
354	471
354	473
354	721
354	790
355	113
355	249
355	276
355	285
355	328
355	329
355	374
355	387
355	424
355	431
355	441
355	450
355	453
355	462
355	468
355	473
355	482
356	52
356	94
356	221
356	236
356	289
356	291
356	314
356	333
356	342
356	391
356	407
356	416
356	420
356	432
356	438
356	464
356	483
356	486
357	237
357	255
357	322
357	339
357	422
357	432
357	443
357	445
357	452
357	453
357	455
357	459
357	461
357	463
357	474
357	477
357	814
357	836
358	229
358	294
358	338
358	346
358	375
358	390
358	400
358	422
358	425
358	465
358	471
358	472
358	475
358	484
358	485
358	486
358	498
358	612
359	90
359	257
359	281
359	342
359	361
359	371
359	408
359	412
359	417
359	439
359	459
359	460
359	465
359	466
359	470
359	474
359	491
359	809
360	25
360	35
360	298
360	320
360	323
360	337
360	383
360	398
360	399
360	403
360	411
360	423
360	428
360	441
360	449
360	457
360	469
360	486
361	215
361	257
361	275
361	306
361	359
361	378
361	382
361	393
361	419
361	436
361	454
361	467
361	474
361	480
361	487
361	489
361	647
361	914
362	175
362	216
362	251
362	270
362	274
362	275
362	294
362	328
362	379
362	383
362	397
362	407
362	419
362	420
362	428
362	446
362	454
362	621
363	213
363	214
363	223
363	260
363	371
363	375
363	377
363	378
363	412
363	427
363	431
363	459
363	461
363	475
363	488
363	489
363	666
363	986
364	248
364	253
364	332
364	392
364	411
364	425
364	441
364	451
364	465
364	467
364	472
364	478
364	479
364	484
364	485
364	491
364	576
364	740
365	229
365	241
365	243
365	246
365	256
365	258
365	273
365	311
365	323
365	336
365	380
365	381
365	414
365	451
365	464
365	472
365	475
365	491
365	575
366	234
366	247
366	276
366	297
366	308
366	348
366	353
366	387
366	438
366	450
366	462
366	465
366	468
366	470
366	473
366	477
366	488
366	579
366	688
367	82
367	208
367	297
367	325
367	346
367	352
367	398
367	405
367	409
367	453
367	457
367	472
367	473
367	475
367	478
367	485
367	489
367	491
367	653
368	53
368	85
368	316
368	369
368	378
368	379
368	413
368	421
368	431
368	433
368	442
368	454
368	458
368	471
368	474
368	484
368	486
368	490
368	491
369	249
369	266
369	267
369	368
369	378
369	384
369	388
369	397
369	417
369	419
369	427
369	431
369	440
369	444
369	458
369	479
369	484
369	629
369	785
370	199
370	250
370	267
370	349
370	386
370	393
370	414
370	416
370	426
370	429
370	447
370	449
370	463
370	465
370	476
370	478
370	485
370	491
370	838
371	44
371	80
371	206
371	211
371	257
371	258
371	359
371	363
371	387
371	389
371	410
371	423
371	439
371	447
371	448
371	459
371	469
371	474
371	476
372	335
372	346
372	373
372	381
372	385
372	405
372	431
372	443
372	449
372	453
372	454
372	457
372	461
372	465
372	471
372	477
372	488
372	654
372	659
373	226
373	251
373	254
373	283
373	302
373	305
373	311
373	312
373	372
373	376
373	394
373	416
373	424
373	467
373	480
373	487
373	488
373	680
373	839
374	156
374	232
374	285
374	297
374	352
374	353
374	354
374	355
374	430
374	436
374	450
374	462
374	466
374	468
374	471
374	473
374	474
374	487
374	995
375	225
375	248
375	252
375	271
375	308
375	315
375	358
375	363
375	386
375	407
375	413
375	448
375	456
375	470
375	471
375	481
375	482
375	820
375	931
376	272
376	304
376	326
376	340
376	344
376	347
376	373
376	388
376	392
376	415
376	420
376	425
376	439
376	448
376	464
376	476
376	483
376	486
376	695
377	199
377	219
377	243
377	343
377	363
377	396
377	398
377	427
377	435
377	437
377	454
377	459
377	460
377	462
377	466
377	469
377	480
377	482
377	489
377	704
378	42
378	180
378	210
378	221
378	235
378	250
378	290
378	361
378	363
378	368
378	369
378	402
378	413
378	430
378	433
378	438
378	444
378	466
378	484
378	490
379	286
379	290
379	312
379	324
379	329
379	333
379	362
379	368
379	394
379	430
379	434
379	442
379	457
379	458
379	466
379	479
379	484
379	490
379	578
379	823
380	160
380	263
380	268
380	319
380	324
380	365
380	403
380	406
380	412
380	437
380	441
380	459
380	460
380	461
380	469
380	474
380	483
380	488
380	489
380	532
381	181
381	233
381	269
381	322
381	336
381	365
381	372
381	404
381	409
381	426
381	451
381	456
381	459
381	465
381	471
381	472
381	473
381	483
381	489
381	510
382	254
382	313
382	338
382	349
382	361
382	393
382	404
382	408
382	414
382	427
382	429
382	451
382	452
382	463
382	470
382	475
382	478
382	491
382	695
382	819
383	259
383	294
383	305
383	360
383	362
383	390
383	392
383	396
383	399
383	403
383	411
383	414
383	419
383	428
383	437
383	457
383	459
383	476
383	637
383	797
384	204
384	255
384	316
384	369
384	406
384	411
384	429
384	430
384	434
384	447
384	450
384	458
384	467
384	478
384	479
384	484
384	485
384	490
384	505
384	755
385	54
385	222
385	239
385	245
385	300
385	322
385	328
385	372
385	405
385	406
385	415
385	443
385	449
385	452
385	453
385	461
385	477
385	479
385	481
385	681
386	128
386	270
386	291
386	303
386	307
386	311
386	354
386	370
386	375
386	397
386	410
386	432
386	433
386	456
386	462
386	470
386	471
386	477
386	481
386	734
387	163
387	247
387	263
387	268
387	278
387	289
387	303
387	325
387	346
387	355
387	366
387	371
387	394
387	395
387	450
387	458
387	462
387	468
387	473
387	794
388	239
388	240
388	273
388	278
388	314
388	317
388	331
388	369
388	376
388	401
388	406
388	412
388	436
388	464
388	476
388	481
388	483
388	486
388	687
388	701
389	189
389	191
389	246
389	279
389	283
389	292
389	297
389	299
389	318
389	348
389	351
389	371
389	394
389	424
389	426
389	467
389	472
389	476
389	480
389	487
390	65
390	204
390	226
390	292
390	346
390	351
390	358
390	383
390	393
390	394
390	403
390	407
390	413
390	424
390	436
390	453
390	467
390	480
390	487
390	687
391	184
391	222
391	227
391	256
391	270
391	271
391	329
391	351
391	356
391	415
391	418
391	428
391	445
391	455
391	456
391	470
391	471
391	481
391	482
391	555
392	45
392	159
392	286
392	338
392	349
392	352
392	364
392	376
392	383
392	419
392	422
392	426
392	460
392	468
392	475
392	476
392	478
392	479
392	485
392	486
392	491
393	72
393	215
393	219
393	245
393	262
393	283
393	302
393	351
393	361
393	370
393	382
393	390
393	396
393	413
393	436
393	446
393	452
393	480
393	487
393	646
393	839
394	219
394	283
394	318
394	351
394	353
394	373
394	379
394	387
394	389
394	390
394	416
394	439
394	455
394	463
394	467
394	475
394	480
394	482
394	487
394	727
394	835
395	187
395	225
395	247
395	274
395	283
395	284
395	285
395	286
395	287
395	297
395	310
395	319
395	330
395	353
395	387
395	462
395	468
395	471
395	473
395	488
395	671
396	175
396	205
396	212
396	214
396	218
396	232
396	318
396	321
396	350
396	377
396	383
396	393
396	399
396	403
396	407
396	411
396	446
396	448
396	454
396	512
396	776
397	193
397	222
397	225
397	226
397	252
397	270
397	301
397	312
397	334
397	362
397	369
397	386
397	401
397	418
397	452
397	455
397	456
397	471
397	477
397	482
397	694
398	250
398	259
398	286
398	291
398	293
398	295
398	360
398	367
398	377
398	404
398	414
398	428
398	442
398	459
398	466
398	475
398	477
398	478
398	491
398	511
398	568
399	214
399	294
399	323
399	345
399	350
399	360
399	383
399	396
399	402
399	404
399	413
399	423
399	429
399	432
399	440
399	446
399	457
399	478
399	592
399	625
399	849
400	101
400	261
400	263
400	271
400	276
400	293
400	307
400	343
400	358
400	430
400	434
400	439
400	440
400	447
400	458
400	459
400	460
400	466
400	469
400	488
400	814
401	208
401	224
401	266
401	312
401	388
401	397
401	415
401	430
401	432
401	445
401	452
401	455
401	456
401	470
401	471
401	482
401	483
401	487
401	490
401	792
401	802
402	148
402	206
402	235
402	286
402	324
402	344
402	347
402	378
402	399
402	413
402	429
402	430
402	445
402	453
402	461
402	467
402	477
402	479
402	484
402	490
402	588
403	237
403	245
403	249
403	276
403	294
403	318
403	335
403	360
403	380
403	383
403	390
403	396
403	410
403	411
403	446
403	454
403	457
403	484
403	491
403	565
403	841
403	991
404	208
404	215
404	255
404	314
404	326
404	381
404	382
404	398
404	399
404	409
404	414
404	422
404	437
404	440
404	463
404	465
404	478
404	481
404	486
404	491
404	835
404	903
405	323
405	335
405	367
405	372
405	385
405	411
405	412
405	415
405	431
405	436
405	441
405	442
405	443
405	445
405	449
405	453
405	454
405	461
405	469
405	477
405	683
405	975
406	172
406	235
406	301
406	311
406	337
406	380
406	384
406	385
406	388
406	411
406	413
406	421
406	433
406	434
406	442
406	444
406	450
406	466
406	479
406	484
406	490
406	774
407	205
407	217
407	245
407	251
407	275
407	283
407	337
407	350
407	356
407	362
407	375
407	390
407	396
407	423
407	425
407	426
407	428
407	454
407	456
407	457
407	492
407	612
408	26
408	201
408	211
408	236
408	280
408	285
408	293
408	298
408	305
408	326
408	330
408	347
408	359
408	382
408	419
408	422
408	438
408	456
408	470
408	476
408	483
408	485
409	151
409	208
409	227
409	259
409	296
409	328
409	333
409	337
409	338
409	348
409	367
409	381
409	404
409	414
409	429
409	433
409	444
409	465
409	472
409	473
409	475
409	483
409	526
410	213
410	221
410	266
410	274
410	312
410	314
410	371
410	386
410	403
410	418
410	432
410	455
410	456
410	460
410	466
410	469
410	470
410	471
410	481
410	482
410	483
410	590
410	980
411	202
411	216
411	227
411	328
411	360
411	364
411	383
411	384
411	396
411	403
411	405
411	406
411	419
411	423
411	428
411	446
411	454
411	457
411	460
411	462
411	473
411	475
411	995
412	217
412	218
412	260
412	271
412	307
412	330
412	332
412	359
412	363
412	380
412	388
412	405
412	425
412	428
412	437
412	440
412	458
412	465
412	469
412	479
412	489
412	679
412	686
413	260
413	279
413	301
413	307
413	316
413	329
413	344
413	368
413	375
413	378
413	390
413	393
413	399
413	402
413	406
413	423
413	429
413	430
413	484
413	490
413	491
413	824
413	942
414	257
414	277
414	300
414	337
414	349
414	365
414	370
414	382
414	383
414	398
414	404
414	409
414	439
414	446
414	453
414	463
414	465
414	472
414	476
414	478
414	485
414	748
414	994
415	124
415	172
415	176
415	204
415	208
415	224
415	231
415	234
415	244
415	258
415	295
415	322
415	376
415	385
415	391
415	401
415	405
415	443
415	445
415	452
415	453
415	464
415	477
416	190
416	241
416	242
416	277
416	283
416	304
416	340
416	351
416	356
416	370
416	373
416	394
416	430
416	436
416	451
416	461
416	467
416	469
416	480
416	481
416	487
416	619
416	924
417	228
417	282
417	300
417	301
417	315
417	320
417	321
417	324
417	333
417	341
417	359
417	369
417	434
417	444
417	449
417	455
417	458
417	476
417	479
417	480
417	490
417	550
417	894
418	104
418	261
418	276
418	296
418	303
418	320
418	336
418	391
418	397
418	410
418	428
418	441
418	455
418	456
418	461
418	467
418	471
418	474
418	481
418	482
418	491
418	700
418	842
419	117
419	207
419	251
419	264
419	271
419	294
419	302
419	323
419	337
419	345
419	346
419	361
419	362
419	369
419	383
419	392
419	408
419	411
419	454
419	457
419	473
419	479
419	936
420	211
420	248
420	273
420	282
420	298
420	314
420	356
420	362
420	376
420	423
420	429
420	432
420	439
420	441
420	463
420	476
420	481
420	482
420	483
420	485
420	486
420	491
420	656
420	829
421	164
421	211
421	239
421	246
421	248
421	268
421	273
421	284
421	286
421	317
421	342
421	368
421	406
421	424
421	433
421	438
421	441
421	442
421	448
421	459
421	463
421	465
421	476
421	528
422	188
422	214
422	250
422	274
422	320
422	327
422	348
422	352
422	357
422	358
422	392
422	404
422	408
422	426
422	430
422	445
422	463
422	469
422	470
422	472
422	485
422	491
422	614
422	994
423	216
423	230
423	264
423	337
423	339
423	343
423	345
423	360
423	371
423	399
423	407
423	411
423	413
423	420
423	446
423	454
423	465
423	470
423	475
423	486
423	487
423	495
423	509
423	544
424	37
424	240
424	275
424	293
424	302
424	318
424	324
424	330
424	340
424	355
424	373
424	389
424	390
424	421
424	435
424	443
424	444
424	454
424	467
424	480
424	487
424	489
424	632
424	964
425	208
425	221
425	228
425	232
425	259
425	325
425	331
425	358
425	364
425	376
425	407
425	412
425	440
425	443
425	463
425	465
425	467
425	472
425	479
425	485
425	491
425	686
425	837
425	907
426	182
426	184
426	209
426	213
426	235
426	262
426	290
426	293
426	316
426	328
426	370
426	381
426	389
426	392
426	407
426	422
426	437
426	451
426	463
426	472
426	475
426	478
426	485
426	491
426	605
427	145
427	209
427	217
427	243
427	252
427	254
427	274
427	298
427	325
427	343
427	344
427	345
427	349
427	363
427	369
427	377
427	382
427	435
427	437
427	439
427	444
427	459
427	487
427	488
427	489
427	606
428	143
428	205
428	216
428	227
428	231
428	237
428	280
428	321
428	337
428	350
428	360
428	362
428	383
428	391
428	398
428	407
428	411
428	412
428	418
428	429
428	438
428	454
428	457
428	487
428	869
428	978
429	218
429	262
429	263
429	267
429	272
429	282
429	287
429	300
429	320
429	344
429	370
429	382
429	384
429	399
429	402
429	409
429	413
429	420
429	428
429	434
429	440
429	484
429	490
429	603
429	684
429	738
430	262
430	300
430	333
430	340
430	351
430	374
430	378
430	379
430	384
430	400
430	401
430	402
430	413
430	416
430	422
430	433
430	440
430	442
430	446
430	451
430	457
430	479
430	484
430	490
430	825
430	957
431	250
431	264
431	266
431	295
431	299
431	335
431	339
431	355
431	363
431	368
431	369
431	372
431	405
431	439
431	443
431	445
431	448
431	449
431	452
431	453
431	461
431	469
431	474
431	477
431	525
431	548
431	900
432	200
432	224
432	261
432	274
432	303
432	309
432	315
432	316
432	326
432	356
432	357
432	386
432	399
432	401
432	410
432	420
432	435
432	455
432	456
432	465
432	468
432	470
432	471
432	480
432	481
432	484
432	674
433	267
433	272
433	301
433	320
433	368
433	378
433	386
433	406
433	409
433	421
433	430
433	440
433	442
433	444
433	455
433	462
433	465
433	469
433	475
433	482
433	484
433	487
433	488
433	490
433	652
433	694
433	989
434	90
434	210
434	230
434	244
434	258
434	282
434	301
434	324
434	333
434	342
434	379
434	384
434	400
434	406
434	417
434	429
434	440
434	442
434	443
434	455
434	458
434	461
434	476
434	479
434	488
434	490
434	921
435	3
435	208
435	217
435	236
435	284
435	295
435	310
435	328
435	339
435	341
435	343
435	345
435	377
435	424
435	427
435	432
435	437
435	439
435	447
435	459
435	460
435	472
435	475
435	477
435	488
435	489
435	968
436	133
436	206
436	219
436	236
436	240
436	242
436	277
436	279
436	292
436	302
436	311
436	321
436	340
436	361
436	374
436	388
436	390
436	393
436	405
436	416
436	452
436	467
436	480
436	483
436	487
436	587
436	673
437	28
437	272
437	278
437	302
437	307
437	319
437	320
437	325
437	327
437	334
437	377
437	380
437	383
437	404
437	412
437	426
437	427
437	435
437	453
437	459
437	460
437	467
437	476
437	487
437	488
437	489
437	707
437	976
438	207
438	241
438	250
438	275
438	289
438	293
438	304
438	318
438	327
438	342
438	356
438	366
438	378
438	408
438	421
438	428
438	441
438	443
438	448
438	458
438	464
438	476
438	482
438	483
438	486
438	489
438	670
438	693
439	170
439	208
439	218
439	281
439	305
439	319
439	327
439	334
439	354
439	359
439	371
439	376
439	394
439	400
439	414
439	420
439	427
439	431
439	435
439	447
439	465
439	466
439	472
439	474
439	476
439	489
439	732
439	882
440	296
440	298
440	300
440	311
440	323
440	333
440	352
440	369
440	399
440	400
440	404
440	412
440	425
440	429
440	430
440	433
440	434
440	442
440	444
440	458
440	460
440	466
440	479
440	480
440	484
440	490
440	576
440	708
440	875
441	132
441	210
441	236
441	241
441	243
441	280
441	284
441	290
441	304
441	309
441	312
441	317
441	331
441	355
441	360
441	364
441	380
441	405
441	418
441	420
441	421
441	438
441	448
441	464
441	476
441	477
441	483
441	572
441	733
442	262
442	289
442	294
442	316
442	344
442	347
442	348
442	368
442	379
442	398
442	405
442	406
442	421
442	430
442	433
442	434
442	440
442	444
442	449
442	458
442	474
442	477
442	479
442	481
442	484
442	490
442	696
442	773
442	900
443	248
443	250
443	258
443	260
443	279
443	289
443	294
443	299
443	335
443	339
443	357
443	372
443	385
443	405
443	415
443	424
443	425
443	431
443	434
443	438
443	449
443	452
443	453
443	461
443	477
443	488
443	535
443	610
443	849
444	207
444	232
444	261
444	294
444	310
444	312
444	316
444	324
444	333
444	336
444	369
444	378
444	406
444	409
444	417
444	424
444	427
444	433
444	440
444	442
444	458
444	459
444	479
444	484
444	485
444	490
444	601
444	657
444	968
445	71
445	163
445	204
445	216
445	220
445	256
445	258
445	295
445	306
445	339
445	345
445	357
445	391
445	401
445	402
445	405
445	415
445	422
445	431
445	449
445	452
445	453
445	461
445	477
445	480
445	481
445	482
445	489
445	720
446	1
446	75
446	207
446	230
446	231
446	237
446	264
446	323
446	330
446	337
446	338
446	345
446	348
446	350
446	352
446	362
446	393
446	396
446	399
446	403
446	411
446	414
446	423
446	430
446	448
446	449
446	478
446	486
446	665
447	122
447	259
447	260
447	279
447	285
447	287
447	305
447	307
447	319
447	328
447	341
447	370
447	371
447	384
447	400
447	435
447	439
447	454
447	459
447	460
447	463
447	464
447	466
447	468
447	469
447	488
447	489
447	594
447	668
448	203
448	242
448	246
448	247
448	273
448	289
448	298
448	304
448	314
448	346
448	347
448	371
448	375
448	376
448	396
448	421
448	431
448	438
448	441
448	446
448	464
448	467
448	468
448	476
448	478
448	483
448	486
448	487
448	697
448	892
449	22
449	175
449	220
449	255
449	258
449	259
449	295
449	299
449	300
449	303
449	335
449	338
449	342
449	360
449	370
449	372
449	385
449	405
449	417
449	431
449	442
449	443
449	445
449	446
449	452
449	453
449	461
449	477
449	482
449	483
449	867
450	217
450	223
450	225
450	232
450	242
450	268
450	276
450	285
450	294
450	297
450	300
450	308
450	329
450	341
450	355
450	366
450	374
450	384
450	387
450	406
450	458
450	462
450	468
450	470
450	473
450	481
450	487
450	491
450	660
450	712
450	832
451	64
451	172
451	228
451	269
451	290
451	303
451	306
451	313
451	322
451	333
451	348
451	349
451	352
451	364
451	365
451	381
451	382
451	416
451	426
451	430
451	465
451	470
451	471
451	472
451	473
451	479
451	483
451	485
451	486
451	491
451	813
452	220
452	251
452	255
452	258
452	268
452	299
452	314
452	322
452	339
452	357
452	382
452	385
452	393
452	397
452	401
452	415
452	431
452	436
452	443
452	445
452	449
452	453
452	461
452	466
452	467
452	477
452	489
452	491
452	625
452	644
452	765
453	21
453	220
453	243
453	244
453	255
453	335
453	339
453	350
453	353
453	355
453	357
453	367
453	372
453	385
453	390
453	402
453	405
453	414
453	415
453	431
453	437
453	443
453	445
453	449
453	452
453	476
453	477
453	488
453	577
453	934
453	988
454	175
454	212
454	230
454	249
454	251
454	323
454	338
454	345
454	349
454	350
454	361
454	362
454	368
454	372
454	377
454	396
454	403
454	405
454	407
454	411
454	419
454	423
454	424
454	428
454	447
454	457
454	480
454	484
454	491
454	723
454	965
455	157
455	224
455	265
455	266
455	276
455	309
455	312
455	321
455	326
455	357
455	391
455	394
455	397
455	401
455	410
455	417
455	418
455	432
455	433
455	434
455	456
455	465
455	470
455	474
455	476
455	480
455	481
455	482
455	485
455	634
455	913
456	214
456	222
456	229
456	274
456	281
456	296
456	312
456	337
456	375
456	381
456	386
456	391
456	397
456	401
456	407
456	408
456	410
456	418
456	432
456	455
456	464
456	470
456	471
456	472
456	475
456	478
456	481
456	483
456	488
456	617
456	945
456	967
457	212
457	216
457	237
457	245
457	249
457	251
457	261
457	267
457	272
457	294
457	313
457	323
457	348
457	360
457	367
457	372
457	379
457	383
457	399
457	403
457	407
457	411
457	419
457	428
457	430
457	454
457	465
457	468
457	471
457	475
457	480
457	682
457	800
457	904
458	195
458	244
458	272
458	300
458	310
458	311
458	338
458	342
458	344
458	354
458	368
458	369
458	379
458	384
458	387
458	400
458	412
458	417
458	434
458	438
458	440
458	442
458	444
458	450
458	459
458	460
458	469
458	473
458	479
458	484
458	490
458	491
458	888
458	965
459	85
459	206
459	254
459	257
459	268
459	296
459	315
459	325
459	357
459	359
459	363
459	371
459	377
459	380
459	381
459	383
459	398
459	400
459	421
459	427
459	435
459	437
459	444
459	447
459	458
459	466
459	469
459	474
459	479
459	484
459	486
459	487
459	847
459	851
460	209
460	219
460	254
460	258
460	263
460	299
460	301
460	305
460	307
460	310
460	323
460	327
460	334
460	338
460	359
460	377
460	380
460	392
460	400
460	410
460	411
460	435
460	437
460	440
460	447
460	458
460	466
460	479
460	486
460	488
460	489
460	562
460	598
460	966
461	118
461	204
461	212
461	216
461	251
461	255
461	256
461	262
461	295
461	299
461	322
461	334
461	335
461	339
461	352
461	357
461	363
461	372
461	380
461	385
461	402
461	405
461	416
461	418
461	431
461	434
461	443
461	445
461	449
461	452
461	477
461	633
461	673
461	874
462	187
462	225
462	232
462	234
462	247
462	263
462	276
462	278
462	287
462	324
462	327
462	329
462	339
462	353
462	354
462	355
462	366
462	374
462	377
462	386
462	387
462	395
462	411
462	433
462	450
462	467
462	468
462	473
462	475
462	477
462	482
462	484
462	560
462	600
462	981
463	32
463	178
463	179
463	214
463	229
463	232
463	243
463	253
463	256
463	272
463	286
463	308
463	310
463	317
463	335
463	336
463	343
463	357
463	370
463	382
463	394
463	404
463	414
463	420
463	421
463	422
463	425
463	426
463	447
463	465
463	478
463	481
463	485
463	490
463	491
463	850
464	74
464	211
464	234
464	239
464	241
464	264
464	266
464	270
464	280
464	293
464	304
464	305
464	308
464	319
464	326
464	331
464	342
464	344
464	347
464	353
464	356
464	365
464	376
464	388
464	415
464	438
464	441
464	447
464	448
464	456
464	466
464	474
464	475
464	485
464	486
464	522
464	958
465	203
465	207
465	214
465	239
465	250
465	258
465	259
465	286
465	358
465	359
465	364
465	366
465	370
465	372
465	381
465	404
465	409
465	412
465	414
465	421
465	423
465	425
465	432
465	433
465	439
465	451
465	455
465	457
465	463
465	472
465	475
465	478
465	479
465	485
465	624
465	687
465	796
466	157
466	220
466	224
466	257
466	263
466	281
466	288
466	291
466	320
466	325
466	334
466	339
466	343
466	354
466	359
466	374
466	377
466	378
466	379
466	398
466	400
466	406
466	410
466	439
466	440
466	447
466	452
466	459
466	460
466	464
466	469
466	474
466	488
466	489
466	680
466	910
466	991
467	181
467	204
467	215
467	240
467	246
467	255
467	275
467	279
467	288
467	292
467	302
467	306
467	318
467	340
467	361
467	364
467	373
467	384
467	389
467	390
467	394
467	402
467	416
467	418
467	424
467	425
467	436
467	437
467	448
467	452
467	462
467	472
467	473
467	475
467	480
467	487
467	595
467	691
468	178
468	207
468	225
468	234
468	235
468	257
468	268
468	271
468	276
468	284
468	285
468	287
468	297
468	307
468	308
468	329
468	341
468	345
468	353
468	354
468	355
468	366
468	374
468	387
468	392
468	395
468	432
468	447
468	448
468	450
468	457
468	462
468	473
468	482
468	490
468	497
468	736
468	850
469	206
469	223
469	265
469	288
469	314
469	319
469	327
469	328
469	332
469	333
469	334
469	347
469	351
469	360
469	371
469	377
469	380
469	400
469	405
469	410
469	412
469	416
469	422
469	431
469	433
469	447
469	458
469	459
469	466
469	475
469	482
469	485
469	488
469	489
469	491
469	534
469	695
469	852
469	983
470	10
470	210
470	222
470	226
470	238
470	252
470	253
470	261
470	263
470	266
470	274
470	275
470	285
470	296
470	309
470	359
470	366
470	375
470	382
470	386
470	391
470	401
470	408
470	410
470	422
470	423
470	432
470	450
470	451
470	455
470	456
470	471
470	478
470	481
470	482
470	490
470	685
470	828
470	834
471	138
471	189
471	210
471	238
471	252
471	264
471	271
471	273
471	290
471	296
471	297
471	303
471	315
471	321
471	343
471	354
471	358
471	368
471	372
471	374
471	375
471	381
471	386
471	391
471	395
471	397
471	401
471	410
471	418
471	432
471	451
471	456
471	457
471	470
471	474
471	481
471	482
471	491
471	901
471	952
472	221
472	230
472	233
472	243
472	256
472	282
472	295
472	306
472	321
472	350
472	352
472	358
472	364
472	365
472	367
472	381
472	389
472	409
472	414
472	422
472	425
472	426
472	435
472	439
472	451
472	456
472	465
472	467
472	474
472	475
472	480
472	483
472	485
472	489
472	490
472	491
472	642
472	837
472	847
472	872
473	9
473	103
473	192
473	234
473	237
473	238
473	247
473	268
473	276
473	278
473	285
473	287
473	292
473	297
473	298
473	308
473	329
473	349
473	353
473	354
473	355
473	366
473	367
473	374
473	381
473	387
473	395
473	409
473	411
473	419
473	450
473	451
473	458
473	462
473	467
473	468
473	475
473	484
473	490
473	635
474	146
474	188
474	206
474	210
474	212
474	217
474	223
474	239
474	254
474	263
474	265
474	310
474	327
474	330
474	332
474	341
474	343
474	357
474	359
474	361
474	368
474	371
474	374
474	380
474	418
474	431
474	439
474	442
474	455
474	459
474	464
474	466
474	471
474	472
474	482
474	484
474	488
474	489
474	830
474	963
475	78
475	183
475	212
475	221
475	243
475	269
475	291
475	304
475	313
475	336
475	345
475	346
475	348
475	358
475	363
475	365
475	367
475	382
475	392
475	394
475	398
475	409
475	411
475	423
475	426
475	433
475	435
475	456
475	457
475	462
475	464
475	465
475	467
475	469
475	472
475	473
475	477
475	478
475	485
475	595
475	993
476	66
476	112
476	149
476	211
476	213
476	219
476	230
476	236
476	246
476	253
476	282
476	284
476	289
476	292
476	293
476	331
476	342
476	347
476	350
476	370
476	371
476	376
476	383
476	388
476	389
476	392
476	408
476	414
476	417
476	420
476	421
476	434
476	437
476	438
476	439
476	441
476	448
476	453
476	455
476	483
476	486
476	756
477	56
477	161
477	204
477	220
477	249
477	255
477	258
477	293
477	295
477	299
477	301
477	302
477	313
477	322
477	331
477	335
477	336
477	339
477	357
477	366
477	372
477	385
477	386
477	397
477	398
477	402
477	405
477	415
477	431
477	435
477	441
477	442
477	443
477	445
477	449
477	452
477	453
477	461
477	462
477	475
477	491
477	621
477	782
477	871
478	27
478	203
478	215
478	228
478	242
478	253
478	256
478	260
478	266
478	269
478	270
478	277
478	286
478	290
478	316
478	325
478	335
478	344
478	348
478	353
478	364
478	367
478	370
478	382
478	384
478	392
478	398
478	399
478	404
478	414
478	426
478	446
478	448
478	456
478	463
478	465
478	470
478	475
478	485
478	487
478	491
478	572
478	842
478	873
479	114
479	134
479	182
479	204
479	235
479	236
479	244
479	267
479	272
479	284
479	300
479	311
479	320
479	331
479	344
479	364
479	369
479	379
479	384
479	385
479	392
479	402
479	406
479	412
479	417
479	419
479	425
479	430
479	434
479	440
479	442
479	444
479	451
479	458
479	459
479	460
479	465
479	484
479	485
479	488
479	489
479	490
479	847
479	991
480	209
480	219
480	226
480	227
480	242
480	275
480	277
480	279
480	283
480	292
480	306
480	318
480	332
480	347
480	351
480	352
480	361
480	373
480	377
480	389
480	390
480	393
480	394
480	416
480	417
480	424
480	432
480	436
480	440
480	445
480	454
480	455
480	457
480	467
480	472
480	481
480	487
480	488
480	489
480	490
480	646
480	656
480	799
480	954
480	956
481	66
481	210
481	211
481	224
481	238
481	252
481	255
481	261
481	269
481	271
481	296
481	299
481	303
481	304
481	309
481	312
481	315
481	319
481	321
481	375
481	385
481	386
481	388
481	391
481	404
481	410
481	416
481	418
481	420
481	432
481	442
481	445
481	450
481	455
481	456
481	463
481	470
481	471
481	480
481	482
481	488
481	490
481	554
481	597
481	753
481	804
482	115
482	162
482	198
482	210
482	216
482	238
482	252
482	261
482	266
482	270
482	271
482	274
482	296
482	309
482	312
482	315
482	321
482	336
482	355
482	375
482	377
482	391
482	394
482	397
482	401
482	410
482	418
482	420
482	433
482	438
482	445
482	449
482	455
482	462
482	468
482	469
482	470
482	471
482	474
482	481
482	484
482	485
482	486
482	490
482	658
482	847
483	95
483	206
483	213
483	229
483	238
483	241
483	248
483	273
483	284
483	285
483	286
483	293
483	304
483	305
483	316
483	317
483	324
483	326
483	329
483	331
483	342
483	347
483	356
483	376
483	380
483	381
483	388
483	401
483	408
483	409
483	410
483	420
483	436
483	438
483	441
483	448
483	449
483	451
483	456
483	472
483	476
483	486
483	504
483	542
483	581
483	955
484	94
484	209
484	235
484	252
484	271
484	272
484	278
484	289
484	313
484	320
484	324
484	327
484	333
484	344
484	358
484	364
484	368
484	369
484	378
484	379
484	384
484	402
484	403
484	406
484	413
484	429
484	430
484	432
484	433
484	440
484	442
484	444
484	454
484	458
484	459
484	462
484	473
484	474
484	479
484	482
484	488
484	489
484	490
484	635
484	667
484	669
485	178
485	221
485	227
485	228
485	252
485	256
485	257
485	259
485	277
485	286
485	291
485	300
485	309
485	319
485	325
485	336
485	338
485	342
485	358
485	364
485	367
485	370
485	384
485	392
485	408
485	414
485	420
485	422
485	425
485	426
485	444
485	451
485	455
485	463
485	464
485	465
485	469
485	472
485	475
485	478
485	479
485	482
485	486
485	623
485	816
485	923
486	166
486	187
486	213
486	216
486	219
486	236
486	239
486	248
486	269
486	273
486	280
486	282
486	286
486	289
486	293
486	298
486	304
486	317
486	326
486	327
486	331
486	342
486	348
486	356
486	358
486	360
486	368
486	376
486	388
486	392
486	404
486	420
486	423
486	438
486	446
486	448
486	451
486	459
486	460
486	464
486	476
486	482
486	483
486	485
486	559
486	605
487	40
487	183
487	190
487	209
487	215
487	219
487	225
487	226
487	240
487	242
487	275
487	277
487	279
487	280
487	283
487	292
487	302
487	306
487	315
487	323
487	324
487	351
487	361
487	373
487	374
487	389
487	390
487	393
487	394
487	401
487	416
487	423
487	424
487	427
487	428
487	433
487	436
487	437
487	448
487	450
487	459
487	467
487	478
487	480
487	489
487	688
487	893
488	152
488	206
488	223
488	253
488	257
488	265
488	281
488	288
488	301
488	307
488	319
488	327
488	328
488	329
488	330
488	332
488	333
488	341
488	363
488	366
488	372
488	373
488	380
488	395
488	400
488	427
488	433
488	434
488	435
488	437
488	443
488	447
488	453
488	456
488	460
488	466
488	469
488	474
488	479
488	480
488	481
488	484
488	490
488	491
488	613
488	682
488	695
488	729
489	20
489	140
489	209
489	217
489	218
489	260
489	262
489	265
489	274
489	281
489	288
489	298
489	328
489	330
489	334
489	335
489	336
489	340
489	343
489	347
489	361
489	363
489	367
489	377
489	380
489	381
489	412
489	424
489	427
489	435
489	437
489	438
489	439
489	445
489	447
489	452
489	460
489	466
489	469
489	472
489	474
489	479
489	480
489	484
489	487
489	663
489	810
489	984
490	235
490	244
490	253
490	265
490	267
490	272
490	273
490	278
490	295
490	311
490	315
490	316
490	318
490	324
490	334
490	337
490	339
490	368
490	378
490	379
490	384
490	401
490	402
490	406
490	413
490	417
490	429
490	430
490	433
490	434
490	440
490	442
490	444
490	458
490	463
490	468
490	470
490	472
490	473
490	479
490	480
490	481
490	482
490	484
490	488
490	673
490	818
490	944
490	950
491	157
491	168
491	176
491	214
491	217
491	221
491	227
491	243
491	253
491	269
491	284
491	291
491	292
491	323
491	332
491	338
491	343
491	348
491	352
491	359
491	364
491	365
491	367
491	368
491	370
491	382
491	392
491	398
491	403
491	404
491	413
491	418
491	420
491	422
491	425
491	426
491	450
491	451
491	452
491	454
491	458
491	463
491	469
491	471
491	472
491	477
491	478
491	488
491	624
491	783
492	407
492	497
492	609
492	638
492	646
492	647
492	667
492	690
492	692
492	697
493	348
493	494
493	514
493	552
493	589
493	664
493	671
493	685
493	691
493	694
494	493
494	514
494	574
494	576
494	578
494	633
494	644
494	660
494	697
494	840
495	423
495	514
495	600
495	607
495	616
495	660
495	666
495	674
495	682
495	692
496	127
496	525
496	635
496	636
496	658
496	669
496	673
496	681
496	690
496	694
497	468
497	492
497	512
497	553
497	577
497	601
497	676
497	681
497	691
497	697
498	358
498	540
498	546
498	599
498	602
498	617
498	637
498	651
498	659
498	690
499	144
499	532
499	617
499	640
499	650
499	662
499	663
499	671
499	675
499	688
500	548
500	609
500	625
500	632
500	638
500	661
500	668
500	669
500	672
500	739
501	555
501	565
501	581
501	582
501	624
501	642
501	686
501	687
501	692
501	987
502	582
502	646
502	647
502	648
502	686
502	688
502	693
502	694
502	697
502	735
503	161
503	546
503	551
503	568
503	630
503	632
503	640
503	649
503	685
503	688
504	483
504	515
504	580
504	583
504	617
504	651
504	670
504	684
504	695
504	696
505	384
505	540
505	545
505	595
505	643
505	646
505	653
505	659
505	682
505	695
506	529
506	575
506	594
506	605
506	655
506	671
506	682
506	685
506	691
506	949
507	631
507	634
507	646
507	657
507	663
507	680
507	684
507	695
507	696
507	953
508	199
508	547
508	625
508	643
508	651
508	657
508	670
508	690
508	693
508	697
509	423
509	531
509	597
509	618
509	644
509	655
509	680
509	691
509	695
509	696
510	381
510	513
510	549
510	591
510	603
510	606
510	609
510	653
510	656
510	665
511	398
511	514
511	578
511	579
511	593
511	660
511	662
511	684
511	695
511	696
512	396
512	497
512	551
512	558
512	560
512	600
512	668
512	677
512	683
512	688
513	510
513	540
513	587
513	612
513	624
513	665
513	674
513	683
513	685
513	859
514	320
514	493
514	494
514	495
514	511
514	568
514	626
514	637
514	681
514	686
515	353
515	504
515	565
515	626
515	664
515	680
515	684
515	687
515	695
515	696
516	550
516	601
516	607
516	645
516	647
516	650
516	666
516	668
516	682
516	860
517	171
517	588
517	591
517	610
517	624
517	664
517	672
517	678
517	685
517	697
518	351
518	537
518	561
518	583
518	615
518	627
518	638
518	667
518	674
518	686
519	534
519	574
519	594
519	668
519	671
519	680
519	688
519	691
519	694
519	746
520	145
520	526
520	582
520	594
520	606
520	658
520	659
520	661
520	689
520	691
521	188
521	544
521	561
521	657
521	665
521	666
521	668
521	669
521	685
521	689
522	464
522	598
522	638
522	641
522	644
522	662
522	681
522	691
522	692
522	694
523	192
523	531
523	573
523	575
523	635
523	655
523	664
523	680
523	695
523	696
524	543
524	546
524	567
524	573
524	604
524	639
524	669
524	679
524	689
524	693
524	846
525	431
525	496
525	604
525	634
525	653
525	663
525	680
525	681
525	684
525	695
525	696
526	409
526	520
526	586
526	618
526	647
526	659
526	667
526	672
526	683
526	689
526	695
527	196
527	578
527	595
527	603
527	620
527	630
527	653
527	669
527	672
527	674
527	689
528	421
528	599
528	614
528	632
528	634
528	651
528	683
528	688
528	689
528	690
528	694
529	506
529	596
529	621
529	622
529	641
529	654
529	668
529	684
529	691
529	692
529	998
530	55
530	548
530	606
530	608
530	628
530	638
530	653
530	654
530	655
530	659
530	661
531	300
531	509
531	523
531	554
531	575
531	645
531	653
531	664
531	665
531	690
531	751
532	380
532	499
532	535
532	614
532	632
532	635
532	665
532	687
532	688
532	690
532	692
533	205
533	639
533	664
533	671
533	677
533	682
533	686
533	688
533	693
533	694
533	984
534	469
534	519
534	589
534	609
534	610
534	626
534	627
534	661
534	674
534	679
534	693
535	443
535	532
535	544
535	563
535	564
535	566
535	577
535	618
535	634
535	650
535	690
536	539
536	584
536	595
536	605
536	641
536	643
536	652
536	660
536	678
536	693
536	911
537	518
537	547
537	564
537	608
537	623
537	656
537	660
537	676
537	689
537	692
537	811
538	540
538	574
538	603
538	638
538	644
538	668
538	670
538	691
538	692
538	697
538	796
539	536
539	597
539	616
539	642
539	660
539	670
539	677
539	679
539	685
539	687
539	865
540	143
540	498
540	505
540	513
540	538
540	552
540	600
540	610
540	637
540	687
540	693
541	290
541	548
541	608
541	622
541	652
541	667
541	671
541	687
541	691
541	692
541	697
542	483
542	543
542	544
542	562
542	565
542	648
542	654
542	663
542	689
542	695
542	696
543	524
543	542
543	588
543	631
543	660
543	667
543	671
543	678
543	687
543	689
543	849
544	423
544	521
544	535
544	542
544	572
544	584
544	611
544	654
544	655
544	663
544	696
545	228
545	505
545	552
545	581
545	586
545	588
545	607
545	629
545	653
545	673
545	680
546	498
546	503
546	524
546	549
546	626
546	640
546	681
546	688
546	689
546	690
546	747
547	158
547	508
547	537
547	560
547	632
547	640
547	650
547	669
547	670
547	688
547	696
548	431
548	500
548	530
548	541
548	550
548	586
548	629
548	656
548	667
548	693
548	697
549	96
549	510
549	546
549	570
549	577
549	634
549	650
549	670
549	680
549	688
549	692
549	696
550	417
550	516
550	548
550	630
550	631
550	636
550	652
550	665
550	676
550	683
550	693
550	696
551	503
551	512
551	575
551	593
551	622
551	667
551	671
551	673
551	692
551	694
551	697
551	963
552	338
552	493
552	540
552	545
552	579
552	590
552	615
552	655
552	683
552	684
552	692
552	696
553	497
553	590
553	605
553	618
553	624
553	639
553	658
553	659
553	683
553	689
553	696
553	844
554	481
554	531
554	587
554	623
554	637
554	643
554	652
554	666
554	672
554	675
554	685
554	693
555	391
555	501
555	559
555	580
555	582
555	621
555	646
555	647
555	676
555	691
555	692
555	697
556	347
556	576
556	595
556	597
556	601
556	667
556	670
556	673
556	674
556	679
556	689
556	694
557	590
557	593
557	595
557	610
557	642
557	654
557	658
557	668
557	680
557	695
557	696
557	853
558	191
558	512
558	568
558	582
558	633
558	637
558	649
558	671
558	675
558	685
558	694
558	695
559	486
559	555
559	564
559	573
559	614
559	619
559	630
559	634
559	650
559	681
559	690
559	697
560	149
560	462
560	512
560	547
560	599
560	610
560	628
560	649
560	658
560	660
560	667
560	683
561	518
561	521
561	591
561	601
561	611
561	655
561	673
561	675
561	677
561	684
561	685
561	821
562	460
562	542
562	582
562	585
562	590
562	611
562	615
562	640
562	659
562	663
562	680
562	687
562	696
563	128
563	535
563	574
563	588
563	601
563	613
563	642
563	643
563	647
563	667
563	678
563	686
563	693
564	345
564	535
564	537
564	559
564	577
564	618
564	619
564	625
564	634
564	644
564	666
564	684
564	688
565	403
565	501
565	515
565	542
565	605
565	614
565	618
565	660
565	664
565	679
565	687
565	694
565	911
566	188
566	535
566	567
566	583
566	609
566	614
566	636
566	661
566	662
566	665
566	666
566	675
566	678
567	524
567	566
567	578
567	598
567	627
567	628
567	657
567	662
567	670
567	679
567	682
567	694
567	992
568	398
568	503
568	514
568	558
568	587
568	589
568	608
568	631
568	646
568	656
568	657
568	686
568	692
569	594
569	613
569	625
569	628
569	633
569	648
569	649
569	652
569	662
569	676
569	685
569	693
569	697
569	957
570	47
570	183
570	549
570	591
570	642
570	643
570	653
570	662
570	667
570	673
570	674
570	679
570	691
570	692
571	576
571	579
571	618
571	638
571	656
571	659
571	661
571	674
571	676
571	681
571	683
571	685
571	686
571	990
572	441
572	478
572	544
572	576
572	599
572	600
572	605
572	614
572	628
572	630
572	639
572	649
572	658
572	684
573	303
573	320
573	523
573	524
573	559
573	583
573	593
573	596
573	616
573	634
573	654
573	673
573	680
573	695
574	494
574	519
574	538
574	563
574	606
574	626
574	648
574	662
574	675
574	676
574	685
574	686
574	693
574	831
575	73
575	365
575	506
575	523
575	531
575	551
575	591
575	633
575	645
575	649
575	662
575	668
575	673
575	693
576	364
576	440
576	494
576	556
576	571
576	572
576	583
576	604
576	613
576	644
576	654
576	658
576	675
576	683
577	453
577	497
577	535
577	549
577	564
577	600
577	617
577	625
577	630
577	652
577	669
577	681
577	690
577	697
578	379
578	494
578	511
578	527
578	567
578	620
578	636
578	641
578	642
578	652
578	662
578	676
578	685
578	694
579	366
579	511
579	552
579	571
579	589
579	600
579	611
579	639
579	654
579	655
579	658
579	680
579	684
579	695
580	504
580	555
580	604
580	607
580	630
580	636
580	637
580	651
580	653
580	665
580	669
580	683
580	694
580	805
581	483
581	501
581	545
581	583
581	614
581	624
581	628
581	635
581	649
581	656
581	666
581	676
581	679
581	682
581	916
582	501
582	502
582	520
582	555
582	558
582	562
582	622
582	633
582	636
582	666
582	675
582	691
582	694
582	696
582	698
583	203
583	504
583	518
583	566
583	573
583	576
583	581
583	585
583	653
583	656
583	680
583	683
583	684
583	695
583	696
584	536
584	544
584	592
584	607
584	622
584	624
584	644
584	646
584	657
584	668
584	671
584	680
584	682
584	692
584	848
585	562
585	583
585	615
585	653
585	655
585	670
585	679
585	680
585	684
585	693
585	694
585	695
585	696
585	697
585	908
586	267
586	526
586	545
586	548
586	593
586	613
586	623
586	642
586	647
586	653
586	656
586	664
586	669
586	675
586	686
587	185
587	436
587	513
587	554
587	568
587	592
587	593
587	626
587	631
587	648
587	668
587	681
587	692
587	693
587	694
588	402
588	517
588	543
588	545
588	563
588	613
588	616
588	642
588	659
588	664
588	665
588	677
588	681
588	697
588	994
589	493
589	534
589	568
589	579
589	597
589	615
589	620
589	655
589	663
589	678
589	684
589	692
589	695
589	696
589	855
590	147
590	410
590	552
590	553
590	557
590	562
590	598
590	625
590	636
590	655
590	673
590	675
590	695
590	696
590	697
591	302
591	510
591	517
591	561
591	570
591	575
591	604
591	629
591	643
591	655
591	675
591	681
591	691
591	692
591	693
592	399
592	584
592	587
592	630
592	633
592	637
592	643
592	666
592	671
592	674
592	682
592	684
592	687
592	692
592	979
593	62
593	511
593	551
593	557
593	573
593	586
593	587
593	598
593	624
593	636
593	663
593	680
593	684
593	696
593	731
594	234
594	447
594	506
594	519
594	520
594	569
594	636
594	644
594	647
594	670
594	673
594	688
594	692
594	694
594	697
595	467
595	475
595	505
595	527
595	536
595	556
595	557
595	596
595	603
595	624
595	652
595	669
595	679
595	684
595	697
596	235
596	529
596	573
596	595
596	612
596	627
596	634
596	638
596	643
596	649
596	672
596	673
596	674
596	678
596	684
596	847
597	481
597	509
597	539
597	556
597	589
597	598
597	609
597	617
597	624
597	654
597	663
597	682
597	684
597	695
597	696
597	934
598	460
598	522
598	567
598	590
598	593
598	597
598	606
598	654
598	663
598	676
598	680
598	682
598	684
598	691
598	695
598	696
599	498
599	528
599	560
599	572
599	625
599	647
599	650
599	651
599	670
599	671
599	675
599	685
599	688
599	690
599	835
599	857
600	462
600	495
600	512
600	540
600	572
600	577
600	579
600	620
600	632
600	641
600	646
600	666
600	691
600	694
600	697
600	999
601	148
601	444
601	497
601	516
601	556
601	561
601	563
601	608
601	631
601	656
601	677
601	682
601	683
601	686
601	694
601	697
602	147
602	498
602	603
602	611
602	616
602	635
602	655
602	662
602	663
602	665
602	669
602	676
602	681
602	690
602	693
602	742
603	429
603	510
603	527
603	538
603	595
603	602
603	635
603	638
603	639
603	642
603	653
603	676
603	679
603	689
603	694
603	696
604	275
604	524
604	525
604	576
604	580
604	591
604	627
604	635
604	637
604	650
604	656
604	667
604	677
604	687
604	694
604	695
605	426
605	486
605	506
605	536
605	553
605	565
605	572
605	611
605	624
605	630
605	652
605	653
605	661
605	664
605	686
605	692
605	695
606	427
606	510
606	520
606	530
606	574
606	598
606	627
606	628
606	631
606	643
606	653
606	660
606	673
606	677
606	679
606	691
606	692
607	97
607	495
607	516
607	545
607	580
607	584
607	610
607	614
607	618
607	629
607	657
607	659
607	664
607	675
607	683
607	687
607	843
608	197
608	530
608	537
608	541
608	568
608	601
608	617
608	628
608	644
608	646
608	648
608	658
608	682
608	690
608	692
608	694
608	697
609	125
609	191
609	492
609	500
609	510
609	534
609	566
609	597
609	627
609	660
609	661
609	673
609	679
609	680
609	682
609	685
609	689
610	311
610	443
610	517
610	534
610	540
610	557
610	560
610	607
610	611
610	613
610	627
610	629
610	641
610	677
610	681
610	683
610	696
611	544
611	561
611	562
611	579
611	602
611	605
611	610
611	621
611	633
611	648
611	654
611	668
611	672
611	677
611	681
611	683
611	696
611	784
612	358
612	407
612	513
612	596
612	620
612	625
612	630
612	632
612	640
612	649
612	650
612	651
612	670
612	672
612	685
612	686
612	688
612	690
613	488
613	563
613	569
613	576
613	586
613	588
613	610
613	616
613	625
613	627
613	644
613	660
613	673
613	674
613	687
613	689
613	696
613	980
614	31
614	422
614	528
614	532
614	559
614	565
614	566
614	572
614	581
614	607
614	642
614	645
614	658
614	663
614	682
614	687
614	693
614	694
615	146
615	167
615	518
615	552
615	562
615	585
615	589
615	621
615	622
615	639
615	647
615	649
615	655
615	680
615	684
615	695
615	696
615	697
616	82
616	200
616	495
616	539
616	573
616	588
616	602
616	613
616	627
616	628
616	629
616	632
616	643
616	656
616	658
616	667
616	678
616	683
617	456
617	498
617	499
617	504
617	577
617	597
617	608
617	619
617	640
617	645
617	650
617	659
617	670
617	680
617	688
617	689
617	690
617	693
617	979
618	509
618	526
618	535
618	553
618	564
618	565
618	571
618	607
618	624
618	630
618	636
618	645
618	653
618	677
618	681
618	691
618	694
618	885
618	935
619	132
619	416
619	559
619	564
619	617
619	625
619	628
619	632
619	634
619	639
619	650
619	652
619	658
619	661
619	670
619	683
619	688
619	689
619	690
620	527
620	578
620	589
620	600
620	612
620	636
620	641
620	648
620	649
620	652
620	660
620	664
620	675
620	680
620	681
620	685
620	689
620	861
620	959
621	362
621	477
621	529
621	555
621	611
621	615
621	625
621	638
621	639
621	641
621	651
621	664
621	665
621	669
621	681
621	683
621	687
621	688
621	693
622	185
622	529
622	541
622	551
622	582
622	584
622	615
622	649
622	668
622	677
622	682
622	683
622	690
622	691
622	694
622	695
622	696
622	697
622	994
623	485
623	537
623	554
623	586
623	633
623	656
623	659
623	661
623	667
623	668
623	672
623	673
623	678
623	679
623	682
623	687
623	688
623	690
623	770
624	465
624	491
624	501
624	513
624	517
624	553
624	581
624	584
624	593
624	595
624	597
624	605
624	618
624	651
624	657
624	663
624	686
624	687
624	695
624	697
625	399
625	452
625	500
625	508
625	564
625	569
625	577
625	590
625	599
625	612
625	613
625	619
625	621
625	640
625	651
625	664
625	668
625	670
625	689
625	690
626	169
626	514
626	515
626	534
626	546
626	574
626	587
626	631
626	641
626	646
626	659
626	661
626	667
626	668
626	671
626	683
626	691
626	692
626	694
626	829
627	278
627	518
627	534
627	567
627	596
627	604
627	606
627	609
627	610
627	613
627	616
627	631
627	632
627	643
627	649
627	656
627	674
627	687
627	690
627	821
628	312
628	530
628	560
628	567
628	569
628	572
628	581
628	606
628	608
628	616
628	619
628	633
628	648
628	650
628	652
628	658
628	669
628	677
628	678
628	850
629	58
629	369
629	545
629	548
629	591
629	607
629	610
629	616
629	633
629	647
629	656
629	661
629	663
629	666
629	667
629	672
629	674
629	678
629	679
629	689
629	693
630	189
630	503
630	527
630	550
630	559
630	572
630	577
630	580
630	592
630	605
630	612
630	618
630	632
630	634
630	640
630	650
630	660
630	670
630	688
630	690
630	692
630	775
631	131
631	194
631	286
631	507
631	543
631	550
631	568
631	587
631	601
631	606
631	626
631	627
631	633
631	647
631	652
631	657
631	671
631	682
631	691
631	693
631	694
631	695
631	697
632	26
632	424
632	500
632	503
632	528
632	532
632	547
632	600
632	612
632	616
632	619
632	627
632	630
632	639
632	651
632	660
632	670
632	685
632	686
632	688
632	690
632	695
632	771
633	156
633	461
633	494
633	558
633	569
633	575
633	582
633	592
633	611
633	623
633	628
633	629
633	631
633	634
633	641
633	644
633	664
633	668
633	682
633	683
633	691
633	692
633	694
634	46
634	344
634	455
634	507
634	525
634	528
634	535
634	549
634	559
634	564
634	573
634	596
634	619
634	630
634	633
634	637
634	649
634	651
634	655
634	668
634	670
634	688
634	690
635	473
635	484
635	496
635	523
635	532
635	581
635	602
635	603
635	604
635	637
635	643
635	646
635	649
635	652
635	658
635	666
635	667
635	671
635	676
635	683
635	685
635	697
635	922
636	324
636	496
636	550
636	566
636	578
636	580
636	582
636	590
636	593
636	594
636	618
636	620
636	639
636	642
636	647
636	666
636	677
636	678
636	681
636	686
636	689
636	693
636	760
637	383
637	498
637	514
637	540
637	554
637	558
637	580
637	592
637	604
637	634
637	635
637	646
637	652
637	662
637	665
637	669
637	672
637	677
637	683
637	687
637	688
637	690
637	692
637	999
638	174
638	492
638	500
638	518
638	522
638	530
638	538
638	571
638	596
638	603
638	621
638	645
638	650
638	656
638	659
638	660
638	662
638	666
638	667
638	674
638	679
638	689
638	695
638	884
639	76
639	115
639	524
639	533
639	553
639	572
639	579
639	603
639	615
639	619
639	621
639	632
639	636
639	663
639	664
639	665
639	671
639	676
639	678
639	679
639	683
639	685
639	686
639	696
640	499
640	503
640	546
640	547
640	562
640	612
640	617
640	625
640	630
640	645
640	651
640	658
640	664
640	667
640	670
640	672
640	674
640	688
640	690
640	691
640	693
640	696
640	791
640	817
641	198
641	522
641	529
641	536
641	578
641	600
641	610
641	620
641	621
641	626
641	633
641	642
641	661
641	666
641	671
641	674
641	678
641	682
641	688
641	691
641	692
641	694
641	697
641	985
642	69
642	170
642	472
642	501
642	539
642	557
642	563
642	570
642	578
642	586
642	588
642	603
642	614
642	636
642	641
642	647
642	660
642	661
642	673
642	678
642	679
642	689
642	691
642	697
643	98
643	505
643	508
643	536
643	554
643	563
643	570
643	591
643	592
643	596
643	606
643	616
643	627
643	635
643	656
643	661
643	664
643	672
643	674
643	677
643	684
643	686
643	689
643	836
643	883
644	130
644	153
644	452
644	494
644	509
644	522
644	538
644	564
644	576
644	584
644	594
644	608
644	613
644	633
644	661
644	666
644	670
644	671
644	682
644	683
644	686
644	691
644	693
644	695
644	697
645	152
645	192
645	516
645	531
645	575
645	614
645	617
645	618
645	638
645	640
645	646
645	648
645	658
645	664
645	665
645	667
645	675
645	677
645	679
645	681
645	688
645	692
645	693
645	696
645	772
646	201
646	393
646	480
646	492
646	502
646	505
646	507
646	555
646	568
646	584
646	600
646	608
646	626
646	635
646	637
646	645
646	647
646	655
646	666
646	670
646	674
646	682
646	693
646	694
646	697
647	164
647	361
647	492
647	502
647	516
647	526
647	555
647	563
647	586
647	594
647	599
647	615
647	629
647	631
647	636
647	642
647	646
647	648
647	651
647	666
647	668
647	680
647	691
647	694
647	697
648	217
648	502
648	542
648	569
648	574
648	587
648	608
648	611
648	620
648	628
648	645
648	647
648	649
648	651
648	655
648	664
648	667
648	669
648	673
648	675
648	681
648	686
648	687
648	689
648	738
648	967
649	6
649	99
649	208
649	503
649	558
649	560
649	569
649	572
649	575
649	581
649	596
649	612
649	615
649	620
649	622
649	627
649	634
649	635
649	648
649	660
649	662
649	669
649	681
649	686
649	690
649	693
650	289
650	311
650	499
650	516
650	535
650	547
650	549
650	559
650	599
650	604
650	612
650	617
650	619
650	628
650	630
650	638
650	651
650	661
650	669
650	670
650	679
650	688
650	689
650	690
650	692
650	693
651	192
651	333
651	498
651	504
651	508
651	528
651	580
651	599
651	612
651	621
651	624
651	625
651	632
651	634
651	640
651	647
651	648
651	650
651	659
651	670
651	678
651	680
651	688
651	690
651	696
651	961
652	182
652	309
652	433
652	536
652	541
652	550
652	554
652	569
652	577
652	578
652	595
652	605
652	619
652	620
652	628
652	631
652	635
652	637
652	657
652	659
652	662
652	663
652	674
652	675
652	676
652	686
652	697
653	367
653	505
653	510
653	525
653	527
653	530
653	531
653	545
653	570
653	580
653	583
653	585
653	586
653	603
653	605
653	606
653	618
653	654
653	659
653	669
653	672
653	674
653	678
653	685
653	689
653	722
653	958
654	372
654	529
654	530
654	542
654	544
654	557
654	573
654	576
654	579
654	597
654	598
654	611
654	653
654	655
654	657
654	663
654	678
654	680
654	682
654	683
654	684
654	690
654	694
654	695
654	696
654	975
654	986
655	89
655	159
655	256
655	506
655	509
655	523
655	530
655	544
655	552
655	561
655	579
655	585
655	589
655	590
655	591
655	602
655	615
655	634
655	646
655	648
655	654
655	662
655	663
655	668
655	671
655	684
655	695
655	696
656	420
656	480
656	510
656	537
656	548
656	568
656	571
656	581
656	583
656	586
656	601
656	604
656	616
656	623
656	627
656	629
656	638
656	643
656	665
656	667
656	668
656	672
656	673
656	677
656	689
656	691
656	693
656	696
656	766
657	349
657	444
657	507
657	508
657	521
657	567
657	568
657	584
657	607
657	624
657	631
657	652
657	654
657	663
657	665
657	669
657	671
657	672
657	676
657	677
657	678
657	679
657	681
657	683
657	686
657	687
657	691
657	693
657	824
658	482
658	496
658	520
658	553
658	557
658	560
658	572
658	576
658	579
658	608
658	614
658	616
658	619
658	628
658	635
658	640
658	645
658	665
658	666
658	668
658	669
658	671
658	677
658	679
658	684
658	685
658	687
658	992
658	1000
659	372
659	498
659	505
659	520
659	526
659	530
659	553
659	562
659	571
659	588
659	607
659	617
659	623
659	626
659	638
659	651
659	652
659	653
659	661
659	667
659	669
659	672
659	674
659	676
659	678
659	679
659	686
659	763
659	846
660	86
660	450
660	494
660	495
660	511
660	536
660	537
660	539
660	543
660	560
660	565
660	606
660	609
660	613
660	620
660	630
660	632
660	638
660	642
660	649
660	661
660	664
660	672
660	673
660	674
660	678
660	681
660	685
660	689
660	852
661	93
661	165
661	281
661	500
661	520
661	530
661	534
661	566
661	571
661	605
661	609
661	619
661	623
661	626
661	629
661	641
661	642
661	643
661	644
661	650
661	659
661	660
661	662
661	672
661	678
661	679
661	686
661	687
661	689
661	691
662	271
662	499
662	511
662	522
662	566
662	567
662	569
662	570
662	574
662	575
662	578
662	602
662	637
662	638
662	649
662	652
662	655
662	661
662	665
662	667
662	673
662	676
662	682
662	684
662	685
662	686
662	690
662	693
662	972
662	984
663	173
663	199
663	489
663	499
663	507
663	525
663	542
663	544
663	562
663	589
663	593
663	597
663	598
663	602
663	614
663	624
663	629
663	639
663	652
663	654
663	655
663	657
663	670
663	671
663	677
663	680
663	684
663	687
663	692
663	695
663	696
664	150
664	314
664	323
664	493
664	515
664	517
664	523
664	531
664	533
664	565
664	586
664	588
664	605
664	607
664	620
664	621
664	625
664	633
664	639
664	640
664	643
664	645
664	648
664	660
664	670
664	673
664	674
664	676
664	686
664	687
664	693
665	167
665	207
665	446
665	510
665	513
665	521
665	531
665	532
665	550
665	566
665	580
665	588
665	602
665	621
665	637
665	639
665	645
665	656
665	657
665	658
665	662
665	671
665	673
665	679
665	685
665	686
665	688
665	689
665	692
665	695
665	697
666	38
666	313
666	363
666	495
666	516
666	521
666	554
666	564
666	566
666	581
666	582
666	592
666	600
666	629
666	635
666	636
666	638
666	641
666	644
666	646
666	647
666	658
666	668
666	680
666	682
666	685
666	687
666	691
666	692
666	694
666	697
667	143
667	484
667	492
667	518
667	526
667	541
667	543
667	548
667	551
667	556
667	560
667	563
667	570
667	604
667	616
667	623
667	626
667	629
667	635
667	638
667	640
667	645
667	648
667	656
667	659
667	662
667	672
667	674
667	675
667	678
667	897
668	447
668	500
668	512
668	516
668	519
668	521
668	529
668	538
668	557
668	575
668	584
668	587
668	611
668	622
668	623
668	625
668	626
668	633
668	634
668	647
668	655
668	656
668	658
668	666
668	671
668	672
668	676
668	682
668	692
668	697
668	817
668	822
669	30
669	484
669	496
669	500
669	521
669	524
669	527
669	547
669	577
669	580
669	586
669	595
669	602
669	621
669	628
669	637
669	648
669	649
669	650
669	653
669	657
669	658
669	659
669	675
669	678
669	685
669	686
669	687
669	688
669	689
669	696
669	933
670	438
670	504
670	508
670	538
670	539
670	547
670	549
670	556
670	567
670	585
670	594
670	599
670	612
670	617
670	619
670	625
670	630
670	632
670	634
670	640
670	644
670	646
670	650
670	651
670	663
670	664
670	679
670	688
670	690
670	695
670	785
670	996
671	129
671	258
671	395
671	493
671	499
671	506
671	519
671	533
671	541
671	543
671	551
671	558
671	584
671	592
671	599
671	626
671	631
671	635
671	639
671	641
671	644
671	655
671	657
671	658
671	663
671	665
671	668
671	680
671	688
671	692
671	697
671	768
672	196
672	242
672	500
672	517
672	526
672	527
672	554
672	596
672	611
672	612
672	623
672	629
672	637
672	640
672	643
672	653
672	656
672	657
672	659
672	660
672	661
672	667
672	668
672	673
672	675
672	676
672	678
672	679
672	686
672	692
672	697
672	840
672	993
673	50
673	436
673	461
673	490
673	496
673	545
673	551
673	556
673	561
673	570
673	573
673	575
673	590
673	594
673	596
673	606
673	609
673	613
673	623
673	642
673	648
673	656
673	660
673	662
673	664
673	665
673	672
673	674
673	678
673	679
673	689
673	694
673	695
674	162
674	272
674	432
674	495
674	513
674	518
674	527
674	534
674	556
674	570
674	571
674	592
674	596
674	613
674	627
674	629
674	638
674	640
674	641
674	643
674	646
674	652
674	653
674	659
674	660
674	664
674	667
674	673
674	677
674	678
674	683
674	684
674	692
675	59
675	81
675	499
675	554
675	558
675	561
675	566
675	574
675	576
675	582
675	586
675	590
675	591
675	599
675	607
675	620
675	645
675	648
675	652
675	667
675	669
675	672
675	676
675	681
675	682
675	685
675	687
675	690
675	691
675	693
675	695
675	697
675	713
676	63
676	197
676	497
676	537
676	550
676	555
676	569
676	571
676	574
676	578
676	581
676	598
676	602
676	603
676	635
676	639
676	652
676	657
676	659
676	662
676	664
676	668
676	672
676	675
676	677
676	678
676	679
676	681
676	682
676	687
676	694
676	697
676	719
677	301
677	512
677	533
677	539
677	561
677	588
677	601
677	604
677	606
677	610
677	611
677	618
677	622
677	628
677	636
677	637
677	643
677	645
677	656
677	657
677	658
677	663
677	674
677	676
677	680
677	683
677	686
677	687
677	690
677	691
677	693
677	809
677	972
678	160
678	168
678	202
678	517
678	536
678	543
678	563
678	566
678	589
678	596
678	616
678	623
678	628
678	629
678	636
678	639
678	641
678	642
678	651
678	653
678	654
678	657
678	659
678	660
678	661
678	667
678	669
678	672
678	673
678	674
678	676
678	679
678	681
678	689
678	695
679	201
679	412
679	524
679	534
679	539
679	556
679	565
679	567
679	570
679	581
679	585
679	595
679	603
679	606
679	609
679	623
679	629
679	638
679	639
679	642
679	645
679	650
679	657
679	658
679	659
679	661
679	665
679	670
679	672
679	673
679	676
679	678
679	689
679	696
679	993
679	1000
680	34
680	198
680	373
680	466
680	507
680	509
680	515
680	519
680	523
680	525
680	545
680	549
680	557
680	562
680	573
680	579
680	583
680	584
680	585
680	593
680	598
680	609
680	615
680	617
680	620
680	647
680	651
680	654
680	663
680	666
680	671
680	677
680	681
680	684
680	690
680	695
680	696
681	121
681	385
681	496
681	497
681	514
681	522
681	525
681	546
681	559
681	571
681	577
681	587
681	588
681	591
681	602
681	610
681	611
681	618
681	620
681	621
681	636
681	645
681	648
681	649
681	657
681	660
681	675
681	676
681	678
681	680
681	685
681	686
681	687
681	688
681	691
681	696
681	846
682	177
682	457
682	488
682	495
682	505
682	506
682	516
682	533
682	567
682	581
682	584
682	592
682	597
682	598
682	601
682	608
682	609
682	614
682	622
682	623
682	631
682	633
682	641
682	644
682	646
682	654
682	662
682	666
682	668
682	675
682	676
682	689
682	690
682	691
682	694
682	697
682	960
683	295
683	405
683	512
683	513
683	526
683	528
683	550
683	552
683	553
683	560
683	571
683	576
683	580
683	583
683	601
683	607
683	610
683	611
683	616
683	619
683	621
683	622
683	626
683	633
683	635
683	637
683	639
683	644
683	654
683	657
683	674
683	677
683	685
683	686
683	695
683	696
683	946
683	953
684	179
684	185
684	239
684	429
684	504
684	507
684	511
684	515
684	525
684	529
684	552
684	561
684	564
684	572
684	579
684	583
684	585
684	589
684	592
684	593
684	595
684	596
684	597
684	598
684	615
684	643
684	654
684	655
684	658
684	662
684	663
684	674
684	680
684	685
684	686
684	688
684	690
684	695
685	100
685	219
685	470
685	493
685	503
685	506
685	513
685	517
685	521
685	539
685	554
685	558
685	561
685	569
685	571
685	574
685	578
685	599
685	609
685	612
685	620
685	632
685	635
685	639
685	653
685	658
685	660
685	662
685	665
685	666
685	669
685	675
685	681
685	683
685	684
685	688
685	693
685	694
685	798
686	412
686	425
686	501
686	502
686	514
686	518
686	533
686	563
686	568
686	571
686	574
686	586
686	601
686	605
686	612
686	624
686	632
686	636
686	639
686	643
686	644
686	648
686	649
686	652
686	657
686	659
686	661
686	662
686	664
686	665
686	669
686	672
686	677
686	681
686	683
686	684
686	687
686	691
686	693
686	955
686	985
687	171
687	388
687	390
687	465
687	501
687	515
687	532
687	539
687	540
687	541
687	543
687	562
687	565
687	592
687	604
687	607
687	613
687	614
687	621
687	623
687	624
687	627
687	637
687	648
687	657
687	658
687	661
687	663
687	664
687	666
687	669
687	675
687	676
687	677
687	681
687	686
687	689
687	693
687	694
687	695
687	697
688	366
688	487
688	499
688	502
688	503
688	512
688	519
688	528
688	532
688	533
688	546
688	547
688	549
688	564
688	594
688	599
688	612
688	617
688	619
688	621
688	623
688	630
688	632
688	634
688	637
688	640
688	641
688	645
688	650
688	651
688	665
688	669
688	670
688	671
688	681
688	684
688	685
688	690
688	761
688	948
688	995
689	237
689	332
689	520
689	521
689	524
689	526
689	527
689	528
689	537
689	542
689	543
689	546
689	553
689	556
689	603
689	609
689	613
689	617
689	619
689	620
689	625
689	629
689	636
689	638
689	642
689	643
689	648
689	650
689	653
689	656
689	660
689	661
689	665
689	669
689	673
689	678
689	679
689	682
689	687
689	850
689	889
690	106
690	117
690	126
690	222
690	246
690	492
690	496
690	498
690	508
690	528
690	531
690	532
690	535
690	546
690	559
690	577
690	599
690	602
690	608
690	612
690	617
690	619
690	622
690	623
690	625
690	627
690	630
690	632
690	634
690	637
690	640
690	649
690	650
690	651
690	654
690	662
690	670
690	675
690	677
690	680
690	682
690	684
690	688
691	182
691	285
691	467
691	493
691	497
691	506
691	509
691	519
691	520
691	522
691	529
691	538
691	541
691	555
691	570
691	582
691	591
691	598
691	600
691	606
691	618
691	622
691	626
691	631
691	633
691	640
691	641
691	642
691	644
691	647
691	656
691	657
691	661
691	666
691	675
691	677
691	681
691	682
691	686
691	693
691	694
691	696
691	697
691	956
692	245
692	254
692	492
692	495
692	501
692	522
692	529
692	532
692	537
692	538
692	541
692	549
692	551
692	552
692	555
692	568
692	570
692	584
692	587
692	589
692	591
692	592
692	594
692	605
692	606
692	608
692	626
692	630
692	633
692	637
692	641
692	645
692	650
692	663
692	665
692	666
692	668
692	671
692	672
692	674
692	694
692	697
692	906
692	917
693	77
693	116
693	171
693	438
693	502
693	508
693	524
693	533
693	534
693	536
693	540
693	548
693	550
693	554
693	563
693	569
693	574
693	575
693	585
693	587
693	591
693	602
693	614
693	617
693	621
693	629
693	631
693	636
693	640
693	644
693	645
693	646
693	649
693	650
693	656
693	657
693	662
693	664
693	675
693	677
693	685
693	686
693	687
693	691
693	695
694	70
694	273
694	397
694	433
694	493
694	496
694	502
694	519
694	522
694	528
694	533
694	551
694	556
694	558
694	565
694	567
694	578
694	580
694	582
694	585
694	587
694	594
694	600
694	601
694	603
694	604
694	608
694	614
694	618
694	622
694	626
694	631
694	633
694	641
694	646
694	647
694	654
694	666
694	673
694	676
694	682
694	685
694	687
694	691
694	692
694	697
694	912
695	376
695	382
695	469
695	488
695	504
695	505
695	507
695	509
695	511
695	515
695	523
695	525
695	526
695	542
695	557
695	558
695	573
695	579
695	583
695	585
695	589
695	590
695	597
695	598
695	604
695	605
695	615
695	622
695	624
695	631
695	632
695	638
695	644
695	654
695	655
695	663
695	665
695	670
695	673
695	675
695	678
695	680
695	683
695	684
695	687
695	693
695	696
695	750
696	442
696	504
696	507
696	509
696	511
696	515
696	523
696	525
696	542
696	544
696	547
696	549
696	550
696	552
696	553
696	557
696	562
696	582
696	583
696	585
696	589
696	590
696	593
696	597
696	598
696	603
696	610
696	611
696	613
696	615
696	622
696	639
696	640
696	645
696	651
696	654
696	655
696	656
696	663
696	669
696	679
696	680
696	681
696	683
696	691
696	695
696	699
696	808
696	850
696	959
697	174
697	289
697	448
697	492
697	494
697	497
697	502
697	508
697	517
697	538
697	541
697	548
697	551
697	555
697	559
697	569
697	577
697	585
697	588
697	590
697	594
697	595
697	600
697	601
697	608
697	615
697	622
697	624
697	631
697	635
697	641
697	642
697	644
697	646
697	647
697	652
697	665
697	666
697	668
697	671
697	672
697	675
697	676
697	682
697	687
697	691
697	692
697	694
697	806
697	830
698	582
698	709
698	713
698	775
698	788
698	800
698	815
698	820
698	822
698	823
699	696
699	721
699	722
699	726
699	776
699	803
699	838
699	844
699	847
699	848
700	418
700	733
700	754
700	762
700	786
700	813
700	819
700	840
700	848
700	850
701	388
701	764
701	774
701	783
701	785
701	809
701	834
701	848
701	849
701	851
702	737
702	743
702	792
702	799
702	816
702	818
702	838
702	843
702	849
702	896
703	32
703	718
703	739
703	762
703	789
703	819
703	837
703	841
703	842
703	851
704	377
704	723
704	743
704	747
704	810
704	812
704	815
704	840
704	852
704	853
705	749
705	767
705	768
705	769
705	783
705	806
705	808
705	820
705	841
705	985
706	11
706	729
706	761
706	831
706	839
706	841
706	842
706	843
706	847
706	853
707	437
707	710
707	725
707	726
707	804
707	819
707	821
707	829
707	837
707	853
708	440
708	751
708	759
708	814
708	820
708	821
708	829
708	845
708	846
708	847
709	97
709	698
709	767
709	801
709	815
709	829
709	838
709	840
709	848
709	852
710	233
710	707
710	767
710	786
710	802
710	813
710	817
710	842
710	850
710	852
711	248
711	719
711	758
711	770
711	781
711	797
711	800
711	831
711	845
711	851
712	450
712	725
712	741
712	742
712	747
712	758
712	789
712	829
712	850
712	852
712	853
713	675
713	698
713	717
713	726
713	763
713	781
713	790
713	807
713	840
713	849
713	851
714	168
714	771
714	794
714	826
714	833
714	837
714	839
714	840
714	850
714	852
714	951
715	752
715	760
715	764
715	772
715	800
715	807
715	844
715	845
715	848
715	851
715	971
716	162
716	742
716	770
716	773
716	794
716	809
716	823
716	834
716	837
716	848
716	851
717	295
717	713
717	722
717	759
717	786
717	811
717	816
717	828
717	834
717	847
717	853
718	703
718	763
718	797
718	802
718	809
718	815
718	824
718	839
718	846
718	851
718	960
719	676
719	711
719	731
719	761
719	779
719	809
719	816
719	820
719	835
719	845
719	847
720	445
720	723
720	764
720	790
720	800
720	807
720	817
720	820
720	834
720	838
720	851
721	354
721	699
721	750
721	755
721	780
721	830
721	832
721	839
721	848
721	850
721	852
722	653
722	699
722	717
722	790
722	817
722	826
722	829
722	836
722	837
722	849
722	853
723	454
723	704
723	720
723	733
723	747
723	798
723	804
723	806
723	818
723	849
723	851
724	125
724	782
724	787
724	794
724	806
724	807
724	812
724	824
724	825
724	834
724	848
725	707
725	712
725	727
725	780
725	810
725	825
725	835
725	837
725	846
725	849
725	989
726	142
726	699
726	707
726	713
726	804
726	826
726	834
726	840
726	847
726	849
726	853
727	394
727	725
727	749
727	761
727	767
727	773
727	799
727	801
727	816
727	845
727	848
728	240
728	782
728	796
728	813
728	814
728	816
728	819
728	840
728	848
728	851
728	852
729	488
729	706
729	735
729	789
729	819
729	820
729	825
729	829
729	835
729	842
729	844
730	200
730	758
730	791
730	803
730	810
730	815
730	824
730	828
730	842
730	849
730	850
731	593
731	719
731	738
731	745
731	771
731	822
731	823
731	840
731	843
731	846
731	853
732	439
732	760
732	778
732	795
732	824
732	825
732	828
732	831
732	841
732	844
732	845
732	850
733	352
733	441
733	700
733	723
733	735
733	754
733	761
733	776
733	806
733	836
733	841
733	850
734	386
734	749
734	766
734	784
734	791
734	807
734	812
734	831
734	833
734	838
734	847
734	850
735	502
735	729
735	733
735	800
735	822
735	829
735	832
735	833
735	841
735	846
735	853
735	973
736	468
736	761
736	786
736	796
736	818
736	823
736	827
736	829
736	832
736	839
736	843
736	850
737	155
737	702
737	760
737	761
737	794
737	804
737	812
737	841
737	842
737	844
737	849
737	853
738	429
738	648
738	731
738	760
738	793
738	807
738	818
738	822
738	827
738	830
738	836
738	846
739	500
739	703
739	759
739	783
739	796
739	799
739	822
739	827
739	830
739	837
739	841
739	845
740	364
740	775
740	792
740	795
740	799
740	800
740	807
740	809
740	823
740	841
740	849
740	851
741	344
741	712
741	760
741	769
741	787
741	804
741	812
741	817
741	818
741	819
741	838
741	845
742	602
742	712
742	716
742	772
742	796
742	803
742	810
742	826
742	833
742	840
742	848
742	850
743	702
743	704
743	775
743	779
743	781
743	815
743	817
743	841
743	848
743	850
743	852
743	998
744	319
744	791
744	812
744	828
744	829
744	830
744	831
744	832
744	839
744	840
744	848
744	850
745	731
745	754
745	773
745	775
745	798
745	808
745	811
745	822
745	831
745	846
745	852
745	1000
746	519
746	755
746	764
746	771
746	782
746	794
746	796
746	797
746	822
746	823
746	851
746	852
747	546
747	704
747	712
747	723
747	764
747	783
747	810
747	819
747	835
747	842
747	844
747	847
748	414
748	749
748	769
748	774
748	783
748	788
748	804
748	809
748	816
748	819
748	825
748	832
749	327
749	705
749	727
749	734
749	748
749	757
749	759
749	780
749	789
749	808
749	815
749	835
750	695
750	721
750	777
750	783
750	798
750	816
750	818
750	826
750	829
750	838
750	846
750	848
751	531
751	708
751	756
751	783
751	810
751	816
751	828
751	830
751	834
751	835
751	841
751	853
751	986
752	165
752	715
752	766
752	782
752	812
752	824
752	827
752	834
752	836
752	840
752	842
752	849
752	851
753	343
753	481
753	759
753	782
753	788
753	790
753	793
753	802
753	808
753	823
753	832
753	844
753	848
754	136
754	700
754	733
754	745
754	767
754	781
754	783
754	787
754	824
754	835
754	842
754	849
754	853
755	294
755	384
755	721
755	746
755	796
755	797
755	830
755	832
755	838
755	844
755	845
755	846
755	852
756	476
756	751
756	758
756	780
756	813
756	825
756	826
756	834
756	846
756	848
756	849
756	850
756	852
757	150
757	749
757	765
757	784
757	802
757	832
757	837
757	841
757	845
757	846
757	847
757	851
757	852
758	327
758	711
758	712
758	730
758	756
758	765
758	786
758	793
758	821
758	829
758	834
758	852
758	970
759	708
759	717
759	739
759	749
759	753
759	779
759	787
759	827
759	829
759	838
759	845
759	847
759	982
760	636
760	715
760	732
760	737
760	738
760	741
760	774
760	820
760	832
760	841
760	845
760	848
760	852
761	688
761	706
761	719
761	727
761	733
761	736
761	737
761	764
761	784
761	801
761	819
761	837
761	852
762	336
762	700
762	703
762	776
762	803
762	808
762	811
762	814
762	819
762	822
762	831
762	833
762	847
763	659
763	713
763	718
763	764
763	778
763	794
763	806
763	808
763	815
763	827
763	836
763	851
763	852
764	154
764	701
764	715
764	720
764	746
764	747
764	761
764	763
764	790
764	816
764	827
764	832
764	842
765	452
765	757
765	758
765	798
765	811
765	813
765	814
765	815
765	817
765	826
765	829
765	841
765	842
766	656
766	734
766	752
766	789
766	790
766	801
766	805
766	809
766	813
766	814
766	816
766	821
766	846
767	284
767	705
767	709
767	710
767	727
767	754
767	769
767	777
767	792
767	808
767	816
767	836
767	837
767	849
768	671
768	705
768	796
768	797
768	799
768	802
768	810
768	811
768	822
768	830
768	843
768	846
768	847
768	849
769	139
769	705
769	741
769	748
769	767
769	771
769	822
769	835
769	838
769	840
769	842
769	844
769	845
769	850
770	623
770	711
770	716
770	772
770	785
770	786
770	800
770	813
770	827
770	841
770	846
770	848
770	851
770	973
771	632
771	714
771	731
771	746
771	769
771	781
771	801
771	823
771	825
771	829
771	830
771	841
771	843
771	844
772	276
772	645
772	715
772	742
772	770
772	781
772	789
772	800
772	806
772	820
772	823
772	834
772	850
772	851
773	137
773	442
773	716
773	727
773	745
773	791
773	792
773	793
773	808
773	809
773	814
773	820
773	830
773	838
774	406
774	701
774	748
774	760
774	786
774	814
774	821
774	830
774	832
774	836
774	837
774	845
774	847
774	848
775	630
775	698
775	740
775	743
775	745
775	777
775	781
775	782
775	791
775	794
775	827
775	832
775	846
775	851
776	396
776	699
776	733
776	762
776	784
776	803
776	809
776	818
776	831
776	835
776	837
776	839
776	847
776	853
777	123
777	750
777	767
777	775
777	802
777	820
777	836
777	839
777	843
777	847
777	849
777	852
777	853
777	991
778	109
778	732
778	763
778	788
778	794
778	824
778	827
778	828
778	834
778	835
778	837
778	844
778	851
778	853
779	180
779	719
779	743
779	759
779	793
779	800
779	803
779	804
779	809
779	810
779	831
779	835
779	842
779	845
779	849
780	232
780	721
780	725
780	749
780	756
780	818
780	821
780	825
780	826
780	836
780	839
780	847
780	848
780	850
780	852
781	5
781	282
781	711
781	713
781	743
781	754
781	771
781	772
781	775
781	798
781	800
781	831
781	834
781	843
781	851
782	477
782	724
782	728
782	746
782	752
782	753
782	775
782	794
782	806
782	821
782	827
782	831
782	843
782	851
782	971
783	491
783	701
783	705
783	739
783	747
783	748
783	750
783	751
783	754
783	805
783	806
783	842
783	843
783	844
783	852
784	342
784	611
784	734
784	757
784	761
784	776
784	786
784	792
784	796
784	798
784	819
784	841
784	844
784	845
784	846
784	851
785	369
785	670
785	701
785	770
785	788
785	795
785	807
785	809
785	813
785	823
785	824
785	833
785	837
785	843
785	850
785	851
786	153
786	700
786	710
786	717
786	736
786	758
786	770
786	774
786	784
786	788
786	825
786	839
786	848
786	850
786	852
786	853
787	272
787	724
787	741
787	754
787	759
787	793
787	795
787	797
787	801
787	807
787	823
787	825
787	830
787	838
787	842
787	846
788	91
788	698
788	748
788	753
788	778
788	785
788	786
788	790
788	797
788	800
788	813
788	824
788	831
788	834
788	845
788	847
789	2
789	231
789	703
789	712
789	729
789	749
789	766
789	772
789	792
789	794
789	831
789	838
789	840
789	841
789	843
789	847
789	849
790	16
790	354
790	713
790	720
790	722
790	753
790	764
790	766
790	788
790	793
790	808
790	809
790	823
790	824
790	827
790	851
790	852
791	640
791	730
791	734
791	744
791	773
791	775
791	805
791	807
791	820
791	835
791	837
791	842
791	843
791	847
791	850
791	852
791	853
792	160
792	401
792	702
792	740
792	767
792	773
792	784
792	789
792	801
792	802
792	810
792	818
792	824
792	831
792	844
792	846
792	847
793	738
793	753
793	758
793	773
793	779
793	787
793	790
793	799
793	802
793	814
793	822
793	823
793	828
793	831
793	845
793	967
793	973
794	387
794	714
794	716
794	724
794	737
794	746
794	763
794	775
794	778
794	782
794	789
794	797
794	805
794	806
794	834
794	836
794	846
795	190
795	732
795	740
795	785
795	787
795	802
795	811
795	815
795	823
795	825
795	830
795	831
795	833
795	834
795	835
795	841
795	844
796	465
796	538
796	728
796	736
796	739
796	742
796	746
796	755
796	768
796	784
796	798
796	802
796	817
796	824
796	848
796	850
796	852
797	87
797	383
797	711
797	718
797	746
797	755
797	768
797	787
797	788
797	794
797	807
797	809
797	818
797	823
797	836
797	844
797	845
798	261
798	685
798	723
798	745
798	750
798	765
798	781
798	784
798	796
798	810
798	817
798	818
798	839
798	845
798	848
798	852
798	853
799	67
799	480
799	702
799	727
799	739
799	740
799	768
799	793
799	811
799	821
799	832
799	835
799	836
799	838
799	842
799	843
799	851
799	853
800	457
800	698
800	711
800	715
800	720
800	735
800	740
800	770
800	772
800	779
800	781
800	788
800	803
800	835
800	839
800	849
800	853
800	950
801	321
801	709
801	727
801	761
801	766
801	771
801	787
801	792
801	821
801	825
801	826
801	827
801	829
801	833
801	841
801	843
801	844
801	845
802	401
802	710
802	718
802	753
802	757
802	768
802	777
802	792
802	793
802	795
802	796
802	804
802	814
802	816
802	821
802	844
802	852
802	866
803	169
803	274
803	699
803	730
803	742
803	762
803	776
803	779
803	800
803	808
803	811
803	818
803	827
803	828
803	830
803	836
803	848
803	849
803	853
804	481
804	707
804	723
804	726
804	737
804	741
804	748
804	779
804	802
804	815
804	816
804	825
804	837
804	842
804	847
804	848
804	850
804	851
804	853
805	580
805	766
805	783
805	791
805	794
805	811
805	813
805	816
805	819
805	828
805	837
805	838
805	840
805	841
805	843
805	847
805	849
805	853
805	920
806	250
806	697
806	705
806	723
806	724
806	733
806	763
806	772
806	782
806	783
806	794
806	807
806	811
806	842
806	845
806	847
806	848
806	849
806	853
807	308
807	713
807	715
807	720
807	724
807	734
807	738
807	740
807	785
807	787
807	791
807	797
807	806
807	809
807	827
807	843
807	844
807	852
807	974
808	202
808	696
808	705
808	745
808	749
808	753
808	762
808	763
808	767
808	773
808	790
808	803
808	822
808	825
808	834
808	841
808	844
808	845
808	848
809	359
809	677
809	701
809	716
809	718
809	719
809	740
809	748
809	766
809	773
809	776
809	779
809	785
809	790
809	797
809	807
809	824
809	834
809	844
809	850
810	221
810	489
810	704
810	725
810	730
810	742
810	747
810	751
810	768
810	779
810	792
810	798
810	822
810	826
810	828
810	830
810	837
810	846
810	847
810	853
811	129
811	537
811	717
811	745
811	762
811	765
811	768
811	795
811	799
811	803
811	805
811	806
811	815
811	828
811	836
811	839
811	843
811	845
811	851
811	853
812	176
812	204
812	704
812	724
812	734
812	737
812	741
812	744
812	752
812	815
812	817
812	818
812	826
812	832
812	833
812	835
812	839
812	840
812	848
812	850
812	852
813	335
813	451
813	700
813	710
813	728
813	756
813	765
813	766
813	770
813	785
813	788
813	805
813	814
813	815
813	826
813	829
813	839
813	848
813	849
813	852
813	853
814	357
814	400
814	708
814	728
814	762
814	765
814	766
814	773
814	774
814	793
814	802
814	813
814	822
814	824
814	833
814	840
814	841
814	846
814	847
814	852
814	853
815	264
815	315
815	698
815	704
815	709
815	718
815	730
815	743
815	749
815	763
815	765
815	795
815	804
815	811
815	812
815	813
815	817
815	818
815	830
815	839
815	840
815	848
816	202
816	485
816	702
816	717
816	719
816	727
816	728
816	748
816	750
816	751
816	764
816	766
816	767
816	802
816	804
816	805
816	828
816	831
816	842
816	843
816	844
816	846
817	640
817	668
817	710
817	720
817	722
817	741
817	743
817	765
817	796
817	798
817	812
817	815
817	818
817	824
817	830
817	839
817	841
817	842
817	843
817	845
817	848
817	850
817	852
818	193
818	490
818	702
818	723
818	736
818	738
818	741
818	750
818	776
818	780
818	792
818	797
818	798
818	803
818	812
818	815
818	817
818	821
818	826
818	836
818	840
818	850
818	852
819	102
819	382
819	700
819	703
819	707
819	728
819	729
819	741
819	747
819	748
819	761
819	762
819	784
819	805
819	821
819	822
819	824
819	832
819	833
819	838
819	839
819	844
819	849
820	194
820	375
820	698
820	705
820	708
820	719
820	720
820	729
820	760
820	772
820	773
820	777
820	791
820	825
820	835
820	836
820	838
820	842
820	843
820	847
820	849
820	851
820	853
821	561
821	627
821	707
821	708
821	758
821	766
821	774
821	780
821	782
821	799
821	801
821	802
821	818
821	819
821	825
821	828
821	830
821	831
821	833
821	839
821	842
821	844
821	937
822	41
822	668
822	698
822	731
822	735
822	738
822	739
822	745
822	746
822	762
822	768
822	769
822	793
822	808
822	810
822	814
822	819
822	827
822	842
822	843
822	846
822	847
822	848
822	851
823	142
823	379
823	698
823	716
823	731
823	736
823	740
823	746
823	753
823	771
823	772
823	785
823	787
823	790
823	793
823	795
823	797
823	824
823	827
823	834
823	843
823	846
823	849
823	851
824	413
824	657
824	718
824	724
824	730
824	732
824	752
824	754
824	778
824	785
824	788
824	790
824	792
824	796
824	809
824	814
824	817
824	819
824	823
824	827
824	828
824	834
824	843
824	851
825	183
825	430
825	724
825	725
825	729
825	732
825	748
825	756
825	771
825	780
825	786
825	787
825	795
825	801
825	804
825	808
825	820
825	821
825	828
825	833
825	841
825	845
825	846
825	853
826	195
826	714
826	722
826	726
826	742
826	750
826	756
826	765
826	780
826	801
826	810
826	812
826	813
826	818
826	829
826	833
826	834
826	840
826	841
826	847
826	848
826	849
826	850
826	853
826	928
827	131
827	255
827	736
827	738
827	739
827	752
827	759
827	763
827	764
827	770
827	775
827	778
827	782
827	790
827	801
827	803
827	807
827	822
827	823
827	824
827	837
827	845
827	846
827	849
827	851
828	68
828	470
828	717
828	730
828	732
828	744
828	751
828	778
828	793
828	803
828	805
828	810
828	811
828	816
828	821
828	824
828	825
828	833
828	834
828	836
828	842
828	843
828	845
828	849
828	850
829	420
829	626
829	707
829	708
829	709
829	712
829	722
829	729
829	735
829	736
829	744
829	750
829	758
829	759
829	765
829	771
829	801
829	813
829	826
829	839
829	840
829	841
829	844
829	850
829	852
829	853
830	64
830	474
830	697
830	721
830	738
830	739
830	744
830	751
830	755
830	768
830	771
830	773
830	774
830	787
830	795
830	803
830	810
830	815
830	817
830	821
830	832
830	835
830	838
830	841
830	846
830	853
831	574
831	706
831	711
831	732
831	734
831	744
831	745
831	762
831	776
831	779
831	781
831	782
831	788
831	789
831	792
831	793
831	795
831	816
831	821
831	832
831	838
831	840
831	845
831	846
831	853
831	941
832	43
832	146
832	450
832	721
832	735
832	736
832	744
832	748
832	753
832	755
832	757
832	760
832	764
832	774
832	775
832	799
832	812
832	819
832	830
832	831
832	833
832	835
832	838
832	840
832	844
832	845
832	849
833	197
833	331
833	714
833	734
833	735
833	742
833	762
833	785
833	795
833	801
833	812
833	814
833	819
833	821
833	825
833	826
833	828
833	832
833	839
833	841
833	844
833	846
833	847
833	849
833	852
833	853
833	987
834	300
834	317
834	470
834	701
834	716
834	717
834	720
834	724
834	726
834	751
834	752
834	756
834	758
834	772
834	778
834	781
834	788
834	794
834	795
834	808
834	809
834	823
834	824
834	826
834	828
834	844
834	851
834	853
835	394
835	404
835	599
835	719
835	725
835	729
835	747
835	749
835	751
835	754
835	769
835	776
835	778
835	779
835	791
835	795
835	799
835	800
835	812
835	820
835	830
835	832
835	836
835	840
835	842
835	843
835	846
835	847
836	211
836	357
836	643
836	722
836	733
836	738
836	752
836	763
836	767
836	774
836	777
836	780
836	794
836	797
836	799
836	803
836	811
836	818
836	820
836	828
836	835
836	837
836	838
836	842
836	843
836	847
836	848
836	850
836	853
837	184
837	425
837	472
837	703
837	707
837	714
837	716
837	722
837	725
837	739
837	757
837	761
837	767
837	774
837	776
837	778
837	785
837	791
837	804
837	805
837	810
837	827
837	836
837	838
837	842
837	843
837	844
837	847
837	849
837	850
838	161
838	199
838	370
838	699
838	702
838	709
838	720
838	734
838	741
838	750
838	755
838	759
838	769
838	773
838	787
838	789
838	799
838	805
838	819
838	820
838	830
838	831
838	832
838	836
838	837
838	843
838	844
838	845
838	846
838	847
839	53
839	373
839	393
839	706
839	714
839	718
839	721
839	736
839	744
839	776
839	777
839	780
839	786
839	798
839	800
839	811
839	812
839	813
839	815
839	817
839	819
839	821
839	829
839	833
839	840
839	845
839	846
839	848
839	850
839	852
839	853
840	325
840	330
840	494
840	672
840	700
840	704
840	709
840	713
840	714
840	726
840	728
840	731
840	742
840	744
840	752
840	769
840	789
840	805
840	812
840	814
840	815
840	818
840	826
840	829
840	831
840	832
840	835
840	839
840	847
840	848
840	849
840	850
840	852
841	247
841	293
841	403
841	703
841	705
841	706
841	732
841	733
841	735
841	737
841	739
841	740
841	743
841	751
841	757
841	760
841	765
841	770
841	771
841	784
841	789
841	795
841	801
841	805
841	808
841	814
841	817
841	825
841	826
841	829
841	830
841	833
841	846
841	851
842	139
842	418
842	478
842	703
842	706
842	710
842	729
842	730
842	737
842	747
842	752
842	754
842	764
842	765
842	769
842	779
842	783
842	787
842	791
842	799
842	804
842	806
842	816
842	817
842	820
842	821
842	822
842	828
842	835
842	836
842	837
842	843
842	844
842	845
842	849
842	851
843	136
843	142
843	607
843	702
843	706
843	731
843	736
843	768
843	771
843	777
843	781
843	782
843	783
843	785
843	789
843	791
843	799
843	801
843	805
843	807
843	811
843	816
843	817
843	820
843	822
843	823
843	824
843	828
843	835
843	836
843	837
843	838
843	842
843	847
843	848
843	849
843	850
843	853
844	108
844	279
844	553
844	699
844	715
844	729
844	732
844	737
844	747
844	753
844	755
844	769
844	771
844	778
844	783
844	784
844	792
844	795
844	797
844	801
844	802
844	807
844	808
844	809
844	816
844	819
844	821
844	829
844	832
844	833
844	834
844	837
844	838
844	842
844	845
844	846
844	851
844	852
844	995
845	166
845	173
845	261
845	303
845	708
845	711
845	715
845	719
845	727
845	732
845	739
845	741
845	755
845	757
845	759
845	760
845	769
845	774
845	779
845	784
845	788
845	793
845	797
845	798
845	801
845	806
845	808
845	811
845	817
845	825
845	827
845	828
845	831
845	832
845	838
845	839
845	842
845	844
845	846
845	853
846	298
846	524
846	659
846	681
846	708
846	718
846	725
846	731
846	735
846	738
846	745
846	750
846	755
846	756
846	757
846	766
846	768
846	770
846	775
846	784
846	787
846	792
846	794
846	810
846	814
846	816
846	822
846	823
846	825
846	827
846	830
846	831
846	833
846	835
846	838
846	839
846	841
846	844
846	845
846	849
846	850
846	852
847	459
847	472
847	479
847	482
847	596
847	699
847	706
847	708
847	717
847	719
847	726
847	734
847	747
847	757
847	759
847	762
847	768
847	774
847	776
847	777
847	780
847	788
847	789
847	791
847	792
847	804
847	805
847	806
847	810
847	814
847	820
847	822
847	826
847	833
847	835
847	836
847	837
847	838
847	840
847	843
847	849
847	850
847	853
848	49
848	165
848	349
848	584
848	699
848	700
848	701
848	709
848	715
848	716
848	721
848	724
848	727
848	728
848	742
848	743
848	744
848	750
848	753
848	756
848	760
848	770
848	774
848	780
848	786
848	796
848	798
848	803
848	804
848	806
848	808
848	812
848	813
848	815
848	817
848	822
848	826
848	836
848	839
848	840
848	843
848	850
848	851
848	852
849	399
849	443
849	543
849	701
849	702
849	713
849	722
849	723
849	725
849	726
849	730
849	737
849	740
849	752
849	754
849	756
849	767
849	768
849	777
849	779
849	789
849	800
849	803
849	805
849	806
849	813
849	819
849	820
849	823
849	826
849	827
849	828
849	832
849	833
849	837
849	840
849	842
849	843
849	846
849	847
849	850
849	851
849	853
849	974
850	463
850	468
850	628
850	689
850	696
850	700
850	710
850	712
850	714
850	721
850	730
850	732
850	733
850	734
850	736
850	742
850	743
850	744
850	756
850	769
850	772
850	780
850	785
850	786
850	791
850	796
850	804
850	809
850	812
850	817
850	818
850	826
850	828
850	829
850	836
850	837
850	839
850	840
850	843
850	846
850	847
850	848
850	849
850	851
850	852
851	24
851	223
851	459
851	701
851	703
851	711
851	713
851	715
851	716
851	718
851	720
851	723
851	728
851	740
851	746
851	752
851	757
851	763
851	770
851	772
851	775
851	778
851	781
851	782
851	784
851	785
851	790
851	799
851	804
851	811
851	820
851	822
851	823
851	824
851	827
851	834
851	841
851	842
851	844
851	848
851	849
851	850
851	852
851	876
851	976
852	91
852	469
852	660
852	704
852	709
852	710
852	712
852	714
852	721
852	728
852	743
852	745
852	746
852	755
852	756
852	757
852	758
852	760
852	761
852	763
852	777
852	780
852	783
852	786
852	790
852	791
852	796
852	798
852	802
852	807
852	812
852	813
852	814
852	817
852	818
852	829
852	833
852	839
852	840
852	844
852	846
852	848
852	850
852	851
852	870
852	977
853	65
853	299
853	557
853	704
853	706
853	707
853	712
853	717
853	722
853	726
853	731
853	735
853	737
853	751
853	754
853	776
853	777
853	778
853	786
853	791
853	798
853	799
853	800
853	803
853	804
853	805
853	806
853	810
853	811
853	813
853	814
853	820
853	825
853	826
853	829
853	830
853	831
853	833
853	834
853	836
853	839
853	843
853	845
853	847
853	849
853	951
853	996
854	112
854	885
854	895
854	904
854	931
854	957
854	965
854	968
854	981
854	989
855	589
855	933
855	938
855	941
855	942
855	948
855	954
855	972
855	990
855	997
856	154
856	859
856	871
856	873
856	891
856	899
856	912
856	964
856	966
856	992
857	599
857	872
857	926
857	965
857	969
857	988
857	989
857	994
857	995
857	997
858	13
858	898
858	899
858	958
858	975
858	976
858	987
858	988
858	995
858	1000
859	513
859	856
859	861
859	887
859	913
859	937
859	939
859	962
859	971
859	979
860	516
860	881
860	902
860	905
860	916
860	920
860	946
860	953
860	993
860	1000
861	620
861	859
861	942
861	951
861	962
861	972
861	979
861	985
861	991
861	993
862	62
862	900
862	922
862	925
862	938
862	962
862	984
862	990
862	998
862	999
863	111
863	903
863	912
863	970
863	976
863	983
863	990
863	992
863	999
863	1000
864	181
864	875
864	914
864	946
864	954
864	965
864	990
864	997
864	998
864	1000
865	539
865	897
865	907
865	939
865	940
865	962
865	978
865	983
865	986
865	987
866	802
866	944
866	951
866	960
866	965
866	967
866	971
866	980
866	982
866	983
867	449
867	884
867	916
867	932
867	953
867	954
867	969
867	984
867	986
867	994
868	198
868	881
868	889
868	915
868	942
868	966
868	967
868	980
868	982
868	994
869	428
869	882
869	901
869	914
869	929
869	942
869	977
869	981
869	998
869	999
870	852
870	874
870	890
870	895
870	916
870	961
870	962
870	977
870	991
870	993
871	477
871	856
871	893
871	899
871	915
871	935
871	940
871	953
871	982
871	995
872	472
872	857
872	886
872	895
872	936
872	965
872	969
872	970
872	975
872	987
872	993
873	478
873	856
873	889
873	910
873	920
873	951
873	953
873	982
873	984
873	997
873	999
874	461
874	870
874	885
874	906
874	911
874	928
874	943
874	969
874	990
874	996
874	999
875	440
875	864
875	878
875	934
875	937
875	951
875	959
875	975
875	978
875	996
875	999
876	851
876	892
876	911
876	933
876	966
876	974
876	975
876	981
876	987
876	994
876	996
877	347
877	896
877	905
877	930
877	944
877	963
877	965
877	966
877	967
877	980
877	982
878	96
878	875
878	927
878	932
878	957
878	973
878	976
878	986
878	990
878	998
878	999
879	296
879	911
879	925
879	933
879	945
879	982
879	984
879	987
879	993
879	998
879	999
880	214
880	935
880	941
880	948
880	957
880	974
880	977
880	983
880	992
880	993
880	996
881	331
881	860
881	868
881	890
881	907
881	909
881	966
881	971
881	975
881	987
881	994
882	439
882	869
882	915
882	931
882	933
882	934
882	937
882	990
882	992
882	998
882	1000
883	643
883	925
883	927
883	959
883	969
883	972
883	975
883	982
883	990
883	998
883	999
884	638
884	867
884	929
884	943
884	944
884	962
884	967
884	984
884	986
884	989
884	998
885	618
885	854
885	874
885	891
885	915
885	943
885	955
885	971
885	976
885	982
885	983
886	123
886	872
886	890
886	902
886	914
886	929
886	949
886	957
886	980
886	988
886	993
887	169
887	859
887	899
887	935
887	961
887	973
887	976
887	980
887	985
887	993
887	996
888	458
888	894
888	899
888	947
888	950
888	960
888	972
888	979
888	980
888	982
888	986
889	689
889	868
889	873
889	902
889	916
889	930
889	950
889	958
889	965
889	980
889	989
890	328
890	870
890	881
890	886
890	896
890	918
890	941
890	974
890	978
890	991
890	998
891	350
891	856
891	885
891	927
891	928
891	952
891	978
891	990
891	996
891	998
891	999
892	448
892	876
892	894
892	924
892	952
892	954
892	963
892	981
892	992
892	995
892	1000
893	487
893	871
893	894
893	904
893	920
893	924
893	955
893	967
893	980
893	982
893	998
894	417
894	888
894	892
894	893
894	899
894	914
894	964
894	967
894	980
894	984
894	993
895	329
895	854
895	870
895	872
895	947
895	948
895	973
895	977
895	982
895	989
895	994
896	702
896	877
896	890
896	910
896	917
896	922
896	967
896	972
896	981
896	984
896	986
896	992
897	667
897	865
897	910
897	913
897	932
897	939
897	946
897	969
897	974
897	991
897	993
897	996
898	277
898	858
898	901
898	925
898	944
898	948
898	975
898	981
898	986
898	988
898	996
898	1000
899	257
899	856
899	858
899	871
899	887
899	888
899	894
899	935
899	951
899	964
899	983
899	987
900	431
900	442
900	862
900	921
900	925
900	949
900	955
900	964
900	984
900	991
900	995
900	1000
901	471
901	869
901	898
901	918
901	946
901	958
901	977
901	978
901	979
901	989
901	993
901	1000
902	39
902	860
902	886
902	889
902	928
902	953
902	966
902	967
902	978
902	982
902	983
902	994
903	404
903	863
903	919
903	928
903	940
903	952
903	961
903	984
903	986
903	987
903	989
903	994
904	186
904	457
904	854
904	893
904	946
904	961
904	970
904	976
904	979
904	981
904	985
904	991
905	194
905	860
905	877
905	947
905	951
905	953
905	956
905	964
905	966
905	975
905	983
905	1000
906	170
906	692
906	874
906	933
906	940
906	943
906	968
906	970
906	990
906	996
906	998
906	999
907	425
907	865
907	881
907	929
907	941
907	942
907	952
907	960
907	978
907	979
907	985
907	995
908	585
908	913
908	932
908	935
908	949
908	950
908	952
908	970
908	973
908	977
908	982
908	987
909	107
909	881
909	913
909	923
909	934
909	949
909	956
909	966
909	969
909	974
909	987
909	996
910	466
910	873
910	896
910	897
910	945
910	948
910	962
910	965
910	967
910	971
910	976
910	986
910	994
911	536
911	565
911	874
911	876
911	879
911	926
911	937
911	945
911	963
911	989
911	990
911	998
911	999
912	694
912	856
912	863
912	919
912	921
912	943
912	966
912	969
912	991
912	992
912	993
912	997
912	1000
913	455
913	859
913	897
913	908
913	909
913	929
913	941
913	942
913	963
913	973
913	977
913	985
913	986
914	361
914	864
914	869
914	886
914	894
914	927
914	928
914	931
914	934
914	995
914	996
914	998
914	999
915	340
915	868
915	871
915	882
915	885
915	924
915	960
915	961
915	963
915	985
915	988
915	997
915	1000
916	581
916	860
916	867
916	870
916	889
916	930
916	946
916	967
916	977
916	980
916	981
916	982
916	1000
917	692
917	896
917	922
917	927
917	928
917	949
917	965
917	971
917	985
917	989
917	994
917	995
917	996
918	259
918	274
918	890
918	901
918	936
918	946
918	957
918	970
918	977
918	981
918	982
918	988
918	999
919	23
919	269
919	903
919	912
919	924
919	970
919	972
919	979
919	989
919	992
919	995
919	997
919	1000
920	805
920	860
920	873
920	893
920	932
920	966
920	967
920	971
920	980
920	982
920	987
920	994
920	998
921	434
921	900
921	912
921	932
921	933
921	934
921	937
921	947
921	953
921	983
921	998
921	999
921	1000
922	57
922	635
922	862
922	896
922	917
922	953
922	973
922	974
922	978
922	981
922	987
922	996
922	998
923	70
923	485
923	909
923	926
923	938
923	958
923	983
923	985
923	987
923	991
923	993
923	997
923	1000
924	135
924	416
924	892
924	893
924	915
924	919
924	925
924	936
924	939
924	959
924	975
924	977
924	992
924	1000
925	135
925	862
925	879
925	883
925	898
925	900
925	924
925	932
925	947
925	974
925	975
925	990
925	998
925	999
926	166
926	203
926	857
926	911
926	923
926	932
926	950
926	955
926	956
926	961
926	976
926	988
926	991
926	997
927	8
927	60
927	878
927	883
927	891
927	914
927	917
927	932
927	937
927	975
927	976
927	992
927	995
927	999
928	201
928	826
928	874
928	891
928	902
928	903
928	914
928	917
928	942
928	945
928	954
928	977
928	987
928	998
929	83
929	869
929	884
929	886
929	907
929	913
929	961
929	970
929	971
929	973
929	979
929	993
929	997
929	999
930	169
930	324
930	877
930	889
930	916
930	936
930	951
930	953
930	960
930	963
930	964
930	974
930	982
930	984
931	375
931	854
931	882
931	914
931	944
931	949
931	967
931	976
931	988
931	992
931	994
931	995
931	997
931	1000
932	280
932	867
932	878
932	897
932	908
932	920
932	921
932	925
932	926
932	927
932	938
932	945
932	973
932	999
933	669
933	855
933	876
933	879
933	882
933	906
933	921
933	942
933	946
933	966
933	972
933	990
933	995
933	1000
934	453
934	597
934	875
934	882
934	909
934	914
934	921
934	939
934	954
934	963
934	979
934	990
934	998
934	1000
935	287
935	618
935	871
935	880
935	887
935	899
935	908
935	961
935	977
935	978
935	983
935	985
935	993
935	997
935	999
936	419
936	872
936	918
936	924
936	930
936	958
936	960
936	974
936	976
936	988
936	989
936	991
936	992
936	997
936	1000
937	821
937	859
937	875
937	882
937	911
937	921
937	927
937	942
937	959
937	960
937	990
937	994
937	996
937	999
937	1000
938	177
938	855
938	862
938	923
938	932
938	945
938	951
938	954
938	958
938	962
938	973
938	990
938	991
938	998
938	999
939	236
939	266
939	859
939	865
939	897
939	924
939	934
939	964
939	969
939	971
939	980
939	984
939	987
939	992
939	996
940	301
940	322
940	865
940	871
940	903
940	906
940	943
940	960
940	971
940	974
940	980
940	981
940	984
940	994
940	999
941	831
941	855
941	880
941	890
941	907
941	913
941	947
941	957
941	969
941	970
941	976
941	978
941	979
941	998
941	1000
942	413
942	855
942	861
942	868
942	869
942	907
942	913
942	928
942	933
942	937
942	945
942	957
942	981
942	998
942	999
943	149
943	874
943	884
943	885
943	906
943	912
943	940
943	960
943	974
943	980
943	988
943	991
943	992
943	995
943	997
943	1000
944	173
944	490
944	866
944	877
944	884
944	898
944	931
944	948
944	950
944	968
944	969
944	982
944	986
944	994
944	996
944	998
945	154
945	456
945	879
945	910
945	911
945	928
945	932
945	938
945	942
945	954
945	968
945	985
945	988
945	992
945	993
945	999
946	345
946	683
946	860
946	864
946	897
946	901
946	904
946	916
946	918
946	933
946	961
946	970
946	978
946	985
946	986
946	993
947	12
947	888
947	895
947	905
947	921
947	925
947	941
947	956
947	965
947	968
947	969
947	975
947	981
947	985
947	986
947	993
947	996
948	688
948	855
948	880
948	895
948	898
948	910
948	944
948	964
948	968
948	969
948	978
948	984
948	987
948	989
948	992
948	997
948	998
949	269
949	506
949	886
949	900
949	908
949	909
949	917
949	931
949	972
949	976
949	983
949	990
949	992
949	993
949	994
949	995
949	1000
950	490
950	800
950	888
950	889
950	908
950	926
950	944
950	958
950	972
950	973
950	978
950	983
950	991
950	992
950	995
950	997
950	1000
951	714
951	853
951	861
951	866
951	873
951	875
951	899
951	905
951	930
951	938
951	960
951	966
951	975
951	979
951	980
951	987
951	997
952	19
952	471
952	891
952	892
952	903
952	907
952	908
952	961
952	964
952	971
952	973
952	977
952	979
952	985
952	988
952	993
952	998
953	507
953	683
953	860
953	867
953	871
953	873
953	902
953	905
953	921
953	922
953	930
953	960
953	962
953	964
953	979
953	982
953	990
953	999
954	137
954	480
954	855
954	864
954	867
954	892
954	928
954	934
954	938
954	945
954	965
954	983
954	984
954	990
954	994
954	998
954	999
954	1000
955	483
955	686
955	885
955	893
955	900
955	926
955	959
955	966
955	968
955	972
955	973
955	978
955	983
955	988
955	991
955	994
955	996
955	1000
956	480
956	691
956	905
956	909
956	926
956	947
956	968
956	969
956	972
956	974
956	975
956	980
956	984
956	989
956	992
956	996
956	997
956	1000
957	430
957	569
957	854
957	878
957	880
957	886
957	918
957	941
957	942
957	960
957	962
957	968
957	977
957	978
957	984
957	985
957	990
957	993
958	464
958	653
958	858
958	889
958	901
958	923
958	936
958	938
958	950
958	963
958	986
958	988
958	989
958	991
958	995
958	997
958	998
958	999
959	620
959	696
959	875
959	883
959	924
959	937
959	955
959	963
959	965
959	972
959	977
959	983
959	985
959	992
959	993
959	995
959	997
959	1000
960	682
960	718
960	866
960	888
960	907
960	915
960	930
960	936
960	937
960	940
960	943
960	951
960	953
960	957
960	964
960	966
960	967
960	982
960	991
961	210
961	651
961	870
961	887
961	903
961	904
961	915
961	926
961	929
961	935
961	946
961	952
961	962
961	967
961	970
961	977
961	986
961	991
961	1000
962	151
962	291
962	859
962	861
962	862
962	865
962	870
962	884
962	910
962	938
962	953
962	957
962	961
962	968
962	973
962	978
962	979
962	985
962	987
962	993
963	474
963	551
963	877
963	892
963	911
963	913
963	915
963	930
963	934
963	958
963	959
963	970
963	983
963	991
963	992
963	993
963	995
963	996
963	997
963	1000
964	151
964	424
964	856
964	894
964	899
964	900
964	905
964	930
964	939
964	948
964	952
964	953
964	960
964	966
964	967
964	979
964	980
964	992
964	996
964	998
965	454
965	458
965	854
965	857
965	864
965	866
965	872
965	877
965	889
965	910
965	917
965	947
965	954
965	959
965	984
965	986
965	987
965	996
965	997
965	999
966	133
966	460
966	856
966	868
966	876
966	877
966	881
966	902
966	905
966	909
966	912
966	920
966	933
966	951
966	955
966	960
966	964
966	974
966	975
966	980
966	982
967	456
967	648
967	793
967	866
967	868
967	877
967	884
967	893
967	894
967	896
967	902
967	910
967	916
967	920
967	931
967	960
967	961
967	964
967	971
967	980
967	981
967	997
968	110
968	435
968	444
968	854
968	906
968	944
968	945
968	947
968	948
968	955
968	956
968	957
968	962
968	975
968	976
968	981
968	983
968	984
968	988
968	989
968	994
968	996
969	200
969	213
969	857
969	867
969	872
969	874
969	883
969	897
969	909
969	912
969	939
969	941
969	944
969	947
969	948
969	956
969	970
969	974
969	976
969	989
969	990
969	992
969	999
970	263
970	758
970	863
970	872
970	904
970	906
970	908
970	918
970	919
970	929
970	941
970	946
970	961
970	963
970	969
970	973
970	979
970	980
970	985
970	989
970	993
970	994
970	996
971	109
971	715
971	782
971	859
971	866
971	881
971	885
971	910
971	917
971	920
971	929
971	939
971	940
971	952
971	967
971	974
971	975
971	981
971	987
971	989
971	996
971	997
971	998
972	200
972	662
972	677
972	855
972	861
972	883
972	888
972	896
972	919
972	933
972	949
972	950
972	955
972	956
972	959
972	976
972	983
972	985
972	987
972	988
972	991
972	992
972	995
972	1000
973	735
973	770
973	793
973	878
973	887
973	895
973	908
973	913
973	922
973	929
973	932
973	938
973	950
973	952
973	955
973	962
973	970
973	977
973	978
973	979
973	988
973	993
973	997
973	1000
974	807
974	849
974	876
974	880
974	890
974	897
974	909
974	922
974	925
974	930
974	936
974	940
974	943
974	956
974	966
974	969
974	971
974	977
974	984
974	986
974	987
974	989
974	994
974	995
974	998
975	100
975	405
975	654
975	858
975	872
975	875
975	876
975	881
975	883
975	898
975	905
975	924
975	925
975	927
975	947
975	951
975	956
975	966
975	968
975	971
975	979
975	981
975	986
975	989
975	994
975	996
976	437
976	851
976	858
976	863
976	878
976	885
976	887
976	904
976	910
976	926
976	927
976	931
976	936
976	941
976	949
976	968
976	969
976	972
976	987
976	988
976	992
976	994
976	995
976	997
976	998
976	1000
977	153
977	186
977	852
977	869
977	870
977	880
977	895
977	901
977	908
977	913
977	916
977	918
977	924
977	928
977	935
977	952
977	957
977	959
977	961
977	973
977	974
977	978
977	985
977	988
977	990
977	995
978	282
978	428
978	865
978	875
978	890
978	891
978	901
978	902
978	907
978	922
978	935
978	941
978	946
978	948
978	950
978	955
978	957
978	962
978	973
978	977
978	979
978	981
978	985
978	986
978	993
978	999
979	592
979	617
979	859
979	861
979	888
979	901
979	904
979	907
979	919
979	929
979	934
979	941
979	951
979	952
979	953
979	962
979	964
979	970
979	973
979	975
979	978
979	985
979	989
979	993
979	995
979	996
980	410
980	613
980	866
980	868
980	877
980	886
980	887
980	888
980	889
980	893
980	894
980	916
980	920
980	939
980	940
980	943
980	951
980	956
980	964
980	966
980	967
980	970
980	985
980	986
980	989
980	991
981	48
981	167
981	462
981	854
981	869
981	876
981	892
981	896
981	898
981	904
981	916
981	918
981	922
981	940
981	942
981	947
981	967
981	968
981	971
981	975
981	978
981	984
981	986
981	994
981	996
981	999
981	1000
982	33
982	342
982	759
982	866
982	868
982	871
982	873
982	877
982	879
982	883
982	885
982	888
982	893
982	895
982	902
982	908
982	916
982	918
982	920
982	930
982	944
982	953
982	960
982	966
982	984
982	989
982	990
982	996
983	197
983	469
983	863
983	865
983	866
983	880
983	885
983	899
983	902
983	905
983	921
983	923
983	935
983	949
983	950
983	954
983	955
983	959
983	963
983	968
983	972
983	985
983	990
983	991
983	992
983	995
983	997
983	1000
984	489
984	533
984	662
984	862
984	867
984	873
984	879
984	884
984	894
984	896
984	900
984	903
984	930
984	939
984	940
984	948
984	954
984	956
984	957
984	965
984	968
984	974
984	981
984	982
984	989
984	991
984	993
984	996
984	997
985	641
985	686
985	705
985	861
985	887
985	904
985	907
985	913
985	915
985	917
985	923
985	935
985	945
985	946
985	947
985	952
985	957
985	959
985	962
985	970
985	972
985	977
985	978
985	979
985	980
985	983
985	986
985	988
985	991
985	993
986	126
986	363
986	654
986	751
986	865
986	867
986	878
986	884
986	888
986	896
986	898
986	903
986	910
986	913
986	944
986	946
986	947
986	958
986	961
986	965
986	974
986	975
986	978
986	980
986	981
986	985
986	987
986	988
986	992
986	996
986	999
987	4
987	501
987	833
987	858
987	865
987	872
987	876
987	879
987	881
987	899
987	903
987	908
987	909
987	920
987	922
987	923
987	928
987	939
987	948
987	951
987	962
987	965
987	971
987	972
987	974
987	976
987	986
987	988
987	989
987	990
987	994
987	996
988	195
988	230
988	326
988	453
988	857
988	858
988	886
988	898
988	915
988	918
988	926
988	931
988	936
988	943
988	945
988	952
988	955
988	958
988	968
988	972
988	973
988	976
988	977
988	985
988	986
988	987
988	991
988	992
988	995
988	997
988	999
988	1000
989	296
989	433
989	725
989	854
989	857
989	884
989	889
989	895
989	901
989	903
989	911
989	917
989	919
989	936
989	948
989	956
989	958
989	968
989	969
989	970
989	971
989	974
989	975
989	979
989	980
989	982
989	984
989	987
989	994
989	995
989	997
989	999
990	80
990	316
990	571
990	855
990	862
990	863
990	864
990	874
990	878
990	882
990	883
990	891
990	906
990	911
990	925
990	933
990	934
990	937
990	938
990	949
990	953
990	954
990	957
990	969
990	977
990	982
990	983
990	987
990	991
990	994
990	998
990	999
991	403
991	466
991	479
991	777
991	861
991	870
991	890
991	897
991	900
991	904
991	912
991	923
991	926
991	936
991	938
991	943
991	950
991	955
991	958
991	960
991	961
991	963
991	972
991	980
991	983
991	984
991	985
991	988
991	990
991	995
991	997
991	999
991	1000
992	174
992	567
992	658
992	856
992	863
992	880
992	882
992	892
992	896
992	912
992	919
992	924
992	927
992	931
992	936
992	939
992	943
992	945
992	948
992	949
992	950
992	956
992	959
992	963
992	964
992	969
992	972
992	976
992	983
992	986
992	988
992	994
992	996
992	997
992	1000
993	338
993	475
993	672
993	679
993	860
993	861
993	870
993	872
993	879
993	880
993	886
993	887
993	894
993	897
993	901
993	912
993	923
993	929
993	935
993	945
993	946
993	947
993	949
993	952
993	957
993	959
993	962
993	963
993	970
993	973
993	978
993	979
993	984
993	985
993	995
994	414
994	422
994	588
994	622
994	857
994	867
994	868
994	876
994	881
994	895
994	902
994	903
994	910
994	917
994	920
994	931
994	937
994	940
994	944
994	949
994	954
994	955
994	968
994	970
994	974
994	975
994	976
994	981
994	987
994	989
994	990
994	992
994	995
994	996
994	998
995	374
995	411
995	688
995	844
995	857
995	858
995	871
995	892
995	900
995	907
995	914
995	917
995	919
995	927
995	931
995	933
995	943
995	949
995	950
995	958
995	959
995	963
995	972
995	974
995	976
995	977
995	979
995	983
995	988
995	989
995	991
995	993
995	994
995	996
995	997
995	1000
996	36
996	670
996	853
996	874
996	875
996	876
996	880
996	887
996	891
996	897
996	898
996	906
996	909
996	914
996	917
996	922
996	937
996	939
996	944
996	947
996	955
996	956
996	963
996	964
996	965
996	968
996	970
996	971
996	975
996	979
996	981
996	982
996	984
996	986
996	987
996	992
996	994
996	995
997	69
997	88
997	184
997	226
997	855
997	857
997	864
997	873
997	912
997	915
997	919
997	923
997	926
997	929
997	931
997	935
997	936
997	943
997	948
997	950
997	951
997	956
997	958
997	959
997	963
997	965
997	967
997	971
997	973
997	976
997	983
997	984
997	988
997	989
997	991
997	992
997	995
997	1000
998	103
998	144
998	529
998	743
998	862
998	864
998	869
998	878
998	879
998	882
998	883
998	884
998	890
998	891
998	893
998	906
998	911
998	914
998	920
998	921
998	922
998	925
998	928
998	934
998	938
998	941
998	942
998	944
998	948
998	952
998	954
998	958
998	964
998	971
998	974
998	976
998	990
998	994
998	999
998	1000
999	7
999	198
999	600
999	637
999	862
999	863
999	869
999	873
999	874
999	875
999	878
999	879
999	883
999	891
999	906
999	911
999	914
999	918
999	921
999	925
999	927
999	929
999	932
999	935
999	937
999	938
999	940
999	942
999	945
999	953
999	954
999	958
999	965
999	969
999	978
999	981
999	986
999	988
999	989
999	990
999	991
999	998
999	1000
1000	138
1000	218
1000	658
1000	679
1000	745
1000	858
1000	860
1000	863
1000	864
1000	882
1000	892
1000	898
1000	900
1000	901
1000	905
1000	912
1000	915
1000	916
1000	919
1000	921
1000	923
1000	924
1000	931
1000	933
1000	934
1000	936
1000	937
1000	941
1000	943
1000	949
1000	950
1000	954
1000	955
1000	956
1000	959
1000	961
1000	963
1000	972
1000	973
1000	976
1000	981
1000	983
1000	988
1000	991
1000	992
1000	995
1000	997
1000	998
1000	999
