1	67
1	83
1	102
1	105
1	177
1	181
1	189
1	192
1	202
1	203
2	35
2	47
2	80
2	124
2	168
2	174
2	192
2	197
2	202
2	961
3	84
3	120
3	130
3	138
3	141
3	148
3	151
3	182
3	190
3	683
4	31
4	40
4	68
4	105
4	170
4	184
4	186
4	195
4	202
4	535
5	23
5	74
5	127
5	142
5	150
5	160
5	184
5	185
5	198
5	201
6	84
6	86
6	106
6	128
6	131
6	132
6	175
6	185
6	187
6	191
7	52
7	83
7	133
7	144
7	181
7	188
7	189
7	197
7	203
7	373
8	75
8	124
8	139
8	162
8	166
8	184
8	187
8	194
8	201
8	954
9	85
9	144
9	161
9	172
9	185
9	198
9	200
9	201
9	202
9	870
10	50
10	60
10	89
10	95
10	111
10	116
10	135
10	159
10	181
10	200
11	114
11	164
11	177
11	180
11	182
11	185
11	188
11	196
11	199
11	200
12	64
12	82
12	93
12	107
12	121
12	137
12	147
12	186
12	192
12	195
13	48
13	130
13	142
13	163
13	179
13	180
13	191
13	195
13	199
13	992
14	71
14	77
14	89
14	125
14	126
14	157
14	165
14	183
14	188
14	190
15	32
15	87
15	128
15	165
15	169
15	172
15	179
15	180
15	199
15	200
16	24
16	28
16	109
16	155
16	162
16	163
16	166
16	190
16	191
16	196
17	25
17	77
17	85
17	133
17	134
17	140
17	156
17	165
17	202
17	444
18	34
18	52
18	64
18	113
18	158
18	166
18	170
18	173
18	203
18	509
19	36
19	104
19	140
19	154
19	183
19	184
19	187
19	196
19	198
19	199
20	41
20	54
20	84
20	140
20	146
20	157
20	172
20	195
20	203
20	826
21	49
21	83
21	148
21	160
21	166
21	183
21	184
21	185
21	187
21	202
22	99
22	111
22	118
22	134
22	147
22	164
22	168
22	171
22	175
22	196
23	5
23	75
23	159
23	164
23	169
23	175
23	178
23	192
23	199
23	479
24	16
24	54
24	89
24	111
24	140
24	156
24	167
24	174
24	195
24	377
25	17
25	46
25	130
25	132
25	168
25	170
25	178
25	189
25	194
25	201
25	232
26	61
26	119
26	125
26	145
26	156
26	173
26	174
26	179
26	184
26	195
26	359
27	29
27	144
27	155
27	158
27	166
27	171
27	173
27	193
27	197
27	203
27	488
28	16
28	128
28	131
28	135
28	163
28	166
28	172
28	180
28	191
28	195
28	198
29	27
29	53
29	73
29	114
29	115
29	136
29	142
29	168
29	185
29	193
29	996
30	41
30	150
30	161
30	164
30	169
30	175
30	182
30	186
30	198
30	199
30	203
31	4
31	58
31	59
31	63
31	69
31	146
31	154
31	173
31	177
31	188
31	688
32	15
32	95
32	148
32	151
32	165
32	176
32	180
32	183
32	190
32	191
32	358
33	54
33	115
33	133
33	134
33	167
33	182
33	185
33	187
33	201
33	203
33	797
34	18
34	66
34	93
34	101
34	152
34	154
34	166
34	174
34	185
34	198
34	202
35	2
35	48
35	78
35	130
35	145
35	161
35	186
35	188
35	195
35	200
35	203
36	19
36	106
36	135
36	167
36	182
36	187
36	189
36	198
36	199
36	201
36	339
37	66
37	86
37	95
37	146
37	159
37	164
37	170
37	175
37	200
37	202
37	548
38	70
38	95
38	135
38	143
38	147
38	159
38	162
38	193
38	196
38	200
38	201
39	101
39	106
39	124
39	141
39	150
39	178
39	181
39	193
39	195
39	202
39	381
40	4
40	41
40	138
40	140
40	143
40	152
40	173
40	178
40	184
40	193
40	202
41	20
41	30
41	40
41	44
41	103
41	169
41	181
41	192
41	193
41	196
41	598
42	69
42	74
42	88
42	117
42	127
42	148
42	176
42	179
42	197
42	202
42	203
43	45
43	90
43	149
43	150
43	163
43	169
43	179
43	187
43	190
43	191
43	486
44	41
44	99
44	101
44	185
44	187
44	192
44	197
44	200
44	202
44	203
44	456
45	43
45	47
45	116
45	143
45	150
45	155
45	160
45	166
45	169
45	171
45	200
46	25
46	54
46	58
46	63
46	74
46	91
46	105
46	115
46	153
46	156
46	203
46	673
47	2
47	45
47	68
47	121
47	132
47	148
47	157
47	159
47	196
47	199
47	200
47	475
48	13
48	35
48	92
48	107
48	110
48	111
48	117
48	140
48	141
48	153
48	157
48	185
49	21
49	54
49	58
49	63
49	92
49	124
49	150
49	158
49	175
49	181
49	192
49	203
50	10
50	74
50	80
50	125
50	133
50	136
50	141
50	145
50	165
50	166
50	188
50	197
51	69
51	81
51	86
51	95
51	149
51	171
51	182
51	191
51	192
51	196
51	199
51	575
52	7
52	18
52	81
52	100
52	106
52	120
52	147
52	193
52	195
52	197
52	202
52	697
53	29
53	91
53	122
53	135
53	137
53	142
53	169
53	175
53	193
53	196
53	199
53	923
54	20
54	24
54	33
54	46
54	49
54	55
54	74
54	75
54	77
54	96
54	137
54	694
55	54
55	108
55	111
55	122
55	143
55	146
55	159
55	176
55	179
55	196
55	200
55	820
56	84
56	108
56	117
56	147
56	148
56	159
56	177
56	191
56	193
56	202
56	203
56	805
57	76
57	102
57	151
57	157
57	161
57	162
57	165
57	170
57	185
57	192
57	201
57	487
58	31
58	46
58	49
58	100
58	113
58	142
58	145
58	146
58	162
58	165
58	174
58	586
59	31
59	61
59	70
59	131
59	156
59	162
59	176
59	179
59	180
59	185
59	191
59	816
60	10
60	94
60	111
60	134
60	143
60	149
60	150
60	176
60	187
60	194
60	200
60	774
61	26
61	59
61	64
61	88
61	141
61	146
61	154
61	171
61	182
61	194
61	195
61	197
62	67
62	86
62	131
62	136
62	164
62	168
62	180
62	183
62	184
62	189
62	194
62	202
62	731
63	31
63	46
63	49
63	64
63	93
63	95
63	126
63	137
63	153
63	177
63	179
63	186
63	489
64	12
64	18
64	61
64	63
64	127
64	137
64	141
64	155
64	157
64	163
64	184
64	186
64	827
65	91
65	103
65	107
65	147
65	153
65	159
65	160
65	194
65	196
65	199
65	200
65	202
65	445
66	34
66	37
66	83
66	111
66	116
66	135
66	136
66	153
66	162
66	174
66	178
66	197
66	645
67	1
67	62
67	90
67	98
67	107
67	117
67	126
67	169
67	183
67	187
67	189
67	198
67	201
68	4
68	47
68	97
68	105
68	132
68	133
68	145
68	155
68	156
68	172
68	186
68	195
68	973
69	31
69	42
69	51
69	91
69	116
69	164
69	178
69	191
69	193
69	197
69	202
69	203
69	808
70	38
70	59
70	113
70	133
70	146
70	154
70	157
70	164
70	165
70	169
70	190
70	195
70	277
71	14
71	80
71	95
71	96
71	110
71	147
71	150
71	155
71	171
71	182
71	189
71	196
71	999
72	98
72	134
72	148
72	160
72	174
72	175
72	177
72	182
72	185
72	192
72	202
72	203
72	564
73	29
73	96
73	129
73	132
73	157
73	159
73	177
73	185
73	189
73	194
73	198
73	201
73	202
73	956
74	5
74	42
74	46
74	50
74	54
74	76
74	78
74	84
74	99
74	110
74	133
74	141
74	178
74	197
75	8
75	23
75	54
75	81
75	87
75	115
75	127
75	170
75	178
75	183
75	187
75	197
75	201
75	661
76	57
76	74
76	98
76	124
76	168
76	179
76	183
76	185
76	187
76	189
76	192
76	193
76	198
76	378
77	14
77	17
77	54
77	94
77	101
77	145
77	146
77	149
77	156
77	182
77	188
77	196
77	199
77	297
78	35
78	74
78	85
78	88
78	102
78	109
78	113
78	125
78	135
78	156
78	188
78	193
78	200
78	799
79	98
79	113
79	134
79	144
79	156
79	167
79	170
79	174
79	181
79	184
79	185
79	195
79	201
79	425
80	2
80	50
80	71
80	92
80	93
80	130
80	163
80	172
80	176
80	180
80	190
80	191
80	194
80	846
81	51
81	52
81	75
81	99
81	104
81	128
81	170
81	174
81	183
81	184
81	185
81	194
81	201
81	851
82	12
82	97
82	113
82	115
82	130
82	137
82	146
82	153
82	157
82	158
82	183
82	184
82	186
82	195
82	933
83	1
83	7
83	21
83	66
83	99
83	116
83	122
83	137
83	152
83	164
83	171
83	173
83	181
83	187
83	193
84	3
84	6
84	20
84	56
84	74
84	89
84	98
84	119
84	125
84	141
84	165
84	178
84	188
84	199
84	964
85	9
85	17
85	78
85	93
85	137
85	152
85	153
85	165
85	186
85	189
85	194
85	195
85	197
85	203
85	672
86	6
86	37
86	51
86	62
86	122
86	134
86	149
86	155
86	162
86	164
86	177
86	182
86	191
86	199
86	200
87	15
87	75
87	106
87	109
87	118
87	130
87	131
87	134
87	149
87	156
87	172
87	174
87	181
87	190
87	191
88	42
88	61
88	78
88	96
88	105
88	124
88	133
88	154
88	156
88	165
88	183
88	186
88	190
88	194
88	203
89	10
89	14
89	24
89	84
89	93
89	96
89	104
89	125
89	135
89	139
89	170
89	186
89	195
89	197
89	461
90	43
90	67
90	118
90	120
90	137
90	139
90	162
90	166
90	167
90	176
90	179
90	181
90	191
90	199
90	518
91	46
91	53
91	65
91	69
91	94
91	108
91	116
91	149
91	153
91	161
91	167
91	169
91	182
91	199
91	948
92	48
92	49
92	80
92	119
92	124
92	134
92	160
92	167
92	177
92	178
92	181
92	193
92	197
92	198
92	202
92	324
93	12
93	34
93	63
93	80
93	85
93	89
93	137
93	140
93	146
93	163
93	165
93	183
93	190
93	195
93	199
93	626
94	60
94	77
94	91
94	115
94	131
94	135
94	149
94	150
94	155
94	175
94	184
94	189
94	195
94	196
94	199
94	519
95	10
95	32
95	37
95	38
95	51
95	63
95	71
95	121
95	133
95	135
95	143
95	160
95	170
95	171
95	180
95	883
96	54
96	71
96	73
96	88
96	89
96	105
96	110
96	113
96	121
96	141
96	145
96	146
96	147
96	155
96	179
96	995
97	68
97	82
97	103
97	117
97	118
97	124
97	160
97	166
97	171
97	177
97	178
97	182
97	196
97	197
97	203
97	670
98	67
98	72
98	76
98	79
98	84
98	116
98	129
98	132
98	134
98	151
98	161
98	166
98	168
98	182
98	183
98	185
99	22
99	44
99	74
99	81
99	83
99	109
99	120
99	132
99	139
99	147
99	151
99	162
99	176
99	190
99	191
99	196
100	52
100	58
100	126
100	138
100	156
100	158
100	160
100	172
100	177
100	178
100	189
100	193
100	200
100	202
100	203
100	538
101	34
101	39
101	44
101	77
101	114
101	124
101	165
101	169
101	173
101	174
101	177
101	189
101	196
101	202
101	203
101	424
102	1
102	57
102	78
102	103
102	113
102	127
102	137
102	143
102	161
102	167
102	168
102	170
102	175
102	184
102	187
102	198
103	41
103	65
103	97
103	102
103	121
103	126
103	152
103	158
103	168
103	182
103	192
103	193
103	197
103	200
103	202
103	675
104	19
104	81
104	89
104	119
104	136
104	139
104	143
104	161
104	166
104	168
104	170
104	184
104	185
104	187
104	190
104	194
104	558
105	1
105	4
105	46
105	68
105	88
105	96
105	110
105	119
105	122
105	126
105	154
105	158
105	168
105	186
105	192
105	194
105	474
106	6
106	36
106	39
106	52
106	87
106	112
106	123
106	128
106	135
106	151
106	156
106	163
106	172
106	175
106	176
106	180
106	416
107	12
107	48
107	65
107	67
107	109
107	122
107	144
107	147
107	150
107	155
107	167
107	175
107	177
107	196
107	199
107	200
107	577
108	55
108	56
108	91
108	114
108	116
108	122
108	143
108	149
108	157
108	169
108	172
108	182
108	186
108	187
108	196
108	199
108	427
109	16
109	78
109	87
109	99
109	107
109	124
109	127
109	131
109	132
109	162
109	163
109	174
109	176
109	184
109	187
109	190
109	873
110	48
110	71
110	74
110	96
110	105
110	127
110	135
110	152
110	153
110	154
110	156
110	160
110	165
110	166
110	188
110	195
110	201
111	10
111	22
111	24
111	48
111	55
111	60
111	66
111	114
111	121
111	137
111	139
111	158
111	164
111	183
111	196
111	200
111	422
112	106
112	117
112	130
112	131
112	139
112	149
112	151
112	155
112	159
112	165
112	166
112	174
112	176
112	179
112	180
112	190
112	448
113	18
113	58
113	70
113	78
113	79
113	82
113	96
113	102
113	137
113	141
113	147
113	148
113	156
113	177
113	188
113	195
113	202
114	11
114	29
114	101
114	108
114	111
114	122
114	147
114	159
114	160
114	171
114	182
114	183
114	188
114	199
114	200
114	201
114	571
115	29
115	33
115	46
115	75
115	82
115	94
115	142
115	144
115	160
115	161
115	173
115	183
115	189
115	192
115	193
115	194
115	198
115	321
116	10
116	45
116	66
116	69
116	83
116	91
116	98
116	108
116	152
116	154
116	160
116	166
116	178
116	181
116	197
116	199
116	203
116	959
117	42
117	48
117	56
117	67
117	97
117	112
117	120
117	123
117	133
117	164
117	168
117	173
117	174
117	177
117	192
117	193
117	203
117	395
118	22
118	87
118	90
118	97
118	120
118	123
118	128
118	131
118	136
118	139
118	147
118	148
118	162
118	172
118	179
118	195
118	198
118	646
119	26
119	84
119	92
119	104
119	105
119	126
119	137
119	138
119	140
119	154
119	157
119	165
119	188
119	191
119	194
119	195
119	201
119	559
120	3
120	52
120	90
120	99
120	117
120	118
120	129
120	130
120	132
120	172
120	175
120	176
120	178
120	179
120	180
120	192
120	201
120	760
121	12
121	47
121	95
121	96
121	103
121	111
121	122
121	141
121	147
121	150
121	151
121	159
121	164
121	183
121	191
121	197
121	199
121	200
121	723
122	53
122	55
122	83
122	86
122	105
122	107
122	108
122	114
122	121
122	125
122	127
122	143
122	144
122	155
122	164
122	181
122	190
122	200
122	396
123	106
123	117
123	118
123	132
123	133
123	139
123	152
123	163
123	166
123	172
123	176
123	177
123	179
123	180
123	181
123	186
123	187
123	191
123	767
124	2
124	8
124	39
124	49
124	76
124	88
124	92
124	97
124	101
124	109
124	129
124	144
124	160
124	173
124	174
124	181
124	200
124	201
124	203
125	14
125	26
125	50
125	78
125	84
125	89
125	122
125	141
125	148
125	153
125	154
125	160
125	167
125	169
125	175
125	183
125	186
125	195
125	200
125	392
126	14
126	63
126	67
126	100
126	103
126	105
126	119
126	158
126	174
126	176
126	178
126	181
126	182
126	192
126	193
126	195
126	197
126	202
126	203
126	688
127	5
127	42
127	64
127	75
127	102
127	109
127	110
127	122
127	158
127	161
127	167
127	184
127	185
127	189
127	192
127	194
127	198
127	201
127	203
127	640
128	6
128	15
128	28
128	81
128	106
128	118
128	138
128	152
128	159
128	162
128	163
128	168
128	173
128	179
128	187
128	190
128	191
128	197
128	203
128	715
129	73
129	98
129	120
129	124
129	132
129	134
129	150
129	161
129	167
129	177
129	183
129	185
129	189
129	191
129	194
129	196
129	198
129	200
129	201
129	977
130	3
130	13
130	25
130	35
130	80
130	82
130	87
130	112
130	120
130	170
130	171
130	172
130	176
130	178
130	179
130	180
130	189
130	190
130	196
130	795
131	6
131	28
131	59
131	62
131	87
131	94
131	109
131	112
131	118
131	132
131	138
131	141
131	146
131	173
131	180
131	190
131	192
131	195
131	197
131	432
132	6
132	25
132	47
132	68
132	73
132	98
132	99
132	109
132	120
132	123
132	129
132	131
132	148
132	163
132	172
132	176
132	180
132	185
132	190
132	488
133	7
133	17
133	33
133	50
133	68
133	70
133	74
133	88
133	95
133	117
133	123
133	140
133	145
133	156
133	165
133	167
133	187
133	188
133	190
133	490
134	17
134	22
134	33
134	60
134	72
134	79
134	86
134	87
134	92
134	98
134	129
134	136
134	161
134	180
134	184
134	187
134	189
134	194
134	200
134	201
134	390
135	10
135	28
135	36
135	38
135	53
135	66
135	78
135	89
135	94
135	95
135	106
135	110
135	139
135	153
135	155
135	169
135	175
135	182
135	196
135	199
135	302
136	29
136	50
136	62
136	66
136	104
136	118
136	134
136	138
136	142
136	144
136	163
136	167
136	168
136	170
136	172
136	176
136	187
136	189
136	197
136	198
136	480
137	12
137	53
137	54
137	63
137	64
137	82
137	83
137	85
137	90
137	93
137	102
137	111
137	113
137	119
137	144
137	153
137	157
137	171
137	186
137	193
137	945
138	3
138	40
138	100
138	119
138	128
138	131
138	136
138	150
138	151
138	157
138	162
138	163
138	165
138	172
138	176
138	179
138	180
138	190
138	191
138	199
138	307
139	8
139	89
139	90
139	99
139	104
139	111
139	112
139	118
139	123
139	135
139	151
139	153
139	155
139	161
139	162
139	168
139	176
139	179
139	180
139	190
139	191
139	400
140	17
140	19
140	20
140	24
140	40
140	48
140	93
140	119
140	133
140	143
140	153
140	162
140	165
140	171
140	186
140	187
140	188
140	194
140	195
140	201
140	203
140	611
141	3
141	39
141	48
141	50
141	61
141	64
141	74
141	84
141	96
141	113
141	121
141	125
141	131
141	157
141	158
141	159
141	161
141	168
141	172
141	186
141	195
141	438
142	5
142	13
142	29
142	53
142	58
142	115
142	136
142	144
142	163
142	164
142	167
142	168
142	169
142	170
142	173
142	183
142	184
142	194
142	198
142	201
142	202
142	440
143	38
143	40
143	45
143	55
143	60
143	95
143	102
143	104
143	108
143	122
143	140
143	155
143	163
143	165
143	171
143	175
143	182
143	186
143	189
143	199
143	201
143	441
143	759
144	7
144	9
144	27
144	79
144	107
144	115
144	122
144	124
144	136
144	137
144	142
144	152
144	158
144	167
144	170
144	184
144	187
144	188
144	189
144	193
144	194
144	198
144	985
145	26
145	35
145	50
145	58
145	68
145	77
145	96
145	133
145	146
145	156
145	159
145	164
145	172
145	179
145	182
145	186
145	188
145	195
145	197
145	198
145	200
145	202
145	203
145	654
146	20
146	31
146	37
146	55
146	58
146	61
146	70
146	77
146	82
146	93
146	96
146	131
146	145
146	153
146	163
146	165
146	173
146	188
146	192
146	193
146	201
146	202
146	754
146	825
147	12
147	22
147	38
147	52
147	56
147	65
147	71
147	96
147	99
147	107
147	113
147	114
147	118
147	121
147	169
147	171
147	174
147	175
147	184
147	196
147	199
147	200
147	479
147	615
148	3
148	21
148	32
148	42
148	47
148	56
148	72
148	113
148	118
148	125
148	132
148	152
148	159
148	160
148	161
148	166
148	173
148	174
148	177
148	178
148	192
148	197
148	203
148	291
149	43
149	51
149	60
149	77
149	86
149	87
149	91
149	94
149	108
149	112
149	151
149	152
149	156
149	157
149	159
149	164
149	171
149	175
149	178
149	182
149	188
149	196
149	199
149	262
149	453
150	5
150	30
150	39
150	43
150	45
150	49
150	60
150	71
150	94
150	107
150	121
150	129
150	138
150	153
150	160
150	164
150	169
150	171
150	175
150	182
150	186
150	191
150	196
150	200
150	769
151	3
151	32
151	57
151	98
151	99
151	106
151	112
151	121
151	138
151	139
151	149
151	156
151	162
151	163
151	165
151	168
151	171
151	172
151	173
151	176
151	179
151	180
151	188
151	190
151	191
151	971
152	34
152	40
152	83
152	85
152	103
152	110
152	116
152	123
152	128
152	144
152	148
152	149
152	166
152	173
152	174
152	175
152	177
152	180
152	183
152	191
152	192
152	197
152	198
152	202
152	203
152	812
153	46
153	48
153	63
153	65
153	66
153	82
153	85
153	91
153	110
153	125
153	135
153	137
153	139
153	140
153	146
153	150
153	154
153	156
153	173
153	186
153	188
153	196
153	198
153	199
153	763
153	978
154	19
154	31
154	34
154	61
154	70
154	88
154	105
154	110
154	116
154	119
154	125
154	153
154	157
154	165
154	173
154	177
154	180
154	182
154	186
154	188
154	190
154	191
154	195
154	197
154	267
154	384
155	16
155	27
155	45
155	64
155	68
155	71
155	86
155	94
155	96
155	107
155	112
155	122
155	135
155	139
155	143
155	157
155	169
155	171
155	175
155	178
155	182
155	190
155	196
155	200
155	443
155	649
156	17
156	24
156	26
156	46
156	59
156	68
156	77
156	78
156	79
156	87
156	88
156	100
156	106
156	110
156	113
156	133
156	145
156	149
156	151
156	153
156	157
156	177
156	180
156	184
156	188
156	196
156	234
157	14
157	20
157	47
157	48
157	57
157	64
157	70
157	73
157	82
157	108
157	119
157	137
157	138
157	141
157	149
157	154
157	155
157	156
157	161
157	165
157	180
157	186
157	188
157	194
157	195
157	442
157	687
158	18
158	27
158	49
158	82
158	100
158	103
158	105
158	111
158	126
158	127
158	141
158	144
158	160
158	163
158	165
158	166
158	173
158	177
158	181
158	191
158	192
158	193
158	196
158	197
158	198
158	202
158	465
159	10
159	23
159	37
159	38
159	47
159	55
159	56
159	65
159	73
159	112
159	114
159	121
159	128
159	141
159	145
159	148
159	149
159	163
159	171
159	175
159	178
159	181
159	189
159	196
159	199
159	200
159	737
160	5
160	21
160	45
160	65
160	72
160	92
160	95
160	97
160	100
160	110
160	114
160	115
160	116
160	124
160	125
160	148
160	150
160	158
160	166
160	174
160	177
160	178
160	179
160	192
160	193
160	199
160	398
160	655
161	9
161	30
161	35
161	57
161	91
161	98
161	102
161	104
161	115
161	127
161	129
161	134
161	139
161	141
161	148
161	157
161	170
161	183
161	184
161	185
161	188
161	189
161	194
161	198
161	199
161	201
161	202
161	203
161	430
162	8
162	16
162	38
162	57
162	58
162	59
162	66
162	86
162	90
162	99
162	109
162	118
162	128
162	138
162	139
162	140
162	151
162	163
162	165
162	172
162	180
162	184
162	190
162	191
162	193
162	198
162	201
162	303
162	738
163	13
163	16
163	28
163	43
163	64
163	80
163	93
163	106
163	109
163	123
163	128
163	132
163	136
163	138
163	142
163	143
163	146
163	151
163	158
163	159
163	162
163	172
163	173
163	179
163	191
163	195
163	200
163	201
163	467
164	11
164	22
164	23
164	30
164	37
164	62
164	69
164	70
164	83
164	86
164	111
164	117
164	121
164	122
164	142
164	145
164	149
164	150
164	169
164	171
164	176
164	181
164	184
164	196
164	197
164	198
164	199
164	200
164	779
165	14
165	15
165	17
165	32
165	50
165	57
165	58
165	70
165	84
165	85
165	88
165	93
165	101
165	110
165	112
165	119
165	133
165	138
165	140
165	143
165	146
165	151
165	154
165	157
165	158
165	162
165	190
165	197
165	676
166	8
166	16
166	18
166	21
166	27
166	28
166	34
166	45
166	50
166	90
166	97
166	98
166	104
166	110
166	112
166	116
166	123
166	148
166	152
166	158
166	160
166	174
166	178
166	180
166	192
166	193
166	197
166	202
166	203
166	214
167	24
167	33
167	36
167	79
167	90
167	91
167	92
167	102
167	107
167	125
167	127
167	129
167	133
167	136
167	142
167	144
167	168
167	170
167	173
167	176
167	179
167	183
167	185
167	194
167	196
167	198
167	199
167	201
167	202
167	453
168	2
168	22
168	25
168	29
168	62
168	76
168	98
168	102
168	103
168	104
168	105
168	117
168	128
168	136
168	139
168	141
168	142
168	151
168	167
168	170
168	172
168	184
168	185
168	187
168	189
168	194
168	196
168	198
168	201
168	202
168	513
169	15
169	23
169	30
169	41
169	43
169	45
169	53
169	67
169	70
169	91
169	101
169	108
169	125
169	135
169	142
169	147
169	150
169	155
169	164
169	171
169	180
169	182
169	186
169	194
169	195
169	196
169	199
169	200
169	201
169	413
169	746
170	4
170	18
170	25
170	37
170	57
170	75
170	79
170	81
170	89
170	95
170	102
170	104
170	130
170	136
170	142
170	144
170	161
170	167
170	168
170	172
170	174
170	178
170	180
170	183
170	184
170	186
170	187
170	189
170	193
170	198
170	697
171	22
171	27
171	45
171	51
171	61
171	71
171	83
171	95
171	97
171	114
171	130
171	137
171	140
171	143
171	147
171	149
171	150
171	151
171	155
171	159
171	164
171	169
171	174
171	176
171	182
171	187
171	190
171	196
171	197
171	199
171	200
171	481
172	9
172	15
172	20
172	28
172	68
172	80
172	87
172	100
172	106
172	108
172	118
172	120
172	123
172	130
172	132
172	136
172	138
172	141
172	145
172	151
172	162
172	163
172	168
172	170
172	174
172	176
172	179
172	190
172	191
172	194
172	203
172	952
173	18
173	26
173	27
173	31
173	40
173	83
173	101
173	115
173	117
173	124
173	128
173	131
173	142
173	146
173	148
173	151
173	152
173	153
173	154
173	158
173	163
173	167
173	174
173	177
173	178
173	181
173	192
173	197
173	202
173	203
173	435
173	906
174	2
174	24
174	26
174	34
174	58
174	66
174	72
174	79
174	81
174	87
174	101
174	109
174	112
174	117
174	124
174	126
174	147
174	148
174	152
174	160
174	166
174	170
174	171
174	172
174	173
174	177
174	181
174	185
174	192
174	197
174	203
174	438
175	6
175	22
175	23
175	30
175	37
175	49
175	53
175	72
175	94
175	102
175	106
175	107
175	120
175	125
175	135
175	143
175	147
175	149
175	150
175	152
175	155
175	159
175	180
175	181
175	182
175	186
175	192
175	196
175	199
175	200
175	201
175	706
175	742
176	32
176	42
176	55
176	59
176	60
176	80
176	90
176	99
176	106
176	109
176	112
176	120
176	123
176	126
176	130
176	132
176	136
176	138
176	139
176	151
176	164
176	167
176	171
176	172
176	179
176	181
176	183
176	185
176	188
176	190
176	191
176	193
176	202
176	432
177	1
177	11
177	31
177	56
177	63
177	72
177	73
177	86
177	92
177	97
177	100
177	101
177	107
177	113
177	117
177	123
177	129
177	148
177	152
177	154
177	156
177	158
177	160
177	173
177	174
177	178
177	181
177	187
177	193
177	196
177	202
177	203
177	920
177	995
178	23
178	25
178	39
178	40
178	66
178	69
178	74
178	75
178	84
178	92
178	97
178	100
178	116
178	120
178	126
178	130
178	148
178	149
178	155
178	159
178	160
178	166
178	170
178	173
178	177
178	185
178	189
178	192
178	193
178	197
178	199
178	202
178	203
178	290
179	13
179	15
179	26
179	42
179	43
179	55
179	59
179	63
179	76
179	90
179	96
179	112
179	118
179	120
179	123
179	128
179	130
179	138
179	139
179	145
179	151
179	160
179	163
179	167
179	172
179	176
179	188
179	190
179	191
179	192
179	195
179	196
179	203
179	457
179	639
180	11
180	13
180	15
180	28
180	32
180	59
180	62
180	80
180	95
180	106
180	112
180	120
180	123
180	130
180	131
180	132
180	134
180	138
180	139
180	151
180	152
180	154
180	156
180	157
180	162
180	166
180	169
180	170
180	175
180	189
180	190
180	191
180	198
180	335
180	374
181	1
181	7
181	10
181	39
181	41
181	49
181	79
181	83
181	87
181	90
181	92
181	116
181	122
181	123
181	124
181	126
181	158
181	159
181	164
181	173
181	174
181	175
181	176
181	177
181	185
181	186
181	192
181	193
181	197
181	198
181	201
181	202
181	203
181	633
181	1000
182	3
182	11
182	30
182	33
182	36
182	51
182	61
182	71
182	72
182	77
182	86
182	91
182	97
182	98
182	103
182	108
182	114
182	126
182	135
182	143
182	145
182	149
182	150
182	154
182	155
182	169
182	171
182	175
182	194
182	196
182	199
182	200
182	203
182	850
182	983
183	14
183	19
183	21
183	32
183	62
183	67
183	75
183	76
183	81
183	82
183	88
183	93
183	98
183	111
183	114
183	115
183	121
183	125
183	129
183	142
183	152
183	161
183	167
183	170
183	176
183	184
183	186
183	187
183	189
183	194
183	198
183	201
183	202
183	430
183	458
184	4
184	5
184	8
184	19
184	21
184	26
184	40
184	62
184	64
184	79
184	81
184	82
184	94
184	102
184	104
184	109
184	127
184	134
184	142
184	144
184	147
184	156
184	161
184	162
184	164
184	168
184	170
184	183
184	187
184	188
184	191
184	194
184	198
184	201
184	494
184	817
185	5
185	6
185	9
185	11
185	21
185	29
185	33
185	34
185	44
185	48
185	57
185	59
185	72
185	73
185	76
185	79
185	81
185	98
185	104
185	127
185	129
185	132
185	161
185	167
185	168
185	174
185	176
185	178
185	181
185	188
185	189
185	194
185	200
185	201
185	811
185	977
186	4
186	12
186	30
186	35
186	63
186	64
186	68
186	82
186	85
186	88
186	89
186	105
186	108
186	123
186	125
186	137
186	140
186	141
186	143
186	145
186	150
186	153
186	154
186	157
186	169
186	170
186	175
186	181
186	183
186	188
186	193
186	195
186	199
186	200
186	202
186	619
186	987
187	6
187	8
187	19
187	21
187	33
187	36
187	43
187	44
187	60
187	67
187	75
187	76
187	83
187	102
187	104
187	108
187	109
187	123
187	128
187	133
187	134
187	136
187	140
187	144
187	168
187	170
187	171
187	177
187	183
187	184
187	189
187	194
187	195
187	198
187	201
187	652
187	845
188	7
188	11
188	14
188	31
188	35
188	50
188	77
188	78
188	84
188	110
188	113
188	114
188	119
188	133
188	140
188	144
188	145
188	146
188	149
188	151
188	153
188	154
188	156
188	157
188	161
188	176
188	179
188	184
188	185
188	186
188	189
188	195
188	198
188	199
188	200
188	663
188	927
189	1
189	7
189	25
189	36
189	62
189	67
189	71
189	73
189	76
189	85
189	94
189	100
189	101
189	115
189	127
189	129
189	130
189	134
189	136
189	143
189	144
189	159
189	161
189	168
189	170
189	178
189	180
189	183
189	185
189	187
189	188
189	192
189	193
189	194
189	198
189	201
189	203
189	249
190	3
190	14
190	16
190	32
190	43
190	70
190	80
190	87
190	88
190	93
190	99
190	104
190	109
190	112
190	122
190	128
190	130
190	131
190	132
190	133
190	138
190	139
190	151
190	154
190	155
190	162
190	165
190	171
190	172
190	176
190	179
190	180
190	192
190	195
190	198
190	200
190	201
190	273
190	462
191	6
191	13
191	16
191	28
191	32
191	43
191	51
191	56
191	59
191	69
191	80
191	86
191	87
191	90
191	99
191	119
191	121
191	123
191	128
191	129
191	138
191	139
191	150
191	151
191	152
191	154
191	158
191	162
191	163
191	172
191	176
191	179
191	180
191	184
191	192
191	198
191	203
191	423
191	454
192	1
192	2
192	12
192	23
192	41
192	44
192	49
192	51
192	57
192	72
192	76
192	103
192	105
192	115
192	117
192	120
192	126
192	127
192	131
192	146
192	148
192	152
192	158
192	160
192	166
192	173
192	174
192	175
192	178
192	179
192	181
192	189
192	190
192	191
192	193
192	197
192	202
192	477
192	963
193	27
193	29
193	38
193	39
193	40
193	41
193	52
193	53
193	56
193	69
193	76
193	78
193	83
193	92
193	100
193	103
193	115
193	117
193	126
193	137
193	144
193	146
193	158
193	160
193	162
193	166
193	170
193	176
193	177
193	178
193	181
193	186
193	189
193	192
193	194
193	197
193	198
193	203
193	692
193	922
194	8
194	25
194	60
194	61
194	62
194	65
194	73
194	80
194	81
194	85
194	88
194	104
194	105
194	115
194	119
194	127
194	129
194	134
194	140
194	142
194	144
194	157
194	161
194	167
194	168
194	169
194	172
194	182
194	183
194	184
194	185
194	187
194	189
194	193
194	195
194	198
194	201
194	203
194	386
194	998
195	4
195	12
195	13
195	20
195	24
195	26
195	28
195	35
195	39
195	52
195	61
195	68
195	70
195	79
195	82
195	85
195	89
195	93
195	94
195	110
195	113
195	118
195	119
195	125
195	126
195	131
195	140
195	141
195	145
195	154
195	157
195	163
195	169
195	179
195	186
195	187
195	188
195	190
195	194
195	197
195	201
195	274
195	446
196	11
196	16
196	19
196	22
196	38
196	41
196	47
196	51
196	53
196	55
196	65
196	71
196	77
196	94
196	97
196	99
196	101
196	107
196	108
196	111
196	129
196	130
196	135
196	147
196	149
196	150
196	153
196	155
196	156
196	158
196	159
196	164
196	167
196	168
196	169
196	171
196	175
196	177
196	179
196	182
196	201
196	203
196	421
196	486
197	2
197	7
197	27
197	42
197	44
197	50
197	52
197	61
197	66
197	69
197	74
197	75
197	85
197	89
197	92
197	97
197	103
197	116
197	121
197	126
197	128
197	131
197	136
197	145
197	148
197	152
197	154
197	158
197	164
197	165
197	166
197	171
197	173
197	174
197	178
197	181
197	192
197	193
197	195
197	201
197	202
197	203
197	226
197	574
197	994
198	5
198	9
198	19
198	28
198	30
198	34
198	36
198	67
198	73
198	76
198	92
198	102
198	115
198	118
198	127
198	129
198	136
198	142
198	144
198	145
198	152
198	153
198	158
198	161
198	162
198	164
198	167
198	168
198	170
198	180
198	181
198	183
198	184
198	187
198	188
198	189
198	190
198	191
198	193
198	194
198	199
198	201
198	428
198	483
198	916
199	11
199	13
199	15
199	19
199	23
199	30
199	36
199	47
199	51
199	53
199	65
199	77
199	84
199	86
199	90
199	91
199	93
199	94
199	107
199	108
199	114
199	116
199	121
199	135
199	138
199	143
199	147
199	149
199	153
199	159
199	160
199	161
199	164
199	167
199	169
199	171
199	175
199	178
199	182
199	186
199	188
199	198
199	200
199	202
199	225
199	621
200	9
200	10
200	11
200	15
200	35
200	37
200	38
200	44
200	45
200	47
200	55
200	60
200	65
200	78
200	86
200	100
200	103
200	107
200	111
200	114
200	121
200	122
200	124
200	125
200	129
200	134
200	145
200	147
200	150
200	155
200	159
200	163
200	164
200	169
200	171
200	175
200	182
200	185
200	186
200	188
200	190
200	199
200	202
200	203
200	305
200	326
200	986
201	5
201	8
201	9
201	25
201	33
201	36
201	38
201	57
201	67
201	73
201	75
201	79
201	81
201	110
201	114
201	119
201	120
201	124
201	127
201	129
201	134
201	140
201	142
201	143
201	146
201	161
201	162
201	163
201	167
201	168
201	169
201	175
201	181
201	183
201	184
201	185
201	187
201	189
201	190
201	194
201	195
201	196
201	197
201	198
201	202
201	216
201	464
202	1
202	2
202	4
202	9
202	17
202	21
202	34
202	37
202	39
202	40
202	42
202	44
202	52
202	56
202	62
202	65
202	69
202	72
202	73
202	92
202	100
202	101
202	103
202	113
202	126
202	142
202	145
202	146
202	152
202	158
202	161
202	166
202	167
202	168
202	173
202	176
202	177
202	178
202	181
202	183
202	186
202	192
202	197
202	199
202	200
202	201
202	203
202	514
202	668
203	1
203	7
203	18
203	20
203	27
203	30
203	33
203	35
203	42
203	44
203	46
203	49
203	56
203	69
203	72
203	85
203	88
203	97
203	100
203	101
203	116
203	117
203	124
203	126
203	127
203	128
203	140
203	145
203	148
203	152
203	161
203	166
203	172
203	173
203	174
203	177
203	178
203	179
203	181
203	182
203	189
203	191
203	193
203	194
203	196
203	197
203	200
203	202
203	388
203	716
204	242
204	373
204	378
204	446
204	448
204	462
204	480
204	485
204	486
204	595
205	223
205	304
205	384
205	415
205	417
205	443
205	446
205	458
205	466
205	489
206	239
206	245
206	324
206	340
206	343
206	408
206	410
206	416
206	482
206	489
207	310
207	346
207	364
207	367
207	474
207	482
207	488
207	489
207	490
207	949
208	228
208	241
208	361
208	374
208	416
208	418
208	467
208	477
208	481
208	483
209	282
209	389
209	440
209	454
209	456
209	461
209	465
209	468
209	484
209	488
210	243
210	259
210	340
210	413
210	430
210	444
210	461
210	464
210	484
210	491
211	241
211	370
211	373
211	413
211	420
211	430
211	445
211	454
211	484
211	991
212	318
212	432
212	441
212	447
212	452
212	457
212	483
212	484
212	489
212	844
213	339
213	355
213	386
213	393
213	439
213	449
213	459
213	482
213	490
213	660
214	166
214	428
214	448
214	462
214	467
214	470
214	475
214	485
214	486
215	230
215	242
215	295
215	323
215	349
215	370
215	399
215	420
215	488
215	502
216	201
216	390
216	400
216	402
216	424
216	454
216	465
216	481
216	484
216	488
217	339
217	358
217	395
217	421
217	422
217	452
217	454
217	464
217	481
217	483
218	282
218	294
218	363
218	373
218	396
218	405
218	407
218	464
218	474
218	477
219	284
219	297
219	375
219	378
219	415
219	422
219	457
219	466
219	467
219	483
220	271
220	341
220	346
220	355
220	410
220	415
220	441
220	449
220	463
220	480
221	254
221	258
221	263
221	338
221	387
221	411
221	424
221	456
221	457
221	483
222	282
222	320
222	404
222	417
222	424
222	468
222	472
222	484
222	487
222	572
223	205
223	310
223	355
223	390
223	408
223	414
223	459
223	460
223	473
223	490
224	246
224	324
224	335
224	353
224	364
224	393
224	402
224	427
224	441
224	478
225	199
225	249
225	270
225	354
225	386
225	399
225	407
225	409
225	466
225	476
226	197
226	299
226	347
226	363
226	390
226	419
226	468
226	472
226	474
226	477
227	230
227	341
227	374
227	436
227	461
227	464
227	469
227	484
227	487
227	488
228	208
228	293
228	301
228	348
228	428
228	456
228	464
228	467
228	477
228	481
229	305
229	377
229	389
229	406
229	436
229	453
229	472
229	478
229	479
229	821
230	215
230	227
230	257
230	293
230	320
230	349
230	362
230	373
230	487
230	576
231	288
231	326
231	361
231	367
231	404
231	451
231	473
231	482
231	489
231	490
232	25
232	282
232	419
232	425
232	433
232	434
232	471
232	474
232	475
232	482
233	324
233	403
233	406
233	425
233	444
233	453
233	458
233	472
233	478
233	479
234	156
234	267
234	329
234	392
234	433
234	446
234	452
234	470
234	480
234	486
235	298
235	419
235	435
235	471
235	474
235	475
235	480
235	481
235	483
235	617
236	278
236	279
236	347
236	397
236	427
236	429
236	443
236	470
236	475
236	491
237	271
237	324
237	358
237	362
237	380
237	455
237	457
237	466
237	469
237	998
238	290
238	365
238	386
238	417
238	424
238	454
238	470
238	476
238	491
238	692
239	206
239	421
239	422
239	451
239	455
239	468
239	482
239	488
239	489
239	490
240	248
240	334
240	344
240	373
240	380
240	396
240	403
240	427
240	474
240	475
241	208
241	211
241	337
241	351
241	414
241	425
241	442
241	456
241	464
241	469
242	204
242	215
242	244
242	278
242	330
242	331
242	344
242	346
242	376
242	385
242	996
243	210
243	252
243	293
243	313
243	406
243	424
243	454
243	462
243	468
243	475
243	479
244	242
244	261
244	287
244	349
244	399
244	411
244	429
244	443
244	447
244	466
244	938
245	206
245	266
245	300
245	364
245	397
245	426
245	453
245	455
245	472
245	479
245	490
246	224
246	312
246	318
246	361
246	371
246	400
246	458
246	463
246	473
246	482
246	490
247	312
247	365
247	376
247	377
247	386
247	449
247	455
247	463
247	482
247	489
247	991
248	240
248	262
248	281
248	345
248	376
248	421
248	428
248	460
248	466
248	476
248	836
249	189
249	225
249	280
249	293
249	320
249	345
249	404
249	465
249	474
249	475
249	477
250	263
250	415
250	434
250	448
250	470
250	473
250	474
250	480
250	485
250	486
250	744
251	271
251	276
251	277
251	302
251	375
251	397
251	425
251	453
251	459
251	466
251	484
252	243
252	316
252	328
252	332
252	338
252	354
252	380
252	407
252	476
252	491
252	848
253	322
253	399
253	421
253	426
253	440
253	445
253	458
253	463
253	478
253	479
253	697
254	221
254	304
254	364
254	416
254	436
254	463
254	470
254	480
254	485
254	486
254	757
255	294
255	368
255	393
255	444
255	453
255	457
255	459
255	460
255	465
255	471
255	842
256	265
256	344
256	350
256	447
256	456
256	467
256	469
256	481
256	483
256	486
256	487
257	230
257	261
257	317
257	418
257	420
257	439
257	449
257	451
257	463
257	489
257	490
258	221
258	317
258	330
258	359
258	401
258	403
258	405
258	425
258	465
258	471
258	485
259	210
259	262
259	349
259	392
259	400
259	428
259	434
259	452
259	461
259	484
259	488
260	292
260	313
260	341
260	400
260	414
260	415
260	424
260	426
260	479
260	490
260	824
261	244
261	257
261	332
261	366
261	389
261	396
261	430
261	474
261	487
261	488
261	905
262	149
262	248
262	259
262	277
262	286
262	321
262	376
262	411
262	443
262	457
262	481
263	221
263	250
263	323
263	410
263	432
263	442
263	454
263	465
263	469
263	481
263	813
264	266
264	293
264	300
264	319
264	332
264	409
264	453
264	459
264	461
264	466
264	468
264	488
265	256
265	273
265	288
265	368
265	402
265	412
265	453
265	455
265	460
265	485
265	488
265	846
266	245
266	264
266	279
266	324
266	335
266	357
266	382
266	413
266	440
266	455
266	459
266	481
267	154
267	234
267	333
267	340
267	409
267	424
267	437
267	461
267	466
267	468
267	484
267	487
268	337
268	348
268	364
268	402
268	403
268	432
268	437
268	464
268	469
268	478
268	483
268	896
269	333
269	340
269	344
269	380
269	419
269	425
269	443
269	461
269	465
269	471
269	474
269	477
270	225
270	282
270	285
270	349
270	371
270	435
270	465
270	471
270	474
270	475
270	477
270	831
271	220
271	237
271	251
271	289
271	294
271	374
271	401
271	402
271	460
271	469
271	470
271	579
272	330
272	353
272	397
272	403
272	404
272	405
272	433
272	435
272	449
272	465
272	475
272	487
273	190
273	265
273	316
273	344
273	353
273	358
273	368
273	423
273	427
273	453
273	464
273	489
274	195
274	317
274	352
274	379
274	385
274	421
274	427
274	443
274	449
274	460
274	476
274	491
275	290
275	315
275	327
275	331
275	338
275	367
275	447
275	454
275	466
275	473
275	483
275	491
276	251
276	294
276	347
276	381
276	396
276	402
276	412
276	448
276	455
276	460
276	491
276	593
277	70
277	251
277	262
277	319
277	360
277	433
277	448
277	462
277	465
277	480
277	485
277	486
278	236
278	242
278	297
278	383
278	415
278	427
278	430
278	437
278	452
278	456
278	461
278	476
278	491
279	236
279	266
279	338
279	345
279	398
279	418
279	438
279	442
279	447
279	456
279	467
279	469
279	481
280	249
280	319
280	342
280	403
280	405
280	425
280	435
280	436
280	451
280	456
280	475
280	482
280	485
281	248
281	295
281	323
281	324
281	340
281	367
281	390
281	398
281	439
281	451
281	459
281	489
281	620
282	209
282	218
282	222
282	232
282	270
282	311
282	385
282	396
282	404
282	465
282	470
282	471
282	477
283	320
283	352
283	382
283	398
283	425
283	428
283	436
283	450
283	470
283	480
283	481
283	485
283	809
284	219
284	380
284	394
284	414
284	422
284	432
284	442
284	456
284	458
284	476
284	481
284	482
284	483
285	270
285	324
285	391
285	397
285	404
285	426
285	445
285	458
285	472
285	478
285	479
285	482
285	483
286	262
286	302
286	311
286	364
286	371
286	404
286	443
286	446
286	466
286	476
286	487
286	491
286	507
287	244
287	308
287	331
287	363
287	386
287	391
287	411
287	429
287	437
287	438
287	490
287	491
287	628
288	231
288	265
288	293
288	305
288	309
288	314
288	342
288	451
288	460
288	473
288	475
288	486
288	490
289	271
289	329
289	336
289	368
289	374
289	381
289	383
289	422
289	451
289	453
289	455
289	459
289	460
290	178
290	238
290	275
290	315
290	370
290	421
290	429
290	443
290	444
290	455
290	478
290	481
290	491
291	148
291	319
291	328
291	382
291	442
291	453
291	457
291	464
291	467
291	469
291	473
291	483
291	488
292	260
292	383
292	392
292	424
292	448
292	450
292	462
292	464
292	472
292	480
292	485
292	486
292	490
293	228
293	230
293	243
293	249
293	264
293	288
293	362
293	378
293	381
293	431
293	454
293	471
293	487
294	218
294	255
294	271
294	276
294	302
294	324
294	335
294	397
294	405
294	439
294	459
294	485
294	491
295	215
295	281
295	318
295	338
295	348
295	410
295	446
295	451
295	471
295	473
295	478
295	482
295	489
295	490
296	299
296	325
296	336
296	361
296	378
296	429
296	444
296	445
296	472
296	477
296	478
296	479
296	483
296	782
297	77
297	219
297	278
297	351
297	359
297	371
297	396
297	404
297	419
297	442
297	471
297	475
297	477
297	478
298	235
298	299
298	331
298	396
298	403
298	419
298	434
298	458
298	459
298	475
298	477
298	478
298	486
298	866
299	226
299	296
299	298
299	346
299	368
299	373
299	377
299	404
299	425
299	441
299	449
299	471
299	477
299	819
300	245
300	264
300	311
300	312
300	324
300	357
300	393
300	455
300	459
300	460
300	482
300	489
300	491
300	632
301	228
301	310
301	314
301	353
301	374
301	393
301	397
301	412
301	429
301	453
301	455
301	463
301	476
301	828
302	135
302	251
302	286
302	294
302	321
302	342
302	358
302	376
302	377
302	393
302	397
302	454
302	459
302	460
303	162
303	306
303	326
303	363
303	388
303	392
303	433
303	436
303	450
303	476
303	480
303	485
303	486
303	488
304	205
304	254
304	338
304	343
304	377
304	389
304	401
304	426
304	447
304	458
304	472
304	478
304	479
304	792
305	200
305	229
305	288
305	320
305	363
305	383
305	398
305	414
305	420
305	439
305	463
305	473
305	482
305	489
306	303
306	340
306	355
306	369
306	389
306	398
306	406
306	441
306	444
306	445
306	458
306	472
306	478
306	479
307	138
307	334
307	372
307	382
307	388
307	390
307	408
307	429
307	432
307	433
307	447
307	464
307	469
307	483
308	287
308	322
308	328
308	350
308	401
308	402
308	406
308	426
308	471
308	472
308	478
308	479
308	490
308	669
309	288
309	310
309	321
309	397
309	432
309	449
309	451
309	463
309	468
309	480
309	482
309	490
309	491
309	958
310	207
310	223
310	301
310	309
310	327
310	351
310	390
310	404
310	412
310	447
310	463
310	482
310	489
310	800
311	282
311	286
311	300
311	365
311	367
311	379
311	383
311	433
311	450
311	462
311	470
311	485
311	486
311	656
312	246
312	247
312	300
312	336
312	381
312	396
312	410
312	439
312	463
312	466
312	473
312	474
312	489
312	501
313	243
313	260
313	357
313	372
313	383
313	387
313	389
313	392
313	409
313	424
313	434
313	468
313	487
313	488
314	288
314	301
314	335
314	337
314	376
314	377
314	388
314	398
314	463
314	471
314	482
314	489
314	490
314	639
315	275
315	290
315	339
315	407
315	437
315	460
315	466
315	467
315	468
315	474
315	479
315	486
315	491
315	671
316	252
316	273
316	335
316	353
316	362
316	374
316	382
316	402
316	405
316	423
316	445
316	453
316	455
316	485
316	680
317	257
317	258
317	274
317	365
317	382
317	410
317	427
317	439
317	449
317	473
317	480
317	482
317	489
317	490
317	815
318	212
318	246
318	295
318	343
318	383
318	388
318	423
318	426
318	428
318	443
318	448
318	451
318	463
318	473
318	490
319	264
319	277
319	280
319	291
319	321
319	381
319	408
319	419
319	420
319	424
319	434
319	461
319	474
319	475
319	484
320	222
320	230
320	249
320	283
320	305
320	332
320	400
320	430
320	440
320	452
320	468
320	470
320	488
320	490
320	942
321	115
321	262
321	302
321	309
321	319
321	326
321	386
321	394
321	400
321	414
321	420
321	448
321	455
321	461
321	484
322	253
322	308
322	361
322	406
322	425
322	441
322	444
322	458
322	459
322	472
322	482
322	483
322	487
322	489
322	681
323	215
323	263
323	281
323	393
323	412
323	426
323	430
323	434
323	440
323	454
323	468
323	485
323	487
323	488
323	605
324	92
324	206
324	224
324	233
324	237
324	266
324	281
324	285
324	294
324	300
324	332
324	357
324	416
324	459
324	460
325	296
325	393
325	401
325	405
325	429
325	441
325	445
325	455
325	458
325	467
325	472
325	478
325	479
325	484
325	673
326	200
326	231
326	303
326	321
326	332
326	370
326	419
326	420
326	426
326	464
326	468
326	476
326	484
326	487
326	488
327	275
327	310
327	341
327	346
327	368
327	377
327	410
327	427
327	453
327	463
327	473
327	489
327	490
327	491
327	816
328	252
328	291
328	308
328	354
328	360
328	373
328	376
328	427
328	443
328	457
328	466
328	476
328	488
328	491
328	887
329	234
329	289
329	341
329	360
329	407
329	409
329	419
329	425
329	435
329	465
329	471
329	474
329	475
329	477
329	484
330	242
330	258
330	272
330	359
330	377
330	421
330	435
330	448
330	454
330	463
330	465
330	472
330	474
330	475
330	477
330	840
331	242
331	275
331	287
331	298
331	345
331	350
331	384
331	421
331	437
331	439
331	459
331	467
331	471
331	486
331	491
331	784
332	252
332	261
332	264
332	320
332	324
332	326
332	357
332	366
332	381
332	388
332	412
332	414
332	432
332	434
332	448
332	454
333	267
333	269
333	351
333	383
333	399
333	420
333	424
333	433
333	448
333	457
333	462
333	470
333	477
333	480
333	485
333	486
334	240
334	307
334	369
334	387
334	409
334	422
334	438
334	450
334	452
334	453
334	464
334	467
334	481
334	487
334	489
334	664
335	180
335	224
335	266
335	294
335	314
335	316
335	362
335	374
335	407
335	423
335	431
335	432
335	438
335	453
335	457
335	460
336	289
336	296
336	312
336	348
336	366
336	390
336	409
336	412
336	413
336	431
336	434
336	435
336	461
336	484
336	487
336	488
337	241
337	268
337	314
337	378
337	400
337	438
337	450
337	452
337	456
337	457
337	462
337	481
337	483
337	487
337	490
337	768
338	221
338	252
338	275
338	279
338	295
338	304
338	339
338	344
338	354
338	392
338	407
338	411
338	420
338	429
338	437
338	476
339	36
339	213
339	217
339	315
339	338
339	345
339	385
339	411
339	419
339	421
339	435
339	437
339	446
339	456
339	474
339	491
340	206
340	210
340	267
340	269
340	281
340	306
340	398
340	412
340	439
340	459
340	462
340	463
340	473
340	482
340	489
340	699
341	220
341	227
341	260
341	327
341	329
341	400
341	408
341	420
341	431
341	438
341	450
341	461
341	468
341	483
341	487
341	627
342	280
342	288
342	302
342	348
342	359
342	373
342	402
342	403
342	419
342	434
342	446
342	458
342	471
342	474
342	475
342	705
343	206
343	304
343	318
343	354
343	388
343	396
343	398
343	416
343	439
343	449
343	467
343	471
343	473
343	488
343	489
343	490
343	592
344	240
344	242
344	256
344	269
344	273
344	338
344	379
344	405
344	435
344	452
344	465
344	471
344	474
344	475
344	477
344	484
344	583
345	248
345	249
345	279
345	331
345	339
345	367
345	415
345	429
345	446
345	466
345	471
345	476
345	478
345	482
345	487
345	490
345	629
346	207
346	220
346	242
346	299
346	327
346	352
346	353
346	379
346	401
346	402
346	449
346	451
346	482
346	489
346	490
346	491
346	830
347	226
347	236
347	276
347	373
347	395
347	405
347	435
347	443
347	448
347	458
347	459
347	465
347	471
347	474
347	475
347	477
347	678
348	228
348	268
348	295
348	336
348	342
348	365
348	382
348	395
348	418
348	447
348	449
348	452
348	456
348	462
348	469
348	484
348	993
349	215
349	230
349	244
349	259
349	270
349	360
349	370
349	414
349	424
349	434
349	449
349	452
349	456
349	472
349	480
349	488
349	635
350	256
350	308
350	331
350	372
350	401
350	417
350	420
350	426
350	441
350	444
350	461
350	467
350	472
350	478
350	479
350	480
350	686
351	241
351	297
351	310
351	333
351	365
351	383
351	399
351	442
351	450
351	462
351	463
351	470
351	480
351	483
351	485
351	486
351	704
352	274
352	283
352	346
352	355
352	356
352	372
352	392
352	413
352	426
352	445
352	458
352	470
352	472
352	478
352	479
352	485
352	838
353	224
353	272
353	273
353	301
353	316
353	346
353	364
353	368
353	375
353	400
353	423
353	429
353	443
353	448
353	455
353	457
353	459
354	225
354	252
354	328
354	338
354	343
354	384
354	390
354	410
354	411
354	417
354	430
354	446
354	466
354	472
354	476
354	477
354	495
355	213
355	220
355	223
355	306
355	352
355	385
355	390
355	410
355	438
355	439
355	443
355	449
355	456
355	482
355	486
355	490
355	969
356	352
356	357
356	395
356	406
356	427
356	436
356	441
356	444
356	445
356	458
356	460
356	462
356	472
356	473
356	478
356	479
356	741
357	266
357	300
357	313
357	324
357	332
357	356
357	362
357	364
357	368
357	412
357	416
357	423
357	439
357	442
357	459
357	460
357	470
358	32
358	217
358	237
358	273
358	302
358	368
358	372
358	374
358	378
358	402
358	419
358	423
358	428
358	431
358	455
358	460
358	473
359	26
359	258
359	297
359	330
359	342
359	377
359	402
359	405
359	417
359	447
359	453
359	471
359	473
359	474
359	475
359	477
359	481
360	277
360	328
360	329
360	349
360	366
360	413
360	422
360	430
360	431
360	438
360	454
360	470
360	484
360	486
360	487
360	488
360	857
361	208
361	231
361	246
361	296
361	322
361	384
361	391
361	426
361	440
361	441
361	445
361	458
361	465
361	472
361	475
361	478
361	479
361	584
362	230
362	237
362	293
362	316
362	335
362	357
362	374
362	375
362	421
362	423
362	453
362	455
362	460
362	472
362	478
362	488
362	491
362	987
363	218
363	226
363	287
363	303
363	305
363	399
363	410
363	416
363	428
363	436
363	441
363	462
363	470
363	480
363	483
363	485
363	486
363	823
364	207
364	224
364	245
364	254
364	268
364	286
364	353
364	357
364	393
364	402
364	406
364	412
364	414
364	435
364	453
364	455
364	459
364	653
365	238
365	247
365	311
365	317
365	348
365	351
365	418
365	436
365	448
365	450
365	462
365	463
365	470
365	477
365	480
365	485
365	486
365	781
366	261
366	332
366	336
366	360
366	378
366	396
366	408
366	427
366	430
366	440
366	444
366	451
366	454
366	465
366	482
366	487
366	488
366	725
367	207
367	231
367	275
367	281
367	311
367	345
367	385
367	391
367	407
367	417
367	427
367	437
367	443
367	466
367	474
367	489
367	491
367	662
368	255
368	265
368	273
368	289
368	299
368	327
368	353
368	357
368	358
368	406
368	431
368	453
368	455
368	459
368	468
368	475
368	488
368	761
369	306
369	334
369	380
369	396
369	418
369	422
369	432
369	442
369	452
369	456
369	462
369	480
369	481
369	482
369	483
369	486
369	489
369	680
370	211
370	215
370	290
370	326
370	349
370	398
370	417
370	420
370	440
370	442
370	444
370	454
370	461
370	468
370	472
370	484
370	485
370	666
371	246
371	270
371	286
371	297
371	376
371	386
371	407
371	424
371	427
371	429
371	430
371	446
371	448
371	461
371	464
371	466
371	476
371	491
371	671
372	307
372	313
372	350
372	352
372	358
372	376
372	389
372	406
372	441
372	444
372	445
372	451
372	459
372	461
372	469
372	472
372	478
372	479
372	681
373	7
373	204
373	211
373	218
373	230
373	240
373	299
373	328
373	342
373	347
373	396
373	404
373	419
373	429
373	465
373	470
373	471
373	477
373	485
374	180
374	208
374	227
374	271
374	289
374	301
374	316
374	335
374	358
374	362
374	397
374	398
374	402
374	404
374	423
374	424
374	445
374	453
374	465
375	219
375	251
375	353
375	362
375	390
375	393
375	397
375	402
375	406
375	412
375	423
375	435
375	455
375	457
375	459
375	460
375	477
375	479
375	485
376	242
376	247
376	248
376	262
376	302
376	314
376	328
376	371
376	372
376	385
376	411
376	422
376	443
376	446
376	476
376	481
376	484
376	491
376	924
377	24
377	229
377	247
377	299
377	302
377	304
377	314
377	327
377	330
377	359
377	379
377	388
377	390
377	413
377	439
377	449
377	463
377	473
377	490
378	76
378	204
378	219
378	293
378	296
378	337
378	358
378	366
378	389
378	395
378	418
378	442
378	452
378	456
378	457
378	467
378	469
378	480
378	490
379	274
379	311
379	344
379	346
379	377
379	390
379	398
379	410
379	411
379	425
379	437
379	449
379	451
379	463
379	467
379	468
379	473
379	489
379	868
380	237
380	240
380	252
380	269
380	284
380	369
380	382
380	401
380	429
380	442
380	456
380	457
380	464
380	467
380	469
380	481
380	483
380	491
380	876
381	39
381	276
381	289
381	293
381	312
381	319
381	332
381	394
381	403
381	408
381	409
381	420
381	423
381	431
381	440
381	442
381	444
381	454
381	455
382	266
382	283
382	291
382	307
382	316
382	317
382	348
382	380
382	390
382	408
382	452
382	457
382	460
382	464
382	467
382	469
382	480
382	481
382	483
382	613
383	278
383	289
383	292
383	305
383	311
383	313
383	318
383	333
383	351
383	440
383	448
383	450
383	451
383	462
383	470
383	480
383	481
383	485
383	486
383	687
384	154
384	205
384	331
384	354
384	361
384	400
384	401
384	415
384	421
384	427
384	432
384	437
384	439
384	446
384	462
384	465
384	466
384	467
384	476
384	491
385	242
385	274
385	282
385	339
385	355
385	367
385	376
385	393
385	395
385	417
385	427
385	437
385	446
385	457
385	469
385	470
385	476
385	484
385	491
385	778
386	194
386	213
386	225
386	238
386	247
386	287
386	321
386	371
386	394
386	401
386	407
386	411
386	437
386	446
386	466
386	476
386	477
386	478
386	483
386	491
387	221
387	313
387	334
387	418
387	422
387	423
387	429
387	438
387	443
387	444
387	452
387	457
387	464
387	467
387	473
387	475
387	481
387	483
387	488
387	667
388	203
388	303
388	307
388	314
388	318
388	332
388	343
388	377
388	397
388	432
388	449
388	451
388	457
388	463
388	473
388	475
388	480
388	482
388	489
388	490
389	209
389	229
389	261
389	304
389	306
389	313
389	372
389	378
389	391
389	426
389	442
389	444
389	445
389	446
389	453
389	458
389	472
389	478
389	482
389	818
390	134
390	216
390	223
390	226
390	281
390	307
390	310
390	336
390	354
390	355
390	375
390	377
390	379
390	382
390	441
390	449
390	451
390	473
390	489
390	490
391	285
391	287
391	361
391	367
391	389
391	401
391	421
391	426
391	430
391	433
391	444
391	445
391	447
391	449
391	454
391	458
391	472
391	478
391	479
391	798
392	125
392	234
392	259
392	292
392	303
392	313
392	338
392	352
392	408
392	416
392	428
392	430
392	433
392	434
392	436
392	437
392	462
392	470
392	480
392	485
392	486
393	213
393	224
393	255
393	300
393	301
393	302
393	323
393	325
393	364
393	375
393	385
393	397
393	402
393	412
393	423
393	429
393	448
393	460
393	479
393	484
393	815
394	284
394	321
394	381
394	386
394	408
394	409
394	411
394	413
394	414
394	431
394	446
394	454
394	461
394	464
394	465
394	467
394	468
394	469
394	487
394	488
394	658
395	117
395	217
395	347
395	348
395	356
395	378
395	385
395	413
395	422
395	435
395	438
395	447
395	449
395	452
395	457
395	462
395	464
395	467
395	477
395	481
395	483
396	122
396	218
396	240
396	261
396	276
396	282
396	297
396	298
396	312
396	343
396	366
396	369
396	373
396	425
396	461
396	465
396	471
396	474
396	477
396	483
396	490
397	236
397	245
397	251
397	272
397	285
397	294
397	301
397	302
397	309
397	374
397	375
397	388
397	393
397	423
397	432
397	455
397	458
397	459
397	460
397	473
397	489
397	606
398	160
398	279
398	281
398	283
398	305
398	306
398	314
398	340
398	343
398	370
398	374
398	379
398	410
398	425
398	428
398	435
398	449
398	451
398	454
398	473
398	482
398	490
399	215
399	225
399	244
399	253
399	333
399	351
399	363
399	416
399	422
399	428
399	433
399	444
399	448
399	450
399	463
399	470
399	471
399	475
399	480
399	485
399	486
399	852
400	139
400	216
400	246
400	259
400	260
400	320
400	321
400	337
400	341
400	353
400	384
400	424
400	426
400	431
400	437
400	464
400	468
400	471
400	472
400	484
400	487
400	488
401	258
401	271
401	304
401	308
401	325
401	346
401	350
401	380
401	384
401	386
401	391
401	403
401	406
401	426
401	441
401	444
401	449
401	458
401	461
401	478
401	479
401	826
402	216
402	224
402	265
402	268
402	271
402	276
402	308
402	316
402	342
402	346
402	358
402	359
402	364
402	374
402	375
402	393
402	452
402	453
402	459
402	483
402	489
402	837
403	233
403	240
403	258
403	268
403	272
403	280
403	298
403	342
403	381
403	401
403	425
403	428
403	435
403	443
403	456
403	465
403	468
403	469
403	471
403	475
403	477
403	864
404	222
404	231
404	249
404	272
404	282
404	285
404	286
404	297
404	299
404	310
404	373
404	374
404	410
404	425
404	435
404	440
404	469
404	471
404	474
404	475
404	477
404	481
404	776
405	218
405	258
405	272
405	280
405	294
405	316
405	325
405	344
405	347
405	359
405	421
405	424
405	425
405	439
405	452
405	454
405	465
405	471
405	472
405	474
405	475
405	491
405	654
406	229
406	233
406	243
406	306
406	308
406	322
406	356
406	364
406	368
406	372
406	375
406	401
406	413
406	441
406	444
406	462
406	467
406	471
406	472
406	478
406	479
406	483
406	929
407	218
407	225
407	252
407	315
407	329
407	335
407	338
407	367
407	371
407	386
407	415
407	417
407	429
407	434
407	437
407	443
407	446
407	452
407	474
407	479
407	485
407	490
407	994
408	206
408	223
408	307
408	319
408	341
408	366
408	381
408	382
408	392
408	394
408	424
408	430
408	431
408	433
408	440
408	441
408	446
408	461
408	480
408	484
408	487
408	488
408	874
409	225
409	264
409	267
409	313
409	329
409	334
409	336
409	381
409	394
409	413
409	428
409	430
409	431
409	440
409	441
409	442
409	445
409	453
409	466
409	468
409	487
409	488
409	689
410	206
410	220
410	263
410	295
410	312
410	317
410	327
410	354
410	355
410	363
410	379
410	398
410	404
410	414
410	435
410	444
410	453
410	463
410	470
410	473
410	482
410	490
410	651
411	221
411	244
411	262
411	287
411	338
411	339
411	354
411	376
411	379
411	386
411	394
411	417
411	421
411	425
411	443
411	450
411	451
411	466
411	482
411	486
411	487
411	491
411	594
412	265
412	276
412	301
412	310
412	323
412	332
412	336
412	340
412	357
412	364
412	375
412	393
412	423
412	436
412	442
412	453
412	455
412	459
412	460
412	472
412	484
412	488
412	962
413	169
413	210
413	211
413	266
413	336
413	352
413	360
413	377
413	394
413	395
413	406
413	409
413	415
413	424
413	430
413	434
413	455
413	476
413	479
413	481
413	484
413	487
413	488
414	223
414	241
414	260
414	284
414	305
414	321
414	332
414	349
414	364
414	394
414	410
414	418
414	424
414	430
414	440
414	461
414	468
414	484
414	486
414	487
414	488
414	490
414	719
415	205
415	219
415	220
415	250
415	260
415	278
415	345
415	384
415	407
415	413
415	417
415	427
415	429
415	437
415	440
415	446
415	449
415	460
415	461
415	466
415	476
415	491
415	869
416	106
416	206
416	208
416	254
416	324
416	343
416	357
416	363
416	392
416	399
416	428
416	432
416	436
416	442
416	448
416	450
416	455
416	461
416	462
416	463
416	470
416	480
416	485
416	486
417	205
417	222
417	238
417	350
417	354
417	359
417	367
417	370
417	385
417	407
417	411
417	415
417	421
417	427
417	429
417	432
417	435
417	443
417	451
417	468
417	473
417	477
417	491
417	516
418	208
418	257
418	279
418	348
418	365
418	369
418	378
418	387
418	414
418	422
418	426
418	438
418	442
418	447
418	448
418	452
418	461
418	467
418	470
418	476
418	481
418	483
418	486
418	487
418	913
419	226
419	232
419	235
419	269
419	297
419	298
419	319
419	326
419	329
419	339
419	342
419	358
419	373
419	422
419	425
419	435
419	437
419	447
419	453
419	463
419	465
419	474
419	477
419	480
419	807
420	211
420	215
420	257
420	305
420	319
420	321
420	326
420	333
420	338
420	341
420	350
420	370
420	381
420	424
420	427
420	431
420	434
420	438
420	440
420	462
420	482
420	484
420	488
420	489
420	491
420	648
421	196
421	217
421	239
421	248
421	253
421	274
421	290
421	330
421	331
421	339
421	362
421	384
421	391
421	405
421	411
421	417
421	427
421	429
421	437
421	443
421	463
421	474
421	475
421	476
421	487
421	491
421	834
422	111
422	217
422	219
422	239
422	284
422	289
422	334
422	360
422	369
422	376
422	387
422	395
422	399
422	418
422	419
422	434
422	438
422	441
422	447
422	457
422	467
422	469
422	471
422	481
422	483
422	484
422	488
423	191
423	273
423	316
423	318
423	335
423	353
423	357
423	358
423	362
423	374
423	375
423	381
423	387
423	393
423	397
423	412
423	439
423	443
423	444
423	445
423	450
423	453
423	460
423	473
423	474
423	479
423	931
424	101
424	216
424	221
424	222
424	238
424	243
424	260
424	267
424	292
424	313
424	319
424	333
424	349
424	371
424	374
424	400
424	405
424	408
424	413
424	414
424	420
424	429
424	435
424	440
424	470
424	487
424	834
425	79
425	232
425	233
425	241
425	251
425	258
425	269
425	280
425	283
425	299
425	322
425	329
425	379
425	396
425	398
425	403
425	404
425	405
425	411
425	419
425	435
425	449
425	465
425	467
425	474
425	475
425	476
426	245
426	253
426	260
426	285
426	304
426	308
426	318
426	323
426	326
426	350
426	352
426	361
426	389
426	391
426	400
426	401
426	418
426	429
426	441
426	458
426	468
426	472
426	478
426	479
426	490
426	694
426	843
427	108
427	224
427	236
427	240
427	273
427	274
427	278
427	317
427	327
427	328
427	356
427	366
427	367
427	371
427	384
427	385
427	415
427	417
427	420
427	421
427	430
427	443
427	446
427	466
427	468
427	471
427	476
428	198
428	214
428	228
428	248
428	259
428	283
428	318
428	358
428	363
428	392
428	398
428	399
428	403
428	409
428	416
428	433
428	436
428	441
428	448
428	450
428	462
428	470
428	475
428	480
428	485
428	486
428	489
428	491
429	236
429	244
429	287
429	290
429	296
429	301
429	307
429	325
429	338
429	345
429	353
429	371
429	373
429	380
429	387
429	393
429	407
429	415
429	417
429	421
429	424
429	426
429	430
429	437
429	446
429	466
429	491
429	900
430	161
430	183
430	210
430	211
430	261
430	278
430	320
430	323
430	354
430	360
430	366
430	371
430	391
430	392
430	408
430	409
430	413
430	414
430	427
430	429
430	434
430	437
430	438
430	461
430	480
430	484
430	487
430	488
431	293
431	335
431	336
431	341
431	358
431	360
431	368
431	381
431	394
431	400
431	408
431	409
431	420
431	434
431	450
431	451
431	454
431	456
431	468
431	475
431	476
431	477
431	483
431	484
431	488
431	490
431	618
431	634
432	131
432	176
432	212
432	263
432	268
432	284
432	307
432	309
432	332
432	335
432	369
432	384
432	388
432	397
432	416
432	417
432	436
432	438
432	442
432	446
432	447
432	456
432	457
432	464
432	467
432	469
432	481
432	486
433	232
433	234
433	272
433	277
433	303
433	307
433	311
433	333
433	391
433	392
433	399
433	408
433	428
433	436
433	439
433	444
433	448
433	450
433	462
433	464
433	466
433	468
433	470
433	479
433	480
433	485
433	486
433	682
434	232
434	250
434	259
434	298
434	313
434	319
434	323
434	332
434	336
434	342
434	349
434	392
434	407
434	413
434	420
434	422
434	430
434	431
434	440
434	452
434	454
434	462
434	466
434	468
434	469
434	484
434	485
434	842
434	936
435	173
435	235
435	270
435	272
435	280
435	329
435	330
435	336
435	339
435	344
435	347
435	364
435	375
435	395
435	398
435	403
435	404
435	410
435	417
435	419
435	424
435	425
435	436
435	455
435	465
435	471
435	475
435	477
435	803
436	227
436	229
436	254
436	280
436	283
436	303
436	356
436	363
436	365
436	392
436	412
436	416
436	428
436	432
436	433
436	435
436	448
436	450
436	453
436	462
436	463
436	470
436	472
436	477
436	480
436	483
436	485
436	486
436	490
436	588
437	267
437	268
437	278
437	287
437	315
437	331
437	338
437	339
437	367
437	379
437	384
437	385
437	386
437	392
437	400
437	407
437	415
437	419
437	421
437	429
437	430
437	442
437	446
437	448
437	456
437	464
437	476
437	490
437	491
437	891
438	141
438	174
438	279
438	287
438	334
438	335
438	337
438	341
438	355
438	360
438	387
438	395
438	418
438	420
438	422
438	430
438	432
438	442
438	447
438	452
438	454
438	456
438	464
438	467
438	469
438	476
438	482
438	483
438	487
438	488
439	213
439	257
439	281
439	294
439	305
439	312
439	317
439	331
439	340
439	343
439	355
439	357
439	377
439	384
439	405
439	423
439	433
439	440
439	451
439	453
439	463
439	473
439	474
439	478
439	482
439	485
439	489
439	490
439	600
439	641
440	142
440	209
440	253
440	266
440	320
440	323
440	361
440	366
440	370
440	381
440	383
440	404
440	408
440	409
440	414
440	415
440	420
440	424
440	434
440	439
440	441
440	454
440	461
440	465
440	468
440	469
440	480
440	481
440	482
440	487
440	488
441	143
441	212
441	220
441	224
441	299
441	306
441	322
441	325
441	350
441	356
441	361
441	363
441	372
441	390
441	401
441	406
441	408
441	409
441	422
441	426
441	428
441	440
441	444
441	445
441	449
441	458
441	472
441	478
441	479
441	490
441	915
442	157
442	241
442	263
442	279
442	284
442	291
442	297
442	351
442	357
442	369
442	370
442	378
442	380
442	381
442	389
442	409
442	412
442	416
442	418
442	432
442	437
442	438
442	449
442	452
442	457
442	464
442	469
442	473
442	481
442	483
442	835
443	155
443	205
443	236
443	244
443	262
443	269
443	274
443	286
443	290
443	318
443	328
443	347
443	353
443	355
443	367
443	376
443	387
443	403
443	407
443	411
443	417
443	421
443	423
443	427
443	445
443	451
443	466
443	476
443	484
443	487
443	944
444	17
444	210
444	233
444	255
444	290
444	296
444	306
444	322
444	350
444	356
444	366
444	370
444	372
444	381
444	387
444	389
444	391
444	399
444	401
444	406
444	410
444	423
444	433
444	441
444	445
444	458
444	472
444	473
444	478
444	479
444	770
445	65
445	211
445	253
445	285
445	296
445	306
445	316
445	325
445	352
445	356
445	361
445	372
445	374
445	389
445	391
445	409
445	423
445	441
445	443
445	444
445	450
445	458
445	462
445	472
445	476
445	478
445	479
445	485
445	486
445	489
445	623
446	195
446	204
446	205
446	234
446	286
446	295
446	339
446	342
446	345
446	354
446	371
446	376
446	384
446	385
446	386
446	389
446	394
446	407
446	408
446	415
446	427
446	429
446	432
446	437
446	455
446	472
446	476
446	480
446	483
446	490
446	491
446	822
447	212
447	244
447	256
447	275
447	279
447	304
447	307
447	310
447	348
447	359
447	391
447	395
447	418
447	419
447	422
447	432
447	438
447	452
447	456
447	457
447	464
447	467
447	469
447	474
447	476
447	478
447	479
447	481
447	483
447	484
447	487
447	636
447	960
448	112
448	204
448	214
448	250
448	276
448	277
448	292
448	318
448	321
448	330
448	332
448	333
448	347
448	353
448	365
448	371
448	383
448	393
448	399
448	416
448	418
448	428
448	433
448	436
448	437
448	450
448	455
448	470
448	478
448	480
448	485
448	486
448	695
449	213
449	220
449	247
449	257
449	272
449	274
449	299
449	309
449	317
449	343
449	346
449	348
449	349
449	355
449	377
449	379
449	388
449	390
449	391
449	395
449	398
449	401
449	415
449	425
449	441
449	442
449	460
449	463
449	473
449	482
449	489
449	658
449	894
450	283
450	292
450	303
450	311
450	334
450	337
450	341
450	351
450	365
450	383
450	399
450	411
450	416
450	423
450	428
450	431
450	433
450	436
450	445
450	448
450	462
450	468
450	469
450	470
450	473
450	479
450	480
450	482
450	485
450	486
450	489
450	787
450	997
451	231
451	239
451	257
451	280
451	281
451	288
451	289
451	295
451	309
451	318
451	346
451	366
451	372
451	379
451	383
451	388
451	390
451	398
451	411
451	417
451	431
451	439
451	443
451	452
451	463
451	473
451	482
451	483
451	486
451	489
451	490
451	491
451	967
452	212
452	217
452	234
452	259
452	278
452	320
452	334
452	337
452	344
452	348
452	349
452	369
452	378
452	382
452	387
452	395
452	402
452	405
452	407
452	418
452	434
452	438
452	442
452	447
452	451
452	456
452	458
452	464
452	469
452	480
452	481
452	483
452	487
452	785
453	149
453	167
453	229
453	233
453	245
453	251
453	255
453	264
453	265
453	273
453	289
453	291
453	301
453	316
453	327
453	334
453	335
453	359
453	362
453	364
453	368
453	374
453	389
453	402
453	409
453	410
453	412
453	419
453	423
453	436
453	439
453	455
453	459
453	460
454	191
454	209
454	211
454	216
454	217
454	238
454	243
454	263
454	275
454	293
454	302
454	323
454	330
454	332
454	360
454	366
454	370
454	381
454	391
454	394
454	398
454	405
454	431
454	434
454	438
454	440
454	456
454	461
454	463
454	468
454	473
454	478
454	484
454	487
454	689
455	237
455	239
455	245
455	247
455	265
455	266
455	276
455	289
455	290
455	300
455	301
455	316
455	321
455	325
455	353
455	358
455	362
455	364
455	368
455	375
455	381
455	397
455	412
455	413
455	416
455	435
455	446
455	448
455	453
455	458
455	459
455	460
455	479
455	484
455	693
455	794
456	44
456	209
456	221
456	228
456	241
456	256
456	278
456	279
456	280
456	284
456	337
456	339
456	348
456	349
456	355
456	369
456	378
456	380
456	403
456	431
456	432
456	437
456	438
456	447
456	452
456	454
456	457
456	464
456	469
456	472
456	475
456	481
456	483
456	487
456	491
456	985
457	179
457	212
457	219
457	221
457	237
457	255
457	262
457	291
457	328
457	333
457	335
457	337
457	353
457	375
457	378
457	380
457	382
457	385
457	387
457	388
457	395
457	422
457	432
457	442
457	447
457	456
457	467
457	469
457	478
457	480
457	481
457	482
457	483
457	485
457	486
457	659
458	183
458	205
458	233
458	246
458	253
458	284
458	285
458	298
458	304
458	306
458	322
458	325
458	342
458	347
458	352
458	356
458	361
458	389
458	391
458	397
458	401
458	426
458	441
458	444
458	445
458	452
458	455
458	460
458	461
458	466
458	467
458	472
458	475
458	478
458	479
458	485
459	213
459	223
459	251
459	255
459	264
459	266
459	281
459	289
459	294
459	298
459	300
459	302
459	322
459	324
459	331
459	340
459	347
459	353
459	357
459	364
459	368
459	372
459	375
459	397
459	402
459	412
459	453
459	455
459	460
459	467
459	468
459	484
459	485
459	489
459	604
459	875
460	223
460	248
460	255
460	265
460	271
460	274
460	276
460	288
460	289
460	300
460	302
460	315
460	324
460	335
460	356
460	357
460	358
460	362
460	375
460	382
460	393
460	397
460	412
460	415
460	423
460	449
460	453
460	455
460	458
460	459
460	476
460	477
460	486
460	488
460	499
460	696
461	89
461	209
461	210
461	227
461	259
461	264
461	267
461	269
461	278
461	319
461	321
461	336
461	341
461	350
461	370
461	371
461	372
461	394
461	396
461	401
461	408
461	414
461	415
461	416
461	418
461	430
461	440
461	454
461	458
461	463
461	478
461	479
461	480
461	484
461	487
461	990
462	190
462	204
462	214
462	243
462	277
462	292
462	311
462	333
462	337
462	340
462	348
462	351
462	356
462	363
462	365
462	369
462	383
462	384
462	392
462	395
462	406
462	416
462	420
462	428
462	433
462	434
462	436
462	445
462	450
462	470
462	474
462	476
462	480
462	485
462	486
462	488
462	638
463	220
463	246
463	247
463	253
463	254
463	257
463	301
463	305
463	309
463	310
463	312
463	314
463	318
463	327
463	330
463	340
463	351
463	365
463	377
463	379
463	388
463	399
463	410
463	416
463	419
463	421
463	436
463	439
463	449
463	451
463	454
463	461
463	476
463	482
463	489
463	542
463	840
464	201
464	210
464	217
464	218
464	227
464	228
464	241
464	268
464	273
464	291
464	292
464	307
464	326
464	334
464	371
464	380
464	382
464	387
464	394
464	395
464	400
464	432
464	433
464	437
464	438
464	442
464	447
464	452
464	456
464	467
464	469
464	481
464	482
464	483
464	486
464	490
464	491
465	158
465	209
465	216
465	249
465	255
465	258
465	263
465	269
465	270
465	272
465	277
465	282
465	329
465	330
465	344
465	347
465	361
465	366
465	373
465	374
465	384
465	394
465	396
465	403
465	405
465	419
465	425
465	435
465	440
465	468
465	469
465	471
465	474
465	475
465	477
465	483
465	484
465	993
466	205
466	219
466	225
466	237
466	244
466	248
466	251
466	264
466	267
466	275
466	286
466	312
466	315
466	328
466	345
466	354
466	367
466	371
466	384
466	386
466	409
466	411
466	415
466	427
466	429
466	433
466	434
466	443
466	458
466	469
466	473
466	476
466	479
466	487
466	489
466	491
466	614
466	832
467	163
467	208
467	214
467	219
467	228
467	256
467	279
467	291
467	315
467	325
467	331
467	334
467	343
467	350
467	378
467	379
467	380
467	382
467	384
467	387
467	394
467	395
467	406
467	418
467	422
467	425
467	432
467	438
467	447
467	457
467	458
467	459
467	464
467	469
467	474
467	477
467	481
467	483
467	484
467	783
468	209
468	222
468	226
468	239
468	243
468	264
468	267
468	309
468	313
468	315
468	320
468	323
468	326
468	341
468	368
468	370
468	379
468	394
468	400
468	403
468	409
468	414
468	417
468	426
468	427
468	431
468	433
468	434
468	440
468	450
468	454
468	459
468	465
468	469
468	484
468	486
468	487
468	488
468	684
468	895
469	227
469	237
469	241
469	256
469	263
469	268
469	271
469	279
469	291
469	307
469	348
469	372
469	378
469	380
469	382
469	385
469	394
469	403
469	404
469	422
469	432
469	434
469	438
469	440
469	442
469	447
469	450
469	452
469	456
469	457
469	464
469	465
469	466
469	467
469	468
469	475
469	481
469	491
469	801
469	854
470	214
470	234
470	236
470	238
470	250
470	254
470	271
470	282
470	283
470	311
470	320
470	333
470	351
470	352
470	357
470	360
470	363
470	365
470	373
470	383
470	385
470	392
470	399
470	410
470	416
470	418
470	424
470	428
470	433
470	436
470	448
470	450
470	462
470	473
470	477
470	480
470	484
470	485
470	486
470	644
470	669
471	232
471	235
471	255
471	258
471	269
471	270
471	282
471	293
471	295
471	297
471	299
471	308
471	314
471	329
471	331
471	342
471	343
471	344
471	345
471	347
471	359
471	373
471	396
471	399
471	400
471	403
471	404
471	405
471	406
471	422
471	427
471	435
471	465
471	472
471	474
471	475
471	477
471	483
471	491
471	726
471	732
472	222
472	226
472	229
472	233
472	245
472	285
472	292
472	296
472	304
472	306
472	308
472	322
472	325
472	330
472	349
472	350
472	352
472	354
472	356
472	361
472	362
472	370
472	372
472	389
472	391
472	400
472	405
472	406
472	412
472	426
472	436
472	441
472	444
472	445
472	446
472	456
472	458
472	471
472	479
472	724
472	935
473	223
473	231
473	246
473	250
473	275
473	288
473	291
473	295
473	305
473	312
473	317
473	318
473	327
473	340
473	343
473	356
473	358
473	359
473	377
473	379
473	387
473	388
473	390
473	397
473	398
473	410
473	417
473	423
473	439
473	442
473	444
473	449
473	450
473	451
473	454
473	466
473	470
473	489
473	490
473	695
473	884
474	105
474	207
474	218
474	226
474	232
474	235
474	240
474	249
474	250
474	261
474	269
474	270
474	312
474	315
474	319
474	329
474	330
474	339
474	342
474	344
474	347
474	359
474	367
474	396
474	404
474	405
474	407
474	419
474	421
474	423
474	425
474	439
474	447
474	462
474	465
474	467
474	471
474	475
474	477
474	486
474	487
474	612
475	47
475	214
475	232
475	235
475	236
475	240
475	243
475	249
475	270
475	272
475	280
475	288
475	297
475	298
475	319
475	329
475	330
475	342
475	344
475	347
475	359
475	361
475	368
475	387
475	388
475	399
475	403
475	404
475	405
475	421
475	425
475	428
475	431
475	435
475	456
475	458
475	465
475	469
475	471
475	474
475	477
475	487
475	685
476	225
476	238
476	248
476	252
476	274
476	278
476	284
476	286
476	301
476	303
476	326
476	328
476	338
476	345
476	354
476	371
476	376
476	384
476	385
476	386
476	413
476	415
476	418
476	421
476	425
476	427
476	431
476	437
476	438
476	443
476	445
476	446
476	447
476	460
476	462
476	463
476	466
476	478
476	485
476	489
476	491
476	657
476	703
477	192
477	208
477	218
477	226
477	228
477	249
477	269
477	270
477	282
477	296
477	297
477	298
477	299
477	329
477	330
477	333
477	344
477	347
477	354
477	359
477	365
477	373
477	375
477	386
477	395
477	396
477	403
477	404
477	417
477	419
477	431
477	435
477	436
477	460
477	465
477	467
477	470
477	471
477	474
477	475
477	485
477	930
477	947
478	224
478	229
478	233
478	253
478	268
478	285
478	290
478	295
478	296
478	297
478	298
478	304
478	306
478	308
478	325
478	345
478	350
478	352
478	356
478	361
478	362
478	372
478	386
478	389
478	391
478	401
478	406
478	426
478	439
478	441
478	444
478	445
478	447
478	448
478	454
478	457
478	458
478	461
478	476
478	479
478	487
478	491
478	843
478	898
479	23
479	147
479	229
479	233
479	243
479	245
479	253
479	260
479	285
479	296
479	304
479	306
479	308
479	315
479	325
479	350
479	352
479	356
479	361
479	372
479	375
479	391
479	393
479	401
479	406
479	407
479	413
479	423
479	426
479	433
479	441
479	444
479	445
479	447
479	450
479	455
479	458
479	461
479	466
479	472
479	478
479	481
479	487
479	488
480	136
480	204
480	220
480	234
480	235
480	250
480	254
480	277
480	283
480	292
480	303
480	309
480	317
480	333
480	349
480	350
480	351
480	363
480	365
480	369
480	378
480	382
480	383
480	388
480	392
480	399
480	408
480	416
480	419
480	428
480	430
480	433
480	436
480	440
480	446
480	448
480	450
480	452
480	457
480	461
480	462
480	470
480	485
480	486
480	674
481	171
481	208
481	216
481	217
481	228
481	235
481	256
481	262
481	263
481	266
481	279
481	283
481	284
481	290
481	334
481	337
481	359
481	369
481	376
481	380
481	382
481	383
481	387
481	395
481	404
481	413
481	418
481	422
481	432
481	440
481	442
481	447
481	452
481	456
481	457
481	464
481	467
481	469
481	479
481	482
481	484
481	488
481	489
481	490
481	555
481	882
482	206
482	207
482	213
482	231
482	232
482	239
482	246
482	247
482	280
482	284
482	285
482	295
482	300
482	305
482	309
482	310
482	314
482	317
482	322
482	340
482	345
482	346
482	355
482	366
482	369
482	388
482	389
482	398
482	410
482	411
482	420
482	438
482	439
482	440
482	449
482	450
482	451
482	457
482	463
482	464
482	481
482	488
482	489
482	490
482	508
482	550
482	690
483	198
483	208
483	212
483	217
483	219
483	221
483	235
483	256
483	268
483	275
483	284
483	285
483	291
483	296
483	307
483	322
483	337
483	341
483	351
483	363
483	369
483	380
483	382
483	386
483	387
483	395
483	396
483	402
483	406
483	418
483	422
483	431
483	436
483	438
483	442
483	446
483	447
483	451
483	452
483	456
483	457
483	464
483	465
483	467
483	471
483	488
483	901
484	209
484	210
484	211
484	212
484	216
484	222
484	227
484	251
484	259
484	267
484	319
484	321
484	325
484	326
484	329
484	336
484	344
484	348
484	360
484	370
484	376
484	385
484	393
484	400
484	408
484	412
484	413
484	414
484	420
484	422
484	430
484	431
484	434
484	443
484	447
484	454
484	455
484	459
484	461
484	465
484	467
484	468
484	470
484	481
484	487
484	675
484	970
485	204
485	214
485	250
485	254
485	258
485	265
485	277
485	280
485	283
485	292
485	294
485	303
485	311
485	316
485	323
485	333
485	351
485	352
485	363
485	365
485	370
485	373
485	375
485	383
485	392
485	399
485	407
485	416
485	428
485	433
485	434
485	436
485	439
485	445
485	448
485	450
485	457
485	458
485	459
485	462
485	470
485	476
485	477
485	480
485	486
485	489
485	939
485	978
486	43
486	196
486	204
486	214
486	234
486	250
486	254
486	256
486	277
486	288
486	292
486	298
486	303
486	311
486	315
486	331
486	333
486	351
486	355
486	360
486	363
486	365
486	369
486	383
486	392
486	399
486	411
486	414
486	416
486	418
486	428
486	432
486	433
486	436
486	445
486	448
486	450
486	451
486	457
486	460
486	462
486	464
486	468
486	470
486	474
486	480
486	485
486	529
487	57
487	222
487	227
487	230
487	256
487	261
487	267
487	272
487	286
487	293
487	313
487	322
487	323
487	326
487	334
487	336
487	337
487	341
487	345
487	360
487	366
487	394
487	400
487	408
487	409
487	411
487	413
487	414
487	418
487	421
487	424
487	430
487	438
487	440
487	443
487	447
487	452
487	454
487	456
487	461
487	466
487	468
487	474
487	475
487	478
487	479
487	484
487	983
488	27
488	132
488	207
488	209
488	215
488	216
488	227
488	239
488	259
488	261
488	264
488	265
488	291
488	303
488	313
488	320
488	323
488	326
488	328
488	336
488	343
488	349
488	360
488	362
488	366
488	368
488	387
488	394
488	400
488	408
488	409
488	412
488	413
488	414
488	420
488	422
488	430
488	431
488	438
488	440
488	460
488	462
488	468
488	479
488	481
488	482
488	483
488	491
488	650
489	63
489	205
489	206
489	207
489	212
489	231
489	239
489	247
489	257
489	273
489	281
489	295
489	300
489	305
489	310
489	312
489	314
489	317
489	322
489	327
489	334
489	340
489	343
489	346
489	367
489	369
489	379
489	388
489	390
489	397
489	402
489	420
489	428
489	439
489	445
489	449
489	450
489	451
489	459
489	463
489	466
489	473
489	476
489	481
489	482
489	485
489	490
489	624
489	897
490	133
490	207
490	213
490	223
490	231
490	239
490	245
490	246
490	257
490	260
490	287
490	288
490	292
490	295
490	308
490	309
490	314
490	317
490	318
490	320
490	327
490	337
490	343
490	345
490	346
490	355
490	377
490	378
490	388
490	390
490	396
490	398
490	407
490	410
490	414
490	426
490	431
490	436
490	437
490	439
490	441
490	446
490	451
490	464
490	473
490	481
490	482
490	489
490	833
490	946
491	210
491	236
491	238
491	252
491	274
491	275
491	276
491	278
491	286
491	287
491	290
491	294
491	300
491	309
491	315
491	327
491	328
491	331
491	339
491	346
491	362
491	367
491	371
491	376
491	380
491	384
491	385
491	386
491	405
491	411
491	415
491	417
491	420
491	421
491	428
491	429
491	437
491	446
491	451
491	456
491	464
491	466
491	469
491	471
491	476
491	478
491	488
491	644
491	647
491	772
492	502
492	529
492	555
492	633
492	673
492	681
492	682
492	684
492	691
492	695
493	536
493	582
493	584
493	591
493	618
493	624
493	628
493	644
493	693
493	765
494	184
494	555
494	561
494	572
494	635
494	659
494	673
494	676
494	690
494	691
495	354
495	514
495	601
495	635
495	638
495	641
495	684
495	687
495	690
495	691
496	608
496	618
496	635
496	651
496	661
496	662
496	668
496	669
496	677
496	678
497	504
497	540
497	554
497	612
497	659
497	666
497	684
497	692
497	696
497	878
498	537
498	563
498	569
498	620
498	665
498	668
498	672
498	677
498	685
498	688
499	460
499	549
499	563
499	637
499	666
499	677
499	680
499	686
499	688
499	697
500	508
500	529
500	574
500	586
500	602
500	633
500	658
500	679
500	684
500	691
501	312
501	538
501	606
501	612
501	640
501	680
501	682
501	689
501	692
501	694
502	215
502	492
502	596
502	609
502	638
502	644
502	659
502	676
502	690
502	695
503	504
503	537
503	573
503	574
503	636
503	652
503	662
503	673
503	684
503	693
504	497
504	503
504	516
504	536
504	557
504	590
504	639
504	679
504	685
504	693
505	561
505	578
505	581
505	617
505	627
505	664
505	671
505	677
505	688
505	697
506	554
506	562
506	574
506	642
506	647
506	671
506	675
506	688
506	689
506	696
507	286
507	578
507	619
507	632
507	634
507	672
507	676
507	677
507	687
507	692
508	482
508	500
508	601
508	673
508	681
508	682
508	689
508	690
508	692
508	694
509	18
509	519
509	544
509	567
509	614
509	624
509	635
509	659
509	676
509	690
510	598
510	618
510	624
510	630
510	643
510	651
510	663
510	673
510	675
510	679
511	528
511	575
511	635
511	636
511	666
511	673
511	678
511	693
511	696
511	712
512	520
512	542
512	617
512	657
512	664
512	667
512	670
512	672
512	687
512	697
513	168
513	588
513	597
513	603
513	640
513	655
513	658
513	668
513	676
513	678
514	202
514	495
514	523
514	567
514	572
514	611
514	621
514	631
514	676
514	690
515	596
515	643
515	651
515	652
515	660
515	672
515	684
515	689
515	691
515	695
516	417
516	504
516	563
516	591
516	652
516	660
516	666
516	671
516	679
516	681
517	557
517	604
517	633
517	638
517	646
517	656
517	672
517	681
517	690
517	695
518	90
518	527
518	537
518	583
518	602
518	677
518	683
518	688
518	691
518	697
519	94
519	509
519	590
519	634
519	654
519	661
519	662
519	668
519	678
519	694
520	512
520	541
520	549
520	599
520	601
520	632
520	661
520	676
520	683
520	687
521	550
521	581
521	619
521	632
521	653
521	660
521	667
521	670
521	679
521	687
522	530
522	563
522	571
522	574
522	612
522	647
522	661
522	662
522	668
522	678
523	514
523	540
523	543
523	601
523	628
523	650
523	654
523	666
523	670
523	679
523	680
524	597
524	602
524	626
524	627
524	659
524	664
524	665
524	685
524	695
524	697
524	771
525	576
525	621
525	642
525	660
525	673
525	683
525	685
525	686
525	688
525	691
525	697
526	527
526	552
526	625
526	637
526	657
526	673
526	677
526	683
526	685
526	697
526	762
527	518
527	526
527	664
527	674
527	681
527	682
527	683
527	685
527	689
527	692
527	694
528	511
528	549
528	598
528	615
528	621
528	664
528	671
528	675
528	688
528	697
528	918
529	486
529	492
529	500
529	540
529	602
529	658
529	659
529	663
529	684
529	688
529	691
530	522
530	543
530	551
530	575
530	604
530	627
530	642
530	648
530	665
530	693
530	696
531	598
531	613
531	643
531	647
531	674
531	680
531	684
531	688
531	689
531	692
531	694
532	631
532	646
532	657
532	660
532	684
532	686
532	689
532	691
532	695
532	696
532	697
533	558
533	606
533	639
533	656
533	657
533	665
533	684
533	691
533	692
533	695
533	780
534	602
534	644
534	654
534	656
534	672
534	681
534	682
534	687
534	689
534	692
534	694
535	4
535	570
535	576
535	591
535	644
535	667
535	674
535	680
535	689
535	692
535	694
536	493
536	504
536	543
536	546
536	554
536	621
536	624
536	669
536	673
536	685
536	989
537	498
537	503
537	518
537	540
537	586
537	627
537	634
537	663
537	673
537	696
537	806
538	100
538	501
538	585
538	640
538	648
538	661
538	662
538	669
538	672
538	678
538	682
538	693
539	574
539	587
539	600
539	622
539	652
539	659
539	663
539	675
539	692
539	696
539	697
539	997
540	497
540	523
540	529
540	537
540	587
540	641
540	654
540	666
540	675
540	679
540	684
540	695
541	520
541	542
541	573
541	578
541	599
541	616
541	634
541	651
541	672
541	680
541	687
541	773
542	463
542	512
542	541
542	556
542	619
542	632
542	636
542	637
542	653
542	667
542	687
542	688
543	523
543	530
543	536
543	598
543	638
543	648
543	654
543	656
543	663
543	693
543	695
543	909
544	509
544	557
544	561
544	567
544	620
544	649
544	652
544	656
544	658
544	665
544	690
544	695
545	568
545	592
545	617
545	645
545	655
545	665
545	666
545	675
545	686
545	687
545	688
545	689
546	536
546	574
546	607
546	609
546	618
546	674
546	680
546	681
546	682
546	689
546	692
546	694
547	565
547	609
547	625
547	638
547	639
547	659
547	660
547	676
547	678
547	683
547	690
547	692
548	37
548	589
548	620
548	626
548	636
548	655
548	662
548	667
548	668
548	669
548	670
548	678
549	499
549	520
549	528
549	577
549	580
549	583
549	594
549	653
549	670
549	672
549	679
549	687
550	482
550	521
550	558
550	565
550	579
550	611
550	630
550	638
550	641
550	650
550	671
550	690
551	530
551	606
551	610
551	615
551	633
551	647
551	656
551	657
551	658
551	684
551	688
551	691
551	695
552	526
552	575
552	635
552	646
552	653
552	671
552	677
552	681
552	685
552	686
552	688
552	697
552	814
553	581
553	597
553	611
553	613
553	622
553	626
553	664
553	665
553	669
553	683
553	686
553	688
553	751
554	497
554	506
554	536
554	561
554	587
554	595
554	614
554	627
554	648
554	653
554	658
554	663
554	675
555	481
555	492
555	494
555	576
555	595
555	606
555	632
555	646
555	660
555	684
555	691
555	693
555	695
556	542
556	587
556	612
556	629
556	645
556	652
556	656
556	658
556	660
556	677
556	683
556	691
556	695
557	504
557	517
557	544
557	589
557	599
557	629
557	632
557	656
557	657
557	662
557	674
557	684
557	695
558	104
558	533
558	550
558	609
558	639
558	641
558	642
558	659
558	673
558	676
558	682
558	690
558	694
559	119
559	565
559	568
559	571
559	605
559	627
559	631
559	648
559	650
559	653
559	666
559	675
559	693
560	569
560	570
560	622
560	629
560	634
560	638
560	647
560	653
560	667
560	670
560	672
560	687
560	689
561	494
561	505
561	544
561	554
561	608
561	620
561	649
561	656
561	657
561	660
561	666
561	691
561	975
562	506
562	603
562	636
562	650
562	654
562	661
562	666
562	669
562	671
562	679
562	692
562	693
562	696
563	498
563	499
563	516
563	522
563	601
563	616
563	627
563	654
563	672
563	673
563	679
563	681
563	693
564	72
564	584
564	585
564	590
564	606
564	651
564	655
564	656
564	665
564	668
564	669
564	678
564	683
565	547
565	550
565	559
565	574
565	582
565	618
565	627
565	654
565	655
565	662
565	663
565	685
565	696
566	592
566	594
566	618
566	643
566	644
566	649
566	674
566	680
566	682
566	687
566	692
566	694
566	697
567	509
567	514
567	544
567	611
567	614
567	625
567	630
567	659
567	669
567	676
567	690
567	694
567	695
568	545
568	559
568	610
568	615
568	626
568	631
568	634
568	646
568	665
568	678
568	685
568	686
568	697
569	498
569	560
569	628
569	634
569	647
569	651
569	667
569	670
569	672
569	680
569	687
569	697
569	848
570	535
570	560
570	572
570	619
570	624
570	632
570	653
570	657
570	667
570	670
570	672
570	686
570	687
571	114
571	522
571	559
571	590
571	594
571	602
571	616
571	620
571	623
571	647
571	661
571	668
571	669
571	674
572	222
572	494
572	514
572	570
572	575
572	579
572	607
572	625
572	635
572	641
572	644
572	646
572	676
572	690
573	503
573	541
573	593
573	640
573	643
573	673
573	674
573	680
573	681
573	682
573	687
573	692
573	694
573	802
574	197
574	500
574	503
574	506
574	522
574	539
574	546
574	565
574	579
574	629
574	666
574	677
574	693
574	696
575	51
575	511
575	530
575	552
575	572
575	596
575	601
575	636
575	663
575	678
575	681
575	693
575	695
575	696
576	230
576	525
576	535
576	555
576	584
576	607
576	609
576	619
576	625
576	630
576	639
576	676
576	690
576	695
577	107
577	549
577	578
577	580
577	628
577	637
577	638
577	653
577	659
577	665
577	670
577	672
577	687
577	688
578	505
578	507
578	541
578	577
578	628
578	639
578	647
578	667
578	670
578	672
578	679
578	687
578	695
578	863
579	271
579	550
579	572
579	574
579	610
579	611
579	625
579	630
579	636
579	638
579	649
579	670
579	676
579	690
580	549
580	577
580	594
580	604
580	614
580	619
580	634
580	647
580	648
580	667
580	670
580	673
580	676
580	687
581	505
581	521
581	553
581	590
581	630
581	643
581	674
581	677
581	680
581	681
581	682
581	689
581	692
581	694
582	493
582	565
582	599
582	600
582	611
582	623
582	652
582	674
582	680
582	681
582	682
582	689
582	692
582	694
583	344
583	518
583	549
583	599
583	616
583	617
583	642
583	647
583	651
583	655
583	661
583	662
583	668
583	678
584	361
584	493
584	564
584	576
584	591
584	600
584	601
584	613
584	624
584	650
584	657
584	666
584	668
584	696
585	538
585	564
585	589
585	604
585	636
585	640
585	649
585	651
585	658
585	661
585	668
585	669
585	678
585	690
586	58
586	500
586	537
586	616
586	640
586	651
586	655
586	664
586	668
586	669
586	678
586	686
586	687
586	688
587	539
587	540
587	554
587	556
587	592
587	653
587	674
587	680
587	681
587	682
587	685
587	689
587	692
587	694
588	436
588	513
588	594
588	639
588	668
588	674
588	680
588	681
588	682
588	686
588	689
588	692
588	694
588	697
589	548
589	557
589	585
589	598
589	616
589	624
589	647
589	655
589	661
589	662
589	678
589	687
589	688
589	691
589	841
590	504
590	519
590	564
590	571
590	581
590	594
590	609
590	640
590	647
590	654
590	655
590	660
590	662
590	669
590	904
591	493
591	516
591	535
591	584
591	605
591	618
591	622
591	656
591	661
591	666
591	675
591	683
591	689
591	696
591	943
592	343
592	545
592	566
592	587
592	608
592	640
592	660
592	667
592	674
592	680
592	681
592	688
592	689
592	692
592	694
593	276
593	573
593	597
593	598
593	599
593	604
593	645
593	673
593	674
593	680
593	681
593	682
593	689
593	692
593	694
594	411
594	549
594	566
594	571
594	580
594	588
594	590
594	620
594	647
594	655
594	661
594	662
594	668
594	678
594	680
595	204
595	554
595	555
595	610
595	640
595	647
595	651
595	658
595	661
595	662
595	668
595	669
595	670
595	678
595	691
596	502
596	515
596	575
596	622
596	625
596	626
596	650
596	654
596	663
596	665
596	673
596	675
596	679
596	693
596	695
597	513
597	524
597	553
597	593
597	622
597	650
597	663
597	666
597	673
597	675
597	679
597	684
597	692
597	696
597	836
598	41
598	510
598	528
598	531
598	543
598	589
598	593
598	629
598	662
598	680
598	681
598	682
598	689
598	692
598	694
599	520
599	541
599	557
599	582
599	583
599	593
599	628
599	653
599	655
599	663
599	667
599	670
599	672
599	687
599	970
600	439
600	539
600	582
600	584
600	606
600	623
600	627
600	636
600	646
600	654
600	663
600	679
600	680
600	690
600	693
600	696
601	495
601	508
601	520
601	523
601	563
601	575
601	584
601	604
601	609
601	624
601	636
601	648
601	651
601	675
601	696
601	752
602	500
602	518
602	524
602	529
602	534
602	571
602	645
602	668
602	671
602	676
602	677
602	681
602	683
602	686
602	688
602	697
603	513
603	562
603	612
603	623
603	634
603	647
603	651
603	661
603	662
603	666
603	668
603	669
603	675
603	678
603	685
603	853
604	459
604	517
604	530
604	580
604	585
604	593
604	601
604	616
604	628
604	634
604	653
604	667
604	670
604	672
604	687
604	696
605	323
605	559
605	591
605	607
605	608
605	609
605	619
605	625
605	629
605	630
605	635
605	659
605	672
605	676
605	681
605	690
606	397
606	501
606	533
606	551
606	555
606	564
606	600
606	617
606	631
606	643
606	649
606	652
606	656
606	678
606	684
606	691
607	546
607	572
607	576
607	605
607	611
607	616
607	638
607	639
607	641
607	648
607	663
607	664
607	671
607	676
607	690
607	957
608	496
608	561
608	592
608	605
608	612
608	629
608	631
608	641
608	649
608	652
608	658
608	664
608	677
608	684
608	691
608	695
608	696
609	502
609	546
609	547
609	558
609	576
609	590
609	601
609	605
609	612
609	625
609	639
609	667
609	676
609	677
609	689
609	690
609	951
610	551
610	568
610	579
610	595
610	611
610	615
610	616
610	629
610	642
610	655
610	664
610	665
610	671
610	683
610	685
610	688
610	697
611	140
611	514
611	550
611	553
611	567
611	579
611	582
611	607
611	610
611	625
611	639
611	641
611	648
611	652
611	668
611	690
611	693
612	474
612	497
612	501
612	522
612	556
612	603
612	608
612	609
612	646
612	649
612	652
612	657
612	660
612	681
612	691
612	695
612	697
613	382
613	531
613	553
613	584
613	615
613	636
613	637
613	642
613	643
613	656
613	664
613	671
613	683
613	686
613	688
613	693
613	694
614	466
614	509
614	554
614	567
614	580
614	629
614	633
614	656
614	657
614	658
614	660
614	669
614	679
614	684
614	690
614	691
614	695
615	147
615	528
615	551
615	568
615	610
615	613
615	619
615	637
615	663
615	671
615	676
615	677
615	681
615	682
615	685
615	688
615	697
616	541
616	563
616	571
616	583
616	586
616	589
616	604
616	607
616	610
616	632
616	655
616	661
616	662
616	669
616	678
616	680
616	722
617	235
617	505
617	512
617	545
617	583
617	606
617	618
617	622
617	627
617	645
617	649
617	665
617	683
617	685
617	686
617	688
617	697
618	431
618	493
618	496
618	510
618	546
618	565
618	566
618	591
618	617
618	645
618	654
618	663
618	666
618	673
618	675
618	691
618	692
618	696
619	186
619	507
619	521
619	542
619	570
619	576
619	580
619	605
619	615
619	634
619	653
619	664
619	667
619	671
619	672
619	686
619	687
619	694
620	281
620	498
620	544
620	548
620	561
620	571
620	594
620	621
620	623
620	642
620	645
620	659
620	665
620	671
620	683
620	685
620	688
620	697
621	199
621	514
621	525
621	528
621	536
621	620
621	625
621	648
621	657
621	664
621	665
621	679
621	683
621	685
621	686
621	692
621	693
621	697
622	539
622	553
622	560
622	591
622	596
622	597
622	617
622	626
622	627
622	640
622	648
622	650
622	675
622	677
622	679
622	690
622	693
622	696
623	445
623	571
623	582
623	600
623	603
623	620
623	624
623	643
623	644
623	666
623	674
623	680
623	681
623	685
623	686
623	689
623	692
623	694
624	489
624	493
624	509
624	510
624	536
624	570
624	584
624	589
624	601
624	623
624	653
624	663
624	666
624	679
624	686
624	693
624	695
624	696
624	697
625	526
625	547
625	567
625	572
625	576
625	579
625	596
625	605
625	609
625	611
625	621
625	659
625	665
625	671
625	674
625	676
625	689
625	690
625	827
626	93
626	524
626	548
626	553
626	568
626	596
626	622
626	630
626	650
626	653
626	664
626	665
626	671
626	673
626	678
626	683
626	685
626	686
626	697
627	341
627	505
627	524
627	530
627	537
627	554
627	559
627	563
627	565
627	600
627	617
627	622
627	643
627	647
627	650
627	686
627	693
627	694
627	697
628	287
628	493
628	523
628	569
628	577
628	578
628	599
628	604
628	632
628	650
628	651
628	667
628	670
628	671
628	672
628	682
628	687
628	690
628	694
629	345
629	556
629	557
629	560
629	574
629	598
629	605
629	608
629	610
629	614
629	649
629	655
629	657
629	660
629	669
629	682
629	684
629	691
629	695
630	510
630	550
630	567
630	576
630	579
630	581
630	605
630	626
630	633
630	635
630	639
630	641
630	659
630	663
630	669
630	676
630	689
630	690
630	720
631	514
631	532
631	559
631	568
631	606
631	608
631	634
631	646
631	656
631	658
631	660
631	670
631	683
631	684
631	691
631	695
631	696
631	697
631	928
632	300
632	507
632	520
632	521
632	542
632	555
632	557
632	570
632	616
632	628
632	661
632	667
632	670
632	672
632	681
632	682
632	686
632	687
632	694
633	181
633	492
633	500
633	517
633	551
633	614
633	630
633	635
633	646
633	652
633	656
633	660
633	661
633	669
633	679
633	684
633	692
633	694
633	695
633	696
634	431
634	507
634	519
634	537
634	541
634	560
634	568
634	569
634	580
634	603
634	604
634	619
634	631
634	653
634	663
634	667
634	672
634	676
634	687
634	691
635	349
635	494
635	495
635	496
635	509
635	511
635	552
635	572
635	605
635	630
635	633
635	639
635	641
635	644
635	650
635	659
635	666
635	676
635	679
635	690
636	447
636	503
636	511
636	542
636	548
636	562
636	575
636	579
636	585
636	600
636	601
636	613
636	648
636	673
636	675
636	688
636	693
636	694
636	695
636	696
637	499
637	526
637	542
637	577
637	613
637	615
637	646
637	650
637	659
637	661
637	664
637	677
637	682
637	683
637	685
637	686
637	688
637	690
637	697
637	847
638	462
638	495
638	502
638	517
638	543
638	547
638	550
638	560
638	577
638	579
638	607
638	639
638	641
638	655
638	658
638	659
638	666
638	676
638	683
638	690
639	179
639	314
639	504
639	533
639	547
639	558
639	576
639	578
639	588
639	607
639	609
639	611
639	630
639	635
639	638
639	650
639	659
639	663
639	686
639	690
639	697
640	127
640	501
640	513
640	538
640	573
640	585
640	586
640	590
640	592
640	595
640	622
640	651
640	653
640	655
640	662
640	668
640	669
640	675
640	678
640	683
640	685
640	697
641	439
641	495
641	540
641	550
641	558
641	572
641	607
641	608
641	611
641	630
641	635
641	638
641	654
641	658
641	659
641	662
641	676
641	678
641	682
641	686
641	687
641	690
642	506
642	525
642	530
642	558
642	583
642	610
642	613
642	620
642	652
642	661
642	664
642	665
642	671
642	677
642	679
642	683
642	685
642	686
642	695
642	696
642	697
642	733
643	510
643	515
643	531
643	566
643	573
643	581
643	606
643	613
643	623
643	627
643	644
643	653
643	665
643	674
643	676
643	680
643	682
643	689
643	692
643	694
643	696
643	849
644	470
644	491
644	493
644	502
644	534
644	535
644	566
644	572
644	623
644	635
644	643
644	651
644	667
644	674
644	678
644	680
644	681
644	682
644	683
644	689
644	692
644	694
644	696
645	66
645	545
645	556
645	593
645	602
645	617
645	618
645	620
645	660
645	664
645	665
645	671
645	674
645	675
645	677
645	681
645	683
645	684
645	685
645	686
645	688
645	692
645	696
645	697
646	118
646	517
646	532
646	552
646	555
646	568
646	572
646	600
646	612
646	631
646	633
646	637
646	649
646	652
646	658
646	660
646	666
646	674
646	684
646	687
646	689
646	691
646	693
646	695
647	491
647	506
647	522
647	531
647	551
647	560
647	569
647	571
647	578
647	580
647	583
647	589
647	590
647	594
647	595
647	603
647	627
647	651
647	655
647	661
647	668
647	669
647	688
647	693
648	420
648	530
648	538
648	543
648	554
648	559
648	580
648	601
648	607
648	611
648	621
648	622
648	636
648	650
648	652
648	654
648	666
648	670
648	671
648	673
648	676
648	679
648	684
648	696
649	155
649	544
649	561
649	566
649	579
649	585
649	606
649	608
649	612
649	617
649	629
649	646
649	652
649	654
649	657
649	658
649	660
649	661
649	668
649	669
649	670
649	684
649	691
649	693
649	695
650	488
650	523
650	550
650	559
650	562
650	584
650	596
650	597
650	622
650	626
650	627
650	628
650	635
650	637
650	639
650	648
650	657
650	672
650	673
650	675
650	676
650	679
650	686
650	693
650	696
651	410
651	496
651	510
651	515
651	541
651	564
651	569
651	583
651	585
651	586
651	595
651	601
651	603
651	628
651	640
651	644
651	647
651	655
651	662
651	668
651	669
651	676
651	678
651	691
651	694
652	187
652	503
652	515
652	516
652	539
652	544
652	556
652	582
652	606
652	608
652	611
652	612
652	633
652	642
652	646
652	648
652	649
652	657
652	660
652	676
652	678
652	684
652	691
652	692
652	695
653	364
653	521
653	542
653	549
653	552
653	554
653	559
653	560
653	570
653	577
653	587
653	599
653	604
653	619
653	624
653	626
653	634
653	640
653	643
653	664
653	667
653	670
653	672
653	687
653	697
653	793
654	145
654	405
654	519
654	523
654	534
654	540
654	543
654	562
654	563
654	565
654	590
654	596
654	600
654	618
654	641
654	648
654	649
654	662
654	668
654	672
654	673
654	675
654	677
654	680
654	693
654	696
655	160
655	513
655	545
655	548
655	564
655	565
655	583
655	586
655	589
655	590
655	594
655	599
655	610
655	616
655	629
655	638
655	640
655	647
655	651
655	656
655	661
655	662
655	667
655	669
655	670
655	690
655	692
656	311
656	517
656	533
656	534
656	543
656	544
656	551
656	556
656	557
656	561
656	564
656	591
656	606
656	613
656	614
656	631
656	633
656	655
656	657
656	658
656	662
656	667
656	675
656	685
656	689
656	691
656	695
657	476
657	512
657	526
657	532
657	533
657	551
657	557
657	561
657	570
657	584
657	612
657	614
657	621
657	629
657	649
657	650
657	652
657	656
657	658
657	660
657	670
657	678
657	680
657	691
657	693
657	695
657	696
658	394
658	449
658	500
658	513
658	529
658	544
658	551
658	554
658	556
658	585
658	595
658	608
658	614
658	631
658	638
658	641
658	646
658	649
658	656
658	657
658	663
658	664
658	675
658	679
658	684
658	690
658	691
658	695
659	457
659	494
659	497
659	502
659	509
659	524
659	529
659	539
659	547
659	558
659	567
659	577
659	605
659	620
659	625
659	630
659	635
659	637
659	638
659	639
659	641
659	662
659	663
659	676
659	682
659	688
659	690
659	694
660	213
660	515
660	516
660	521
660	525
660	532
660	547
660	555
660	556
660	561
660	590
660	592
660	612
660	614
660	629
660	631
660	633
660	645
660	646
660	649
660	652
660	657
660	681
660	684
660	685
660	686
660	693
660	695
661	75
661	496
661	519
661	520
661	522
661	538
661	562
661	571
661	583
661	585
661	589
661	591
661	594
661	595
661	603
661	616
661	632
661	633
661	637
661	642
661	647
661	649
661	655
661	665
661	668
661	669
661	692
661	693
661	695
662	367
662	496
662	503
662	519
662	522
662	538
662	548
662	557
662	565
662	583
662	589
662	590
662	594
662	595
662	598
662	603
662	616
662	640
662	641
662	651
662	654
662	655
662	656
662	659
662	664
662	669
662	677
662	678
662	679
662	691
662	825
663	188
663	510
663	529
663	537
663	539
663	543
663	554
663	565
663	575
663	596
663	597
663	599
663	600
663	607
663	615
663	618
663	624
663	630
663	634
663	639
663	658
663	659
663	666
663	667
663	673
663	679
663	686
663	689
663	693
663	696
663	837
664	334
664	505
664	512
664	524
664	527
664	528
664	553
664	586
664	607
664	608
664	610
664	613
664	619
664	621
664	626
664	637
664	642
664	645
664	653
664	658
664	662
664	671
664	675
664	677
664	683
664	685
664	686
664	690
664	691
664	696
664	697
665	498
665	524
665	530
665	533
665	544
665	545
665	553
665	564
665	568
665	577
665	596
665	610
665	617
665	620
665	621
665	625
665	626
665	642
665	643
665	645
665	661
665	671
665	672
665	683
665	684
665	685
665	686
665	688
665	691
665	693
665	697
665	965
666	370
666	497
666	499
666	511
666	516
666	523
666	540
666	545
666	559
666	561
666	562
666	574
666	584
666	591
666	597
666	603
666	618
666	623
666	624
666	635
666	638
666	646
666	648
666	663
666	671
666	672
666	673
666	675
666	679
666	685
666	687
666	694
667	387
667	512
667	521
667	535
667	542
667	548
667	560
667	569
667	570
667	578
667	580
667	592
667	599
667	604
667	609
667	619
667	628
667	632
667	634
667	644
667	653
667	655
667	656
667	663
667	670
667	671
667	672
667	673
667	687
667	691
667	693
667	695
668	202
668	496
668	498
668	513
668	519
668	522
668	548
668	564
668	571
668	583
668	584
668	585
668	586
668	588
668	594
668	595
668	602
668	603
668	611
668	640
668	647
668	649
668	651
668	654
668	661
668	675
668	677
668	678
668	680
668	685
668	689
668	829
669	308
669	470
669	496
669	536
669	538
669	548
669	553
669	562
669	564
669	567
669	571
669	585
669	586
669	590
669	595
669	603
669	614
669	616
669	629
669	630
669	633
669	640
669	647
669	649
669	651
669	655
669	661
669	662
669	677
669	678
669	680
669	690
669	694
670	97
670	512
670	521
670	523
670	548
670	549
670	560
670	569
670	570
670	577
670	578
670	579
670	580
670	595
670	599
670	604
670	628
670	631
670	632
670	648
670	649
670	653
670	655
670	657
670	667
670	672
670	674
670	686
670	687
670	695
670	696
670	697
670	812
671	315
671	371
671	505
671	506
671	516
671	528
671	550
671	552
671	562
671	602
671	607
671	610
671	613
671	615
671	619
671	620
671	625
671	626
671	628
671	642
671	645
671	648
671	664
671	665
671	666
671	667
671	677
671	682
671	683
671	685
671	686
671	687
671	688
671	697
672	85
672	498
672	507
672	512
672	515
672	517
672	534
672	538
672	541
672	549
672	560
672	563
672	569
672	570
672	577
672	578
672	599
672	604
672	605
672	619
672	628
672	632
672	634
672	650
672	653
672	654
672	665
672	666
672	667
672	670
672	685
672	687
672	692
672	984
673	46
673	325
673	492
673	494
673	503
673	508
673	510
673	511
673	525
673	526
673	536
673	537
673	558
673	563
673	573
673	580
673	593
673	596
673	597
673	618
673	626
673	636
673	648
673	650
673	654
673	663
673	666
673	667
673	674
673	675
673	679
673	687
673	693
673	696
674	480
674	527
674	531
674	535
674	546
674	557
674	566
674	571
674	573
674	581
674	582
674	587
674	588
674	592
674	593
674	623
674	625
674	643
674	644
674	645
674	646
674	670
674	673
674	681
674	682
674	683
674	684
674	685
674	689
674	691
674	692
674	693
674	694
674	695
674	697
675	103
675	484
675	506
675	510
675	528
675	539
675	540
675	545
675	554
675	559
675	591
675	596
675	597
675	601
675	603
675	618
675	622
675	636
675	640
675	645
675	650
675	654
675	656
675	658
675	664
675	666
675	668
675	673
675	678
675	679
675	681
675	682
675	684
675	688
675	693
676	165
676	494
676	502
676	507
676	509
676	513
676	514
676	520
676	547
676	558
676	567
676	572
676	576
676	579
676	580
676	602
676	605
676	607
676	609
676	615
676	625
676	630
676	634
676	635
676	638
676	641
676	643
676	648
676	650
676	651
676	652
676	659
676	688
676	690
676	691
677	496
677	498
677	499
677	505
677	507
677	518
677	526
677	552
677	556
677	574
677	581
677	602
677	608
677	609
677	615
677	622
677	637
677	642
677	645
677	654
677	662
677	664
677	668
677	669
677	671
677	678
677	682
677	683
677	684
677	685
677	686
677	688
677	696
677	697
677	823
677	940
678	347
678	496
678	511
678	513
678	519
678	522
678	538
678	547
678	548
678	564
678	568
678	575
678	583
678	585
678	586
678	589
678	594
678	595
678	603
678	606
678	616
678	626
678	640
678	641
678	644
678	651
678	652
678	657
678	662
678	668
678	669
678	675
678	677
678	693
678	696
678	976
679	500
679	504
679	510
679	516
679	521
679	523
679	540
679	549
679	562
679	563
679	578
679	596
679	597
679	600
679	614
679	621
679	622
679	624
679	633
679	635
679	642
679	648
679	650
679	658
679	662
679	663
679	666
679	673
679	675
679	683
679	691
679	692
679	693
679	694
679	696
679	860
680	316
680	369
680	499
680	501
680	523
680	531
680	535
680	541
680	546
680	566
680	569
680	573
680	581
680	582
680	587
680	588
680	592
680	593
680	594
680	598
680	600
680	616
680	623
680	643
680	644
680	654
680	657
680	668
680	669
680	681
680	682
680	683
680	685
680	689
680	691
680	692
680	694
681	322
681	372
681	492
681	508
681	516
681	517
681	527
681	534
681	546
681	552
681	563
681	573
681	575
681	581
681	582
681	587
681	588
681	592
681	593
681	598
681	602
681	605
681	612
681	615
681	623
681	632
681	644
681	645
681	660
681	674
681	675
681	680
681	682
681	689
681	690
681	692
681	694
682	433
682	492
682	501
682	508
682	527
682	534
682	538
682	546
682	558
682	566
682	573
682	581
682	582
682	587
682	588
682	593
682	598
682	615
682	628
682	629
682	632
682	637
682	641
682	643
682	644
682	659
682	671
682	674
682	675
682	677
682	680
682	681
682	683
682	689
682	692
682	693
682	694
682	849
683	3
683	518
683	520
683	525
683	526
683	527
683	547
683	553
683	556
683	564
683	591
683	602
683	610
683	613
683	617
683	620
683	621
683	626
683	631
683	637
683	638
683	640
683	642
683	644
683	645
683	664
683	665
683	671
683	674
683	677
683	679
683	680
683	682
683	686
683	687
683	688
683	696
683	697
683	810
684	468
684	492
684	495
684	497
684	500
684	503
684	515
684	529
684	531
684	532
684	533
684	540
684	551
684	555
684	557
684	597
684	606
684	608
684	614
684	629
684	631
684	633
684	645
684	646
684	648
684	649
684	652
684	658
684	660
684	665
684	674
684	675
684	677
684	687
684	689
684	691
684	694
684	695
684	697
684	979
685	475
685	498
685	504
685	524
685	525
685	526
685	527
685	536
685	552
685	565
685	568
685	587
685	603
685	610
685	615
685	617
685	620
685	621
685	623
685	626
685	637
685	640
685	642
685	645
685	656
685	660
685	664
685	665
685	666
685	668
685	671
685	672
685	674
685	677
685	680
685	686
685	688
685	695
685	696
685	697
685	865
686	350
686	499
686	525
686	532
686	545
686	552
686	553
686	568
686	570
686	586
686	588
686	602
686	613
686	617
686	619
686	621
686	623
686	624
686	626
686	627
686	632
686	637
686	639
686	641
686	642
686	645
686	650
686	660
686	663
686	664
686	665
686	670
686	671
686	677
686	683
686	685
686	687
686	688
686	690
686	697
686	988
687	157
687	383
687	495
687	507
687	512
687	520
687	521
687	534
687	541
687	542
687	545
687	549
687	560
687	566
687	569
687	570
687	573
687	577
687	578
687	580
687	586
687	589
687	599
687	604
687	619
687	628
687	632
687	634
687	641
687	646
687	653
687	666
687	667
687	670
687	671
687	672
687	673
687	683
687	684
687	686
687	689
687	693
688	31
688	126
688	498
688	499
688	505
688	506
688	518
688	525
688	528
688	529
688	531
688	542
688	545
688	551
688	552
688	553
688	577
688	586
688	589
688	592
688	602
688	610
688	613
688	615
688	617
688	620
688	636
688	637
688	645
688	647
688	659
688	665
688	671
688	675
688	676
688	677
688	683
688	685
688	686
688	689
688	696
688	697
689	409
689	454
689	501
689	506
689	508
689	515
689	527
689	531
689	532
689	534
689	535
689	545
689	546
689	560
689	581
689	582
689	587
689	588
689	591
689	592
689	593
689	598
689	609
689	623
689	625
689	630
689	643
689	644
689	646
689	656
689	663
689	668
689	674
689	680
689	681
689	682
689	684
689	687
689	688
689	692
689	694
689	843
690	482
690	494
690	495
690	502
690	508
690	509
690	514
690	517
690	544
690	547
690	550
690	558
690	567
690	572
690	576
690	579
690	585
690	600
690	605
690	607
690	609
690	611
690	614
690	622
690	625
690	628
690	630
690	635
690	637
690	638
690	639
690	641
690	655
690	658
690	659
690	664
690	669
690	676
690	681
690	686
690	695
690	791
691	492
691	494
691	495
691	500
691	515
691	518
691	525
691	529
691	532
691	533
691	551
691	555
691	556
691	561
691	589
691	595
691	606
691	608
691	612
691	614
691	618
691	629
691	631
691	634
691	646
691	649
691	651
691	652
691	656
691	657
691	658
691	662
691	664
691	665
691	667
691	674
691	676
691	679
691	680
691	684
691	695
691	697
691	844
691	974
692	193
692	238
692	497
692	501
692	507
692	508
692	527
692	531
692	533
692	534
692	535
692	539
692	546
692	547
692	562
692	566
692	573
692	581
692	582
692	587
692	588
692	592
692	593
692	597
692	598
692	618
692	621
692	623
692	633
692	643
692	644
692	645
692	652
692	655
692	661
692	672
692	674
692	679
692	680
692	681
692	682
692	689
692	694
692	697
693	455
693	493
693	503
693	504
693	511
693	530
693	538
693	543
693	555
693	559
693	562
693	563
693	574
693	575
693	596
693	600
693	611
693	613
693	621
693	622
693	624
693	627
693	636
693	646
693	647
693	649
693	650
693	654
693	657
693	660
693	661
693	663
693	665
693	667
693	673
693	674
693	675
693	678
693	679
693	682
693	687
693	694
693	696
693	697
693	885
694	54
694	426
694	501
694	508
694	519
694	527
694	531
694	534
694	535
694	546
694	558
694	566
694	567
694	573
694	581
694	582
694	587
694	588
694	592
694	593
694	598
694	613
694	619
694	623
694	627
694	628
694	632
694	633
694	636
694	643
694	644
694	651
694	659
694	666
694	669
694	674
694	679
694	680
694	681
694	682
694	684
694	689
694	692
694	693
694	695
694	696
695	448
695	473
695	492
695	502
695	515
695	517
695	524
695	532
695	533
695	540
695	543
695	544
695	551
695	555
695	556
695	557
695	567
695	575
695	576
695	578
695	596
695	608
695	612
695	614
695	624
695	629
695	631
695	633
695	636
695	642
695	646
695	649
695	652
695	656
695	657
695	658
695	660
695	661
695	667
695	670
695	674
695	684
695	685
695	690
695	691
695	694
695	851
696	460
696	497
696	506
696	511
696	530
696	532
696	537
696	539
696	562
696	565
696	574
696	575
696	584
696	591
696	597
696	600
696	601
696	604
696	608
696	618
696	622
696	624
696	631
696	633
696	636
696	642
696	643
696	644
696	645
696	648
696	650
696	654
696	657
696	663
696	664
696	670
696	673
696	677
696	678
696	679
696	683
696	685
696	688
696	693
696	694
696	697
696	847
696	980
697	52
697	170
697	253
697	499
697	505
697	512
697	518
697	524
697	525
697	526
697	528
697	532
697	539
697	552
697	566
697	568
697	569
697	588
697	602
697	610
697	612
697	615
697	617
697	620
697	621
697	624
697	626
697	627
697	631
697	637
697	639
697	640
697	642
697	645
697	653
697	664
697	665
697	670
697	671
697	674
697	677
697	683
697	684
697	685
697	686
697	688
697	691
697	692
697	693
697	696
698	755
698	761
698	776
698	784
698	798
698	815
698	819
698	837
698	841
698	847
699	340
699	712
699	727
699	770
699	777
699	778
699	782
699	799
699	817
699	820
700	737
700	744
700	753
700	832
700	834
700	840
700	845
700	850
700	912
701	755
701	763
701	809
701	822
701	827
701	828
701	831
701	843
701	847
701	853
702	740
702	795
702	807
702	823
702	825
702	845
702	846
702	851
702	852
702	1000
703	476
703	711
703	804
703	819
703	820
703	841
703	848
703	849
703	850
703	853
704	351
704	744
704	800
704	811
704	818
704	833
704	837
704	839
704	843
704	850
705	342
705	754
705	755
705	781
705	793
705	807
705	819
705	829
705	838
705	842
706	175
706	766
706	769
706	790
706	798
706	813
706	817
706	833
706	839
706	842
707	766
707	818
707	819
707	820
707	825
707	830
707	832
707	846
707	848
707	853
708	747
708	784
708	801
708	804
708	809
708	836
708	845
708	851
708	852
708	853
709	773
709	779
709	829
709	832
709	833
709	835
709	836
709	838
709	843
709	850
710	745
710	787
710	792
710	807
710	821
710	839
710	843
710	846
710	851
710	852
711	703
711	789
711	792
711	809
711	810
711	815
711	816
711	837
711	845
711	851
712	511
712	699
712	787
712	801
712	809
712	819
712	821
712	829
712	831
712	847
713	741
713	818
713	823
713	828
713	832
713	834
713	835
713	839
713	840
713	853
714	721
714	782
714	809
714	821
714	828
714	831
714	844
714	845
714	851
714	852
715	128
715	767
715	769
715	780
715	814
715	826
715	833
715	836
715	843
715	852
716	203
716	745
716	778
716	779
716	795
716	799
716	803
716	837
716	848
716	849
717	737
717	776
717	794
717	814
717	817
717	836
717	838
717	840
717	853
717	999
718	721
718	759
718	789
718	804
718	817
718	824
718	831
718	842
718	851
718	852
719	414
719	772
719	775
719	803
719	832
719	834
719	837
719	843
719	850
719	853
720	630
720	733
720	746
720	797
720	798
720	814
720	836
720	838
720	839
720	842
721	714
721	718
721	724
721	732
721	798
721	806
721	811
721	814
721	845
721	846
722	616
722	727
722	736
722	746
722	760
722	773
722	815
722	825
722	844
722	845
723	121
723	741
723	768
723	807
723	823
723	824
723	838
723	842
723	846
723	851
723	852
724	472
724	721
724	772
724	774
724	777
724	786
724	793
724	806
724	824
724	841
724	849
725	366
725	746
725	757
725	792
725	800
725	805
725	819
725	824
725	845
725	851
725	852
726	471
726	766
726	794
726	820
726	822
726	824
726	832
726	833
726	840
726	843
726	844
727	699
727	722
727	777
727	780
727	788
727	812
727	816
727	836
727	838
727	841
727	853
728	735
728	738
728	759
728	777
728	823
728	827
728	835
728	846
728	850
728	851
728	852
729	754
729	756
729	772
729	803
729	824
729	829
729	835
729	841
729	847
729	848
729	853
730	755
730	765
730	779
730	785
730	800
730	815
730	832
730	834
730	843
730	844
730	849
731	62
731	750
731	769
731	776
731	798
731	806
731	821
731	822
731	826
731	842
731	851
732	471
732	721
732	749
732	792
732	804
732	810
732	841
732	846
732	850
732	852
732	853
733	642
733	720
733	743
733	783
733	792
733	812
733	815
733	819
733	835
733	847
733	853
734	739
734	778
734	786
734	789
734	800
734	805
734	807
734	845
734	849
734	850
734	852
735	728
735	780
735	783
735	793
735	810
735	817
735	828
735	830
735	839
735	842
735	849
736	722
736	745
736	786
736	792
736	795
736	805
736	837
736	838
736	839
736	842
736	847
737	159
737	700
737	717
737	742
737	743
737	772
737	783
737	791
737	823
737	844
737	850
738	162
738	728
738	760
738	794
738	795
738	801
738	804
738	830
738	839
738	845
738	846
738	852
739	734
739	770
739	780
739	802
739	810
739	834
739	836
739	838
739	839
739	841
739	847
739	872
740	702
740	772
740	781
740	794
740	802
740	810
740	812
740	822
740	828
740	831
740	847
740	852
741	356
741	713
741	723
741	763
741	796
741	809
741	821
741	835
741	840
741	843
741	846
741	852
742	175
742	737
742	749
742	750
742	791
742	795
742	811
742	834
742	835
742	836
742	837
742	853
743	733
743	737
743	755
743	769
743	772
743	778
743	786
743	804
743	832
743	838
743	847
743	853
744	250
744	700
744	704
744	765
744	773
744	789
744	793
744	825
744	830
744	848
744	849
744	853
745	710
745	716
745	736
745	776
745	783
745	790
745	808
745	825
745	829
745	847
745	848
745	853
746	169
746	720
746	722
746	725
746	790
746	791
746	806
746	820
746	824
746	825
746	830
746	842
747	708
747	749
747	750
747	753
747	762
747	808
747	821
747	826
747	840
747	843
747	844
747	849
747	850
748	752
748	773
748	788
748	802
748	814
748	817
748	818
748	823
748	827
748	828
748	832
748	839
748	847
749	732
749	742
749	747
749	754
749	759
749	772
749	780
749	815
749	826
749	834
749	836
749	850
749	851
750	731
750	742
750	747
750	788
750	812
750	813
750	816
750	828
750	831
750	838
750	840
750	844
750	847
751	553
751	754
751	770
751	788
751	802
751	814
751	822
751	828
751	836
751	839
751	846
751	848
751	853
752	601
752	748
752	778
752	794
752	801
752	803
752	810
752	813
752	835
752	836
752	843
752	846
752	850
753	700
753	747
753	799
753	812
753	813
753	826
753	829
753	838
753	840
753	843
753	844
753	848
753	849
754	146
754	705
754	729
754	749
754	751
754	764
754	779
754	787
754	819
754	822
754	831
754	838
754	850
755	698
755	701
755	705
755	730
755	743
755	781
755	791
755	803
755	828
755	830
755	834
755	839
755	982
756	729
756	761
756	762
756	764
756	784
756	823
756	825
756	829
756	830
756	837
756	842
756	851
756	853
757	254
757	725
757	789
757	791
757	810
757	821
757	825
757	827
757	838
757	839
757	846
757	847
757	849
758	767
758	771
758	794
758	812
758	820
758	824
758	826
758	827
758	829
758	834
758	846
758	848
758	849
758	853
759	143
759	718
759	728
759	749
759	789
759	798
759	805
759	809
759	811
759	816
759	832
759	836
759	843
759	851
760	120
760	722
760	738
760	769
760	786
760	791
760	822
760	824
760	827
760	830
760	831
760	842
760	845
760	850
761	368
761	698
761	756
761	763
761	770
761	800
761	805
761	816
761	820
761	823
761	833
761	839
761	846
761	852
762	526
762	747
762	756
762	769
762	770
762	776
762	786
762	788
762	815
762	828
762	831
762	844
762	847
762	848
762	852
763	153
763	701
763	741
763	761
763	767
763	803
763	821
763	823
763	825
763	828
763	843
763	845
763	846
763	851
763	852
764	754
764	756
764	765
764	770
764	775
764	796
764	826
764	833
764	834
764	835
764	838
764	842
764	843
764	850
764	968
765	493
765	730
765	744
765	764
765	782
765	785
765	811
765	822
765	833
765	837
765	840
765	844
765	846
765	849
765	850
766	706
766	707
766	726
766	783
766	790
766	797
766	806
766	811
766	825
766	829
766	842
766	846
766	848
766	852
766	853
767	123
767	715
767	758
767	763
767	779
767	786
767	798
767	824
767	826
767	828
767	830
767	841
767	848
767	849
767	853
768	337
768	723
768	779
768	784
768	788
768	797
768	827
768	832
768	837
768	841
768	842
768	848
768	849
768	850
768	852
768	853
769	150
769	706
769	715
769	731
769	743
769	760
769	762
769	771
769	784
769	806
769	810
769	812
769	815
769	816
769	835
769	847
770	444
770	699
770	739
770	751
770	761
770	762
770	764
770	779
770	787
770	799
770	819
770	831
770	845
770	847
770	849
770	853
771	524
771	758
771	769
771	774
771	780
771	782
771	797
771	810
771	818
771	830
771	834
771	837
771	841
771	848
771	852
771	853
772	491
772	719
772	724
772	729
772	737
772	740
772	743
772	749
772	785
772	818
772	826
772	840
772	843
772	844
772	845
772	851
773	541
773	709
773	722
773	744
773	748
773	786
773	799
773	812
773	817
773	819
773	826
773	835
773	838
773	839
773	841
773	844
774	60
774	724
774	771
774	779
774	780
774	781
774	783
774	793
774	796
774	808
774	818
774	820
774	837
774	843
774	849
774	851
774	853
775	719
775	764
775	782
775	789
775	800
775	801
775	807
775	808
775	814
775	818
775	823
775	827
775	838
775	839
775	845
775	851
775	852
776	404
776	698
776	717
776	731
776	745
776	762
776	780
776	791
776	797
776	807
776	812
776	819
776	824
776	831
776	841
776	842
776	847
777	699
777	724
777	727
777	728
777	797
777	811
777	813
777	814
777	818
777	833
777	834
777	835
777	836
777	844
777	845
777	850
777	852
778	385
778	699
778	716
778	734
778	743
778	752
778	787
778	815
778	816
778	823
778	827
778	838
778	839
778	841
778	842
778	846
778	847
779	164
779	709
779	716
779	730
779	754
779	767
779	768
779	770
779	774
779	782
779	819
779	830
779	832
779	837
779	840
779	841
779	849
780	533
780	715
780	727
780	735
780	739
780	749
780	771
780	774
780	776
780	788
780	805
780	810
780	815
780	824
780	831
780	842
780	848
781	365
781	705
781	740
781	755
781	774
781	793
781	809
781	821
781	824
781	826
781	830
781	835
781	837
781	841
781	848
781	849
781	853
782	296
782	699
782	714
782	765
782	771
782	775
782	779
782	817
782	820
782	824
782	829
782	841
782	843
782	844
782	848
782	849
782	853
783	467
783	733
783	735
783	737
783	745
783	766
783	774
783	799
783	828
783	830
783	833
783	837
783	841
783	847
783	848
783	849
783	853
784	331
784	698
784	708
784	756
784	768
784	769
784	789
784	790
784	798
784	808
784	811
784	820
784	824
784	829
784	830
784	837
784	849
784	853
785	452
785	730
785	765
785	772
785	788
785	793
785	794
785	808
785	820
785	828
785	832
785	835
785	837
785	843
785	844
785	848
785	850
785	852
786	724
786	734
786	736
786	743
786	760
786	762
786	767
786	773
786	798
786	799
786	805
786	817
786	828
786	834
786	838
786	844
786	845
786	846
787	450
787	710
787	712
787	754
787	770
787	778
787	791
787	798
787	805
787	813
787	817
787	828
787	831
787	841
787	842
787	849
787	850
787	851
788	727
788	748
788	750
788	751
788	762
788	768
788	780
788	785
788	809
788	826
788	827
788	828
788	842
788	845
788	846
788	847
788	852
788	998
789	711
789	718
789	734
789	744
789	757
789	759
789	775
789	784
789	796
789	801
789	821
789	823
789	829
789	834
789	844
789	845
789	846
789	851
790	706
790	745
790	746
790	766
790	784
790	793
790	806
790	807
790	819
790	822
790	823
790	826
790	829
790	830
790	837
790	841
790	847
790	849
791	690
791	737
791	742
791	746
791	755
791	757
791	760
791	776
791	787
791	802
791	815
791	817
791	821
791	825
791	828
791	838
791	844
791	846
792	304
792	710
792	711
792	725
792	732
792	733
792	736
792	794
792	801
792	802
792	807
792	812
792	816
792	817
792	829
792	846
792	851
792	852
793	653
793	705
793	724
793	735
793	744
793	774
793	781
793	785
793	790
793	806
793	809
793	813
793	824
793	825
793	830
793	833
793	836
793	847
793	848
794	455
794	717
794	726
794	738
794	740
794	752
794	758
794	785
794	792
794	795
794	804
794	811
794	813
794	814
794	818
794	821
794	832
794	844
794	852
795	130
795	702
795	716
795	736
795	738
795	742
795	794
795	802
795	808
795	814
795	826
795	827
795	833
795	834
795	838
795	840
795	843
795	844
795	850
796	741
796	764
796	774
796	789
796	811
796	813
796	814
796	816
796	818
796	822
796	833
796	834
796	836
796	840
796	842
796	843
796	848
796	849
796	850
796	981
797	33
797	720
797	766
797	768
797	771
797	776
797	777
797	798
797	800
797	825
797	829
797	830
797	837
797	838
797	839
797	841
797	848
797	849
797	852
797	853
798	391
798	698
798	706
798	720
798	721
798	731
798	759
798	767
798	784
798	786
798	787
798	797
798	810
798	822
798	827
798	828
798	836
798	840
798	842
798	851
799	78
799	699
799	716
799	753
799	770
799	773
799	783
799	786
799	812
799	814
799	815
799	827
799	833
799	838
799	839
799	842
799	843
799	845
799	847
799	853
800	310
800	704
800	725
800	730
800	734
800	761
800	775
800	797
800	804
800	809
800	819
800	822
800	823
800	829
800	842
800	844
800	845
800	846
800	851
800	852
801	469
801	708
801	712
801	738
801	752
801	775
801	789
801	792
801	805
801	810
801	816
801	817
801	825
801	830
801	835
801	838
801	845
801	846
801	851
801	852
802	573
802	739
802	740
802	748
802	751
802	791
802	792
802	795
802	804
802	806
802	809
802	813
802	817
802	820
802	827
802	828
802	831
802	839
802	842
802	851
803	435
803	716
803	719
803	729
803	752
803	755
803	763
803	805
803	806
803	807
803	809
803	816
803	821
803	823
803	845
803	846
803	847
803	848
803	851
803	852
804	703
804	708
804	718
804	732
804	738
804	743
804	794
804	800
804	802
804	809
804	816
804	821
804	839
804	841
804	843
804	844
804	845
804	846
804	852
804	881
805	56
805	725
805	734
805	736
805	759
805	761
805	780
805	786
805	787
805	801
805	803
805	807
805	822
805	823
805	844
805	845
805	846
805	849
805	850
805	851
806	537
806	721
806	724
806	731
806	746
806	766
806	769
806	790
806	793
806	802
806	803
806	818
806	824
806	827
806	829
806	837
806	841
806	848
806	849
806	851
806	853
807	419
807	702
807	705
807	710
807	723
807	734
807	775
807	776
807	790
807	792
807	803
807	805
807	812
807	815
807	816
807	817
807	820
807	821
807	827
807	834
807	845
807	851
808	69
808	745
808	747
808	774
808	775
808	784
808	785
808	795
808	811
808	813
808	820
808	828
808	832
808	835
808	836
808	840
808	841
808	843
808	844
808	847
808	850
808	852
809	283
809	701
809	708
809	711
809	712
809	714
809	741
809	759
809	781
809	788
809	793
809	800
809	802
809	803
809	804
809	821
809	827
809	828
809	842
809	845
809	846
809	851
809	852
810	683
810	711
810	732
810	735
810	739
810	740
810	752
810	757
810	769
810	771
810	780
810	798
810	801
810	812
810	813
810	815
810	821
810	822
810	824
810	827
810	835
810	842
810	847
811	185
811	704
811	721
811	742
811	759
811	765
811	766
811	777
811	784
811	794
811	796
811	808
811	814
811	815
811	817
811	818
811	820
811	829
811	831
811	833
811	835
811	840
811	844
811	848
812	152
812	670
812	727
812	733
812	740
812	750
812	753
812	758
812	769
812	773
812	776
812	792
812	799
812	807
812	810
812	819
812	825
812	827
812	836
812	837
812	839
812	840
812	842
812	843
812	852
813	263
813	706
813	750
813	752
813	753
813	777
813	787
813	793
813	794
813	796
813	802
813	808
813	810
813	814
813	818
813	822
813	832
813	833
813	835
813	836
813	839
813	843
813	845
813	850
813	852
814	552
814	715
814	717
814	720
814	721
814	748
814	751
814	775
814	777
814	794
814	795
814	796
814	799
814	811
814	813
814	824
814	832
814	835
814	837
814	839
814	840
814	841
814	844
814	849
814	850
815	317
815	393
815	698
815	711
815	722
815	730
815	733
815	749
815	762
815	769
815	778
815	780
815	791
815	799
815	807
815	810
815	811
815	819
815	831
815	833
815	838
815	842
815	844
815	848
815	851
815	853
816	59
816	327
816	711
816	727
816	750
816	759
816	761
816	769
816	778
816	792
816	796
816	801
816	803
816	804
816	807
816	821
816	823
816	827
816	830
816	831
816	834
816	843
816	845
816	846
816	851
816	852
817	184
817	699
817	706
817	717
817	718
817	735
817	748
817	773
817	782
817	786
817	787
817	791
817	792
817	801
817	802
817	807
817	811
817	819
817	827
817	828
817	836
817	839
817	842
817	847
817	850
817	851
818	389
818	704
818	707
818	713
818	748
818	771
818	772
818	774
818	775
818	777
818	794
818	796
818	806
818	811
818	813
818	823
818	826
818	831
818	832
818	834
818	835
818	836
818	840
818	844
818	848
818	851
819	299
819	698
819	703
819	705
819	707
819	712
819	725
819	733
819	754
819	770
819	773
819	776
819	779
819	790
819	800
819	812
819	815
819	817
819	820
819	822
819	831
819	836
819	839
819	840
819	841
819	847
819	852
820	55
820	699
820	703
820	707
820	726
820	746
820	758
820	761
820	774
820	782
820	784
820	785
820	802
820	807
820	808
820	811
820	819
820	825
820	829
820	830
820	837
820	841
820	848
820	849
820	850
820	852
820	853
821	229
821	710
821	712
821	714
821	731
821	741
821	747
821	757
821	763
821	781
821	789
821	791
821	794
821	803
821	804
821	807
821	809
821	810
821	816
821	823
821	838
821	845
821	846
821	849
821	851
821	852
821	853
822	446
822	701
822	726
822	731
822	740
822	751
822	754
822	760
822	765
822	790
822	796
822	798
822	800
822	805
822	810
822	813
822	819
822	827
822	828
822	830
822	831
822	833
822	838
822	842
822	847
822	850
822	852
823	363
823	677
823	702
823	713
823	723
823	728
823	737
823	748
823	756
823	761
823	763
823	775
823	778
823	789
823	790
823	800
823	803
823	805
823	816
823	818
823	821
823	832
823	837
823	846
823	847
823	849
823	851
823	852
824	260
824	718
824	723
824	724
824	725
824	726
824	729
824	746
824	758
824	760
824	767
824	776
824	780
824	781
824	782
824	784
824	793
824	806
824	810
824	814
824	825
824	834
824	837
824	841
824	847
824	848
824	849
824	850
824	853
825	146
825	662
825	702
825	707
825	722
825	744
825	745
825	746
825	756
825	757
825	763
825	766
825	791
825	793
825	797
825	801
825	812
825	820
825	824
825	831
825	836
825	837
825	840
825	841
825	843
825	844
825	848
825	849
825	853
826	20
826	401
826	715
826	731
826	747
826	749
826	753
826	758
826	764
826	767
826	772
826	773
826	781
826	788
826	790
826	795
826	818
826	829
826	831
826	832
826	833
826	834
826	835
826	840
826	843
826	844
826	845
826	846
826	850
827	64
827	625
827	701
827	728
827	748
827	757
827	758
827	760
827	768
827	775
827	778
827	788
827	795
827	798
827	799
827	802
827	806
827	807
827	809
827	810
827	812
827	816
827	817
827	822
827	833
827	839
827	840
827	842
827	847
828	301
828	701
828	713
828	714
828	735
828	740
828	748
828	750
828	751
828	755
828	762
828	763
828	767
828	783
828	785
828	786
828	787
828	788
828	791
828	798
828	802
828	808
828	809
828	817
828	822
828	829
828	831
828	833
828	843
828	848
829	668
829	705
829	709
829	712
829	729
829	745
829	753
829	756
829	758
829	766
829	782
829	784
829	789
829	790
829	792
829	797
829	800
829	806
829	811
829	820
829	826
829	828
829	830
829	833
829	837
829	841
829	846
829	848
829	849
829	851
829	853
830	346
830	707
830	735
830	738
830	744
830	746
830	755
830	756
830	760
830	767
830	771
830	779
830	781
830	783
830	784
830	790
830	793
830	797
830	801
830	816
830	820
830	822
830	829
830	835
830	838
830	844
830	845
830	848
830	849
830	850
830	852
830	853
831	270
831	701
831	712
831	714
831	718
831	740
831	750
831	754
831	760
831	762
831	770
831	776
831	780
831	787
831	802
831	811
831	815
831	816
831	818
831	819
831	822
831	825
831	826
831	828
831	832
831	836
831	838
831	839
831	843
831	848
831	851
831	853
832	466
832	700
832	707
832	709
832	713
832	719
832	726
832	730
832	743
832	748
832	759
832	768
832	779
832	785
832	794
832	808
832	813
832	814
832	818
832	823
832	826
832	831
832	834
832	835
832	840
832	844
832	846
832	847
832	848
832	850
832	853
832	950
833	490
833	704
833	706
833	709
833	715
833	726
833	761
833	764
833	765
833	777
833	783
833	793
833	795
833	796
833	799
833	811
833	813
833	815
833	822
833	826
833	827
833	828
833	829
833	834
833	835
833	836
833	839
833	842
833	843
833	844
833	847
833	850
834	421
834	424
834	700
834	713
834	719
834	730
834	739
834	742
834	749
834	755
834	758
834	764
834	771
834	777
834	786
834	789
834	795
834	796
834	807
834	816
834	818
834	824
834	826
834	832
834	833
834	835
834	836
834	839
834	842
834	844
834	845
834	850
834	851
835	442
835	709
835	713
835	728
835	729
835	733
835	741
835	742
835	752
835	764
835	769
835	773
835	777
835	781
835	785
835	801
835	808
835	810
835	811
835	813
835	814
835	818
835	826
835	830
835	832
835	833
835	834
835	836
835	840
835	842
835	847
835	850
835	853
836	248
836	597
836	708
836	709
836	715
836	717
836	720
836	727
836	739
836	742
836	749
836	751
836	752
836	759
836	777
836	793
836	796
836	798
836	808
836	812
836	813
836	817
836	818
836	819
836	825
836	831
836	833
836	834
836	835
836	840
836	843
836	844
836	850
837	402
837	663
837	698
837	704
837	711
837	716
837	719
837	736
837	742
837	756
837	765
837	768
837	771
837	774
837	779
837	781
837	783
837	784
837	785
837	790
837	797
837	806
837	812
837	814
837	820
837	823
837	824
837	825
837	829
837	840
837	841
837	849
837	851
837	853
838	352
838	705
838	709
838	717
838	720
838	723
838	727
838	736
838	739
838	743
838	750
838	753
838	754
838	757
838	764
838	773
838	775
838	778
838	786
838	791
838	795
838	797
838	799
838	801
838	815
838	821
838	822
838	830
838	831
838	842
838	845
838	848
838	849
838	932
839	704
839	706
839	710
839	713
839	720
839	735
839	736
839	738
839	739
839	748
839	751
839	755
839	757
839	761
839	773
839	775
839	778
839	797
839	799
839	802
839	804
839	812
839	813
839	814
839	817
839	819
839	827
839	831
839	833
839	834
839	841
839	847
839	851
839	966
839	972
840	330
840	463
840	700
840	713
840	717
840	726
840	741
840	747
840	750
840	753
840	765
840	772
840	779
840	795
840	796
840	798
840	808
840	811
840	812
840	814
840	818
840	819
840	825
840	826
840	827
840	832
840	835
840	836
840	837
840	843
840	844
840	845
840	847
840	849
840	850
840	851
840	853
841	589
841	698
841	703
841	724
841	727
841	729
841	732
841	739
841	767
841	768
841	771
841	773
841	776
841	778
841	779
841	781
841	782
841	783
841	787
841	790
841	797
841	804
841	806
841	808
841	814
841	819
841	820
841	824
841	825
841	829
841	837
841	839
841	844
841	848
841	849
841	850
841	853
841	955
842	255
842	434
842	705
842	706
842	718
842	720
842	723
842	731
842	735
842	736
842	746
842	756
842	760
842	764
842	766
842	768
842	776
842	778
842	780
842	787
842	788
842	796
842	798
842	799
842	800
842	802
842	809
842	810
842	812
842	815
842	817
842	822
842	827
842	833
842	834
842	835
842	838
842	843
842	846
842	847
842	848
843	426
843	478
843	689
843	701
843	704
843	709
843	710
843	715
843	719
843	726
843	730
843	741
843	747
843	752
843	753
843	759
843	763
843	764
843	772
843	774
843	782
843	785
843	795
843	796
843	799
843	804
843	808
843	812
843	813
843	816
843	825
843	826
843	828
843	831
843	833
843	836
843	840
843	842
843	844
843	845
843	847
843	850
844	212
844	691
844	714
844	722
844	726
844	730
844	737
844	747
844	750
844	753
844	762
844	765
844	772
844	773
844	777
844	782
844	785
844	786
844	789
844	791
844	794
844	795
844	800
844	804
844	805
844	808
844	811
844	814
844	815
844	818
844	825
844	826
844	830
844	832
844	833
844	834
844	836
844	840
844	841
844	843
844	850
844	853
845	187
845	700
845	702
845	708
845	711
845	714
845	721
845	722
845	725
845	734
845	738
845	760
845	763
845	770
845	772
845	775
845	777
845	786
845	788
845	789
845	799
845	800
845	801
845	803
845	804
845	805
845	807
845	809
845	813
845	816
845	821
845	826
845	830
845	834
845	838
845	840
845	843
845	846
845	847
845	848
845	851
845	852
845	892
846	80
846	265
846	702
846	707
846	710
846	721
846	723
846	728
846	732
846	738
846	741
846	751
846	752
846	757
846	758
846	761
846	763
846	765
846	766
846	778
846	786
846	788
846	789
846	791
846	792
846	800
846	801
846	803
846	804
846	805
846	809
846	816
846	821
846	823
846	826
846	829
846	832
846	842
846	845
846	848
846	850
846	851
846	852
847	637
847	696
847	698
847	701
847	712
847	729
847	733
847	736
847	739
847	740
847	743
847	745
847	748
847	750
847	757
847	762
847	769
847	770
847	776
847	778
847	783
847	788
847	790
847	793
847	799
847	803
847	808
847	810
847	817
847	819
847	822
847	823
847	824
847	827
847	832
847	833
847	835
847	839
847	840
847	842
847	843
847	845
847	849
847	850
847	851
848	252
848	569
848	703
848	707
848	716
848	729
848	744
848	745
848	751
848	753
848	758
848	762
848	766
848	767
848	768
848	771
848	780
848	781
848	782
848	783
848	785
848	793
848	796
848	797
848	803
848	806
848	811
848	815
848	818
848	820
848	824
848	825
848	828
848	829
848	830
848	831
848	832
848	838
848	841
848	842
848	845
848	846
848	849
848	852
848	853
849	643
849	682
849	703
849	716
849	724
849	730
849	734
849	735
849	744
849	747
849	753
849	757
849	758
849	765
849	767
849	768
849	770
849	774
849	779
849	781
849	782
849	783
849	784
849	787
849	790
849	796
849	797
849	805
849	806
849	814
849	820
849	821
849	823
849	824
849	825
849	829
849	830
849	837
849	838
849	840
849	841
849	847
849	848
849	852
849	853
850	182
850	700
850	703
850	704
850	709
850	719
850	728
850	732
850	734
850	737
850	747
850	749
850	752
850	754
850	760
850	764
850	765
850	768
850	777
850	785
850	787
850	795
850	796
850	805
850	808
850	813
850	814
850	817
850	820
850	822
850	824
850	826
850	830
850	832
850	833
850	834
850	835
850	836
850	840
850	841
850	843
850	844
850	846
850	847
850	853
850	941
850	953
851	81
851	695
851	702
851	708
851	710
851	711
851	714
851	718
851	723
851	725
851	728
851	731
851	749
851	756
851	759
851	763
851	772
851	774
851	775
851	787
851	789
851	792
851	798
851	800
851	801
851	802
851	803
851	805
851	806
851	807
851	809
851	815
851	816
851	817
851	818
851	821
851	823
851	829
851	831
851	834
851	837
851	839
851	840
851	845
851	846
851	847
851	852
852	399
852	702
852	708
852	710
852	714
852	715
852	718
852	723
852	725
852	728
852	732
852	734
852	738
852	740
852	741
852	761
852	762
852	763
852	766
852	768
852	771
852	775
852	777
852	785
852	788
852	792
852	794
852	797
852	800
852	801
852	803
852	804
852	808
852	809
852	812
852	813
852	816
852	819
852	820
852	821
852	822
852	823
852	830
852	845
852	846
852	848
852	849
852	851
852	992
853	603
853	701
853	703
853	707
853	708
853	713
853	717
853	719
853	727
853	729
853	732
853	733
853	742
853	743
853	744
853	745
853	751
853	756
853	758
853	766
853	767
853	768
853	770
853	771
853	774
853	781
853	782
853	783
853	784
853	797
853	799
853	806
853	815
853	820
853	821
853	824
853	825
853	829
853	830
853	831
853	832
853	835
853	837
853	840
853	841
853	844
853	848
853	849
853	850
853	914
854	469
854	862
854	932
854	959
854	961
854	970
854	979
854	985
854	986
854	996
855	857
855	862
855	914
855	949
855	952
855	967
855	978
855	987
855	990
855	992
856	892
856	900
856	925
856	952
856	958
856	960
856	980
856	984
856	989
856	990
857	360
857	855
857	922
857	966
857	983
857	989
857	990
857	994
857	995
857	1000
858	881
858	923
858	947
858	951
858	957
858	961
858	974
858	988
858	992
858	994
859	889
859	908
859	927
859	934
859	935
859	942
859	965
859	974
859	984
859	990
860	679
860	865
860	927
860	946
860	971
860	972
860	973
860	986
860	996
860	1000
861	869
861	904
861	928
861	960
861	965
861	974
861	982
861	984
861	993
861	999
862	854
862	855
862	918
862	922
862	935
862	942
862	960
862	962
862	974
862	983
863	578
863	902
863	904
863	906
863	907
863	932
863	965
863	966
863	971
863	998
864	403
864	900
864	903
864	910
864	960
864	963
864	983
864	988
864	990
864	992
865	685
865	860
865	911
865	919
865	934
865	936
865	937
865	940
865	951
865	970
866	298
866	915
866	947
866	954
866	958
866	963
866	986
866	987
866	994
866	1000
867	880
867	889
867	906
867	907
867	919
867	943
867	950
867	978
867	996
867	998
868	379
868	898
868	919
868	943
868	960
868	968
868	970
868	980
868	992
868	996
869	415
869	861
869	885
869	888
869	936
869	969
869	971
869	975
869	985
869	991
870	9
870	879
870	917
870	945
870	947
870	950
870	957
870	958
870	981
870	991
871	899
871	907
871	938
871	940
871	954
871	975
871	977
871	980
871	997
871	1000
872	739
872	904
872	915
872	923
872	926
872	937
872	944
872	990
872	994
872	998
873	109
873	882
873	904
873	911
873	919
873	954
873	956
873	967
873	978
873	990
874	408
874	893
874	915
874	917
874	924
874	949
874	955
874	967
874	971
874	998
874	999
875	459
875	879
875	907
875	923
875	944
875	958
875	977
875	978
875	980
875	995
875	999
876	380
876	933
876	948
876	960
876	966
876	978
876	987
876	989
876	991
876	995
876	999
877	891
877	943
877	950
877	957
877	966
877	974
877	975
877	985
877	991
877	995
877	1000
878	497
878	880
878	889
878	921
878	936
878	943
878	956
878	965
878	986
878	988
878	1000
879	870
879	875
879	902
879	922
879	941
879	956
879	957
879	989
879	992
879	996
880	867
880	878
880	926
880	927
880	948
880	964
880	975
880	992
880	998
880	999
880	1000
881	804
881	858
881	883
881	917
881	948
881	952
881	956
881	977
881	980
881	981
881	989
882	481
882	873
882	883
882	897
882	913
882	948
882	960
882	967
882	995
882	998
882	999
883	95
883	881
883	882
883	924
883	958
883	963
883	972
883	978
883	979
883	994
883	997
884	473
884	886
884	924
884	942
884	958
884	973
884	978
884	982
884	985
884	991
884	995
885	693
885	869
885	888
885	910
885	925
885	940
885	960
885	963
885	985
885	987
885	1000
886	884
886	908
886	916
886	921
886	938
886	975
886	980
886	983
886	990
886	997
886	999
887	328
887	890
887	896
887	930
887	944
887	948
887	955
887	981
887	984
887	991
887	995
888	869
888	885
888	891
888	902
888	963
888	966
888	977
888	981
888	994
888	995
888	1000
889	859
889	867
889	878
889	920
889	939
889	968
889	985
889	991
889	994
889	996
889	1000
890	887
890	915
890	956
890	957
890	960
890	976
890	978
890	990
890	993
890	998
890	1000
891	437
891	877
891	888
891	943
891	944
891	946
891	947
891	963
891	970
891	987
891	989
892	845
892	856
892	906
892	947
892	954
892	964
892	971
892	977
892	987
892	988
892	992
892	996
893	874
893	896
893	900
893	910
893	924
893	930
893	957
893	960
893	962
893	972
893	989
893	995
894	449
894	899
894	909
894	946
894	956
894	964
894	973
894	974
894	990
894	993
894	997
894	999
895	468
895	913
895	922
895	929
895	931
895	935
895	972
895	981
895	985
895	989
895	993
895	997
896	268
896	887
896	893
896	923
896	939
896	974
896	978
896	979
896	982
896	994
896	997
896	1000
897	489
897	882
897	929
897	949
897	951
897	952
897	962
897	972
897	973
897	977
897	983
897	991
898	478
898	868
898	931
898	933
898	934
898	935
898	946
898	962
898	964
898	979
898	984
898	996
899	871
899	894
899	909
899	944
899	947
899	948
899	949
899	959
899	978
899	989
899	996
899	1000
900	429
900	856
900	864
900	893
900	918
900	921
900	936
900	945
900	978
900	986
900	992
900	995
900	996
901	483
901	920
901	933
901	966
901	972
901	975
901	986
901	991
901	993
901	995
901	996
901	997
901	1000
902	863
902	879
902	888
902	923
902	925
902	933
902	942
902	980
902	988
902	992
902	993
902	998
902	999
903	864
903	905
903	930
903	931
903	932
903	937
903	944
903	951
903	955
903	966
903	971
903	991
903	1000
904	590
904	861
904	863
904	872
904	873
904	911
904	915
904	922
904	936
904	951
904	986
904	991
904	999
905	261
905	903
905	915
905	932
905	947
905	949
905	963
905	964
905	972
905	985
905	988
905	992
905	996
906	173
906	863
906	867
906	892
906	921
906	938
906	940
906	954
906	976
906	977
906	987
906	991
906	1000
907	863
907	867
907	871
907	875
907	912
907	926
907	939
907	943
907	963
907	966
907	985
907	987
907	990
908	859
908	886
908	910
908	920
908	928
908	936
908	949
908	955
908	967
908	973
908	974
908	983
908	990
909	543
909	894
909	899
909	962
909	971
909	973
909	975
909	984
909	986
909	991
909	994
909	996
909	1000
910	864
910	885
910	893
910	908
910	928
910	953
910	955
910	968
910	974
910	984
910	989
910	993
910	998
911	865
911	873
911	904
911	916
911	924
911	952
911	954
911	966
911	971
911	981
911	983
911	990
911	998
912	700
912	907
912	933
912	934
912	939
912	941
912	953
912	967
912	979
912	989
912	994
912	996
912	1000
913	418
913	882
913	895
913	930
913	949
913	960
913	969
913	972
913	975
913	980
913	981
913	982
913	986
913	995
914	853
914	855
914	934
914	955
914	965
914	966
914	969
914	974
914	980
914	988
914	994
914	995
914	998
914	1000
915	441
915	866
915	872
915	874
915	890
915	904
915	905
915	941
915	945
915	947
915	972
915	981
915	982
915	997
916	198
916	886
916	911
916	923
916	925
916	947
916	963
916	964
916	973
916	976
916	979
916	984
916	993
916	997
917	870
917	874
917	881
917	934
917	946
917	949
917	951
917	956
917	963
917	968
917	970
917	995
917	997
917	1000
918	528
918	862
918	900
918	921
918	938
918	942
918	946
918	950
918	963
918	969
918	981
918	988
918	990
918	998
919	865
919	867
919	868
919	873
919	955
919	962
919	969
919	972
919	974
919	979
919	991
919	994
919	997
919	998
920	177
920	889
920	901
920	908
920	921
920	926
920	947
920	952
920	956
920	975
920	983
920	986
920	988
920	991
920	996
921	878
921	886
921	900
921	906
921	918
921	920
921	953
921	967
921	983
921	992
921	993
921	996
921	998
921	999
921	1000
922	193
922	857
922	862
922	879
922	895
922	904
922	941
922	942
922	947
922	948
922	959
922	961
922	974
922	980
922	999
923	53
923	858
923	872
923	875
923	896
923	902
923	916
923	936
923	939
923	955
923	987
923	989
923	993
923	994
923	998
924	376
924	874
924	883
924	884
924	893
924	911
924	929
924	938
924	941
924	958
924	967
924	971
924	972
924	976
924	998
925	856
925	885
925	902
925	916
925	933
925	934
925	953
925	965
925	969
925	972
925	977
925	981
925	983
925	990
925	994
926	872
926	880
926	907
926	920
926	942
926	943
926	945
926	947
926	963
926	985
926	987
926	991
926	994
926	996
926	998
927	188
927	859
927	860
927	880
927	943
927	949
927	956
927	964
927	966
927	968
927	971
927	972
927	973
927	986
927	992
927	996
928	631
928	861
928	908
928	910
928	951
928	974
928	976
928	978
928	985
928	987
928	992
928	993
928	994
928	997
928	998
928	999
929	406
929	895
929	897
929	924
929	935
929	936
929	956
929	966
929	967
929	974
929	975
929	978
929	988
929	994
929	996
929	997
930	477
930	887
930	893
930	903
930	913
930	937
930	941
930	946
930	950
930	953
930	967
930	977
930	979
930	995
930	998
930	999
931	423
931	895
931	898
931	903
931	934
931	935
931	937
931	958
931	968
931	969
931	976
931	982
931	988
931	997
931	998
931	999
932	838
932	854
932	863
932	903
932	905
932	942
932	944
932	956
932	957
932	959
932	964
932	973
932	974
932	975
932	984
932	991
933	82
933	876
933	898
933	901
933	902
933	912
933	925
933	942
933	948
933	950
933	962
933	973
933	979
933	990
933	991
933	993
934	859
934	865
934	898
934	912
934	914
934	917
934	925
934	931
934	936
934	939
934	952
934	971
934	973
934	978
934	981
934	983
934	986
935	472
935	859
935	862
935	895
935	898
935	929
935	931
935	946
935	954
935	964
935	973
935	982
935	990
935	991
935	994
935	995
935	996
936	434
936	865
936	869
936	878
936	900
936	904
936	908
936	923
936	929
936	934
936	941
936	961
936	968
936	974
936	979
936	982
936	996
937	865
937	872
937	903
937	930
937	931
937	943
937	955
937	958
937	965
937	977
937	982
937	987
937	988
937	993
937	996
937	999
937	1000
938	244
938	871
938	886
938	906
938	918
938	924
938	940
938	945
938	950
938	965
938	969
938	979
938	989
938	990
938	994
938	995
938	998
939	485
939	889
939	896
939	907
939	912
939	923
939	934
939	943
939	948
939	949
939	965
939	974
939	982
939	986
939	996
939	997
939	999
940	677
940	865
940	871
940	885
940	906
940	938
940	946
940	961
940	964
940	971
940	985
940	986
940	991
940	992
940	993
940	995
940	996
941	850
941	879
941	912
941	915
941	922
941	924
941	930
941	936
941	948
941	951
941	953
941	961
941	974
941	976
941	980
941	993
941	994
941	999
942	320
942	859
942	862
942	884
942	902
942	918
942	922
942	926
942	932
942	933
942	953
942	969
942	976
942	978
942	981
942	984
942	985
942	993
942	997
943	591
943	867
943	868
943	877
943	878
943	891
943	907
943	926
943	927
943	937
943	939
943	946
943	956
943	959
943	969
943	978
943	979
943	996
943	1000
944	443
944	872
944	875
944	887
944	891
944	899
944	903
944	932
944	947
944	962
944	964
944	965
944	966
944	968
944	981
944	986
944	991
944	999
944	1000
945	137
945	870
945	900
945	915
945	926
945	938
945	957
945	958
945	962
945	967
945	973
945	974
945	976
945	978
945	983
945	985
945	989
945	990
945	997
946	490
946	860
946	891
946	894
946	898
946	917
946	918
946	930
946	935
946	940
946	943
946	948
946	949
946	950
946	965
946	970
946	979
946	982
946	990
947	477
947	858
947	866
947	870
947	891
947	892
947	899
947	905
947	915
947	916
947	920
947	922
947	926
947	944
947	966
947	971
947	987
947	995
947	996
948	91
948	876
948	880
948	881
948	882
948	887
948	899
948	922
948	933
948	939
948	941
948	946
948	950
948	951
948	971
948	990
948	992
948	994
948	997
948	1000
949	207
949	855
949	874
949	897
949	899
949	905
949	908
949	913
949	917
949	927
949	939
949	946
949	956
949	959
949	968
949	969
949	972
949	989
949	994
949	997
950	832
950	867
950	870
950	877
950	918
950	930
950	933
950	938
950	946
950	948
950	956
950	957
950	960
950	970
950	979
950	983
950	989
950	990
950	998
950	1000
951	609
951	858
951	865
951	897
951	903
951	904
951	917
951	928
951	941
951	948
951	961
951	967
951	972
951	982
951	983
951	985
951	988
951	989
951	997
951	999
952	172
952	855
952	856
952	881
952	897
952	911
952	920
952	934
952	953
952	958
952	961
952	965
952	969
952	970
952	976
952	980
952	984
952	990
952	992
952	994
953	850
953	910
953	912
953	921
953	925
953	930
953	941
953	942
953	952
953	956
953	973
953	981
953	985
953	986
953	988
953	992
953	995
953	998
953	999
953	1000
954	8
954	866
954	871
954	873
954	892
954	906
954	911
954	935
954	955
954	960
954	964
954	973
954	975
954	983
954	985
954	986
954	991
954	995
954	996
954	1000
955	841
955	874
955	887
955	903
955	908
955	910
955	914
955	919
955	923
955	937
955	954
955	961
955	968
955	969
955	976
955	977
955	994
955	996
955	998
955	999
956	73
956	873
956	878
956	879
956	881
956	890
956	894
956	917
956	920
956	927
956	929
956	932
956	943
956	949
956	950
956	953
956	970
956	973
956	979
956	992
956	997
957	607
957	858
957	870
957	877
957	879
957	890
957	893
957	932
957	945
957	950
957	965
957	968
957	972
957	975
957	977
957	982
957	990
957	992
957	994
957	997
957	1000
958	309
958	856
958	866
958	870
958	875
958	883
958	884
958	924
958	931
958	937
958	945
958	952
958	962
958	972
958	976
958	983
958	987
958	988
958	990
958	992
958	993
959	116
959	854
959	899
959	922
959	932
959	943
959	949
959	961
959	964
959	966
959	971
959	974
959	975
959	976
959	979
959	980
959	984
959	991
959	992
959	996
959	1000
960	447
960	856
960	861
960	862
960	864
960	868
960	876
960	882
960	885
960	890
960	893
960	913
960	950
960	954
960	961
960	983
960	993
960	994
960	995
960	997
960	998
961	2
961	854
961	858
961	922
961	936
961	940
961	941
961	951
961	952
961	955
961	959
961	960
961	967
961	968
961	977
961	981
961	984
961	988
961	997
961	998
961	999
962	412
962	862
962	893
962	897
962	898
962	909
962	919
962	933
962	944
962	945
962	958
962	965
962	973
962	977
962	978
962	979
962	984
962	989
962	992
962	994
962	999
963	192
963	864
963	866
963	883
963	885
963	888
963	891
963	905
963	907
963	916
963	917
963	918
963	926
963	979
963	981
963	985
963	986
963	988
963	991
963	995
963	996
963	1000
964	84
964	880
964	892
964	894
964	898
964	905
964	916
964	927
964	932
964	935
964	940
964	944
964	954
964	959
964	971
964	972
964	975
964	983
964	985
964	990
964	997
964	998
965	665
965	859
965	861
965	863
965	878
965	914
965	925
965	937
965	938
965	939
965	944
965	946
965	952
965	957
965	962
965	972
965	973
965	983
965	987
965	993
965	994
965	997
966	839
966	857
966	863
966	876
966	877
966	888
966	901
966	903
966	907
966	911
966	914
966	927
966	929
966	944
966	947
966	959
966	969
966	971
966	993
966	994
966	996
966	1000
967	451
967	855
967	873
967	874
967	882
967	908
967	912
967	921
967	924
967	929
967	930
967	945
967	951
967	961
967	968
967	978
967	980
967	981
967	982
967	984
967	992
967	993
967	997
968	764
968	868
968	889
968	910
968	917
968	927
968	931
968	936
968	944
968	949
968	955
968	957
968	961
968	967
968	969
968	970
968	976
968	977
968	986
968	987
968	993
968	996
968	998
968	999
969	355
969	869
969	913
969	914
969	918
969	919
969	925
969	931
969	938
969	942
969	943
969	949
969	952
969	955
969	966
969	968
969	977
969	979
969	982
969	987
969	993
969	995
969	998
969	1000
970	484
970	599
970	854
970	865
970	868
970	891
970	917
970	946
970	950
970	952
970	956
970	968
970	974
970	976
970	977
970	979
970	981
970	982
970	984
970	987
970	988
970	993
970	995
970	999
971	151
971	860
971	863
971	869
971	874
971	892
971	903
971	909
971	911
971	924
971	927
971	934
971	940
971	947
971	948
971	959
971	964
971	966
971	979
971	984
971	991
971	994
971	997
971	998
971	1000
972	839
972	860
972	883
972	893
972	895
972	897
972	901
972	905
972	913
972	915
972	919
972	924
972	925
972	927
972	949
972	951
972	957
972	958
972	964
972	965
972	973
972	984
972	989
972	991
972	994
972	999
973	68
973	860
973	884
973	894
973	897
973	908
973	909
973	916
973	927
973	932
973	933
973	934
973	935
973	945
973	953
973	954
973	956
973	962
973	965
973	972
973	989
973	993
973	994
973	997
973	999
973	1000
974	691
974	858
974	859
974	861
974	862
974	877
974	894
974	896
974	908
974	910
974	914
974	919
974	922
974	928
974	929
974	932
974	936
974	939
974	941
974	945
974	959
974	970
974	976
974	983
974	988
974	994
975	561
975	869
975	871
975	877
975	880
975	886
975	901
975	909
975	913
975	920
975	929
975	932
975	954
975	957
975	959
975	964
975	976
975	979
975	980
975	984
975	985
975	986
975	989
975	993
975	996
975	999
975	1000
976	678
976	890
976	906
976	916
976	924
976	928
976	931
976	941
976	942
976	945
976	952
976	955
976	958
976	959
976	968
976	970
976	974
976	975
976	981
976	982
976	983
976	984
976	987
976	989
976	990
976	995
976	999
977	129
977	185
977	871
977	875
977	881
977	888
977	892
977	897
977	906
977	925
977	930
977	937
977	955
977	957
977	961
977	962
977	968
977	969
977	970
977	978
977	985
977	988
977	992
977	995
977	997
977	998
977	999
978	153
978	485
978	855
978	867
978	873
978	875
978	876
978	883
978	884
978	890
978	896
978	899
978	900
978	928
978	929
978	934
978	942
978	943
978	945
978	962
978	967
978	977
978	980
978	987
978	988
978	995
978	999
979	684
979	854
979	883
979	896
979	898
979	912
979	916
979	919
979	930
979	933
979	936
979	938
979	943
979	946
979	950
979	956
979	959
979	962
979	963
979	969
979	970
979	971
979	975
979	980
979	983
979	984
979	989
979	997
979	1000
980	696
980	856
980	868
980	871
980	875
980	881
980	886
980	902
980	913
980	914
980	922
980	941
980	952
980	959
980	967
980	975
980	978
980	979
980	986
980	987
980	988
980	989
980	992
980	993
980	995
980	996
980	997
980	998
980	999
981	796
981	870
981	881
981	887
981	888
981	895
981	911
981	913
981	915
981	918
981	925
981	934
981	942
981	944
981	953
981	961
981	963
981	967
981	970
981	976
981	982
981	984
981	988
981	992
981	993
981	994
981	995
981	996
981	998
982	755
982	861
982	884
982	896
982	913
982	915
982	931
982	935
982	936
982	937
982	939
982	946
982	951
982	957
982	967
982	969
982	970
982	976
982	981
982	983
982	984
982	987
982	988
982	989
982	990
982	991
982	992
982	993
982	999
983	182
983	487
983	857
983	862
983	864
983	886
983	897
983	908
983	911
983	920
983	921
983	925
983	934
983	945
983	950
983	951
983	954
983	958
983	960
983	964
983	965
983	974
983	976
983	979
983	982
983	987
983	989
983	997
983	999
984	672
984	856
984	859
984	861
984	887
984	898
984	909
984	910
984	916
984	932
984	942
984	952
984	959
984	961
984	962
984	967
984	970
984	971
984	972
984	975
984	976
984	979
984	981
984	982
984	987
984	988
984	992
984	994
984	997
984	998
985	144
985	456
985	854
985	869
985	877
985	884
985	885
985	889
985	895
985	905
985	907
985	926
985	928
985	940
985	942
985	945
985	951
985	953
985	954
985	963
985	964
985	975
985	977
985	986
985	988
985	991
985	992
985	998
985	999
985	1000
986	200
986	854
986	860
986	866
986	878
986	900
986	901
986	904
986	909
986	913
986	920
986	927
986	934
986	939
986	940
986	944
986	953
986	954
986	963
986	968
986	975
986	980
986	985
986	990
986	991
986	995
986	996
986	997
986	999
986	1000
987	186
987	362
987	855
987	866
987	876
987	885
987	891
987	892
987	906
987	907
987	923
987	926
987	928
987	937
987	947
987	958
987	965
987	968
987	969
987	970
987	976
987	978
987	980
987	982
987	983
987	984
987	989
987	994
987	995
987	998
987	999
988	686
988	858
988	864
988	878
988	892
988	902
988	905
988	914
988	918
988	920
988	929
988	931
988	937
988	951
988	953
988	958
988	961
988	963
988	970
988	974
988	977
988	978
988	980
988	981
988	982
988	984
988	985
988	989
988	991
988	995
988	999
989	536
989	856
989	857
989	876
989	879
989	881
989	891
989	893
989	895
989	899
989	910
989	912
989	923
989	938
989	945
989	949
989	950
989	951
989	962
989	972
989	973
989	975
989	976
989	979
989	980
989	982
989	983
989	987
989	988
989	990
989	998
989	1000
990	461
990	855
990	856
990	857
990	859
990	864
990	872
990	873
990	886
990	890
990	894
990	907
990	908
990	911
990	918
990	925
990	933
990	935
990	938
990	945
990	946
990	948
990	950
990	952
990	957
990	958
990	964
990	976
990	982
990	986
990	989
990	994
990	995
990	997
990	1000
991	211
991	247
991	869
991	870
991	876
991	877
991	884
991	887
991	889
991	897
991	901
991	903
991	904
991	906
991	909
991	919
991	920
991	926
991	932
991	933
991	935
991	940
991	944
991	954
991	959
991	963
991	971
991	972
991	982
991	985
991	986
991	988
991	996
991	999
991	1000
992	13
992	852
992	855
992	858
992	864
992	868
992	879
992	880
992	892
992	900
992	902
992	905
992	921
992	927
992	928
992	940
992	948
992	952
992	953
992	956
992	957
992	958
992	959
992	962
992	967
992	977
992	980
992	981
992	982
992	984
992	985
992	993
992	995
992	997
992	998
992	999
993	348
993	465
993	861
993	890
993	894
993	895
993	901
993	902
993	910
993	916
993	921
993	923
993	928
993	933
993	937
993	940
993	941
993	942
993	958
993	960
993	965
993	966
993	967
993	968
993	969
993	970
993	973
993	975
993	980
993	981
993	982
993	992
993	995
993	996
993	997
993	999
994	197
994	407
994	857
994	858
994	866
994	872
994	883
994	888
994	889
994	896
994	909
994	912
994	914
994	919
994	923
994	925
994	926
994	928
994	929
994	935
994	938
994	941
994	948
994	949
994	952
994	955
994	957
994	960
994	962
994	965
994	966
994	971
994	972
994	973
994	974
994	981
994	984
994	987
994	990
994	995
994	997
995	96
995	177
995	857
995	875
995	876
995	877
995	882
995	884
995	887
995	888
995	893
995	900
995	901
995	913
995	914
995	917
995	930
995	935
995	938
995	940
995	947
995	953
995	954
995	960
995	963
995	969
995	970
995	976
995	977
995	978
995	980
995	981
995	986
995	987
995	988
995	990
995	992
995	993
995	994
995	998
995	1000
996	29
996	242
996	854
996	860
996	867
996	868
996	879
996	889
996	892
996	898
996	899
996	900
996	901
996	905
996	909
996	912
996	920
996	921
996	926
996	927
996	929
996	935
996	936
996	937
996	939
996	940
996	943
996	947
996	954
996	955
996	959
996	963
996	966
996	968
996	975
996	980
996	981
996	986
996	991
996	993
996	998
996	1000
997	450
997	539
997	871
997	883
997	886
997	894
997	895
997	896
997	901
997	915
997	916
997	917
997	919
997	928
997	929
997	931
997	939
997	942
997	945
997	948
997	949
997	951
997	956
997	957
997	960
997	961
997	964
997	965
997	967
997	971
997	973
997	977
997	979
997	980
997	983
997	984
997	986
997	990
997	992
997	993
997	994
997	998
997	1000
998	194
998	237
998	788
998	863
998	867
998	872
998	874
998	880
998	882
998	890
998	902
998	910
998	911
998	914
998	918
998	919
998	921
998	923
998	924
998	926
998	928
998	930
998	931
998	938
998	950
998	953
998	955
998	960
998	961
998	964
998	968
998	969
998	971
998	977
998	980
998	981
998	984
998	985
998	987
998	989
998	992
998	995
998	996
998	997
998	999
999	71
999	717
999	861
999	874
999	875
999	876
999	880
999	882
999	886
999	894
999	902
999	904
999	921
999	922
999	928
999	930
999	931
999	937
999	939
999	941
999	944
999	951
999	953
999	955
999	961
999	962
999	968
999	970
999	972
999	973
999	975
999	976
999	977
999	978
999	980
999	982
999	983
999	985
999	986
999	987
999	988
999	991
999	992
999	993
999	998
1000	181
1000	702
1000	857
1000	860
1000	866
1000	871
1000	877
1000	878
1000	880
1000	885
1000	888
1000	889
1000	890
1000	896
1000	899
1000	901
1000	903
1000	906
1000	909
1000	912
1000	914
1000	917
1000	921
1000	937
1000	943
1000	944
1000	948
1000	950
1000	953
1000	954
1000	957
1000	959
1000	963
1000	966
1000	969
1000	971
1000	973
1000	975
1000	979
1000	985
1000	986
1000	989
1000	990
1000	991
1000	995
1000	996
1000	997
