1	27
1	38
1	47
1	85
1	93
1	118
1	141
1	153
1	162
1	708
2	63
2	91
2	93
2	121
2	132
2	165
2	175
2	177
2	184
2	490
3	14
3	46
3	63
3	124
3	137
3	173
3	174
3	177
3	181
3	717
4	90
4	113
4	119
4	138
4	141
4	146
4	151
4	164
4	475
5	77
5	87
5	88
5	120
5	128
5	129
5	163
5	174
5	177
5	721
6	71
6	124
6	125
6	136
6	152
6	156
6	157
6	183
6	184
6	765
7	130
7	132
7	144
7	149
7	154
7	157
7	162
7	172
7	180
7	240
8	75
8	92
8	111
8	164
8	166
8	173
8	174
8	181
8	184
8	726
9	24
9	53
9	87
9	103
9	104
9	116
9	133
9	141
9	166
9	750
10	80
10	103
10	109
10	113
10	122
10	142
10	161
10	174
10	177
10	255
11	28
11	41
11	59
11	124
11	145
11	151
11	152
11	165
11	174
11	369
12	23
12	49
12	56
12	120
12	134
12	140
12	165
12	169
12	175
12	435
13	23
13	66
13	82
13	84
13	150
13	152
13	154
13	167
13	182
13	331
14	3
14	64
14	73
14	96
14	115
14	132
14	141
14	165
14	174
14	974
15	57
15	120
15	148
15	154
15	164
15	173
15	179
15	181
15	182
15	578
16	56
16	102
16	157
16	170
16	171
16	172
16	177
16	180
16	183
16	743
17	43
17	45
17	72
17	102
17	107
17	124
17	128
17	173
17	184
17	333
18	62
18	86
18	94
18	143
18	152
18	157
18	175
18	178
18	183
18	667
19	21
19	139
19	146
19	151
19	152
19	165
19	167
19	182
19	184
19	295
20	48
20	64
20	79
20	99
20	111
20	121
20	153
20	163
20	177
20	457
21	19
21	27
21	72
21	90
21	122
21	142
21	157
21	170
21	181
21	923
22	47
22	74
22	90
22	97
22	118
22	126
22	147
22	153
22	158
22	445
23	12
23	13
23	36
23	85
23	114
23	139
23	150
23	169
23	174
23	179
23	425
24	9
24	68
24	110
24	112
24	117
24	166
24	176
24	179
24	180
24	184
24	424
25	42
25	47
25	97
25	129
25	135
25	140
25	160
25	162
25	169
25	172
25	390
26	37
26	73
26	112
26	121
26	124
26	147
26	165
26	174
26	177
26	182
26	968
27	1
27	21
27	99
27	133
27	153
27	159
27	174
27	176
27	179
27	182
27	894
28	11
28	51
28	61
28	93
28	124
28	132
28	163
28	174
28	177
28	180
28	699
29	93
29	115
29	130
29	143
29	152
29	155
29	161
29	172
29	178
29	180
29	986
30	115
30	133
30	142
30	143
30	151
30	155
30	169
30	173
30	181
30	184
30	262
31	77
31	101
31	104
31	154
31	163
31	166
31	167
31	168
31	169
31	175
31	588
32	41
32	45
32	68
32	78
32	89
32	104
32	135
32	164
32	182
32	184
32	632
33	45
33	51
33	60
33	107
33	119
33	147
33	152
33	159
33	162
33	170
33	462
34	97
34	123
34	133
34	137
34	147
34	165
34	174
34	177
34	181
34	719
34	937
35	56
35	87
35	128
35	136
35	152
35	154
35	160
35	171
35	172
35	178
35	890
36	23
36	58
36	61
36	71
36	82
36	133
36	135
36	140
36	143
36	164
36	696
37	26
37	41
37	84
37	104
37	108
37	154
37	158
37	169
37	171
37	175
37	176
37	200
38	1
38	43
38	76
38	92
38	108
38	114
38	125
38	133
38	136
38	140
38	157
38	665
39	60
39	75
39	84
39	96
39	105
39	118
39	171
39	172
39	178
39	180
39	183
39	305
40	63
40	76
40	87
40	105
40	110
40	121
40	137
40	147
40	163
40	165
40	177
40	194
41	11
41	32
41	37
41	64
41	106
41	111
41	134
41	136
41	137
41	174
41	177
41	954
42	25
42	107
42	119
42	148
42	151
42	158
42	164
42	166
42	181
42	182
42	838
42	949
43	17
43	38
43	57
43	80
43	81
43	89
43	142
43	148
43	170
43	175
43	181
43	892
44	61
44	124
44	129
44	132
44	142
44	145
44	147
44	156
44	163
44	167
44	177
44	222
45	17
45	32
45	33
45	63
45	114
45	127
45	148
45	157
45	158
45	164
45	182
45	702
46	3
46	111
46	144
46	149
46	156
46	160
46	161
46	169
46	174
46	180
46	183
46	437
47	1
47	22
47	25
47	48
47	106
47	135
47	141
47	168
47	171
47	179
47	180
47	862
48	20
48	47
48	87
48	98
48	113
48	123
48	125
48	159
48	163
48	165
48	177
48	405
49	12
49	60
49	79
49	87
49	90
49	113
49	158
49	162
49	170
49	183
49	705
49	936
50	92
50	102
50	148
50	149
50	155
50	164
50	167
50	169
50	170
50	177
50	181
50	614
51	28
51	33
51	65
51	84
51	128
51	155
51	159
51	167
51	170
51	181
51	182
51	901
52	69
52	81
52	121
52	142
52	155
52	163
52	164
52	167
52	173
52	181
52	183
52	464
53	9
53	96
53	101
53	102
53	130
53	138
53	156
53	157
53	160
53	171
53	183
53	760
54	91
54	126
54	136
54	152
54	160
54	161
54	172
54	176
54	178
54	180
54	183
54	414
55	101
55	102
55	132
55	141
55	143
55	149
55	150
55	156
55	161
55	171
55	180
55	697
56	12
56	16
56	35
56	84
56	104
56	105
56	112
56	120
56	161
56	168
56	169
56	176
56	942
57	15
57	43
57	66
57	92
57	142
57	145
57	146
57	151
57	159
57	170
57	175
57	183
57	939
58	36
58	62
58	65
58	81
58	87
58	120
58	130
58	154
58	168
58	172
58	176
58	179
58	864
59	11
59	64
59	86
59	95
59	132
59	134
59	140
59	144
59	171
59	178
59	180
59	184
59	785
60	33
60	39
60	49
60	139
60	161
60	166
60	168
60	169
60	175
60	176
60	179
60	180
60	675
61	28
61	36
61	44
61	87
61	121
61	122
61	123
61	128
61	135
61	163
61	173
61	178
61	630
62	18
62	58
62	82
62	135
62	139
62	150
62	156
62	158
62	176
62	179
62	181
62	183
62	962
63	2
63	3
63	40
63	45
63	98
63	100
63	123
63	132
63	141
63	165
63	180
63	316
63	946
64	14
64	20
64	41
64	59
64	87
64	107
64	109
64	111
64	121
64	123
64	126
64	151
64	174
64	264
65	51
65	58
65	80
65	97
65	98
65	112
65	133
65	135
65	139
65	141
65	160
65	175
65	633
65	651
66	13
66	57
66	101
66	129
66	136
66	150
66	153
66	154
66	162
66	175
66	181
66	183
66	329
66	749
67	68
67	71
67	92
67	100
67	129
67	134
67	151
67	158
67	166
67	168
67	169
67	176
67	182
67	708
68	24
68	32
68	67
68	74
68	94
68	125
68	157
68	158
68	167
68	168
68	174
68	176
68	179
68	980
69	52
69	93
69	144
69	146
69	148
69	150
69	151
69	167
69	170
69	175
69	181
69	182
69	661
69	860
70	78
70	84
70	100
70	113
70	136
70	140
70	150
70	158
70	166
70	171
70	175
70	179
70	181
70	982
71	6
71	36
71	67
71	79
71	88
71	116
71	117
71	141
71	145
71	149
71	162
71	166
71	693
71	739
72	17
72	21
72	83
72	97
72	139
72	150
72	170
72	173
72	179
72	181
72	182
72	184
72	938
72	970
73	14
73	26
73	109
73	117
73	128
73	142
73	145
73	154
73	168
73	171
73	174
73	177
73	212
73	734
74	22
74	68
74	88
74	113
74	122
74	132
74	138
74	148
74	150
74	162
74	166
74	168
74	179
74	856
75	8
75	39
75	83
75	88
75	119
75	143
75	148
75	149
75	155
75	164
75	170
75	173
75	184
75	439
75	962
76	38
76	40
76	78
76	82
76	131
76	140
76	149
76	152
76	160
76	168
76	178
76	180
76	183
76	584
76	712
77	5
77	31
77	117
77	118
77	137
77	140
77	149
77	161
77	168
77	171
77	172
77	178
77	180
77	192
77	504
78	32
78	70
78	76
78	95
78	148
78	153
78	164
78	167
78	173
78	175
78	181
78	182
78	184
78	429
78	995
79	20
79	49
79	71
79	93
79	97
79	128
79	129
79	131
79	139
79	150
79	164
79	166
79	168
79	179
79	927
80	10
80	43
80	65
80	117
80	123
80	127
80	132
80	137
80	145
80	147
80	157
80	169
80	177
80	254
80	757
81	43
81	52
81	58
81	85
81	100
81	115
81	117
81	134
81	155
81	170
81	181
81	182
81	184
81	941
81	965
82	13
82	36
82	62
82	76
82	104
82	131
82	133
82	151
82	160
82	166
82	169
82	175
82	176
82	181
82	475
83	72
83	75
83	109
83	137
83	146
83	148
83	155
83	159
83	166
83	167
83	173
83	179
83	182
83	184
83	731
84	13
84	37
84	39
84	51
84	56
84	70
84	99
84	121
84	143
84	154
84	158
84	168
84	173
84	175
84	176
84	825
85	1
85	23
85	81
85	89
85	115
85	127
85	138
85	146
85	156
85	166
85	173
85	176
85	181
85	182
85	184
85	344
86	18
86	59
86	95
86	99
86	102
86	122
86	144
86	146
86	149
86	154
86	156
86	178
86	180
86	183
86	184
86	880
87	5
87	9
87	35
87	40
87	48
87	49
87	58
87	61
87	64
87	124
87	132
87	147
87	158
87	165
87	174
87	312
88	5
88	71
88	74
88	75
88	96
88	99
88	120
88	129
88	141
88	154
88	166
88	169
88	178
88	179
88	759
88	993
89	32
89	43
89	85
89	116
89	144
89	146
89	151
89	159
89	162
89	165
89	167
89	176
89	181
89	182
89	184
89	475
90	4
90	21
90	22
90	49
90	127
90	135
90	137
90	138
90	151
90	159
90	170
90	173
90	181
90	184
90	630
90	804
91	2
91	54
91	98
91	106
91	110
91	128
91	137
91	145
91	151
91	163
91	165
91	174
91	177
91	178
91	183
91	575
91	677
92	8
92	38
92	50
92	57
92	67
92	112
92	115
92	129
92	138
92	164
92	170
92	173
92	175
92	181
92	184
92	299
92	918
93	1
93	2
93	28
93	29
93	69
93	79
93	101
93	116
93	126
93	139
93	154
93	168
93	169
93	172
93	175
93	615
93	899
94	18
94	68
94	100
94	110
94	120
94	124
94	126
94	130
94	141
94	153
94	159
94	169
94	173
94	175
94	179
94	320
94	931
95	59
95	78
95	86
95	103
95	114
95	136
95	146
95	149
95	151
95	159
95	160
95	161
95	172
95	178
95	180
95	183
95	398
96	14
96	39
96	53
96	88
96	107
96	118
96	134
96	140
96	147
96	149
96	152
96	153
96	156
96	157
96	180
96	183
96	276
97	22
97	25
97	34
97	65
97	72
97	79
97	100
97	118
97	126
97	135
97	152
97	159
97	161
97	166
97	168
97	169
97	179
97	972
98	48
98	63
98	65
98	91
98	117
98	123
98	124
98	128
98	130
98	132
98	138
98	156
98	161
98	163
98	165
98	174
98	181
98	798
99	20
99	27
99	84
99	86
99	88
99	110
99	126
99	153
99	158
99	161
99	162
99	163
99	175
99	176
99	179
99	182
99	505
99	642
100	63
100	67
100	70
100	81
100	94
100	97
100	105
100	107
100	112
100	113
100	116
100	120
100	123
100	126
100	158
100	175
100	338
100	583
101	31
101	53
101	55
101	66
101	93
101	110
101	115
101	116
101	135
101	141
101	145
101	168
101	171
101	175
101	176
101	179
101	182
101	553
102	16
102	17
102	50
102	53
102	55
102	86
102	110
102	130
102	131
102	140
102	144
102	156
102	171
102	175
102	176
102	183
102	687
102	726
103	9
103	10
103	95
103	109
103	111
103	114
103	121
103	145
103	147
103	159
103	160
103	162
103	163
103	165
103	174
103	177
103	700
103	733
104	9
104	31
104	32
104	37
104	56
104	82
104	116
104	120
104	125
104	161
104	162
104	173
104	174
104	175
104	176
104	184
104	471
104	957
105	39
105	40
105	56
105	100
105	110
105	118
105	134
105	140
105	143
105	149
105	150
105	156
105	161
105	171
105	180
105	183
105	702
105	720
106	41
106	47
106	91
106	107
106	109
106	111
106	117
106	119
106	122
106	124
106	137
106	147
106	154
106	160
106	165
106	174
106	179
106	629
106	735
107	17
107	33
107	42
107	64
107	96
107	100
107	106
107	133
107	142
107	155
107	157
107	159
107	164
107	167
107	170
107	182
107	184
107	459
107	708
108	37
108	38
108	111
108	118
108	130
108	131
108	134
108	136
108	143
108	150
108	152
108	159
108	160
108	172
108	178
108	182
108	183
108	458
108	497
109	10
109	64
109	73
109	83
109	103
109	106
109	117
109	118
109	137
109	138
109	147
109	158
109	164
109	165
109	169
109	174
109	177
109	525
109	971
110	24
110	40
110	91
110	94
110	99
110	101
110	102
110	105
110	113
110	120
110	135
110	141
110	153
110	166
110	168
110	172
110	178
110	457
110	683
111	8
111	20
111	41
111	46
111	64
111	103
111	106
111	108
111	121
111	122
111	123
111	128
111	145
111	146
111	153
111	157
111	163
111	177
111	703
112	24
112	26
112	56
112	65
112	92
112	100
112	153
112	158
112	166
112	167
112	169
112	175
112	176
112	178
112	179
112	180
112	182
112	743
112	757
113	4
113	10
113	48
113	49
113	70
113	74
113	100
113	110
113	120
113	129
113	135
113	139
113	150
113	153
113	162
113	178
113	180
113	182
113	441
113	960
114	23
114	38
114	45
114	95
114	103
114	125
114	131
114	136
114	147
114	152
114	157
114	167
114	170
114	171
114	172
114	178
114	180
114	183
114	467
114	663
115	14
115	29
115	30
115	81
115	85
115	92
115	101
115	120
115	135
115	138
115	148
115	159
115	164
115	167
115	173
115	179
115	182
115	184
115	721
115	966
116	9
116	71
116	89
116	93
116	100
116	101
116	104
116	126
116	133
116	142
116	145
116	149
116	155
116	162
116	172
116	175
116	176
116	179
116	439
116	461
117	24
117	71
117	73
117	77
117	80
117	81
117	98
117	106
117	109
117	128
117	137
117	145
117	147
117	165
117	169
117	174
117	177
117	181
117	570
117	913
118	1
118	22
118	39
118	77
118	96
118	97
118	105
118	108
118	109
118	125
118	143
118	160
118	161
118	169
118	171
118	172
118	173
118	178
118	223
118	990
119	4
119	33
119	42
119	75
119	106
119	121
119	138
119	140
119	146
119	151
119	152
119	156
119	159
119	166
119	170
119	173
119	181
119	182
119	184
119	434
119	643
120	5
120	12
120	15
120	56
120	58
120	88
120	94
120	100
120	104
120	110
120	113
120	115
120	153
120	155
120	158
120	176
120	179
120	181
120	183
120	756
120	788
121	2
121	20
121	26
121	40
121	52
121	61
121	64
121	84
121	103
121	111
121	119
121	130
121	145
121	149
121	163
121	165
121	172
121	174
121	175
121	638
121	753
122	10
122	21
122	61
122	74
122	86
122	106
122	111
122	123
122	132
122	137
122	145
122	151
122	163
122	165
122	166
122	174
122	177
122	178
122	184
122	433
122	760
123	34
123	48
123	61
123	63
123	64
123	80
123	98
123	100
123	111
123	122
123	129
123	139
123	145
123	159
123	163
123	165
123	171
123	172
123	174
123	244
123	875
124	3
124	6
124	11
124	17
124	26
124	28
124	44
124	87
124	94
124	98
124	106
124	128
124	136
124	140
124	147
124	161
124	163
124	174
124	177
124	873
124	993
125	6
125	38
125	48
125	68
125	104
125	114
125	118
125	127
125	131
125	134
125	140
125	144
125	161
125	162
125	164
125	171
125	172
125	178
125	180
125	226
125	660
126	22
126	54
126	64
126	93
126	94
126	97
126	99
126	100
126	116
126	131
126	139
126	140
126	147
126	154
126	163
126	168
126	169
126	179
126	181
126	604
126	800
127	45
127	80
127	85
127	90
127	125
127	131
127	135
127	142
127	146
127	148
127	155
127	159
127	162
127	167
127	170
127	173
127	176
127	184
127	338
127	512
127	744
128	5
128	17
128	35
128	51
128	61
128	73
128	79
128	91
128	98
128	111
128	117
128	124
128	132
128	135
128	145
128	165
128	166
128	176
128	177
128	199
128	975
129	5
129	25
129	44
129	66
129	67
129	79
129	88
129	92
129	113
129	123
129	133
129	139
129	141
129	148
129	168
129	169
129	175
129	177
129	179
129	181
129	254
129	751
130	7
130	29
130	53
130	58
130	94
130	98
130	102
130	108
130	121
130	134
130	143
130	160
130	161
130	163
130	165
130	172
130	178
130	180
130	183
130	321
130	527
130	691
131	76
131	79
131	82
131	102
131	108
131	114
131	125
131	126
131	127
131	134
131	141
131	147
131	152
131	156
131	157
131	160
131	172
131	180
131	183
131	184
131	344
131	522
132	2
132	7
132	14
132	28
132	44
132	55
132	59
132	63
132	74
132	80
132	87
132	98
132	122
132	128
132	133
132	136
132	147
132	163
132	165
132	174
132	183
132	454
132	888
133	9
133	27
133	30
133	34
133	36
133	38
133	65
133	82
133	107
133	116
133	129
133	132
133	134
133	150
133	154
133	158
133	166
133	168
133	176
133	179
133	180
133	221
133	586
134	12
134	41
134	59
134	67
134	81
134	96
134	105
134	108
134	125
134	130
134	131
134	133
134	136
134	139
134	143
134	160
134	171
134	172
134	177
134	180
134	183
134	444
134	460
135	25
135	32
135	36
135	47
135	61
135	62
135	65
135	90
135	97
135	101
135	110
135	113
135	115
135	127
135	128
135	154
135	162
135	168
135	169
135	177
135	340
135	707
135	740
136	6
136	35
136	38
136	41
136	54
136	66
136	70
136	95
136	108
136	114
136	124
136	132
136	134
136	143
136	149
136	156
136	169
136	176
136	178
136	180
136	183
136	188
136	472
136	989
137	3
137	34
137	40
137	41
137	77
137	80
137	83
137	90
137	91
137	106
137	109
137	117
137	122
137	147
137	148
137	163
137	165
137	170
137	174
137	175
137	177
137	179
137	612
137	962
138	4
138	53
138	74
138	85
138	90
138	92
138	98
138	109
138	115
138	119
138	142
138	151
138	159
138	163
138	164
138	167
138	168
138	170
138	173
138	179
138	182
138	184
138	897
138	981
139	19
139	23
139	60
139	62
139	65
139	72
139	79
139	93
139	113
139	123
139	126
139	129
139	134
139	142
139	153
139	154
139	158
139	166
139	172
139	175
139	179
139	184
139	640
139	727
139	758
140	12
140	25
140	36
140	38
140	59
140	70
140	76
140	77
140	96
140	102
140	105
140	119
140	124
140	125
140	126
140	144
140	152
140	155
140	157
140	178
140	180
140	183
140	285
140	558
140	759
141	1
141	4
141	9
141	14
141	47
141	55
141	63
141	65
141	71
141	88
141	94
141	101
141	110
141	129
141	131
141	152
141	157
141	162
141	169
141	175
141	176
141	177
141	179
141	481
141	975
142	10
142	21
142	30
142	43
142	44
142	52
142	57
142	73
142	107
142	116
142	127
142	138
142	139
142	151
142	155
142	159
142	164
142	167
142	168
142	171
142	176
142	181
142	182
142	184
142	564
142	669
143	18
143	29
143	30
143	36
143	55
143	75
143	84
143	105
143	108
143	118
143	130
143	134
143	136
143	149
143	158
143	161
143	164
143	171
143	172
143	173
143	174
143	178
143	180
143	183
143	622
143	956
144	7
144	46
144	59
144	69
144	86
144	89
144	102
144	125
144	140
144	152
144	156
144	157
144	160
144	161
144	164
144	165
144	170
144	171
144	172
144	173
144	176
144	178
144	179
144	180
144	751
144	962
144	989
145	11
145	44
145	57
145	71
145	73
145	80
145	91
145	101
145	103
145	111
145	116
145	117
145	121
145	122
145	123
145	128
145	147
145	148
145	163
145	173
145	174
145	177
145	180
145	184
145	539
145	656
145	759
146	4
146	19
146	57
146	69
146	83
146	85
146	86
146	89
146	95
146	111
146	119
146	127
146	151
146	153
146	155
146	164
146	167
146	168
146	169
146	173
146	178
146	179
146	182
146	184
146	480
146	615
146	656
147	22
147	26
147	33
147	34
147	40
147	44
147	80
147	87
147	96
147	103
147	106
147	109
147	114
147	117
147	124
147	126
147	131
147	132
147	137
147	145
147	163
147	165
147	170
147	177
147	183
147	731
147	745
148	15
148	42
148	43
148	45
148	50
148	69
148	74
148	75
148	78
148	83
148	115
148	127
148	129
148	137
148	145
148	150
148	153
148	159
148	160
148	167
148	170
148	173
148	176
148	181
148	182
148	634
148	686
148	989
149	7
149	46
149	50
149	55
149	71
149	75
149	76
149	77
149	86
149	95
149	96
149	105
149	116
149	121
149	136
149	143
149	152
149	156
149	161
149	164
149	171
149	172
149	173
149	177
149	178
149	183
149	338
149	456
149	595
150	13
150	23
150	55
150	62
150	66
150	69
150	70
150	72
150	74
150	79
150	105
150	108
150	113
150	133
150	148
150	153
150	154
150	158
150	162
150	166
150	168
150	169
150	174
150	176
150	180
150	183
150	484
150	740
150	750
151	4
151	11
151	19
151	30
151	42
151	57
151	64
151	67
151	69
151	82
151	89
151	90
151	91
151	95
151	119
151	122
151	138
151	142
151	146
151	155
151	159
151	170
151	181
151	182
151	183
151	184
151	303
151	987
151	992
152	6
152	11
152	13
152	18
152	19
152	29
152	33
152	35
152	54
152	76
152	96
152	97
152	108
152	114
152	119
152	131
152	140
152	141
152	144
152	149
152	157
152	160
152	162
152	171
152	172
152	179
152	180
152	261
152	895
152	981
153	1
153	20
153	22
153	27
153	66
153	78
153	94
153	96
153	99
153	110
153	111
153	112
153	113
153	120
153	139
153	146
153	148
153	150
153	154
153	162
153	166
153	167
153	168
153	169
153	175
153	176
153	181
153	184
153	734
153	938
153	957
154	7
154	13
154	15
154	31
154	35
154	37
154	58
154	66
154	73
154	84
154	86
154	88
154	93
154	106
154	126
154	133
154	135
154	139
154	150
154	153
154	160
154	162
154	166
154	172
154	176
154	179
154	184
154	225
154	330
154	737
154	793
155	29
155	30
155	50
155	51
155	52
155	75
155	81
155	83
155	107
155	116
155	120
155	127
155	140
155	142
155	146
155	151
155	159
155	164
155	166
155	167
155	168
155	172
155	173
155	176
155	178
155	181
155	182
155	184
155	646
155	648
155	720
156	6
156	44
156	46
156	53
156	55
156	62
156	85
156	86
156	96
156	98
156	102
156	105
156	119
156	131
156	136
156	144
156	149
156	157
156	160
156	162
156	170
156	171
156	172
156	173
156	177
156	178
156	180
156	183
156	698
156	928
156	952
157	6
157	7
157	16
157	18
157	21
157	38
157	45
157	53
157	68
157	80
157	96
157	107
157	111
157	114
157	131
157	140
157	141
157	144
157	152
157	156
157	158
157	159
157	160
157	161
157	171
157	172
157	178
157	180
157	183
157	434
157	529
157	792
158	22
158	37
158	42
158	45
158	49
158	62
158	67
158	68
158	70
158	84
158	87
158	99
158	100
158	109
158	112
158	120
158	133
158	139
158	143
158	150
158	157
158	162
158	164
158	166
158	167
158	169
158	172
158	175
158	176
158	181
158	561
158	617
158	732
159	27
159	33
159	48
159	51
159	57
159	83
159	89
159	90
159	94
159	95
159	97
159	103
159	107
159	108
159	115
159	119
159	123
159	127
159	138
159	142
159	148
159	151
159	155
159	157
159	167
159	171
159	173
159	181
159	182
159	184
159	341
159	725
159	813
160	25
160	35
160	46
160	53
160	54
160	65
160	76
160	82
160	95
160	103
160	106
160	108
160	118
160	130
160	131
160	134
160	144
160	148
160	152
160	154
160	156
160	157
160	161
160	163
160	171
160	173
160	175
160	178
160	183
160	270
160	476
160	620
160	930
161	10
161	29
161	46
161	54
161	55
161	56
161	60
161	77
161	95
161	97
161	98
161	99
161	104
161	105
161	118
161	124
161	125
161	130
161	143
161	144
161	149
161	157
161	160
161	166
161	171
161	172
161	178
161	180
161	182
161	183
161	198
161	671
161	694
161	901
162	1
162	7
162	25
162	33
162	49
162	66
162	71
162	74
162	89
162	99
162	103
162	104
162	113
162	116
162	125
162	127
162	135
162	141
162	150
162	152
162	153
162	154
162	156
162	158
162	163
162	165
162	166
162	168
162	170
162	176
162	179
162	279
162	306
162	731
163	5
163	20
163	28
163	31
163	40
163	44
163	48
163	52
163	61
163	91
163	98
163	99
163	103
163	111
163	121
163	122
163	123
163	124
163	126
163	130
163	132
163	137
163	138
163	145
163	147
163	160
163	162
163	171
163	174
163	177
163	179
163	183
163	215
163	489
163	663
164	4
164	8
164	15
164	32
164	36
164	42
164	45
164	50
164	52
164	75
164	78
164	79
164	92
164	107
164	109
164	115
164	125
164	138
164	142
164	143
164	144
164	146
164	149
164	155
164	158
164	167
164	170
164	173
164	178
164	179
164	182
164	184
164	314
164	726
164	889
164	988
165	2
165	11
165	12
165	14
165	19
165	26
165	34
165	40
165	48
165	63
165	87
165	89
165	91
165	98
165	103
165	106
165	109
165	117
165	121
165	122
165	123
165	128
165	130
165	132
165	137
165	144
165	147
165	162
165	168
165	176
165	178
165	180
165	466
165	652
165	895
165	928
166	8
166	9
166	24
166	31
166	42
166	60
166	67
166	70
166	71
166	74
166	79
166	82
166	83
166	85
166	88
166	97
166	110
166	112
166	119
166	122
166	128
166	133
166	139
166	150
166	153
166	154
166	155
166	158
166	161
166	162
166	171
166	175
166	177
166	291
166	664
166	699
166	912
167	13
167	19
167	31
167	44
167	50
167	51
167	52
167	68
167	69
167	78
167	83
167	89
167	107
167	112
167	114
167	115
167	127
167	138
167	142
167	146
167	148
167	153
167	155
167	158
167	159
167	164
167	170
167	173
167	175
167	180
167	181
167	182
167	183
167	184
167	233
167	333
167	844
167	961
168	31
168	47
168	56
168	58
168	60
168	67
168	68
168	73
168	74
168	76
168	77
168	79
168	84
168	93
168	97
168	101
168	110
168	126
168	129
168	133
168	135
168	138
168	142
168	146
168	150
168	153
168	155
168	162
168	165
168	170
168	175
168	177
168	179
168	183
168	184
168	535
168	675
168	739
168	757
169	12
169	23
169	25
169	30
169	31
169	37
169	46
169	50
169	56
169	60
169	67
169	80
169	82
169	88
169	93
169	94
169	97
169	109
169	112
169	117
169	118
169	126
169	129
169	135
169	136
169	141
169	146
169	150
169	153
169	158
169	174
169	175
169	176
169	177
169	181
169	272
169	495
169	704
169	818
170	16
170	21
170	33
170	43
170	49
170	50
170	51
170	57
170	69
170	72
170	75
170	81
170	90
170	92
170	107
170	114
170	119
170	127
170	137
170	138
170	144
170	147
170	148
170	151
170	156
170	162
170	164
170	167
170	168
170	172
170	173
170	179
170	181
170	182
170	183
170	184
170	316
170	423
170	727
170	840
171	16
171	35
171	37
171	39
171	47
171	53
171	55
171	59
171	70
171	73
171	77
171	101
171	102
171	105
171	114
171	118
171	123
171	125
171	134
171	142
171	143
171	144
171	149
171	152
171	156
171	157
171	159
171	160
171	161
171	163
171	166
171	172
171	176
171	178
171	183
171	184
171	328
171	707
171	763
171	946
172	7
172	16
172	25
172	29
172	35
172	39
172	54
172	58
172	77
172	93
172	95
172	108
172	110
172	114
172	116
172	118
172	121
172	123
172	125
172	130
172	131
172	134
172	139
172	143
172	144
172	149
172	152
172	154
172	155
172	156
172	157
172	158
172	161
172	170
172	171
172	178
172	180
172	182
172	183
172	185
172	589
172	626
172	753
173	3
173	8
173	15
173	17
173	30
173	52
173	61
173	72
173	75
173	78
173	83
173	84
173	85
173	90
173	92
173	94
173	104
173	115
173	118
173	119
173	127
173	138
173	143
173	144
173	145
173	146
173	148
173	149
173	155
173	156
173	159
173	160
173	164
173	167
173	170
173	178
173	181
173	182
173	184
173	314
173	587
173	981
173	1000
174	3
174	5
174	8
174	10
174	11
174	14
174	23
174	26
174	27
174	28
174	34
174	41
174	46
174	64
174	68
174	73
174	87
174	91
174	98
174	103
174	104
174	106
174	109
174	117
174	121
174	122
174	123
174	124
174	132
174	137
174	143
174	145
174	150
174	163
174	169
174	177
174	179
174	180
174	181
174	184
174	452
174	564
174	976
174	996
175	2
175	12
175	18
175	31
175	37
175	43
175	57
175	60
175	65
175	66
175	69
175	70
175	78
175	82
175	84
175	92
175	93
175	94
175	99
175	100
175	101
175	102
175	104
175	112
175	116
175	121
175	129
175	137
175	139
175	141
175	153
175	158
175	160
175	166
175	167
175	168
175	169
175	176
175	182
175	428
175	454
175	652
175	666
175	990
176	24
176	27
176	37
176	54
176	56
176	58
176	60
176	62
176	67
176	68
176	82
176	84
176	85
176	89
176	99
176	101
176	102
176	104
176	112
176	116
176	120
176	127
176	128
176	133
176	136
176	141
176	142
176	144
176	148
176	150
176	153
176	154
176	155
176	158
176	162
176	165
176	169
176	171
176	175
176	179
176	942
176	945
176	957
176	959
177	2
177	3
177	5
177	10
177	16
177	20
177	26
177	28
177	34
177	40
177	41
177	44
177	48
177	50
177	73
177	80
177	91
177	103
177	109
177	111
177	117
177	122
177	124
177	128
177	129
177	134
177	135
177	137
177	141
177	145
177	147
177	149
177	156
177	163
177	166
177	168
177	169
177	174
177	178
177	182
177	751
177	823
177	943
177	992
178	18
178	29
178	35
178	39
178	54
178	59
178	61
178	76
178	77
178	86
178	88
178	91
178	95
178	108
178	110
178	112
178	113
178	114
178	118
178	122
178	125
178	130
178	136
178	140
178	143
178	144
178	146
178	149
178	155
178	156
178	157
178	160
178	161
178	164
178	165
178	171
178	172
178	173
178	177
178	183
178	186
178	222
178	312
178	345
178	573
179	15
179	23
179	24
179	27
179	47
179	58
179	60
179	62
179	68
179	70
179	72
179	74
179	79
179	83
179	88
179	94
179	97
179	99
179	101
179	106
179	112
179	115
179	116
179	120
179	126
179	129
179	133
179	137
179	138
179	139
179	141
179	144
179	146
179	152
179	154
179	162
179	163
179	164
179	168
179	170
179	174
179	176
179	234
179	526
179	627
179	659
179	740
180	7
180	16
180	24
180	28
180	29
180	39
180	46
180	47
180	54
180	55
180	59
180	60
180	63
180	76
180	77
180	86
180	95
180	96
180	105
180	112
180	113
180	114
180	125
180	130
180	131
180	133
180	134
180	136
180	140
180	143
180	144
180	145
180	150
180	152
180	156
180	157
180	161
180	165
180	167
180	172
180	174
180	182
180	183
180	491
180	690
180	745
180	991
181	3
181	8
181	15
181	21
181	30
181	34
181	42
181	43
181	50
181	51
181	52
181	62
181	66
181	69
181	70
181	72
181	78
181	81
181	82
181	85
181	89
181	90
181	92
181	98
181	117
181	119
181	120
181	126
181	129
181	142
181	148
181	151
181	153
181	155
181	158
181	159
181	167
181	169
181	170
181	173
181	174
181	182
181	184
181	546
181	639
181	730
181	828
182	13
182	15
182	19
182	26
182	27
182	32
182	42
182	45
182	51
182	67
182	69
182	72
182	78
182	81
182	83
182	85
182	89
182	99
182	101
182	107
182	108
182	112
182	113
182	115
182	119
182	138
182	142
182	146
182	148
182	151
182	155
182	159
182	161
182	164
182	167
182	170
182	172
182	173
182	175
182	177
182	180
182	181
182	205
182	441
182	759
182	771
182	904
183	6
183	16
183	18
183	39
183	46
183	49
183	52
183	53
183	54
183	57
183	62
183	66
183	76
183	86
183	91
183	95
183	96
183	102
183	105
183	108
183	114
183	120
183	130
183	131
183	132
183	134
183	136
183	140
183	143
183	147
183	149
183	150
183	151
183	156
183	157
183	160
183	161
183	163
183	167
183	168
183	170
183	171
183	172
183	178
183	180
183	447
183	633
183	791
183	879
184	2
184	6
184	8
184	17
184	19
184	24
184	30
184	32
184	59
184	72
184	75
184	78
184	81
184	83
184	85
184	86
184	89
184	90
184	92
184	104
184	107
184	115
184	119
184	122
184	127
184	131
184	138
184	139
184	142
184	145
184	146
184	151
184	153
184	154
184	155
184	159
184	164
184	167
184	168
184	170
184	171
184	173
184	174
184	181
184	193
184	345
184	537
184	703
184	889
185	172
185	272
185	285
185	292
185	293
185	314
185	324
185	328
185	334
185	342
186	178
186	260
186	290
186	299
186	302
186	320
186	322
186	335
186	336
186	345
187	191
187	256
187	283
187	289
187	291
187	304
187	323
187	325
187	345
187	523
188	136
188	243
188	255
188	265
188	272
188	290
188	312
188	326
188	330
188	342
189	299
189	303
189	305
189	307
189	325
189	328
189	333
189	340
189	344
189	423
190	201
190	213
190	228
190	260
190	261
190	262
190	300
190	337
190	342
190	936
191	187
191	208
191	254
191	280
191	306
191	316
191	334
191	338
191	339
191	448
192	77
192	211
192	228
192	234
192	238
192	253
192	281
192	318
192	334
192	340
193	184
193	240
193	257
193	289
193	305
193	308
193	313
193	323
193	337
193	345
194	40
194	204
194	247
194	259
194	262
194	269
194	278
194	296
194	304
194	338
195	217
195	226
195	234
195	259
195	269
195	274
195	282
195	284
195	310
195	970
196	225
196	264
196	294
196	299
196	307
196	316
196	327
196	339
196	343
196	904
197	225
197	229
197	292
197	294
197	314
197	322
197	332
197	333
197	338
197	754
198	161
198	258
198	276
198	298
198	330
198	333
198	334
198	339
198	343
198	344
199	128
199	255
199	273
199	288
199	302
199	306
199	308
199	336
199	343
199	345
200	37
200	218
200	261
200	278
200	299
200	300
200	318
200	329
200	339
200	340
201	190
201	235
201	281
201	282
201	288
201	300
201	313
201	314
201	318
201	476
202	250
202	258
202	270
202	284
202	288
202	307
202	335
202	337
202	343
202	345
202	814
203	224
203	256
203	277
203	287
203	296
203	302
203	307
203	308
203	323
203	343
203	500
204	194
204	244
204	280
204	287
204	293
204	313
204	333
204	341
204	342
204	343
204	777
205	182
205	214
205	295
205	308
205	311
205	315
205	320
205	337
205	339
205	343
205	345
206	222
206	255
206	258
206	269
206	270
206	292
206	324
206	326
206	342
206	343
206	952
207	233
207	236
207	256
207	267
207	268
207	292
207	293
207	301
207	313
207	332
207	455
208	191
208	217
208	222
208	227
208	269
208	283
208	284
208	316
208	331
208	340
208	380
209	216
209	249
209	263
209	298
209	299
209	300
209	321
209	327
209	333
209	718
209	991
210	212
210	243
210	254
210	256
210	295
210	309
210	323
210	331
210	341
210	344
210	886
211	192
211	294
211	303
211	321
211	329
211	333
211	336
211	339
211	343
211	344
211	456
212	73
212	210
212	279
212	296
212	302
212	310
212	319
212	322
212	326
212	335
212	337
213	190
213	291
213	294
213	306
213	310
213	323
213	333
213	335
213	336
213	343
213	345
213	916
214	205
214	255
214	259
214	279
214	297
214	306
214	313
214	331
214	338
214	339
214	344
214	883
215	163
215	217
215	234
215	260
215	261
215	275
215	282
215	301
215	304
215	323
215	340
215	341
216	209
216	249
216	255
216	274
216	280
216	292
216	293
216	294
216	324
216	330
216	331
216	477
217	195
217	208
217	215
217	227
217	247
217	259
217	275
217	282
217	290
217	294
217	334
217	747
218	200
218	221
218	241
218	248
218	262
218	284
218	285
218	309
218	312
218	340
218	685
218	827
219	222
219	225
219	285
219	291
219	302
219	309
219	312
219	319
219	335
219	336
219	345
219	742
220	227
220	248
220	253
220	259
220	300
220	304
220	312
220	327
220	337
220	340
220	342
220	750
221	133
221	218
221	228
221	241
221	251
221	269
221	277
221	286
221	304
221	320
221	340
221	344
222	44
222	178
222	206
222	208
222	219
222	223
222	234
222	260
222	304
222	318
222	340
222	341
223	118
223	222
223	224
223	227
223	228
223	247
223	261
223	280
223	290
223	326
223	338
223	340
224	203
224	223
224	229
224	250
224	259
224	260
224	269
224	278
224	281
224	296
224	304
224	318
224	452
225	154
225	196
225	197
225	219
225	247
225	265
225	297
225	327
225	328
225	341
225	343
225	344
225	974
226	125
226	195
226	237
226	267
226	270
226	281
226	298
226	322
226	327
226	331
226	334
226	338
226	339
227	208
227	217
227	220
227	223
227	254
227	275
227	284
227	304
227	307
227	333
227	338
227	340
227	704
228	190
228	192
228	221
228	223
228	253
228	262
228	284
228	285
228	316
228	332
228	340
228	342
228	562
229	197
229	224
229	232
229	260
229	273
229	303
229	309
229	319
229	331
229	334
229	338
229	341
229	910
230	262
230	269
230	278
230	281
230	295
230	300
230	304
230	325
230	330
230	338
230	340
230	713
230	919
231	241
231	260
231	275
231	278
231	281
231	284
231	312
231	313
231	318
231	323
231	340
231	344
231	660
232	229
232	242
232	247
232	264
232	265
232	268
232	272
232	287
232	291
232	292
232	330
232	334
232	342
232	961
233	167
233	207
233	236
233	258
233	272
233	287
233	288
233	292
233	306
233	311
233	315
233	326
233	330
233	342
234	179
234	192
234	195
234	215
234	222
234	241
234	254
234	262
234	266
234	275
234	315
234	318
234	324
234	340
235	201
235	245
235	247
235	251
235	253
235	261
235	284
235	286
235	300
235	318
235	319
235	340
235	342
235	746
236	207
236	233
236	241
236	274
236	280
236	286
236	287
236	294
236	295
236	301
236	313
236	342
236	345
236	714
237	226
237	254
237	283
237	289
237	290
237	293
237	299
237	318
237	327
237	334
237	335
237	339
237	344
237	902
238	192
238	249
238	293
238	294
238	306
238	309
238	317
238	319
238	329
238	332
238	338
238	344
238	623
238	755
239	258
239	266
239	270
239	275
239	297
239	313
239	314
239	317
239	324
239	326
239	330
239	334
239	342
239	747
240	7
240	193
240	251
240	303
240	305
240	307
240	317
240	324
240	325
240	336
240	337
240	343
240	345
240	375
241	218
241	221
241	231
241	234
241	236
241	248
241	253
241	255
241	259
241	300
241	305
241	328
241	494
241	998
242	232
242	270
242	280
242	282
242	292
242	301
242	314
242	320
242	321
242	324
242	326
242	335
242	344
242	742
243	188
243	210
243	248
243	265
243	279
243	288
243	309
243	316
243	321
243	328
243	337
243	338
243	344
243	979
244	123
244	204
244	264
244	274
244	286
244	304
244	313
244	324
244	326
244	328
244	330
244	338
244	339
244	959
245	235
245	257
245	263
245	290
245	298
245	303
245	319
245	328
245	332
245	334
245	338
245	339
245	340
245	706
246	263
246	266
246	267
246	275
246	302
246	305
246	311
246	317
246	322
246	323
246	340
246	343
246	345
246	599
246	933
247	194
247	217
247	223
247	225
247	232
247	235
247	251
247	262
247	278
247	282
247	284
247	315
247	317
247	327
247	682
248	218
248	220
248	241
248	243
248	261
248	275
248	277
248	283
248	284
248	300
248	304
248	323
248	339
248	340
248	406
249	209
249	216
249	238
249	273
249	276
249	292
249	296
249	305
249	306
249	315
249	328
249	331
249	340
249	343
249	385
250	202
250	224
250	278
250	288
250	291
250	295
250	302
250	303
250	320
250	335
250	336
250	337
250	338
250	344
250	470
250	742
251	221
251	235
251	240
251	247
251	260
251	261
251	265
251	279
251	281
251	300
251	304
251	319
251	335
251	340
251	730
251	899
252	254
252	277
252	302
252	305
252	308
252	322
252	327
252	331
252	333
252	334
252	339
252	341
252	344
252	345
252	479
252	936
253	192
253	220
253	228
253	235
253	241
253	257
253	270
253	277
253	278
253	282
253	284
253	302
253	304
253	318
253	325
253	611
254	80
254	129
254	191
254	210
254	227
254	234
254	237
254	252
254	273
254	277
254	279
254	292
254	305
254	307
254	318
254	329
254	338
255	10
255	188
255	199
255	206
255	214
255	216
255	241
255	264
255	287
255	293
255	301
255	317
255	324
255	326
255	330
255	336
255	341
255	342
256	187
256	203
256	207
256	210
256	285
256	297
256	308
256	310
256	312
256	319
256	320
256	325
256	334
256	337
256	341
256	345
256	409
256	749
257	193
257	245
257	253
257	277
257	278
257	279
257	285
257	290
257	303
257	326
257	327
257	333
257	338
257	339
257	341
257	342
257	344
257	929
258	198
258	202
258	206
258	233
258	239
258	272
258	278
258	286
258	287
258	300
258	309
258	314
258	316
258	324
258	330
258	342
258	345
258	690
259	194
259	195
259	214
259	217
259	220
259	224
259	241
259	260
259	262
259	275
259	276
259	318
259	321
259	329
259	332
259	345
259	783
259	997
260	186
260	190
260	215
260	222
260	224
260	229
260	231
260	251
260	259
260	261
260	262
260	269
260	308
260	310
260	319
260	326
260	560
260	670
261	152
261	190
261	200
261	215
261	223
261	235
261	248
261	251
261	260
261	274
261	282
261	291
261	295
261	300
261	304
261	311
261	324
261	336
261	967
262	30
262	190
262	194
262	218
262	228
262	230
262	234
262	247
262	259
262	260
262	265
262	269
262	278
262	282
262	308
262	310
262	331
262	340
262	355
263	209
263	245
263	246
263	266
263	277
263	285
263	295
263	302
263	307
263	317
263	318
263	320
263	328
263	336
263	337
263	343
263	345
263	734
263	950
264	64
264	196
264	232
264	244
264	255
264	265
264	271
264	279
264	280
264	289
264	313
264	314
264	317
264	326
264	330
264	331
264	342
264	345
264	461
265	188
265	225
265	232
265	243
265	251
265	262
265	264
265	271
265	274
265	292
265	293
265	301
265	313
265	326
265	330
265	332
265	342
265	692
265	815
266	234
266	239
266	246
266	263
266	288
266	289
266	304
266	312
266	319
266	322
266	331
266	335
266	336
266	337
266	339
266	343
266	345
266	693
266	753
267	207
267	226
267	246
267	269
267	273
267	286
267	297
267	305
267	314
267	321
267	327
267	330
267	331
267	332
267	334
267	341
267	344
267	873
267	983
268	207
268	232
268	270
268	271
268	272
268	286
268	292
268	293
268	294
268	314
268	316
268	319
268	320
268	321
268	324
268	330
268	337
268	342
268	766
268	893
269	194
269	195
269	206
269	208
269	221
269	224
269	230
269	260
269	262
269	267
269	281
269	284
269	307
269	318
269	319
269	327
269	335
269	340
269	711
269	752
270	160
270	202
270	206
270	226
270	239
270	242
270	253
270	268
270	271
270	292
270	293
270	300
270	301
270	313
270	314
270	328
270	330
270	341
270	342
270	702
271	264
271	265
271	268
271	270
271	275
271	280
271	283
271	286
271	296
271	297
271	301
271	312
271	314
271	324
271	326
271	330
271	336
271	342
271	938
271	980
272	169
272	185
272	188
272	232
272	233
272	258
272	268
272	286
272	287
272	293
272	305
272	315
272	324
272	326
272	335
272	336
272	337
272	342
272	344
272	973
273	199
273	229
273	249
273	254
273	267
273	283
273	290
273	292
273	293
273	301
273	304
273	321
273	327
273	328
273	337
273	338
273	341
273	344
273	438
273	488
274	195
274	216
274	236
274	244
274	261
274	265
274	286
274	287
274	289
274	296
274	313
274	314
274	324
274	326
274	330
274	340
274	342
274	345
274	830
274	925
275	215
275	217
275	227
275	231
275	234
275	239
275	246
275	248
275	259
275	271
275	278
275	282
275	298
275	300
275	309
275	318
275	332
275	340
275	647
275	917
276	96
276	198
276	249
276	259
276	277
276	295
276	309
276	311
276	314
276	315
276	316
276	328
276	332
276	334
276	336
276	337
276	338
276	341
276	344
276	679
276	738
277	203
277	221
277	248
277	252
277	253
277	254
277	257
277	263
277	276
277	303
277	325
277	328
277	329
277	331
277	332
277	333
277	334
277	339
277	341
277	466
277	724
278	194
278	200
278	224
278	230
278	231
278	247
278	250
278	253
278	257
278	258
278	262
278	275
278	279
278	281
278	282
278	318
278	326
278	335
278	340
278	538
278	774
279	162
279	212
279	214
279	243
279	251
279	254
279	257
279	264
279	278
279	301
279	305
279	308
279	320
279	321
279	329
279	331
279	333
279	334
279	339
279	341
279	617
280	191
280	204
280	216
280	223
280	236
280	242
280	264
280	271
280	282
280	292
280	301
280	311
280	313
280	324
280	329
280	330
280	331
280	341
280	342
280	363
280	533
280	696
281	192
281	201
281	224
281	226
281	230
281	231
281	251
281	269
281	278
281	282
281	291
281	300
281	302
281	304
281	311
281	318
281	321
281	330
281	340
281	341
281	714
281	977
282	195
282	201
282	215
282	217
282	242
282	247
282	253
282	261
282	262
282	275
282	278
282	280
282	281
282	295
282	300
282	304
282	316
282	318
282	333
282	341
282	563
282	996
283	187
283	208
283	237
283	248
283	271
283	273
283	290
283	297
283	298
283	305
283	312
283	315
283	316
283	328
283	329
283	331
283	332
283	335
283	338
283	341
283	342
283	920
283	979
284	195
284	202
284	208
284	218
284	227
284	228
284	231
284	235
284	247
284	248
284	253
284	269
284	296
284	304
284	312
284	318
284	320
284	324
284	332
284	340
284	345
284	676
284	1000
285	140
285	185
285	218
285	219
285	228
285	256
285	257
285	263
285	288
285	298
285	307
285	308
285	311
285	312
285	319
285	322
285	331
285	335
285	336
285	337
285	338
285	345
285	440
285	659
286	221
286	235
286	236
286	244
286	258
286	267
286	268
286	271
286	272
286	274
286	287
286	293
286	299
286	301
286	306
286	313
286	314
286	324
286	330
286	338
286	342
286	345
286	782
286	869
287	203
287	204
287	232
287	233
287	236
287	255
287	258
287	272
287	274
287	286
287	301
287	303
287	308
287	312
287	314
287	324
287	326
287	330
287	338
287	341
287	342
287	344
287	585
287	975
288	199
288	201
288	202
288	233
288	243
288	250
288	266
288	285
288	299
288	308
288	309
288	310
288	311
288	324
288	325
288	329
288	335
288	336
288	337
288	339
288	343
288	345
288	552
288	993
289	187
289	193
289	237
289	264
289	266
289	274
289	294
289	295
289	296
289	298
289	299
289	307
289	311
289	317
289	319
289	325
289	335
289	336
289	337
289	338
289	343
289	345
289	735
289	871
289	998
290	186
290	188
290	217
290	223
290	237
290	245
290	257
290	273
290	283
290	298
290	299
290	306
290	315
290	318
290	322
290	325
290	330
290	331
290	333
290	334
290	338
290	339
290	344
290	919
290	981
291	166
291	187
291	213
291	219
291	232
291	250
291	261
291	281
291	295
291	296
291	297
291	303
291	307
291	312
291	315
291	317
291	319
291	324
291	325
291	327
291	335
291	343
291	345
291	644
291	869
292	185
292	197
292	206
292	207
292	216
292	232
292	233
292	242
292	249
292	254
292	265
292	268
292	270
292	273
292	280
292	301
292	326
292	330
292	331
292	334
292	342
292	343
292	344
292	787
292	969
293	185
293	204
293	207
293	216
293	237
293	238
293	255
293	265
293	268
293	270
293	272
293	273
293	286
293	301
293	307
293	313
293	314
293	324
293	326
293	333
293	335
293	342
293	344
293	463
293	470
294	196
294	197
294	211
294	213
294	216
294	217
294	236
294	238
294	268
294	289
294	297
294	299
294	306
294	307
294	309
294	315
294	329
294	331
294	332
294	334
294	339
294	341
294	344
294	636
294	932
295	19
295	205
295	210
295	230
295	236
295	250
295	261
295	263
295	276
295	282
295	289
295	291
295	302
295	307
295	309
295	312
295	317
295	319
295	326
295	335
295	336
295	337
295	343
295	474
295	706
296	194
296	203
296	212
296	224
296	249
296	271
296	274
296	284
296	289
296	291
296	297
296	307
296	311
296	317
296	319
296	320
296	323
296	333
296	335
296	336
296	337
296	343
296	345
296	508
296	951
296	995
297	214
297	225
297	239
297	256
297	267
297	271
297	283
297	291
297	294
297	296
297	298
297	299
297	304
297	318
297	321
297	328
297	329
297	333
297	334
297	338
297	339
297	341
297	344
297	345
297	411
297	602
298	198
298	209
298	226
298	245
298	275
298	283
298	285
298	289
298	290
298	297
298	301
298	308
298	309
298	315
298	316
298	323
298	327
298	328
298	329
298	332
298	333
298	335
298	337
298	341
298	382
298	516
299	92
299	186
299	189
299	196
299	200
299	209
299	237
299	286
299	288
299	289
299	290
299	294
299	297
299	305
299	306
299	316
299	321
299	322
299	325
299	329
299	331
299	332
299	334
299	344
299	742
299	996
300	190
300	200
300	201
300	209
300	220
300	230
300	235
300	241
300	248
300	251
300	258
300	261
300	270
300	275
300	281
300	282
300	304
300	318
300	320
300	329
300	330
300	339
300	340
300	499
300	772
300	997
301	207
301	215
301	236
301	242
301	255
301	265
301	270
301	271
301	273
301	279
301	280
301	286
301	287
301	292
301	293
301	298
301	313
301	314
301	318
301	326
301	336
301	339
301	340
301	342
301	400
301	876
301	922
302	186
302	199
302	203
302	212
302	219
302	246
302	250
302	252
302	253
302	263
302	281
302	295
302	312
302	314
302	315
302	317
302	320
302	322
302	323
302	332
302	333
302	336
302	343
302	344
302	478
302	669
302	877
303	151
303	189
303	211
303	229
303	240
303	245
303	250
303	257
303	277
303	287
303	291
303	306
303	309
303	313
303	315
303	316
303	318
303	327
303	329
303	332
303	335
303	338
303	339
303	341
303	342
303	345
303	389
303	577
304	187
304	194
304	215
304	220
304	221
304	222
304	224
304	227
304	230
304	244
304	248
304	251
304	253
304	261
304	266
304	273
304	281
304	282
304	284
304	297
304	300
304	328
304	332
304	334
304	340
304	574
304	600
304	747
305	39
305	189
305	193
305	240
305	241
305	246
305	249
305	252
305	254
305	267
305	272
305	279
305	283
305	299
305	315
305	326
305	327
305	328
305	329
305	331
305	332
305	333
305	335
305	340
305	341
305	344
305	736
305	973
306	162
306	191
306	199
306	213
306	214
306	233
306	238
306	249
306	286
306	290
306	294
306	299
306	303
306	310
306	311
306	321
306	328
306	329
306	331
306	332
306	333
306	334
306	337
306	338
306	340
306	341
306	344
306	737
306	840
307	189
307	196
307	202
307	203
307	227
307	240
307	254
307	263
307	269
307	285
307	289
307	291
307	293
307	294
307	295
307	296
307	308
307	310
307	317
307	320
307	322
307	323
307	333
307	335
307	337
307	339
307	343
307	559
307	759
308	193
308	199
308	203
308	205
308	252
308	256
308	260
308	262
308	279
308	285
308	287
308	288
308	298
308	307
308	310
308	311
308	312
308	315
308	317
308	319
308	322
308	325
308	331
308	336
308	337
308	338
308	681
308	732
308	984
309	210
309	218
309	219
309	229
309	238
309	243
309	258
309	275
309	276
309	288
309	294
309	295
309	298
309	303
309	312
309	315
309	316
309	321
309	322
309	331
309	332
309	333
309	335
309	339
309	341
309	344
309	464
309	469
309	738
310	195
310	212
310	213
310	256
310	260
310	262
310	288
310	306
310	307
310	308
310	311
310	312
310	313
310	317
310	320
310	322
310	323
310	325
310	328
310	329
310	333
310	335
310	337
310	339
310	343
310	345
310	549
310	573
310	797
311	205
311	233
311	246
311	261
311	276
311	280
311	281
311	285
311	288
311	289
311	296
311	306
311	308
311	310
311	319
311	320
311	321
311	323
311	325
311	331
311	332
311	335
311	336
311	337
311	342
311	343
311	345
311	853
311	867
311	929
312	87
312	178
312	188
312	218
312	219
312	220
312	231
312	256
312	266
312	271
312	283
312	284
312	285
312	287
312	291
312	295
312	302
312	308
312	309
312	310
312	317
312	320
312	322
312	325
312	335
312	336
312	337
312	343
312	345
312	450
313	193
313	201
313	204
313	207
313	214
313	231
313	236
313	239
313	244
313	264
313	265
313	270
313	274
313	280
313	286
313	293
313	301
313	303
313	310
313	314
313	324
313	325
313	326
313	327
313	330
313	333
313	342
313	712
313	764
313	964
314	164
314	173
314	185
314	197
314	201
314	239
314	242
314	258
314	264
314	267
314	268
314	270
314	271
314	274
314	276
314	286
314	287
314	293
314	301
314	302
314	313
314	316
314	317
314	321
314	324
314	326
314	330
314	337
314	342
314	343
314	646
315	205
315	233
315	234
315	247
315	249
315	272
315	276
315	283
315	290
315	291
315	294
315	298
315	302
315	303
315	305
315	308
315	309
315	316
315	321
315	327
315	329
315	330
315	331
315	332
315	334
315	338
315	339
315	341
315	364
315	514
315	886
316	63
316	170
316	191
316	196
316	208
316	228
316	243
316	258
316	268
316	276
316	282
316	283
316	298
316	299
316	303
316	309
316	314
316	315
316	320
316	322
316	323
316	327
316	328
316	331
316	332
316	333
316	334
316	338
316	341
316	344
316	964
317	238
317	239
317	240
317	246
317	247
317	255
317	263
317	264
317	289
317	291
317	295
317	296
317	302
317	307
317	308
317	310
317	312
317	314
317	319
317	320
317	322
317	323
317	325
317	328
317	334
317	336
317	344
317	345
317	444
317	547
317	763
318	192
318	200
318	201
318	222
318	224
318	231
318	234
318	235
318	237
318	253
318	254
318	259
318	263
318	269
318	275
318	278
318	281
318	282
318	284
318	290
318	297
318	300
318	301
318	303
318	322
318	327
318	340
318	343
318	421
318	737
318	850
319	212
319	219
319	229
319	235
319	238
319	245
319	251
319	256
319	260
319	266
319	268
319	269
319	285
319	289
319	291
319	295
319	296
319	308
319	311
319	317
319	320
319	321
319	322
319	323
319	325
319	330
319	337
319	343
319	345
319	605
319	832
319	959
320	94
320	186
320	205
320	221
320	242
320	250
320	256
320	263
320	268
320	279
320	284
320	296
320	300
320	302
320	307
320	310
320	311
320	312
320	316
320	317
320	319
320	322
320	325
320	326
320	327
320	332
320	335
320	336
320	337
320	343
320	710
320	865
321	130
321	209
321	211
321	242
321	243
321	259
321	267
321	268
321	273
321	279
321	281
321	297
321	299
321	306
321	309
321	311
321	314
321	315
321	319
321	328
321	329
321	331
321	332
321	333
321	334
321	338
321	339
321	340
321	341
321	342
321	715
321	842
322	186
322	197
322	212
322	226
322	246
322	252
322	266
322	285
322	290
322	299
322	302
322	307
322	308
322	309
322	310
322	312
322	316
322	317
322	318
322	319
322	320
322	323
322	325
322	332
322	335
322	336
322	339
322	343
322	908
322	948
322	965
322	967
323	187
323	193
323	203
323	210
323	213
323	215
323	231
323	246
323	248
323	296
323	298
323	302
323	307
323	310
323	311
323	316
323	317
323	319
323	322
323	325
323	334
323	335
323	336
323	337
323	339
323	341
323	343
323	345
323	469
323	616
323	748
323	914
324	185
324	206
324	216
324	234
324	239
324	240
324	242
324	244
324	255
324	258
324	261
324	268
324	271
324	272
324	274
324	280
324	284
324	286
324	287
324	288
324	291
324	293
324	313
324	314
324	325
324	330
324	338
324	342
324	343
324	344
324	474
324	521
324	628
325	187
325	189
325	230
325	240
325	253
325	256
325	277
325	288
325	289
325	290
325	291
325	299
325	308
325	310
325	311
325	312
325	313
325	317
325	319
325	320
325	322
325	323
325	324
325	335
325	336
325	337
325	339
325	341
325	343
325	345
325	422
325	476
325	970
326	188
326	206
326	212
326	223
326	233
326	239
326	242
326	244
326	255
326	257
326	260
326	264
326	265
326	271
326	272
326	274
326	278
326	287
326	292
326	293
326	295
326	301
326	305
326	313
326	314
326	320
326	328
326	330
326	337
326	342
326	542
326	637
326	701
327	196
327	209
327	220
327	225
327	226
327	237
327	247
327	252
327	257
327	267
327	269
327	273
327	291
327	298
327	303
327	305
327	313
327	315
327	316
327	318
327	320
327	329
327	333
327	336
327	338
327	339
327	341
327	343
327	344
327	345
327	528
327	722
327	762
327	861
328	171
328	185
328	189
328	225
328	241
328	243
328	244
328	245
328	249
328	263
328	270
328	273
328	276
328	277
328	283
328	297
328	298
328	304
328	305
328	306
328	310
328	316
328	317
328	321
328	326
328	329
328	331
328	332
328	334
328	336
328	341
328	550
328	705
328	997
329	66
329	200
329	211
329	238
329	254
329	259
329	277
329	279
329	280
329	283
329	288
329	294
329	297
329	298
329	299
329	300
329	303
329	305
329	306
329	310
329	315
329	321
329	327
329	328
329	330
329	333
329	334
329	338
329	339
329	340
329	342
329	343
329	665
329	694
329	996
330	154
330	188
330	198
330	216
330	230
330	232
330	233
330	239
330	244
330	255
330	258
330	264
330	265
330	267
330	268
330	270
330	271
330	274
330	280
330	281
330	286
330	287
330	290
330	292
330	300
330	313
330	314
330	315
330	319
330	324
330	326
330	329
330	332
330	337
330	338
330	342
330	476
330	779
330	986
331	13
331	208
331	210
331	214
331	216
331	226
331	229
331	249
331	252
331	262
331	264
331	266
331	267
331	277
331	279
331	280
331	283
331	285
331	290
331	292
331	294
331	299
331	305
331	306
331	308
331	309
331	311
331	315
331	316
331	321
331	328
331	332
331	333
331	336
331	339
331	344
331	729
331	784
331	905
332	197
332	207
332	228
332	238
332	245
332	259
332	265
332	267
332	275
332	276
332	277
332	283
332	284
332	294
332	298
332	299
332	302
332	303
332	304
332	305
332	306
332	309
332	311
332	315
332	316
332	320
332	321
332	322
332	328
332	330
332	331
332	334
332	339
332	341
332	344
332	377
332	554
332	609
332	755
333	17
333	167
333	189
333	197
333	198
333	204
333	209
333	211
333	213
333	227
333	252
333	257
333	277
333	279
333	282
333	290
333	293
333	296
333	297
333	298
333	302
333	305
333	306
333	307
333	309
333	310
333	313
333	316
333	321
333	327
333	329
333	331
333	338
333	339
333	341
333	342
333	343
333	344
333	673
333	933
334	185
334	191
334	192
334	198
334	217
334	226
334	229
334	232
334	237
334	239
334	245
334	252
334	256
334	267
334	276
334	277
334	279
334	290
334	292
334	294
334	297
334	299
334	304
334	306
334	315
334	316
334	317
334	321
334	323
334	328
334	329
334	332
334	336
334	338
334	339
334	344
334	345
334	599
334	679
334	753
334	991
335	186
335	202
335	212
335	213
335	219
335	237
335	242
335	250
335	251
335	266
335	269
335	272
335	278
335	283
335	285
335	288
335	289
335	291
335	293
335	295
335	296
335	298
335	303
335	305
335	307
335	309
335	310
335	311
335	312
335	320
335	322
335	323
335	325
335	336
335	337
335	340
335	343
335	345
335	519
335	754
335	918
335	993
336	186
336	199
336	211
336	213
336	219
336	240
336	250
336	255
336	261
336	263
336	266
336	271
336	272
336	276
336	285
336	288
336	289
336	295
336	296
336	301
336	302
336	308
336	311
336	312
336	317
336	320
336	322
336	323
336	325
336	327
336	328
336	331
336	334
336	335
336	337
336	340
336	342
336	343
336	345
336	449
336	855
336	888
336	960
337	190
337	193
337	202
337	205
337	212
337	220
337	240
337	243
337	250
337	256
337	263
337	266
337	268
337	272
337	273
337	276
337	285
337	288
337	289
337	295
337	296
337	298
337	306
337	307
337	308
337	310
337	311
337	312
337	314
337	319
337	320
337	323
337	325
337	326
337	330
337	335
337	336
337	340
337	343
337	345
337	614
337	726
337	820
337	836
338	100
338	127
338	149
338	191
338	194
338	197
338	214
338	223
338	226
338	227
338	229
338	230
338	238
338	243
338	244
338	245
338	250
338	254
338	257
338	273
338	276
338	283
338	285
338	286
338	287
338	289
338	290
338	297
338	303
338	306
338	308
338	315
338	316
338	321
338	324
338	327
338	329
338	330
338	333
338	334
338	339
338	344
338	449
338	769
339	191
339	196
339	198
339	200
339	205
339	211
339	214
339	226
339	237
339	244
339	245
339	248
339	252
339	257
339	266
339	277
339	279
339	288
339	290
339	294
339	297
339	300
339	301
339	303
339	307
339	309
339	310
339	315
339	321
339	322
339	323
339	325
339	327
339	329
339	331
339	332
339	333
339	334
339	338
339	341
339	344
339	362
339	440
339	653
339	984
340	135
340	189
340	192
340	200
340	208
340	215
340	218
340	220
340	221
340	222
340	223
340	227
340	228
340	230
340	231
340	234
340	235
340	245
340	246
340	248
340	249
340	251
340	262
340	269
340	274
340	275
340	278
340	281
340	284
340	300
340	301
340	304
340	305
340	306
340	318
340	321
340	329
340	335
340	336
340	337
340	344
340	372
340	581
340	607
340	880
341	159
341	204
341	210
341	215
341	222
341	225
341	229
341	252
341	255
341	256
341	257
341	267
341	270
341	273
341	276
341	277
341	279
341	280
341	281
341	282
341	283
341	287
341	294
341	297
341	298
341	303
341	305
341	306
341	309
341	315
341	316
341	321
341	323
341	325
341	327
341	328
341	332
341	333
341	339
341	344
341	345
341	463
341	756
341	941
341	966
342	185
342	188
342	190
342	204
342	206
342	220
342	228
342	232
342	233
342	235
342	236
342	239
342	255
342	257
342	258
342	264
342	265
342	268
342	270
342	271
342	272
342	274
342	280
342	283
342	286
342	287
342	292
342	293
342	301
342	303
342	311
342	313
342	314
342	321
342	324
342	326
342	329
342	330
342	333
342	336
342	344
342	345
342	441
342	455
342	649
342	677
343	196
343	198
343	199
343	202
343	203
343	204
343	205
343	206
343	211
343	213
343	225
343	240
343	246
343	249
343	263
343	266
343	288
343	289
343	291
343	292
343	295
343	296
343	302
343	307
343	310
343	311
343	312
343	314
343	318
343	319
343	320
343	322
343	323
343	324
343	325
343	327
343	329
343	333
343	335
343	336
343	337
343	345
343	860
343	964
343	990
343	999
344	85
344	131
344	189
344	198
344	210
344	211
344	214
344	221
344	225
344	231
344	237
344	238
344	242
344	243
344	250
344	252
344	257
344	267
344	272
344	273
344	276
344	287
344	290
344	292
344	293
344	294
344	297
344	299
344	302
344	305
344	306
344	309
344	316
344	317
344	324
344	327
344	331
344	332
344	333
344	334
344	338
344	339
344	340
344	341
344	342
344	345
344	762
344	924
344	973
345	178
345	184
345	186
345	187
345	193
345	199
345	202
345	205
345	213
345	219
345	236
345	240
345	246
345	252
345	256
345	258
345	259
345	263
345	264
345	266
345	274
345	284
345	285
345	286
345	288
345	289
345	291
345	296
345	297
345	303
345	310
345	311
345	312
345	317
345	319
345	323
345	325
345	327
345	334
345	335
345	336
345	337
345	341
345	342
345	343
345	344
345	482
345	720
345	849
346	398
346	401
346	412
346	445
346	455
346	465
346	466
346	468
346	473
346	671
347	359
347	392
347	415
347	419
347	422
347	434
347	463
347	468
347	472
347	761
348	395
348	410
348	418
348	430
348	442
348	453
348	467
348	471
348	474
348	518
349	360
349	366
349	386
349	433
349	435
349	457
349	475
349	476
349	477
349	755
350	400
350	424
350	459
350	461
350	464
350	465
350	473
350	476
350	477
350	863
351	365
351	387
351	431
351	433
351	445
351	467
351	472
351	475
351	476
351	748
352	383
352	400
352	420
352	433
352	438
352	445
352	453
352	463
352	471
352	644
353	354
353	359
353	428
353	450
353	458
353	462
353	467
353	468
353	472
353	934
354	353
354	411
354	419
354	451
354	453
354	462
354	463
354	475
354	476
354	613
355	262
355	372
355	381
355	384
355	386
355	398
355	453
355	455
355	464
355	473
356	376
356	398
356	412
356	436
356	447
356	465
356	466
356	472
356	477
356	651
357	378
357	402
357	405
357	420
357	430
357	440
357	452
357	461
357	469
357	593
358	368
358	408
358	422
358	429
358	432
358	434
358	442
358	453
358	467
358	682
359	347
359	353
359	412
359	425
359	428
359	430
359	456
359	459
359	465
359	752
360	349
360	383
360	387
360	417
360	451
360	458
360	465
360	470
360	475
360	548
361	367
361	373
361	424
361	455
361	459
361	464
361	471
361	473
361	476
361	729
362	339
362	406
362	419
362	420
362	436
362	448
362	456
362	470
362	473
362	477
363	280
363	401
363	432
363	440
363	443
363	446
363	455
363	460
363	471
363	473
364	315
364	381
364	424
364	441
364	452
364	459
364	469
364	470
364	473
364	475
365	351
365	379
365	406
365	407
365	408
365	413
365	425
365	442
365	454
365	477
365	816
366	349
366	373
366	419
366	445
366	456
366	464
366	470
366	471
366	473
366	475
366	625
367	361
367	437
367	450
367	455
367	461
367	464
367	466
367	469
367	470
367	475
367	608
368	358
368	396
368	430
368	454
368	460
368	468
368	469
368	470
368	474
368	476
368	965
369	11
369	378
369	384
369	404
369	412
369	445
369	446
369	457
369	460
369	465
369	466
370	390
370	416
370	433
370	438
370	450
370	453
370	455
370	460
370	475
370	476
370	713
371	393
371	403
371	410
371	417
371	419
371	423
371	444
371	473
371	474
371	476
371	719
372	340
372	355
372	405
372	423
372	427
372	429
372	436
372	443
372	458
372	461
372	464
372	477
373	361
373	366
373	387
373	390
373	406
373	424
373	435
373	444
373	451
373	467
373	476
373	988
374	379
374	399
374	403
374	421
374	431
374	450
374	456
374	459
374	463
374	468
374	477
374	655
375	240
375	399
375	402
375	403
375	408
375	411
375	447
375	458
375	470
375	471
375	474
375	475
376	356
376	423
376	424
376	440
376	449
376	451
376	454
376	456
376	472
376	474
376	477
376	733
377	332
377	391
377	405
377	440
377	441
377	444
377	447
377	454
377	460
377	468
377	473
377	477
378	357
378	369
378	390
378	392
378	440
378	459
378	463
378	466
378	469
378	473
378	477
378	875
379	365
379	374
379	404
379	427
379	431
379	447
379	452
379	463
379	468
379	472
379	475
379	952
380	208
380	409
380	436
380	443
380	448
380	449
380	450
380	457
380	463
380	468
380	469
380	917
381	355
381	364
381	433
381	443
381	449
381	452
381	457
381	458
381	464
381	469
381	473
381	672
382	298
382	386
382	391
382	417
382	434
382	444
382	446
382	452
382	461
382	464
382	469
382	473
383	352
383	360
383	398
383	399
383	426
383	430
383	439
383	454
383	456
383	461
383	472
383	752
384	355
384	369
384	406
384	407
384	424
384	432
384	436
384	438
384	461
384	464
384	469
384	616
385	249
385	395
385	412
385	438
385	439
385	450
385	452
385	457
385	458
385	465
385	469
385	982
386	349
386	355
386	382
386	430
386	444
386	458
386	464
386	465
386	466
386	469
386	471
386	761
387	351
387	360
387	373
387	438
387	451
387	456
387	460
387	466
387	467
387	469
387	471
387	723
388	392
388	395
388	422
388	425
388	438
388	445
388	467
388	470
388	471
388	472
388	476
388	477
388	984
389	303
389	402
389	430
389	444
389	449
389	460
389	467
389	471
389	474
389	475
389	476
389	477
389	729
390	25
390	370
390	373
390	378
390	399
390	426
390	432
390	434
390	456
390	462
390	468
390	472
390	511
391	377
391	382
391	437
391	441
391	448
391	449
391	450
391	454
391	455
391	456
391	467
391	468
391	719
392	347
392	378
392	388
392	427
392	436
392	442
392	453
392	460
392	470
392	474
392	475
392	476
392	552
393	371
393	429
393	430
393	431
393	449
393	450
393	454
393	463
393	467
393	476
393	477
393	650
393	948
394	398
394	402
394	438
394	454
394	455
394	457
394	458
394	464
394	465
394	466
394	469
394	471
394	473
394	985
395	348
395	385
395	388
395	398
395	415
395	421
395	427
395	459
395	462
395	463
395	468
395	475
395	477
395	568
396	368
396	398
396	417
396	426
396	435
396	444
396	448
396	462
396	467
396	471
396	474
396	476
396	477
396	503
397	410
397	414
397	429
397	432
397	437
397	452
397	453
397	455
397	459
397	464
397	467
397	473
397	477
397	732
398	95
398	346
398	355
398	356
398	383
398	394
398	395
398	396
398	399
398	450
398	456
398	462
398	468
398	706
399	374
399	375
399	383
399	390
399	398
399	401
399	433
399	434
399	462
399	468
399	471
399	472
399	476
399	698
400	301
400	350
400	352
400	407
400	419
400	433
400	445
400	451
400	456
400	463
400	465
400	470
400	474
400	476
401	346
401	363
401	399
401	432
401	439
401	442
401	452
401	458
401	462
401	465
401	466
401	469
401	472
401	762
402	357
402	375
402	389
402	394
402	410
402	433
402	436
402	442
402	449
402	453
402	467
402	471
402	476
402	976
403	371
403	374
403	375
403	410
403	417
403	435
403	441
403	445
403	446
403	467
403	472
403	475
403	477
403	765
404	369
404	379
404	426
404	448
404	449
404	455
404	462
404	463
404	468
404	470
404	472
404	475
404	715
404	734
405	48
405	357
405	372
405	377
405	410
405	414
405	430
405	441
405	443
405	457
405	468
405	475
405	477
405	991
406	248
406	362
406	365
406	373
406	384
406	428
406	438
406	443
406	447
406	449
406	451
406	463
406	472
406	730
407	365
407	384
407	400
407	409
407	420
407	430
407	434
407	443
407	446
407	454
407	463
407	472
407	473
407	477
407	719
408	358
408	365
408	375
408	429
408	437
408	444
408	448
408	450
408	460
408	471
408	474
408	475
408	476
408	517
408	763
409	256
409	380
409	407
409	410
409	416
409	423
409	444
409	445
409	451
409	467
409	471
409	472
409	474
409	475
409	717
410	348
410	371
410	397
410	402
410	403
410	405
410	409
410	429
410	437
410	439
410	451
410	453
410	474
410	476
410	593
411	297
411	354
411	375
411	422
411	426
411	432
411	445
411	449
411	451
411	464
411	473
411	474
411	475
411	476
411	680
412	346
412	356
412	359
412	369
412	385
412	425
412	431
412	446
412	452
412	455
412	464
412	469
412	473
412	476
412	743
413	365
413	415
413	417
413	434
413	441
413	447
413	450
413	451
413	454
413	463
413	466
413	467
413	472
413	473
413	477
413	885
414	54
414	397
414	405
414	415
414	422
414	431
414	440
414	457
414	458
414	459
414	461
414	464
414	465
414	469
414	475
414	676
415	347
415	395
415	413
415	414
415	417
415	422
415	423
415	429
415	431
415	448
415	449
415	462
415	468
415	474
415	477
415	662
416	370
416	409
416	419
416	424
416	433
416	438
416	439
416	447
416	460
416	462
416	469
416	471
416	474
416	475
416	476
416	755
417	360
417	371
417	382
417	396
417	403
417	413
417	415
417	444
417	451
417	462
417	467
417	470
417	471
417	472
417	476
417	760
417	876
418	348
418	432
418	437
418	439
418	442
418	443
418	444
418	446
418	451
418	454
418	455
418	458
418	461
418	464
418	466
418	469
418	540
419	347
419	354
419	362
419	366
419	371
419	400
419	416
419	455
419	463
419	467
419	468
419	470
419	471
419	474
419	475
419	476
419	877
420	352
420	357
420	362
420	407
420	421
420	423
420	425
420	426
420	428
420	434
420	448
420	450
420	453
420	465
420	466
420	472
420	673
421	318
421	374
421	395
421	420
421	436
421	443
421	446
421	454
421	456
421	457
421	463
421	464
421	472
421	474
421	476
421	477
421	701
422	325
422	347
422	358
422	388
422	411
422	414
422	415
422	441
422	444
422	451
422	458
422	460
422	467
422	470
422	475
422	476
422	735
423	170
423	189
423	371
423	372
423	376
423	409
423	415
423	420
423	426
423	428
423	439
423	443
423	456
423	461
423	462
423	463
423	469
423	473
424	24
424	350
424	361
424	364
424	373
424	376
424	384
424	416
424	431
424	433
424	439
424	458
424	459
424	460
424	465
424	466
424	469
424	473
424	475
425	23
425	359
425	365
425	388
425	412
425	420
425	441
425	447
425	448
425	449
425	450
425	453
425	455
425	456
425	459
425	464
425	472
425	477
425	896
426	383
426	390
426	396
426	404
426	411
426	420
426	423
426	436
426	437
426	442
426	443
426	450
426	454
426	456
426	462
426	476
426	477
426	805
426	845
427	372
427	379
427	392
427	395
427	428
427	436
427	441
427	447
427	448
427	449
427	454
427	457
427	464
427	466
427	472
427	476
427	477
427	527
427	900
428	175
428	353
428	359
428	406
428	420
428	423
428	427
428	434
428	435
428	436
428	443
428	447
428	456
428	457
428	459
428	465
428	466
428	468
428	473
428	492
429	78
429	358
429	372
429	393
429	397
429	408
429	410
429	415
429	430
429	436
429	441
429	447
429	452
429	462
429	463
429	468
429	469
429	472
429	477
429	761
430	348
430	357
430	359
430	368
430	383
430	386
430	389
430	393
430	405
430	407
430	429
430	448
430	449
430	454
430	456
430	461
430	462
430	472
430	739
430	833
431	351
431	374
431	379
431	393
431	412
431	414
431	415
431	424
431	432
431	437
431	439
431	440
431	446
431	454
431	457
431	458
431	459
431	466
431	531
431	571
432	358
432	363
432	384
432	390
432	397
432	401
432	411
432	418
432	431
432	435
432	437
432	446
432	447
432	457
432	465
432	466
432	473
432	477
432	631
432	909
432	912
433	122
433	349
433	351
433	352
433	370
433	381
433	399
433	400
433	402
433	416
433	424
433	441
433	442
433	446
433	453
433	460
433	463
433	470
433	474
433	475
433	506
433	715
434	119
434	157
434	347
434	358
434	382
434	390
434	399
434	407
434	413
434	420
434	428
434	445
434	449
434	450
434	459
434	462
434	468
434	471
434	472
434	475
434	477
434	986
435	12
435	349
435	373
435	396
435	403
435	428
435	432
435	436
435	444
435	449
435	455
435	460
435	462
435	467
435	470
435	471
435	473
435	474
435	475
435	476
435	507
435	606
436	356
436	362
436	372
436	380
436	384
436	392
436	402
436	421
436	426
436	427
436	428
436	429
436	435
436	440
436	441
436	442
436	448
436	463
436	472
436	621
436	626
436	978
437	46
437	367
437	391
437	397
437	408
437	410
437	418
437	426
437	431
437	432
437	440
437	442
437	443
437	455
437	457
437	458
437	459
437	461
437	466
437	469
437	473
437	657
438	273
438	352
438	370
438	384
438	385
438	387
438	388
438	394
438	406
438	416
438	442
438	448
438	451
438	453
438	460
438	466
438	469
438	470
438	471
438	474
438	475
438	476
438	979
439	75
439	116
439	383
439	385
439	401
439	410
439	416
439	418
439	423
439	424
439	431
439	440
439	445
439	447
439	452
439	457
439	458
439	459
439	461
439	465
439	466
439	473
439	592
440	285
440	339
440	357
440	363
440	376
440	377
440	378
440	414
440	431
440	436
440	437
440	439
440	445
440	452
440	456
440	457
440	459
440	460
440	461
440	464
440	465
440	470
440	473
440	551
441	113
441	182
441	342
441	364
441	377
441	391
441	403
441	405
441	413
441	422
441	425
441	427
441	429
441	433
441	436
441	443
441	449
441	450
441	457
441	462
441	463
441	475
441	476
441	477
442	348
442	358
442	365
442	392
442	401
442	402
442	418
442	426
442	433
442	436
442	437
442	438
442	444
442	451
442	452
442	453
442	460
442	470
442	471
442	472
442	474
442	475
442	541
442	940
443	363
443	372
443	380
443	381
443	405
443	406
443	407
443	418
443	421
443	423
443	426
443	428
443	437
443	441
443	447
443	450
443	453
443	456
443	461
443	462
443	464
443	468
443	474
443	477
443	486
443	590
444	134
444	317
444	371
444	373
444	377
444	382
444	386
444	389
444	396
444	408
444	409
444	417
444	418
444	422
444	435
444	442
444	445
444	448
444	451
444	453
444	455
444	458
444	467
444	468
444	469
444	470
444	475
445	22
445	346
445	351
445	352
445	366
445	369
445	388
445	400
445	403
445	409
445	411
445	434
445	439
445	440
445	444
445	447
445	455
445	460
445	467
445	470
445	471
445	472
445	474
445	475
445	476
445	477
445	898
446	363
446	369
446	382
446	403
446	407
446	412
446	418
446	421
446	431
446	432
446	433
446	452
446	457
446	458
446	459
446	460
446	461
446	465
446	466
446	467
446	468
446	469
446	473
446	476
446	645
446	666
446	748
447	183
447	356
447	375
447	377
447	379
447	406
447	413
447	416
447	425
447	427
447	428
447	429
447	432
447	439
447	443
447	445
447	448
447	449
447	450
447	454
447	456
447	462
447	469
447	470
447	475
447	803
447	944
448	191
448	362
448	380
448	391
448	396
448	404
448	408
448	415
448	420
448	425
448	427
448	430
448	436
448	438
448	444
448	447
448	454
448	458
448	462
448	463
448	466
448	467
448	468
448	474
448	475
448	477
448	738
448	868
449	336
449	338
449	376
449	380
449	381
449	389
449	391
449	393
449	402
449	404
449	406
449	411
449	415
449	425
449	427
449	430
449	434
449	435
449	441
449	447
449	456
449	462
449	464
449	469
449	472
449	476
449	477
449	727
450	312
450	353
450	367
450	370
450	374
450	380
450	385
450	391
450	393
450	398
450	408
450	413
450	420
450	425
450	426
450	434
450	441
450	443
450	447
450	459
450	461
450	463
450	465
450	470
450	472
450	477
450	717
450	947
451	354
451	360
451	373
451	376
451	387
451	400
451	406
451	409
451	410
451	411
451	413
451	417
451	418
451	422
451	438
451	442
451	444
451	455
451	460
451	463
451	467
451	468
451	470
451	472
451	474
451	475
451	545
451	576
451	765
452	174
452	224
452	357
452	364
452	379
452	381
452	382
452	385
452	397
452	401
452	412
452	429
452	439
452	440
452	442
452	446
452	453
452	455
452	456
452	457
452	459
452	462
452	464
452	465
452	466
452	470
452	471
452	472
452	473
452	834
453	348
453	352
453	354
453	355
453	358
453	370
453	392
453	397
453	402
453	410
453	420
453	425
453	433
453	438
453	442
453	443
453	444
453	452
453	454
453	460
453	463
453	468
453	470
453	471
453	474
453	475
453	476
453	741
453	915
453	927
454	132
454	175
454	365
454	368
454	376
454	377
454	383
454	391
454	393
454	394
454	407
454	413
454	418
454	421
454	426
454	427
454	430
454	431
454	447
454	448
454	453
454	462
454	465
454	467
454	468
454	471
454	472
454	473
454	477
454	672
455	207
455	342
455	346
455	355
455	361
455	363
455	367
455	370
455	391
455	394
455	397
455	404
455	412
455	418
455	419
455	425
455	435
455	437
455	444
455	445
455	451
455	452
455	457
455	458
455	459
455	461
455	464
455	465
455	473
455	474
455	911
456	149
456	211
456	359
456	362
456	366
456	374
456	376
456	383
456	387
456	390
456	391
456	398
456	400
456	421
456	423
456	425
456	426
456	428
456	430
456	440
456	443
456	447
456	449
456	452
456	461
456	468
456	472
456	473
456	474
456	476
456	477
456	764
457	20
457	110
457	349
457	369
457	380
457	381
457	385
457	394
457	405
457	414
457	421
457	427
457	428
457	431
457	432
457	437
457	439
457	440
457	441
457	446
457	452
457	455
457	458
457	459
457	461
457	462
457	464
457	466
457	469
457	470
457	471
457	473
457	999
458	108
458	353
458	360
458	372
458	375
458	381
458	385
458	386
458	394
458	401
458	414
458	418
458	422
458	424
458	431
458	437
458	439
458	444
458	446
458	448
458	455
458	457
458	459
458	461
458	465
458	466
458	469
458	470
458	473
458	476
458	477
458	553
458	685
459	107
459	350
459	359
459	361
459	364
459	374
459	378
459	395
459	397
459	414
459	424
459	425
459	428
459	431
459	434
459	437
459	439
459	440
459	446
459	450
459	452
459	455
459	457
459	458
459	461
459	462
459	465
459	466
459	467
459	469
459	474
459	740
459	741
459	998
460	134
460	363
460	368
460	369
460	370
460	377
460	387
460	389
460	392
460	408
460	416
460	422
460	424
460	433
460	435
460	438
460	440
460	442
460	445
460	446
460	451
460	453
460	462
460	465
460	467
460	468
460	470
460	471
460	474
460	475
460	476
460	477
460	580
460	710
461	116
461	264
461	350
461	357
461	367
461	372
461	382
461	383
461	384
461	414
461	418
461	423
461	430
461	437
461	439
461	440
461	443
461	446
461	450
461	455
461	456
461	457
461	458
461	459
461	464
461	465
461	466
461	469
461	472
461	473
461	474
461	476
461	510
461	848
462	33
462	353
462	354
462	390
462	395
462	396
462	398
462	399
462	401
462	404
462	415
462	416
462	417
462	423
462	426
462	429
462	430
462	434
462	435
462	441
462	443
462	447
462	448
462	449
462	452
462	454
462	457
462	459
462	460
462	463
462	466
462	472
462	477
462	730
462	939
463	293
463	341
463	347
463	352
463	354
463	374
463	378
463	379
463	380
463	393
463	395
463	400
463	404
463	406
463	407
463	413
463	419
463	421
463	423
463	429
463	433
463	436
463	441
463	448
463	450
463	451
463	453
463	462
463	468
463	470
463	471
463	472
463	474
463	477
463	701
464	52
464	309
464	350
464	355
464	361
464	366
464	367
464	372
464	381
464	382
464	384
464	386
464	394
464	397
464	411
464	412
464	414
464	418
464	421
464	425
464	427
464	440
464	443
464	449
464	452
464	455
464	457
464	461
464	465
464	466
464	469
464	473
464	475
464	476
464	513
464	945
465	346
465	350
465	356
465	359
465	360
465	369
465	385
465	386
465	394
465	400
465	401
465	414
465	420
465	424
465	428
465	432
465	439
465	440
465	446
465	450
465	452
465	454
465	455
465	458
465	459
465	460
465	461
465	464
465	466
465	468
465	469
465	471
465	473
465	515
465	658
465	689
465	955
466	165
466	277
466	346
466	356
466	367
466	369
466	378
466	386
466	387
466	394
466	401
466	413
466	418
466	420
466	424
466	427
466	428
466	431
466	432
466	437
466	438
466	439
466	446
466	448
466	452
466	457
466	458
466	459
466	461
466	462
466	464
466	465
466	467
466	469
466	473
466	477
466	718
466	729
467	114
467	348
467	351
467	353
467	358
467	373
467	387
467	388
467	389
467	391
467	393
467	396
467	397
467	402
467	403
467	409
467	413
467	417
467	419
467	422
467	435
467	444
467	445
467	446
467	448
467	451
467	454
467	459
467	460
467	466
467	468
467	469
467	470
467	471
467	474
467	476
467	632
467	695
468	346
468	347
468	353
468	368
468	374
468	377
468	379
468	380
468	390
468	391
468	395
468	398
468	399
468	404
468	405
468	415
468	419
468	428
468	429
468	434
468	443
468	444
468	446
468	448
468	451
468	453
468	454
468	456
468	460
468	463
468	465
468	467
468	471
468	474
468	477
468	745
468	762
468	932
468	996
469	309
469	323
469	357
469	364
469	367
469	368
469	378
469	380
469	381
469	382
469	384
469	385
469	386
469	387
469	394
469	401
469	412
469	414
469	416
469	418
469	423
469	424
469	429
469	437
469	438
469	444
469	446
469	447
469	449
469	457
469	458
469	459
469	461
469	464
469	465
469	466
469	467
469	474
469	569
469	721
470	250
470	293
470	360
470	362
470	364
470	366
470	367
470	368
470	375
470	388
470	392
470	400
470	404
470	417
470	419
470	422
470	433
470	435
470	438
470	440
470	442
470	444
470	445
470	447
470	450
470	451
470	452
470	453
470	457
470	458
470	460
470	463
470	467
470	471
470	472
470	474
470	475
470	476
470	897
470	906
471	104
471	348
471	352
471	361
471	363
471	366
471	375
471	386
471	387
471	388
471	389
471	394
471	396
471	399
471	402
471	408
471	409
471	416
471	417
471	419
471	434
471	435
471	438
471	442
471	445
471	452
471	453
471	454
471	457
471	460
471	463
471	465
471	467
471	468
471	470
471	473
471	474
471	475
471	670
471	819
471	994
472	136
472	347
472	351
472	353
472	356
472	376
472	379
472	383
472	388
472	390
472	399
472	401
472	403
472	404
472	406
472	407
472	409
472	413
472	417
472	420
472	421
472	425
472	427
472	429
472	430
472	434
472	436
472	442
472	445
472	449
472	450
472	451
472	452
472	454
472	456
472	461
472	462
472	463
472	470
472	474
472	477
472	668
472	684
472	954
473	346
473	350
473	355
473	361
473	362
473	363
473	364
473	366
473	371
473	377
473	378
473	381
473	382
473	394
473	397
473	407
473	411
473	412
473	413
473	423
473	424
473	428
473	432
473	435
473	437
473	439
473	440
473	446
473	452
473	454
473	455
473	456
473	457
473	458
473	461
473	464
473	465
473	466
473	471
473	475
473	556
473	635
473	724
473	985
473	988
474	295
474	324
474	348
474	368
474	371
474	375
474	376
474	389
474	392
474	396
474	400
474	408
474	409
474	410
474	411
474	415
474	416
474	419
474	421
474	433
474	435
474	438
474	442
474	443
474	445
474	448
474	451
474	453
474	455
474	456
474	459
474	460
474	461
474	463
474	467
474	468
474	469
474	470
474	471
474	472
474	475
474	476
474	477
474	752
474	968
474	994
475	4
475	82
475	89
475	349
475	351
475	354
475	360
475	364
475	366
475	367
475	370
475	375
475	379
475	389
475	392
475	395
475	403
475	404
475	405
475	408
475	409
475	411
475	414
475	416
475	419
475	422
475	424
475	433
475	434
475	435
475	438
475	441
475	442
475	444
475	445
475	447
475	448
475	451
475	453
475	460
475	464
475	470
475	471
475	473
475	474
475	476
475	671
475	953
476	160
476	201
476	325
476	330
476	349
476	350
476	351
476	354
476	361
476	368
476	370
476	371
476	373
476	388
476	389
476	392
476	393
476	396
476	399
476	400
476	402
476	408
476	410
476	411
476	412
476	416
476	417
476	419
476	421
476	422
476	426
476	427
476	435
476	438
476	441
476	445
476	446
476	449
476	453
476	456
476	458
476	460
476	461
476	464
476	467
476	470
476	474
476	475
477	216
477	349
477	350
477	356
477	362
477	365
477	372
477	374
477	376
477	377
477	378
477	388
477	389
477	393
477	395
477	396
477	397
477	403
477	405
477	407
477	413
477	415
477	421
477	425
477	426
477	427
477	429
477	432
477	434
477	441
477	443
477	445
477	448
477	449
477	450
477	454
477	456
477	458
477	460
477	462
477	463
477	466
477	468
477	472
477	474
477	572
477	955
477	994
478	302
478	599
478	664
478	685
478	692
478	711
478	735
478	737
478	755
478	761
479	252
479	530
479	549
479	602
479	640
479	655
479	692
479	722
479	755
480	146
480	532
480	562
480	621
480	632
480	700
480	705
480	708
480	714
480	742
481	141
481	487
481	523
481	683
481	688
481	700
481	710
481	718
481	720
481	730
482	345
482	489
482	499
482	605
482	660
482	703
482	720
482	722
482	723
482	742
483	606
483	613
483	615
483	626
483	650
483	683
483	717
483	720
483	734
483	972
484	150
484	512
484	566
484	571
484	651
484	669
484	670
484	694
484	701
484	740
485	559
485	586
485	602
485	631
485	674
485	682
485	684
485	750
485	761
485	846
486	443
486	595
486	619
486	633
486	694
486	698
486	738
486	745
486	747
486	761
487	481
487	565
487	580
487	626
487	638
487	667
487	700
487	720
487	730
487	776
488	273
488	564
488	565
488	613
488	670
488	687
488	732
488	747
488	748
488	751
489	163
489	482
489	547
489	548
489	591
489	654
489	660
489	705
489	708
489	737
490	2
490	517
490	580
490	585
490	629
490	633
490	655
490	680
490	745
490	755
491	180
491	623
491	638
491	667
491	672
491	695
491	700
491	716
491	720
491	730
492	428
492	514
492	620
492	691
492	729
492	732
492	739
492	748
492	751
492	763
493	611
493	648
493	661
493	675
493	689
493	702
493	759
493	761
493	763
493	887
494	241
494	659
494	687
494	697
494	700
494	733
494	736
494	737
494	746
494	765
495	169
495	528
495	603
495	655
495	659
495	705
495	742
495	748
495	755
495	763
496	515
496	541
496	583
496	631
496	684
496	689
496	721
496	748
496	759
496	992
497	108
497	596
497	610
497	642
497	659
497	670
497	685
497	716
497	736
497	749
498	596
498	604
498	677
498	679
498	706
498	714
498	717
498	740
498	761
498	870
499	300
499	482
499	528
499	612
499	637
499	638
499	705
499	727
499	728
499	741
500	203
500	652
500	654
500	704
500	739
500	754
500	757
500	759
500	760
500	764
501	545
501	576
501	615
501	623
501	626
501	663
501	688
501	695
501	730
501	854
502	559
502	663
502	697
502	702
502	707
502	711
502	729
502	746
502	761
502	796
503	396
503	526
503	542
503	571
503	604
503	664
503	715
503	716
503	717
503	749
504	77
504	582
504	601
504	682
504	709
504	717
504	740
504	750
504	758
504	763
505	99
505	617
505	673
505	682
505	701
505	723
505	736
505	740
505	761
505	763
506	433
506	575
506	609
506	693
506	706
506	723
506	728
506	738
506	745
506	747
507	435
507	570
507	690
507	698
507	700
507	729
507	748
507	751
507	755
507	762
508	296
508	522
508	533
508	608
508	660
508	714
508	735
508	739
508	744
508	758
508	760
509	531
509	547
509	647
509	670
509	705
509	720
509	722
509	728
509	742
509	745
509	987
510	461
510	550
510	617
510	631
510	657
510	659
510	690
510	717
510	743
510	757
510	763
511	390
511	516
511	517
511	576
511	636
511	658
511	666
511	687
511	711
511	716
511	759
512	127
512	484
512	588
512	633
512	637
512	647
512	713
512	749
512	752
512	753
512	765
513	464
513	564
513	566
513	572
513	605
513	623
513	628
513	651
513	694
513	698
513	719
514	315
514	492
514	662
514	671
514	715
514	716
514	718
514	719
514	724
514	749
514	752
515	465
515	496
515	618
515	643
515	644
515	657
515	666
515	692
515	698
515	736
515	746
516	298
516	511
516	644
516	674
516	727
516	733
516	737
516	741
516	753
516	756
516	757
517	408
517	490
517	511
517	648
517	654
517	693
517	706
517	743
517	745
517	753
517	765
518	348
518	542
518	618
518	659
518	687
518	711
518	716
518	718
518	735
518	737
518	741
519	335
519	558
519	650
519	694
519	703
519	726
519	728
519	732
519	738
519	751
519	754
520	652
520	691
520	696
520	698
520	710
520	714
520	732
520	747
520	756
520	764
520	768
521	324
521	539
521	676
521	680
521	714
521	734
521	754
521	756
521	760
521	761
521	929
522	131
522	508
522	576
522	646
522	655
522	658
522	746
522	754
522	757
522	764
522	843
523	187
523	481
523	543
523	576
523	597
523	608
523	663
523	692
523	736
523	737
523	752
524	576
524	578
524	610
524	652
524	660
524	666
524	683
524	684
524	702
524	746
524	958
525	109
525	626
525	627
525	650
525	683
525	694
525	695
525	700
525	720
525	729
525	730
526	179
526	503
526	527
526	542
526	589
526	597
526	679
526	727
526	759
526	761
526	866
527	130
527	427
527	526
527	622
527	626
527	632
527	688
527	695
527	700
527	703
527	730
528	327
528	495
528	499
528	553
528	648
528	691
528	708
528	711
528	723
528	730
528	755
529	157
529	547
529	676
529	710
529	727
529	731
529	738
529	744
529	753
529	756
529	760
530	479
530	625
530	643
530	669
530	671
530	677
530	690
530	726
530	729
530	762
530	989
531	431
531	509
531	549
531	660
531	669
531	672
531	677
531	694
531	706
531	708
531	723
532	480
532	638
532	648
532	658
532	706
532	717
532	743
532	745
532	755
532	763
532	972
533	280
533	508
533	537
533	600
533	677
533	696
533	710
533	732
533	749
533	751
533	762
534	541
534	605
534	617
534	704
534	715
534	718
534	740
534	759
534	763
534	764
534	795
535	168
535	558
535	576
535	584
535	636
535	643
535	708
535	737
535	743
535	746
535	750
536	575
536	596
536	635
536	668
536	707
536	713
536	719
536	727
536	746
536	765
536	944
537	184
537	533
537	669
537	673
537	679
537	701
537	715
537	733
537	747
537	748
537	751
538	278
538	611
538	637
538	655
538	656
538	668
538	703
538	719
538	749
538	753
538	765
538	931
539	145
539	521
539	560
539	577
539	673
539	696
539	698
539	703
539	726
539	732
539	747
539	751
540	418
540	597
540	620
540	649
540	653
540	676
540	698
540	703
540	710
540	726
540	756
540	762
541	442
541	496
541	534
541	590
541	604
541	639
541	678
541	684
541	688
541	699
541	750
541	761
542	326
542	503
542	518
542	526
542	611
542	643
542	682
542	709
542	732
542	750
542	759
542	887
543	523
543	620
543	699
543	712
543	713
543	719
543	722
543	724
543	749
543	752
543	765
543	988
544	650
544	677
544	688
544	691
544	692
544	696
544	734
544	747
544	748
544	751
544	759
544	890
545	451
545	501
545	589
545	630
545	671
545	712
545	713
545	719
545	732
545	744
545	752
545	765
546	181
546	565
546	586
546	661
546	674
546	675
546	743
546	750
546	751
546	758
546	759
546	761
547	317
547	489
547	509
547	529
547	615
547	627
547	654
547	728
547	742
547	743
547	755
547	757
548	360
548	489
548	583
548	648
548	649
548	655
548	663
548	712
548	713
548	718
548	749
548	765
549	310
549	479
549	531
549	580
549	638
549	658
549	660
549	680
549	716
549	743
549	755
549	761
550	328
550	510
550	558
550	681
550	704
550	715
550	721
550	727
550	753
550	759
550	761
550	763
551	440
551	661
551	705
551	714
551	725
551	739
551	744
551	756
551	758
551	762
551	764
551	884
552	288
552	392
552	557
552	581
552	669
552	724
552	726
552	729
552	730
552	751
552	754
552	762
553	101
553	458
553	528
553	609
553	628
553	638
553	648
553	682
553	722
553	728
553	745
553	762
554	332
554	629
554	642
554	687
554	697
554	707
554	711
554	737
554	740
554	744
554	746
554	765
555	581
555	599
555	628
555	682
555	691
555	698
555	703
555	729
555	746
555	748
555	751
555	956
556	473
556	578
556	584
556	618
556	639
556	642
556	685
556	711
556	716
556	717
556	719
556	943
557	552
557	635
557	652
557	677
557	734
557	738
557	747
557	751
557	757
557	762
557	763
557	983
558	140
558	519
558	535
558	550
558	579
558	616
558	686
558	703
558	710
558	732
558	734
558	747
559	307
559	485
559	502
559	667
559	717
559	725
559	727
559	741
559	754
559	756
559	757
559	760
559	764
560	260
560	539
560	567
560	606
560	623
560	650
560	688
560	695
560	696
560	720
560	724
560	730
560	764
561	158
561	567
561	579
561	585
561	601
561	622
561	665
561	688
561	695
561	700
561	720
561	730
561	731
562	228
562	480
562	619
562	634
562	638
562	654
562	710
562	712
562	723
562	728
562	741
562	745
562	755
563	282
563	576
563	642
563	685
563	687
563	697
563	700
563	722
563	730
563	735
563	737
563	758
563	817
564	142
564	174
564	488
564	513
564	604
564	670
564	696
564	698
564	722
564	729
564	731
564	748
564	753
565	487
565	488
565	546
565	593
565	621
565	645
565	656
565	661
565	709
565	740
565	750
565	763
565	966
566	484
566	513
566	599
566	675
566	710
566	725
566	729
566	734
566	738
566	750
566	762
566	765
566	879
567	560
567	561
567	615
567	631
567	667
567	674
567	683
567	695
567	700
567	720
567	738
567	757
567	953
568	395
568	618
568	664
568	687
568	697
568	707
568	713
568	717
568	735
568	736
568	737
568	751
568	762
569	469
569	672
569	679
569	689
569	698
569	709
569	715
569	717
569	741
569	748
569	750
569	759
569	763
570	117
570	507
570	591
570	640
570	705
570	708
570	727
570	753
570	754
570	756
570	757
570	764
570	810
571	431
571	484
571	503
571	623
571	631
571	675
571	679
571	681
571	684
571	689
571	695
571	739
571	763
572	477
572	513
572	579
572	615
572	662
572	667
572	688
572	695
572	700
572	705
572	710
572	720
572	730
573	178
573	310
573	614
573	624
573	661
573	676
573	682
573	689
573	709
573	715
573	740
573	742
573	764
574	304
574	580
574	588
574	589
574	635
574	649
574	662
574	671
574	718
574	722
574	749
574	765
574	974
575	91
575	506
575	536
575	598
575	673
575	712
575	713
575	719
575	724
575	749
575	752
575	760
575	765
575	841
576	451
576	501
576	511
576	522
576	523
576	524
576	535
576	563
576	626
576	655
576	707
576	716
576	736
576	737
577	303
577	539
577	580
577	632
577	634
577	655
577	685
577	693
577	702
577	728
577	742
577	743
577	745
577	746
578	15
578	524
578	556
578	590
578	643
578	653
578	678
578	692
578	711
578	715
578	716
578	722
578	735
578	737
579	558
579	561
579	572
579	615
579	622
579	623
579	639
579	650
579	654
579	688
579	730
579	749
579	753
579	944
580	460
580	487
580	490
580	549
580	574
580	577
580	602
580	631
580	640
580	693
580	725
580	743
580	755
580	764
581	340
581	552
581	555
581	604
581	647
581	662
581	665
581	712
581	713
581	719
581	724
581	732
581	752
581	758
582	504
582	603
582	629
582	640
582	671
582	702
582	705
582	728
582	742
582	743
582	745
582	750
582	755
582	841
583	100
583	496
583	548
583	595
583	626
583	636
583	656
583	706
583	713
583	724
583	749
583	752
583	762
583	765
584	76
584	535
584	556
584	590
584	652
584	664
584	668
584	696
584	707
584	714
584	730
584	735
584	746
584	834
585	287
585	490
585	561
585	600
585	634
585	690
585	696
585	701
585	734
585	738
585	747
585	748
585	751
585	762
586	133
586	485
586	546
586	644
586	646
586	720
586	731
586	733
586	741
586	744
586	748
586	753
586	757
586	760
587	173
587	638
587	676
587	686
587	699
587	731
587	737
587	739
587	741
587	744
587	746
587	747
587	758
587	764
588	31
588	512
588	574
588	628
588	670
588	725
588	727
588	732
588	734
588	744
588	753
588	754
588	756
588	758
589	172
589	526
589	545
589	574
589	593
589	603
589	605
589	664
589	665
589	668
589	671
589	749
589	752
589	765
590	443
590	541
590	578
590	584
590	595
590	607
590	618
590	666
590	690
590	692
590	697
590	702
590	711
590	746
591	489
591	570
591	724
591	725
591	731
591	736
591	739
591	741
591	742
591	743
591	744
591	758
591	760
591	968
592	439
592	616
592	630
592	650
592	676
592	699
592	714
592	737
592	753
592	757
592	758
592	760
592	761
592	764
592	995
593	357
593	410
593	565
593	589
593	617
593	670
593	674
593	675
593	715
593	721
593	727
593	740
593	742
593	759
593	761
594	667
594	680
594	699
594	702
594	711
594	725
594	727
594	741
594	744
594	758
594	760
594	761
594	764
594	773
594	984
595	149
595	486
595	583
595	590
595	602
595	637
595	649
595	662
595	665
595	695
595	712
595	718
595	752
595	765
595	935
596	497
596	498
596	536
596	631
596	675
596	684
596	709
596	738
596	740
596	748
596	750
596	759
596	763
596	794
596	975
597	523
597	526
597	540
597	625
597	645
597	661
597	678
597	683
597	685
597	717
597	721
597	740
597	759
597	761
597	951
598	575
598	629
598	704
598	707
598	714
598	730
598	733
598	739
598	744
598	747
598	753
598	754
598	756
598	758
598	778
599	246
599	334
599	478
599	555
599	566
599	668
599	669
599	690
599	698
599	709
599	734
599	737
599	747
599	751
599	762
600	304
600	533
600	585
600	601
600	604
600	634
600	640
600	648
600	676
600	693
600	723
600	742
600	743
600	755
600	847
601	504
601	561
601	600
601	612
601	655
601	693
601	722
601	728
601	733
601	740
601	742
601	743
601	745
601	755
601	780
602	297
602	479
602	485
602	580
602	595
602	636
602	701
602	722
602	723
602	728
602	742
602	744
602	745
602	755
602	907
603	495
603	582
603	589
603	626
603	705
603	706
603	708
603	722
603	723
603	743
603	744
603	755
603	760
603	762
603	925
604	126
604	498
604	503
604	541
604	564
604	581
604	600
604	621
604	679
604	681
604	689
604	703
604	721
604	754
604	763
605	319
605	482
605	513
605	534
605	589
605	620
605	646
605	655
605	690
605	691
605	732
605	734
605	747
605	748
605	762
606	435
606	483
606	560
606	615
606	623
606	624
606	627
606	650
606	667
606	688
606	689
606	695
606	730
606	738
606	741
607	340
607	590
607	640
607	646
607	684
607	704
607	709
607	713
607	714
607	733
607	753
607	754
607	756
607	757
607	758
607	764
608	367
608	508
608	523
608	616
608	621
608	652
608	663
608	664
608	666
608	675
608	697
608	707
608	714
608	724
608	735
608	922
609	332
609	506
609	553
609	632
609	640
609	641
609	693
609	706
609	715
609	720
609	722
609	732
609	743
609	745
609	755
609	765
610	497
610	524
610	618
610	621
610	659
610	664
610	666
610	669
610	708
610	732
610	735
610	736
610	737
610	751
610	753
610	932
611	253
611	493
611	538
611	542
611	641
611	649
611	666
611	672
611	678
611	713
611	718
611	724
611	735
611	752
611	765
611	924
612	137
612	499
612	601
612	629
612	648
612	660
612	693
612	709
612	714
612	722
612	728
612	735
612	742
612	755
612	759
612	831
613	354
613	483
613	488
613	617
613	674
613	681
613	704
613	731
613	739
613	741
613	753
613	754
613	757
613	758
613	760
613	764
614	50
614	337
614	573
614	646
614	658
614	670
614	682
614	713
614	731
614	739
614	744
614	749
614	756
614	757
614	758
614	760
614	764
615	93
615	146
615	483
615	501
615	547
615	567
615	572
615	579
615	606
615	627
615	667
615	699
615	712
615	720
615	730
615	743
615	764
616	323
616	384
616	558
616	592
616	608
616	670
616	714
616	727
616	733
616	739
616	749
616	754
616	757
616	758
616	760
616	762
616	764
617	158
617	279
617	505
617	510
617	534
617	593
617	613
617	634
617	645
617	654
617	679
617	689
617	690
617	699
617	717
617	721
617	763
618	515
618	518
618	556
618	568
618	590
618	610
618	643
618	667
618	687
618	728
618	733
618	735
618	736
618	744
618	751
618	930
618	950
619	486
619	562
619	677
619	691
619	694
619	696
619	701
619	708
619	710
619	726
619	729
619	734
619	738
619	752
619	760
619	763
619	903
620	160
620	492
620	540
620	543
620	605
620	660
620	666
620	671
620	677
620	694
620	698
620	726
620	729
620	736
620	738
620	748
620	806
621	436
621	480
621	565
621	604
621	608
621	610
621	642
621	647
621	663
621	664
621	685
621	702
621	735
621	736
621	737
621	746
621	760
622	143
622	527
622	561
622	579
622	626
622	627
622	631
622	681
622	682
622	683
622	688
622	692
622	695
622	720
622	730
622	750
622	966
623	238
623	491
623	501
623	513
623	560
623	571
623	579
623	606
623	683
623	684
623	687
623	688
623	696
623	700
623	720
623	730
623	759
624	573
624	606
624	657
624	666
624	684
624	689
624	704
624	709
624	715
624	717
624	735
624	750
624	757
624	761
624	763
624	885
624	969
625	366
625	530
625	597
625	641
625	677
625	686
625	694
625	701
625	703
625	720
625	725
625	738
625	745
625	748
625	751
625	762
625	802
626	172
626	436
626	483
626	487
626	501
626	525
626	527
626	576
626	583
626	603
626	622
626	683
626	690
626	700
626	720
626	730
626	748
627	179
627	525
627	547
627	606
627	615
627	622
627	650
627	656
627	659
627	667
627	683
627	687
627	695
627	700
627	723
627	730
627	937
628	324
628	513
628	553
628	555
628	588
628	644
628	681
628	703
628	704
628	714
628	731
628	733
628	744
628	754
628	757
628	764
628	999
629	106
629	490
629	554
629	582
629	598
629	612
629	632
629	634
629	638
629	660
629	669
629	699
629	705
629	708
629	728
629	737
629	745
629	755
630	61
630	90
630	545
630	592
630	635
630	656
630	713
630	717
630	718
630	719
630	724
630	726
630	749
630	751
630	752
630	753
630	757
630	765
631	432
631	485
631	496
631	510
631	567
631	571
631	580
631	596
631	622
631	673
631	682
631	711
631	712
631	715
631	750
631	761
631	763
631	790
632	32
632	467
632	480
632	527
632	577
632	609
632	629
632	634
632	636
632	666
632	698
632	705
632	706
632	708
632	723
632	742
632	759
632	764
633	65
633	183
633	486
633	490
633	512
633	670
633	677
633	686
633	690
633	701
633	710
633	712
633	723
633	732
633	748
633	757
633	759
633	762
634	148
634	562
634	577
634	585
634	600
634	617
634	629
634	632
634	654
634	693
634	694
634	705
634	713
634	722
634	742
634	743
634	755
634	756
635	473
635	536
635	557
635	574
635	630
635	671
635	709
635	713
635	718
635	719
635	724
635	732
635	743
635	745
635	749
635	752
635	765
635	891
636	294
636	511
636	535
636	583
636	602
636	632
636	659
636	663
636	664
636	685
636	692
636	702
636	707
636	715
636	737
636	747
636	765
636	951
637	326
637	499
637	512
637	538
637	595
637	641
637	671
637	672
637	705
637	712
637	716
637	718
637	735
637	745
637	749
637	752
637	765
637	829
638	121
638	487
638	491
638	499
638	532
638	549
638	553
638	562
638	587
638	629
638	699
638	706
638	708
638	722
638	723
638	736
638	742
638	757
638	856
639	181
639	541
639	556
639	579
639	645
639	657
639	661
639	678
639	679
639	704
639	709
639	715
639	735
639	740
639	755
639	759
639	761
639	763
639	969
640	139
640	479
640	570
640	580
640	582
640	600
640	607
640	609
640	654
640	679
640	684
640	708
640	713
640	722
640	723
640	728
640	742
640	764
640	973
641	609
641	611
641	625
641	637
641	647
641	661
641	668
641	672
641	680
641	709
641	712
641	719
641	724
641	745
641	749
641	752
641	765
641	770
641	871
642	99
642	497
642	554
642	556
642	563
642	621
642	685
642	687
642	692
642	711
642	714
642	716
642	736
642	737
642	743
642	750
642	752
642	762
642	1000
643	119
643	515
643	530
643	535
643	542
643	578
643	618
643	645
643	688
643	692
643	697
643	701
643	711
643	716
643	722
643	736
643	737
643	746
643	837
644	291
644	352
644	515
644	516
644	586
644	628
644	657
644	685
644	692
644	699
644	715
644	733
644	734
644	744
644	753
644	754
644	756
644	757
644	758
644	764
645	446
645	565
645	597
645	617
645	639
645	643
645	661
645	662
645	663
645	669
645	689
645	694
645	709
645	721
645	740
645	750
645	759
645	761
645	762
645	909
646	155
646	314
646	522
646	586
646	605
646	607
646	614
646	649
646	667
646	714
646	720
646	722
646	724
646	725
646	739
646	741
646	754
646	756
646	757
646	760
647	275
647	509
647	512
647	581
647	621
647	641
647	665
647	668
647	672
647	700
647	712
647	718
647	719
647	724
647	734
647	749
647	755
647	759
647	765
647	968
648	155
648	493
648	517
648	528
648	532
648	548
648	553
648	600
648	612
648	660
648	689
648	702
648	708
648	713
648	728
648	729
648	743
648	745
648	755
648	896
649	342
649	540
649	548
649	574
649	595
649	611
649	646
649	671
649	672
649	712
649	718
649	724
649	730
649	736
649	749
649	752
649	754
649	757
649	765
649	796
650	393
650	483
650	519
650	525
650	544
650	560
650	579
650	592
650	606
650	627
650	667
650	683
650	688
650	693
650	695
650	720
650	730
650	747
650	754
650	942
651	65
651	356
651	484
651	513
651	655
651	669
651	670
651	686
651	689
651	690
651	691
651	701
651	710
651	716
651	717
651	723
651	738
651	746
651	751
651	762
652	165
652	175
652	500
652	520
652	524
652	557
652	584
652	608
652	667
652	671
652	685
652	686
652	687
652	697
652	702
652	707
652	711
652	736
652	737
652	746
653	339
653	540
653	578
653	658
653	669
653	672
653	686
653	698
653	703
653	710
653	716
653	718
653	726
653	738
653	747
653	748
653	751
653	762
653	764
653	958
654	489
654	500
654	517
654	547
654	562
654	579
654	617
654	634
654	640
654	693
654	705
654	708
654	722
654	731
654	743
654	745
654	751
654	762
654	884
654	958
655	374
655	479
655	490
655	495
655	522
655	538
655	548
655	576
655	577
655	601
655	605
655	651
655	705
655	706
655	712
655	723
655	728
655	742
655	743
655	755
655	963
656	145
656	146
656	538
656	565
656	583
656	627
656	630
656	662
656	665
656	672
656	693
656	718
656	719
656	724
656	739
656	743
656	749
656	752
656	758
656	765
656	947
657	437
657	510
657	515
657	624
657	639
657	644
657	661
657	682
657	691
657	709
657	711
657	715
657	717
657	721
657	733
657	741
657	750
657	759
657	761
657	763
657	960
658	465
658	511
658	522
658	532
658	549
658	614
658	653
658	676
658	692
658	704
658	715
658	731
658	739
658	741
658	744
658	753
658	754
658	756
658	757
658	758
658	953
659	179
659	285
659	494
659	495
659	497
659	510
659	518
659	610
659	627
659	636
659	695
659	697
659	707
659	711
659	716
659	719
659	735
659	736
659	746
659	763
659	921
660	125
660	231
660	482
660	489
660	508
660	524
660	531
660	549
660	612
660	620
660	629
660	648
660	681
660	693
660	705
660	706
660	711
660	722
660	728
660	738
660	745
661	69
661	493
661	546
661	551
661	565
661	573
661	597
661	639
661	641
661	645
661	657
661	697
661	705
661	728
661	733
661	740
661	750
661	759
661	761
661	762
661	939
662	415
662	514
662	572
662	574
662	581
662	595
662	645
662	656
662	665
662	696
662	703
662	712
662	713
662	719
662	724
662	733
662	738
662	749
662	752
662	765
662	964
663	114
663	163
663	501
663	502
663	523
663	548
663	608
663	621
663	636
663	645
663	692
663	702
663	705
663	707
663	735
663	736
663	737
663	746
663	752
663	756
663	974
664	166
664	478
664	503
664	568
664	584
664	589
664	608
664	610
664	621
664	636
664	685
664	686
664	702
664	707
664	711
664	727
664	735
664	746
664	753
664	756
664	998
665	38
665	329
665	561
665	581
665	589
665	595
665	647
665	656
665	662
665	672
665	690
665	707
665	712
665	713
665	718
665	721
665	737
665	747
665	749
665	750
665	752
665	765
666	175
666	446
666	511
666	515
666	524
666	590
666	608
666	610
666	611
666	620
666	624
666	632
666	685
666	687
666	702
666	716
666	719
666	730
666	735
666	737
666	742
666	746
667	18
667	487
667	491
667	559
667	567
667	572
667	594
667	606
667	615
667	618
667	627
667	646
667	650
667	652
667	683
667	688
667	700
667	720
667	730
667	736
667	744
667	801
668	472
668	536
668	538
668	584
668	589
668	599
668	641
668	647
668	671
668	697
668	708
668	713
668	718
668	719
668	721
668	724
668	725
668	740
668	749
668	752
668	765
668	839
669	142
669	302
669	484
669	530
669	531
669	537
669	552
669	599
669	610
669	629
669	645
669	651
669	653
669	696
669	697
669	710
669	726
669	734
669	738
669	747
669	750
669	762
670	260
670	471
670	484
670	488
670	497
670	509
670	564
670	588
670	593
670	614
670	616
670	633
670	651
670	686
670	701
670	726
670	729
670	732
670	747
670	748
670	751
670	756
671	161
671	346
671	475
671	514
671	530
671	545
671	574
671	582
671	589
671	620
671	635
671	637
671	649
671	652
671	668
671	676
671	699
671	724
671	749
671	752
671	756
671	765
672	381
672	454
672	491
672	531
672	569
672	611
672	637
672	641
672	647
672	649
672	653
672	656
672	665
672	688
672	718
672	719
672	724
672	741
672	749
672	752
672	765
672	999
673	333
673	420
673	505
673	537
673	539
673	575
673	631
673	674
673	675
673	679
673	681
673	682
673	692
673	717
673	721
673	729
673	740
673	750
673	759
673	761
673	762
673	763
674	485
674	516
674	546
674	567
674	593
674	613
674	673
674	675
674	678
674	682
674	686
674	696
674	698
674	709
674	721
674	722
674	740
674	759
674	761
674	763
674	983
674	997
675	60
675	168
675	493
675	546
675	566
675	571
675	593
675	596
675	608
675	673
675	674
675	676
675	680
675	681
675	709
675	736
675	740
675	742
675	748
675	750
675	759
675	761
675	763
676	284
676	414
676	521
676	529
676	540
676	573
676	587
676	592
676	600
676	658
676	671
676	675
676	680
676	699
676	704
676	713
676	731
676	741
676	745
676	753
676	756
676	764
676	982
677	91
677	342
677	498
677	530
677	531
677	533
677	544
677	557
677	619
677	620
677	625
677	633
677	686
677	693
677	708
677	714
677	723
677	726
677	729
677	732
677	738
677	744
677	748
678	541
678	578
678	597
678	611
678	639
678	674
678	684
678	686
678	715
678	717
678	720
678	721
678	740
678	746
678	750
678	754
678	756
678	759
678	761
678	763
678	811
678	821
678	839
679	276
679	334
679	498
679	526
679	537
679	569
679	571
679	604
679	617
679	639
679	640
679	673
679	681
679	709
679	715
679	717
679	721
679	722
679	726
679	729
679	746
679	748
679	759
679	763
680	411
680	490
680	521
680	549
680	594
680	641
680	675
680	676
680	698
680	699
680	727
680	731
680	733
680	744
680	753
680	755
680	756
680	757
680	758
680	760
680	764
680	765
680	852
680	902
681	308
681	550
681	571
681	604
681	613
681	622
681	628
681	660
681	673
681	675
681	679
681	682
681	684
681	697
681	710
681	715
681	717
681	721
681	724
681	740
681	751
681	759
681	761
681	874
682	247
682	358
682	485
682	504
682	505
682	542
682	553
682	555
682	573
682	614
682	622
682	631
682	657
682	673
682	674
682	681
682	684
682	689
682	726
682	728
682	740
682	756
682	759
682	763
683	110
683	481
683	483
683	524
683	525
683	567
683	597
683	622
683	623
683	626
683	627
683	650
683	667
683	688
683	691
683	695
683	700
683	707
683	720
683	726
683	730
683	747
683	762
683	926
684	472
684	485
684	496
684	524
684	541
684	571
684	596
684	607
684	623
684	624
684	640
684	678
684	681
684	682
684	701
684	715
684	717
684	721
684	745
684	750
684	755
684	759
684	761
684	763
684	947
685	218
685	458
685	478
685	497
685	556
685	563
685	577
685	597
685	621
685	636
685	642
685	644
685	652
685	664
685	666
685	707
685	714
685	716
685	726
685	735
685	736
685	737
685	746
685	752
685	758
686	148
686	558
686	587
686	625
686	633
686	651
686	652
686	653
686	664
686	670
686	674
686	677
686	678
686	691
686	694
686	703
686	729
686	731
686	732
686	734
686	740
686	741
686	748
686	762
686	898
687	102
687	488
687	494
687	511
687	518
687	554
687	563
687	568
687	618
687	623
687	627
687	642
687	652
687	666
687	692
687	697
687	698
687	702
687	707
687	716
687	721
687	736
687	760
687	762
687	843
687	900
688	481
688	501
688	527
688	541
688	544
688	560
688	561
688	572
688	579
688	606
688	622
688	623
688	643
688	650
688	667
688	672
688	683
688	700
688	720
688	727
688	730
688	732
688	734
688	883
688	977
688	1000
689	465
689	493
689	496
689	569
689	571
689	573
689	604
689	606
689	617
689	624
689	645
689	648
689	651
689	682
689	717
689	720
689	721
689	729
689	738
689	747
689	750
689	759
689	761
689	763
689	765
689	908
690	180
690	258
690	507
690	510
690	530
690	585
690	590
690	599
690	605
690	617
690	626
690	633
690	651
690	665
690	694
690	696
690	701
690	703
690	707
690	729
690	734
690	747
690	751
690	754
690	758
690	762
691	130
691	492
691	520
691	528
691	544
691	555
691	605
691	619
691	651
691	657
691	683
691	686
691	696
691	710
691	718
691	732
691	734
691	738
691	740
691	747
691	751
691	755
691	761
691	762
691	763
691	948
692	265
692	478
692	479
692	515
692	523
692	544
692	578
692	590
692	622
692	636
692	642
692	643
692	644
692	658
692	663
692	673
692	687
692	707
692	716
692	735
692	736
692	737
692	746
692	748
692	870
692	954
693	71
693	266
693	506
693	517
693	577
693	580
693	600
693	601
693	609
693	612
693	634
693	650
693	654
693	656
693	660
693	677
693	694
693	697
693	706
693	708
693	712
693	728
693	735
693	743
693	755
693	764
693	1000
694	161
694	329
694	484
694	486
694	513
694	519
694	525
694	531
694	619
694	620
694	625
694	634
694	645
694	686
694	690
694	693
694	701
694	703
694	725
694	726
694	728
694	732
694	734
694	738
694	747
694	751
694	758
695	467
695	491
695	501
695	525
695	527
695	560
695	561
695	567
695	571
695	572
695	595
695	606
695	622
695	627
695	650
695	659
695	683
695	700
695	704
695	720
695	721
695	730
695	737
695	739
695	751
695	764
695	855
696	36
696	280
696	520
696	533
696	539
696	544
696	560
696	564
696	584
696	585
696	619
696	623
696	662
696	669
696	674
696	690
696	691
696	701
696	703
696	705
696	729
696	745
696	747
696	751
696	756
696	762
696	985
697	55
697	494
697	502
697	554
697	563
697	568
697	590
697	608
697	643
697	652
697	659
697	661
697	668
697	669
697	681
697	687
697	693
697	702
697	711
697	716
697	725
697	735
697	736
697	746
697	755
697	760
697	808
698	156
698	399
698	486
698	507
698	513
698	515
698	520
698	539
698	540
698	555
698	564
698	569
698	599
698	620
698	632
698	653
698	674
698	680
698	687
698	723
698	729
698	738
698	746
698	747
698	748
698	762
698	851
699	28
699	166
699	541
699	543
699	587
699	592
699	594
699	615
699	617
699	629
699	638
699	644
699	671
699	676
699	680
699	704
699	719
699	725
699	727
699	731
699	734
699	741
699	754
699	756
699	757
699	758
699	760
699	956
700	103
700	480
700	481
700	487
700	491
700	494
700	507
700	525
700	527
700	561
700	563
700	567
700	572
700	623
700	626
700	627
700	647
700	667
700	683
700	688
700	695
700	720
700	728
700	732
700	734
700	753
700	906
700	990
701	326
701	421
701	463
701	484
701	505
701	537
701	585
701	602
701	619
701	625
701	633
701	643
701	651
701	670
701	684
701	690
701	694
701	696
701	702
701	726
701	729
701	732
701	734
701	737
701	738
701	748
701	752
701	761
701	764
702	45
702	105
702	270
702	493
702	502
702	524
702	577
702	582
702	590
702	594
702	621
702	636
702	648
702	652
702	663
702	664
702	666
702	687
702	697
702	701
702	707
702	711
702	716
702	724
702	733
702	735
702	737
702	746
702	760
703	111
703	184
703	482
703	519
703	527
703	538
703	539
703	540
703	555
703	558
703	604
703	625
703	628
703	653
703	662
703	686
703	690
703	694
703	696
703	710
703	729
703	738
703	739
703	747
703	748
703	751
703	755
703	762
703	980
704	169
704	227
704	500
704	534
704	550
704	598
704	607
704	613
704	624
704	628
704	639
704	658
704	676
704	695
704	699
704	714
704	725
704	727
704	733
704	739
704	741
704	747
704	748
704	749
704	753
704	756
704	758
704	763
704	764
704	913
705	49
705	328
705	480
705	489
705	495
705	499
705	509
705	551
705	570
705	572
705	582
705	603
705	629
705	632
705	634
705	637
705	654
705	655
705	660
705	661
705	663
705	696
705	706
705	723
705	741
705	742
705	743
705	745
705	750
705	961
706	245
706	295
706	398
706	498
706	506
706	517
706	531
706	532
706	583
706	603
706	609
706	632
706	638
706	655
706	660
706	693
706	705
706	708
706	710
706	722
706	723
706	725
706	739
706	743
706	745
706	746
706	748
706	749
706	755
706	765
707	135
707	171
707	502
707	536
707	554
707	568
707	576
707	584
707	598
707	608
707	636
707	652
707	659
707	663
707	664
707	665
707	683
707	685
707	687
707	690
707	692
707	702
707	724
707	734
707	735
707	736
707	746
707	758
707	763
707	822
708	1
708	67
708	107
708	480
708	489
708	528
708	531
708	535
708	570
708	603
708	610
708	619
708	629
708	632
708	638
708	640
708	648
708	654
708	668
708	677
708	693
708	706
708	723
708	728
708	742
708	745
708	754
708	755
708	758
708	759
709	504
709	542
709	565
709	569
709	573
709	596
709	599
709	607
709	612
709	624
709	635
709	639
709	641
709	645
709	657
709	674
709	675
709	679
709	715
709	717
709	722
709	727
709	732
709	740
709	750
709	756
709	763
709	848
709	985
709	994
710	320
710	460
710	481
710	520
710	529
710	533
710	540
710	558
710	562
710	566
710	572
710	619
710	633
710	651
710	653
710	669
710	681
710	691
710	703
710	706
710	721
710	726
710	729
710	731
710	732
710	734
710	738
710	743
710	748
710	751
710	926
711	269
711	478
711	502
711	511
711	518
711	528
711	554
711	556
711	578
711	590
711	594
711	631
711	642
711	643
711	652
711	657
711	659
711	660
711	664
711	697
711	702
711	716
711	727
711	730
711	735
711	736
711	739
711	746
711	757
711	969
711	997
712	76
712	313
712	543
712	545
712	548
712	562
712	575
712	581
712	595
712	615
712	631
712	633
712	637
712	641
712	647
712	649
712	655
712	662
712	665
712	693
712	715
712	718
712	719
712	724
712	728
712	731
712	749
712	752
712	765
712	955
712	992
713	230
713	370
713	512
713	536
713	543
713	545
713	548
713	568
713	575
713	581
713	583
713	607
713	611
713	614
713	630
713	634
713	635
713	640
713	648
713	662
713	665
713	668
713	676
713	719
713	724
713	726
713	742
713	749
713	752
713	763
713	765
713	835
714	236
714	281
714	480
714	498
714	508
714	520
714	521
714	551
714	584
714	592
714	598
714	607
714	608
714	612
714	616
714	628
714	642
714	646
714	677
714	685
714	704
714	725
714	731
714	733
714	735
714	741
714	744
714	753
714	756
714	758
714	760
714	987
715	321
715	404
715	433
715	503
715	514
715	534
715	537
715	550
715	569
715	573
715	578
715	593
715	609
715	624
715	631
715	636
715	639
715	644
715	657
715	658
715	678
715	679
715	681
715	684
715	709
715	712
715	721
715	725
715	740
715	745
715	750
715	761
716	491
716	497
716	503
716	511
716	514
716	518
716	549
716	556
716	576
716	578
716	637
716	642
716	643
716	651
716	653
716	659
716	666
716	685
716	687
716	692
716	697
716	702
716	711
716	735
716	736
716	737
716	744
716	746
716	761
716	836
716	920
716	967
717	3
717	409
717	450
717	483
717	498
717	503
717	504
717	510
717	532
717	556
717	559
717	568
717	569
717	597
717	617
717	624
717	630
717	651
717	657
717	673
717	678
717	679
717	681
717	684
717	689
717	709
717	721
717	729
717	740
717	750
717	756
717	757
717	761
717	763
718	209
718	466
718	481
718	514
718	518
718	534
718	548
718	574
718	595
718	611
718	630
718	635
718	637
718	647
718	649
718	653
718	656
718	665
718	668
718	672
718	691
718	712
718	719
718	724
718	735
718	738
718	742
718	749
718	750
718	752
718	759
718	765
718	905
718	976
719	34
719	371
719	391
719	407
719	513
719	514
719	536
719	538
719	543
719	545
719	556
719	575
719	581
719	630
719	635
719	641
719	647
719	656
719	659
719	662
719	666
719	668
719	672
719	699
719	712
719	713
719	718
719	723
719	724
719	728
719	752
719	756
719	757
719	764
720	105
720	155
720	345
720	481
720	482
720	483
720	487
720	491
720	509
720	525
720	560
720	561
720	567
720	572
720	586
720	609
720	615
720	622
720	623
720	625
720	626
720	646
720	650
720	667
720	678
720	683
720	688
720	689
720	695
720	700
720	730
720	744
720	751
720	982
721	5
721	115
721	469
721	496
721	550
721	593
721	597
721	604
721	617
721	645
721	657
721	665
721	668
721	673
721	674
721	678
721	679
721	681
721	684
721	687
721	689
721	695
721	710
721	715
721	717
721	737
721	738
721	739
721	740
721	749
721	752
721	759
721	760
721	761
721	991
722	327
722	479
722	482
722	509
722	543
722	553
722	563
722	564
722	574
722	578
722	601
722	602
722	603
722	609
722	612
722	634
722	638
722	640
722	643
722	646
722	654
722	660
722	674
722	679
722	706
722	709
722	723
722	728
722	742
722	743
722	745
722	749
722	755
722	882
722	916
723	387
723	482
723	505
723	506
723	528
723	531
723	562
723	600
723	602
723	603
723	627
723	632
723	633
723	638
723	640
723	651
723	655
723	677
723	698
723	705
723	706
723	708
723	719
723	722
723	730
723	740
723	742
723	743
723	745
723	753
723	755
723	758
723	824
723	881
723	921
724	277
724	473
724	514
724	543
724	552
724	560
724	575
724	581
724	583
724	591
724	608
724	611
724	630
724	635
724	641
724	646
724	647
724	649
724	656
724	662
724	668
724	671
724	672
724	681
724	702
724	707
724	712
724	713
724	718
724	719
724	725
724	752
724	754
724	765
724	866
725	159
725	551
725	559
725	566
725	580
725	588
725	591
725	594
725	625
725	646
725	668
725	694
725	697
725	699
725	704
725	706
725	714
725	715
725	724
725	727
725	733
725	739
725	741
725	744
725	751
725	753
725	754
725	756
725	757
725	758
725	760
725	761
725	764
725	827
725	995
726	8
726	102
726	164
726	337
726	519
726	530
726	539
726	540
726	552
726	619
726	620
726	630
726	653
726	669
726	670
726	677
726	679
726	682
726	683
726	685
726	694
726	701
726	710
726	713
726	732
726	734
726	738
726	740
726	744
726	747
726	748
726	751
726	754
726	762
726	764
726	765
727	139
727	170
727	449
727	499
727	516
727	526
727	529
727	536
727	550
727	559
727	570
727	588
727	593
727	594
727	616
727	664
727	680
727	688
727	699
727	704
727	709
727	711
727	725
727	733
727	739
727	741
727	742
727	744
727	753
727	754
727	757
727	758
727	760
727	761
727	764
727	963
728	499
728	506
728	509
728	519
728	547
728	553
728	562
728	577
728	582
728	601
728	602
728	612
728	618
728	629
728	640
728	648
728	655
728	660
728	661
728	682
728	693
728	694
728	700
728	708
728	712
728	719
728	722
728	729
728	736
728	742
728	743
728	745
728	760
728	943
728	971
728	983
729	331
729	361
729	389
729	466
729	492
729	502
729	507
729	525
729	530
729	552
729	555
729	564
729	566
729	619
729	620
729	648
729	670
729	673
729	677
729	679
729	686
729	689
729	690
729	696
729	698
729	701
729	703
729	710
729	717
729	728
729	733
729	734
729	749
729	751
729	761
729	762
730	181
730	251
730	406
730	462
730	481
730	487
730	491
730	501
730	525
730	527
730	528
730	552
730	560
730	561
730	563
730	572
730	579
730	584
730	598
730	606
730	615
730	622
730	623
730	626
730	627
730	649
730	650
730	666
730	667
730	683
730	688
730	695
730	711
730	720
730	723
730	744
730	752
731	83
731	147
731	162
731	529
731	561
731	564
731	586
731	587
731	591
731	613
731	614
731	628
731	654
731	658
731	676
731	680
731	686
731	699
731	710
731	712
731	714
731	732
731	733
731	738
731	739
731	741
731	743
731	744
731	745
731	753
731	754
731	756
731	757
731	758
731	759
731	760
731	764
732	158
732	308
732	397
732	488
732	492
732	519
732	520
732	533
732	539
732	542
732	545
732	558
732	581
732	588
732	605
732	609
732	610
732	633
732	635
732	670
732	677
732	686
732	688
732	691
732	694
732	700
732	701
732	709
732	710
732	726
732	731
732	734
732	738
732	748
732	751
732	762
732	999
733	103
733	376
733	494
733	516
733	537
733	586
733	598
733	601
733	607
733	616
733	618
733	628
733	644
733	657
733	661
733	662
733	680
733	702
733	704
733	714
733	725
733	727
733	729
733	731
733	736
733	739
733	741
733	744
733	753
733	754
733	756
733	757
733	758
733	759
733	760
733	764
733	923
733	987
734	73
734	153
734	263
734	404
734	483
734	521
734	544
734	557
734	558
734	566
734	585
734	588
734	599
734	605
734	619
734	644
734	647
734	669
734	686
734	688
734	690
734	691
734	694
734	699
734	700
734	701
734	707
734	710
734	726
734	729
734	732
734	738
734	740
734	745
734	747
734	748
734	751
734	762
735	106
735	289
735	422
735	478
735	508
735	518
735	563
735	568
735	578
735	584
735	608
735	610
735	611
735	612
735	618
735	621
735	624
735	637
735	639
735	659
735	663
735	664
735	666
735	685
735	692
735	693
735	697
735	702
735	707
735	711
735	714
735	716
735	718
735	736
735	742
735	746
735	747
735	961
736	305
736	494
736	497
736	505
736	515
736	523
736	568
736	576
736	591
736	610
736	618
736	620
736	621
736	638
736	642
736	643
736	649
736	652
736	659
736	663
736	667
736	675
736	685
736	687
736	692
736	697
736	707
736	711
736	716
736	728
736	733
736	735
736	740
736	741
736	746
736	757
736	767
736	949
736	977
737	154
737	306
737	318
737	478
737	489
737	494
737	516
737	518
737	523
737	535
737	554
737	563
737	568
737	576
737	578
737	587
737	592
737	599
737	610
737	621
737	629
737	636
737	642
737	643
737	652
737	663
737	665
737	666
737	685
737	692
737	695
737	701
737	702
737	716
737	721
737	746
737	760
737	765
737	950
738	276
738	309
738	448
738	486
738	506
738	519
738	529
738	557
738	566
738	567
738	585
738	596
738	606
738	619
738	620
738	625
738	651
738	653
738	660
738	662
738	669
738	677
738	689
738	691
738	694
738	698
738	701
738	703
738	710
738	718
738	721
738	726
738	731
738	732
738	734
738	742
738	747
738	748
738	762
739	71
739	168
739	430
739	492
739	500
739	508
739	551
739	571
739	587
739	591
739	598
739	613
739	614
739	616
739	646
739	656
739	658
739	695
739	703
739	704
739	706
739	711
739	721
739	725
739	727
739	731
739	733
739	741
739	744
739	746
739	750
739	753
739	754
739	756
739	757
739	759
739	760
739	763
739	764
739	988
740	135
740	150
740	179
740	459
740	484
740	498
740	504
740	505
740	534
740	554
740	565
740	573
740	593
740	596
740	597
740	601
740	639
740	645
740	661
740	668
740	673
740	674
740	675
740	678
740	681
740	682
740	686
740	691
740	709
740	715
740	717
740	721
740	723
740	726
740	734
740	736
740	750
740	758
740	759
740	760
741	453
741	459
741	499
741	516
741	518
741	559
741	562
741	569
741	586
741	587
741	591
741	594
741	606
741	613
741	646
741	657
741	658
741	672
741	676
741	686
741	699
741	704
741	705
741	714
741	725
741	727
741	731
741	733
741	736
741	739
741	742
741	743
741	753
741	754
741	756
741	757
741	758
741	760
741	940
741	986
742	219
742	242
742	250
742	299
742	480
742	482
742	495
742	509
742	547
742	573
742	577
742	582
742	591
742	593
742	600
742	601
742	602
742	612
742	632
742	634
742	638
742	640
742	655
742	666
742	675
742	705
742	708
742	713
742	718
742	722
742	723
742	727
742	728
742	735
742	738
742	741
742	743
742	745
742	755
742	765
743	16
743	112
743	412
743	510
743	517
743	532
743	535
743	546
743	547
743	549
743	577
743	580
743	582
743	591
743	600
743	601
743	603
743	609
743	615
743	634
743	635
743	642
743	648
743	654
743	655
743	656
743	693
743	705
743	706
743	710
743	722
743	723
743	728
743	731
743	741
743	742
743	745
743	755
743	760
743	761
743	915
744	127
744	508
744	529
744	545
744	551
744	554
744	586
744	587
744	588
744	591
744	594
744	598
744	602
744	603
744	614
744	618
744	628
744	644
744	658
744	667
744	677
744	680
744	714
744	716
744	720
744	725
744	726
744	727
744	730
744	731
744	733
744	739
744	751
744	753
744	754
744	756
744	757
744	764
744	826
744	857
744	977
745	147
745	180
745	468
745	486
745	490
745	506
745	509
745	517
745	532
745	553
745	562
745	577
745	582
745	601
745	602
745	609
745	625
745	629
745	635
745	637
745	641
745	648
745	654
745	660
745	676
745	684
745	696
745	705
745	706
745	708
745	715
745	722
745	723
745	728
745	731
745	734
745	742
745	743
745	755
745	763
745	868
746	235
746	494
746	502
746	515
746	522
746	524
746	535
746	536
746	554
746	555
746	577
746	584
746	587
746	590
746	621
746	643
746	651
746	652
746	659
746	663
746	664
746	666
746	678
746	679
746	685
746	692
746	697
746	698
746	702
746	706
746	707
746	711
746	716
746	735
746	736
746	737
746	739
746	760
746	763
746	786
746	910
746	978
747	217
747	239
747	304
747	486
747	488
747	506
747	520
747	537
747	539
747	544
747	557
747	558
747	585
747	587
747	598
747	599
747	605
747	636
747	650
747	653
747	665
747	669
747	670
747	683
747	689
747	690
747	691
747	694
747	696
747	698
747	703
747	704
747	726
747	734
747	735
747	738
747	748
747	755
747	762
747	763
747	764
747	980
748	323
748	351
748	446
748	488
748	492
748	495
748	496
748	507
748	537
748	544
748	555
748	564
748	569
748	585
748	586
748	596
748	605
748	620
748	625
748	626
748	633
748	653
748	670
748	675
748	677
748	679
748	686
748	692
748	698
748	701
748	703
748	704
748	706
748	710
748	726
748	732
748	734
748	738
748	747
748	752
748	762
748	789
748	858
749	66
749	256
749	497
749	503
749	512
749	514
749	533
749	538
749	543
749	548
749	574
749	575
749	579
749	583
749	589
749	614
749	616
749	630
749	635
749	637
749	641
749	647
749	649
749	656
749	662
749	665
749	668
749	671
749	672
749	704
749	706
749	712
749	713
749	718
749	721
749	722
749	729
749	752
749	755
749	757
749	765
749	914
749	976
750	9
750	150
750	220
750	485
750	504
750	535
750	541
750	542
750	546
750	565
750	566
750	569
750	582
750	596
750	622
750	624
750	631
750	642
750	645
750	657
750	661
750	665
750	669
750	673
750	675
750	678
750	684
750	689
750	705
750	709
750	715
750	717
750	718
750	739
750	740
750	752
750	753
750	758
750	759
750	761
750	763
750	907
750	971
751	129
751	144
751	177
751	488
751	492
751	507
751	519
751	533
751	537
751	539
751	544
751	546
751	552
751	555
751	557
751	568
751	585
751	599
751	610
751	618
751	625
751	630
751	651
751	653
751	654
751	670
751	681
751	690
751	691
751	694
751	695
751	696
751	703
751	710
751	720
751	725
751	726
751	729
751	732
751	734
751	744
751	752
751	754
751	762
751	931
752	269
752	359
752	383
752	474
752	512
752	514
752	523
752	543
752	545
752	575
752	581
752	583
752	589
752	595
752	611
752	619
752	630
752	635
752	637
752	641
752	642
752	649
752	656
752	662
752	663
752	665
752	668
752	671
752	672
752	685
752	701
752	712
752	713
752	718
752	719
752	721
752	724
752	730
752	748
752	749
752	750
752	751
752	755
752	758
752	765
753	121
753	172
753	266
753	334
753	512
753	516
753	517
753	529
753	538
753	550
753	564
753	570
753	579
753	586
753	588
753	592
753	598
753	607
753	610
753	613
753	630
753	644
753	658
753	664
753	676
753	680
753	700
753	704
753	714
753	723
753	725
753	727
753	731
753	733
753	739
753	741
753	744
753	750
753	754
753	755
753	756
753	757
753	758
753	760
753	764
754	197
754	335
754	500
754	519
754	521
754	522
754	552
754	559
754	570
754	588
754	598
754	604
754	607
754	613
754	616
754	628
754	644
754	646
754	649
754	650
754	658
754	678
754	690
754	699
754	708
754	724
754	725
754	726
754	727
754	731
754	733
754	739
754	741
754	744
754	751
754	753
754	756
754	757
754	758
754	760
754	762
754	764
754	765
754	878
754	994
754	998
755	238
755	332
755	349
755	416
755	478
755	479
755	490
755	495
755	507
755	528
755	532
755	547
755	549
755	562
755	580
755	582
755	600
755	601
755	602
755	603
755	609
755	612
755	629
755	634
755	639
755	647
755	648
755	655
755	680
755	684
755	691
755	693
755	697
755	703
755	706
755	708
755	722
755	723
755	742
755	743
755	745
755	747
755	749
755	752
755	753
755	760
756	120
756	341
756	516
756	520
756	521
756	529
756	540
756	551
756	559
756	570
756	588
756	598
756	607
756	614
756	634
756	644
756	646
756	658
756	663
756	664
756	670
756	671
756	676
756	678
756	680
756	682
756	696
756	699
756	704
756	709
756	714
756	717
756	719
756	725
756	731
756	733
756	739
756	741
756	744
756	753
756	754
756	758
756	760
756	764
756	765
756	911
756	978
757	80
757	112
757	168
757	500
757	510
757	516
757	522
757	547
757	557
757	559
757	567
757	570
757	586
757	592
757	607
757	613
757	614
757	616
757	624
757	628
757	630
757	633
757	638
757	644
757	646
757	649
757	658
757	680
757	699
757	711
757	717
757	719
757	725
757	727
757	731
757	733
757	736
757	739
757	741
757	744
757	749
757	753
757	754
757	758
757	760
757	764
757	935
758	139
758	504
758	508
758	546
758	551
758	563
758	581
758	587
758	588
758	591
758	592
758	594
758	598
758	607
758	613
758	614
758	616
758	644
758	656
758	658
758	680
758	685
758	690
758	694
758	699
758	704
758	707
758	708
758	714
758	723
758	725
758	727
758	731
758	733
758	740
758	741
758	750
758	752
758	753
758	754
758	756
758	757
758	760
758	764
758	809
758	812
758	849
759	88
759	140
759	145
759	182
759	307
759	493
759	496
759	500
759	511
759	526
759	534
759	542
759	544
759	546
759	550
759	569
759	593
759	596
759	597
759	612
759	623
759	632
759	633
759	639
759	645
759	647
759	657
759	661
759	673
759	674
759	675
759	678
759	679
759	681
759	682
759	684
759	689
759	708
759	718
759	721
759	731
759	733
759	739
759	740
759	750
759	761
759	762
759	763
760	53
760	122
760	417
760	500
760	508
760	521
760	529
760	559
760	575
760	586
760	591
760	592
760	594
760	603
760	613
760	614
760	616
760	619
760	621
760	646
760	680
760	687
760	697
760	699
760	702
760	714
760	721
760	725
760	727
760	728
760	731
760	733
760	737
760	739
760	740
760	741
760	743
760	746
760	753
760	754
760	755
760	756
760	757
760	758
760	763
760	764
760	775
760	781
761	347
761	386
761	429
761	478
761	485
761	486
761	493
761	498
761	502
761	505
761	521
761	526
761	541
761	546
761	549
761	550
761	592
761	593
761	594
761	597
761	624
761	631
761	639
761	645
761	657
761	661
761	673
761	674
761	675
761	678
761	681
761	684
761	689
761	691
761	701
761	715
761	716
761	717
761	721
761	725
761	727
761	729
761	743
761	750
761	759
761	763
761	872
761	963
762	327
762	344
762	401
762	468
762	507
762	530
762	533
762	540
762	551
762	552
762	553
762	557
762	566
762	568
762	583
762	585
762	599
762	603
762	605
762	616
762	625
762	633
762	642
762	645
762	651
762	653
762	654
762	661
762	669
762	673
762	683
762	686
762	687
762	690
762	691
762	696
762	698
762	703
762	726
762	729
762	732
762	734
762	738
762	747
762	748
762	751
762	754
762	759
762	833
763	171
763	317
763	408
763	492
763	493
763	495
763	504
763	505
763	510
763	532
763	534
763	550
763	557
763	565
763	569
763	571
763	596
763	604
763	617
763	619
763	624
763	631
763	639
763	657
763	659
763	673
763	674
763	675
763	678
763	679
763	682
763	684
763	689
763	691
763	704
763	707
763	709
763	713
763	717
763	739
763	745
763	746
763	747
763	750
763	759
763	760
763	761
763	807
763	949
764	313
764	456
764	500
764	520
764	522
764	534
764	551
764	559
764	560
764	570
764	573
764	580
764	587
764	592
764	594
764	607
764	613
764	614
764	615
764	616
764	628
764	632
764	640
764	644
764	653
764	676
764	680
764	693
764	695
764	701
764	704
764	719
764	725
764	726
764	727
764	731
764	733
764	739
764	744
764	747
764	753
764	754
764	756
764	757
764	758
764	760
764	799
764	934
764	970
765	6
765	403
765	451
765	494
765	512
765	517
765	536
765	538
765	543
765	545
765	548
765	554
765	566
765	574
765	575
765	583
765	589
765	595
765	609
765	611
765	630
765	635
765	636
765	637
765	641
765	647
765	649
765	656
765	662
765	665
765	668
765	671
765	672
765	680
765	689
765	706
765	712
765	713
765	718
765	724
765	726
765	737
765	742
765	749
765	752
765	754
765	756
765	859
765	940
766	268
766	768
766	772
766	852
766	862
766	883
766	899
766	952
766	995
766	1000
767	736
767	795
767	797
767	880
767	892
767	917
767	948
767	994
767	998
767	999
768	520
768	766
768	795
768	953
768	955
768	970
768	976
768	982
768	994
768	998
769	338
769	872
769	877
769	949
769	959
769	980
769	982
769	990
769	993
769	997
770	641
770	830
770	859
770	864
770	881
770	919
770	963
770	985
770	989
770	993
771	182
771	834
771	860
771	879
771	881
771	928
771	946
771	948
771	970
771	998
772	300
772	766
772	828
772	869
772	892
772	897
772	935
772	987
772	995
772	1000
773	594
773	873
773	894
773	906
773	965
773	967
773	982
773	990
773	997
773	1000
774	278
774	807
774	915
774	917
774	941
774	946
774	950
774	987
774	995
774	1000
775	760
775	926
775	929
775	933
775	948
775	953
775	954
775	956
775	994
775	998
776	487
776	825
776	867
776	906
776	932
776	971
776	974
776	979
776	988
776	998
777	204
777	788
777	878
777	883
777	886
777	958
777	967
777	980
777	993
777	997
778	598
778	846
778	902
778	924
778	935
778	961
778	969
778	975
778	978
778	979
779	330
779	824
779	928
779	941
779	973
779	977
779	992
779	995
779	998
779	999
780	601
780	813
780	834
780	896
780	917
780	940
780	970
780	986
780	994
780	998
781	760
781	856
781	859
781	926
781	937
781	950
781	956
781	985
781	989
781	996
782	286
782	817
782	852
782	879
782	891
782	906
782	974
782	975
782	979
782	988
783	259
783	886
783	933
783	981
783	985
783	986
783	991
783	992
783	994
783	999
784	331
784	849
784	957
784	971
784	976
784	987
784	991
784	992
784	995
784	1000
785	59
785	880
785	936
785	956
785	983
785	984
785	985
785	991
785	994
785	996
786	746
786	824
786	829
786	842
786	895
786	928
786	931
786	951
786	966
786	972
787	292
787	848
787	853
787	871
787	903
787	942
787	949
787	967
787	982
787	990
788	120
788	777
788	824
788	919
788	930
788	934
788	961
788	963
788	969
788	996
789	748
789	801
789	814
789	886
789	891
789	925
789	956
789	968
789	982
789	993
790	631
790	889
790	942
790	952
790	965
790	967
790	980
790	982
790	983
790	997
791	183
791	805
791	845
791	919
791	947
791	965
791	967
791	980
791	990
791	997
792	157
792	852
792	900
792	905
792	931
792	934
792	940
792	991
792	992
792	994
792	999
793	154
793	871
793	894
793	907
793	936
793	937
793	945
793	966
793	972
793	979
793	994
794	596
794	809
794	889
794	925
794	935
794	952
794	974
794	987
794	990
794	995
794	1000
795	534
795	767
795	768
795	798
795	813
795	868
795	869
795	870
795	933
795	994
795	998
796	502
796	649
796	878
796	895
796	927
796	943
796	945
796	951
796	966
796	968
796	972
797	310
797	767
797	839
797	879
797	905
797	911
797	938
797	952
797	985
797	994
797	1000
798	98
798	795
798	802
798	853
798	874
798	916
798	919
798	983
798	987
798	993
798	996
799	764
799	890
799	905
799	922
799	951
799	973
799	981
799	986
799	991
799	992
799	999
800	126
800	865
800	870
800	879
800	901
800	926
800	940
800	955
800	994
800	995
800	996
801	667
801	789
801	915
801	941
801	944
801	971
801	976
801	987
801	990
801	995
801	1000
802	625
802	798
802	840
802	885
802	900
802	930
802	955
802	963
802	969
802	983
802	985
803	447
803	878
803	889
803	890
803	971
803	972
803	985
803	987
803	994
803	995
803	1000
804	90
804	839
804	888
804	935
804	947
804	961
804	976
804	987
804	995
804	996
804	1000
805	426
805	791
805	913
805	925
805	927
805	965
805	978
805	990
805	992
805	993
805	995
806	620
806	838
806	858
806	903
806	936
806	958
806	961
806	969
806	980
806	983
806	991
807	763
807	774
807	820
807	891
807	922
807	942
807	957
807	965
807	980
807	982
807	997
808	697
808	879
808	883
808	964
808	967
808	968
808	979
808	982
808	990
808	993
808	997
809	758
809	794
809	889
809	913
809	930
809	965
809	967
809	968
809	990
809	992
809	993
810	570
810	836
810	843
810	895
810	937
810	951
810	956
810	961
810	966
810	972
810	975
811	678
811	840
811	866
811	930
811	939
811	963
811	966
811	969
811	985
811	989
811	996
812	758
812	877
812	923
812	924
812	953
812	959
812	962
812	978
812	979
812	984
812	989
813	159
813	780
813	795
813	885
813	895
813	926
813	948
813	973
813	976
813	994
813	998
814	202
814	789
814	883
814	914
814	921
814	942
814	967
814	988
814	990
814	993
814	997
815	265
815	912
815	921
815	962
815	974
815	975
815	978
815	979
815	984
815	988
815	993
816	365
816	828
816	912
816	916
816	939
816	946
816	957
816	959
816	976
816	995
816	1000
817	563
817	782
817	899
817	915
817	935
817	938
817	948
817	957
817	976
817	987
817	995
818	169
818	891
818	902
818	947
818	954
818	960
818	975
818	978
818	987
818	988
818	992
819	471
819	928
819	958
819	972
819	976
819	977
819	980
819	986
819	989
819	991
819	992
819	999
820	337
820	807
820	823
820	861
820	925
820	955
820	967
820	969
820	982
820	990
820	993
820	997
821	678
821	863
821	872
821	873
821	903
821	913
821	927
821	945
821	968
821	985
821	993
821	1000
822	707
822	833
822	839
822	845
822	855
822	873
822	940
822	950
822	956
822	964
822	969
822	996
823	177
823	820
823	825
823	835
823	876
823	886
823	927
823	967
823	980
823	990
823	996
823	997
824	723
824	779
824	786
824	788
824	841
824	912
824	944
824	965
824	977
824	986
824	992
824	999
825	84
825	776
825	823
825	847
825	909
825	923
825	975
825	978
825	981
825	984
825	988
825	992
826	744
826	827
826	837
826	840
826	846
826	914
826	931
826	932
826	978
826	979
826	980
826	988
827	218
827	725
827	826
827	859
827	907
827	948
827	954
827	962
827	974
827	975
827	988
827	993
828	181
828	772
828	816
828	835
828	882
828	940
828	964
828	965
828	968
828	982
828	990
828	997
829	637
829	786
829	852
829	887
829	908
829	915
829	945
829	951
829	960
829	966
829	996
829	999
830	274
830	770
830	867
830	911
830	913
830	941
830	945
830	950
830	961
830	963
830	965
830	983
831	612
831	847
831	873
831	881
831	917
831	921
831	935
831	954
831	959
831	974
831	984
831	988
832	319
832	843
832	851
832	871
832	937
832	945
832	952
832	954
832	959
832	966
832	972
832	979
833	430
833	762
833	822
833	843
833	861
833	939
833	943
833	957
833	977
833	987
833	995
833	1000
834	452
834	584
834	771
834	780
834	903
834	926
834	938
834	953
834	972
834	994
834	995
834	998
835	713
835	823
835	828
835	857
835	903
835	910
835	942
835	967
835	973
835	980
835	993
835	997
836	337
836	716
836	810
836	904
836	934
836	949
836	973
836	978
836	981
836	991
836	992
836	999
837	643
837	826
837	845
837	853
837	874
837	956
837	964
837	974
837	983
837	985
837	989
837	993
838	42
838	806
838	862
838	874
838	883
838	918
838	919
838	930
838	931
838	936
838	963
838	980
838	983
839	668
839	678
839	797
839	804
839	822
839	905
839	923
839	929
839	955
839	970
839	994
839	998
839	999
840	170
840	306
840	802
840	811
840	826
840	874
840	911
840	963
840	964
840	971
840	989
840	992
840	997
841	575
841	582
841	824
841	891
841	893
841	900
841	949
841	960
841	976
841	979
841	986
841	991
841	992
842	321
842	786
842	874
842	893
842	895
842	896
842	910
842	937
842	951
842	961
842	966
842	972
842	977
843	522
843	687
843	810
843	832
843	833
843	894
843	896
843	925
843	945
843	951
843	972
843	982
843	983
844	167
844	846
844	859
844	932
844	947
844	962
844	966
844	974
844	975
844	978
844	983
844	984
844	987
845	426
845	791
845	822
845	837
845	918
845	920
845	930
845	943
845	953
845	961
845	969
845	983
845	996
846	485
846	778
846	826
846	844
846	875
846	902
846	904
846	906
846	914
846	929
846	953
846	970
846	984
847	600
847	825
847	831
847	864
847	891
847	921
847	929
847	930
847	947
847	962
847	963
847	974
847	984
848	461
848	709
848	787
848	858
848	882
848	942
848	944
848	950
848	965
848	968
848	982
848	997
848	998
849	345
849	758
849	784
849	900
849	912
849	933
849	938
849	949
849	973
849	979
849	986
849	992
849	999
850	318
850	859
850	866
850	900
850	931
850	958
850	977
850	986
850	989
850	991
850	992
850	997
850	999
851	698
851	832
851	875
851	884
851	892
851	896
851	907
851	943
851	945
851	951
851	966
851	972
851	987
852	680
852	766
852	782
852	792
852	829
852	887
852	895
852	896
852	908
852	941
852	943
852	945
852	972
853	311
853	787
853	798
853	837
853	858
853	909
853	913
853	943
853	964
853	969
853	971
853	985
853	989
854	501
854	855
854	858
854	901
854	948
854	950
854	963
854	977
854	983
854	985
854	986
854	989
854	996
855	336
855	695
855	822
855	854
855	858
855	884
855	904
855	906
855	924
855	969
855	983
855	989
855	996
856	74
856	638
856	781
856	897
856	898
856	923
856	924
856	959
856	974
856	977
856	979
856	984
856	985
856	997
857	744
857	835
857	866
857	881
857	896
857	917
857	954
857	959
857	962
857	965
857	974
857	979
857	984
857	988
858	748
858	806
858	848
858	853
858	854
858	855
858	859
858	876
858	880
858	914
858	942
858	985
858	989
858	996
859	765
859	770
859	781
859	827
859	844
859	850
859	858
859	919
859	956
859	961
859	969
859	984
859	985
859	996
860	69
860	343
860	771
860	884
860	892
860	893
860	899
860	901
860	938
860	940
860	955
860	964
860	970
860	998
861	327
861	820
861	833
861	876
861	877
861	939
861	946
861	952
861	971
861	987
861	990
861	992
861	995
861	1000
862	47
862	766
862	838
862	878
862	899
862	919
862	946
862	956
862	957
862	964
862	966
862	971
862	995
862	1000
863	350
863	821
863	890
863	920
863	931
863	936
863	958
863	963
863	973
863	981
863	990
863	991
863	992
863	999
864	58
864	770
864	847
864	887
864	935
864	946
864	952
864	971
864	976
864	978
864	987
864	993
864	995
864	1000
865	320
865	800
865	876
865	885
865	901
865	922
865	923
865	938
865	951
865	953
865	970
865	994
865	996
865	998
866	526
866	724
866	811
866	850
866	857
866	921
866	923
866	932
866	972
866	975
866	978
866	979
866	988
866	998
867	311
867	776
867	830
867	909
867	918
867	944
867	961
867	963
867	964
867	970
867	975
867	981
867	985
867	996
868	448
868	745
868	795
868	870
868	889
868	897
868	907
868	917
868	933
868	948
868	953
868	958
868	970
868	994
868	998
869	286
869	291
869	772
869	795
869	888
869	899
869	935
869	952
869	954
869	971
869	977
869	984
869	987
869	995
869	1000
870	498
870	692
870	795
870	800
870	868
870	885
870	929
870	934
870	948
870	955
870	960
870	977
870	992
870	994
870	998
871	289
871	641
871	787
871	793
871	832
871	893
871	894
871	907
871	926
871	937
871	943
871	948
871	950
871	951
871	966
872	761
872	769
872	821
872	873
872	920
872	925
872	927
872	942
872	955
872	968
872	971
872	976
872	980
872	982
872	991
872	997
873	124
873	267
873	773
873	821
873	822
873	831
873	872
873	903
873	921
873	934
873	967
873	968
873	982
873	990
873	993
873	1000
874	681
874	798
874	837
874	838
874	840
874	842
874	880
874	892
874	901
874	904
874	908
874	956
874	961
874	982
874	983
874	989
875	123
875	378
875	846
875	851
875	906
875	921
875	947
875	959
875	960
875	962
875	971
875	974
875	978
875	980
875	988
875	994
876	301
876	417
876	823
876	858
876	861
876	865
876	884
876	901
876	917
876	923
876	950
876	953
876	955
876	970
876	994
876	998
877	302
877	419
877	769
877	812
877	861
877	889
877	899
877	916
877	941
877	946
877	962
877	971
877	972
877	976
877	987
877	1000
878	754
878	777
878	796
878	803
878	862
878	915
878	916
878	939
878	941
878	952
878	953
878	961
878	976
878	995
878	996
878	1000
879	183
879	566
879	771
879	782
879	797
879	800
879	808
879	884
879	892
879	895
879	926
879	938
879	953
879	969
879	986
879	998
880	86
880	340
880	767
880	785
880	858
880	874
880	904
880	935
880	937
880	959
880	961
880	964
880	980
880	983
880	989
880	996
881	723
881	770
881	771
881	831
881	857
881	891
881	954
881	959
881	962
881	967
881	975
881	979
881	984
881	988
881	991
881	997
882	722
882	828
882	848
882	898
882	899
882	903
882	927
882	965
882	969
882	974
882	980
882	982
882	990
882	993
882	994
882	997
883	214
883	688
883	766
883	777
883	808
883	814
883	838
883	898
883	909
883	925
883	927
883	945
883	968
883	982
883	990
883	993
883	997
884	551
884	654
884	851
884	855
884	860
884	876
884	879
884	901
884	917
884	929
884	953
884	970
884	971
884	979
884	994
884	998
884	999
885	413
885	624
885	802
885	813
885	865
885	870
885	901
885	928
885	929
885	938
885	948
885	970
885	976
885	991
885	994
885	996
885	998
886	210
886	315
886	777
886	783
886	789
886	823
886	902
886	911
886	922
886	965
886	968
886	980
886	982
886	984
886	990
886	993
886	998
887	493
887	542
887	829
887	852
887	864
887	894
887	896
887	907
887	908
887	915
887	923
887	945
887	950
887	956
887	966
887	972
887	975
888	132
888	336
888	804
888	869
888	889
888	907
888	926
888	939
888	946
888	957
888	967
888	971
888	976
888	981
888	982
888	995
888	1000
889	164
889	184
889	790
889	794
889	803
889	809
889	868
889	877
889	888
889	915
889	920
889	926
889	952
889	971
889	976
889	987
889	1000
890	35
890	544
890	799
890	803
890	863
890	910
890	937
890	940
890	959
890	960
890	973
890	981
890	986
890	988
890	989
890	991
890	999
891	635
891	782
891	789
891	807
891	818
891	841
891	847
891	881
891	902
891	926
891	947
891	954
891	972
891	974
891	978
891	979
891	984
892	43
892	767
892	772
892	851
892	860
892	874
892	879
892	905
892	929
892	948
892	953
892	955
892	969
892	970
892	972
892	994
892	998
893	268
893	841
893	842
893	860
893	871
893	894
893	907
893	908
893	937
893	943
893	946
893	951
893	958
893	959
893	966
893	972
893	978
894	27
894	773
894	793
894	843
894	871
894	887
894	893
894	896
894	907
894	908
894	937
894	943
894	966
894	972
894	973
894	983
894	990
894	996
895	152
895	165
895	786
895	796
895	810
895	813
895	842
895	852
895	879
895	908
895	938
895	943
895	945
895	951
895	966
895	967
895	972
895	985
896	425
896	648
896	780
896	842
896	843
896	851
896	852
896	857
896	887
896	894
896	932
896	943
896	950
896	951
896	963
896	966
896	968
896	972
897	138
897	470
897	772
897	856
897	868
897	898
897	899
897	902
897	906
897	924
897	926
897	941
897	947
897	955
897	959
897	962
897	974
897	988
898	445
898	686
898	856
898	882
898	883
898	897
898	902
898	923
898	924
898	929
898	959
898	962
898	974
898	978
898	979
898	982
898	986
898	988
899	93
899	251
899	766
899	817
899	860
899	862
899	869
899	877
899	882
899	897
899	903
899	913
899	921
899	941
899	952
899	957
899	987
899	995
900	427
900	687
900	792
900	802
900	841
900	849
900	850
900	918
900	920
900	927
900	949
900	960
900	968
900	973
900	986
900	992
900	993
900	999
901	51
901	161
901	800
901	854
901	860
901	865
901	874
901	876
901	884
901	885
901	905
901	916
901	939
901	948
901	955
901	970
901	998
901	1000
902	237
902	680
902	778
902	818
902	846
902	886
902	891
902	897
902	898
902	904
902	954
902	961
902	975
902	978
902	980
902	988
902	992
902	994
903	619
903	787
903	806
903	821
903	834
903	835
903	873
903	882
903	899
903	927
903	942
903	965
903	968
903	971
903	980
903	993
903	997
903	998
904	182
904	196
904	836
904	846
904	855
904	874
904	880
904	902
904	909
904	918
904	930
904	955
904	963
904	966
904	978
904	983
904	985
904	989
904	996
905	331
905	718
905	792
905	797
905	799
905	839
905	892
905	901
905	926
905	929
905	938
905	941
905	948
905	955
905	969
905	970
905	993
905	994
905	998
906	470
906	700
906	773
906	776
906	782
906	846
906	855
906	875
906	897
906	914
906	921
906	939
906	950
906	959
906	960
906	962
906	975
906	988
906	994
907	602
907	750
907	793
907	827
907	851
907	868
907	871
907	887
907	888
907	893
907	894
907	908
907	937
907	941
907	943
907	945
907	972
907	975
907	991
908	322
908	689
908	829
908	852
908	874
908	887
908	893
908	894
908	895
908	907
908	937
908	943
908	945
908	956
908	966
908	972
908	979
908	988
908	991
909	432
909	645
909	825
909	853
909	867
909	883
909	904
909	918
909	919
909	927
909	928
909	936
909	950
909	961
909	963
909	964
909	980
909	989
909	996
910	229
910	746
910	835
910	842
910	890
910	928
910	934
910	940
910	944
910	958
910	977
910	981
910	986
910	988
910	990
910	991
910	992
910	996
910	999
911	455
911	756
911	797
911	830
911	840
911	886
911	930
911	936
911	950
911	956
911	961
911	962
911	964
911	970
911	975
911	983
911	985
911	989
911	992
912	166
912	432
912	815
912	816
912	824
912	849
912	919
912	944
912	949
912	954
912	958
912	960
912	973
912	977
912	978
912	981
912	986
912	992
912	999
913	117
913	704
913	805
913	809
913	821
913	830
913	853
913	899
913	914
913	922
913	925
913	942
913	948
913	959
913	967
913	968
913	980
913	993
913	997
914	323
914	749
914	814
914	826
914	846
914	858
914	906
914	913
914	919
914	923
914	924
914	932
914	947
914	954
914	974
914	975
914	976
914	979
914	985
914	988
915	453
915	743
915	774
915	801
915	817
915	829
915	878
915	887
915	889
915	917
915	932
915	939
915	946
915	957
915	962
915	971
915	976
915	981
915	995
915	1000
916	213
916	722
916	798
916	816
916	877
916	878
916	901
916	918
916	930
916	935
916	941
916	944
916	946
916	952
916	957
916	964
916	971
916	987
916	995
916	1000
917	275
917	380
917	767
917	774
917	780
917	831
917	857
917	868
917	876
917	884
917	915
917	926
917	938
917	941
917	948
917	953
917	955
917	958
917	994
917	998
918	92
918	335
918	838
918	845
918	867
918	900
918	904
918	909
918	916
918	934
918	939
918	950
918	963
918	964
918	965
918	969
918	975
918	985
918	989
918	996
919	230
919	290
919	770
919	788
919	791
919	798
919	838
919	859
919	862
919	909
919	912
919	914
919	927
919	936
919	956
919	964
919	973
919	983
919	989
919	996
920	283
920	716
920	845
920	863
920	872
920	889
920	900
920	934
920	940
920	958
920	973
920	976
920	977
920	981
920	986
920	987
920	991
920	992
920	995
920	999
921	659
921	723
921	814
921	815
921	831
921	847
921	866
921	873
921	875
921	899
921	906
921	923
921	931
921	934
921	947
921	954
921	973
921	978
921	984
921	988
922	301
922	608
922	799
922	807
922	865
922	886
922	913
922	942
922	954
922	960
922	965
922	967
922	968
922	969
922	977
922	980
922	982
922	990
922	993
922	997
923	21
923	733
923	812
923	825
923	839
923	856
923	865
923	866
923	876
923	887
923	898
923	914
923	921
923	947
923	968
923	971
923	978
923	979
923	984
923	988
924	344
924	611
924	778
924	812
924	855
924	856
924	897
924	898
924	914
924	932
924	938
924	947
924	959
924	970
924	973
924	975
924	978
924	984
924	988
924	990
924	991
925	274
925	603
925	789
925	794
925	805
925	820
925	843
925	872
925	883
925	913
925	929
925	936
925	938
925	950
925	965
925	968
925	980
925	982
925	990
925	993
925	997
926	683
926	710
926	775
926	781
926	800
926	813
926	834
926	871
926	879
926	888
926	889
926	891
926	897
926	905
926	917
926	938
926	948
926	953
926	955
926	994
926	998
927	79
927	453
927	796
927	805
927	821
927	823
927	872
927	882
927	883
927	900
927	903
927	909
927	919
927	967
927	970
927	980
927	982
927	986
927	990
927	993
927	997
928	156
928	165
928	771
928	779
928	786
928	819
928	885
928	909
928	910
928	933
928	944
928	958
928	973
928	974
928	981
928	986
928	989
928	991
928	992
928	997
928	999
929	257
929	311
929	521
929	775
929	839
929	846
929	847
929	870
929	884
929	885
929	892
929	898
929	905
929	925
929	953
929	955
929	964
929	970
929	994
929	997
929	998
930	160
930	618
930	788
930	802
930	809
930	811
930	838
930	845
930	847
930	904
930	911
930	916
930	932
930	950
930	957
930	961
930	964
930	983
930	989
930	996
930	999
931	94
931	538
931	751
931	786
931	792
931	826
931	838
931	850
931	863
931	921
931	934
931	944
931	949
931	960
931	973
931	977
931	981
931	982
931	985
931	991
931	993
931	999
932	294
932	468
932	610
932	776
932	826
932	844
932	866
932	896
932	914
932	915
932	924
932	930
932	940
932	947
932	954
932	959
932	973
932	975
932	978
932	979
932	984
932	998
933	246
933	333
933	775
933	783
933	795
933	849
933	868
933	928
933	942
933	943
933	949
933	958
933	960
933	973
933	977
933	981
933	984
933	986
933	991
933	992
933	997
933	999
934	353
934	764
934	788
934	792
934	836
934	870
934	873
934	910
934	918
934	920
934	921
934	931
934	940
934	958
934	960
934	967
934	977
934	981
934	983
934	986
934	991
934	999
935	595
935	757
935	772
935	778
935	794
935	804
935	817
935	831
935	864
935	869
935	880
935	916
935	941
935	952
935	966
935	971
935	974
935	976
935	987
935	995
935	998
935	1000
936	49
936	190
936	252
936	785
936	793
936	806
936	838
936	863
936	909
936	911
936	919
936	925
936	950
936	955
936	956
936	964
936	966
936	969
936	983
936	985
936	996
936	999
936	1000
937	34
937	627
937	781
937	793
937	810
937	832
937	842
937	871
937	880
937	890
937	893
937	894
937	907
937	908
937	943
937	945
937	951
937	966
937	972
937	983
937	988
937	995
937	1000
938	72
938	153
938	271
938	797
938	817
938	834
938	849
938	860
938	865
938	879
938	885
938	895
938	905
938	917
938	924
938	925
938	926
938	951
938	953
938	955
938	967
938	970
938	994
938	998
939	57
939	462
939	661
939	811
939	816
939	833
939	861
939	878
939	888
939	901
939	906
939	915
939	918
939	941
939	945
939	946
939	957
939	971
939	976
939	987
939	990
939	995
939	999
939	1000
940	442
940	741
940	765
940	780
940	792
940	800
940	822
940	828
940	860
940	890
940	910
940	920
940	932
940	934
940	944
940	949
940	958
940	960
940	963
940	977
940	981
940	986
940	991
940	999
941	81
941	341
941	774
941	779
941	801
941	830
941	852
941	877
941	878
941	897
941	899
941	905
941	907
941	916
941	917
941	935
941	939
941	946
941	952
941	957
941	971
941	976
941	988
941	995
941	1000
942	56
942	176
942	650
942	787
942	790
942	807
942	814
942	835
942	848
942	858
942	872
942	903
942	913
942	922
942	933
942	943
942	951
942	962
942	967
942	974
942	980
942	990
942	993
942	995
942	997
943	177
943	556
943	728
943	796
943	833
943	845
943	851
943	852
943	853
943	871
943	893
943	894
943	895
943	896
943	907
943	908
943	933
943	937
943	942
943	945
943	948
943	951
943	965
943	966
943	972
944	447
944	536
944	579
944	801
944	824
944	848
944	867
944	910
944	912
944	916
944	928
944	931
944	940
944	949
944	958
944	960
944	962
944	975
944	977
944	981
944	986
944	991
944	992
944	994
944	999
945	176
945	464
945	793
945	796
945	821
945	829
945	830
945	832
945	843
945	851
945	852
945	883
945	887
945	895
945	907
945	908
945	937
945	939
945	943
945	951
945	966
945	972
945	983
945	984
945	987
945	1000
946	63
946	171
946	771
946	774
946	816
946	861
946	862
946	864
946	877
946	888
946	893
946	915
946	916
946	939
946	941
946	954
946	956
946	957
946	959
946	976
946	981
946	987
946	991
946	995
946	998
946	1000
947	450
947	656
947	684
947	791
947	804
947	818
947	844
947	847
947	875
947	891
947	897
947	914
947	921
947	923
947	924
947	932
947	953
947	959
947	962
947	963
947	968
947	969
947	977
947	978
947	979
947	984
947	994
948	322
948	393
948	691
948	767
948	771
948	775
948	813
948	817
948	827
948	854
948	868
948	870
948	871
948	885
948	892
948	901
948	905
948	913
948	917
948	926
948	943
948	955
948	966
948	970
948	983
948	994
948	998
949	42
949	736
949	763
949	769
949	787
949	836
949	841
949	849
949	900
949	912
949	931
949	933
949	940
949	944
949	953
949	960
949	961
949	964
949	965
949	969
949	973
949	977
949	986
949	991
949	992
949	997
949	999
950	263
950	618
950	737
950	774
950	781
950	822
950	830
950	848
950	854
950	871
950	876
950	887
950	896
950	906
950	909
950	911
950	918
950	925
950	930
950	936
950	956
950	961
950	969
950	983
950	985
950	989
950	996
951	296
951	597
951	636
951	786
951	796
951	799
951	810
951	829
951	842
951	843
951	851
951	865
951	871
951	893
951	895
951	896
951	937
951	938
951	942
951	943
951	945
951	954
951	956
951	959
951	966
951	972
951	991
952	156
952	206
952	379
952	766
952	790
952	794
952	797
952	832
952	861
952	864
952	869
952	878
952	889
952	899
952	916
952	935
952	941
952	953
952	957
952	971
952	976
952	984
952	987
952	992
952	993
952	994
952	995
952	1000
953	475
953	567
953	658
953	768
953	775
953	812
953	834
953	845
953	846
953	865
953	868
953	876
953	878
953	879
953	884
953	892
953	917
953	926
953	929
953	938
953	947
953	949
953	952
953	955
953	970
953	974
953	980
953	994
953	998
954	41
954	472
954	692
954	775
954	818
954	827
954	831
954	832
954	857
954	869
954	881
954	891
954	902
954	912
954	914
954	921
954	922
954	932
954	946
954	951
954	959
954	962
954	963
954	974
954	975
954	978
954	979
954	984
954	988
954	1000
955	465
955	477
955	712
955	768
955	800
955	802
955	820
955	839
955	860
955	870
955	872
955	876
955	892
955	897
955	901
955	904
955	905
955	917
955	926
955	929
955	936
955	938
955	948
955	953
955	965
955	970
955	974
955	990
955	994
955	998
956	143
956	555
956	699
956	775
956	781
956	785
956	789
956	810
956	822
956	837
956	859
956	862
956	874
956	887
956	908
956	911
956	919
956	936
956	946
956	950
956	951
956	958
956	961
956	963
956	964
956	969
956	983
956	985
956	989
956	996
957	104
957	153
957	176
957	784
957	807
957	816
957	817
957	833
957	862
957	888
957	899
957	915
957	916
957	930
957	939
957	941
957	946
957	952
957	958
957	971
957	976
957	978
957	979
957	986
957	987
957	988
957	995
957	996
957	999
957	1000
958	524
958	653
958	654
958	777
958	806
958	819
958	850
958	863
958	868
958	893
958	910
958	912
958	917
958	920
958	928
958	933
958	934
958	940
958	944
958	956
958	957
958	960
958	971
958	973
958	977
958	981
958	986
958	991
958	992
958	994
958	999
959	176
959	244
959	319
959	769
959	812
959	816
959	831
959	832
959	856
959	857
959	875
959	880
959	881
959	890
959	893
959	897
959	898
959	906
959	913
959	924
959	932
959	946
959	947
959	951
959	954
959	962
959	974
959	975
959	978
959	984
959	998
960	113
960	336
960	657
960	818
960	829
960	841
960	870
960	875
960	890
960	900
960	906
960	912
960	922
960	931
960	933
960	934
960	940
960	944
960	949
960	958
960	973
960	975
960	977
960	981
960	982
960	985
960	986
960	989
960	991
960	992
960	999
961	167
961	232
961	705
961	735
961	778
961	788
961	804
961	806
961	810
961	830
961	842
961	845
961	859
961	867
961	874
961	878
961	880
961	902
961	909
961	911
961	930
961	949
961	950
961	956
961	963
961	969
961	970
961	985
961	989
961	996
961	997
962	62
962	75
962	137
962	144
962	812
962	815
962	827
962	844
962	847
962	857
962	875
962	877
962	881
962	897
962	898
962	906
962	911
962	915
962	942
962	944
962	947
962	954
962	959
962	974
962	978
962	979
962	983
962	984
962	987
962	988
962	997
962	998
963	655
963	727
963	761
963	770
963	788
963	802
963	811
963	830
963	838
963	840
963	847
963	854
963	863
963	867
963	896
963	904
963	909
963	918
963	940
963	947
963	954
963	956
963	961
963	964
963	965
963	969
963	975
963	979
963	985
963	989
963	995
963	996
964	313
964	316
964	343
964	662
964	808
964	822
964	828
964	837
964	840
964	853
964	860
964	862
964	867
964	880
964	909
964	911
964	916
964	918
964	919
964	929
964	930
964	936
964	949
964	956
964	963
964	967
964	969
964	983
964	985
964	987
964	988
964	989
964	996
965	81
965	322
965	368
965	773
965	790
965	791
965	805
965	807
965	809
965	824
965	828
965	830
965	848
965	857
965	882
965	886
965	903
965	918
965	922
965	925
965	943
965	949
965	955
965	963
965	966
965	967
965	968
965	980
965	982
965	986
965	990
965	993
965	997
966	115
966	341
966	565
966	622
966	786
966	793
966	796
966	810
966	811
966	829
966	832
966	842
966	844
966	851
966	862
966	871
966	887
966	893
966	894
966	895
966	896
966	904
966	908
966	935
966	936
966	937
966	943
966	945
966	948
966	951
966	965
966	967
966	970
966	972
967	261
967	322
967	716
967	773
967	777
967	787
967	790
967	791
967	808
967	809
967	814
967	820
967	823
967	835
967	873
967	881
967	888
967	895
967	913
967	922
967	927
967	934
967	938
967	942
967	964
967	965
967	966
967	968
967	976
967	989
967	990
967	993
967	997
967	999
968	26
968	474
968	591
968	647
968	789
968	796
968	808
968	809
968	821
968	828
968	848
968	872
968	873
968	883
968	886
968	896
968	900
968	903
968	913
968	922
968	923
968	925
968	947
968	965
968	967
968	980
968	981
968	985
968	986
968	987
968	989
968	990
968	993
968	997
969	292
969	624
969	639
969	711
969	778
969	788
969	802
969	806
969	811
969	820
969	822
969	845
969	853
969	855
969	859
969	879
969	882
969	892
969	905
969	918
969	922
969	936
969	947
969	949
969	950
969	956
969	961
969	963
969	964
969	983
969	985
969	989
969	996
969	1000
970	72
970	195
970	325
970	764
970	768
970	771
970	780
970	839
970	846
970	860
970	865
970	867
970	868
970	876
970	884
970	885
970	892
970	901
970	905
970	911
970	924
970	927
970	929
970	938
970	948
970	953
970	955
970	961
970	966
970	973
970	979
970	994
970	997
970	998
971	109
971	728
971	750
971	776
971	784
971	801
971	803
971	840
971	853
971	861
971	862
971	864
971	869
971	872
971	875
971	877
971	884
971	888
971	889
971	903
971	915
971	916
971	923
971	935
971	939
971	941
971	952
971	957
971	958
971	972
971	976
971	987
971	998
971	1000
972	97
972	483
972	532
972	786
972	793
972	796
972	803
972	810
972	819
972	832
972	834
972	842
972	843
972	851
972	852
972	866
972	877
972	887
972	891
972	892
972	893
972	894
972	895
972	896
972	907
972	908
972	937
972	943
972	945
972	951
972	966
972	971
972	973
972	986
973	272
973	305
973	344
973	640
973	779
973	799
973	813
973	835
973	836
973	849
973	863
973	890
973	894
973	900
973	912
973	919
973	920
973	921
973	924
973	928
973	931
973	932
973	933
973	949
973	958
973	960
973	970
973	972
973	975
973	977
973	981
973	986
973	989
973	991
973	992
973	999
974	14
974	225
974	574
974	663
974	776
974	782
974	794
974	815
974	827
974	831
974	837
974	844
974	847
974	856
974	857
974	875
974	882
974	891
974	897
974	898
974	914
974	928
974	935
974	942
974	953
974	954
974	955
974	959
974	962
974	975
974	979
974	984
974	987
974	988
974	990
974	997
975	128
975	141
975	287
975	596
975	778
975	782
975	810
975	815
975	818
975	825
975	827
975	844
975	866
975	867
975	881
975	887
975	902
975	906
975	907
975	911
975	914
975	918
975	924
975	932
975	944
975	954
975	959
975	960
975	963
975	973
975	974
975	977
975	978
975	979
975	984
975	988
976	174
976	402
976	718
976	749
976	768
976	784
976	801
976	804
976	813
976	816
976	817
976	819
976	841
976	864
976	872
976	877
976	878
976	885
976	888
976	889
976	914
976	915
976	920
976	935
976	939
976	941
976	946
976	952
976	957
976	967
976	971
976	981
976	987
976	993
976	995
976	1000
977	281
977	688
977	736
977	744
977	779
977	819
977	824
977	833
977	842
977	850
977	854
977	856
977	869
977	870
977	910
977	912
977	920
977	922
977	931
977	933
977	934
977	940
977	944
977	947
977	949
977	958
977	960
977	973
977	975
977	978
977	981
977	986
977	991
977	992
977	995
977	999
978	436
978	746
978	756
978	778
978	805
978	812
978	815
978	818
978	825
978	826
978	836
978	844
978	864
978	866
978	875
978	891
978	893
978	898
978	902
978	904
978	912
978	921
978	923
978	924
978	932
978	947
978	954
978	957
978	959
978	962
978	975
978	977
978	979
978	984
978	991
978	999
978	1000
979	243
979	283
979	438
979	776
979	778
979	782
979	793
979	808
979	812
979	815
979	826
979	832
979	841
979	849
979	856
979	857
979	866
979	881
979	884
979	891
979	898
979	908
979	914
979	923
979	932
979	947
979	954
979	957
979	962
979	963
979	970
979	974
979	975
979	978
979	984
979	988
979	992
980	68
980	271
980	703
980	747
980	769
980	777
980	790
980	791
980	806
980	807
980	819
980	823
980	826
980	835
980	838
980	872
980	875
980	880
980	882
980	886
980	902
980	903
980	909
980	913
980	922
980	925
980	927
980	942
980	953
980	965
980	968
980	982
980	983
980	989
980	990
980	993
980	997
981	138
981	152
981	173
981	290
981	783
981	799
981	825
981	836
981	863
981	867
981	888
981	890
981	910
981	912
981	915
981	920
981	928
981	931
981	933
981	934
981	940
981	944
981	946
981	958
981	960
981	968
981	973
981	976
981	977
981	984
981	986
981	987
981	988
981	991
981	992
981	996
981	999
982	70
982	385
982	676
982	720
982	768
982	769
982	773
982	787
982	789
982	790
982	807
982	808
982	820
982	828
982	843
982	848
982	872
982	873
982	874
982	882
982	883
982	886
982	888
982	898
982	922
982	925
982	927
982	931
982	960
982	965
982	980
982	984
982	985
982	988
982	989
982	990
982	993
982	997
982	999
983	267
983	557
983	674
983	728
983	785
983	790
983	798
983	802
983	806
983	830
983	837
983	838
983	843
983	844
983	845
983	854
983	855
983	874
983	880
983	894
983	904
983	911
983	919
983	930
983	934
983	936
983	937
983	945
983	948
983	950
983	956
983	962
983	964
983	969
983	980
983	985
983	987
983	989
983	993
983	996
984	308
984	339
984	388
984	594
984	785
984	812
984	815
984	825
984	831
984	844
984	846
984	847
984	856
984	857
984	859
984	869
984	881
984	886
984	891
984	921
984	923
984	924
984	932
984	933
984	945
984	947
984	952
984	954
984	959
984	962
984	974
984	975
984	978
984	979
984	981
984	982
984	986
984	988
984	995
984	1000
985	394
985	473
985	696
985	709
985	770
985	781
985	783
985	785
985	797
985	802
985	803
985	811
985	821
985	837
985	853
985	854
985	856
985	858
985	859
985	867
985	895
985	904
985	911
985	914
985	918
985	931
985	936
985	950
985	956
985	960
985	961
985	963
985	964
985	968
985	969
985	982
985	983
985	989
985	996
985	998
986	29
986	330
986	434
986	741
986	780
986	783
986	799
986	819
986	824
986	841
986	849
986	850
986	854
986	879
986	890
986	898
986	900
986	910
986	912
986	920
986	927
986	928
986	933
986	934
986	940
986	944
986	949
986	957
986	958
986	960
986	965
986	968
986	972
986	973
986	977
986	981
986	984
986	990
986	991
986	992
986	995
986	999
987	151
987	509
987	714
987	733
987	772
987	774
987	784
987	794
987	798
987	801
987	803
987	804
987	817
987	818
987	833
987	844
987	851
987	861
987	864
987	869
987	877
987	889
987	899
987	916
987	920
987	935
987	939
987	945
987	946
987	952
987	957
987	962
987	964
987	968
987	971
987	974
987	976
987	981
987	983
987	993
987	995
987	1000
988	164
988	373
988	473
988	543
988	739
988	776
988	782
988	814
988	815
988	818
988	825
988	826
988	827
988	831
988	857
988	866
988	875
988	881
988	890
988	897
988	898
988	902
988	906
988	908
988	910
988	914
988	921
988	923
988	924
988	937
988	941
988	954
988	957
988	962
988	964
988	974
988	975
988	979
988	981
988	982
988	984
988	997
988	999
989	136
989	144
989	148
989	530
989	770
989	781
989	811
989	812
989	819
989	837
989	840
989	850
989	853
989	854
989	855
989	858
989	874
989	880
989	890
989	904
989	909
989	911
989	918
989	919
989	928
989	930
989	950
989	956
989	960
989	961
989	963
989	964
989	967
989	968
989	969
989	973
989	980
989	982
989	983
989	985
989	996
989	998
989	1000
990	118
990	175
990	343
990	700
990	769
990	773
990	787
990	791
990	794
990	801
990	805
990	808
990	809
990	814
990	820
990	823
990	828
990	861
990	863
990	873
990	882
990	883
990	886
990	894
990	910
990	922
990	924
990	925
990	927
990	939
990	942
990	955
990	965
990	967
990	968
990	974
990	980
990	982
990	986
990	993
990	994
990	997
990	999
991	180
991	209
991	334
991	405
991	721
991	783
991	784
991	785
991	792
991	799
991	806
991	819
991	836
991	841
991	850
991	863
991	872
991	881
991	885
991	890
991	907
991	908
991	910
991	920
991	924
991	928
991	931
991	933
991	934
991	940
991	944
991	946
991	949
991	951
991	958
991	960
991	973
991	977
991	978
991	981
991	986
991	992
991	999
991	1000
992	151
992	177
992	496
992	712
992	779
992	783
992	784
992	792
992	799
992	805
992	809
992	818
992	819
992	824
992	825
992	836
992	840
992	841
992	849
992	850
992	861
992	863
992	870
992	900
992	902
992	910
992	911
992	912
992	920
992	928
992	933
992	944
992	949
992	952
992	958
992	960
992	973
992	977
992	979
992	981
992	986
992	991
992	995
992	999
992	1000
993	88
993	124
993	288
993	335
993	769
993	770
993	777
993	789
993	798
993	805
993	808
993	809
993	814
993	815
993	820
993	821
993	827
993	835
993	837
993	864
993	873
993	882
993	883
993	886
993	900
993	903
993	905
993	913
993	922
993	925
993	927
993	931
993	942
993	952
993	965
993	967
993	968
993	976
993	980
993	982
993	983
993	987
993	990
993	997
993	999
994	471
994	474
994	477
994	709
994	754
994	767
994	768
994	775
994	780
994	783
994	785
994	792
994	793
994	795
994	797
994	800
994	803
994	813
994	834
994	839
994	865
994	868
994	870
994	875
994	876
994	882
994	884
994	885
994	892
994	902
994	905
994	906
994	917
994	926
994	929
994	938
994	944
994	947
994	948
994	952
994	953
994	955
994	958
994	970
994	990
994	998
995	78
995	296
995	592
995	725
995	766
995	772
995	774
995	779
995	784
995	794
995	800
995	801
995	803
995	804
995	805
995	816
995	817
995	833
995	834
995	861
995	862
995	864
995	869
995	878
995	888
995	899
995	915
995	916
995	920
995	935
995	937
995	939
995	941
995	942
995	946
995	952
995	957
995	963
995	976
995	977
995	984
995	986
995	987
995	992
995	996
995	998
995	1000
996	174
996	282
996	299
996	329
996	468
996	781
996	785
996	788
996	798
996	800
996	804
996	811
996	822
996	823
996	829
996	845
996	854
996	855
996	858
996	859
996	865
996	867
996	878
996	880
996	885
996	894
996	904
996	909
996	910
996	918
996	919
996	930
996	936
996	950
996	956
996	957
996	961
996	963
996	964
996	969
996	981
996	983
996	985
996	989
996	995
996	997
996	999
997	259
997	300
997	328
997	674
997	711
997	769
997	773
997	777
997	790
997	791
997	807
997	808
997	814
997	820
997	823
997	828
997	835
997	840
997	848
997	850
997	856
997	872
997	881
997	882
997	883
997	903
997	913
997	922
997	925
997	927
997	928
997	929
997	933
997	942
997	949
997	961
997	962
997	965
997	967
997	968
997	970
997	974
997	980
997	982
997	988
997	990
997	993
997	996
998	241
998	289
998	459
998	664
998	754
998	767
998	768
998	771
998	775
998	776
998	779
998	780
998	795
998	813
998	834
998	839
998	848
998	860
998	865
998	866
998	868
998	870
998	876
998	879
998	884
998	885
998	886
998	892
998	901
998	903
998	905
998	917
998	926
998	929
998	932
998	935
998	938
998	946
998	948
998	953
998	955
998	959
998	962
998	970
998	971
998	985
998	989
998	994
998	995
999	343
999	457
999	628
999	672
999	732
999	767
999	779
999	783
999	792
999	799
999	819
999	824
999	829
999	836
999	839
999	849
999	850
999	863
999	884
999	890
999	900
999	910
999	912
999	920
999	928
999	930
999	931
999	933
999	934
999	936
999	939
999	940
999	944
999	949
999	957
999	958
999	960
999	967
999	973
999	977
999	978
999	981
999	982
999	986
999	988
999	990
999	991
999	992
999	993
999	996
1000	173
1000	284
1000	642
1000	688
1000	693
1000	766
1000	772
1000	773
1000	774
1000	784
1000	794
1000	797
1000	801
1000	803
1000	804
1000	816
1000	821
1000	833
1000	861
1000	862
1000	864
1000	869
1000	873
1000	877
1000	878
1000	888
1000	889
1000	901
1000	915
1000	916
1000	935
1000	936
1000	937
1000	939
1000	941
1000	945
1000	946
1000	952
1000	954
1000	957
1000	969
1000	971
1000	976
1000	978
1000	984
1000	987
1000	989
1000	991
1000	992
1000	995
