"state_id","node_id","module_id","flow","name"
275,275,1,0.00504575386983665,"YPR110C"
642,642,1,0.00491747199178996,"YPL131W"
657,657,1,0.00487471136577439,"YNL178W"
119,119,1,0.00483195073975883,"YOL127W"
69,69,1,0.00483195073975883,"YIL021W"
666,666,1,0.004618147609681,"YLR378C"
133,133,1,0.004618147609681,"YJL063C"
665,665,1,0.004618147609681,"YBR283C"
781,781,1,0.00457538698366544,"YMR260C"
107,107,1,0.00453262635764987,"YNL284C"
652,652,1,0.00453262635764987,"YGL103W"
106,106,1,0.00453262635764987,"YGL123W"
64,64,1,0.00453262635764987,"YBR251W"
117,117,1,0.00444710510561874,"YNR037C"
653,653,1,0.00444710510561874,"YLR344W"
649,649,1,0.00444710510561874,"YIL018W"
641,641,1,0.00444710510561874,"YOR063W"
1506,1506,1,0.00444710510561874,"YEL050C"
116,116,1,0.00444710510561874,"YGR220C"
115,115,1,0.00444710510561874,"YDL136W"
113,113,1,0.00444710510561874,"YDL191W"
110,110,1,0.00444710510561874,"YGR034W"
109,109,1,0.00444710510561874,"YOL040C"
136,136,1,0.00436158385358761,"YPL183W-A"
124,124,1,0.00431882322757204,"YDR041W"
230,230,1,0.00414778072350978,"YJR113C"
679,679,1,0.00406225947147865,"YML010W"
123,123,1,0.00401949884546309,"YBL038W"
682,682,1,0.00397673821944752,"YLR075W"
321,321,1,0.00389121696741639,"YGL068W"
125,125,1,0.00384845634140083,"YHL015W"
638,638,1,0.00367741383733857,"YJR123W"
869,869,1,0.00265115881296502,"YBL092W"
930,930,1,0.0024373556828872,"YBR257W"
24,24,1,0.0024373556828872,"YPR010C"
866,866,1,0.00235183443085607,"YBR084C-A"
927,927,1,0.00235183443085607,"YBL027W"
926,926,1,0.0023090738048405,"YJR145C"
293,293,1,0.0023090738048405,"YHR203C"
285,285,1,0.0023090738048405,"YKL009W"
671,671,1,0.00226631317882494,"YDR237W"
1056,1056,1,0.00222355255280937,"YGR283C"
22,22,1,0.00222355255280937,"YOR116C"
40,40,1,0.00222355255280937,"YOR207C"
1010,1010,1,0.00222355255280937,"YMR310C"
697,697,1,0.00213803130077824,"YNL306W"
55,55,1,0.00209527067476268,"YOR341W"
108,108,1,0.00200974942273155,"YML025C"
618,618,1,0.00188146754468485,"YHR147C"
143,143,1,0.00188146754468485,"YDR116C"
502,502,1,0.00183870691866929,"YMR158W"
670,670,1,0.00183870691866929,"YDL061C"
15,15,1,0.00183870691866929,"YDL140C"
672,672,1,0.00183870691866929,"YPR166C"
674,674,1,0.00183870691866929,"YLR388W"
654,654,1,0.00179594629265372,"YGR085C"
664,664,1,0.00179594629265372,"YBR048W"
656,656,1,0.00179594629265372,"YPR102C"
643,643,1,0.00179594629265372,"YGL147C"
647,647,1,0.00179594629265372,"YJL190C"
645,645,1,0.00179594629265372,"YLR367W"
644,644,1,0.00179594629265372,"YNL067W"
112,112,1,0.00175318566663816,"YMR188C"
650,650,1,0.00175318566663816,"YDR025W"
156,156,1,0.00175318566663816,"YOR151C"
659,659,1,0.0017104250406226,"YBR031W"
660,660,1,0.0017104250406226,"YER117W"
658,658,1,0.0017104250406226,"YKL180W"
655,655,1,0.0017104250406226,"YJL177W"
128,128,1,0.0017104250406226,"YML026C"
135,135,1,0.0017104250406226,"YKL170W"
651,651,1,0.0017104250406226,"YNL177C"
648,648,1,0.0017104250406226,"YDR012W"
661,661,1,0.0017104250406226,"YBL087C"
635,635,1,0.0017104250406226,"YDR450W"
683,683,1,0.00166766441460703,"YJL191W"
634,634,1,0.00166766441460703,"YNL081C"
637,637,1,0.00166766441460703,"YCR031C"
915,915,1,0.00162490378859147,"YIL133C"
368,368,1,0.00162490378859147,"YOR150W"
120,120,1,0.0015821431625759,"YLR340W"
885,885,1,0.0015821431625759,"YNL069C"
1193,1193,1,0.00153938253656034,"YPL212C"
903,903,1,0.00153938253656034,"YDL083C"
877,877,1,0.00153938253656034,"YMR143W"
686,686,1,0.00149662191054477,"YPL220W"
1229,1229,1,0.00149662191054477,"YNL185C"
675,675,1,0.00149662191054477,"YDR418W"
954,954,1,0.00149662191054477,"YGR118W"
342,342,1,0.00149662191054477,"YEL054C"
689,689,1,0.00149662191054477,"YGL135W"
920,920,1,0.00149662191054477,"YNL292W"
712,712,1,0.00145386128452921,"YDL202W"
1182,1182,1,0.00145386128452921,"YGL063W"
639,639,1,0.00145386128452921,"YNR036C"
1210,1210,1,0.00145386128452921,"YDR117C"
1131,1131,1,0.00145386128452921,"YFL001W"
640,640,1,0.00145386128452921,"YPR132W"
1203,1203,1,0.00136834003249808,"YNL244C"
835,835,1,0.00136834003249808,"YML009C"
794,794,1,0.00132557940648251,"YER170W"
964,964,1,0.00132557940648251,"YBL091C"
941,941,1,0.00132557940648251,"YLR244C"
790,790,1,0.00132557940648251,"YDR226W"
784,784,1,0.00132557940648251,"YKL024C"
2127,2127,1,0.00124005815445138,"YJR014W"
1043,1043,1,0.000513127512186778,"YGL030W"
1543,1543,1,0.000427606260155649,"YEL024W"
677,677,1,0.000427606260155649,"YPL198W"
842,842,1,0.000427606260155649,"YOR065W"
701,701,1,0.000427606260155649,"YGL076C"
696,696,1,0.000427606260155649,"YMR286W"
727,727,1,0.000342085008124519,"Q0105"
980,980,1,0.000299324382108954,"YDR086C"
1542,1542,1,4.27606260155649e-05,"YFR006W"
1479,1479,1,4.27606260155649e-05,"YER078C"
1573,1573,1,4.27606260155649e-05,"YLL029W"
2219,2219,1,4.27606260155649e-05,"YGR007W"
2232,2232,1,4.27606260155649e-05,"YGL017W"
2235,2235,1,4.27606260155649e-05,"YGR202C"
36,36,2,0.00248011630890276,"YDR101C"
192,192,2,0.00239459505687163,"YMR290C"
27,27,2,0.00235183443085607,"YER006W"
153,153,2,0.00235183443085607,"YGR103W"
91,91,2,0.00235183443085607,"YDR496C"
30,30,2,0.00226631317882494,"YHR052W"
160,160,2,0.00226631317882494,"YPR016C"
26,26,2,0.00222355255280937,"YPL093W"
47,47,2,0.00218079192679381,"YNL002C"
53,53,2,0.00218079192679381,"YPL012W"
57,57,2,0.00213803130077824,"YMR049C"
71,71,2,0.00196698879671598,"YOL077C"
170,170,2,0.00196698879671598,"YOR272W"
190,190,2,0.00188146754468485,"YNL061W"
43,43,2,0.00183870691866929,"YPL043W"
189,189,2,0.0017104250406226,"YOR206W"
38,38,2,0.00162490378859147,"YHR197W"
89,89,2,0.00162490378859147,"YKR081C"
42,42,2,0.00145386128452921,"YLL008W"
1808,1808,2,0.00136834003249808,"YNL110C"
376,376,2,0.00136834003249808,"YER126C"
249,249,2,0.00132557940648251,"YDL031W"
359,359,2,0.00132557940648251,"YPL211W"
49,49,2,0.00132557940648251,"YKL014C"
223,223,2,0.00124005815445138,"YGL111W"
299,299,2,0.00111177627640469,"YGR245C"
37,37,2,0.00111177627640469,"YOL041C"
972,972,2,0.00106901565038912,"YDR060W"
265,265,2,0.000983494398357992,"YKL172W"
426,426,2,0.000940733772342427,"YLR002C"
93,93,2,0.000897973146326862,"YDR087C"
348,348,2,0.000897973146326862,"YLR449W"
358,358,2,0.000897973146326862,"YNL182C"
1856,1856,2,0.000855212520311298,"YCL054W"
473,473,2,0.000769691268280168,"YFL002C"
1857,1857,2,0.000726930642264603,"YLR276C"
581,581,2,0.000684170016249038,"YLR106C"
994,994,2,0.000684170016249038,"YNR053C"
394,394,2,0.000684170016249038,"YDL051W"
85,85,2,0.000641409390233473,"YFR001W"
362,362,2,0.000598648764217908,"YBR142W"
1814,1814,2,0.000555888138202343,"YLR009W"
466,466,2,0.000555888138202343,"YHR170W"
462,462,2,0.000555888138202343,"YHR066W"
395,395,2,0.000513127512186778,"YER002W"
1268,1268,2,0.000427606260155649,"YCR072C"
1881,1881,2,0.000342085008124519,"YLR074C"
457,457,2,0.000256563756093389,"YGL099W"
1924,1924,2,0.000171042504062259,"YOR227W"
544,544,2,0.000128281878046695,"YHR085W"
554,554,2,8.55212520311297e-05,"YLL034C"
1247,1247,2,8.55212520311297e-05,"YBR267W"
611,611,2,8.55212520311297e-05,"YPL009C"
605,605,2,8.55212520311297e-05,"YAL025C"
1322,1322,2,4.27606260155649e-05,"YGR081C"
1913,1913,2,4.27606260155649e-05,"YKL082C"
2237,2237,2,4.27606260155649e-05,"YML005W"
2238,2238,2,4.27606260155649e-05,"YHR070W"
217,217,3,0.00312152569913623,"YBL004W"
333,333,3,0.00290772256905841,"YDL014W"
182,182,3,0.00256563756093389,"YNL132W"
243,243,3,0.0024373556828872,"YJL109C"
220,220,3,0.00226631317882494,"YGR090W"
95,95,3,0.00183870691866929,"YGR145W"
1,1,3,0.0017104250406226,"YLR197W"
79,79,3,0.00162490378859147,"YPL126W"
58,58,3,0.00153938253656034,"YLR409C"
253,253,3,0.00153938253656034,"YDR449C"
786,786,3,0.00149662191054477,"YHR148W"
1840,1840,3,0.00145386128452921,"YBR247C"
257,257,3,0.00136834003249808,"YER082C"
297,297,3,0.00136834003249808,"YDR324C"
550,550,3,0.00132557940648251,"YCL059C"
315,315,3,0.00132557940648251,"YKR060W"
1017,1017,3,0.00119729752843582,"YJR002W"
327,327,3,0.00115453690242025,"YLR129W"
616,616,3,0.00111177627640469,"YMR093W"
463,463,3,0.00106901565038912,"YMR128W"
277,277,3,0.00102625502437356,"YCR057C"
154,154,3,0.00102625502437356,"YGL019W"
1224,1224,3,0.00102625502437356,"YIL035C"
599,599,3,0.000983494398357992,"YLR186W"
12,12,3,0.000983494398357992,"YOR061W"
1111,1111,3,0.000940733772342427,"YPR144C"
430,430,3,0.000940733772342427,"YPL217C"
1171,1171,3,0.000940733772342427,"YDL148C"
63,63,3,0.000940733772342427,"YLR222C"
241,241,3,0.000897973146326862,"YDR299W"
2,2,3,0.000812451894295733,"YOR039W"
1854,1854,3,0.000812451894295733,"YGR128C"
519,519,3,0.000812451894295733,"YOR145C"
503,503,3,0.000726930642264603,"YLL011W"
617,617,3,0.000641409390233473,"YER127W"
1812,1812,3,0.000598648764217908,"YJL069C"
538,538,3,0.000555888138202343,"YKL099C"
46,46,3,0.000555888138202343,"YOR310C"
1884,1884,3,0.000470366886171214,"YDL213C"
511,511,3,0.000427606260155649,"YHR196W"
427,427,3,0.000427606260155649,"YGL207W"
415,415,3,0.000384845634140084,"YGL171W"
559,559,3,0.000299324382108954,"YNL112W"
488,488,3,0.000256563756093389,"YMR172W"
453,453,3,0.000256563756093389,"YPR137W"
572,572,3,0.000213803130077824,"YML069W"
950,950,3,0.000171042504062259,"YOR119C"
1490,1490,3,0.000171042504062259,"YHL022C"
1915,1915,3,0.000171042504062259,"YPR112C"
537,537,3,8.55212520311297e-05,"YGL130W"
534,534,3,8.55212520311297e-05,"YOL010W"
593,593,3,4.27606260155649e-05,"YDR021W"
281,281,4,0.00226631317882494,"YBR146W"
351,351,4,0.00141110065851364,"YDR337W"
1958,1958,4,0.00136834003249808,"YHL004W"
798,798,4,0.00111177627640469,"YNL137C"
337,337,4,0.000855212520311298,"YIL093C"
518,518,4,0.000555888138202343,"YPL013C"
1234,1234,4,0.000555888138202343,"YGR084C"
1265,1265,4,0.000555888138202343,"YDR347W"
1283,1283,4,0.000555888138202343,"YPL118W"
1323,1323,4,0.000555888138202343,"YKL155C"
1374,1374,4,0.000555888138202343,"YGL129C"
1863,1863,4,0.000470366886171214,"YDR175C"
1904,1904,4,0.000299324382108954,"YOR158W"
542,542,4,0.000256563756093389,"YHR059W"
509,509,4,0.000213803130077824,"YIL070C"
596,596,4,0.000128281878046695,"YBL090W"
422,422,4,0.000128281878046695,"YJR101W"
2160,2160,4,4.27606260155649e-05,"YGR185C"
35,35,5,0.00222355255280937,"YPR187W"
202,202,5,0.00136834003249808,"YOR210W"
1285,1285,5,0.00132557940648251,"YMR208W"
1046,1046,5,0.00119729752843582,"YML054C"
1541,1541,5,0.00119729752843582,"YJR008W"
872,872,5,0.000897973146326862,"YOL120C"
1048,1048,5,0.000897973146326862,"YNL301C"
873,873,5,0.000684170016249038,"YGR214W"
889,889,5,0.000684170016249038,"YLR048W"
791,791,5,0.000555888138202343,"YBR189W"
799,799,5,0.000555888138202343,"YPL081W"
2171,2171,5,8.55212520311297e-05,"YNR043W"
1166,1166,5,4.27606260155649e-05,"YDR527W"
21,21,6,0.00136834003249808,"YBR154C"
492,492,6,0.000812451894295733,"YPR190C"
338,338,6,0.000769691268280168,"YKL144C"
271,271,6,0.000641409390233473,"YNR003C"
2009,2009,6,0.000641409390233473,"YOR224C"
303,303,6,0.000427606260155649,"YKR025W"
319,319,6,0.000427606260155649,"YJR063W"
1115,1115,6,0.000427606260155649,"YDL150W"
1867,1867,6,0.000427606260155649,"YNL248C"
1377,1377,6,0.000384845634140084,"YNL151C"
345,345,6,0.000342085008124519,"YGR186W"
1221,1221,6,0.000256563756093389,"YGR005C"
1344,1344,6,0.000256563756093389,"YJL140W"
428,428,6,0.000128281878046695,"YOR340C"
1664,1664,6,0.000128281878046695,"YDR156W"
1791,1791,6,4.27606260155649e-05,"YJL148W"
826,826,7,0.000684170016249038,"YDR064W"
1133,1133,7,0.000641409390233473,"YLR180W"
1173,1173,7,0.000598648764217908,"YDL104C"
1172,1172,7,0.000598648764217908,"YKR038C"
1137,1137,7,0.000598648764217908,"YJR069C"
1272,1272,7,0.000555888138202343,"YDR404C"
555,555,7,0.000555888138202343,"YDR502C"
1000,1000,7,0.000384845634140084,"YER074W"
1023,1023,7,0.000384845634140084,"YIL069C"
264,264,7,0.000299324382108954,"YGR262C"
730,730,7,0.000299324382108954,"YMR267W"
1049,1049,7,0.000256563756093389,"YLR167W"
1584,1584,7,0.000256563756093389,"YBR011C"
168,168,7,0.000171042504062259,"YPR051W"
1181,1181,7,0.000128281878046695,"YPR131C"
1493,1493,7,0.000128281878046695,"YHR013C"
2041,2041,7,4.27606260155649e-05,"YPL125W"
267,267,8,0.000855212520311298,"YJR007W"
96,96,8,0.000726930642264603,"YNL113W"
1253,1253,8,0.000641409390233473,"YBR088C"
1463,1463,8,0.000470366886171214,"YOL005C"
805,805,8,0.000384845634140084,"YIL103W"
1436,1436,8,0.000384845634140084,"YKL191W"
867,867,8,0.000342085008124519,"YNL162W"
881,881,8,0.000342085008124519,"YHR141C"
1562,1562,8,0.000342085008124519,"YKL156W"
2020,2020,8,0.000342085008124519,"YHR021C"
387,387,8,0.000299324382108954,"YGL070C"
2179,2179,8,0.000128281878046695,"YGL043W"
1324,1324,8,8.55212520311297e-05,"YDR045C"
1945,1945,8,4.27606260155649e-05,"YFR011C"
2167,2167,8,4.27606260155649e-05,"YER039C"
2168,2168,8,4.27606260155649e-05,"YER180C"
1001,1001,9,0.000855212520311298,"YNL005C"
431,431,9,0.000555888138202343,"YCR046C"
1059,1059,9,0.000513127512186778,"YDR322W"
1165,1165,9,0.000470366886171214,"YLR439W"
1050,1050,9,0.000384845634140084,"YLR328W"
1192,1192,9,0.000384845634140084,"YDR462W"
714,714,9,0.000342085008124519,"YGR010W"
796,796,9,0.000342085008124519,"YHR168W"
578,578,9,0.000299324382108954,"YOR323C"
496,496,9,0.000213803130077824,"YDR300C"
1207,1207,9,0.000213803130077824,"YDR296W"
392,392,9,0.000171042504062259,"YHR033W"
1334,1334,9,8.55212520311297e-05,"YHR074W"
1577,1577,9,8.55212520311297e-05,"YHR100C"
1939,1939,9,4.27606260155649e-05,"YCR079W"
2290,2290,9,4.27606260155649e-05,"YKL139W"
1455,1455,10,0.000855212520311298,"YDR292C"
1164,1164,10,0.000641409390233473,"YML094W"
1039,1039,10,0.000427606260155649,"YMR074C"
1141,1141,10,0.000427606260155649,"YOL121C"
1177,1177,10,0.000427606260155649,"YJL189W"
1308,1308,10,0.000427606260155649,"YMR242C"
1355,1355,10,0.000427606260155649,"YOR312C"
2084,2084,10,0.000427606260155649,"YNL302C"
974,974,10,0.000384845634140084,"YLR406C"
1064,1064,10,0.000384845634140084,"YDL075W"
1489,1489,10,8.55212520311297e-05,"YIR015W"
176,176,11,0.00265115881296502,"YLR175W"
82,82,12,0.000470366886171214,"YDL060W"
343,343,12,0.000427606260155649,"YKL143W"
367,367,12,0.000342085008124519,"YPL204W"
1905,1905,12,0.000213803130077824,"YDL153C"
322,322,12,0.000171042504062259,"YNL207W"
347,347,12,8.55212520311297e-05,"YOR056C"
911,911,12,8.55212520311297e-05,"YHR185C"
1376,1376,12,4.27606260155649e-05,"YNL280C"
2192,2192,12,4.27606260155649e-05,"YHR014W"
101,101,13,0.000513127512186778,"YMR309C"
59,59,13,0.000299324382108954,"YMR146C"
260,260,13,0.000256563756093389,"YBR079C"
847,847,13,0.000256563756093389,"YOR361C"
785,785,13,0.000213803130077824,"YDR429C"
2124,2124,13,0.000128281878046695,"YPR041W"
1992,1992,13,8.55212520311297e-05,"YPL105C"
383,383,14,0.000384845634140084,"YBR009C"
385,385,14,0.000213803130077824,"YMR308C"
410,410,14,0.000213803130077824,"YDR381W"
749,749,14,0.000171042504062259,"YDR174W"
1184,1184,14,0.000128281878046695,"YKR092C"
1890,1890,14,0.000128281878046695,"YJR132W"
279,279,14,4.27606260155649e-05,"YPR104C"
423,423,14,4.27606260155649e-05,"YKL056C"
960,960,14,4.27606260155649e-05,"YCR087C-A"
1937,1937,14,4.27606260155649e-05,"YOL054W"
1957,1957,14,4.27606260155649e-05,"YOL108C"
2122,2122,14,4.27606260155649e-05,"YKL023W"
1826,1826,15,0.000598648764217908,"YKR048C"
150,150,15,0.000171042504062259,"YNL078W"
445,445,15,0.000171042504062259,"YGL241W"
474,474,15,0.000128281878046695,"YDR507C"
475,475,15,0.000128281878046695,"YMR139W"
485,485,15,8.55212520311297e-05,"YDR225W"
489,489,15,4.27606260155649e-05,"YCL024W"
827,827,15,4.27606260155649e-05,"YJR094C"
1938,1938,15,4.27606260155649e-05,"YOL070C"
413,413,16,0.000897973146326862,"YOR335C"
1262,1262,16,0.000171042504062259,"YDL130W"
890,890,16,8.55212520311297e-05,"YLR287C"
1301,1301,16,8.55212520311297e-05,"YDR382W"
1326,1326,16,8.55212520311297e-05,"YOL039W"
360,360,17,0.000470366886171214,"YNL262W"
320,320,17,0.000256563756093389,"YBL002W"
574,574,17,0.000171042504062259,"YBL003C"
2112,2112,17,0.000128281878046695,"YPR175W"
1273,1273,17,8.55212520311297e-05,"YDR121W"
1759,1759,17,8.55212520311297e-05,"YJL090C"
388,388,17,4.27606260155649e-05,"YBR010W"
1417,1417,18,0.000171042504062259,"YOR004W"
1511,1511,18,0.000171042504062259,"YDR339C"
2203,2203,18,8.55212520311297e-05,"YPL090C"
2204,2204,18,8.55212520311297e-05,"YBR181C"
2134,2134,19,0.000171042504062259,"YHL001W"
2135,2135,19,0.000171042504062259,"YKL006W"
1216,1216,19,8.55212520311297e-05,"YIL052C"
1297,1297,19,8.55212520311297e-05,"YER056C-A"
448,448,20,0.000256563756093389,"YMR116C"
1899,1899,20,0.000128281878046695,"YHR064C"
1144,1144,20,8.55212520311297e-05,"YGR285C"
978,978,21,0.000171042504062259,"YDR047W"
1477,1477,21,8.55212520311297e-05,"YGL067W"
1566,1566,21,8.55212520311297e-05,"YOR176W"
2100,2100,21,8.55212520311297e-05,"YER014W"
614,614,22,0.000171042504062259,"YDR071C"
72,72,22,4.27606260155649e-05,"YBL056W"
88,88,22,4.27606260155649e-05,"YBR125C"
573,573,22,4.27606260155649e-05,"YER089C"
459,459,23,0.000128281878046695,"YPL001W"
349,349,23,8.55212520311297e-05,"YEL056W"
1878,1878,23,8.55212520311297e-05,"YLL022C"
403,403,24,0.000128281878046695,"YNL124W"
1944,1944,24,8.55212520311297e-05,"YDL208W"
144,144,24,4.27606260155649e-05,"YIL104C"
1418,1418,25,8.55212520311297e-05,"YDL164C"
1549,1549,25,8.55212520311297e-05,"YMR114C"
2234,2234,25,4.27606260155649e-05,"YOR005C"
151,151,26,0.000128281878046695,"YDR091C"
557,557,26,4.27606260155649e-05,"YBR143C"
1827,1827,26,4.27606260155649e-05,"YLR192C"
527,527,27,0.000171042504062259,"YHR169W"
2143,2143,27,4.27606260155649e-05,"YKL075C"
1872,1872,28,0.000128281878046695,"YKR024C"
1788,1788,28,4.27606260155649e-05,"YNR038W"
452,452,29,8.55212520311297e-05,"YKR085C"
490,490,29,4.27606260155649e-05,"YKR006C"
553,553,30,8.55212520311297e-05,"YEL055C"
1935,1935,30,4.27606260155649e-05,"YLR196W"
1974,1974,31,8.55212520311297e-05,"YGR239C"
716,716,31,4.27606260155649e-05,"YDR142C"
1831,1831,32,8.55212520311297e-05,"YEL053C"
571,571,32,4.27606260155649e-05,"YCR020C-A"
6,6,33,0.0015821431625759,"YDR394W"
162,162,33,0.00153938253656034,"YKL145W"
197,197,33,0.00119729752843582,"YHL030W"
180,180,33,0.00102625502437356,"YHR200W"
28,28,33,0.000940733772342427,"YFR052W"
521,521,33,0.000940733772342427,"YDR427W"
171,171,33,0.000940733772342427,"YFR004W"
7,7,33,0.000897973146326862,"YER021W"
29,29,33,0.000897973146326862,"YOR261C"
45,45,33,0.000897973146326862,"YOR117W"
213,213,33,0.000855212520311298,"YPR108W"
193,193,33,0.000855212520311298,"YOR259C"
172,172,33,0.000855212520311298,"YDL007W"
159,159,33,0.000812451894295733,"YDL097C"
244,244,33,0.000769691268280168,"YDL147W"
1994,1994,33,0.000726930642264603,"YGL048C"
400,400,33,0.000598648764217908,"YLR421C"
381,381,33,0.000513127512186778,"YGR232W"
487,487,33,0.000299324382108954,"YBR272C"
375,375,33,0.000213803130077824,"YIL128W"
1725,1725,33,0.000171042504062259,"YDL020C"
1990,1990,33,0.000128281878046695,"YIL075C"
1968,1968,33,4.27606260155649e-05,"YJL184W"
2119,2119,33,4.27606260155649e-05,"YIL007C"
247,247,34,0.00115453690242025,"YMR314W"
302,302,34,0.00102625502437356,"YER012W"
283,283,34,0.000641409390233473,"YGL011C"
104,104,34,0.000598648764217908,"YER094C"
355,355,34,0.000598648764217908,"YOR362C"
251,251,34,0.000555888138202343,"YGR135W"
266,266,34,0.000555888138202343,"YML092C"
610,610,34,0.000555888138202343,"YPR103W"
235,235,34,0.000513127512186778,"YOL038W"
332,332,34,0.000470366886171214,"YBL041W"
401,401,34,0.000427606260155649,"YJL001W"
1897,1897,34,0.000427606260155649,"YGR253C"
1185,1185,34,0.000342085008124519,"YFR050C"
1817,1817,34,4.27606260155649e-05,"YOR157C"
269,269,35,0.00149662191054477,"YKL104C"
1085,1085,35,0.000726930642264603,"YER110C"
305,305,35,0.000513127512186778,"YGL195W"
361,361,35,0.000256563756093389,"YDR385W"
1108,1108,35,0.000256563756093389,"YOR133W"
1370,1370,35,0.000213803130077824,"YFR009W"
2142,2142,35,0.000171042504062259,"YLR259C"
1889,1889,35,4.27606260155649e-05,"YDR170C"
429,429,36,0.00106901565038912,"YMR012W"
226,226,36,0.000641409390233473,"YJL138C"
1428,1428,36,0.000598648764217908,"YIL094C"
508,508,36,0.000342085008124519,"YNL085W"
412,412,36,0.000213803130077824,"YGR234W"
1918,1918,36,4.27606260155649e-05,"YAL036C"
837,837,37,0.00196698879671598,"YGL205W"
419,419,37,0.00179594629265372,"YDR036C"
1360,1360,37,0.00115453690242025,"YBR041W"
1061,1061,37,0.00111177627640469,"YOR093C"
331,331,37,0.00111177627640469,"YOR180C"
1065,1065,37,0.00111177627640469,"YBR222C"
868,868,37,0.00106901565038912,"YLR284C"
879,879,37,0.000940733772342427,"YPL028W"
922,922,37,0.000940733772342427,"YIL160C"
1110,1110,37,0.000897973146326862,"YOR040W"
1089,1089,37,0.000897973146326862,"YDR272W"
935,935,37,0.000769691268280168,"YAL054C"
1449,1449,37,0.000769691268280168,"YNL168C"
311,311,37,0.000684170016249038,"YLR153C"
1288,1288,37,0.000641409390233473,"YDR428C"
291,291,37,0.000641409390233473,"YGR263C"
1233,1233,37,0.000513127512186778,"YKR009C"
900,900,37,0.000470366886171214,"YDL168W"
719,719,37,0.000427606260155649,"YPR004C"
1047,1047,37,0.000427606260155649,"YGR207C"
1309,1309,37,0.000384845634140084,"YLR359W"
1492,1492,37,0.000299324382108954,"YER004W"
1482,1482,37,0.000299324382108954,"YMR090W"
390,390,37,0.000299324382108954,"YJR111C"
2201,2201,37,0.000256563756093389,"YBL098W"
1413,1413,37,0.000256563756093389,"YGR175C"
2199,2199,37,0.000256563756093389,"YGR255C"
1550,1550,37,0.000213803130077824,"YBR053C"
2162,2162,37,0.000171042504062259,"YGR121C"
1512,1512,37,0.000171042504062259,"YML075C"
895,895,37,0.000171042504062259,"YML126C"
1636,1636,37,0.000128281878046695,"YNR027W"
1779,1779,37,0.000128281878046695,"YEL029C"
1546,1546,37,0.000128281878046695,"YNL142W"
1555,1555,37,0.000128281878046695,"YLR450W"
1564,1564,37,0.000128281878046695,"YPR138C"
1481,1481,37,8.55212520311297e-05,"YDR384C"
1572,1572,37,8.55212520311297e-05,"YNR002C"
1458,1458,37,8.55212520311297e-05,"YCR010C"
1149,1149,37,8.55212520311297e-05,"YHR176W"
2202,2202,37,8.55212520311297e-05,"YML079W"
2299,2299,37,4.27606260155649e-05,"YIR031C"
2025,2025,37,4.27606260155649e-05,"YJL068C"
1617,1617,37,4.27606260155649e-05,"YNL117W"
1307,1307,37,4.27606260155649e-05,"YIR038C"
977,977,37,4.27606260155649e-05,"YOR102W"
970,970,37,4.27606260155649e-05,"YLR049C"
1054,1054,38,0.00248011630890276,"YIL147C"
937,937,38,0.00205251004874711,"YGL059W"
958,958,38,0.00205251004874711,"YIL042C"
2027,2027,38,0.000769691268280168,"YLR006C"
1526,1526,38,0.000769691268280168,"YFL033C"
1486,1486,38,0.000769691268280168,"YHR206W"
992,992,38,0.000641409390233473,"YHL016C"
789,789,38,0.000598648764217908,"Q0045"
801,801,38,0.000598648764217908,"Q0250"
969,969,38,0.000555888138202343,"Q0275"
1351,1351,38,0.000470366886171214,"YGR112W"
1435,1435,38,0.000427606260155649,"YDR076W"
833,833,38,0.000384845634140084,"YOR278W"
1244,1244,38,0.000384845634140084,"YLR281C"
1346,1346,38,0.000384845634140084,"YOL114C"
598,598,38,0.000342085008124519,"YFL045C"
1340,1340,38,0.000342085008124519,"YPR035W"
1429,1429,38,0.000299324382108954,"YPL160W"
2026,2026,38,0.000256563756093389,"YPL172C"
876,876,38,0.000256563756093389,"YDL235C"
1505,1505,38,0.000256563756093389,"YLR382C"
1313,1313,38,0.000213803130077824,"YPL132W"
2060,2060,38,0.000213803130077824,"YOR356W"
328,328,38,0.000213803130077824,"YGL156W"
1563,1563,38,0.000213803130077824,"YDR338C"
1547,1547,38,0.000213803130077824,"YHR032W"
2200,2200,38,0.000171042504062259,"YOR219C"
1445,1445,38,0.000171042504062259,"YHR028C"
1398,1398,38,0.000171042504062259,"YFR047C"
1363,1363,38,0.000171042504062259,"YER043C"
1392,1392,38,0.000128281878046695,"YBR024W"
2130,2130,38,0.000128281878046695,"YBR037C"
1286,1286,38,0.000128281878046695,"YGL256W"
902,902,38,4.27606260155649e-05,"YER141W"
1077,1077,38,4.27606260155649e-05,"YLR142W"
760,760,39,0.00153938253656034,"YPL231W"
728,728,39,0.00145386128452921,"YKL192C"
152,152,39,0.00128281878046695,"YKL182W"
752,752,39,0.00115453690242025,"YER061C"
1388,1388,39,0.000897973146326862,"YJR057W"
1035,1035,39,0.000855212520311298,"YHR208W"
1483,1483,39,0.000855212520311298,"YJR148W"
874,874,39,0.000769691268280168,"YMR024W"
878,878,39,0.000769691268280168,"YMR262W"
908,908,39,0.000769691268280168,"YBL055C"
1982,1982,39,0.000684170016249038,"YOR221C"
1201,1201,39,0.000684170016249038,"YPL148C"
1044,1044,39,0.000598648764217908,"YBR281C"
1090,1090,39,0.000555888138202343,"YCR003W"
1530,1530,39,0.000555888138202343,"YJL172W"
464,464,39,0.000555888138202343,"YFR044C"
1007,1007,39,0.000513127512186778,"YLR289W"
318,318,39,0.000470366886171214,"YMR239C"
888,888,39,0.000384845634140084,"YIR022W"
2021,2021,39,0.000299324382108954,"YMR035W"
1487,1487,39,0.000299324382108954,"YJR149W"
880,880,39,0.000299324382108954,"YMR150C"
1270,1270,39,0.000256563756093389,"YMR023C"
1598,1598,39,0.000213803130077824,"YGL154C"
129,129,39,0.000128281878046695,"YGR264C"
703,703,39,0.000128281878046695,"YGR171C"
2239,2239,39,4.27606260155649e-05,"YMR013C"
1621,1621,39,4.27606260155649e-05,"YJR010C-A"
1615,1615,39,4.27606260155649e-05,"YML055W"
1554,1554,39,4.27606260155649e-05,"YOR311C"
1443,1443,39,4.27606260155649e-05,"YLR177W"
1080,1080,39,4.27606260155649e-05,"YGL254W"
1488,1488,40,0.00115453690242025,"YHR088W"
191,191,40,0.00102625502437356,"YGR095C"
199,199,40,0.00102625502437356,"YGR195W"
237,237,40,0.00102625502437356,"YOL021C"
17,17,40,0.00102625502437356,"YGR158C"
31,31,40,0.000855212520311298,"YDR280W"
173,173,40,0.000855212520311298,"YDL111C"
181,181,40,0.000855212520311298,"YHR069C"
314,314,40,0.000855212520311298,"YOR001W"
1230,1230,40,0.000855212520311298,"YOL142W"
447,447,40,0.000726930642264603,"YNL075W"
1583,1583,40,0.000598648764217908,"YHR062C"
1150,1150,40,0.000598648764217908,"YPR043W"
1036,1036,40,0.000555888138202343,"YNL232W"
1397,1397,40,0.000555888138202343,"YMR121C"
439,439,40,0.000555888138202343,"YLR029C"
258,258,40,0.000555888138202343,"YCR035C"
1121,1121,40,0.000513127512186778,"YLR022C"
1082,1082,40,0.000513127512186778,"YOR076C"
461,461,40,0.000384845634140084,"YAL033W"
1885,1885,40,0.000171042504062259,"YML063W"
2205,2205,40,0.000171042504062259,"YLR441C"
1931,1931,40,4.27606260155649e-05,"YJL033W"
2144,2144,40,4.27606260155649e-05,"YHR143W-A"
838,838,41,0.00192422817070042,"YGL211W"
938,938,41,0.000983494398357992,"YNL256W"
5,5,41,0.000897973146326862,"YER090W"
688,688,41,0.000855212520311298,"YNR033W"
2080,2080,41,0.000769691268280168,"YJR017C"
898,898,41,0.000684170016249038,"YHR189W"
11,11,41,0.000641409390233473,"YGL026C"
731,731,41,0.000641409390233473,"YDR007W"
1378,1378,41,0.000555888138202343,"YNL073W"
1469,1469,41,0.000555888138202343,"YDR037W"
187,187,41,0.000555888138202343,"YDR158W"
853,853,41,0.000513127512186778,"YPR024W"
389,389,41,0.000513127512186778,"YGR267C"
857,857,41,0.000470366886171214,"YER017C"
1571,1571,41,0.000470366886171214,"YMR089C"
988,988,41,0.000427606260155649,"YOR236W"
1095,1095,41,0.000427606260155649,"YOR241W"
1134,1134,41,0.000427606260155649,"YMR113W"
1536,1536,41,0.000427606260155649,"YKL132C"
1041,1041,41,0.000384845634140084,"YKL211C"
918,918,41,0.000256563756093389,"YHL014C"
131,131,41,0.000256563756093389,"YDR354W"
865,865,41,0.000256563756093389,"YGR210C"
1259,1259,41,0.000256563756093389,"YDR336W"
1422,1422,41,0.000213803130077824,"YGR094W"
849,849,41,0.000171042504062259,"YBR227C"
1575,1575,41,0.000171042504062259,"YNL011C"
1430,1430,41,0.000128281878046695,"YLR401C"
1447,1447,41,0.000128281878046695,"YLR405W"
1520,1520,41,0.000128281878046695,"YNR015W"
1538,1538,41,0.000128281878046695,"YML080W"
1354,1354,41,0.000128281878046695,"YBL022C"
2056,2056,41,4.27606260155649e-05,"YOR074C"
1691,1691,41,4.27606260155649e-05,"YMR302C"
208,208,42,0.000769691268280168,"YLR447C"
862,862,42,0.000684170016249038,"YPL234C"
717,717,42,0.000684170016249038,"YHR026W"
774,774,42,0.000641409390233473,"Q0130"
767,767,42,0.000641409390233473,"YEL027W"
4,4,42,0.000555888138202343,"YOR332W"
1284,1284,42,0.000555888138202343,"YGL236C"
194,194,42,0.000555888138202343,"YBR127C"
127,127,42,0.000513127512186778,"YDR298C"
1830,1830,42,0.000513127512186778,"YEL051W"
765,765,42,0.000513127512186778,"YBL099W"
708,708,42,0.000513127512186778,"YDL004W"
699,699,42,0.000513127512186778,"YBR039W"
188,188,42,0.000513127512186778,"YGR020C"
134,134,42,0.000513127512186778,"YJR121W"
715,715,42,0.000427606260155649,"Q0085"
810,810,42,0.000256563756093389,"YMR054W"
196,196,42,0.000256563756093389,"YOR270C"
1556,1556,42,0.000256563756093389,"YDL141W"
1952,1952,42,8.55212520311297e-05,"YKL080W"
692,692,42,4.27606260155649e-05,"YHR060W"
860,860,42,4.27606260155649e-05,"YDR277C"
2031,2031,42,4.27606260155649e-05,"YOR028C"
147,147,43,0.00153938253656034,"YDL185W"
1250,1250,43,0.00128281878046695,"YDL227C"
761,761,43,0.000384845634140084,"YGR180C"
142,142,43,0.000256563756093389,"YJL026W"
1825,1825,43,0.000256563756093389,"YER070W"
759,759,43,0.000213803130077824,"YIL066C"
1218,1218,43,0.000128281878046695,"YGR246C"
1470,1470,43,0.000128281878046695,"YML096W"
1558,1558,43,0.000128281878046695,"YPR145W"
2195,2195,43,0.000128281878046695,"YGR124W"
536,536,43,8.55212520311297e-05,"YBR136W"
1696,1696,43,8.55212520311297e-05,"YGR271W"
1797,1797,43,8.55212520311297e-05,"YGL251C"
2293,2293,43,8.55212520311297e-05,"YER172C"
1701,1701,43,4.27606260155649e-05,"YDL101C"
887,887,44,0.000470366886171214,"YHR025W"
959,959,45,0.00102625502437356,"YPR033C"
933,933,45,0.00102625502437356,"YDR283C"
198,198,45,0.000940733772342427,"YKL067W"
195,195,45,0.000897973146326862,"YIL116W"
165,165,45,0.000855212520311298,"YCL030C"
940,940,45,0.000855212520311298,"YLL027W"
886,886,45,0.000855212520311298,"YPR067W"
1100,1100,45,0.000812451894295733,"YPL252C"
859,859,45,0.000684170016249038,"YLR231C"
204,204,45,0.000684170016249038,"YCL017C"
1984,1984,45,0.000598648764217908,"YBR248C"
2007,2007,45,0.000470366886171214,"YOR226C"
233,233,45,0.000470366886171214,"YPL135W"
514,514,45,0.000427606260155649,"YOR202W"
1179,1179,45,0.000427606260155649,"YGL018C"
1331,1331,45,0.000342085008124519,"YOR209C"
1154,1154,45,0.000299324382108954,"YKL040C"
923,923,45,0.000299324382108954,"YER055C"
755,755,45,0.000299324382108954,"YIL020C"
44,44,45,0.000256563756093389,"YGL220W"
1183,1183,45,0.000213803130077824,"YAL046C"
1191,1191,45,0.000213803130077824,"YPL059W"
2196,2196,45,0.000213803130077824,"YOL064C"
1807,1807,45,0.000171042504062259,"YDR098C"
278,278,45,0.000171042504062259,"YER174C"
2033,2033,45,0.000171042504062259,"YPL104W"
1405,1405,45,0.000128281878046695,"YDL033C"
732,732,46,0.000897973146326862,"YDR148C"
139,139,46,0.000769691268280168,"YBR221C"
157,157,46,0.000769691268280168,"YIL125W"
137,137,46,0.000684170016249038,"YNL071W"
164,164,46,0.000684170016249038,"YFL018C"
1451,1451,46,0.000684170016249038,"YDR441C"
391,391,46,0.000684170016249038,"YML022W"
1821,1821,46,0.000684170016249038,"YGR193C"
132,132,46,0.000684170016249038,"YER178W"
1123,1123,46,0.000641409390233473,"YPL091W"
816,816,46,0.000641409390233473,"YPL017C"
707,707,46,0.000598648764217908,"YLL041C"
1143,1143,46,0.000555888138202343,"YGR244C"
1601,1601,46,0.000513127512186778,"YJL046W"
276,276,46,0.000470366886171214,"YOR142W"
924,924,46,0.000427606260155649,"YOR196C"
718,718,46,0.000384845634140084,"YMR118C"
726,726,46,0.000384845634140084,"YKL141W"
1425,1425,46,0.000299324382108954,"YOL071W"
2207,2207,46,0.000299324382108954,"YOR095C"
1416,1416,46,0.000256563756093389,"YAL062W"
1534,1534,46,0.000213803130077824,"YOR375C"
706,706,46,0.000171042504062259,"YJR051W"
1537,1537,46,0.000171042504062259,"YKR079C"
705,705,46,0.000171042504062259,"YJL045W"
1972,1972,46,0.000171042504062259,"YEL047C"
709,709,46,0.000171042504062259,"YKL148C"
1540,1540,46,0.000128281878046695,"YLR109W"
1873,1873,46,0.000128281878046695,"YMR226C"
2030,2030,46,4.27606260155649e-05,"YLR239C"
2040,2040,46,4.27606260155649e-05,"YKL010C"
2222,2222,46,4.27606260155649e-05,"YOL008W"
1303,1303,46,4.27606260155649e-05,"YLR267W"
891,891,47,0.00102625502437356,"YBR029C"
910,910,47,0.000726930642264603,"YNL026W"
1243,1243,47,0.000684170016249038,"YPR113W"
1329,1329,47,0.000641409390233473,"YDL142C"
1155,1155,47,0.000641409390233473,"YNL072W"
745,745,47,0.000555888138202343,"YHR038W"
2113,2113,47,0.000513127512186778,"YBR042C"
1151,1151,47,0.000513127512186778,"YDR018C"
1092,1092,47,0.000470366886171214,"YDL052C"
735,735,47,0.000427606260155649,"YMR101C"
829,829,47,0.000427606260155649,"YER095W"
740,740,47,0.000427606260155649,"YDL193W"
734,734,47,0.000427606260155649,"YBR002C"
1222,1222,47,0.000342085008124519,"YDR004W"
1292,1292,47,0.000342085008124519,"YER179W"
1539,1539,47,0.000299324382108954,"YDR341C"
2194,2194,47,0.000299324382108954,"YHR091C"
1652,1652,47,0.000171042504062259,"YGR208W"
1552,1552,47,0.000128281878046695,"YDL166C"
2229,2229,47,0.000128281878046695,"YKL094W"
1533,1533,47,4.27606260155649e-05,"YCR037C"
1569,1569,47,4.27606260155649e-05,"YNR013C"
2240,2240,47,4.27606260155649e-05,"YJL198W"
568,568,48,0.00384845634140083,"YNL189W"
680,680,48,0.000983494398357992,"YML064C"
201,201,48,0.000641409390233473,"YLR347C"
1820,1820,48,0.000299324382108954,"YOL082W"
138,138,48,0.000213803130077824,"YKL103C"
741,741,48,0.000171042504062259,"YBR072W"
844,844,48,0.000171042504062259,"YGL040C"
570,570,48,0.000128281878046695,"YNL139C"
1114,1114,48,0.000128281878046695,"YNL044W"
896,896,48,0.000128281878046695,"YBR137W"
875,875,48,0.000128281878046695,"YLR377C"
811,811,48,0.000128281878046695,"YJL199C"
770,770,48,0.000128281878046695,"YOR284W"
797,797,48,8.55212520311297e-05,"YHR113W"
603,603,48,8.55212520311297e-05,"YAR002W"
1159,1159,48,8.55212520311297e-05,"YDR318W"
758,758,48,8.55212520311297e-05,"YOR020C"
863,863,48,8.55212520311297e-05,"YEL066W"
991,991,48,4.27606260155649e-05,"YPL088W"
1013,1013,48,4.27606260155649e-05,"YGL166W"
1099,1099,48,4.27606260155649e-05,"YCR076C"
725,725,48,4.27606260155649e-05,"YHL018W"
1135,1135,48,4.27606260155649e-05,"YDR100W"
1145,1145,48,4.27606260155649e-05,"YDR383C"
942,942,48,4.27606260155649e-05,"YNL331C"
1204,1204,48,4.27606260155649e-05,"YDR533C"
1256,1256,48,4.27606260155649e-05,"YOR115C"
1291,1291,48,4.27606260155649e-05,"YJR133W"
1295,1295,48,4.27606260155649e-05,"YHL009C"
1299,1299,48,4.27606260155649e-05,"YKL035W"
1365,1365,48,4.27606260155649e-05,"YJR056C"
1380,1380,48,4.27606260155649e-05,"YJR159W"
975,975,48,4.27606260155649e-05,"YCL040W"
86,86,49,0.00166766441460703,"YDR127W"
738,738,49,0.000598648764217908,"YOR111W"
831,831,49,0.000555888138202343,"YPR060C"
1219,1219,49,0.000555888138202343,"YJL121C"
583,583,49,0.000470366886171214,"YMR229C"
1109,1109,49,0.000384845634140084,"YDR196C"
313,313,49,0.000299324382108954,"YOR184W"
1600,1600,49,0.000299324382108954,"YOL080C"
1585,1585,49,0.000299324382108954,"YGL094C"
1535,1535,49,0.000299324382108954,"YBR166C"
1532,1532,49,0.000299324382108954,"YLR107W"
1252,1252,49,0.000299324382108954,"YGR276C"
1893,1893,49,0.000213803130077824,"YBR249C"
1232,1232,49,0.000213803130077824,"YNL316C"
1409,1409,49,0.000213803130077824,"YDR268W"
1432,1432,49,0.000213803130077824,"YOL097C"
2228,2228,49,0.000171042504062259,"YMR234W"
2208,2208,49,0.000128281878046695,"YDR035W"
1507,1507,49,0.000128281878046695,"YLR105C"
2197,2197,49,0.000128281878046695,"YAR008W"
1497,1497,49,8.55212520311297e-05,"YDR447C"
1473,1473,49,8.55212520311297e-05,"YML024W"
1439,1439,49,4.27606260155649e-05,"YDR044W"
1979,1979,49,4.27606260155649e-05,"YJR125C"
2099,2099,49,4.27606260155649e-05,"YOR330C"
1588,1588,49,4.27606260155649e-05,"YOR143C"
613,613,50,0.000855212520311298,"YNL088W"
932,932,50,0.000641409390233473,"YNR074C"
1245,1245,50,0.000641409390233473,"YLR058C"
354,354,50,0.000641409390233473,"YDR140W"
771,771,50,0.000598648764217908,"YNL063W"
1276,1276,50,0.000598648764217908,"YBR263W"
1434,1434,50,0.000427606260155649,"YGL169W"
775,775,50,0.000384845634140084,"YGL143C"
892,892,50,0.000342085008124519,"YHL032C"
1553,1553,50,0.000299324382108954,"YIL074C"
807,807,50,0.000299324382108954,"YPR088C"
1420,1420,50,0.000256563756093389,"YDL201W"
1457,1457,50,0.000256563756093389,"YDL174C"
1460,1460,50,0.000256563756093389,"YDL178W"
1465,1465,50,0.000256563756093389,"YEL071W"
2211,2211,50,0.000256563756093389,"YML086C"
2046,2046,50,0.000171042504062259,"YNL247W"
1519,1519,50,0.000128281878046695,"YPL079W"
1369,1369,50,0.000128281878046695,"YBR191W"
1859,1859,50,4.27606260155649e-05,"YNR046W"
1231,1231,50,4.27606260155649e-05,"YKR099W"
2212,2212,50,4.27606260155649e-05,"YPR118W"
263,263,51,0.00166766441460703,"YBR208C"
1169,1169,51,0.000641409390233473,"YER050C"
690,690,51,0.000598648764217908,"YKL003C"
754,754,51,0.000470366886171214,"YCR028C-A"
1496,1496,51,0.000427606260155649,"YDR353W"
724,724,51,0.000427606260155649,"YBL080C"
1423,1423,51,0.000427606260155649,"YHR106W"
1187,1187,51,0.000384845634140084,"YMR287C"
1475,1475,51,0.000384845634140084,"YDR293C"
723,723,51,0.000342085008124519,"YDR242W"
1977,1977,51,0.000342085008124519,"YMR293C"
1271,1271,51,0.000299324382108954,"YML021C"
984,984,51,0.000256563756093389,"YOR201C"
965,965,51,0.000256563756093389,"YDL112W"
1248,1248,51,0.000128281878046695,"YBL036C"
1731,1731,51,8.55212520311297e-05,"YGL085W"
2323,2323,51,4.27606260155649e-05,"YHR202W"
224,224,52,0.000940733772342427,"YER069W"
377,377,52,0.000726930642264603,"YER052C"
310,310,52,0.000641409390233473,"YHR018C"
1156,1156,52,0.000513127512186778,"YIR042C"
252,252,52,0.000470366886171214,"YJL088W"
434,434,52,0.000470366886171214,"YCR053W"
420,420,52,0.000427606260155649,"YLR438W"
1834,1834,52,0.000384845634140084,"YOL140W"
425,425,52,0.000384845634140084,"YPR191W"
184,184,52,0.000342085008124519,"YOL058W"
928,928,52,0.000342085008124519,"YGR019W"
396,396,52,0.000213803130077824,"YHR024C"
1595,1595,52,0.000213803130077824,"YLR163C"
39,39,52,0.000213803130077824,"YBL045C"
1298,1298,52,0.000171042504062259,"YMR250W"
1325,1325,52,0.000171042504062259,"YDR294C"
602,602,52,0.000128281878046695,"YNL135C"
476,476,52,0.000128281878046695,"YMR108W"
402,402,52,8.55212520311297e-05,"YPR054W"
2093,2093,52,8.55212520311297e-05,"YFL010C"
1951,1951,52,4.27606260155649e-05,"YNL023C"
32,32,53,0.000598648764217908,"YOR260W"
209,209,53,0.000598648764217908,"YDR211W"
998,998,53,0.000598648764217908,"YEL058W"
1067,1067,53,0.000598648764217908,"YMR278W"
16,16,53,0.000555888138202343,"YLR291C"
1838,1838,53,0.000427606260155649,"YPL237W"
250,250,53,0.000342085008124519,"YKR026C"
1033,1033,53,0.000342085008124519,"YDL055C"
1411,1411,53,0.000342085008124519,"YMR084W"
200,200,53,0.000299324382108954,"YGR083C"
236,236,53,0.000299324382108954,"YER025W"
1079,1079,53,0.000256563756093389,"YPL070W"
684,684,53,0.000256563756093389,"YLR245C"
1404,1404,53,0.000213803130077824,"YDR147W"
2198,2198,53,0.000213803130077824,"YLR133W"
1081,1081,53,0.000171042504062259,"YBR061C"
1107,1107,53,0.000171042504062259,"YGL136C"
1068,1068,53,0.000128281878046695,"YLR209C"
479,479,53,0.000128281878046695,"YER003C"
1153,1153,53,8.55212520311297e-05,"YGR024C"
1442,1442,53,8.55212520311297e-05,"YLR017W"
750,750,53,8.55212520311297e-05,"YOR155C"
945,945,53,8.55212520311297e-05,"YPR193C"
398,398,54,0.000940733772342427,"YJR109C"
995,995,54,0.000812451894295733,"YKL216W"
748,748,54,0.000726930642264603,"YJL130C"
1175,1175,54,0.000684170016249038,"YEL021W"
1087,1087,54,0.000470366886171214,"YIR027C"
1011,1011,54,0.000342085008124519,"YML106W"
1026,1026,54,0.000342085008124519,"YMR271C"
1385,1385,54,0.000342085008124519,"YDR539W"
756,756,54,0.000256563756093389,"YOR303W"
780,780,54,0.000256563756093389,"YML125C"
1022,1022,54,0.000213803130077824,"YBL076C"
1025,1025,54,0.000213803130077824,"YKL150W"
1055,1055,54,0.000213803130077824,"YIL043C"
2064,2064,54,0.000213803130077824,"YML087C"
1170,1170,54,0.000171042504062259,"YDR538W"
2065,2065,54,0.000171042504062259,"YPL040C"
2089,2089,54,0.000128281878046695,"YNR041C"
1589,1589,54,4.27606260155649e-05,"YIL137C"
1467,1467,54,4.27606260155649e-05,"YHR047C"
2230,2230,54,4.27606260155649e-05,"YKL157W"
2231,2231,54,4.27606260155649e-05,"YNL045W"
2306,2306,54,4.27606260155649e-05,"YBR021W"
1846,1846,55,0.00106901565038912,"YJR016C"
273,273,55,0.000684170016249038,"YLR355C"
529,529,55,0.000684170016249038,"YCL009C"
300,300,55,0.000470366886171214,"YGL009C"
373,373,55,0.000384845634140084,"YNL104C"
921,921,55,0.000384845634140084,"YDL182W"
268,268,55,0.000384845634140084,"YOR136W"
901,901,55,0.000342085008124519,"YOR108W"
1424,1424,55,0.000342085008124519,"YDL131W"
747,747,55,0.000256563756093389,"YCL018W"
1510,1510,55,0.000213803130077824,"YNL037C"
506,506,55,0.000171042504062259,"YKL218C"
1160,1160,55,0.000128281878046695,"YCL064C"
1361,1361,55,0.000128281878046695,"YIL167W"
288,288,55,0.000128281878046695,"YER086W"
585,585,55,4.27606260155649e-05,"YLR304C"
1602,1602,55,4.27606260155649e-05,"YKL106W"
2253,2253,55,4.27606260155649e-05,"YDR160W"
1051,1051,56,0.00115453690242025,"YNL123W"
858,858,56,0.000641409390233473,"YOL066C"
1396,1396,56,0.000470366886171214,"YNL218W"
1991,1991,56,0.000427606260155649,"YOL143C"
704,704,56,0.000342085008124519,"YBR153W"
736,736,56,0.000342085008124519,"YGL221C"
185,185,56,0.000299324382108954,"YBL033C"
2209,2209,56,0.000299324382108954,"YBL019W"
782,782,56,0.000256563756093389,"YDR487C"
1454,1454,56,0.000256563756093389,"YGR169C"
1491,1491,56,0.000256563756093389,"YDL036C"
1559,1559,56,0.000256563756093389,"YLR165C"
167,167,56,0.000256563756093389,"YBR256C"
1459,1459,56,0.000171042504062259,"YOL043C"
1527,1527,56,0.000171042504062259,"YAL015C"
2218,2218,56,0.000171042504062259,"YNL305C"
2108,2108,56,4.27606260155649e-05,"YNL105W"
2091,2091,56,4.27606260155649e-05,"YPR172W"
1419,1419,56,4.27606260155649e-05,"YNL320W"
1433,1433,57,0.00136834003249808,"YPL227C"
1568,1568,57,0.00119729752843582,"YPR183W"
1415,1415,57,0.000726930642264603,"YJR070C"
1531,1531,57,0.000256563756093389,"YOL095C"
1570,1570,57,0.000256563756093389,"YBR023C"
1548,1548,57,0.000256563756093389,"YLR308W"
1560,1560,57,0.000256563756093389,"YLR307W"
2139,2139,57,0.000171042504062259,"YBR038W"
374,374,57,0.000128281878046695,"YGL022W"
1408,1408,57,0.000128281878046695,"YNL192W"
417,417,57,0.000128281878046695,"YEL002C"
1785,1785,57,8.55212520311297e-05,"YLR189C"
2233,2233,57,8.55212520311297e-05,"YIR032C"
1665,1665,57,4.27606260155649e-05,"YMR149W"
1684,1684,57,4.27606260155649e-05,"YOR103C"
1722,1722,57,4.27606260155649e-05,"YJL002C"
1749,1749,57,4.27606260155649e-05,"YOR085W"
1240,1240,57,4.27606260155649e-05,"YPR106W"
2312,2312,57,4.27606260155649e-05,"YGL226C-A"
2328,2328,57,4.27606260155649e-05,"YBL082C"
1042,1042,58,0.000598648764217908,"YDL238C"
1350,1350,58,0.000555888138202343,"YOR131C"
1009,1009,58,0.000470366886171214,"YJR047C"
1843,1843,58,0.000470366886171214,"YEL034W"
259,259,58,0.000427606260155649,"YPL111W"
450,450,58,0.000342085008124519,"YGR204W"
1356,1356,58,0.000342085008124519,"YBR084W"
1306,1306,58,0.000299324382108954,"YHR046C"
1384,1384,58,0.000299324382108954,"YDR287W"
1964,1964,58,0.000213803130077824,"YEL041W"
662,662,58,0.000213803130077824,"YJR049C"
1464,1464,58,0.000171042504062259,"YKR080W"
1287,1287,58,0.000171042504062259,"YPL188W"
1242,1242,58,0.000171042504062259,"YDL236W"
1246,1246,58,0.000171042504062259,"YDL171C"
788,788,58,0.000128281878046695,"YDR376W"
1661,1661,58,8.55212520311297e-05,"YJL213W"
1499,1499,58,8.55212520311297e-05,"YOL096C"
2086,2086,58,4.27606260155649e-05,"YBR284W"
309,309,59,0.000983494398357992,"YGL245W"
329,329,59,0.000769691268280168,"YPL266W"
523,523,59,0.000384845634140084,"YBR025C"
1431,1431,59,0.000342085008124519,"YOR168W"
1517,1517,59,0.000342085008124519,"YOL033W"
721,721,59,0.000299324382108954,"YDR115W"
956,956,59,0.000299324382108954,"YER154W"
1880,1880,59,0.000256563756093389,"YKL081W"
1709,1709,59,0.000213803130077824,"YLR234W"
1448,1448,59,0.000128281878046695,"YBR121C"
1461,1461,59,0.000128281878046695,"YPR081C"
411,411,59,8.55212520311297e-05,"YAL003W"
1136,1136,60,0.000555888138202343,"YOR274W"
1514,1514,60,0.000555888138202343,"YNL220W"
698,698,60,0.000470366886171214,"YEL015W"
1200,1200,60,0.000470366886171214,"YMR178W"
1212,1212,60,0.000427606260155649,"YKL151C"
1119,1119,60,0.000299324382108954,"YGR231C"
1186,1186,60,0.000299324382108954,"YGR132C"
702,702,60,0.000213803130077824,"YNL200C"
1106,1106,60,0.000171042504062259,"YLR035C"
1189,1189,60,0.000171042504062259,"YNL082W"
1317,1317,60,0.000171042504062259,"YPL164C"
2106,2106,60,0.000171042504062259,"YMR167W"
148,148,61,0.00248011630890276,"YNR016C"
393,393,61,0.000555888138202343,"YBR218C"
1157,1157,61,0.000427606260155649,"YGL062W"
1522,1522,61,0.000128281878046695,"YLR174W"
1591,1591,61,0.000128281878046695,"YNL009W"
1874,1874,61,0.000128281878046695,"YDL066W"
1900,1900,61,8.55212520311297e-05,"YJR064W"
1421,1421,62,0.000598648764217908,"YJR137C"
203,203,62,0.000384845634140084,"YPR167C"
350,350,62,0.000384845634140084,"YKR069W"
852,852,62,0.000384845634140084,"YDL045C"
326,326,62,0.000256563756093389,"YKL001C"
114,114,62,0.000256563756093389,"YFR030W"
1139,1139,62,0.000213803130077824,"YBR213W"
1002,1002,62,0.000213803130077824,"YJR010W"
1028,1028,62,0.000171042504062259,"YPR048W"
996,996,62,0.000171042504062259,"YHR042W"
1485,1485,62,0.000128281878046695,"YCR059C"
1576,1576,62,0.000128281878046695,"YKR050W"
1580,1580,62,0.000128281878046695,"YDL177C"
2206,2206,62,0.000128281878046695,"YJL129C"
1208,1208,62,4.27606260155649e-05,"YHR156C"
1502,1502,62,4.27606260155649e-05,"YBR207W"
1582,1582,62,4.27606260155649e-05,"YER145C"
1399,1399,63,0.000555888138202343,"YPL069C"
1337,1337,63,0.000513127512186778,"YBR003W"
1342,1342,63,0.000513127512186778,"YJL167W"
1865,1865,63,0.000513127512186778,"YHR020W"
1227,1227,63,0.000427606260155649,"YJR117W"
1122,1122,63,0.000342085008124519,"YDL205C"
1197,1197,63,0.000342085008124519,"YKR087C"
1198,1198,63,0.000342085008124519,"YER087W"
1330,1330,63,8.55212520311297e-05,"YJR077C"
627,627,64,0.000555888138202343,"YHR111W"
894,894,64,0.000555888138202343,"YOR285W"
2043,2043,64,0.000470366886171214,"YOR286W"
442,442,64,0.000384845634140084,"YGR155W"
1450,1450,64,0.000299324382108954,"YGR012W"
1578,1578,64,0.000256563756093389,"YGL252C"
1264,1264,64,0.000213803130077824,"YOL059W"
1349,1349,64,0.000213803130077824,"YDL022W"
1495,1495,64,0.000213803130077824,"YPL279C"
1503,1503,64,0.000213803130077824,"YOR390W"
1594,1594,64,8.55212520311297e-05,"YOR251C"
2210,2210,64,8.55212520311297e-05,"YNL040W"
1960,1960,64,4.27606260155649e-05,"YIL008W"
1819,1819,65,0.000555888138202343,"YGL105W"
339,339,65,0.000427606260155649,"YIL078W"
1209,1209,65,0.000427606260155649,"YKL194C"
121,121,65,0.000299324382108954,"YFL022C"
122,122,65,0.000299324382108954,"YNR012W"
628,628,65,0.000256563756093389,"YPR047W"
691,691,65,0.000256563756093389,"YLR060W"
870,870,65,0.000256563756093389,"YNL122C"
1586,1586,65,0.000213803130077824,"YHR128W"
484,484,65,0.000171042504062259,"YJL080C"
1359,1359,65,0.000171042504062259,"YNL129W"
1818,1818,65,0.000171042504062259,"YDR020C"
346,346,66,0.00111177627640469,"YAL035W"
819,819,66,0.000726930642264603,"YOL023W"
997,997,66,0.000470366886171214,"YDR236C"
673,673,66,0.000342085008124519,"YOR167C"
967,967,66,0.000299324382108954,"YLR264W"
961,961,66,0.000256563756093389,"YGL031C"
946,946,66,0.000213803130077824,"YGR148C"
1895,1895,66,8.55212520311297e-05,"YOL078W"
1103,1103,67,0.000855212520311298,"YIL154C"
494,494,67,0.000513127512186778,"YIL033C"
1117,1117,67,0.000342085008124519,"YML059C"
768,768,67,0.000213803130077824,"YJL093C"
1269,1269,67,0.000171042504062259,"YNL036W"
840,840,67,0.000171042504062259,"YDR270W"
855,855,67,0.000171042504062259,"YBR295W"
56,56,67,0.000128281878046695,"YPL203W"
2010,2010,67,0.000128281878046695,"YMR038C"
854,854,67,8.55212520311297e-05,"YNL259C"
1258,1258,67,8.55212520311297e-05,"YPR003C"
211,211,67,8.55212520311297e-05,"YJL164C"
1278,1278,67,8.55212520311297e-05,"YLR092W"
1343,1343,67,8.55212520311297e-05,"YBR294W"
1518,1518,67,8.55212520311297e-05,"YPL092W"
1574,1574,67,8.55212520311297e-05,"YJL094C"
10,10,67,8.55212520311297e-05,"YKL166C"
2155,2155,67,8.55212520311297e-05,"YGR125W"
1719,1719,67,4.27606260155649e-05,"YJR040W"
1456,1456,68,0.000897973146326862,"YML004C"
985,985,68,0.000684170016249038,"YJL218W"
1294,1294,68,0.000513127512186778,"YPR073C"
1444,1444,68,0.000171042504062259,"YOR137C"
1494,1494,68,0.000171042504062259,"YOR171C"
1500,1500,68,0.000171042504062259,"YBR243C"
1508,1508,68,0.000171042504062259,"YLR361C"
1426,1426,68,0.000128281878046695,"YPR201W"
1567,1567,68,0.000128281878046695,"YLR260W"
1300,1300,68,4.27606260155649e-05,"YLR118C"
1441,1441,68,4.27606260155649e-05,"YHR029C"
2215,2215,68,4.27606260155649e-05,"YLR056W"
2216,2216,68,4.27606260155649e-05,"YDR297W"
2217,2217,68,4.27606260155649e-05,"YGR060W"
2223,2223,68,4.27606260155649e-05,"YDR171W"
848,848,68,4.27606260155649e-05,"YOR034C"
432,432,69,0.000983494398357992,"YGR240C"
92,92,69,0.000384845634140084,"YMR205C"
949,949,69,0.000299324382108954,"YAL038W"
1596,1596,69,0.000299324382108954,"YOL126C"
2037,2037,69,0.000299324382108954,"YOR347C"
1551,1551,69,0.000256563756093389,"YDL078C"
1597,1597,69,0.000256563756093389,"YKL085W"
1471,1471,69,0.000171042504062259,"YMR177W"
2220,2220,69,0.000171042504062259,"YPL224C"
1147,1147,70,0.00106901565038912,"YHR009C"
897,897,70,0.000684170016249038,"YPL214C"
832,832,70,0.000256563756093389,"YGR144W"
545,545,70,0.000213803130077824,"YPL258C"
1946,1946,70,0.000171042504062259,"YPR121W"
914,914,70,0.000128281878046695,"YOL055C"
1249,1249,70,8.55212520311297e-05,"YGL186C"
1403,1403,70,8.55212520311297e-05,"YER060W-A"
1452,1452,70,8.55212520311297e-05,"YLR207W"
2149,2149,70,8.55212520311297e-05,"YER060W"
2154,2154,70,8.55212520311297e-05,"YER056C"
1412,1412,70,4.27606260155649e-05,"YCR020C"
1926,1926,70,4.27606260155649e-05,"YGR154C"
2110,2110,70,4.27606260155649e-05,"YOR359W"
982,982,71,0.000726930642264603,"YMR300C"
744,744,71,0.000384845634140084,"YOR128C"
301,301,71,0.000342085008124519,"YGL234W"
820,820,71,0.000342085008124519,"YAR015W"
1850,1850,71,0.000299324382108954,"YGR061C"
787,787,71,0.000256563756093389,"YDR408C"
371,371,71,0.000213803130077824,"YMR120C"
971,971,71,0.000213803130077824,"YLR028C"
1516,1516,71,4.27606260155649e-05,"YML105C"
1993,1993,71,4.27606260155649e-05,"YDR271C"
2082,2082,71,4.27606260155649e-05,"YEL018W"
2120,2120,71,4.27606260155649e-05,"YLR185W"
2121,2121,71,4.27606260155649e-05,"YDR500C"
1414,1414,72,0.000470366886171214,"YLR143W"
1027,1027,72,0.000427606260155649,"YGL037C"
1501,1501,72,0.000427606260155649,"YER057C"
1565,1565,72,0.000427606260155649,"YIL051C"
1235,1235,72,0.000384845634140084,"YGL091C"
1389,1389,72,0.000384845634140084,"YIL003W"
1544,1544,72,0.000213803130077824,"YPL206C"
1557,1557,72,0.000213803130077824,"YPL110C"
824,824,73,0.00102625502437356,"YBL013W"
803,803,73,0.000726930642264603,"YDR454C"
1336,1336,73,0.000256563756093389,"YKR072C"
1034,1034,73,0.000213803130077824,"YBR252W"
823,823,73,0.000171042504062259,"YNL022C"
2002,2002,73,0.000171042504062259,"YBL024W"
1220,1220,73,0.000128281878046695,"YKL088W"
1275,1275,73,0.000128281878046695,"YOR054C"
1282,1282,73,0.000128281878046695,"YIL083C"
1498,1498,74,0.000513127512186778,"YER171W"
1437,1437,74,0.000427606260155649,"YJR139C"
1513,1513,74,0.000427606260155649,"YPL008W"
522,522,74,0.000342085008124519,"YLL018C"
1911,1911,74,0.000256563756093389,"YHR019C"
1410,1410,74,0.000213803130077824,"YDR111C"
1468,1468,74,0.000213803130077824,"YJL060W"
1515,1515,74,0.000213803130077824,"YLR089C"
1545,1545,74,0.000171042504062259,"YCR024C"
510,510,74,8.55212520311297e-05,"YAL012W"
1226,1226,75,0.000470366886171214,"YKL184W"
1146,1146,75,0.000427606260155649,"YJR024C"
1478,1478,75,0.000299324382108954,"YFL030W"
1338,1338,75,0.000213803130077824,"YER037W"
1364,1364,75,0.000213803130077824,"YMR130W"
1390,1390,75,0.000213803130077824,"YMR009W"
1476,1476,75,0.000213803130077824,"YEL038W"
1521,1521,75,0.000213803130077824,"YGL224C"
1484,1484,75,0.000171042504062259,"YHR012W"
2224,2224,75,0.000171042504062259,"YDL219W"
1581,1581,75,4.27606260155649e-05,"YDR109C"
2138,2138,75,4.27606260155649e-05,"YNR050C"
2214,2214,75,4.27606260155649e-05,"YNL249C"
1561,1561,76,0.000513127512186778,"YCL004W"
1440,1440,76,0.000470366886171214,"YKR031C"
33,33,76,0.000342085008124519,"YMR193W"
183,183,76,0.000299324382108954,"YAL044C"
1387,1387,76,0.000171042504062259,"YDR019C"
1525,1525,76,0.000171042504062259,"YHR179W"
2053,2053,76,0.000171042504062259,"YPL171C"
472,472,76,0.000128281878046695,"YBR282W"
1599,1599,76,0.000128281878046695,"YBR022W"
169,169,76,8.55212520311297e-05,"YMR189W"
630,630,77,0.000641409390233473,"YDL239C"
904,904,77,0.000342085008124519,"YBR270C"
742,742,77,0.000299324382108954,"YPL124W"
973,973,77,0.000213803130077824,"YDL203C"
713,713,77,0.000171042504062259,"YPL255W"
563,563,77,0.000128281878046695,"YLR371W"
1280,1280,77,8.55212520311297e-05,"YML042W"
2005,2005,77,8.55212520311297e-05,"YGR058W"
477,477,77,8.55212520311297e-05,"YER093C"
739,739,77,8.55212520311297e-05,"YIL105C"
1386,1386,77,4.27606260155649e-05,"YEL062W"
1607,1607,77,4.27606260155649e-05,"YGR070W"
2059,2059,77,4.27606260155649e-05,"YHR184W"
2061,2061,77,4.27606260155649e-05,"YDR273W"
2090,2090,77,4.27606260155649e-05,"YLR072W"
2114,2114,77,4.27606260155649e-05,"YOR324C"
2129,2129,77,4.27606260155649e-05,"YAL028W"
769,769,78,0.000384845634140084,"YCR036W"
1367,1367,78,0.000384845634140084,"YMR315W"
1438,1438,78,0.000384845634140084,"YML051W"
1238,1238,78,0.000342085008124519,"YCR019W"
1255,1255,78,0.000342085008124519,"YJR105W"
1257,1257,78,0.000213803130077824,"YEL070W"
1335,1335,78,0.000213803130077824,"YNR073C"
2221,2221,78,0.000128281878046695,"YIL162W"
2165,2165,79,0.000684170016249038,"YGR194C"
1312,1312,79,0.000384845634140084,"YBR019C"
1093,1093,79,0.000213803130077824,"YBR018C"
1328,1328,79,0.000213803130077824,"YHR210C"
1381,1381,79,0.000213803130077824,"YNR071C"
1113,1113,79,0.000171042504062259,"YDR009W"
1358,1358,79,0.000171042504062259,"YBR020W"
1480,1480,79,8.55212520311297e-05,"YHR183W"
1446,1446,79,8.55212520311297e-05,"YIL155C"
1453,1453,79,4.27606260155649e-05,"YOL137W"
1592,1592,80,0.000384845634140084,"YBR196C"
800,800,80,0.000342085008124519,"YBR176W"
1094,1094,80,0.000342085008124519,"YNL241C"
1180,1180,80,0.000299324382108954,"YER168C"
909,909,80,0.000171042504062259,"YIL145C"
766,766,80,0.000128281878046695,"YHR163W"
773,773,80,0.000128281878046695,"YGR248W"
777,777,80,0.000128281878046695,"YCR073W-A"
778,778,80,0.000128281878046695,"YNR034W"
1466,1466,80,8.55212520311297e-05,"YGR256W"
548,548,81,0.000812451894295733,"YKL060C"
280,280,81,0.000427606260155649,"YCR012W"
1024,1024,81,0.000299324382108954,"YDR050C"
1379,1379,81,0.000171042504062259,"YGR192C"
1987,1987,81,0.000128281878046695,"YJL052W"
1989,1989,81,0.000128281878046695,"YJR009C"
1928,1928,81,4.27606260155649e-05,"YKL152C"
2225,2225,81,4.27606260155649e-05,"YHR144C"
1528,1528,82,0.000641409390233473,"YOL060C"
990,990,82,0.000384845634140084,"YML110C"
1406,1406,82,0.000213803130077824,"YBR094W"
1949,1949,82,0.000213803130077824,"YDR023W"
2191,2191,82,0.000171042504062259,"YHR011W"
1016,1016,82,4.27606260155649e-05,"YGL119W"
1037,1037,82,4.27606260155649e-05,"YPL109C"
2058,2058,82,4.27606260155649e-05,"YLR253W"
2236,2236,82,4.27606260155649e-05,"YHR201C"
1140,1140,82,4.27606260155649e-05,"YOR243C"
558,558,83,0.000384845634140084,"YDR074W"
861,861,83,0.000213803130077824,"YPR026W"
899,899,83,0.000128281878046695,"YIL053W"
913,913,83,8.55212520311297e-05,"YHR044C"
916,916,83,8.55212520311297e-05,"YHR043C"
2019,2019,83,8.55212520311297e-05,"YER062C"
240,240,83,4.27606260155649e-05,"YMR261C"
1933,1933,83,4.27606260155649e-05,"YLL026W"
2049,2049,83,4.27606260155649e-05,"YPL201C"
48,48,84,0.000213803130077824,"YBR126C"
444,444,84,0.000128281878046695,"YMR105C"
239,239,84,8.55212520311297e-05,"YML100W"
1864,1864,84,8.55212520311297e-05,"YDL124W"
1835,1835,85,8.55212520311297e-05,"YPR160W"
227,227,85,4.27606260155649e-05,"YEL011W"
962,962,86,0.000555888138202343,"YNR058W"
929,929,86,0.000256563756093389,"YGR286C"
825,825,86,0.000213803130077824,"YNR057C"
830,830,86,0.000213803130077824,"YDR062W"
2003,2003,86,0.000213803130077824,"YDR232W"
2004,2004,86,0.000213803130077824,"YMR296C"
1217,1217,87,0.000555888138202343,"YGR021W"
711,711,87,0.000256563756093389,"YFL059W"
356,356,87,0.000128281878046695,"YNL333W"
524,524,87,0.000128281878046695,"YMR095C"
1071,1071,87,0.000128281878046695,"YNL334C"
1916,1916,87,0.000128281878046695,"YMR096W"
2226,2226,87,4.27606260155649e-05,"YFL060C"
103,103,88,0.000855212520311298,"YER081W"
1199,1199,88,4.27606260155649e-05,"YDR105C"
1290,1290,88,4.27606260155649e-05,"YPR126C"
1319,1319,88,4.27606260155649e-05,"YNL054W-B"
2076,2076,88,4.27606260155649e-05,"YPR136C"
2087,2087,88,4.27606260155649e-05,"YBR155W"
2097,2097,88,4.27606260155649e-05,"YOR318C"
2118,2118,88,4.27606260155649e-05,"YPL233W"
2153,2153,88,4.27606260155649e-05,"YDR005C"
2159,2159,88,4.27606260155649e-05,"YDR194C"
2173,2173,88,4.27606260155649e-05,"YAL060W"
1008,1008,89,0.000769691268280168,"YBR115C"
1315,1315,89,8.55212520311297e-05,"YPL189W"
1697,1697,89,8.55212520311297e-05,"YMR246W"
2109,2109,89,8.55212520311297e-05,"YOR317W"
2132,2132,89,8.55212520311297e-05,"YGL084C"
2270,2270,89,4.27606260155649e-05,"YIL009W"
2300,2300,89,4.27606260155649e-05,"YLR195C"
2313,2313,89,4.27606260155649e-05,"YER015W"
2187,2187,90,0.000256563756093389,"YGR101W"
1427,1427,90,0.000213803130077824,"YPL246C"
1590,1590,90,0.000213803130077824,"YER183C"
2227,2227,90,0.000213803130077824,"YGR062C"
1504,1504,90,0.000128281878046695,"YNL155W"
1593,1593,90,0.000128281878046695,"YOR052C"
1391,1391,90,4.27606260155649e-05,"YHL021C"
405,405,91,0.000342085008124519,"YOL086C"
1366,1366,91,0.000171042504062259,"YMR186W"
1740,1740,91,0.000171042504062259,"YNL064C"
478,478,91,0.000128281878046695,"YHR174W"
1896,1896,91,0.000128281878046695,"YLR044C"
2103,2103,91,8.55212520311297e-05,"YLR249W"
1711,1711,91,4.27606260155649e-05,"YPL240C"
2370,2370,91,4.27606260155649e-05,"YOR027W"
1138,1138,92,0.000299324382108954,"YGL148W"
1003,1003,92,0.000299324382108954,"YPR074C"
1020,1020,92,0.000299324382108954,"YBR117C"
2067,2067,92,8.55212520311297e-05,"YGR043C"
2077,2077,92,8.55212520311297e-05,"YLR354C"
669,669,93,0.000299324382108954,"YMR217W"
549,549,93,0.000256563756093389,"YBL039C"
234,234,93,0.000128281878046695,"YHR216W"
1579,1579,93,0.000128281878046695,"YJR103W"
330,330,93,8.55212520311297e-05,"YLR432W"
989,989,93,4.27606260155649e-05,"YML056C"
1966,1966,93,4.27606260155649e-05,"YLR126C"
2036,2036,93,4.27606260155649e-05,"YAR073W"
357,357,94,0.000513127512186778,"YJL005W"
533,533,94,0.000171042504062259,"YNL138W"
1919,1919,94,8.55212520311297e-05,"YGR233C"
1792,1792,94,4.27606260155649e-05,"YNL116W"
2276,2276,94,4.27606260155649e-05,"YLR238W"
2277,2277,94,4.27606260155649e-05,"YHR115C"
2279,2279,94,4.27606260155649e-05,"YDR200C"
1474,1474,95,0.000256563756093389,"YLR011W"
2213,2213,95,0.000256563756093389,"YLL057C"
1509,1509,95,8.55212520311297e-05,"YNL332W"
1524,1524,95,8.55212520311297e-05,"YJR156C"
1529,1529,95,8.55212520311297e-05,"YDL244W"
1587,1587,95,8.55212520311297e-05,"YFL058W"
1523,1523,95,4.27606260155649e-05,"YDR403W"
70,70,96,0.000513127512186778,"YOL149W"
497,497,96,0.000128281878046695,"YML091C"
608,608,96,0.000128281878046695,"YLR398C"
1954,1954,96,8.55212520311297e-05,"YPR189W"
520,520,97,0.000342085008124519,"YBR103W"
2241,2241,97,0.000171042504062259,"YGL178W"
61,61,97,8.55212520311297e-05,"YIL112W"
340,340,97,8.55212520311297e-05,"YCR033W"
1604,1604,97,8.55212520311297e-05,"YGL023C"
2156,2156,97,8.55212520311297e-05,"YJR141W"
722,722,98,0.000213803130077824,"YGL153W"
783,783,98,8.55212520311297e-05,"YDL139C"
1956,1956,98,8.55212520311297e-05,"YIR034C"
626,626,98,4.27606260155649e-05,"YDR256C"
1005,1005,99,0.000171042504062259,"YER091C"
1462,1462,99,8.55212520311297e-05,"YPR062W"
1668,1668,99,8.55212520311297e-05,"YJL035C"
1062,1062,99,4.27606260155649e-05,"YGL125W"
2069,2069,99,4.27606260155649e-05,"YPL023C"
934,934,100,0.000256563756093389,"YPR002W"
943,943,100,4.27606260155649e-05,"YPR001W"
952,952,100,4.27606260155649e-05,"YNR001C"
2034,2034,100,4.27606260155649e-05,"YCR005C"
504,504,101,0.000128281878046695,"YLR293C"
1898,1898,101,8.55212520311297e-05,"YJR074W"
483,483,101,4.27606260155649e-05,"YOR185C"
246,246,102,0.000128281878046695,"YER026C"
1839,1839,102,4.27606260155649e-05,"YNL169C"
2052,2052,102,4.27606260155649e-05,"YGR170W"
851,851,103,0.000128281878046695,"YER042W"
2014,2014,103,4.27606260155649e-05,"YCL033C"
763,763,104,0.000128281878046695,"YKL130C"
1986,1986,104,4.27606260155649e-05,"YJL048C"
864,864,105,8.55212520311297e-05,"YDR453C"
2057,2057,105,4.27606260155649e-05,"YIL039W"
676,676,106,8.55212520311297e-05,"YDL161W"
1667,1667,106,4.27606260155649e-05,"YLR206W"
242,242,107,0.00239459505687163,"YDL029W"
1790,1790,107,0.00192422817070042,"YBR234C"
66,66,107,0.000256563756093389,"YLR370C"
212,212,107,0.000256563756093389,"YNR035C"
225,225,107,0.000256563756093389,"YJR065C"
289,289,107,0.000256563756093389,"YKL013C"
1472,1472,107,0.000256563756093389,"YBL061C"
23,23,107,0.000256563756093389,"YIL062C"
1213,1213,107,0.000171042504062259,"YCL037C"
2264,2264,107,0.000171042504062259,"YLR330W"
1716,1716,107,0.000171042504062259,"YNL298W"
1720,1720,107,0.000128281878046695,"YHR142W"
2263,2263,107,0.000128281878046695,"YOR216C"
1773,1773,107,0.000128281878046695,"YJR075W"
1726,1726,107,0.000128281878046695,"YNL233W"
1645,1645,107,0.000128281878046695,"YBL062W"
1676,1676,107,8.55212520311297e-05,"YEL031W"
1610,1610,107,8.55212520311297e-05,"YJR032W"
1623,1623,107,8.55212520311297e-05,"YLR111W"
2256,2256,107,8.55212520311297e-05,"YBR171W"
1801,1801,107,8.55212520311297e-05,"YJL099W"
1644,1644,107,8.55212520311297e-05,"YDR310C"
1767,1767,107,8.55212520311297e-05,"YER149C"
1766,1766,107,8.55212520311297e-05,"YER083C"
1646,1646,107,8.55212520311297e-05,"YNL322C"
1669,1669,107,8.55212520311297e-05,"YJR118C"
1694,1694,107,8.55212520311297e-05,"YJL183W"
1769,1769,107,4.27606260155649e-05,"YHL027W"
1732,1732,107,4.27606260155649e-05,"YMR198W"
1727,1727,107,4.27606260155649e-05,"YMR109W"
2259,2259,107,4.27606260155649e-05,"YIL095W"
2260,2260,107,4.27606260155649e-05,"YKR042W"
2262,2262,107,4.27606260155649e-05,"YAL013W"
2371,2371,107,4.27606260155649e-05,"YER122C"
282,282,108,0.0024373556828872,"YER016W"
1730,1730,108,0.000940733772342427,"YEL061C"
1040,1040,108,0.000470366886171214,"YMR294W"
919,919,108,0.000427606260155649,"YHR129C"
1692,1692,108,0.000299324382108954,"YCL029C"
1707,1707,108,0.000299324382108954,"YKR054C"
1678,1678,108,0.000213803130077824,"YFL037W"
1733,1733,108,0.000213803130077824,"YPL269W"
815,815,108,0.000171042504062259,"YDR488C"
1999,1999,108,0.000171042504062259,"YPL174C"
2083,2083,108,0.000171042504062259,"YOR026W"
2288,2288,108,0.000171042504062259,"YDR150W"
1688,1688,108,0.000171042504062259,"YGL216W"
1686,1686,108,0.000171042504062259,"YPR141C"
2295,2295,108,0.000128281878046695,"YJL030W"
1794,1794,108,0.000128281878046695,"YLR305C"
1038,1038,108,0.000128281878046695,"YGR188C"
2321,2321,108,8.55212520311297e-05,"YGL086W"
2322,2322,108,8.55212520311297e-05,"YJL013C"
587,587,108,8.55212520311297e-05,"YGR270W"
2294,2294,108,8.55212520311297e-05,"YOR195W"
2287,2287,108,4.27606260155649e-05,"YLR045C"
1649,1649,108,4.27606260155649e-05,"YCL061C"
1650,1650,108,4.27606260155649e-05,"YLR085C"
2356,2356,108,4.27606260155649e-05,"YLR381W"
836,836,108,4.27606260155649e-05,"YPR083W"
2324,2324,108,4.27606260155649e-05,"YPL209C"
2357,2357,108,4.27606260155649e-05,"YJR053W"
2358,2358,108,4.27606260155649e-05,"YDR289C"
2320,2320,108,4.27606260155649e-05,"YPL155C"
2359,2359,108,4.27606260155649e-05,"YBR095C"
2368,2368,108,4.27606260155649e-05,"YCL016C"
2360,2360,108,4.27606260155649e-05,"YBR107C"
2361,2361,108,4.27606260155649e-05,"YNL170W"
1763,1763,108,4.27606260155649e-05,"YGL116W"
2362,2362,108,4.27606260155649e-05,"YHR191C"
2363,2363,108,4.27606260155649e-05,"YBR231C"
2364,2364,108,4.27606260155649e-05,"YNL215W"
1647,1647,108,4.27606260155649e-05,"YDL028C"
2365,2365,108,4.27606260155649e-05,"YNL307C"
2367,2367,108,4.27606260155649e-05,"YML016C"
98,98,109,0.000769691268280168,"YOR326W"
87,87,109,0.000384845634140084,"YLR166C"
1752,1752,109,0.000342085008124519,"YOR122C"
1680,1680,109,0.000299324382108954,"YFL005W"
1634,1634,109,0.000171042504062259,"YKL079W"
1789,1789,109,0.000171042504062259,"YNL272C"
1813,1813,109,0.000171042504062259,"YPR055W"
592,592,109,0.000128281878046695,"YHR023W"
606,606,109,0.000128281878046695,"YER008C"
1718,1718,109,0.000128281878046695,"YGR009C"
1853,1853,109,0.000128281878046695,"YGL233W"
620,620,109,8.55212520311297e-05,"YIL068C"
1947,1947,109,8.55212520311297e-05,"YDR166C"
2307,2307,109,4.27606260155649e-05,"YDR164C"
517,517,110,0.000213803130077824,"YOR035C"
1848,1848,110,0.000213803130077824,"YGL106W"
547,547,110,0.000171042504062259,"YBR109C"
290,290,110,0.000128281878046695,"YAL029C"
325,325,110,8.55212520311297e-05,"YBR130C"
1943,1943,111,0.000299324382108954,"YJL187C"
1762,1762,111,0.000256563756093389,"YNL079C"
2298,2298,111,0.000128281878046695,"YOL076W"
589,589,111,4.27606260155649e-05,"YBR133C"
1703,1703,112,0.000598648764217908,"YDR129C"
118,118,112,0.000470366886171214,"YDR388W"
597,597,112,0.000384845634140084,"YBL007C"
1734,1734,112,0.000299324382108954,"YFL039C"
1886,1886,112,0.000256563756093389,"YIL034C"
424,424,112,0.000213803130077824,"YOR181W"
1914,1914,112,0.000213803130077824,"YLR337C"
2257,2257,112,0.000213803130077824,"YNL243W"
443,443,112,0.000171042504062259,"YKL007W"
804,804,112,0.000171042504062259,"YGR136W"
993,993,112,0.000171042504062259,"YCR009C"
1717,1717,112,0.000128281878046695,"YCR088W"
1744,1744,112,0.000128281878046695,"YDR245W"
2017,2017,112,8.55212520311297e-05,"YBR108W"
1912,1912,112,4.27606260155649e-05,"YGL060W"
1948,1948,112,4.27606260155649e-05,"YHR016C"
1778,1778,113,0.00226631317882494,"YNL271C"
646,646,113,0.000171042504062259,"YOR269W"
1626,1626,113,8.55212520311297e-05,"YDR424C"
2354,2354,113,8.55212520311297e-05,"YDR149C"
2353,2353,113,8.55212520311297e-05,"YOR058C"
2355,2355,113,4.27606260155649e-05,"YDL117W"
2352,2352,113,4.27606260155649e-05,"YIL159W"
2351,2351,113,4.27606260155649e-05,"YKR047W"
2349,2349,113,4.27606260155649e-05,"YMR299C"
2348,2348,113,4.27606260155649e-05,"YNL289W"
2347,2347,113,4.27606260155649e-05,"YLR425W"
2346,2346,113,4.27606260155649e-05,"YAL026C"
1800,1800,113,4.27606260155649e-05,"YBL051C"
1747,1747,113,4.27606260155649e-05,"YAL020C"
1739,1739,113,4.27606260155649e-05,"YNL119W"
1666,1666,113,4.27606260155649e-05,"YPL065W"
1963,1963,113,4.27606260155649e-05,"YLR254C"
232,232,114,0.000384845634140084,"YGL190C"
248,248,114,0.000342085008124519,"YDL188C"
460,460,114,0.000299324382108954,"YDL134C"
1348,1348,114,0.000299324382108954,"YOR014W"
219,219,114,0.000256563756093389,"YAL016W"
436,436,114,0.000213803130077824,"YGR161C"
516,516,114,0.000171042504062259,"YML109W"
1988,1988,114,0.000128281878046695,"YPR040W"
1327,1327,114,8.55212520311297e-05,"YNR032W"
2102,2102,114,8.55212520311297e-05,"YLR373C"
1261,1261,114,4.27606260155649e-05,"YBR187W"
2178,2178,114,4.27606260155649e-05,"YNL042W"
2180,2180,114,4.27606260155649e-05,"YMR273C"
525,525,115,0.000555888138202343,"YLR200W"
564,564,115,0.000299324382108954,"YLR212C"
1802,1802,115,0.000256563756093389,"YNL153C"
1772,1772,115,0.000256563756093389,"YGR078C"
1657,1657,115,0.000213803130077824,"YOR265W"
2170,2170,115,0.000171042504062259,"YMR055C"
629,629,115,0.000128281878046695,"YFL023W"
1781,1781,115,0.000128281878046695,"YNL126W"
2015,2015,115,8.55212520311297e-05,"YER071C"
2249,2249,115,8.55212520311297e-05,"YDR356W"
1320,1320,115,4.27606260155649e-05,"YER143W"
1352,1352,115,4.27606260155649e-05,"YDR366C"
1618,1618,115,4.27606260155649e-05,"YHR172W"
2278,2278,115,4.27606260155649e-05,"YDR027C"
580,580,116,0.000641409390233473,"YHR030C"
1681,1681,116,0.000384845634140084,"YBL105C"
1174,1174,116,0.000299324382108954,"YLR342W"
1620,1620,116,0.000256563756093389,"YJL095W"
2251,2251,116,0.000171042504062259,"YPL084W"
2250,2250,116,8.55212520311297e-05,"YBR015C"
1630,1630,116,4.27606260155649e-05,"YML104C"
1940,1940,116,4.27606260155649e-05,"YPL140C"
1942,1942,116,4.27606260155649e-05,"YIL113W"
2252,2252,116,4.27606260155649e-05,"YOR008C"
2325,2325,116,4.27606260155649e-05,"YGR238C"
2372,2372,116,4.27606260155649e-05,"YLR433C"
2373,2373,116,4.27606260155649e-05,"YKL190W"
1786,1786,117,0.00119729752843582,"YDR162C"
1753,1753,117,0.000128281878046695,"YGR229C"
1757,1757,117,0.000128281878046695,"YFR019W"
312,312,117,0.000128281878046695,"YDL006W"
1690,1690,117,8.55212520311297e-05,"YGL217C"
1663,1663,117,8.55212520311297e-05,"YOR208W"
1603,1603,117,8.55212520311297e-05,"YGL212W"
1619,1619,117,4.27606260155649e-05,"YLR216C"
1699,1699,117,4.27606260155649e-05,"YDL063C"
1702,1702,117,4.27606260155649e-05,"YLL002W"
1764,1764,117,4.27606260155649e-05,"YGL124C"
1776,1776,117,4.27606260155649e-05,"YBL103C"
541,541,117,4.27606260155649e-05,"YOR106W"
500,500,118,0.000769691268280168,"YER155C"
507,507,118,0.000470366886171214,"YBR200W"
1613,1613,118,0.000213803130077824,"YAL041W"
1936,1936,118,0.000171042504062259,"YPL161C"
565,565,118,8.55212520311297e-05,"YLR229C"
1760,1760,118,8.55212520311297e-05,"YOR188W"
1735,1735,118,4.27606260155649e-05,"YCR038C"
526,526,119,0.000855212520311298,"YHR114W"
1078,1078,119,0.000128281878046695,"YER096W"
1012,1012,119,8.55212520311297e-05,"YIL132C"
1118,1118,119,8.55212520311297e-05,"YOR059C"
1237,1237,119,8.55212520311297e-05,"YOL018C"
1014,1014,119,4.27606260155649e-05,"YGL053W"
1032,1032,119,4.27606260155649e-05,"YJL086C"
1314,1314,119,4.27606260155649e-05,"YGL189C"
2073,2073,119,4.27606260155649e-05,"YLR376C"
2092,2092,119,4.27606260155649e-05,"YJL180C"
2150,2150,119,4.27606260155649e-05,"YDR529C"
2151,2151,119,4.27606260155649e-05,"YGR110W"
2157,2157,119,4.27606260155649e-05,"YGL225W"
2158,2158,119,4.27606260155649e-05,"YLR112W"
2163,2163,119,4.27606260155649e-05,"YDL217C"
1803,1803,120,0.000726930642264603,"YJL020C"
486,486,120,0.000213803130077824,"YGR200C"
535,535,120,0.000171042504062259,"YPL086C"
2366,2366,120,0.000128281878046695,"YML095C-A"
1920,1920,120,8.55212520311297e-05,"YLR384C"
2374,2374,120,4.27606260155649e-05,"YLR235C"
2375,2375,120,4.27606260155649e-05,"YNL098C"
146,146,121,0.000256563756093389,"YJL014W"
1628,1628,121,0.000256563756093389,"YEL003W"
2242,2242,121,0.000256563756093389,"YDL143W"
149,149,121,0.000213803130077824,"YIL142W"
1714,1714,121,0.000213803130077824,"YDR212W"
1606,1606,121,8.55212520311297e-05,"YBR085W"
1105,1105,121,4.27606260155649e-05,"YLR030W"
1015,1015,122,0.000342085008124519,"YER157W"
1962,1962,122,0.000342085008124519,"YGR120C"
612,612,122,0.000128281878046695,"YMR025W"
1274,1274,122,0.000128281878046695,"YDL058W"
1925,1925,122,8.55212520311297e-05,"YDR179C"
636,636,122,8.55212520311297e-05,"YPR105C"
1205,1205,122,8.55212520311297e-05,"YDR189W"
1955,1955,122,4.27606260155649e-05,"YDL216C"
2310,2310,122,4.27606260155649e-05,"YKL196C"
2128,2128,122,4.27606260155649e-05,"YLR026C"
52,52,123,0.000342085008124519,"YHR107C"
84,84,123,0.000256563756093389,"YDL225W"
296,296,123,0.000171042504062259,"YLR314C"
308,308,123,0.000171042504062259,"YJR076C"
1849,1849,123,0.000171042504062259,"YCR002C"
177,177,124,0.000427606260155649,"YKR068C"
468,468,124,0.000128281878046695,"YDR472W"
2309,2309,124,0.000128281878046695,"YLR268W"
451,451,124,8.55212520311297e-05,"YBR254C"
2308,2308,124,8.55212520311297e-05,"YIL004C"
1891,1891,124,4.27606260155649e-05,"YML077W"
2314,2314,124,4.27606260155649e-05,"YBR080C"
2315,2315,124,4.27606260155649e-05,"YBL050W"
2247,2247,125,0.000299324382108954,"YML085C"
1656,1656,125,0.000128281878046695,"YOR349W"
1721,1721,125,0.000128281878046695,"YPL241C"
1765,1765,125,0.000128281878046695,"YER007W"
1761,1761,125,8.55212520311297e-05,"YML124C"
1616,1616,125,4.27606260155649e-05,"YMR138W"
409,409,126,0.000299324382108954,"YFL038C"
366,366,126,0.000128281878046695,"YKR014C"
440,440,126,0.000128281878046695,"YER031C"
1861,1861,126,0.000128281878046695,"YER136W"
1908,1908,126,8.55212520311297e-05,"YLR262C"
1965,1965,127,0.000171042504062259,"YMR032W"
221,221,127,0.000128281878046695,"YBR260C"
284,284,127,0.000128281878046695,"YBR059C"
733,733,127,8.55212520311297e-05,"YER144C"
663,663,127,4.27606260155649e-05,"YNL152W"
1833,1833,127,4.27606260155649e-05,"YGR196C"
1985,1985,127,4.27606260155649e-05,"YML014W"
1670,1670,128,0.000171042504062259,"YIR006C"
1793,1793,128,0.000128281878046695,"YIL002C"
2311,2311,128,0.000128281878046695,"YNL106C"
2258,2258,128,8.55212520311297e-05,"YNL084C"
1723,1723,128,8.55212520311297e-05,"YOR109W"
1642,1642,129,0.000213803130077824,"YDR389W"
1633,1633,129,0.000128281878046695,"YMR200W"
2268,2268,129,0.000128281878046695,"YBR229C"
1658,1658,129,8.55212520311297e-05,"YHR101C"
1622,1622,130,0.000213803130077824,"YER125W"
625,625,130,0.000128281878046695,"YGR268C"
667,667,130,4.27606260155649e-05,"YOR385W"
1302,1302,130,4.27606260155649e-05,"YMR316W"
2141,2141,130,4.27606260155649e-05,"YOR124C"
1608,1608,131,0.000171042504062259,"YGL213C"
2243,2243,131,0.000171042504062259,"YGL173C"
607,607,131,8.55212520311297e-05,"YGL187C"
1953,1953,131,4.27606260155649e-05,"YHR051W"
2023,2023,132,0.000256563756093389,"YOR089C"
883,883,132,4.27606260155649e-05,"YGR223C"
1651,1651,132,4.27606260155649e-05,"YML115C"
1706,1706,132,4.27606260155649e-05,"YDR080W"
1746,1746,133,0.000213803130077824,"YHR158C"
2063,2063,133,8.55212520311297e-05,"YMR232W"
1627,1627,133,4.27606260155649e-05,"YCL027W"
1648,1648,133,4.27606260155649e-05,"YLL043W"
1662,1662,134,0.000128281878046695,"YJL034W"
1687,1687,134,8.55212520311297e-05,"YKL073W"
2283,2283,134,8.55212520311297e-05,"YGR032W"
1641,1641,134,4.27606260155649e-05,"YOR254C"
2296,2296,134,4.27606260155649e-05,"YHR079C"
2078,2078,135,0.000128281878046695,"YNL047C"
1021,1021,135,8.55212520311297e-05,"YML057W"
1066,1066,135,8.55212520311297e-05,"YMR068W"
1289,1289,135,8.55212520311297e-05,"YGL250W"
1756,1756,136,8.55212520311297e-05,"YPR159W"
1771,1771,136,8.55212520311297e-05,"YMR307W"
2333,2333,136,4.27606260155649e-05,"YGL027C"
1614,1614,137,8.55212520311297e-05,"YKL212W"
2246,2246,137,8.55212520311297e-05,"YKL093W"
1782,1782,137,4.27606260155649e-05,"YMR081C"
1112,1112,138,8.55212520311297e-05,"YLR182W"
2292,2292,138,8.55212520311297e-05,"YER111C"
2101,2101,138,4.27606260155649e-05,"YOL131W"
2039,2039,139,8.55212520311297e-05,"YLR319C"
944,944,139,4.27606260155649e-05,"YGL015C"
792,792,140,0.00179594629265372,"YKL173W"
802,802,140,0.00145386128452921,"YML049C"
469,469,140,0.00141110065851364,"YER029C"
912,912,140,0.00128281878046695,"YLR147C"
324,324,140,0.00119729752843582,"YGL120C"
67,67,140,0.00111177627640469,"YLL036C"
1060,1060,140,0.000983494398357992,"YPL151C"
1120,1120,140,0.000940733772342427,"YMR288W"
1088,1088,140,0.000897973146326862,"YPR178W"
178,178,140,0.000897973146326862,"YBR055C"
214,214,140,0.000897973146326862,"YLR117C"
307,307,140,0.000897973146326862,"YDL030W"
987,987,140,0.000812451894295733,"YPL213W"
216,216,140,0.000726930642264603,"YGR091W"
764,764,140,0.000726930642264603,"YLR424W"
62,62,140,0.000684170016249038,"YJL203W"
363,363,140,0.000684170016249038,"YDR416W"
1341,1341,140,0.000641409390233473,"YDL209C"
850,850,140,0.000598648764217908,"YOR308C"
1083,1083,140,0.000598648764217908,"YMR240C"
1683,1683,140,0.000513127512186778,"YDR364C"
145,145,140,0.000513127512186778,"YAL032C"
1176,1176,140,0.000513127512186778,"YDL043C"
1132,1132,140,0.000470366886171214,"YGR278W"
1195,1195,140,0.000427606260155649,"YPR101W"
3,3,140,0.000384845634140084,"YDR473C"
1129,1129,140,0.000384845634140084,"YGL128C"
1128,1128,140,0.000299324382108954,"YPR082C"
334,334,140,0.000256563756093389,"YMR213W"
498,498,140,0.000213803130077824,"YDL098C"
1223,1223,140,0.000128281878046695,"YBL074C"
2284,2284,140,0.000128281878046695,"YBR237W"
1266,1266,140,8.55212520311297e-05,"YBR065C"
1934,1934,140,8.55212520311297e-05,"YKL095W"
2190,2190,140,8.55212520311297e-05,"YGR129W"
158,158,140,4.27606260155649e-05,"YJR050W"
1639,1639,140,4.27606260155649e-05,"YGR006W"
1724,1724,140,4.27606260155649e-05,"YBR188C"
1780,1780,140,4.27606260155649e-05,"YKR086W"
1906,1906,140,4.27606260155649e-05,"YGR075C"
2062,2062,140,4.27606260155649e-05,"YDR026C"
229,229,141,0.00175318566663816,"YMR125W"
1883,1883,141,0.00106901565038912,"YLR275W"
418,418,141,0.000940733772342427,"YIL061C"
163,163,141,0.000812451894295733,"YGR013W"
222,222,141,0.000812451894295733,"YDR240C"
906,906,141,0.000812451894295733,"YKL012W"
951,951,141,0.000812451894295733,"YDL087C"
1124,1124,141,0.000684170016249038,"YDR235W"
957,957,141,0.000598648764217908,"YML046W"
1004,1004,141,0.000598648764217908,"YBR119W"
1075,1075,141,0.000598648764217908,"YLR298C"
546,546,141,0.000555888138202343,"YHR086W"
1228,1228,141,0.000427606260155649,"YPL178W"
1400,1400,141,0.000427606260155649,"YGR074W"
34,34,142,0.00128281878046695,"YGR162W"
14,14,142,0.00102625502437356,"YGL049C"
1847,1847,142,0.000342085008124519,"YDR432W"
582,582,142,0.000256563756093389,"YNL016W"
102,102,142,0.000213803130077824,"YIR001C"
1076,1076,142,0.000171042504062259,"YNL251C"
1296,1296,142,0.000171042504062259,"YPL190C"
2125,2125,142,0.000171042504062259,"YML117W"
1816,1816,142,0.000128281878046695,"YGR250C"
512,512,142,8.55212520311297e-05,"YGR150C"
421,421,143,0.000684170016249038,"YBL026W"
65,65,143,0.000470366886171214,"YDL160C"
50,50,143,0.000427606260155649,"YCR077C"
80,80,143,0.000384845634140084,"YER112W"
76,76,143,0.000299324382108954,"YJL124C"
94,94,143,0.000299324382108954,"YNL147W"
100,100,143,0.000299324382108954,"YNL118C"
274,274,143,0.000299324382108954,"YDR378C"
540,540,143,0.000256563756093389,"YMR268C"
465,465,143,0.000171042504062259,"YJR022W"
399,399,143,8.55212520311297e-05,"YER146W"
579,579,143,8.55212520311297e-05,"YDL175C"
416,416,144,0.000470366886171214,"YOL004W"
306,306,144,0.000342085008124519,"YPL139C"
1357,1357,144,0.000299324382108954,"YIL084C"
1394,1394,144,0.000256563756093389,"YMR263W"
286,286,144,0.000213803130077824,"YNL330C"
344,344,144,0.000213803130077824,"YPL181W"
470,470,144,0.000171042504062259,"YPR023C"
1279,1279,144,0.000128281878046695,"YNL097C"
1729,1729,145,0.000427606260155649,"YBR288C"
231,231,145,8.55212520311297e-05,"YNR006W"
438,438,145,8.55212520311297e-05,"YPL195W"
215,215,145,4.27606260155649e-05,"YGR261C"
1742,1742,145,4.27606260155649e-05,"YML097C"
1748,1748,145,4.27606260155649e-05,"YDR323C"
2317,2317,145,4.27606260155649e-05,"YBR097W"
2318,2318,145,4.27606260155649e-05,"YDR495C"
2319,2319,145,4.27606260155649e-05,"YGL095C"
1837,1837,145,4.27606260155649e-05,"YHL002W"
1922,1922,145,4.27606260155649e-05,"YJL024C"
566,566,146,0.000513127512186778,"YOL139C"
1611,1611,146,0.000213803130077824,"YKR059W"
499,499,146,8.55212520311297e-05,"YOR204W"
551,551,146,4.27606260155649e-05,"YOR276W"
1672,1672,146,4.27606260155649e-05,"YER165W"
2244,2244,146,4.27606260155649e-05,"YPR163C"
1869,1869,147,0.000213803130077824,"YHR099W"
386,386,147,0.000171042504062259,"YDR359C"
404,404,147,0.000171042504062259,"YOR244W"
441,441,147,0.000171042504062259,"YJL081C"
455,455,147,0.000171042504062259,"YFL024C"
668,668,148,0.000128281878046695,"YOR036W"
1215,1215,148,8.55212520311297e-05,"YBL102W"
2133,2133,148,8.55212520311297e-05,"YLR453C"
1371,1371,148,4.27606260155649e-05,"YNL216W"
1689,1689,149,0.000128281878046695,"YKL074C"
2297,2297,149,4.27606260155649e-05,"YLR116W"
1653,1653,150,0.000128281878046695,"YBR034C"
917,917,150,4.27606260155649e-05,"YGR165W"
482,482,151,8.55212520311297e-05,"YPR182W"
1973,1973,151,4.27606260155649e-05,"YOR159C"
2050,2050,152,8.55212520311297e-05,"YLR446W"
979,979,152,4.27606260155649e-05,"YLR211C"
1214,1214,153,8.55212520311297e-05,"YFL003C"
2131,2131,153,4.27606260155649e-05,"YDL154W"
481,481,154,0.00115453690242025,"YNL236W"
586,586,154,0.00111177627640469,"YHR041C"
186,186,154,0.000983494398357992,"YBR193C"
238,238,154,0.000983494398357992,"YER022W"
1738,1738,154,0.000983494398357992,"YLR071C"
295,295,154,0.000983494398357992,"YOR174W"
1225,1225,154,0.000983494398357992,"YOL051W"
1127,1127,154,0.000983494398357992,"YOL135C"
1293,1293,154,0.000940733772342427,"YML007W"
1142,1142,154,0.000940733772342427,"YGR104C"
1072,1072,154,0.000897973146326862,"YPR070W"
1190,1190,154,0.000897973146326862,"YDR443C"
1097,1097,154,0.000897973146326862,"YHR058C"
1073,1073,154,0.000897973146326862,"YNR010W"
1058,1058,154,0.000897973146326862,"YCR081W"
1045,1045,154,0.000897973146326862,"YGL151W"
254,254,154,0.000897973146326862,"YMR112C"
323,323,154,0.000855212520311298,"YPR168W"
1316,1316,154,0.000812451894295733,"YPL042C"
1321,1321,154,0.000812451894295733,"YGL025C"
341,341,154,0.000684170016249038,"YDR308C"
335,335,154,0.000641409390233473,"YBR253W"
622,622,154,0.000384845634140084,"YGL127C"
2245,2245,154,0.000342085008124519,"YOL148C"
1612,1612,154,0.000213803130077824,"YPL016W"
2350,2350,154,4.27606260155649e-05,"YOR153W"
210,210,154,4.27606260155649e-05,"YBR216C"
140,140,155,0.000684170016249038,"YGL112C"
75,75,155,0.000555888138202343,"YDR448W"
292,292,155,0.000555888138202343,"YBR081C"
1698,1698,155,0.000513127512186778,"YGR252W"
905,905,155,0.000427606260155649,"YBR198C"
1167,1167,155,0.000427606260155649,"YGR274C"
1395,1395,155,0.000427606260155649,"YML015C"
1822,1822,155,0.000427606260155649,"YMR236W"
456,456,155,0.000384845634140084,"YDR167W"
1074,1074,155,0.000384845634140084,"YDR145W"
179,179,155,0.000299324382108954,"YCL010C"
458,458,155,0.000256563756093389,"YPL254W"
609,609,155,0.000256563756093389,"YMR223W"
1196,1196,155,0.000256563756093389,"YPL011C"
1829,1829,155,0.000171042504062259,"YDR176W"
126,126,155,0.000128281878046695,"YML098W"
1787,1787,155,8.55212520311297e-05,"YBR289W"
2175,2175,155,4.27606260155649e-05,"YOR220W"
205,205,156,0.000427606260155649,"YGL137W"
245,245,156,0.000384845634140084,"YDL145C"
228,228,156,0.000342085008124519,"YNL287W"
261,261,156,0.000299324382108954,"YFR051C"
304,304,156,0.000299324382108954,"YIL076W"
1836,1836,156,0.000299324382108954,"YDR238C"
480,480,156,0.000256563756093389,"YKR067W"
1277,1277,156,0.000213803130077824,"YPL010W"
562,562,156,4.27606260155649e-05,"YOR110W"
287,287,157,0.000256563756093389,"YCR093W"
999,999,157,0.000213803130077824,"YGR134W"
1310,1310,157,0.000213803130077824,"YNL288W"
1855,1855,157,0.000213803130077824,"YNR052C"
364,364,157,0.000171042504062259,"YAL021C"
2066,2066,157,4.27606260155649e-05,"YDR252W"
631,631,158,0.000470366886171214,"YDL100C"
1969,1969,158,8.55212520311297e-05,"YOR164C"
695,695,158,4.27606260155649e-05,"YEL043W"
1345,1345,158,4.27606260155649e-05,"YNL199C"
1961,1961,158,4.27606260155649e-05,"YHR057C"
2006,2006,158,4.27606260155649e-05,"YKR100C"
2018,2018,158,4.27606260155649e-05,"YDL121C"
2068,2068,158,4.27606260155649e-05,"YGR189C"
2070,2070,158,4.27606260155649e-05,"YJL153C"
2164,2164,158,4.27606260155649e-05,"YHR180W"
710,710,159,0.000299324382108954,"YDR510W"
813,813,159,4.27606260155649e-05,"YDR446W"
1091,1091,159,4.27606260155649e-05,"YKL043W"
2105,2105,159,4.27606260155649e-05,"YLR263W"
2174,2174,159,4.27606260155649e-05,"YBR223C"
884,884,160,8.55212520311297e-05,"YCL020W"
981,981,160,8.55212520311297e-05,"YCL019W"
2024,2024,160,8.55212520311297e-05,"YDR261W-A"
2051,2051,160,4.27606260155649e-05,"YDR261W-B"
822,822,161,0.000299324382108954,"YLR295C"
2001,2001,161,0.000128281878046695,"YJL058C"
1029,1029,161,4.27606260155649e-05,"YGR071C"
2048,2048,161,4.27606260155649e-05,"YJR083C"
2115,2115,161,4.27606260155649e-05,"YDR455C"
2116,2116,161,4.27606260155649e-05,"YDL118W"
2183,2183,161,4.27606260155649e-05,"YOL050C"
812,812,162,0.000171042504062259,"YJR102C"
808,808,162,0.000128281878046695,"YLR417W"
1239,1239,162,0.000128281878046695,"YMR077C"
1304,1304,162,8.55212520311297e-05,"YML101C"
1996,1996,162,8.55212520311297e-05,"YPL002C"
1736,1736,163,0.000256563756093389,"YOR290C"
1311,1311,163,4.27606260155649e-05,"YJL176C"
720,720,164,8.55212520311297e-05,"YPR046W"
1163,1163,164,8.55212520311297e-05,"YFR008W"
1975,1975,164,8.55212520311297e-05,"YJR135C"
753,753,165,8.55212520311297e-05,"YCR082W"
1983,1983,165,4.27606260155649e-05,"YOR023C"
821,821,166,0.000855212520311298,"YER133W"
407,407,166,0.000769691268280168,"YKR002W"
206,206,166,0.000684170016249038,"YJR093C"
60,60,166,0.000684170016249038,"YMR061W"
746,746,166,0.000641409390233473,"YLR115W"
1981,1981,166,0.000641409390233473,"YLR277C"
751,751,166,0.000641409390233473,"YAL043C"
174,174,166,0.000598648764217908,"YDR301W"
814,814,166,0.000598648764217908,"YKL059C"
772,772,166,0.000598648764217908,"YKL018W"
776,776,166,0.000598648764217908,"YNL317W"
779,779,166,0.000598648764217908,"YGR156W"
1053,1053,166,0.000555888138202343,"YPR107C"
218,218,166,0.000555888138202343,"YDR195W"
1211,1211,166,0.000513127512186778,"YNL222W"
1811,1811,166,0.000299324382108954,"YGL044C"
83,83,166,0.000256563756093389,"YDR228C"
262,262,166,0.000128281878046695,"YOR250C"
567,567,166,8.55212520311297e-05,"YDR130C"
591,591,166,4.27606260155649e-05,"YAR014C"
1125,1125,166,4.27606260155649e-05,"YDL218W"
501,501,166,4.27606260155649e-05,"YDR412W"
1305,1305,166,4.27606260155649e-05,"YMR270C"
433,433,166,4.27606260155649e-05,"YKL193C"
379,379,166,4.27606260155649e-05,"YJL042W"
871,871,167,0.000555888138202343,"YKR001C"
256,256,167,0.000513127512186778,"YFR037C"
1063,1063,167,0.000427606260155649,"YPL082C"
1844,1844,167,0.000342085008124519,"YBR245C"
577,577,167,0.000299324382108954,"YIL126W"
270,270,167,0.000256563756093389,"YOR304W"
1188,1188,167,0.000256563756093389,"YGL133W"
1161,1161,167,0.000213803130077824,"YLR357W"
1402,1402,167,0.000213803130077824,"YNL030W"
1894,1894,167,0.000128281878046695,"YMR091C"
1654,1654,167,0.000128281878046695,"YDR392W"
1206,1206,167,8.55212520311297e-05,"YFR013W"
1671,1671,167,8.55212520311297e-05,"YOR194C"
2193,2193,167,4.27606260155649e-05,"YML127W"
2326,2326,167,4.27606260155649e-05,"YNL031C"
2327,2327,167,4.27606260155649e-05,"YGR116W"
1194,1194,168,0.000299324382108954,"YPR086W"
1375,1375,168,0.000213803130077824,"YDL081C"
1609,1609,168,0.000171042504062259,"YHR089C"
1254,1254,168,8.55212520311297e-05,"YER148W"
1281,1281,168,4.27606260155649e-05,"YGR209C"
2261,2261,168,4.27606260155649e-05,"YMR039C"
491,491,169,0.000384845634140084,"YDR311W"
729,729,169,0.000299324382108954,"YDR259C"
1116,1116,169,4.27606260155649e-05,"YGR066C"
1901,1901,169,4.27606260155649e-05,"YKL028W"
2152,2152,169,4.27606260155649e-05,"YLR005W"
74,74,170,0.000256563756093389,"YGL122C"
1605,1605,170,0.000171042504062259,"YOL123W"
590,590,170,8.55212520311297e-05,"YBR017C"
1362,1362,170,8.55212520311297e-05,"YDR505C"
2176,2176,170,4.27606260155649e-05,"YIL092W"
569,569,171,0.000299324382108954,"YOL006C"
1741,1741,171,0.000171042504062259,"YDR138W"
1675,1675,171,8.55212520311297e-05,"YKR010C"
2029,2029,171,4.27606260155649e-05,"YMR233W"
1841,1841,172,0.000128281878046695,"YFL008W"
255,255,172,8.55212520311297e-05,"YJL074C"
437,437,172,8.55212520311297e-05,"YDL003W"
1705,1705,173,0.000171042504062259,"YOL115W"
406,406,173,4.27606260155649e-05,"YIL079C"
2303,2303,173,4.27606260155649e-05,"YNL299W"
1057,1057,174,0.000299324382108954,"YNL092W"
530,530,174,8.55212520311297e-05,"YOR329C"
1070,1070,174,4.27606260155649e-05,"YML037C"
1267,1267,174,4.27606260155649e-05,"YJR097W"
1824,1824,175,0.000256563756093389,"YPL235W"
141,141,175,4.27606260155649e-05,"YDR190C"
1178,1178,176,0.000171042504062259,"YGL181W"
2117,2117,176,4.27606260155649e-05,"YIL122W"
2188,2188,176,4.27606260155649e-05,"YHR177W"
983,983,177,8.55212520311297e-05,"YLR345W"
1902,1902,177,8.55212520311297e-05,"YLR321C"
1842,1842,178,8.55212520311297e-05,"YCR052W"
1241,1241,178,4.27606260155649e-05,"YOR232W"
298,298,179,0.000427606260155649,"YDL047W"
1783,1783,179,0.000427606260155649,"YAL040C"
78,78,179,0.000299324382108954,"YJL098W"
97,97,179,0.000299324382108954,"YFR040W"
1810,1810,179,0.000299324382108954,"YKR028W"
380,380,179,0.000213803130077824,"YGL197W"
495,495,179,0.000213803130077824,"YLR310C"
1903,1903,179,8.55212520311297e-05,"YBR225W"
1629,1629,179,4.27606260155649e-05,"YER167W"
2369,2369,179,4.27606260155649e-05,"YKL092C"
18,18,180,0.000470366886171214,"YDR328C"
1710,1710,180,0.000384845634140084,"YDR054C"
531,531,180,0.000299324382108954,"YDL132W"
1674,1674,180,0.000171042504062259,"YJL194W"
1870,1870,180,0.000171042504062259,"YFL009W"
619,619,180,0.000128281878046695,"YIL046W"
175,175,180,8.55212520311297e-05,"YPR066W"
454,454,180,8.55212520311297e-05,"YLR352W"
588,588,180,8.55212520311297e-05,"YNL311C"
1832,1832,180,8.55212520311297e-05,"YPL003W"
1927,1927,180,8.55212520311297e-05,"YDR139C"
467,467,180,4.27606260155649e-05,"YOR057W"
594,594,180,4.27606260155649e-05,"YLR097C"
1866,1866,180,4.27606260155649e-05,"YML088W"
2305,2305,180,4.27606260155649e-05,"YLR306W"
316,316,181,0.000769691268280168,"YBR160W"
68,68,181,0.000213803130077824,"YBR135W"
353,353,181,0.000213803130077824,"YMR199W"
372,372,181,0.000213803130077824,"YPL256C"
1815,1815,181,0.000171042504062259,"YDL155W"
1643,1643,181,8.55212520311297e-05,"YHL007C"
1851,1851,181,8.55212520311297e-05,"YPR119W"
1774,1774,181,4.27606260155649e-05,"YGL073W"
1659,1659,182,0.000256563756093389,"YGR092W"
505,505,182,0.000128281878046695,"YLR127C"
2275,2275,182,0.000128281878046695,"YLR079W"
1704,1704,182,8.55212520311297e-05,"YGL003C"
2280,2280,182,8.55212520311297e-05,"YHR152W"
1907,1907,182,4.27606260155649e-05,"YNL172W"
2281,2281,182,4.27606260155649e-05,"YPR111W"
2282,2282,182,4.27606260155649e-05,"YDR146C"
397,397,183,0.000213803130077824,"YBR060C"
365,365,183,0.000128281878046695,"YNL261W"
2248,2248,183,8.55212520311297e-05,"YDL017W"
2254,2254,183,8.55212520311297e-05,"YPR019W"
1860,1860,183,4.27606260155649e-05,"YML065W"
1677,1677,184,0.000128281878046695,"YLR103C"
2285,2285,184,4.27606260155649e-05,"YBL023C"
2286,2286,184,4.27606260155649e-05,"YEL032W"
1638,1638,185,0.000299324382108954,"YJR060W"
1754,1754,185,0.000128281878046695,"YGR140W"
2273,2273,185,8.55212520311297e-05,"YKL089W"
1655,1655,185,4.27606260155649e-05,"YKL049C"
1737,1737,185,4.27606260155649e-05,"YGL244W"
2274,2274,185,4.27606260155649e-05,"YMR168C"
382,382,186,0.000171042504062259,"YHR166C"
1382,1382,186,0.000171042504062259,"YFR036W"
1775,1775,186,8.55212520311297e-05,"YGL240W"
2289,2289,186,8.55212520311297e-05,"YKL022C"
2104,2104,186,4.27606260155649e-05,"YLR451W"
1679,1679,187,0.000213803130077824,"YHR118C"
2265,2265,187,0.000128281878046695,"YAR019C"
1700,1700,187,8.55212520311297e-05,"YFR028C"
2267,2267,187,8.55212520311297e-05,"YLR274W"
1632,1632,187,4.27606260155649e-05,"YBR202W"
9,9,188,0.000256563756093389,"YIL106W"
2096,2096,188,0.000128281878046695,"YMR001C"
2016,2016,188,4.27606260155649e-05,"YBR255W"
2266,2266,188,4.27606260155649e-05,"YAL024C"
1096,1096,188,4.27606260155649e-05,"YJL019W"
532,532,189,0.000171042504062259,"YDL108W"
20,20,189,8.55212520311297e-05,"YDR460W"
1695,1695,189,8.55212520311297e-05,"YFL029C"
1805,1805,189,8.55212520311297e-05,"YPR025C"
795,795,189,8.55212520311297e-05,"YGL134W"
1828,1828,190,0.000171042504062259,"YPL031C"
155,155,190,8.55212520311297e-05,"YIL050W"
1998,1998,190,8.55212520311297e-05,"YLR190W"
166,166,190,8.55212520311297e-05,"YER059W"
1148,1148,190,4.27606260155649e-05,"YPL219W"
1162,1162,190,4.27606260155649e-05,"YDL224C"
2137,2137,191,0.000213803130077824,"YOL145C"
1263,1263,191,0.000128281878046695,"YBR279W"
1383,1383,191,0.000128281878046695,"YLR418C"
1941,1941,192,0.000171042504062259,"YMR094W"
1673,1673,192,8.55212520311297e-05,"YPL018W"
1751,1751,192,8.55212520311297e-05,"YDR254W"
615,615,193,0.000128281878046695,"YJR090C"
1755,1755,193,0.000128281878046695,"YKL048C"
1758,1758,194,0.0015821431625759,"YKL113C"
539,539,194,0.000171042504062259,"YDR386W"
1921,1921,194,0.000128281878046695,"YBR098W"
2338,2338,194,8.55212520311297e-05,"YGL163C"
1625,1625,194,4.27606260155649e-05,"YOR182C"
1631,1631,194,4.27606260155649e-05,"YOR033C"
1770,1770,194,4.27606260155649e-05,"YPR135W"
2335,2335,194,4.27606260155649e-05,"YHR010W"
2336,2336,194,4.27606260155649e-05,"YPR116W"
2337,2337,194,4.27606260155649e-05,"YDR369C"
2339,2339,194,4.27606260155649e-05,"YDR217C"
2340,2340,194,4.27606260155649e-05,"YBR215W"
2341,2341,194,4.27606260155649e-05,"YOL068C"
2342,2342,194,4.27606260155649e-05,"YOR025W"
2343,2343,194,4.27606260155649e-05,"YMR224C"
2344,2344,194,4.27606260155649e-05,"YNL171C"
1708,1708,195,0.00102625502437356,"YMR190C"
600,600,195,0.000213803130077824,"YJR104C"
1052,1052,195,0.000128281878046695,"YGL175C"
2008,2008,195,0.000128281878046695,"YLR135W"
834,834,195,8.55212520311297e-05,"YBR228W"
1777,1777,195,8.55212520311297e-05,"YNL250W"
2329,2329,195,8.55212520311297e-05,"YDR363W"
1795,1795,195,4.27606260155649e-05,"YHR031C"
2304,2304,195,4.27606260155649e-05,"YHR154W"
2330,2330,195,4.27606260155649e-05,"YHR134W"
621,621,196,0.000299324382108954,"YJR068W"
19,19,196,0.000213803130077824,"YOL094C"
1728,1728,196,0.000213803130077824,"YER173W"
99,99,196,0.000171042504062259,"YBR087W"
1875,1875,196,0.000171042504062259,"YOR217W"
435,435,196,0.000128281878046695,"YNL290W"
601,601,196,0.000128281878046695,"YOR144C"
2316,2316,196,4.27606260155649e-05,"YNL102W"
471,471,197,0.000384845634140084,"YLR288C"
493,493,197,8.55212520311297e-05,"YOR368W"
1104,1104,197,8.55212520311297e-05,"YLR125W"
1892,1892,197,4.27606260155649e-05,"YOL093W"
1923,1923,197,4.27606260155649e-05,"YBR091C"
2098,2098,197,4.27606260155649e-05,"YMR030W"
2182,2182,197,4.27606260155649e-05,"YKL044W"
2184,2184,197,4.27606260155649e-05,"YKL107W"
1750,1750,198,0.000256563756093389,"YDL102W"
513,513,198,0.000171042504062259,"YJR043C"
1637,1637,198,8.55212520311297e-05,"YLR210W"
1909,1909,198,8.55212520311297e-05,"YJR006W"
528,528,199,0.000171042504062259,"YIR002C"
1260,1260,199,0.000171042504062259,"YPL022W"
414,414,199,8.55212520311297e-05,"YOL090W"
1882,1882,199,4.27606260155649e-05,"YDR097C"
560,560,199,4.27606260155649e-05,"YAL027W"
584,584,199,4.27606260155649e-05,"YML095C"
793,793,200,0.000171042504062259,"YBR217W"
809,809,200,8.55212520311297e-05,"YNR007C"
1098,1098,200,8.55212520311297e-05,"YHR171W"
1995,1995,200,8.55212520311297e-05,"YMR159C"
1102,1102,200,4.27606260155649e-05,"YPL149W"
2081,2081,200,4.27606260155649e-05,"YBL078C"
1796,1796,201,0.000171042504062259,"YIR008C"
604,604,201,0.000128281878046695,"YPL153C"
1743,1743,201,8.55212520311297e-05,"YPL194W"
1950,1950,201,8.55212520311297e-05,"YJL115W"
77,77,201,4.27606260155649e-05,"YKL045W"
576,576,202,0.000128281878046695,"YML032C"
449,449,202,8.55212520311297e-05,"YJL173C"
595,595,202,8.55212520311297e-05,"YNL312W"
1888,1888,202,8.55212520311297e-05,"YAR007C"
1917,1917,202,8.55212520311297e-05,"YJR144W"
1407,1407,203,0.000342085008124519,"YJL092W"
1086,1086,204,0.000171042504062259,"YMR048W"
2094,2094,204,4.27606260155649e-05,"YNL273W"
369,369,205,8.55212520311297e-05,"YML102W"
1852,1852,205,8.55212520311297e-05,"YPR018W"
317,317,205,4.27606260155649e-05,"YBR195C"
51,51,206,0.000470366886171214,"YLR208W"
81,81,206,0.000470366886171214,"YDL116W"
336,336,206,0.000342085008124519,"YJR042W"
73,73,206,0.000256563756093389,"YKL057C"
575,575,206,0.000256563756093389,"YGL092W"
1871,1871,206,0.000213803130077824,"YGL100W"
1715,1715,206,0.000171042504062259,"YAL009W"
2301,2301,206,0.000128281878046695,"YHR004C"
2331,2331,206,4.27606260155649e-05,"YNL006W"
2332,2332,206,4.27606260155649e-05,"YKL176C"
2054,2054,206,4.27606260155649e-05,"YGR161C-C"
2055,2055,206,4.27606260155649e-05,"YKR082W"
2345,2345,206,4.27606260155649e-05,"YOR160W"
294,294,207,0.000726930642264603,"YMR047C"
1768,1768,207,0.000213803130077824,"YER107C"
2269,2269,207,0.000213803130077824,"YDL207W"
1745,1745,207,0.000128281878046695,"YKL068W"
1660,1660,207,8.55212520311297e-05,"YDR192C"
2000,2000,207,4.27606260155649e-05,"YGL170C"
2107,2107,207,4.27606260155649e-05,"YJR134C"
2169,2169,207,4.27606260155649e-05,"YOR289W"
2185,2185,207,4.27606260155649e-05,"YDR423C"
2186,2186,207,4.27606260155649e-05,"YOR112W"
378,378,208,0.000470366886171214,"YGR218W"
936,936,208,0.000171042504062259,"YDL065C"
561,561,208,0.000128281878046695,"YIL063C"
1970,1970,208,0.000128281878046695,"YGR178C"
2271,2271,208,0.000128281878046695,"YMR235C"
817,817,208,8.55212520311297e-05,"YMR124W"
694,694,208,4.27606260155649e-05,"YHR121W"
2035,2035,208,4.27606260155649e-05,"YMR163C"
2044,2044,208,4.27606260155649e-05,"YLR031W"
2302,2302,208,4.27606260155649e-05,"YGL097W"
1693,1693,209,0.000213803130077824,"YOR098C"
1845,1845,209,0.000213803130077824,"YJL061W"
1624,1624,209,0.000171042504062259,"YBL079W"
1713,1713,209,0.000171042504062259,"YER105C"
1799,1799,209,0.000128281878046695,"YML103C"
2255,2255,209,4.27606260155649e-05,"YLR335W"
882,882,210,0.000213803130077824,"YDL089W"
1130,1130,210,0.000171042504062259,"YLR324W"
955,955,210,0.000128281878046695,"YPR028W"
2022,2022,210,8.55212520311297e-05,"YDR233C"
968,968,210,8.55212520311297e-05,"YML008C"
953,953,210,4.27606260155649e-05,"YGR004W"
1031,1031,210,4.27606260155649e-05,"YDR479C"
2047,2047,210,4.27606260155649e-05,"YOR097C"
846,846,211,0.000299324382108954,"YMR153W"
1347,1347,211,8.55212520311297e-05,"YFR002W"
1798,1798,211,8.55212520311297e-05,"YMR129W"
693,693,211,4.27606260155649e-05,"YML031W"
757,757,211,4.27606260155649e-05,"YJL039C"
2074,2074,211,4.27606260155649e-05,"YJL057C"
2146,2146,211,4.27606260155649e-05,"YDL088C"
408,408,212,0.000171042504062259,"YPR181C"
552,552,212,0.000128281878046695,"YDL195W"
1879,1879,212,8.55212520311297e-05,"YHR098C"
1339,1339,212,4.27606260155649e-05,"YJR048W"
1930,1930,212,4.27606260155649e-05,"YPL085W"
2085,2085,212,4.27606260155649e-05,"YNL049C"
1318,1318,213,0.000213803130077824,"YLR386W"
1401,1401,213,0.000128281878046695,"YNL041C"
966,966,213,8.55212520311297e-05,"YDR229W"
1332,1332,213,4.27606260155649e-05,"YDL044C"
624,624,214,0.000213803130077824,"YCR086W"
633,633,214,4.27606260155649e-05,"YDR439W"
1959,1959,214,4.27606260155649e-05,"YOR264W"
1997,1997,214,4.27606260155649e-05,"YER106W"
2148,2148,214,4.27606260155649e-05,"YOR281C"
272,272,215,0.000171042504062259,"YJL041W"
1682,1682,215,0.000128281878046695,"YKL205W"
1251,1251,216,8.55212520311297e-05,"YER023W"
2145,2145,216,8.55212520311297e-05,"YPL169C"
2071,2071,217,8.55212520311297e-05,"YGR057C"
1006,1006,217,4.27606260155649e-05,"YIL109C"
1152,1152,218,8.55212520311297e-05,"YDR113C"
2334,2334,218,4.27606260155649e-05,"YGR098C"
105,105,219,0.00136834003249808,"YLR423C"
1333,1333,219,4.27606260155649e-05,"YCL063W"
1368,1368,219,4.27606260155649e-05,"YDR052C"
1823,1823,219,4.27606260155649e-05,"YDR022C"
2013,2013,219,4.27606260155649e-05,"YKL050C"
856,856,220,0.000940733772342427,"YJR091C"
2028,2028,220,8.55212520311297e-05,"YPL159C"
2079,2079,220,4.27606260155649e-05,"YLR420W"
2088,2088,220,4.27606260155649e-05,"YDL013W"
2111,2111,220,4.27606260155649e-05,"YDR203W"
2123,2123,220,4.27606260155649e-05,"YEL013W"
2136,2136,220,4.27606260155649e-05,"YLR156W"
2140,2140,220,4.27606260155649e-05,"YKL076C"
2147,2147,220,4.27606260155649e-05,"YMR067C"
2161,2161,220,4.27606260155649e-05,"YHR130C"
2166,2166,220,4.27606260155649e-05,"YLR059C"
2172,2172,220,4.27606260155649e-05,"YNR048W"
2177,2177,220,4.27606260155649e-05,"YDR008C"
685,685,221,0.000427606260155649,"YOR047C"
54,54,221,0.000213803130077824,"YGL237C"
1809,1809,221,0.000128281878046695,"YOR358W"
130,130,221,8.55212520311297e-05,"YFR049W"
161,161,221,8.55212520311297e-05,"YBL021C"
939,939,221,4.27606260155649e-05,"YKL038W"
1373,1373,221,4.27606260155649e-05,"YGR146C"
2038,2038,221,4.27606260155649e-05,"YOR302W"
2095,2095,221,4.27606260155649e-05,"YMR280C"
1158,1158,222,0.000342085008124519,"YGR113W"
2012,2012,222,0.000213803130077824,"YKR037C"
700,700,222,0.000171042504062259,"YGL061C"
818,818,222,0.000128281878046695,"YDR016C"
2181,2181,222,8.55212520311297e-05,"YDR034C"
845,845,223,0.000213803130077824,"YNL086W"
931,931,223,0.000171042504062259,"YGR119C"
828,828,223,0.000128281878046695,"YOL069W"
2032,2032,223,0.000128281878046695,"YGL172W"
1030,1030,223,8.55212520311297e-05,"YKL061W"
1202,1202,223,8.55212520311297e-05,"YIL144W"
1353,1353,224,0.000213803130077824,"YKL002W"
843,843,224,8.55212520311297e-05,"YIR016W"
2011,2011,224,8.55212520311297e-05,"YNL161W"
2072,2072,224,8.55212520311297e-05,"YFL034C-B"
1069,1069,224,4.27606260155649e-05,"YDL165W"
1980,1980,225,0.000213803130077824,"YDR489W"
976,976,225,8.55212520311297e-05,"YPL077C"
743,743,225,4.27606260155649e-05,"YDR013W"
839,839,225,4.27606260155649e-05,"YJL072C"
907,907,225,4.27606260155649e-05,"YBL006C"
1019,1019,225,4.27606260155649e-05,"YML034W"
543,543,226,0.000128281878046695,"YER092W"
806,806,226,0.000128281878046695,"YLR052W"
1910,1910,226,0.000128281878046695,"YDL002C"
515,515,226,4.27606260155649e-05,"YGL150C"
737,737,227,0.000128281878046695,"YLL049W"
1393,1393,227,0.000128281878046695,"YNR069C"
1084,1084,227,4.27606260155649e-05,"YNR068C"
2189,2189,227,4.27606260155649e-05,"YJR011C"
893,893,228,0.000128281878046695,"YDR201W"
1101,1101,228,0.000128281878046695,"YKR083C"
841,841,228,4.27606260155649e-05,"YKL052C"
947,947,229,0.000128281878046695,"YGL079W"
762,762,229,8.55212520311297e-05,"YEL005C"
2042,2042,229,4.27606260155649e-05,"YDR357C"
986,986,230,8.55212520311297e-05,"YLR362W"
1971,1971,230,8.55212520311297e-05,"YCL032W"
2291,2291,230,4.27606260155649e-05,"YGL038C"
632,632,231,0.000470366886171214,"YDL226C"
925,925,231,0.000213803130077824,"YDR264C"
446,446,231,0.000128281878046695,"YNL154C"
1887,1887,231,0.000128281878046695,"YHR135C"
1976,1976,231,4.27606260155649e-05,"YKR088C"
1978,1978,231,4.27606260155649e-05,"YJL151C"
2126,2126,231,4.27606260155649e-05,"YOL129W"
1372,1372,231,4.27606260155649e-05,"YOR101W"
623,623,232,0.000213803130077824,"YGL198W"
1967,1967,232,0.000171042504062259,"YDR425W"
687,687,232,0.000128281878046695,"YDR084C"
948,948,232,0.000128281878046695,"YGL161C"
681,681,232,8.55212520311297e-05,"YJL036W"
1236,1236,232,4.27606260155649e-05,"YJR110W"
963,963,233,0.000128281878046695,"YGR172C"
1126,1126,233,8.55212520311297e-05,"YNL263C"
2045,2045,233,8.55212520311297e-05,"YPL095C"
1018,1018,234,0.000171042504062259,"YOR327C"
1784,1784,234,4.27606260155649e-05,"YAL030W"
2075,2075,234,4.27606260155649e-05,"YGR247W"
1168,1168,235,8.55212520311297e-05,"YER118C"
1932,1932,235,8.55212520311297e-05,"YDL204W"
556,556,235,4.27606260155649e-05,"YIL136W"
1635,1635,236,8.55212520311297e-05,"YPL242C"
2272,2272,236,4.27606260155649e-05,"YDR085C"
13,13,237,0.000213803130077824,"YGL115W"
25,25,237,0.000128281878046695,"YER027C"
90,90,237,0.000128281878046695,"YGL208W"
1806,1806,237,0.000128281878046695,"YDR477W"
1877,1877,237,8.55212520311297e-05,"YDR422C"
370,370,238,0.000213803130077824,"YER177W"
1685,1685,238,0.000171042504062259,"YGL206C"
1862,1862,238,8.55212520311297e-05,"YDR099W"
384,384,238,8.55212520311297e-05,"YDR001C"
1929,1929,238,4.27606260155649e-05,"YEL022W"
1868,1868,238,4.27606260155649e-05,"YLR270W"
8,8,239,0.000213803130077824,"YPR029C"
1804,1804,239,0.000128281878046695,"YKL135C"
41,41,239,8.55212520311297e-05,"YPL259C"
111,111,239,8.55212520311297e-05,"YHL019C"
207,207,239,8.55212520311297e-05,"YLR170C"
678,678,239,4.27606260155649e-05,"YFR043C"
1876,1876,240,0.000171042504062259,"YDR028C"
1640,1640,240,4.27606260155649e-05,"YBR050C"
352,352,241,0.000128281878046695,"YDL192W"
1712,1712,241,4.27606260155649e-05,"YDR320C"
1858,1858,241,4.27606260155649e-05,"YDL137W"
