1	76
1	103
1	124
1	127
1	166
1	175
1	177
1	193
1	687
1	845
2	6
2	34
2	149
2	181
2	192
2	193
2	199
2	202
2	304
2	684
3	40
3	112
3	130
3	132
3	167
3	172
3	176
3	181
3	212
3	483
4	84
4	109
4	140
4	153
4	154
4	165
4	194
4	203
4	316
4	436
5	25
5	40
5	74
5	79
5	167
5	168
5	183
5	193
5	570
5	635
6	2
6	76
6	118
6	130
6	138
6	151
6	176
6	188
6	672
6	860
7	30
7	103
7	143
7	145
7	160
7	173
7	177
7	197
7	353
7	766
8	48
8	115
8	129
8	157
8	168
8	184
8	191
8	198
8	635
8	667
9	96
9	113
9	138
9	183
9	185
9	187
9	192
9	198
9	489
9	692
10	24
10	35
10	53
10	114
10	147
10	164
10	169
10	191
10	516
10	552
11	59
11	107
11	143
11	159
11	193
11	196
11	198
11	200
11	432
11	679
12	70
12	74
12	84
12	89
12	168
12	186
12	190
12	203
12	422
12	722
13	14
13	15
13	23
13	138
13	139
13	179
13	183
13	191
13	694
13	841
14	13
14	55
14	58
14	105
14	145
14	157
14	186
14	203
14	405
14	865
15	13
15	54
15	135
15	172
15	179
15	180
15	191
15	196
15	769
15	847
16	98
16	106
16	132
16	139
16	143
16	162
16	190
16	199
16	229
16	979
17	24
17	63
17	88
17	141
17	145
17	158
17	191
17	200
17	351
17	849
18	72
18	124
18	126
18	132
18	154
18	160
18	175
18	181
18	312
18	402
19	98
19	124
19	129
19	163
19	183
19	184
19	194
19	200
19	457
19	637
20	54
20	139
20	140
20	141
20	150
20	165
20	186
20	202
20	386
20	841
21	83
21	162
21	173
21	186
21	193
21	197
21	198
21	202
21	307
21	477
22	32
22	91
22	117
22	175
22	182
22	184
22	196
22	200
22	363
22	866
23	13
23	60
23	147
23	150
23	159
23	164
23	168
23	178
23	468
23	817
24	10
24	17
24	78
24	117
24	133
24	137
24	149
24	156
24	385
24	708
25	5
25	42
25	62
25	127
25	133
25	143
25	144
25	166
25	187
25	545
25	848
26	55
26	127
26	130
26	154
26	156
26	165
26	186
26	195
26	411
26	483
26	491
27	44
27	92
27	113
27	153
27	155
27	193
27	197
27	202
27	203
27	486
27	797
28	33
28	120
28	130
28	162
28	163
28	172
28	178
28	180
28	183
28	472
28	584
29	81
29	85
29	100
29	102
29	130
29	170
29	184
29	189
29	201
29	344
29	594
30	7
30	53
30	111
30	145
30	171
30	175
30	199
30	200
30	201
30	646
30	668
31	77
31	113
31	146
31	156
31	166
31	176
31	188
31	194
31	195
31	342
31	965
32	22
32	75
32	118
32	120
32	132
32	139
32	151
32	165
32	235
32	297
32	461
33	28
33	62
33	79
33	107
33	168
33	185
33	187
33	189
33	203
33	355
33	949
34	2
34	43
34	114
34	126
34	139
34	158
34	166
34	202
34	203
34	286
34	997
35	10
35	78
35	98
35	140
35	146
35	153
35	169
35	183
35	186
35	464
35	717
36	58
36	115
36	136
36	181
36	183
36	194
36	199
36	201
36	604
36	627
36	754
37	52
37	55
37	60
37	86
37	95
37	147
37	157
37	165
37	200
37	207
37	379
38	55
38	82
38	114
38	115
38	149
38	150
38	164
38	200
38	201
38	765
38	848
39	72
39	83
39	113
39	114
39	144
39	152
39	197
39	202
39	243
39	778
40	3
40	5
40	116
40	158
40	169
40	181
40	197
40	201
40	202
40	437
40	988
41	97
41	155
41	169
41	177
41	178
41	186
41	194
41	197
41	203
41	734
41	956
42	25
42	103
42	143
42	148
42	157
42	158
42	162
42	202
42	203
42	474
42	693
43	34
43	138
43	162
43	163
43	168
43	173
43	179
43	190
43	452
43	533
43	616
44	27
44	135
44	171
44	178
44	179
44	181
44	193
44	203
44	291
44	450
44	904
45	55
45	77
45	107
45	120
45	149
45	162
45	164
45	182
45	196
45	362
45	438
46	61
46	65
46	84
46	89
46	140
46	157
46	168
46	186
46	202
46	740
46	959
46	980
47	71
47	102
47	122
47	135
47	151
47	156
47	159
47	175
47	190
47	199
47	745
47	843
48	8
48	58
48	85
48	96
48	119
48	145
48	161
48	182
48	188
48	197
48	370
48	690
49	54
49	59
49	102
49	105
49	166
49	177
49	178
49	181
49	197
49	202
49	833
49	937
50	64
50	93
50	111
50	125
50	153
50	165
50	186
50	188
50	190
50	199
50	467
50	984
51	68
51	103
51	111
51	155
51	158
51	159
51	163
51	164
51	196
51	199
51	234
51	685
52	37
52	72
52	152
52	174
52	176
52	187
52	197
52	200
52	203
52	451
52	484
52	774
53	10
53	30
53	69
53	77
53	111
53	122
53	164
53	174
53	175
53	436
53	458
53	464
54	15
54	20
54	49
54	63
54	84
54	119
54	130
54	133
54	156
54	388
54	580
54	839
55	14
55	26
55	37
55	38
55	45
55	91
55	175
55	189
55	199
55	200
55	514
55	989
56	70
56	72
56	93
56	104
56	126
56	148
56	154
56	158
56	181
56	193
56	359
56	431
57	105
57	140
57	161
57	164
57	168
57	185
57	194
57	198
57	201
57	243
57	456
57	894
58	14
58	36
58	48
58	78
58	113
58	128
58	132
58	133
58	179
58	384
58	439
58	537
59	11
59	49
59	77
59	118
59	151
59	153
59	163
59	172
59	180
59	296
59	686
59	805
60	23
60	37
60	120
60	132
60	164
60	171
60	179
60	196
60	200
60	520
60	828
60	889
61	46
61	85
61	92
61	98
61	119
61	161
61	165
61	180
61	186
61	195
61	329
61	985
62	25
62	33
62	104
62	124
62	136
62	184
62	185
62	197
62	201
62	203
62	308
62	568
62	666
63	17
63	54
63	100
63	119
63	146
63	156
63	181
63	191
63	195
63	200
63	437
63	489
63	827
64	50
64	88
64	89
64	121
64	133
64	135
64	165
64	173
64	188
64	195
64	293
64	465
64	490
65	46
65	71
65	106
65	111
65	114
65	116
65	122
65	143
65	164
65	182
65	483
65	804
65	939
66	73
66	100
66	126
66	150
66	163
66	172
66	173
66	178
66	192
66	203
66	464
66	635
66	742
67	74
67	76
67	145
67	168
67	170
67	189
67	194
67	195
67	196
67	198
67	201
67	679
67	766
68	51
68	78
68	117
68	125
68	133
68	156
68	165
68	195
68	197
68	200
68	841
68	849
68	896
69	53
69	94
69	116
69	119
69	138
69	160
69	174
69	177
69	192
69	202
69	364
69	387
69	852
70	12
70	56
70	113
70	125
70	153
70	154
70	157
70	161
70	185
70	186
70	632
70	723
70	734
71	47
71	65
71	83
71	114
71	116
71	124
71	147
71	199
71	200
71	203
71	377
71	396
71	587
72	18
72	39
72	52
72	56
72	146
72	164
72	181
72	191
72	193
72	194
72	202
72	264
72	492
73	66
73	104
73	111
73	129
73	172
73	183
73	184
73	185
73	197
73	198
73	201
73	400
73	693
73	783
74	5
74	12
74	67
74	88
74	105
74	118
74	125
74	133
74	136
74	153
74	157
74	473
74	555
74	864
75	32
75	89
75	110
75	127
75	144
75	170
75	187
75	194
75	195
75	198
75	201
75	333
75	819
75	943
76	1
76	6
76	67
76	113
76	144
76	161
76	168
76	187
76	198
76	200
76	201
76	364
76	486
76	746
77	31
77	45
77	53
77	59
77	92
77	105
77	140
77	141
77	151
77	157
77	165
77	411
77	682
77	985
78	24
78	35
78	58
78	68
78	91
78	94
78	96
78	135
78	141
78	146
78	184
78	465
78	763
78	949
79	5
79	33
79	98
79	114
79	123
79	143
79	161
79	165
79	168
79	189
79	194
79	499
79	669
79	841
80	109
80	129
80	136
80	137
80	152
80	168
80	176
80	179
80	180
80	190
80	191
80	310
80	401
80	994
81	29
81	85
81	97
81	115
81	125
81	126
81	134
81	170
81	184
81	187
81	198
81	383
81	666
81	811
82	38
82	88
82	103
82	110
82	137
82	153
82	154
82	186
82	188
82	192
82	195
82	202
82	444
82	455
82	758
83	21
83	39
83	71
83	85
83	96
83	116
83	166
83	167
83	177
83	178
83	202
83	203
83	501
83	866
83	923
84	4
84	12
84	46
84	54
84	110
84	131
84	140
84	155
84	157
84	184
84	186
84	193
84	660
84	871
84	958
85	29
85	48
85	61
85	81
85	83
85	105
85	119
85	128
85	133
85	137
85	146
85	165
85	656
85	754
85	778
86	37
86	94
86	96
86	108
86	159
86	164
86	169
86	183
86	188
86	194
86	199
86	200
86	300
86	462
86	934
87	99
87	106
87	118
87	134
87	162
87	163
87	169
87	173
87	176
87	179
87	185
87	191
87	434
87	613
87	665
88	17
88	64
88	74
88	82
88	113
88	138
88	139
88	157
88	158
88	187
88	188
88	195
88	468
88	805
88	819
89	12
89	46
89	64
89	75
89	90
89	113
89	141
89	146
89	148
89	154
89	178
89	194
89	283
89	417
89	425
90	89
90	106
90	123
90	131
90	137
90	139
90	141
90	159
90	163
90	180
90	190
90	197
90	255
90	450
90	456
91	22
91	55
91	78
91	109
91	121
91	150
91	167
91	168
91	175
91	182
91	196
91	199
91	425
91	671
91	938
92	27
92	61
92	77
92	95
92	97
92	111
92	152
92	166
92	170
92	173
92	174
92	178
92	192
92	838
92	891
92	989
93	50
93	56
93	113
93	119
93	125
93	137
93	153
93	159
93	162
93	168
93	173
93	188
93	195
93	622
93	685
93	820
94	69
94	78
94	86
94	95
94	108
94	133
94	135
94	155
94	186
94	189
94	196
94	199
94	200
94	300
94	354
94	775
95	37
95	92
95	94
95	96
95	107
95	121
95	179
95	182
95	189
95	190
95	196
95	199
95	200
95	204
95	239
95	936
96	9
96	48
96	78
96	83
96	86
96	95
96	125
96	140
96	145
96	150
96	156
96	157
96	195
96	430
96	563
96	673
97	41
97	81
97	92
97	115
97	122
97	152
97	158
97	159
97	173
97	181
97	182
97	192
97	193
97	639
97	808
97	903
98	16
98	19
98	35
98	61
98	79
98	136
98	167
98	170
98	173
98	176
98	185
98	194
98	201
98	432
98	791
98	920
99	87
99	114
99	125
99	132
99	147
99	151
99	162
99	172
99	179
99	180
99	181
99	191
99	195
99	491
99	595
99	929
100	29
100	63
100	66
100	103
100	134
100	158
100	172
100	177
100	178
100	192
100	197
100	199
100	203
100	415
100	599
100	807
101	116
101	117
101	124
101	158
101	161
101	178
101	188
101	192
101	193
101	195
101	196
101	197
101	201
101	523
101	789
101	851
102	29
102	47
102	49
102	125
102	132
102	134
102	167
102	168
102	175
102	184
102	189
102	198
102	201
102	315
102	421
102	452
103	1
103	7
103	42
103	51
103	82
103	100
103	133
103	181
103	192
103	196
103	197
103	202
103	383
103	488
103	633
103	662
104	56
104	62
104	73
104	134
104	136
104	142
104	144
104	164
104	167
104	178
104	183
104	189
104	197
104	203
104	462
104	763
104	817
105	14
105	49
105	57
105	74
105	77
105	85
105	113
105	126
105	137
105	148
105	154
105	188
105	195
105	196
105	434
105	606
105	838
106	16
106	65
106	87
106	90
106	109
106	120
106	130
106	132
106	152
106	162
106	166
106	175
106	179
106	182
106	287
106	794
106	905
107	11
107	33
107	45
107	95
107	108
107	121
107	144
107	175
107	181
107	191
107	193
107	196
107	200
107	431
107	446
107	682
107	990
108	86
108	94
108	107
108	112
108	116
108	128
108	152
108	155
108	169
108	171
108	177
108	182
108	196
108	199
108	216
108	468
108	853
109	4
109	80
109	91
109	106
109	111
109	118
109	130
109	163
109	174
109	176
109	180
109	191
109	202
109	413
109	744
109	964
109	990
110	75
110	82
110	84
110	119
110	137
110	140
110	146
110	149
110	157
110	166
110	185
110	188
110	194
110	195
110	488
110	607
110	926
111	30
111	50
111	51
111	53
111	65
111	73
111	92
111	109
111	169
111	182
111	189
111	196
111	200
111	247
111	406
111	563
111	990
112	3
112	108
112	123
112	128
112	131
112	142
112	147
112	160
112	163
112	172
112	176
112	182
112	190
112	279
112	399
112	474
112	994
113	9
113	27
113	31
113	39
113	58
113	70
113	76
113	88
113	89
113	93
113	105
113	123
113	186
113	188
113	430
113	619
113	768
114	10
114	34
114	38
114	39
114	65
114	71
114	79
114	99
114	143
114	150
114	159
114	171
114	175
114	177
114	225
114	246
114	857
115	8
115	36
115	38
115	81
115	97
115	129
115	141
115	142
115	158
115	163
115	166
115	170
115	184
115	187
115	198
115	437
115	682
115	961
116	40
116	65
116	69
116	71
116	83
116	101
116	108
116	129
116	147
116	148
116	160
116	174
116	176
116	193
116	203
116	242
116	760
116	788
117	22
117	24
117	68
117	101
117	124
117	160
117	176
117	177
117	178
117	179
117	189
117	197
117	202
117	203
117	408
117	664
117	764
117	999
118	6
118	32
118	59
118	74
118	87
118	109
118	122
118	141
118	162
118	169
118	172
118	190
118	191
118	196
118	289
118	368
118	680
118	846
119	48
119	54
119	61
119	63
119	69
119	85
119	93
119	110
119	141
119	154
119	156
119	164
119	169
119	171
119	183
119	327
119	388
119	820
120	28
120	32
120	45
120	60
120	106
120	139
120	142
120	143
120	163
120	176
120	179
120	187
120	190
120	191
120	477
120	490
120	787
120	860
121	64
121	91
121	95
121	107
121	127
121	131
121	147
121	155
121	159
121	184
121	185
121	196
121	199
121	200
121	202
121	369
121	371
121	466
121	787
122	47
122	53
122	65
122	97
122	118
122	141
122	143
122	147
122	149
122	165
122	169
122	171
122	184
122	185
122	196
122	199
122	427
122	491
122	785
123	79
123	90
123	112
123	113
123	138
123	139
123	163
123	168
123	172
123	174
123	176
123	179
123	180
123	190
123	195
123	201
123	422
123	917
123	965
124	1
124	18
124	19
124	62
124	71
124	101
124	117
124	131
124	145
124	149
124	152
124	166
124	173
124	178
124	202
124	203
124	466
124	600
124	675
125	50
125	68
125	70
125	74
125	81
125	93
125	96
125	99
125	102
125	141
125	146
125	156
125	161
125	170
125	195
125	197
125	332
125	422
125	447
125	641
126	18
126	34
126	56
126	66
126	81
126	105
126	136
126	167
126	173
126	174
126	177
126	181
126	188
126	201
126	202
126	203
126	473
126	839
126	943
126	989
127	1
127	25
127	26
127	75
127	121
127	136
127	152
127	161
127	168
127	173
127	181
127	185
127	187
127	189
127	194
127	198
127	315
127	367
127	519
127	669
128	58
128	85
128	108
128	112
128	130
128	131
128	138
128	151
128	160
128	162
128	170
128	172
128	176
128	180
128	188
128	190
128	507
128	675
128	764
128	908
129	8
129	19
129	73
129	80
129	115
129	116
129	131
129	161
129	167
129	170
129	175
129	181
129	189
129	193
129	194
129	201
129	245
129	253
129	414
129	768
130	3
130	6
130	26
130	28
130	29
130	54
130	106
130	109
130	128
130	162
130	179
130	190
130	191
130	192
130	193
130	197
130	205
130	541
130	682
130	783
131	84
131	90
131	112
131	121
131	124
131	128
131	129
131	138
131	151
131	156
131	162
131	163
131	170
131	172
131	179
131	191
131	609
131	668
131	735
131	845
132	3
132	16
132	18
132	32
132	58
132	60
132	99
132	102
132	106
132	139
132	172
132	176
132	187
132	190
132	191
132	196
132	280
132	383
132	943
132	999
133	24
133	25
133	54
133	58
133	64
133	68
133	74
133	85
133	94
133	103
133	135
133	140
133	141
133	179
133	184
133	195
133	308
133	350
133	478
133	814
134	81
134	87
134	100
134	102
134	104
134	142
134	161
134	172
134	174
134	183
134	184
134	185
134	195
134	198
134	201
134	202
134	203
134	251
134	473
134	646
134	655
135	15
135	44
135	47
135	64
135	78
135	94
135	133
135	149
135	159
135	169
135	171
135	182
135	187
135	196
135	199
135	200
135	202
135	361
135	435
135	490
135	958
136	36
136	62
136	74
136	80
136	98
136	104
136	126
136	127
136	144
136	167
136	172
136	177
136	183
136	187
136	189
136	201
136	202
136	288
136	411
136	430
136	485
137	24
137	80
137	82
137	85
137	90
137	93
137	105
137	110
137	140
137	145
137	146
137	150
137	183
137	188
137	190
137	194
137	195
137	489
137	685
137	764
137	970
138	6
138	9
138	13
138	43
138	69
138	88
138	123
138	128
138	131
138	139
138	151
138	171
138	172
138	175
138	180
138	191
138	195
138	419
138	582
138	600
138	873
139	13
139	16
139	20
139	32
139	34
139	88
139	90
139	120
139	123
139	132
139	138
139	149
139	156
139	180
139	188
139	190
139	191
139	196
139	255
139	351
139	442
139	974
140	4
140	20
140	35
140	46
140	57
140	77
140	84
140	96
140	110
140	133
140	137
140	148
140	152
140	156
140	157
140	187
140	189
140	198
140	266
140	682
140	899
140	975
141	17
141	20
141	77
141	78
141	89
141	90
141	115
141	118
141	119
141	122
141	125
141	133
141	154
141	169
141	180
141	188
141	192
141	195
141	426
141	703
141	757
141	778
142	104
142	112
142	115
142	120
142	134
142	144
142	151
142	157
142	161
142	167
142	168
142	184
142	186
142	189
142	198
142	201
142	203
142	399
142	409
142	477
142	821
142	902
143	7
143	11
143	16
143	25
143	42
143	65
143	79
143	114
143	120
143	122
143	149
143	150
143	158
143	164
143	175
143	182
143	199
143	200
143	209
143	376
143	491
143	565
143	983
144	25
144	39
144	75
144	76
144	104
144	107
144	136
144	142
144	158
144	165
144	170
144	184
144	187
144	190
144	193
144	194
144	195
144	197
144	198
144	211
144	437
144	483
144	545
145	7
145	14
145	17
145	30
145	48
145	67
145	96
145	124
145	137
145	153
145	154
145	165
145	171
145	172
145	180
145	186
145	188
145	195
145	196
145	198
145	462
145	485
145	687
145	697
146	31
146	35
146	63
146	72
146	78
146	85
146	89
146	110
146	125
146	137
146	154
146	156
146	160
146	165
146	170
146	173
146	176
146	180
146	199
146	454
146	489
146	490
146	686
146	830
147	10
147	23
147	37
147	71
147	99
147	112
147	116
147	121
147	122
147	149
147	159
147	164
147	169
147	171
147	173
147	178
147	179
147	196
147	197
147	689
147	846
147	856
147	919
147	986
148	42
148	56
148	89
148	105
148	116
148	140
148	156
148	158
148	160
148	171
148	173
148	178
148	181
148	186
148	191
148	192
148	197
148	202
148	203
148	418
148	449
148	665
148	668
148	676
149	2
149	24
149	38
149	45
149	110
149	122
149	124
149	135
149	139
149	143
149	147
149	150
149	155
149	158
149	169
149	171
149	184
149	196
149	200
149	202
149	230
149	585
149	649
149	872
149	987
150	20
150	23
150	38
150	66
150	91
150	96
150	114
150	137
150	143
150	149
150	151
150	155
150	162
150	169
150	175
150	176
150	182
150	196
150	199
150	200
150	333
150	631
150	684
150	883
150	996
151	6
151	32
151	47
151	59
151	77
151	99
151	128
151	131
151	138
151	142
151	150
151	160
151	162
151	163
151	176
151	179
151	180
151	184
151	190
151	191
151	200
151	463
151	551
151	568
151	693
151	884
152	39
152	52
152	80
152	92
152	97
152	106
152	108
152	124
152	127
152	140
152	160
152	163
152	166
152	174
152	181
152	190
152	192
152	193
152	197
152	198
152	203
152	429
152	459
152	468
152	796
152	936
153	4
153	27
153	35
153	50
153	59
153	70
153	74
153	82
153	93
153	145
153	156
153	157
153	174
153	177
153	182
153	184
153	186
153	188
153	195
153	203
153	284
153	367
153	657
153	677
153	845
153	920
154	4
154	18
154	26
154	56
154	70
154	82
154	89
154	105
154	119
154	141
154	145
154	146
154	163
154	171
154	183
154	186
154	187
154	188
154	193
154	195
154	198
154	381
154	482
154	643
154	695
154	886
155	27
155	41
155	51
155	84
155	94
155	108
155	121
155	149
155	150
155	157
155	165
155	166
155	169
155	171
155	175
155	182
155	185
155	192
155	199
155	200
155	317
155	357
155	572
155	620
155	789
155	838
156	24
156	26
156	31
156	47
156	54
156	63
156	68
156	96
156	119
156	125
156	131
156	139
156	140
156	146
156	148
156	153
156	159
156	163
156	186
156	192
156	195
156	196
156	376
156	439
156	526
156	697
156	931
157	8
157	14
157	37
157	42
157	46
157	70
157	74
157	77
157	84
157	88
157	96
157	110
157	140
157	142
157	153
157	155
157	185
157	186
157	188
157	198
157	203
157	521
157	616
157	647
157	841
157	903
157	980
158	17
158	34
158	40
158	42
158	51
158	56
158	88
158	97
158	100
158	101
158	115
158	143
158	144
158	148
158	149
158	174
158	176
158	178
158	179
158	192
158	193
158	202
158	218
158	610
158	662
158	691
158	849
159	11
159	23
159	47
159	51
159	86
159	90
159	93
159	97
159	114
159	121
159	135
159	147
159	156
159	162
159	171
159	175
159	178
159	182
159	185
159	192
159	195
159	199
159	489
159	501
159	744
159	909
159	983
160	7
160	18
160	69
160	112
160	116
160	117
160	128
160	146
160	148
160	151
160	152
160	162
160	166
160	170
160	173
160	174
160	177
160	178
160	183
160	193
160	198
160	203
160	414
160	456
160	833
160	863
160	983
160	995
161	48
161	57
161	61
161	70
161	76
161	79
161	101
161	125
161	127
161	129
161	134
161	142
161	166
161	167
161	179
161	183
161	184
161	185
161	187
161	189
161	198
161	201
161	203
161	484
161	541
161	853
161	905
161	970
161	977
162	16
162	21
162	28
162	42
162	43
162	45
162	87
162	93
162	99
162	106
162	118
162	128
162	130
162	131
162	150
162	151
162	159
162	160
162	176
162	179
162	180
162	185
162	200
162	402
162	658
162	678
162	688
162	694
162	996
163	19
163	28
163	43
163	51
163	59
163	66
163	87
163	90
163	109
163	112
163	115
163	120
163	123
163	131
163	151
163	152
163	154
163	156
163	174
163	176
163	180
163	190
163	191
163	201
163	374
163	423
163	787
163	951
163	989
164	10
164	23
164	38
164	45
164	51
164	53
164	57
164	60
164	65
164	72
164	86
164	104
164	119
164	143
164	147
164	171
164	174
164	186
164	187
164	188
164	196
164	199
164	201
164	410
164	419
164	629
164	730
164	742
164	800
165	4
165	20
165	26
165	32
165	37
165	50
165	61
165	64
165	68
165	77
165	79
165	85
165	122
165	144
165	145
165	146
165	155
165	170
165	186
165	188
165	194
165	195
165	201
165	220
165	231
165	378
165	532
165	606
165	942
166	1
166	25
166	31
166	34
166	49
166	83
166	92
166	106
166	110
166	115
166	124
166	152
166	155
166	160
166	161
166	174
166	176
166	177
166	181
166	182
166	192
166	193
166	202
166	203
166	229
166	396
166	786
166	869
166	995
166	998
167	3
167	5
167	83
167	91
167	98
167	102
167	104
167	126
167	129
167	136
167	142
167	161
167	170
167	174
167	177
167	183
167	184
167	187
167	189
167	192
167	194
167	198
167	199
167	200
167	350
167	372
167	428
167	482
167	638
167	844
168	5
168	8
168	12
168	23
168	33
168	43
168	46
168	57
168	67
168	76
168	79
168	80
168	91
168	93
168	102
168	123
168	127
168	142
168	182
168	183
168	184
168	185
168	187
168	194
168	201
168	293
168	339
168	345
168	368
168	408
168	1000
169	10
169	35
169	40
169	41
169	86
169	87
169	108
169	111
169	118
169	119
169	122
169	135
169	141
169	147
169	149
169	150
169	155
169	171
169	175
169	178
169	182
169	189
169	196
169	200
169	353
169	464
169	495
169	586
169	655
169	901
169	932
170	29
170	67
170	75
170	81
170	92
170	98
170	115
170	125
170	128
170	129
170	131
170	144
170	146
170	160
170	165
170	167
170	177
170	179
170	183
170	185
170	187
170	189
170	194
170	198
170	201
170	217
170	356
170	589
170	654
170	719
170	978
171	30
171	44
171	60
171	108
171	114
171	119
171	122
171	135
171	138
171	145
171	147
171	148
171	149
171	154
171	155
171	159
171	164
171	169
171	175
171	177
171	182
171	191
171	193
171	196
171	199
171	202
171	359
171	461
171	520
171	527
171	840
171	999
172	3
172	15
172	28
172	59
172	66
172	73
172	99
172	100
172	112
172	118
172	123
172	128
172	131
172	132
172	134
172	136
172	138
172	145
172	176
172	177
172	179
172	190
172	191
172	192
172	199
172	201
172	208
172	320
172	396
172	762
172	802
172	945
173	7
173	21
173	43
173	64
173	66
173	87
173	92
173	93
173	97
173	98
173	124
173	126
173	127
173	146
173	147
173	148
173	160
173	177
173	178
173	180
173	181
173	192
173	197
173	202
173	203
173	462
173	571
173	850
173	852
173	898
173	915
173	941
174	52
174	53
174	69
174	92
174	109
174	116
174	123
174	126
174	134
174	152
174	153
174	158
174	160
174	163
174	164
174	166
174	167
174	178
174	180
174	181
174	192
174	193
174	197
174	199
174	202
174	203
174	254
174	420
174	801
174	882
174	982
174	1000
175	1
175	18
175	22
175	30
175	47
175	53
175	55
175	91
175	102
175	106
175	107
175	114
175	129
175	138
175	143
175	150
175	155
175	159
175	169
175	171
175	182
175	194
175	195
175	197
175	199
175	200
175	377
175	381
175	487
175	633
175	683
175	772
175	784
176	3
176	6
176	31
176	52
176	80
176	87
176	98
176	109
176	112
176	116
176	117
176	120
176	123
176	128
176	132
176	146
176	150
176	151
176	158
176	162
176	163
176	166
176	172
176	180
176	181
176	190
176	191
176	240
176	307
176	407
176	652
176	679
176	793
176	817
177	1
177	7
177	41
177	49
177	69
177	83
177	100
177	108
177	114
177	117
177	126
177	136
177	153
177	160
177	166
177	167
177	170
177	171
177	172
177	173
177	187
177	192
177	193
177	194
177	197
177	202
177	203
177	313
177	463
177	480
177	486
177	578
177	657
177	664
178	23
178	28
178	41
178	44
178	49
178	66
178	83
178	89
178	92
178	100
178	101
178	104
178	117
178	124
178	147
178	148
178	158
178	159
178	160
178	169
178	173
178	174
178	179
178	189
178	191
178	197
178	202
178	203
178	278
178	644
178	676
178	770
178	823
178	843
179	13
179	15
179	43
179	44
179	58
179	60
179	80
179	87
179	95
179	99
179	106
179	117
179	120
179	123
179	130
179	131
179	133
179	147
179	151
179	158
179	161
179	162
179	170
179	172
179	178
179	180
179	190
179	191
179	205
179	474
179	537
179	670
179	758
179	813
179	966
180	15
180	28
180	59
180	61
180	80
180	90
180	99
180	109
180	123
180	128
180	138
180	139
180	141
180	145
180	146
180	151
180	162
180	163
180	173
180	174
180	176
180	179
180	183
180	186
180	190
180	191
180	196
180	200
180	331
180	430
180	607
180	620
180	784
180	803
180	837
181	2
181	3
181	18
181	36
181	40
181	44
181	49
181	56
181	63
181	72
181	97
181	99
181	103
181	107
181	126
181	127
181	129
181	148
181	152
181	166
181	173
181	174
181	176
181	184
181	196
181	197
181	201
181	203
181	276
181	335
181	391
181	417
181	436
181	498
181	849
182	22
182	45
182	48
182	65
182	91
182	95
182	97
182	106
182	108
182	111
182	112
182	135
182	143
182	150
182	153
182	155
182	159
182	166
182	168
182	169
182	171
182	175
182	188
182	196
182	198
182	199
182	200
182	202
182	365
182	560
182	591
182	592
182	853
182	897
182	913
183	5
183	9
183	13
183	19
183	28
183	35
183	36
183	73
183	86
183	104
183	119
183	134
183	136
183	137
183	154
183	160
183	161
183	167
183	168
183	170
183	180
183	184
183	185
183	187
183	189
183	190
183	194
183	198
183	218
183	287
183	330
183	467
183	478
183	598
183	742
184	8
184	19
184	22
184	29
184	62
184	73
184	78
184	81
184	84
184	102
184	115
184	121
184	122
184	133
184	134
184	142
184	144
184	149
184	151
184	153
184	161
184	167
184	168
184	181
184	183
184	185
184	194
184	198
184	201
184	339
184	412
184	471
184	476
184	546
184	695
184	952
185	9
185	33
185	57
185	62
185	70
185	73
185	87
185	98
185	110
185	121
185	122
185	127
185	134
185	155
185	157
185	159
185	161
185	162
185	168
185	170
185	183
185	184
185	187
185	189
185	194
185	198
185	199
185	201
185	202
185	458
185	487
185	503
185	659
185	871
185	946
185	954
186	12
186	14
186	20
186	21
186	26
186	35
186	41
186	46
186	50
186	61
186	70
186	82
186	84
186	94
186	113
186	142
186	145
186	148
186	153
186	154
186	156
186	157
186	164
186	165
186	180
186	187
186	188
186	190
186	198
186	200
186	487
186	511
186	561
186	724
186	850
186	906
186	981
187	9
187	25
187	33
187	52
187	75
187	76
187	81
187	88
187	115
187	120
187	127
187	132
187	135
187	136
187	140
187	144
187	154
187	161
187	164
187	167
187	168
187	170
187	177
187	183
187	185
187	186
187	189
187	193
187	194
187	201
187	244
187	459
187	557
187	599
187	728
187	870
187	910
188	6
188	31
188	48
188	50
188	64
188	82
188	86
188	88
188	93
188	101
188	105
188	110
188	113
188	126
188	128
188	137
188	139
188	141
188	145
188	153
188	154
188	157
188	164
188	165
188	182
188	186
188	195
188	196
188	201
188	202
188	280
188	322
188	570
188	776
188	817
188	832
188	852
189	29
189	33
189	55
189	67
189	79
189	94
189	95
189	102
189	104
189	111
189	117
189	127
189	129
189	136
189	140
189	142
189	161
189	167
189	169
189	170
189	178
189	183
189	185
189	187
189	190
189	192
189	194
189	197
189	198
189	199
189	201
189	368
189	459
189	478
189	665
189	696
189	778
189	829
190	12
190	16
190	43
190	47
190	50
190	80
190	90
190	95
190	112
190	118
190	120
190	123
190	128
190	130
190	132
190	137
190	139
190	144
190	151
190	152
190	163
190	172
190	176
190	179
190	180
190	183
190	186
190	189
190	191
190	196
190	199
190	418
190	424
190	434
190	475
190	666
190	675
190	685
190	924
191	8
191	10
191	13
191	15
191	17
191	63
191	72
191	80
191	87
191	99
191	107
191	109
191	118
191	120
191	130
191	131
191	132
191	138
191	139
191	148
191	151
191	163
191	171
191	172
191	176
191	178
191	179
191	180
191	190
191	195
191	203
191	274
191	297
191	465
191	667
191	792
191	793
191	950
191	976
192	2
192	9
192	66
192	69
192	82
192	92
192	97
192	100
192	101
192	103
192	130
192	141
192	148
192	152
192	155
192	156
192	158
192	159
192	166
192	167
192	172
192	173
192	174
192	177
192	189
192	193
192	195
192	197
192	198
192	202
192	203
192	270
192	381
192	628
192	799
192	850
192	900
192	901
192	936
193	1
193	2
193	5
193	11
193	21
193	27
193	44
193	56
193	72
193	84
193	97
193	101
193	107
193	116
193	129
193	130
193	144
193	152
193	154
193	158
193	160
193	166
193	171
193	174
193	177
193	187
193	192
193	197
193	198
193	201
193	202
193	203
193	382
193	428
193	441
193	467
193	691
193	717
193	808
193	872
194	4
194	19
194	31
194	36
194	41
194	57
194	67
194	72
194	75
194	79
194	86
194	89
194	98
194	110
194	127
194	129
194	137
194	144
194	165
194	167
194	168
194	170
194	175
194	177
194	183
194	184
194	185
194	187
194	189
194	198
194	199
194	201
194	289
194	379
194	436
194	437
194	484
194	582
194	732
194	977
195	26
195	31
195	61
195	63
195	64
195	67
195	68
195	75
195	82
195	88
195	93
195	96
195	99
195	101
195	105
195	110
195	123
195	125
195	133
195	134
195	137
195	138
195	141
195	144
195	145
195	153
195	154
195	156
195	159
195	165
195	175
195	188
195	191
195	192
195	203
195	382
195	441
195	577
195	633
195	640
195	682
195	789
195	959
196	11
196	15
196	22
196	45
196	51
196	60
196	67
196	91
196	94
196	95
196	101
196	103
196	105
196	107
196	108
196	111
196	118
196	121
196	122
196	132
196	135
196	139
196	145
196	147
196	149
196	150
196	156
196	164
196	169
196	171
196	180
196	181
196	182
196	188
196	190
196	199
196	443
196	473
196	581
196	786
196	833
196	848
196	858
196	972
197	7
197	21
197	27
197	39
197	40
197	41
197	48
197	49
197	52
197	62
197	68
197	73
197	90
197	100
197	101
197	103
197	104
197	117
197	125
197	130
197	144
197	147
197	148
197	152
197	173
197	174
197	175
197	177
197	178
197	181
197	189
197	192
197	193
197	201
197	202
197	203
197	290
197	312
197	331
197	433
197	470
197	472
197	513
197	748
197	988
198	8
198	9
198	11
198	21
198	57
198	67
198	73
198	75
198	76
198	81
198	102
198	115
198	127
198	134
198	140
198	142
198	144
198	145
198	152
198	154
198	157
198	160
198	161
198	167
198	170
198	182
198	183
198	184
198	185
198	186
198	189
198	192
198	193
198	194
198	200
198	201
198	392
198	453
198	480
198	590
198	685
198	697
198	833
198	840
198	985
199	2
199	16
199	30
199	36
199	47
199	50
199	51
199	55
199	71
199	86
199	91
199	94
199	95
199	100
199	108
199	121
199	122
199	135
199	143
199	146
199	150
199	155
199	159
199	164
199	167
199	171
199	172
199	174
199	175
199	182
199	185
199	189
199	190
199	194
199	196
199	200
199	202
199	336
199	371
199	425
199	452
199	457
199	622
199	807
199	916
199	991
200	11
200	17
200	19
200	22
200	30
200	37
200	38
200	52
200	55
200	60
200	63
200	68
200	71
200	76
200	86
200	94
200	95
200	107
200	111
200	121
200	135
200	143
200	149
200	150
200	151
200	155
200	162
200	167
200	169
200	175
200	180
200	182
200	186
200	198
200	199
200	201
200	203
200	276
200	279
200	403
200	440
200	479
200	518
200	646
200	849
200	971
200	998
201	29
201	30
201	36
201	38
201	40
201	57
201	62
201	67
201	73
201	75
201	76
201	98
201	101
201	102
201	123
201	126
201	129
201	134
201	136
201	142
201	161
201	163
201	164
201	165
201	168
201	170
201	172
201	181
201	184
201	185
201	187
201	188
201	189
201	193
201	194
201	197
201	198
201	200
201	282
201	341
201	358
201	672
201	797
201	811
201	831
201	843
201	978
202	2
202	20
202	21
202	27
202	34
202	39
202	40
202	42
202	46
202	49
202	69
202	72
202	82
202	83
202	103
202	109
202	117
202	121
202	124
202	126
202	134
202	135
202	136
202	148
202	149
202	158
202	166
202	171
202	173
202	174
202	177
202	178
202	182
202	185
202	188
202	192
202	193
202	197
202	199
202	334
202	346
202	385
202	392
202	574
202	659
202	677
202	681
202	774
202	966
203	4
203	12
203	14
203	27
203	33
203	34
203	41
203	42
203	44
203	52
203	62
203	66
203	71
203	83
203	100
203	104
203	116
203	117
203	124
203	126
203	134
203	142
203	148
203	152
203	153
203	157
203	160
203	161
203	166
203	173
203	174
203	177
203	178
203	181
203	191
203	192
203	193
203	195
203	197
203	200
203	249
203	397
203	418
203	442
203	452
203	652
203	704
203	908
203	978
203	998
204	95
204	232
204	236
204	267
204	420
204	424
204	450
204	451
204	489
204	851
205	130
205	179
205	237
205	279
205	354
205	388
205	391
205	438
205	447
205	479
206	221
206	286
206	323
206	344
206	447
206	462
206	478
206	488
206	572
206	815
207	37
207	240
207	262
207	298
207	343
207	409
207	416
207	458
207	491
207	711
208	172
208	382
208	452
208	466
208	469
208	475
208	480
208	481
208	483
208	977
209	143
209	259
209	378
209	388
209	389
209	390
209	396
209	434
209	479
209	791
210	326
210	349
210	393
210	397
210	400
210	414
210	489
210	491
210	632
210	962
211	144
211	218
211	241
211	383
211	406
211	439
211	447
211	451
211	489
211	656
212	3
212	293
212	352
212	434
212	443
212	449
212	456
212	466
212	485
212	835
213	228
213	383
213	405
213	462
213	464
213	476
213	485
213	488
213	688
213	810
214	366
214	392
214	395
214	400
214	424
214	431
214	458
214	491
214	849
214	978
215	239
215	383
215	384
215	440
215	450
215	461
215	469
215	489
215	949
215	969
216	108
216	365
216	460
216	461
216	463
216	468
216	479
216	481
216	487
216	852
217	170
217	259
217	316
217	449
217	454
217	460
217	468
217	481
217	487
217	893
218	158
218	183
218	211
218	299
218	415
218	452
218	473
218	475
218	482
218	483
219	235
219	305
219	373
219	407
219	418
219	436
219	459
219	476
219	868
219	979
220	165
220	292
220	431
220	435
220	453
220	460
220	461
220	481
220	487
220	710
221	206
221	293
221	313
221	406
221	411
221	413
221	455
221	472
221	833
221	928
222	300
222	305
222	307
222	414
222	418
222	445
222	467
222	476
222	587
222	689
223	226
223	309
223	352
223	446
223	451
223	453
223	469
223	471
223	704
223	759
224	290
224	368
224	442
224	461
224	468
224	481
224	484
224	487
224	984
224	999
225	114
225	310
225	385
225	387
225	395
225	449
225	474
225	486
225	490
225	740
226	223
226	407
226	423
226	439
226	457
226	460
226	472
226	484
226	899
226	981
227	324
227	352
227	425
227	434
227	435
227	447
227	466
227	485
227	739
227	851
228	213
228	302
228	311
228	462
228	464
228	475
228	478
228	487
228	692
228	739
229	16
229	166
229	297
229	321
229	328
229	329
229	338
229	365
229	476
229	488
230	149
230	249
230	353
230	361
230	437
230	443
230	453
230	466
230	490
230	974
231	165
231	280
231	310
231	378
231	396
231	397
231	458
231	483
231	491
231	526
232	204
232	241
232	245
232	276
232	329
232	405
232	439
232	449
232	542
232	699
233	316
233	343
233	404
233	416
233	425
233	431
233	478
233	491
233	636
233	846
234	51
234	326
234	378
234	416
234	427
234	431
234	467
234	470
234	491
234	960
235	32
235	219
235	407
235	435
235	449
235	461
235	468
235	476
235	487
235	583
236	204
236	244
236	311
236	371
236	422
236	456
236	462
236	478
236	922
236	968
237	205
237	272
237	319
237	371
237	428
237	436
237	445
237	463
237	597
237	651
238	268
238	360
238	379
238	402
238	419
238	457
238	482
238	484
238	684
238	732
239	95
239	215
239	334
239	341
239	359
239	372
239	394
239	442
239	481
239	852
240	176
240	207
240	267
240	389
240	391
240	392
240	398
240	400
240	479
240	562
241	211
241	232
241	247
241	322
241	358
241	413
241	444
241	451
241	613
241	638
242	116
242	412
242	436
242	449
242	462
242	464
242	466
242	470
242	478
242	488
242	770
243	39
243	57
243	269
243	380
243	401
243	453
243	454
243	460
243	474
243	484
243	683
244	187
244	236
244	294
244	341
244	404
244	424
244	425
244	432
244	438
244	466
244	990
245	129
245	232
245	274
245	336
245	436
245	447
245	467
245	474
245	477
245	487
245	1000
246	114
246	264
246	295
246	456
246	471
246	474
246	482
246	485
246	490
246	491
246	895
247	111
247	241
247	249
247	330
247	391
247	404
247	411
247	425
247	430
247	437
247	631
248	258
248	317
248	355
248	396
248	413
248	431
248	434
248	463
248	491
248	737
248	956
249	203
249	230
249	247
249	276
249	334
249	356
249	379
249	425
249	456
249	478
249	855
250	316
250	385
250	410
250	418
250	440
250	450
250	473
250	475
250	480
250	756
250	973
251	134
251	273
251	337
251	365
251	401
251	457
251	473
251	477
251	482
251	490
251	678
252	344
252	402
252	420
252	430
252	432
252	442
252	455
252	469
252	489
252	594
252	626
253	129
253	259
253	294
253	309
253	390
253	419
253	431
253	479
253	481
253	538
253	687
254	174
254	275
254	294
254	391
254	407
254	411
254	426
254	438
254	479
254	491
254	796
255	90
255	139
255	278
255	313
255	319
255	345
255	448
255	462
255	463
255	477
255	649
256	376
256	378
256	425
256	444
256	461
256	468
256	481
256	487
256	589
256	638
256	695
257	322
257	363
257	373
257	445
257	453
257	454
257	465
257	472
257	484
257	564
257	721
258	248
258	300
258	387
258	393
258	396
258	431
258	486
258	491
258	508
258	624
258	794
259	209
259	217
259	253
259	270
259	329
259	390
259	421
259	422
259	438
259	579
259	993
260	294
260	322
260	372
260	378
260	405
260	455
260	460
260	477
260	489
260	852
260	967
261	302
261	369
261	393
261	453
261	456
261	474
261	482
261	485
261	490
261	681
261	835
262	207
262	269
262	307
262	367
262	404
262	405
262	441
262	443
262	485
262	575
262	654
263	408
263	412
263	413
263	417
263	420
263	462
263	465
263	486
263	489
263	759
263	826
264	72
264	246
264	270
264	309
264	384
264	385
264	438
264	455
264	486
264	539
264	997
265	291
265	311
265	409
265	419
265	464
265	467
265	476
265	478
265	488
265	927
265	998
266	140
266	374
266	424
266	427
266	433
266	435
266	449
266	476
266	481
266	487
266	495
267	204
267	240
267	323
267	332
267	392
267	421
267	426
267	438
267	473
267	779
267	852
268	238
268	286
268	407
268	408
268	474
268	481
268	484
268	487
268	490
268	720
268	876
269	243
269	262
269	356
269	376
269	399
269	402
269	404
269	466
269	485
269	809
269	885
270	192
270	259
270	264
270	340
270	344
270	389
270	419
270	432
270	438
270	479
270	977
271	282
271	305
271	383
271	412
271	427
271	442
271	446
271	455
271	489
271	500
271	933
272	237
272	313
272	394
272	410
272	473
272	475
272	479
272	480
272	483
272	515
272	564
272	799
273	251
273	365
273	374
273	432
273	456
273	473
273	474
273	477
273	482
273	484
273	905
273	942
274	191
274	245
274	347
274	428
274	434
274	445
274	447
274	454
274	463
274	472
274	488
274	1000
275	254
275	293
275	367
275	388
275	421
275	426
275	436
275	438
275	463
275	479
275	813
275	828
276	181
276	200
276	232
276	249
276	372
276	417
276	442
276	455
276	469
276	487
276	488
276	489
277	290
277	345
277	411
277	428
277	448
277	454
277	463
277	464
277	467
277	677
277	681
277	824
278	178
278	255
278	314
278	338
278	371
278	391
278	422
278	464
278	476
278	482
278	488
278	771
279	112
279	200
279	205
279	307
279	355
279	363
279	396
279	418
279	445
279	467
279	477
279	671
280	132
280	188
280	231
280	346
280	357
280	361
280	379
280	430
280	437
280	451
280	485
280	656
281	391
281	393
281	394
281	395
281	397
281	416
281	452
281	458
281	491
281	872
281	926
281	988
282	201
282	271
282	407
282	408
282	427
282	448
282	471
282	482
282	484
282	486
282	490
282	944
283	89
283	303
283	312
283	339
283	371
283	424
283	464
283	470
283	476
283	478
283	486
283	767
284	153
284	323
284	355
284	368
284	371
284	450
284	461
284	462
284	469
284	470
284	488
284	712
285	329
285	338
285	345
285	357
285	360
285	366
285	422
285	476
285	488
285	490
285	559
285	965
286	34
286	206
286	268
286	348
286	357
286	361
286	388
286	443
286	460
286	485
286	531
286	619
287	106
287	183
287	320
287	325
287	383
287	424
287	446
287	453
287	482
287	486
287	490
287	986
288	136
288	352
288	420
288	428
288	447
288	454
288	457
288	460
288	463
288	467
288	472
288	839
289	118
289	194
289	310
289	312
289	415
289	419
289	438
289	440
289	452
289	473
289	480
289	483
290	197
290	224
290	277
290	351
290	420
290	433
290	439
290	460
290	470
290	481
290	487
290	687
291	44
291	265
291	308
291	340
291	354
291	404
291	419
291	421
291	438
291	448
291	692
291	809
292	220
292	349
292	387
292	398
292	401
292	428
292	452
292	454
292	465
292	467
292	477
292	818
292	986
293	64
293	168
293	212
293	221
293	275
293	321
293	364
293	386
293	418
293	420
293	448
293	463
293	915
294	244
294	253
294	254
294	260
294	351
294	354
294	391
294	426
294	465
294	479
294	681
294	689
294	769
295	246
295	353
295	386
295	415
295	429
295	444
295	454
295	459
295	466
295	467
295	477
295	577
295	834
296	59
296	352
296	370
296	376
296	391
296	419
296	433
296	468
296	481
296	484
296	487
296	629
296	998
297	32
297	191
297	229
297	379
297	382
297	439
297	440
297	443
297	473
297	475
297	480
297	483
297	820
298	207
298	303
298	308
298	342
298	354
298	388
298	389
298	392
298	427
298	479
298	511
298	678
298	697
299	218
299	342
299	371
299	372
299	427
299	462
299	464
299	470
299	476
299	478
299	488
299	629
299	770
300	86
300	94
300	222
300	258
300	327
300	330
300	348
300	369
300	384
300	424
300	425
300	437
300	485
301	318
301	347
301	353
301	388
301	398
301	414
301	426
301	431
301	439
301	469
301	489
301	645
301	662
302	228
302	261
302	322
302	347
302	359
302	398
302	402
302	417
302	432
302	468
302	489
302	697
302	851
303	283
303	298
303	333
303	365
303	442
303	453
303	456
303	474
303	482
303	486
303	502
303	510
303	645
304	2
304	308
304	333
304	354
304	391
304	401
304	419
304	421
304	462
304	479
304	488
304	622
304	783
305	219
305	222
305	271
305	383
305	429
305	459
305	465
305	466
305	477
305	479
305	669
305	842
305	844
306	320
306	389
306	400
306	403
306	409
306	411
306	415
306	473
306	475
306	480
306	483
306	636
306	716
307	21
307	176
307	222
307	262
307	279
307	345
307	349
307	353
307	367
307	377
307	381
307	408
307	472
307	962
308	62
308	133
308	291
308	298
308	304
308	338
308	354
308	363
308	390
308	426
308	450
308	461
308	479
308	613
309	223
309	253
309	264
309	319
309	336
309	359
309	360
309	423
309	457
309	471
309	482
309	484
309	648
309	954
310	80
310	225
310	231
310	289
310	313
310	319
310	410
310	432
310	452
310	473
310	475
310	480
310	483
310	639
311	228
311	236
311	265
311	346
311	356
311	374
311	454
311	462
311	463
311	464
311	476
311	925
311	934
311	991
312	18
312	197
312	283
312	289
312	343
312	350
312	352
312	395
312	400
312	431
312	441
312	458
312	491
312	650
313	177
313	221
313	255
313	272
313	310
313	363
313	364
313	368
313	396
313	429
313	459
313	462
313	467
313	980
314	278
314	330
314	335
314	369
314	386
314	403
314	440
314	473
314	475
314	480
314	483
314	569
314	836
314	960
315	102
315	127
315	376
315	403
315	433
315	449
315	451
315	460
315	468
315	477
315	481
315	487
315	491
315	709
316	4
316	217
316	233
316	250
316	337
316	350
316	393
316	396
316	397
316	402
316	458
316	459
316	846
316	864
317	155
317	248
317	350
317	362
317	378
317	395
317	415
317	416
317	431
317	458
317	472
317	486
317	491
317	605
318	301
318	320
318	394
318	403
318	415
318	418
318	440
318	474
318	475
318	480
318	483
318	485
318	726
318	832
319	237
319	255
319	309
319	310
319	334
319	381
319	403
319	428
319	467
319	477
319	482
319	794
319	817
319	828
320	172
320	287
320	306
320	318
320	394
320	399
320	452
320	473
320	475
320	477
320	480
320	483
320	484
320	670
321	229
321	293
321	325
321	336
321	377
321	443
321	445
321	459
321	463
321	472
321	473
321	474
321	852
321	954
322	188
322	241
322	257
322	260
322	302
322	326
322	347
322	398
322	400
322	411
322	414
322	469
322	640
322	845
323	206
323	267
323	284
323	344
323	371
323	395
323	422
323	452
323	460
323	470
323	478
323	526
323	548
323	780
324	227
324	341
324	370
324	402
324	405
324	412
324	439
324	442
324	451
324	453
324	456
324	688
324	715
324	892
325	287
325	321
325	369
325	375
325	444
325	450
325	451
325	471
325	477
325	484
325	490
325	667
325	840
325	971
326	210
326	234
326	322
326	342
326	396
326	397
326	416
326	451
326	452
326	473
326	491
326	696
326	770
326	844
327	119
327	300
327	328
327	348
327	356
327	357
327	364
327	396
327	418
327	430
327	441
327	466
327	489
327	643
327	990
328	229
328	327
328	345
328	349
328	355
328	386
328	443
328	462
328	464
328	470
328	476
328	488
328	647
328	953
328	995
329	61
329	229
329	232
329	259
329	285
329	344
329	385
329	422
329	434
329	462
329	470
329	478
329	488
329	788
329	971
330	183
330	247
330	300
330	314
330	367
330	399
330	413
330	434
330	437
330	456
330	466
330	484
330	485
330	714
330	823
331	180
331	197
331	351
331	373
331	395
331	427
331	449
331	460
331	461
331	465
331	470
331	476
331	481
331	487
331	983
332	125
332	267
332	340
332	375
332	390
332	392
332	399
332	407
332	421
332	426
332	438
332	457
332	485
332	896
332	968
333	75
333	150
333	303
333	304
333	366
333	381
333	431
333	453
333	457
333	458
333	482
333	486
333	489
333	490
333	583
334	202
334	239
334	249
334	319
334	386
334	397
334	414
334	436
334	448
334	454
334	459
334	477
334	485
334	639
334	649
335	181
335	314
335	358
335	403
335	440
335	445
335	446
335	452
335	465
335	473
335	475
335	480
335	483
335	566
335	567
336	199
336	245
336	309
336	321
336	363
336	371
336	377
336	381
336	408
336	418
336	428
336	465
336	484
336	522
336	958
337	251
337	316
337	343
337	348
337	366
337	393
337	400
337	409
337	431
337	438
337	458
337	491
337	692
337	715
337	926
338	229
338	278
338	285
338	308
338	351
338	374
338	407
338	422
338	462
338	470
338	476
338	485
338	488
338	851
338	852
338	982
339	168
339	184
339	283
339	412
339	422
339	458
339	462
339	464
339	466
339	470
339	476
339	479
339	483
339	488
339	836
339	848
340	270
340	291
340	332
340	377
340	389
340	419
340	421
340	426
340	440
340	447
340	458
340	471
340	479
340	852
340	968
340	981
341	201
341	239
341	244
341	324
341	359
341	390
341	412
341	417
341	429
341	450
341	451
341	469
341	486
341	490
341	976
341	997
342	31
342	298
342	299
342	326
342	427
342	428
342	435
342	449
342	459
342	460
342	461
342	468
342	481
342	487
342	530
342	571
343	207
343	233
343	312
343	337
343	349
343	371
343	380
343	397
343	409
343	415
343	458
343	480
343	491
343	542
343	965
343	966
344	29
344	206
344	252
344	270
344	323
344	329
344	355
344	410
344	466
344	470
344	476
344	478
344	488
344	489
344	675
344	819
345	168
345	255
345	277
345	285
345	307
345	328
345	346
345	382
345	434
345	464
345	470
345	476
345	478
345	488
345	706
345	801
346	202
346	280
346	311
346	345
346	404
346	422
346	454
346	457
346	462
346	464
346	470
346	476
346	478
346	479
346	976
346	999
347	274
347	301
347	302
347	322
347	392
347	395
347	413
347	439
347	455
347	466
347	469
347	482
347	489
347	543
347	643
347	825
348	286
348	300
348	327
348	337
348	356
348	367
348	380
348	399
348	424
348	432
348	438
348	440
348	485
348	496
348	618
348	782
349	210
349	292
349	307
349	328
349	343
349	381
349	386
349	428
349	448
349	467
349	471
349	474
349	477
349	661
349	753
349	909
350	133
350	167
350	312
350	316
350	317
350	355
350	379
350	395
350	396
350	409
350	412
350	431
350	444
350	456
350	458
350	491
350	718
351	17
351	139
351	290
351	294
351	331
351	338
351	370
351	427
351	433
351	435
351	458
351	460
351	468
351	474
351	481
351	487
351	542
352	212
352	223
352	227
352	288
352	296
352	312
352	356
352	358
352	399
352	432
352	434
352	443
352	455
352	485
352	519
352	681
352	808
353	7
353	169
353	230
353	295
353	301
353	307
353	368
353	436
353	447
353	449
353	459
353	465
353	468
353	477
353	480
353	653
353	956
354	94
354	205
354	291
354	294
354	298
354	304
354	308
354	393
354	394
354	399
354	419
354	426
354	442
354	459
354	479
354	628
354	765
355	33
355	248
355	279
355	284
355	328
355	344
355	350
355	422
355	464
355	470
355	476
355	478
355	485
355	488
355	490
355	686
355	763
356	170
356	249
356	269
356	311
356	327
356	348
356	352
356	357
356	358
356	362
356	403
356	407
356	408
356	414
356	432
356	552
356	680
357	155
357	280
357	285
357	286
357	327
357	356
357	377
357	387
357	424
357	437
357	443
357	456
357	461
357	466
357	485
357	567
357	727
358	201
358	241
358	335
358	352
358	356
358	367
358	379
358	416
358	424
358	430
358	432
358	433
358	443
358	445
358	485
358	599
358	962
359	56
359	171
359	239
359	302
359	309
359	341
359	383
359	413
359	429
359	444
359	450
359	451
359	465
359	469
359	478
359	489
359	798
360	238
360	285
360	309
360	365
360	369
360	376
360	387
360	401
360	405
360	421
360	457
360	484
360	486
360	640
360	653
360	755
360	966
361	135
361	230
361	280
361	286
361	401
361	423
361	432
361	434
361	437
361	441
361	466
361	467
361	472
361	488
361	678
361	741
361	957
362	45
362	317
362	356
362	398
362	402
362	412
362	439
362	440
362	450
362	451
362	455
362	461
362	488
362	489
362	603
362	634
362	792
363	22
363	257
363	279
363	308
363	313
363	336
363	373
363	390
363	394
363	405
363	411
363	429
363	457
363	463
363	472
363	685
363	772
364	69
364	76
364	293
364	313
364	327
364	373
364	377
364	425
364	436
364	448
364	452
364	463
364	467
364	469
364	472
364	692
364	914
365	182
365	216
365	229
365	251
365	273
365	303
365	360
365	380
365	407
365	410
365	411
365	431
365	453
365	456
365	479
365	486
365	598
365	673
366	214
366	285
366	333
366	337
366	369
366	375
366	384
366	407
366	423
366	430
366	441
366	456
366	457
366	486
366	554
366	615
366	703
366	705
367	127
367	153
367	262
367	275
367	307
367	330
367	348
367	358
367	404
367	423
367	424
367	437
367	441
367	460
367	479
367	489
367	756
367	851
368	118
368	168
368	189
368	224
368	284
368	313
368	353
368	406
368	429
368	442
368	445
368	447
368	454
368	464
368	472
368	487
368	491
368	514
369	121
369	261
369	300
369	314
369	325
369	360
369	366
369	375
369	457
369	464
369	470
369	475
369	482
369	486
369	490
369	672
369	824
369	993
370	48
370	296
370	324
370	351
370	384
370	388
370	427
370	435
370	442
370	449
370	450
370	461
370	467
370	468
370	481
370	487
370	773
370	957
371	121
371	199
371	236
371	237
371	278
371	283
371	284
371	299
371	323
371	336
371	343
371	375
371	408
371	448
371	470
371	478
371	488
371	681
372	167
372	239
372	260
372	276
372	299
372	405
372	413
372	414
372	420
372	422
372	425
372	435
372	439
372	451
372	469
372	484
372	488
372	713
372	798
373	219
373	257
373	331
373	363
373	364
373	406
373	410
373	448
373	453
373	454
373	461
373	463
373	465
373	473
373	487
373	539
373	686
373	774
373	904
374	163
374	266
374	273
374	311
374	338
374	375
374	423
374	444
374	446
374	457
374	460
374	467
374	482
374	484
374	486
374	490
374	637
374	679
374	897
375	325
375	332
375	366
375	369
375	371
375	374
375	377
375	380
375	408
375	420
375	422
375	446
375	479
375	484
375	490
375	648
375	950
375	982
375	1000
376	143
376	156
376	256
376	269
376	296
376	315
376	360
376	423
376	427
376	433
376	449
376	457
376	460
376	461
376	481
376	484
376	487
376	897
376	946
377	71
377	175
377	307
377	321
377	336
377	340
377	357
377	364
377	375
377	391
377	413
377	447
377	448
377	458
377	465
377	472
377	477
377	634
377	838
378	165
378	209
378	231
378	234
378	256
378	260
378	317
378	384
378	396
378	400
378	409
378	416
378	430
378	431
378	464
378	491
378	643
378	992
378	994
379	37
379	194
379	238
379	249
379	280
379	297
379	350
379	358
379	404
379	416
379	424
379	425
379	432
379	433
379	437
379	441
379	466
379	481
379	819
380	243
380	343
380	348
380	365
380	375
380	385
380	405
380	412
380	434
380	442
380	444
380	457
380	471
380	474
380	486
380	556
380	748
380	877
380	957
381	154
381	175
381	192
381	307
381	319
381	333
381	336
381	349
381	392
381	397
381	406
381	411
381	429
381	431
381	445
381	454
381	467
381	476
381	484
382	193
382	195
382	208
382	297
382	345
382	392
382	394
382	406
382	410
382	415
382	440
382	452
382	463
382	475
382	480
382	483
382	487
382	669
382	959
383	81
383	103
383	132
383	211
383	213
383	215
383	271
383	287
383	305
383	359
383	394
383	398
383	412
383	419
383	439
383	446
383	450
383	455
383	489
383	738
384	58
384	215
384	264
384	300
384	366
384	370
384	378
384	385
384	401
384	437
384	444
384	446
384	457
384	471
384	473
384	474
384	490
384	592
384	831
384	973
385	24
385	202
385	225
385	250
385	264
385	329
385	380
385	384
385	417
385	421
385	423
385	444
385	445
385	446
385	457
385	463
385	484
385	486
385	684
385	925
386	20
386	293
386	295
386	314
386	328
386	334
386	349
386	406
386	411
386	419
386	445
386	447
386	450
386	463
386	465
386	480
386	482
386	528
386	850
386	963
387	69
387	225
387	258
387	292
387	357
387	360
387	408
387	417
387	423
387	457
387	464
387	469
387	474
387	482
387	484
387	486
387	490
387	816
387	853
387	942
388	54
388	119
388	205
388	209
388	275
388	286
388	298
388	301
388	370
388	389
388	390
388	391
388	392
388	438
388	441
388	454
388	479
388	484
388	534
388	752
389	209
389	240
389	270
389	298
389	306
389	340
389	388
389	392
389	419
389	421
389	425
389	438
389	444
389	449
389	489
389	491
389	767
389	811
389	841
389	927
390	209
390	253
390	259
390	308
390	332
390	341
390	363
390	388
390	391
390	392
390	419
390	426
390	449
390	472
390	475
390	486
390	596
390	597
390	744
390	796
391	181
391	205
391	240
391	247
391	254
391	278
391	281
391	294
391	296
391	304
391	377
391	388
391	390
391	426
391	438
391	479
391	481
391	659
391	786
391	809
392	198
392	202
392	214
392	240
392	267
392	298
392	332
392	347
392	381
392	382
392	388
392	389
392	390
392	393
392	421
392	438
392	441
392	479
392	494
392	527
392	644
393	210
393	258
393	261
393	281
393	316
393	337
393	354
393	392
393	400
393	409
393	428
393	431
393	458
393	486
393	490
393	491
393	512
393	614
393	661
393	806
393	920
394	239
394	272
394	281
394	318
394	320
394	354
394	363
394	382
394	383
394	415
394	448
394	452
394	457
394	473
394	475
394	480
394	483
394	692
394	836
394	976
394	986
395	214
395	225
395	281
395	312
395	317
395	323
395	331
395	347
395	350
395	396
395	397
395	409
395	431
395	458
395	465
395	488
395	491
395	583
395	692
395	839
395	874
396	71
396	166
396	172
396	209
396	231
396	248
396	258
396	279
396	313
396	316
396	326
396	327
396	350
396	378
396	395
396	409
396	458
396	464
396	481
396	491
396	991
397	203
397	210
397	231
397	281
397	316
397	326
397	334
397	343
397	381
397	395
397	400
397	409
397	437
397	442
397	448
397	488
397	491
397	653
397	656
397	782
397	991
398	240
398	292
398	301
398	302
398	322
398	362
398	383
398	401
398	402
398	413
398	414
398	450
398	455
398	463
398	489
398	490
398	491
398	587
398	614
398	650
398	668
399	112
399	142
399	269
399	320
399	330
399	332
399	348
399	352
399	354
399	410
399	418
399	430
399	433
399	434
399	441
399	443
399	466
399	470
399	485
399	830
399	963
400	73
400	210
400	214
400	240
400	306
400	312
400	322
400	337
400	378
400	393
400	397
400	416
400	423
400	458
400	470
400	472
400	486
400	491
400	749
400	834
400	847
401	80
401	243
401	251
401	292
401	304
401	360
401	361
401	384
401	398
401	407
401	446
401	447
401	453
401	471
401	476
401	482
401	487
401	490
401	664
401	690
401	714
402	18
402	162
402	238
402	252
402	269
402	302
402	316
402	324
402	362
402	398
402	411
402	414
402	420
402	439
402	444
402	448
402	451
402	455
402	472
402	489
402	513
402	685
403	200
403	306
403	314
403	315
403	318
403	319
403	335
403	356
403	410
403	433
403	447
403	452
403	471
403	473
403	475
403	480
403	483
403	489
403	639
403	760
403	818
403	849
404	233
404	244
404	247
404	262
404	269
404	291
404	346
404	367
404	379
404	424
404	432
404	436
404	437
404	440
404	454
404	480
404	485
404	773
404	810
404	836
404	842
404	935
405	14
405	213
405	232
405	260
405	262
405	324
405	360
405	363
405	372
405	380
405	414
405	417
405	418
405	420
405	435
405	442
405	454
405	469
405	489
405	600
405	690
405	795
406	111
406	211
406	221
406	368
406	373
406	381
406	382
406	386
406	411
406	413
406	418
406	428
406	441
406	447
406	448
406	449
406	450
406	472
406	477
406	489
406	580
406	780
406	994
407	176
407	219
407	226
407	235
407	254
407	268
407	282
407	332
407	338
407	356
407	365
407	366
407	401
407	444
407	453
407	456
407	474
407	486
407	490
407	725
407	792
407	795
407	983
408	117
408	168
408	263
408	268
408	282
408	307
408	336
408	356
408	371
408	375
408	387
408	423
408	444
408	456
408	471
408	473
408	474
408	480
408	482
408	484
408	643
408	669
408	880
409	142
409	207
409	265
409	306
409	337
409	343
409	350
409	378
409	393
409	395
409	396
409	397
409	416
409	436
409	451
409	458
409	459
409	487
409	491
409	584
409	673
409	691
409	913
410	164
410	250
410	272
410	310
410	344
410	365
410	373
410	382
410	399
410	403
410	415
410	440
410	452
410	463
410	466
410	473
410	475
410	477
410	480
410	483
410	518
410	663
410	815
411	26
411	77
411	136
411	221
411	247
411	254
411	277
411	306
411	322
411	363
411	365
411	381
411	386
411	402
411	406
411	428
411	436
411	439
411	445
411	453
411	454
411	472
411	543
411	907
412	184
412	242
412	263
412	271
412	324
412	339
412	341
412	350
412	362
412	380
412	383
412	413
412	420
412	428
412	442
412	450
412	455
412	467
412	487
412	489
412	505
412	686
412	801
412	992
413	109
413	221
413	241
413	248
413	263
413	330
413	347
413	359
413	372
413	377
413	398
413	406
413	412
413	439
413	443
413	451
413	455
413	456
413	469
413	489
413	657
413	684
413	859
413	985
414	129
414	160
414	210
414	222
414	301
414	322
414	334
414	356
414	372
414	398
414	402
414	405
414	417
414	436
414	442
414	450
414	451
414	455
414	469
414	478
414	481
414	781
414	963
414	994
415	100
415	218
415	289
415	295
415	306
415	317
415	318
415	343
415	382
415	394
415	410
415	416
415	446
415	452
415	465
415	473
415	475
415	480
415	481
415	483
415	816
415	912
415	992
415	994
416	207
416	233
416	234
416	281
416	317
416	326
416	358
416	378
416	379
416	400
416	409
416	415
416	429
416	431
416	445
416	452
416	458
416	490
416	491
416	593
416	608
416	674
416	693
416	836
417	89
417	181
417	263
417	276
417	302
417	341
417	385
417	387
417	405
417	414
417	420
417	421
417	439
417	442
417	443
417	445
417	450
417	468
417	469
417	482
417	489
417	540
417	694
417	981
418	148
418	190
418	203
418	219
418	222
418	250
418	279
418	293
418	318
418	327
418	336
418	399
418	405
418	406
418	441
418	448
418	459
418	463
418	465
418	467
418	472
418	477
418	488
418	691
418	693
419	138
419	164
419	238
419	253
419	265
419	270
419	289
419	291
419	296
419	304
419	340
419	354
419	383
419	386
419	389
419	390
419	421
419	426
419	438
419	439
419	460
419	479
419	813
419	821
419	838
420	174
420	204
420	252
420	263
420	288
420	290
420	293
420	372
420	375
420	402
420	405
420	412
420	417
420	430
420	439
420	442
420	451
420	455
420	469
420	473
420	490
420	688
420	689
420	932
420	1000
421	102
421	259
421	267
421	275
421	291
421	304
421	332
421	340
421	360
421	385
421	389
421	392
421	417
421	419
421	426
421	429
421	432
421	438
421	462
421	479
421	486
421	543
421	828
421	902
421	978
422	12
422	123
422	125
422	236
422	259
422	278
422	285
422	323
422	329
422	338
422	339
422	346
422	355
422	372
422	375
422	430
422	440
422	463
422	465
422	470
422	476
422	478
422	488
422	666
422	970
423	163
423	226
423	309
423	361
423	366
423	367
423	374
423	376
423	385
423	387
423	400
423	408
423	446
423	455
423	456
423	461
423	466
423	468
423	474
423	484
423	490
423	592
423	651
423	652
423	954
424	190
424	204
424	214
424	244
424	266
424	283
424	287
424	300
424	348
424	357
424	358
424	367
424	379
424	404
424	425
424	428
424	430
424	434
424	441
424	474
424	485
424	489
424	690
424	737
424	821
424	961
425	89
425	91
425	199
425	227
425	233
425	244
425	247
425	249
425	256
425	300
425	364
425	372
425	379
425	389
425	424
425	430
425	434
425	435
425	441
425	443
425	462
425	466
425	485
425	491
425	809
425	848
426	141
426	254
426	267
426	275
426	294
426	301
426	308
426	332
426	340
426	354
426	390
426	391
426	419
426	421
426	428
426	430
426	450
426	467
426	470
426	475
426	477
426	479
426	644
426	794
426	838
426	859
427	122
427	234
427	266
427	271
427	282
427	298
427	299
427	331
427	342
427	351
427	370
427	376
427	435
427	449
427	457
427	460
427	461
427	468
427	470
427	481
427	487
427	489
427	568
427	606
427	615
427	824
428	167
428	193
428	237
428	274
428	277
428	288
428	292
428	319
428	336
428	342
428	349
428	393
428	406
428	411
428	412
428	424
428	426
428	429
428	448
428	453
428	454
428	464
428	489
428	799
428	813
428	849
429	152
429	295
429	305
429	313
429	341
429	359
429	363
429	368
429	381
429	416
429	421
429	428
429	430
429	436
429	445
429	447
429	453
429	455
429	459
429	465
429	472
429	477
429	529
429	530
429	652
429	840
430	96
430	113
430	136
430	180
430	247
430	252
430	280
430	327
430	358
430	366
430	378
430	399
430	420
430	422
430	424
430	425
430	426
430	429
430	432
430	434
430	437
430	443
430	466
430	475
430	485
430	523
430	574
431	56
431	107
431	214
431	220
431	233
431	234
431	248
431	253
431	258
431	301
431	312
431	317
431	333
431	337
431	350
431	365
431	378
431	381
431	393
431	395
431	416
431	468
431	482
431	491
431	693
431	847
431	929
432	11
432	98
432	244
432	252
432	270
432	273
432	302
432	310
432	348
432	352
432	356
432	358
432	361
432	379
432	404
432	421
432	430
432	434
432	435
432	441
432	443
432	446
432	466
432	485
432	634
432	737
432	806
433	197
433	266
433	290
433	296
433	315
433	351
433	358
433	376
433	379
433	399
433	403
433	435
433	439
433	449
433	453
433	460
433	461
433	465
433	468
433	471
433	481
433	487
433	491
433	570
433	671
433	683
433	736
434	87
434	105
434	190
434	209
434	212
434	227
434	248
434	274
434	329
434	330
434	345
434	352
434	361
434	380
434	399
434	424
434	425
434	430
434	432
434	441
434	443
434	462
434	485
434	487
434	826
434	921
434	979
435	135
435	220
435	227
435	235
435	266
435	342
435	351
435	370
435	372
435	405
435	425
435	427
435	432
435	433
435	449
435	460
435	461
435	468
435	469
435	471
435	474
435	481
435	487
435	623
435	848
435	904
435	967
436	4
436	53
436	181
436	194
436	219
436	237
436	242
436	245
436	275
436	334
436	353
436	364
436	404
436	409
436	411
436	414
436	429
436	454
436	455
436	458
436	459
436	465
436	467
436	472
436	490
436	560
436	797
437	40
437	63
437	115
437	144
437	194
437	230
437	247
437	280
437	300
437	330
437	357
437	361
437	367
437	379
437	384
437	397
437	404
437	430
437	441
437	454
437	466
437	478
437	482
437	485
437	488
437	489
437	490
437	972
438	45
438	205
438	244
438	254
438	259
438	264
438	267
438	270
438	275
438	289
438	291
438	332
438	337
438	348
438	388
438	389
438	391
438	392
438	419
438	421
438	458
438	474
438	475
438	479
438	603
438	622
438	722
438	837
439	58
439	156
439	211
439	226
439	232
439	290
439	297
439	301
439	324
439	347
439	362
439	372
439	383
439	402
439	411
439	413
439	417
439	419
439	420
439	433
439	441
439	451
439	455
439	471
439	476
439	555
439	964
439	974
440	200
440	215
440	250
440	289
440	297
440	314
440	318
440	335
440	340
440	348
440	362
440	382
440	404
440	410
440	422
440	452
440	458
440	459
440	473
440	475
440	480
440	483
440	489
440	579
440	675
440	771
440	971
440	990
441	193
441	195
441	262
441	312
441	327
441	361
441	366
441	367
441	379
441	388
441	392
441	399
441	406
441	418
441	424
441	425
441	432
441	434
441	437
441	439
441	443
441	466
441	472
441	485
441	648
441	800
441	963
441	998
442	139
442	203
442	224
442	239
442	252
442	271
442	276
442	303
442	324
442	354
442	368
442	370
442	380
442	397
442	405
442	412
442	414
442	417
442	420
442	450
442	455
442	468
442	469
442	489
442	491
442	574
442	591
442	680
443	196
443	212
443	230
443	262
443	286
443	297
443	321
443	328
443	352
443	357
443	358
443	399
443	413
443	417
443	425
443	430
443	432
443	434
443	441
443	447
443	459
443	466
443	485
443	491
443	515
443	700
443	796
443	825
443	945
444	82
444	241
444	256
444	295
444	325
444	350
444	359
444	374
444	380
444	384
444	385
444	389
444	402
444	407
444	408
444	445
444	446
444	453
444	471
444	482
444	484
444	485
444	486
444	490
444	565
444	663
444	738
444	820
444	838
445	222
445	237
445	257
445	274
445	279
445	321
445	335
445	358
445	368
445	381
445	385
445	386
445	411
445	416
445	417
445	429
445	444
445	447
445	458
445	459
445	463
445	469
445	490
445	698
445	749
445	782
445	829
445	914
445	992
446	107
446	223
446	271
446	287
446	335
446	374
446	375
446	383
446	384
446	385
446	401
446	415
446	423
446	432
446	444
446	455
446	456
446	457
446	469
446	471
446	478
446	479
446	484
446	486
446	490
446	533
446	688
446	694
446	891
446	931
447	125
447	205
447	206
447	211
447	227
447	245
447	274
447	288
447	340
447	353
447	368
447	377
447	386
447	401
447	403
447	406
447	429
447	443
447	445
447	459
447	465
447	467
447	472
447	477
447	485
447	536
447	556
447	628
447	683
447	798
448	255
448	277
448	282
448	291
448	293
448	334
448	349
448	364
448	371
448	373
448	377
448	394
448	397
448	402
448	406
448	418
448	428
448	459
448	463
448	465
448	472
448	478
448	483
448	486
448	503
448	626
448	642
448	647
448	674
448	1000
449	148
449	212
449	217
449	225
449	232
449	235
449	242
449	266
449	315
449	331
449	342
449	353
449	370
449	376
449	389
449	390
449	406
449	427
449	433
449	435
449	460
449	461
449	468
449	479
449	481
449	487
449	561
449	761
449	843
449	844
449	941
450	44
450	90
450	204
450	215
450	250
450	284
450	308
450	325
450	341
450	359
450	362
450	370
450	383
450	386
450	398
450	406
450	412
450	414
450	417
450	426
450	442
450	451
450	455
450	464
450	469
450	487
450	489
450	687
450	695
450	848
450	974
451	52
451	204
451	211
451	223
451	241
451	280
451	315
451	324
451	325
451	326
451	341
451	359
451	362
451	372
451	402
451	409
451	413
451	414
451	420
451	439
451	450
451	454
451	469
451	474
451	480
451	489
451	544
451	573
451	660
451	822
451	944
452	43
452	102
452	199
452	203
452	208
452	218
452	281
452	289
452	292
452	310
452	320
452	323
452	326
452	335
452	364
452	382
452	394
452	403
452	410
452	415
452	416
452	440
452	473
452	475
452	478
452	479
452	480
452	483
452	485
452	609
452	679
452	993
453	198
453	220
453	223
453	230
453	243
453	257
453	261
453	287
453	303
453	324
453	333
453	365
453	373
453	401
453	407
453	411
453	428
453	429
453	433
453	444
453	456
453	457
453	471
453	474
453	480
453	484
453	486
453	490
453	672
453	689
453	873
453	973
453	992
454	146
454	217
454	243
454	257
454	274
454	277
454	288
454	292
454	295
454	311
454	334
454	346
454	368
454	373
454	381
454	388
454	404
454	405
454	411
454	428
454	436
454	437
454	451
454	459
454	463
454	465
454	474
454	477
454	585
454	656
454	810
454	842
454	964
455	82
455	221
455	252
455	260
455	264
455	271
455	276
455	347
455	352
455	362
455	383
455	398
455	402
455	412
455	413
455	414
455	420
455	423
455	429
455	436
455	439
455	442
455	446
455	450
455	459
455	468
455	469
455	483
455	497
455	547
455	661
455	730
455	761
456	57
456	90
456	160
456	212
456	236
456	246
456	249
456	261
456	273
456	303
456	324
456	330
456	350
456	357
456	365
456	366
456	407
456	408
456	413
456	423
456	446
456	453
456	457
456	471
456	474
456	479
456	482
456	486
456	488
456	490
456	564
456	725
456	975
457	19
457	199
457	226
457	238
457	251
457	288
457	309
457	332
457	333
457	346
457	360
457	363
457	366
457	369
457	374
457	376
457	380
457	384
457	385
457	387
457	394
457	427
457	446
457	453
457	456
457	460
457	471
457	472
457	485
457	488
457	623
457	946
457	950
457	995
458	53
458	185
458	207
458	214
458	231
458	281
458	312
458	316
458	317
458	333
458	337
458	339
458	340
458	343
458	350
458	351
458	377
458	393
458	395
458	396
458	400
458	409
458	416
458	436
458	438
458	440
458	445
458	460
458	477
458	491
458	658
458	674
458	965
458	975
459	152
459	187
459	189
459	219
459	295
459	305
459	313
459	316
459	321
459	334
459	342
459	353
459	354
459	409
459	418
459	429
459	436
459	440
459	443
459	445
459	447
459	448
459	454
459	455
459	465
459	466
459	467
459	469
459	475
459	477
459	546
459	653
459	805
459	893
460	216
460	217
460	220
460	226
460	243
460	260
460	286
460	288
460	290
460	315
460	323
460	331
460	342
460	351
460	367
460	374
460	376
460	419
460	427
460	433
460	435
460	449
460	457
460	458
460	461
460	468
460	481
460	487
460	549
460	586
460	624
460	694
460	731
460	743
461	32
461	171
461	215
461	216
461	220
461	224
461	235
461	256
461	284
461	308
461	331
461	342
461	357
461	362
461	370
461	373
461	376
461	423
461	427
461	433
461	435
461	449
461	460
461	462
461	468
461	476
461	481
461	487
461	491
461	535
461	536
461	553
461	845
461	917
462	86
462	104
462	145
462	173
462	206
462	213
462	228
462	236
462	242
462	255
462	263
462	284
462	299
462	304
462	311
462	313
462	328
462	329
462	338
462	339
462	346
462	421
462	425
462	434
462	461
462	464
462	476
462	478
462	481
462	483
462	488
462	679
462	735
462	958
463	151
463	177
463	216
463	237
463	248
463	255
463	274
463	275
463	277
463	288
463	293
463	311
463	321
463	363
463	364
463	373
463	382
463	385
463	386
463	398
463	410
463	418
463	422
463	445
463	448
463	454
463	467
463	472
463	473
463	477
463	548
463	602
463	687
463	694
463	975
464	35
464	53
464	66
464	169
464	213
464	228
464	242
464	265
464	277
464	278
464	283
464	299
464	311
464	328
464	339
464	345
464	346
464	355
464	368
464	369
464	378
464	387
464	396
464	428
464	450
464	462
464	470
464	471
464	478
464	482
464	483
464	488
464	673
464	802
464	820
465	64
465	78
465	191
465	257
465	263
465	292
465	294
465	305
465	331
465	335
465	336
465	353
465	359
465	373
465	377
465	386
465	395
465	415
465	418
465	422
465	429
465	433
465	436
465	447
465	448
465	454
465	459
465	467
465	471
465	472
465	477
465	610
465	781
465	837
465	840
465	928
466	121
466	124
466	208
466	212
466	227
466	230
466	242
466	244
466	269
466	295
466	305
466	327
466	330
466	339
466	344
466	347
466	357
466	361
466	379
466	399
466	410
466	423
466	425
466	430
466	432
466	437
466	441
466	443
466	459
466	473
466	485
466	551
466	675
466	846
466	912
466	987
467	50
467	183
467	193
467	222
467	234
467	245
467	265
467	277
467	279
467	288
467	292
467	295
467	313
467	319
467	349
467	361
467	364
467	370
467	374
467	381
467	412
467	418
467	426
467	436
467	447
467	459
467	463
467	465
467	470
467	473
467	483
467	491
467	522
467	661
467	767
467	840
467	850
468	23
468	88
468	108
468	152
468	216
468	217
468	224
468	235
468	256
468	296
468	302
468	315
468	342
468	351
468	353
468	370
468	417
468	423
468	427
468	431
468	433
468	435
468	442
468	449
468	455
468	460
468	461
468	480
468	481
468	483
468	484
468	487
468	491
468	666
468	705
468	807
468	903
469	208
469	215
469	223
469	252
469	276
469	284
469	301
469	322
469	341
469	347
469	359
469	364
469	372
469	387
469	405
469	413
469	414
469	417
469	420
469	435
469	442
469	445
469	446
469	450
469	451
469	455
469	459
469	482
469	483
469	489
469	573
469	576
469	619
469	648
469	797
469	847
469	878
470	197
470	234
470	242
470	283
470	284
470	290
470	299
470	323
470	328
470	329
470	331
470	338
470	339
470	344
470	345
470	346
470	355
470	369
470	371
470	399
470	400
470	422
470	426
470	427
470	464
470	467
470	476
470	478
470	479
470	483
470	488
470	626
470	671
470	695
470	746
470	752
470	823
471	184
471	223
471	246
471	282
471	309
471	325
471	340
471	349
471	380
471	384
471	401
471	403
471	408
471	433
471	435
471	439
471	444
471	446
471	453
471	456
471	457
471	464
471	465
471	474
471	475
471	478
471	480
471	482
471	484
471	486
471	490
471	494
471	687
471	846
471	939
471	960
471	987
472	28
472	197
472	221
472	226
472	257
472	274
472	288
472	307
472	317
472	321
472	361
472	363
472	364
472	368
472	377
472	390
472	400
472	402
472	406
472	411
472	418
472	429
472	436
472	441
472	447
472	448
472	457
472	463
472	465
472	476
472	477
472	478
472	483
472	493
472	895
472	993
472	994
472	996
473	74
473	126
473	134
473	196
473	218
473	250
473	251
473	267
473	272
473	273
473	289
473	297
473	306
473	310
473	314
473	320
473	321
473	326
473	335
473	373
473	384
473	394
473	403
473	408
473	410
473	415
473	420
473	440
473	452
473	463
473	466
473	467
473	480
473	483
473	662
473	727
473	732
473	916
474	42
474	112
474	179
474	225
474	243
474	245
474	246
474	261
474	268
474	273
474	303
474	318
474	321
474	349
474	351
474	380
474	384
474	387
474	407
474	408
474	423
474	424
474	435
474	438
474	451
474	453
474	454
474	456
474	471
474	480
474	482
474	484
474	486
474	490
474	586
474	619
474	769
474	940
474	953
475	190
475	208
475	218
475	228
475	250
475	272
475	297
475	306
475	310
475	314
475	318
475	320
475	335
475	369
475	382
475	390
475	394
475	403
475	410
475	415
475	426
475	430
475	438
475	440
475	452
475	459
475	471
475	477
475	480
475	483
475	484
475	485
475	487
475	588
475	593
475	627
475	850
475	894
475	933
476	184
476	213
476	219
476	222
476	229
476	235
476	265
476	266
476	278
476	283
476	285
476	299
476	311
476	328
476	331
476	338
476	339
476	344
476	345
476	346
476	355
476	381
476	401
476	422
476	439
476	461
476	462
476	470
476	472
476	477
476	478
476	480
476	488
476	577
476	638
476	677
476	842
476	862
476	914
476	991
477	21
477	120
477	142
477	245
477	251
477	255
477	260
477	273
477	279
477	292
477	295
477	305
477	315
477	319
477	320
477	325
477	334
477	349
477	353
477	377
477	406
477	410
477	418
477	426
477	429
477	447
477	454
477	458
477	459
477	463
477	465
477	472
477	475
477	476
477	480
477	826
477	835
477	842
477	856
477	973
478	133
478	183
478	189
478	206
478	228
478	233
478	236
478	242
478	249
478	265
478	283
478	299
478	323
478	329
478	344
478	345
478	346
478	355
478	359
478	371
478	414
478	422
478	437
478	446
478	448
478	452
478	462
478	464
478	470
478	471
478	472
478	476
478	486
478	488
478	490
478	580
478	654
478	724
478	853
478	924
479	200
479	205
479	209
479	216
479	240
479	253
479	254
479	270
479	272
479	275
479	294
479	298
479	304
479	305
479	308
479	339
479	340
479	346
479	354
479	365
479	367
479	375
479	388
479	391
479	392
479	419
479	421
479	426
479	438
479	446
479	449
479	452
479	456
479	470
479	614
479	700
479	733
479	749
479	805
479	963
479	976
480	177
480	198
480	208
480	250
480	272
480	289
480	297
480	306
480	310
480	314
480	318
480	320
480	335
480	343
480	353
480	382
480	386
480	394
480	403
480	404
480	408
480	410
480	415
480	440
480	451
480	452
480	453
480	468
480	471
480	473
480	474
480	475
480	476
480	477
480	481
480	483
480	551
480	558
480	657
480	664
480	694
480	991
481	208
481	216
481	217
481	220
481	224
481	239
481	253
481	256
481	266
481	268
481	290
481	296
481	315
481	331
481	342
481	351
481	370
481	376
481	379
481	391
481	396
481	414
481	415
481	427
481	433
481	435
481	449
481	460
481	461
481	462
481	468
481	480
481	487
481	490
481	540
481	616
481	688
481	696
481	815
481	853
481	967
481	994
482	154
482	167
482	218
482	238
482	246
482	251
482	261
482	273
482	278
482	282
482	287
482	303
482	309
482	319
482	333
482	347
482	369
482	374
482	386
482	387
482	401
482	408
482	417
482	431
482	437
482	444
482	456
482	464
482	469
482	471
482	474
482	483
482	484
482	486
482	489
482	491
482	633
482	644
482	659
482	675
482	687
482	831
483	3
483	26
483	65
483	144
483	208
483	218
483	231
483	272
483	289
483	297
483	306
483	310
483	314
483	318
483	320
483	335
483	339
483	382
483	394
483	403
483	410
483	415
483	440
483	448
483	452
483	455
483	462
483	464
483	467
483	468
483	469
483	470
483	472
483	473
483	475
483	480
483	482
483	490
483	552
483	660
483	693
483	788
484	52
484	161
484	194
484	224
484	226
484	238
484	243
484	257
484	268
484	273
484	282
484	296
484	309
484	320
484	325
484	330
484	336
484	360
484	372
484	374
484	375
484	376
484	381
484	385
484	387
484	388
484	408
484	423
484	444
484	446
484	453
484	468
484	471
484	474
484	475
484	482
484	490
484	546
484	699
484	816
484	831
484	883
484	885
485	136
485	145
485	212
485	213
485	227
485	246
485	261
485	262
485	269
485	280
485	286
485	300
485	318
485	330
485	332
485	334
485	338
485	348
485	352
485	355
485	357
485	358
485	399
485	404
485	424
485	425
485	430
485	432
485	434
485	437
485	441
485	443
485	444
485	447
485	452
485	457
485	466
485	475
485	642
485	683
485	691
485	806
485	824
485	850
486	27
486	76
486	177
486	225
486	258
486	263
486	264
486	282
486	283
486	287
486	303
486	317
486	333
486	341
486	360
486	365
486	366
486	369
486	374
486	380
486	385
486	387
486	390
486	393
486	400
486	407
486	421
486	444
486	446
486	448
486	453
486	456
486	471
486	474
486	478
486	482
486	487
486	488
486	490
486	667
486	696
486	847
486	921
486	947
486	995
487	175
487	185
487	186
487	216
487	217
487	220
487	224
487	228
487	235
487	245
487	256
487	266
487	268
487	276
487	290
487	296
487	315
487	331
487	342
487	351
487	368
487	370
487	373
487	376
487	382
487	401
487	409
487	412
487	427
487	433
487	434
487	435
487	449
487	450
487	460
487	461
487	468
487	475
487	481
487	486
487	492
487	673
487	678
487	719
487	854
487	882
487	969
488	103
488	110
488	206
488	213
488	229
488	242
488	265
488	274
488	276
488	278
488	284
488	285
488	299
488	304
488	328
488	329
488	338
488	339
488	344
488	345
488	355
488	361
488	362
488	371
488	372
488	395
488	397
488	418
488	422
488	437
488	456
488	457
488	462
488	464
488	470
488	476
488	478
488	486
488	491
488	594
488	611
488	654
488	696
488	711
488	751
488	776
488	999
489	9
489	63
489	137
489	146
489	159
489	204
489	210
489	211
489	215
489	252
489	260
489	263
489	271
489	276
489	301
489	302
489	327
489	333
489	344
489	347
489	359
489	362
489	367
489	383
489	389
489	398
489	402
489	403
489	405
489	406
489	412
489	413
489	417
489	424
489	427
489	428
489	437
489	440
489	442
489	450
489	451
489	469
489	482
489	602
489	652
489	847
489	853
489	935
490	64
490	120
490	135
490	146
490	225
490	230
490	246
490	251
490	261
490	268
490	282
490	285
490	287
490	325
490	333
490	341
490	355
490	369
490	374
490	375
490	384
490	387
490	393
490	398
490	401
490	407
490	416
490	420
490	423
490	436
490	437
490	444
490	445
490	446
490	453
490	456
490	471
490	474
490	478
490	481
490	483
490	484
490	486
490	609
490	661
490	830
490	853
490	861
490	993
491	26
491	99
491	122
491	143
491	207
491	210
491	214
491	231
491	233
491	234
491	246
491	248
491	254
491	258
491	281
491	312
491	315
491	317
491	326
491	337
491	343
491	350
491	368
491	378
491	389
491	393
491	395
491	396
491	397
491	398
491	400
491	409
491	416
491	425
491	431
491	433
491	442
491	443
491	458
491	461
491	467
491	468
491	482
491	488
491	695
491	729
491	806
491	828
491	863
492	72
492	487
492	501
492	504
492	624
492	648
492	654
492	685
492	687
492	690
493	472
493	554
493	578
493	602
493	671
493	674
493	684
493	691
493	695
493	822
494	392
494	471
494	523
494	591
494	595
494	596
494	600
494	607
494	643
494	689
495	169
495	266
495	522
495	561
495	680
495	682
495	692
495	696
495	697
496	348
496	497
496	621
496	635
496	665
496	676
496	684
496	693
496	696
496	888
497	455
497	496
497	515
497	545
497	557
497	623
497	674
497	685
497	690
497	822
498	181
498	555
498	560
498	603
498	632
498	660
498	672
498	685
498	688
498	851
499	79
499	536
499	576
499	619
499	651
499	674
499	687
499	691
499	695
499	741
500	271
500	505
500	602
500	638
500	644
500	647
500	692
500	694
500	696
500	921
501	83
501	159
501	492
501	579
501	607
501	632
501	655
501	685
501	691
501	695
502	303
502	614
502	630
502	643
502	666
502	679
502	683
502	689
502	697
502	792
503	185
503	448
503	534
503	544
503	580
503	605
503	633
503	645
503	653
503	662
504	492
504	566
504	603
504	660
504	662
504	682
504	685
504	687
504	718
504	750
505	412
505	500
505	541
505	555
505	567
505	605
505	640
505	673
505	691
505	998
506	542
506	602
506	644
506	647
506	654
506	671
506	684
506	695
506	790
506	999
507	128
507	587
507	615
507	626
507	628
507	652
507	662
507	675
507	681
507	844
508	258
508	525
508	527
508	626
508	649
508	673
508	691
508	694
508	695
508	997
509	511
509	527
509	576
509	625
509	629
509	659
509	667
509	676
509	739
509	900
510	303
510	527
510	554
510	589
510	612
510	664
510	669
510	675
510	681
510	970
511	186
511	298
511	509
511	546
511	607
511	631
511	646
511	652
511	660
511	693
512	393
512	587
512	602
512	635
512	652
512	653
512	659
512	668
512	688
512	811
513	197
513	402
513	586
513	597
513	622
513	628
513	667
513	676
513	682
513	688
514	55
514	368
514	533
514	540
514	592
514	627
514	631
514	685
514	687
514	689
515	272
515	443
515	497
515	611
515	620
515	642
515	643
515	670
515	680
515	684
516	10
516	562
516	625
516	626
516	649
516	676
516	691
516	693
516	695
516	989
517	537
517	598
517	620
517	637
517	653
517	679
517	683
517	689
517	842
517	851
518	200
518	410
518	523
518	526
518	627
518	630
518	634
518	678
518	681
518	683
518	689
519	127
519	352
519	541
519	582
519	591
519	600
519	613
519	627
519	641
519	683
519	689
520	60
520	171
520	536
520	588
520	641
520	648
520	652
520	680
520	692
520	694
520	697
521	157
521	582
521	602
521	625
521	630
521	679
521	683
521	689
521	694
521	696
521	870
522	336
522	467
522	495
522	526
522	536
522	537
522	622
522	652
522	656
522	686
522	694
523	101
523	430
523	494
523	518
523	539
523	563
523	582
523	629
523	630
523	642
523	689
524	538
524	584
524	590
524	623
524	662
524	663
524	675
524	681
524	694
524	845
524	913
525	508
525	558
525	578
525	588
525	647
525	664
525	681
525	691
525	695
525	947
525	976
526	156
526	231
526	323
526	518
526	522
526	560
526	579
526	641
526	663
526	683
526	689
527	171
527	392
527	508
527	509
527	510
527	665
527	668
527	677
527	684
527	692
527	843
528	386
528	558
528	592
528	597
528	611
528	616
528	636
528	677
528	679
528	691
528	842
529	429
529	553
529	565
529	597
529	607
529	677
529	680
529	689
529	693
529	697
529	823
530	342
530	429
530	567
530	577
530	581
530	620
530	636
530	643
530	677
530	681
530	689
531	286
531	556
531	576
531	584
531	609
531	651
531	660
531	661
531	674
531	690
531	787
532	165
532	550
532	565
532	585
532	589
532	610
532	617
532	639
532	669
532	675
532	765
533	43
533	446
533	514
533	544
533	551
533	562
533	660
533	672
533	674
533	685
533	690
534	388
534	503
534	572
534	611
534	621
534	629
534	647
534	672
534	673
534	772
534	812
535	461
535	606
535	649
535	667
535	671
535	684
535	686
535	690
535	691
535	695
535	830
536	447
536	461
536	499
536	520
536	522
536	586
536	617
536	618
536	635
536	688
536	692
537	58
537	179
537	517
537	522
537	552
537	641
537	666
537	676
537	679
537	683
537	689
538	253
538	524
538	609
538	612
538	616
538	639
538	653
538	656
538	662
538	677
538	998
539	264
539	373
539	523
539	585
539	614
539	622
539	626
539	668
539	670
539	684
539	693
540	417
540	481
540	514
540	550
540	571
540	628
540	633
540	663
540	681
540	685
540	687
541	130
541	161
541	505
541	519
541	591
541	642
541	646
541	662
541	672
541	680
541	684
541	816
542	232
542	343
542	351
542	506
542	594
542	652
542	655
542	659
542	664
542	671
542	691
542	695
543	347
543	411
543	421
543	562
543	610
543	622
543	632
543	670
543	671
543	672
543	682
543	695
544	451
544	503
544	533
544	553
544	613
544	624
544	644
544	661
544	662
544	669
544	681
544	862
545	25
545	144
545	497
545	560
545	603
545	610
545	651
545	654
545	670
545	673
545	678
545	687
546	184
546	459
546	484
546	511
546	554
546	563
546	564
546	588
546	593
546	646
546	673
546	694
547	455
547	583
547	605
547	610
547	625
547	629
547	670
547	676
547	684
547	686
547	696
547	757
548	323
548	463
548	555
548	561
548	584
548	618
548	654
548	660
548	673
548	674
548	685
548	688
549	460
549	639
549	658
549	663
549	672
549	681
549	682
549	688
549	696
549	697
549	782
549	950
550	532
550	540
550	573
550	580
550	585
550	612
550	614
550	639
550	642
550	684
550	790
550	948
551	151
551	466
551	480
551	533
551	563
551	572
551	581
551	619
551	627
551	668
551	687
551	695
552	10
552	356
552	483
552	537
552	595
552	620
552	623
552	679
552	683
552	686
552	689
552	697
553	461
553	529
553	544
553	603
553	615
553	665
553	666
553	680
553	684
553	693
553	697
553	779
554	366
554	493
554	510
554	546
554	597
554	599
554	625
554	642
554	659
554	684
554	785
554	955
555	74
555	439
555	498
555	505
555	548
555	576
555	592
555	607
555	622
555	623
555	654
555	689
556	380
556	447
556	531
556	561
556	637
556	648
556	649
556	677
556	692
556	694
556	696
556	697
557	187
557	497
557	559
557	565
557	587
557	631
557	665
557	686
557	688
557	691
557	692
557	696
557	812
558	480
558	525
558	528
558	618
558	650
558	668
558	670
558	678
558	681
558	685
558	696
558	755
558	927
559	285
559	557
559	575
559	603
559	640
559	653
559	682
559	688
559	690
559	694
559	697
559	959
559	977
560	182
560	436
560	498
560	526
560	545
560	572
560	574
560	592
560	654
560	672
560	690
560	692
560	716
561	186
561	449
561	495
561	548
561	556
561	594
561	603
561	654
561	674
561	687
561	690
561	691
561	834
562	240
562	516
562	533
562	543
562	568
562	647
562	655
562	658
562	660
562	692
562	695
562	781
562	815
563	96
563	111
563	523
563	546
563	551
563	657
563	659
563	671
563	682
563	686
563	692
563	696
563	697
564	257
564	272
564	456
564	546
564	610
564	614
564	626
564	640
564	649
564	655
564	664
564	691
564	695
565	143
565	444
565	529
565	532
565	557
565	569
565	655
565	676
565	682
565	686
565	688
565	696
565	964
566	335
566	504
566	602
566	626
566	632
566	653
566	655
566	670
566	671
566	678
566	691
566	695
566	789
567	335
567	357
567	505
567	530
567	596
567	618
567	642
567	650
567	661
567	677
567	678
567	687
567	990
568	62
568	151
568	427
568	562
568	580
568	606
568	619
568	647
568	649
568	664
568	670
568	690
568	695
569	314
569	565
569	598
569	653
569	669
569	676
569	687
569	690
569	692
569	694
569	696
569	750
569	761
570	5
570	188
570	433
570	616
570	622
570	656
570	673
570	677
570	678
570	684
570	688
570	693
570	696
571	173
571	342
571	540
571	577
571	595
571	608
571	621
571	636
571	661
571	679
571	683
571	689
571	802
572	155
572	206
572	534
572	551
572	560
572	627
572	638
572	665
572	684
572	685
572	687
572	690
572	707
573	451
573	469
573	550
573	587
573	589
573	620
573	641
573	655
573	662
573	663
573	674
573	675
573	918
574	202
574	430
574	442
574	560
574	584
574	590
574	646
574	660
574	685
574	687
574	690
574	694
574	697
575	262
575	559
575	644
575	651
575	652
575	659
575	662
575	674
575	688
575	695
575	697
575	841
575	993
576	469
576	499
576	509
576	531
576	555
576	615
576	642
576	643
576	674
576	678
576	685
576	687
576	841
577	195
577	295
577	476
577	530
577	571
577	613
577	636
577	643
577	658
577	675
577	679
577	683
577	689
577	693
578	177
578	493
578	525
578	579
578	589
578	606
578	645
578	662
578	671
578	676
578	688
578	691
578	695
578	931
579	259
579	440
579	501
579	526
579	578
579	617
579	632
579	645
579	664
579	671
579	687
579	691
579	695
579	977
580	54
580	406
580	478
580	503
580	550
580	568
580	604
580	609
580	622
580	624
580	661
580	669
580	670
580	681
581	196
581	530
581	551
581	592
581	614
581	615
581	627
581	652
581	685
581	687
581	690
581	697
581	978
581	984
582	138
582	194
582	519
582	521
582	523
582	601
582	641
582	669
582	679
582	683
582	684
582	687
582	689
582	793
583	235
583	333
583	395
583	547
583	622
583	645
583	657
583	660
583	661
583	667
583	687
583	692
583	696
583	697
584	28
584	409
584	524
584	531
584	548
584	574
584	598
584	615
584	623
584	651
584	657
584	687
584	694
584	854
585	149
585	454
585	532
585	539
585	550
585	593
585	625
585	650
585	670
585	672
585	677
585	691
585	693
585	695
586	169
586	460
586	474
586	513
586	536
586	601
586	604
586	669
586	680
586	682
586	688
586	694
586	695
586	697
587	71
587	222
587	398
587	507
587	512
587	557
587	573
587	597
587	613
587	635
587	639
587	662
587	669
587	681
588	475
588	520
588	525
588	546
588	593
588	616
588	665
588	666
588	678
588	680
588	682
588	683
588	851
588	962
589	170
589	256
589	510
589	532
589	573
589	578
589	617
589	629
589	631
589	669
589	671
589	675
589	681
589	752
590	198
590	524
590	574
590	609
590	627
590	633
590	645
590	669
590	675
590	681
590	692
590	695
590	814
590	825
591	182
591	442
591	494
591	519
591	541
591	604
591	613
591	617
591	628
591	645
591	663
591	665
591	681
591	688
592	182
592	384
592	423
592	514
592	528
592	555
592	560
592	581
592	636
592	652
592	655
592	674
592	679
592	685
592	690
593	416
593	475
593	546
593	585
593	588
593	613
593	625
593	640
593	662
593	668
593	669
593	672
593	673
593	693
593	723
594	29
594	252
594	488
594	542
594	561
594	610
594	646
594	663
594	665
594	666
594	670
594	676
594	680
594	690
594	693
595	99
595	494
595	552
595	571
595	630
595	636
595	663
595	664
595	679
595	683
595	690
595	692
595	693
595	847
595	960
596	390
596	494
596	567
596	622
596	652
596	659
596	677
596	680
596	682
596	686
596	687
596	688
596	692
596	910
596	969
597	237
597	390
597	513
597	528
597	529
597	554
597	587
597	634
597	676
597	678
597	680
597	685
597	693
597	696
597	996
598	183
598	365
598	517
598	569
598	584
598	653
598	656
598	660
598	661
598	674
598	686
598	688
598	696
598	697
598	751
599	100
599	187
599	358
599	554
599	604
599	615
599	618
599	634
599	650
599	666
599	669
599	678
599	684
599	689
599	696
600	124
600	138
600	405
600	494
600	519
600	628
600	636
600	641
600	669
600	671
600	679
600	682
600	683
600	689
600	690
601	582
601	586
601	629
601	635
601	648
601	650
601	652
601	658
601	686
601	691
601	694
601	696
601	879
601	898
601	966
602	463
602	489
602	493
602	500
602	506
602	512
602	521
602	566
602	606
602	647
602	655
602	671
602	675
602	691
602	812
603	362
603	438
603	498
603	504
603	545
603	553
603	559
603	561
603	648
603	660
603	677
603	687
603	690
603	695
603	995
604	36
604	580
604	586
604	591
604	599
604	609
604	613
604	633
604	668
604	669
604	671
604	681
604	689
604	832
604	972
604	991
605	317
605	503
605	505
605	547
605	608
605	621
605	622
605	650
605	666
605	668
605	679
605	684
605	693
605	923
605	961
605	988
606	105
606	165
606	427
606	535
606	568
606	578
606	602
606	610
606	620
606	647
606	657
606	677
606	680
606	691
606	693
606	695
607	110
607	180
607	494
607	501
607	511
607	529
607	555
607	618
607	624
607	625
607	642
607	646
607	652
607	676
607	680
607	812
608	416
608	571
608	605
608	620
608	633
608	636
608	639
608	641
608	643
608	672
608	679
608	683
608	689
608	692
608	733
608	979
609	131
609	452
609	490
609	531
609	538
609	580
609	590
609	604
609	617
609	632
609	639
609	644
609	645
609	657
609	658
609	663
610	158
610	465
610	532
610	543
610	545
610	547
610	564
610	594
610	606
610	632
610	647
610	655
610	671
610	691
610	695
610	814
611	488
611	515
611	528
611	534
611	621
611	626
611	637
611	660
611	670
611	672
611	673
611	678
611	692
611	696
611	802
611	837
612	510
612	538
612	550
612	628
612	647
612	662
612	663
612	669
612	675
612	682
612	683
612	685
612	689
612	811
612	922
612	937
613	87
613	241
613	308
613	519
613	544
613	577
613	587
613	591
613	593
613	604
613	618
613	624
613	633
613	645
613	669
613	681
613	695
614	393
614	398
614	479
614	502
614	539
614	550
614	564
614	581
614	634
614	654
614	665
614	672
614	673
614	678
614	684
614	693
614	697
615	366
615	427
615	507
615	553
615	576
615	581
615	584
615	599
615	651
615	674
615	681
615	683
615	685
615	687
615	690
615	829
615	987
616	43
616	157
616	481
616	528
616	538
616	570
616	588
616	621
616	628
616	646
616	648
616	652
616	666
616	673
616	677
616	680
616	691
617	532
617	536
617	579
617	589
617	591
617	609
617	624
617	638
617	644
617	645
617	663
617	675
617	680
617	681
617	726
617	799
617	844
618	348
618	536
618	548
618	558
618	567
618	599
618	607
618	613
618	641
618	650
618	676
618	680
618	684
618	696
618	830
618	837
618	844
619	113
619	286
619	469
619	474
619	499
619	551
619	568
619	651
619	660
619	671
619	674
619	677
619	682
619	683
619	685
619	687
619	690
620	155
620	180
620	515
620	517
620	530
620	552
620	573
620	606
620	608
620	630
620	636
620	674
620	676
620	679
620	683
620	689
620	938
620	982
621	496
621	534
621	571
621	605
621	611
621	616
621	643
621	657
621	665
621	668
621	670
621	686
621	690
621	693
621	697
621	758
621	979
621	998
622	93
622	199
622	304
622	438
622	513
622	522
622	539
622	543
622	555
622	570
622	580
622	583
622	596
622	605
622	686
622	688
622	694
622	696
623	435
623	457
623	497
623	524
623	552
623	555
623	584
623	651
623	654
623	658
623	660
623	682
623	685
623	687
623	688
623	690
623	694
623	889
624	258
624	460
624	492
624	544
624	580
624	607
624	613
624	617
624	628
624	639
624	662
624	669
624	675
624	679
624	694
624	696
624	795
624	858
625	509
625	516
625	521
625	547
625	554
625	585
625	593
625	607
625	630
625	650
625	651
625	659
625	676
625	678
625	692
625	779
625	836
625	940
626	252
626	448
626	470
626	507
626	508
626	516
626	539
626	564
626	566
626	611
626	632
626	649
626	664
626	682
626	687
626	691
626	692
626	695
627	36
627	475
627	514
627	518
627	519
627	551
627	572
627	581
627	590
627	654
627	665
627	667
627	674
627	675
627	685
627	687
627	690
627	835
628	192
628	354
628	447
628	507
628	513
628	540
628	591
628	600
628	612
628	616
628	624
628	633
628	645
628	657
628	662
628	666
628	681
628	688
629	164
629	296
629	299
629	509
629	523
629	534
629	547
629	589
629	601
629	668
629	673
629	675
629	677
629	678
629	680
629	691
629	693
629	967
630	502
630	518
630	521
630	523
630	595
630	620
630	625
630	657
630	658
630	673
630	679
630	683
630	684
630	685
630	689
630	876
630	944
630	949
631	150
631	247
631	511
631	514
631	557
631	589
631	644
631	656
631	657
631	661
631	674
631	682
631	686
631	687
631	688
631	694
631	697
631	855
632	70
632	210
632	498
632	501
632	543
632	566
632	579
632	609
632	610
632	626
632	634
632	645
632	648
632	649
632	686
632	691
632	695
632	886
633	103
633	175
633	195
633	482
633	503
633	540
633	590
633	604
633	608
633	613
633	628
633	635
633	638
633	639
633	646
633	663
633	678
633	681
633	687
634	362
634	377
634	432
634	518
634	597
634	599
634	614
634	632
634	638
634	640
634	642
634	666
634	670
634	671
634	672
634	682
634	684
634	688
634	800
635	5
635	8
635	66
635	496
635	512
635	536
635	587
635	601
635	633
635	644
635	665
635	667
635	682
635	685
635	686
635	692
635	696
635	697
635	802
636	233
636	306
636	528
636	530
636	571
636	577
636	592
636	595
636	600
636	608
636	620
636	643
636	661
636	679
636	682
636	683
636	686
636	918
636	988
637	19
637	374
637	517
637	556
637	611
637	638
637	640
637	648
637	649
637	653
637	658
637	659
637	667
637	679
637	682
637	688
637	696
637	952
637	986
638	167
638	241
638	256
638	476
638	500
638	572
638	617
638	633
638	634
638	637
638	648
638	650
638	657
638	659
638	661
638	679
638	694
638	696
638	697
639	97
639	310
639	334
639	403
639	532
639	538
639	549
639	550
639	587
639	608
639	609
639	624
639	633
639	645
639	665
639	669
639	676
639	681
639	684
639	697
640	195
640	322
640	360
640	505
640	559
640	564
640	593
640	634
640	637
640	645
640	664
640	668
640	669
640	672
640	673
640	676
640	677
640	684
640	693
640	760
641	125
641	519
641	520
641	526
641	537
641	573
641	582
641	600
641	608
641	618
641	643
641	668
641	669
641	679
641	683
641	686
641	689
641	804
641	825
641	865
642	448
642	485
642	515
642	523
642	541
642	550
642	554
642	567
642	576
642	607
642	634
642	649
642	666
642	667
642	668
642	672
642	693
642	694
642	803
642	829
643	154
643	327
643	347
643	378
643	408
643	494
643	502
643	515
643	530
643	576
643	577
643	608
643	621
643	636
643	641
643	679
643	680
643	683
643	688
643	689
643	692
644	178
644	392
644	426
644	482
644	500
644	506
644	544
644	575
644	609
644	617
644	631
644	635
644	658
644	667
644	670
644	686
644	690
644	692
644	694
644	696
644	697
644	850
645	301
645	303
645	503
645	578
645	579
645	583
645	590
645	591
645	609
645	613
645	617
645	628
645	632
645	639
645	640
645	651
645	663
645	675
645	681
645	713
645	745
645	775
646	30
646	134
646	200
646	511
646	541
646	546
646	574
646	594
646	607
646	616
646	633
646	651
646	653
646	673
646	676
646	677
646	680
646	688
646	692
646	693
646	696
646	968
646	996
647	157
647	328
647	448
647	500
647	506
647	525
647	534
647	562
647	568
647	602
647	606
647	610
647	612
647	655
647	664
647	671
647	687
647	690
647	691
647	694
647	695
647	697
647	819
648	309
648	375
648	441
648	469
648	492
648	520
648	556
648	601
648	603
648	616
648	632
648	637
648	638
648	655
648	656
648	657
648	667
648	677
648	685
648	686
648	692
648	694
648	696
649	149
649	255
649	334
649	508
649	516
649	535
649	556
649	564
649	568
649	626
649	632
649	637
649	642
649	655
649	659
649	664
649	667
649	670
649	671
649	691
649	695
649	751
649	987
650	312
650	398
650	558
650	567
650	585
650	599
650	601
650	605
650	618
650	625
650	638
650	659
650	666
650	668
650	670
650	678
650	679
650	680
650	682
650	689
650	690
650	747
650	805
651	237
651	423
651	499
651	531
651	545
651	575
651	584
651	615
651	619
651	623
651	625
651	645
651	646
651	656
651	660
651	665
651	673
651	674
651	685
651	687
651	690
651	810
651	826
651	892
652	176
652	203
652	423
652	429
652	489
652	507
652	511
652	512
652	520
652	522
652	542
652	575
652	581
652	592
652	596
652	601
652	607
652	616
652	656
652	661
652	682
652	686
652	692
652	697
653	353
653	360
653	397
653	459
653	503
653	512
653	517
653	538
653	559
653	566
653	569
653	598
653	637
653	646
653	654
653	656
653	658
653	659
653	666
653	667
653	682
653	692
653	696
653	785
654	170
654	262
654	478
654	488
654	492
654	506
654	545
654	548
654	555
654	560
654	561
654	614
654	623
654	627
654	653
654	656
654	668
654	672
654	674
654	683
654	685
654	687
654	690
654	996
655	134
655	169
655	501
655	542
655	562
655	564
655	565
655	566
655	573
655	592
655	602
655	610
655	647
655	648
655	649
655	658
655	662
655	663
655	664
655	683
655	691
655	695
655	810
655	818
655	959
656	85
656	211
656	280
656	397
656	454
656	522
656	538
656	570
656	598
656	631
656	648
656	651
656	652
656	653
656	654
656	657
656	661
656	677
656	681
656	682
656	684
656	688
656	693
656	696
656	697
657	153
657	177
657	413
657	480
657	563
657	583
657	584
657	606
657	609
657	621
657	628
657	630
657	631
657	638
657	648
657	656
657	658
657	659
657	661
657	662
657	671
657	682
657	694
657	697
657	993
658	162
658	458
658	549
658	562
658	577
658	601
658	609
658	623
658	630
658	637
658	644
658	653
658	655
658	657
658	659
658	661
658	682
658	686
658	688
658	689
658	694
658	697
658	729
658	830
658	845
659	185
659	202
659	391
659	482
659	509
659	512
659	542
659	554
659	563
659	575
659	596
659	625
659	637
659	638
659	649
659	650
659	653
659	657
659	658
659	667
659	686
659	692
659	693
659	694
659	939
660	84
660	451
660	483
660	498
660	504
660	511
660	531
660	533
660	548
660	562
660	574
660	583
660	598
660	603
660	611
660	619
660	623
660	651
660	674
660	685
660	686
660	690
660	695
660	706
660	992
661	349
661	393
661	455
661	467
661	490
661	531
661	544
661	567
661	571
661	580
661	583
661	598
661	631
661	636
661	638
661	652
661	656
661	657
661	658
661	667
661	679
661	688
661	692
661	694
661	696
661	697
662	103
662	158
662	301
662	473
662	503
662	504
662	507
662	524
662	538
662	541
662	544
662	573
662	575
662	578
662	587
662	593
662	612
662	624
662	628
662	655
662	657
662	663
662	669
662	675
662	683
662	990
663	410
663	444
663	524
663	526
663	540
663	549
663	573
663	591
663	594
663	595
663	609
663	612
663	617
663	633
663	645
663	655
663	662
663	667
663	669
663	675
663	681
663	693
663	697
663	798
663	801
663	813
664	117
664	177
664	401
664	480
664	510
664	525
664	542
664	564
664	568
664	579
664	595
664	626
664	640
664	647
664	649
664	655
664	670
664	671
664	691
664	693
664	694
664	695
664	696
664	697
664	906
664	952
665	87
665	148
665	189
665	496
665	527
665	553
665	557
665	572
665	588
665	591
665	594
665	614
665	621
665	627
665	635
665	639
665	651
665	668
665	672
665	673
665	678
665	684
665	687
665	693
665	695
665	721
665	808
666	62
666	81
666	190
666	422
666	468
666	502
666	537
666	553
666	588
666	594
666	599
666	605
666	616
666	628
666	634
666	642
666	650
666	653
666	670
666	671
666	672
666	673
666	679
666	680
666	687
666	693
666	696
666	843
667	8
667	191
667	325
667	486
667	509
667	513
667	535
667	583
667	627
667	635
667	637
667	642
667	644
667	648
667	649
667	653
667	659
667	661
667	663
667	668
667	680
667	681
667	686
667	692
667	694
667	696
667	697
667	839
668	30
668	131
668	148
668	398
668	512
668	527
668	539
668	551
668	558
668	593
668	604
668	605
668	621
668	629
668	640
668	641
668	642
668	650
668	654
668	665
668	667
668	674
668	676
668	677
668	680
668	686
668	688
668	777
668	933
669	79
669	127
669	305
669	382
669	408
669	510
669	532
669	544
669	569
669	580
669	582
669	586
669	587
669	589
669	590
669	593
669	599
669	600
669	604
669	612
669	613
669	624
669	639
669	640
669	641
669	662
669	663
669	673
669	675
669	747
670	179
670	320
670	515
670	539
670	543
670	545
670	547
670	558
670	566
670	568
670	580
670	585
670	594
670	611
670	621
670	634
670	644
670	649
670	650
670	664
670	666
670	677
670	678
670	680
670	689
670	693
670	776
670	791
670	827
670	946
671	91
671	279
671	433
671	470
671	493
671	506
671	535
671	542
671	543
671	563
671	566
671	578
671	579
671	589
671	600
671	602
671	604
671	610
671	619
671	634
671	647
671	649
671	657
671	664
671	666
671	680
671	691
671	695
671	766
671	880
672	6
672	201
672	369
672	453
672	498
672	533
672	534
672	541
672	543
672	549
672	560
672	585
672	593
672	608
672	611
672	614
672	634
672	640
672	642
672	654
672	665
672	666
672	676
672	677
672	681
672	684
672	685
672	693
672	961
672	994
673	96
673	365
673	409
673	464
673	487
673	505
673	508
673	534
673	545
673	546
673	548
673	570
673	593
673	611
673	614
673	616
673	629
673	630
673	640
673	646
673	651
673	665
673	666
673	669
673	676
673	684
673	689
673	690
673	694
673	707
673	988
674	416
674	448
674	458
674	493
674	497
674	499
674	531
674	533
674	548
674	561
674	573
674	575
674	576
674	592
674	598
674	615
674	619
674	620
674	627
674	631
674	651
674	654
674	660
674	668
674	685
674	688
674	690
674	693
674	781
674	834
674	981
675	124
675	128
675	190
675	344
675	440
675	466
675	482
675	507
675	510
675	524
675	532
675	573
675	577
675	589
675	590
675	602
675	612
675	617
675	624
675	627
675	629
675	645
675	662
675	663
675	669
675	680
675	681
675	683
675	685
675	695
675	697
676	148
676	178
676	496
676	509
676	513
676	516
676	537
676	547
676	565
676	569
676	578
676	594
676	597
676	607
676	618
676	620
676	625
676	639
676	640
676	646
676	668
676	672
676	673
676	678
676	680
676	689
676	693
676	881
676	948
676	962
676	985
677	153
677	202
677	277
677	476
677	527
677	528
677	529
677	530
677	538
677	556
677	567
677	570
677	585
677	596
677	603
677	606
677	616
677	619
677	629
677	640
677	646
677	648
677	656
677	668
677	670
677	672
677	678
677	684
677	693
677	972
677	980
677	987
678	162
678	251
678	298
678	361
678	487
678	518
678	545
678	558
678	566
678	567
678	570
678	576
678	588
678	597
678	599
678	611
678	614
678	625
678	629
678	633
678	650
678	665
678	670
678	676
678	677
678	681
678	684
678	686
678	691
678	693
678	695
678	697
678	797
678	799
679	11
679	67
679	176
679	374
679	452
679	462
679	502
679	517
679	521
679	528
679	537
679	552
679	571
679	577
679	582
679	592
679	595
679	600
679	605
679	608
679	620
679	624
679	630
679	636
679	637
679	638
679	641
679	643
679	650
679	661
679	666
679	686
679	689
679	692
679	844
680	118
680	356
680	442
680	495
680	515
680	520
680	529
680	541
680	553
680	586
680	588
680	594
680	596
680	597
680	606
680	607
680	616
680	617
680	618
680	629
680	643
680	646
680	650
680	666
680	667
680	668
680	670
680	671
680	675
680	676
680	684
680	790
680	839
680	952
680	955
680	999
681	202
681	261
681	277
681	294
681	352
681	371
681	507
681	510
681	518
681	524
681	525
681	530
681	540
681	544
681	549
681	558
681	580
681	587
681	589
681	590
681	591
681	604
681	613
681	615
681	617
681	628
681	633
681	639
681	645
681	656
681	663
681	667
681	672
681	675
681	678
681	697
681	709
681	992
682	77
682	107
682	115
682	130
682	140
682	195
682	495
682	504
682	513
682	543
682	549
682	559
682	563
682	565
682	586
682	588
682	596
682	600
682	612
682	619
682	623
682	626
682	631
682	634
682	635
682	636
682	637
682	650
682	652
682	653
682	656
682	657
682	658
682	683
682	686
682	688
682	692
682	694
682	929
682	987
683	175
683	243
683	433
683	447
683	485
683	502
683	517
683	518
683	519
683	521
683	526
683	537
683	552
683	571
683	577
683	582
683	588
683	595
683	600
683	608
683	612
683	615
683	619
683	620
683	630
683	636
683	641
683	643
683	654
683	655
683	662
683	675
683	682
683	689
683	691
683	693
683	694
683	909
683	945
683	953
684	2
684	150
684	238
684	385
684	413
684	493
684	496
684	506
684	515
684	527
684	535
684	539
684	541
684	547
684	550
684	553
684	554
684	570
684	572
684	582
684	599
684	605
684	614
684	618
684	630
684	634
684	639
684	640
684	656
684	665
684	672
684	673
684	677
684	678
684	680
684	689
684	692
684	696
684	824
684	948
684	957
685	51
685	93
685	137
685	190
685	198
685	363
685	402
685	492
685	497
685	498
685	501
685	504
685	514
685	533
685	540
685	548
685	558
685	572
685	574
685	576
685	581
685	592
685	597
685	612
685	615
685	619
685	623
685	627
685	630
685	635
685	648
685	651
685	654
685	660
685	672
685	674
685	675
685	687
685	690
685	691
685	693
685	731
686	59
686	146
686	355
686	373
686	412
686	522
686	535
686	547
686	552
686	557
686	563
686	565
686	596
686	598
686	601
686	621
686	622
686	631
686	632
686	635
686	636
686	641
686	644
686	648
686	652
686	658
686	659
686	660
686	667
686	668
686	678
686	679
686	682
686	688
686	692
686	693
686	694
686	695
686	697
686	773
686	874
686	941
687	1
687	145
687	253
687	290
687	450
687	463
687	471
687	482
687	492
687	499
687	504
687	514
687	540
687	545
687	551
687	561
687	567
687	569
687	572
687	574
687	576
687	579
687	581
687	582
687	583
687	584
687	596
687	603
687	615
687	619
687	623
687	626
687	627
687	631
687	633
687	647
687	651
687	654
687	665
687	666
687	685
687	690
687	984
688	162
688	213
688	324
688	420
688	446
688	481
688	498
688	512
688	513
688	536
688	548
688	549
688	557
688	559
688	565
688	570
688	575
688	578
688	586
688	591
688	596
688	598
688	622
688	623
688	628
688	631
688	634
688	637
688	643
688	646
688	656
688	658
688	661
688	668
688	674
688	682
688	686
688	690
688	694
688	696
688	831
688	934
688	986
689	147
689	222
689	294
689	420
689	453
689	494
689	502
689	514
689	517
689	518
689	519
689	521
689	523
689	526
689	529
689	530
689	537
689	552
689	555
689	571
689	577
689	582
689	599
689	600
689	604
689	608
689	612
689	620
689	630
689	641
689	643
689	650
689	658
689	670
689	673
689	676
689	679
689	683
689	684
689	756
689	879
689	928
689	986
690	48
690	401
690	405
690	424
690	492
690	497
690	531
690	533
690	535
690	559
690	560
690	561
690	568
690	569
690	572
690	574
690	581
690	592
690	594
690	595
690	600
690	603
690	615
690	619
690	621
690	623
690	627
690	644
690	647
690	650
690	651
690	654
690	660
690	673
690	674
690	685
690	687
690	688
690	846
690	869
690	896
690	995
690	996
691	158
691	193
691	409
691	418
691	485
691	493
691	499
691	501
691	505
691	508
691	516
691	525
691	528
691	535
691	542
691	557
691	561
691	564
691	566
691	578
691	579
691	585
691	601
691	602
691	606
691	610
691	616
691	626
691	629
691	632
691	647
691	649
691	655
691	664
691	671
691	678
691	683
691	685
691	692
691	695
691	743
691	803
691	967
691	969
692	9
692	228
692	291
692	337
692	364
692	394
692	395
692	495
692	500
692	520
692	527
692	536
692	556
692	557
692	560
692	562
692	563
692	569
692	583
692	590
692	595
692	596
692	608
692	611
692	625
692	626
692	635
692	643
692	644
692	646
692	648
692	652
692	653
692	659
692	661
692	667
692	679
692	682
692	684
692	686
692	691
692	694
692	696
692	697
692	843
692	970
693	42
693	73
693	151
693	416
693	418
693	431
693	483
693	496
693	511
693	516
693	529
693	539
693	553
693	570
693	577
693	585
693	593
693	594
693	595
693	597
693	605
693	606
693	614
693	621
693	629
693	640
693	642
693	646
693	656
693	659
693	663
693	664
693	665
693	666
693	670
693	672
693	674
693	676
693	677
693	678
693	683
693	685
693	686
693	694
693	695
693	753
693	784
694	13
694	162
694	417
694	446
694	460
694	463
694	480
694	500
694	508
694	520
694	521
694	522
694	524
694	546
694	556
694	559
694	569
694	574
694	584
694	586
694	601
694	622
694	623
694	624
694	631
694	638
694	642
694	644
694	647
694	648
694	657
694	658
694	659
694	661
694	664
694	667
694	673
694	682
694	683
694	686
694	688
694	692
694	693
694	696
694	697
694	701
694	708
694	783
695	154
695	184
695	256
695	450
695	470
695	491
695	493
695	499
695	501
695	506
695	508
695	516
695	525
695	535
695	542
695	543
695	551
695	562
695	564
695	566
695	568
695	575
695	578
695	579
695	585
695	586
695	590
695	603
695	606
695	610
695	613
695	626
695	632
695	647
695	649
695	655
695	660
695	664
695	665
695	671
695	675
695	678
695	686
695	691
695	693
695	696
695	827
695	924
695	988
696	189
696	326
696	481
696	486
696	488
696	495
696	496
696	500
696	521
696	547
696	549
696	556
696	557
696	558
696	563
696	565
696	569
696	570
696	583
696	597
696	598
696	599
696	601
696	611
696	618
696	622
696	624
696	635
696	637
696	638
696	644
696	646
696	648
696	653
696	656
696	661
696	664
696	666
696	667
696	684
696	688
696	692
696	694
696	695
696	697
696	803
696	823
696	868
696	979
697	145
697	156
697	198
697	298
697	302
697	495
697	502
697	520
697	529
697	549
697	552
697	553
697	556
697	559
697	563
697	574
697	575
697	581
697	583
697	586
697	598
697	614
697	621
697	631
697	635
697	638
697	639
697	644
697	647
697	652
697	656
697	657
697	658
697	661
697	663
697	664
697	667
697	675
697	678
697	681
697	686
697	692
697	694
697	696
697	762
697	861
697	940
697	984
697	993
698	445
698	709
698	749
698	762
698	802
698	810
698	832
698	841
698	852
698	1000
699	232
699	484
699	702
699	703
699	776
699	786
699	805
699	819
699	821
699	840
700	443
700	479
700	711
700	772
700	797
700	799
700	821
700	843
700	848
700	850
701	694
701	720
701	759
701	775
701	831
701	837
701	846
701	850
701	851
701	890
702	699
702	745
702	764
702	794
702	809
702	822
702	825
702	838
702	939
702	989
703	141
703	366
703	699
703	748
703	760
703	821
703	823
703	825
703	843
703	853
704	203
704	223
704	725
704	749
704	764
704	791
704	809
704	816
704	830
704	839
705	366
705	468
705	710
705	791
705	803
705	807
705	814
705	821
705	830
705	832
706	345
706	660
706	736
706	763
706	779
706	818
706	833
706	851
706	852
706	853
707	572
707	673
707	754
707	783
707	785
707	788
707	812
707	815
707	826
707	842
708	24
708	694
708	768
708	775
708	781
708	813
708	829
708	831
708	847
708	851
709	315
709	681
709	698
709	789
709	791
709	816
709	837
709	848
709	850
709	851
710	220
710	705
710	726
710	749
710	782
710	795
710	821
710	830
710	853
710	922
711	207
711	488
711	700
711	793
711	806
711	810
711	832
711	835
711	842
711	850
712	284
712	788
712	801
712	818
712	825
712	829
712	847
712	850
712	852
712	956
713	372
713	645
713	786
713	788
713	801
713	827
713	834
713	844
713	847
713	852
714	330
714	401
714	722
714	762
714	784
714	829
714	835
714	843
714	847
714	849
715	324
715	337
715	740
715	770
715	801
715	813
715	839
715	847
715	849
715	853
716	306
716	560
716	722
716	773
716	798
716	800
716	802
716	812
716	816
716	824
717	35
717	193
717	753
717	764
717	794
717	805
717	821
717	825
717	830
717	834
718	350
718	504
718	757
718	807
718	817
718	818
718	825
718	826
718	829
718	852
718	853
719	170
719	487
719	720
719	748
719	765
719	796
719	828
719	833
719	838
719	839
719	852
720	268
720	701
720	719
720	797
720	830
720	831
720	833
720	836
720	840
720	849
720	973
721	257
721	665
721	737
721	772
721	785
721	787
721	788
721	801
721	813
721	820
721	827
722	12
722	438
722	714
722	716
722	744
722	754
722	765
722	777
722	808
722	849
722	853
723	70
723	593
723	776
723	796
723	801
723	818
723	849
723	850
723	851
723	852
723	853
724	186
724	478
724	735
724	764
724	773
724	781
724	785
724	806
724	823
724	831
724	838
725	407
725	456
725	704
725	739
725	786
725	797
725	806
725	808
725	823
725	836
725	840
726	318
726	617
726	710
726	769
726	774
726	793
726	802
726	808
726	827
726	832
726	841
727	357
727	473
727	781
727	799
727	817
727	838
727	842
727	843
727	846
727	848
727	851
728	187
728	742
728	794
728	824
728	844
728	847
728	848
728	849
728	853
728	890
728	919
729	491
729	658
729	811
729	815
729	818
729	823
729	824
729	828
729	833
729	839
729	849
730	164
730	455
730	750
730	786
730	817
730	826
730	827
730	837
730	846
730	848
730	851
731	460
731	685
731	737
731	738
731	796
731	816
731	821
731	823
731	832
731	841
731	842
732	194
732	238
732	473
732	771
732	798
732	815
732	845
732	848
732	850
732	851
732	853
733	479
733	608
733	735
733	749
733	790
733	814
733	815
733	823
733	828
733	830
733	836
733	841
734	41
734	70
734	755
734	777
734	778
734	800
734	822
734	834
734	840
734	845
734	848
734	850
735	131
735	462
735	724
735	733
735	751
735	783
735	795
735	804
735	811
735	815
735	833
735	844
736	433
736	706
736	752
736	762
736	807
736	812
736	842
736	844
736	847
736	849
736	852
736	930
737	248
737	424
737	432
737	721
737	731
737	774
737	795
737	797
737	824
737	825
737	838
737	842
738	383
738	444
738	731
738	770
738	800
738	807
738	816
738	837
738	839
738	843
738	845
738	848
738	851
739	227
739	228
739	509
739	725
739	746
739	787
739	798
739	805
739	819
739	827
739	832
739	835
739	841
740	46
740	225
740	715
740	744
740	771
740	793
740	829
740	832
740	845
740	847
740	851
740	852
740	853
741	361
741	499
741	745
741	753
741	791
741	823
741	834
741	844
741	847
741	849
741	851
741	853
741	881
742	66
742	164
742	183
742	728
742	745
742	757
742	793
742	804
742	810
742	834
742	843
742	844
742	853
743	460
743	691
743	769
743	780
743	798
743	814
743	828
743	831
743	836
743	837
743	838
743	842
743	844
744	109
744	159
744	390
744	722
744	740
744	790
744	801
744	827
744	839
744	842
744	844
744	849
744	852
745	47
745	645
745	702
745	741
745	742
745	772
745	778
745	782
745	792
745	803
745	805
745	807
745	821
746	76
746	470
746	739
746	772
746	784
746	790
746	807
746	819
746	837
746	845
746	848
746	850
746	851
747	650
747	669
747	748
747	754
747	761
747	776
747	790
747	794
747	807
747	844
747	852
747	853
747	886
748	197
748	380
748	703
748	719
748	747
748	760
748	764
748	800
748	803
748	809
748	821
748	850
748	908
749	400
749	445
749	479
749	698
749	704
749	710
749	733
749	760
749	803
749	812
749	825
749	830
749	840
750	504
750	569
750	730
750	773
750	821
750	822
750	833
750	843
750	848
750	849
750	850
750	851
750	907
751	488
751	598
751	649
751	735
751	769
751	775
751	794
751	797
751	802
751	808
751	813
751	839
751	852
752	388
752	470
752	589
752	736
752	800
752	813
752	817
752	826
752	837
752	845
752	846
752	849
752	851
753	349
753	693
753	717
753	741
753	773
753	780
753	789
753	824
753	829
753	837
753	844
753	849
753	852
754	36
754	85
754	707
754	722
754	747
754	760
754	798
754	831
754	834
754	844
754	847
754	849
754	852
754	1000
755	360
755	558
755	734
755	779
755	794
755	806
755	811
755	813
755	814
755	822
755	831
755	839
755	843
755	999
756	250
756	367
756	689
756	762
756	763
756	820
756	824
756	827
756	829
756	832
756	841
756	844
756	848
756	853
757	141
757	547
757	718
757	742
757	788
757	804
757	807
757	825
757	845
757	846
757	847
757	849
757	852
757	853
758	82
758	179
758	621
758	779
758	799
758	803
758	817
758	837
758	840
758	845
758	846
758	847
758	848
758	850
759	223
759	263
759	701
759	764
759	772
759	787
759	798
759	817
759	845
759	846
759	850
759	851
759	852
759	955
760	116
760	403
760	640
760	703
760	748
760	749
760	754
760	764
760	782
760	810
760	825
760	830
760	850
760	853
761	449
761	455
761	569
761	747
761	791
761	796
761	801
761	834
761	845
761	847
761	849
761	851
761	852
761	853
762	172
762	697
762	698
762	714
762	736
762	756
762	763
762	796
762	820
762	826
762	832
762	836
762	852
762	875
763	78
763	104
763	355
763	706
763	756
763	762
763	787
763	793
763	798
763	801
763	819
763	826
763	835
763	850
763	851
764	117
764	128
764	137
764	702
764	704
764	717
764	724
764	748
764	759
764	760
764	765
764	795
764	807
764	809
764	830
765	38
765	354
765	532
765	719
765	722
765	764
765	778
765	792
765	798
765	803
765	805
765	822
765	825
765	830
765	836
766	7
766	67
766	671
766	767
766	790
766	795
766	819
766	822
766	840
766	841
766	843
766	845
766	846
766	850
766	851
767	283
767	389
767	467
767	766
767	771
767	774
767	810
767	826
767	840
767	843
767	845
767	846
767	850
767	851
767	852
768	113
768	129
768	708
768	772
768	784
768	797
768	806
768	823
768	825
768	831
768	838
768	839
768	842
768	853
768	919
769	15
769	294
769	474
769	726
769	743
769	751
769	788
769	811
769	813
769	828
769	835
769	836
769	839
769	842
769	849
769	964
770	178
770	242
770	299
770	326
770	715
770	738
770	798
770	802
770	810
770	812
770	823
770	827
770	832
770	841
770	842
770	844
771	278
771	440
771	732
771	740
771	767
771	775
771	802
771	809
771	816
771	837
771	841
771	843
771	845
771	846
771	851
771	969
772	175
772	363
772	534
772	700
772	721
772	745
772	746
772	759
772	768
772	800
772	811
772	828
772	843
772	846
772	848
772	851
773	370
773	404
773	686
773	716
773	724
773	750
773	753
773	785
773	788
773	798
773	812
773	826
773	827
773	832
773	843
773	983
774	52
774	202
774	373
774	726
774	737
774	767
774	775
774	787
774	788
774	806
774	812
774	815
774	827
774	841
774	842
774	847
775	94
775	645
775	701
775	708
775	751
775	771
775	774
775	805
775	811
775	814
775	826
775	833
775	836
775	839
775	840
775	983
776	188
776	488
776	670
776	699
776	723
776	747
776	778
776	782
776	787
776	792
776	803
776	821
776	822
776	825
776	830
776	841
776	947
777	668
777	722
777	734
777	782
777	793
777	803
777	817
777	833
777	836
777	837
777	843
777	845
777	846
777	848
777	850
777	948
777	997
778	39
778	85
778	141
778	189
778	734
778	745
778	765
778	776
778	791
778	792
778	805
778	809
778	811
778	818
778	830
778	832
778	853
779	267
779	553
779	625
779	706
779	755
779	758
779	804
779	808
779	813
779	834
779	840
779	844
779	846
779	847
779	852
779	853
779	887
780	323
780	406
780	743
780	753
780	781
780	785
780	792
780	799
780	811
780	814
780	831
780	833
780	836
780	839
780	840
780	845
780	971
781	414
781	465
781	562
781	674
781	708
781	724
781	727
781	780
781	803
781	814
781	817
781	820
781	827
781	828
781	833
781	838
781	840
782	348
782	397
782	445
782	549
782	710
782	745
782	760
782	776
782	777
782	803
782	805
782	821
782	830
782	833
782	834
782	840
782	850
783	73
783	130
783	304
783	694
783	707
783	735
783	795
783	817
783	822
783	841
783	843
783	845
783	846
783	847
783	848
783	850
783	851
784	175
784	180
784	693
784	714
784	746
784	768
784	789
784	807
784	814
784	828
784	829
784	841
784	843
784	844
784	847
784	849
784	852
784	853
785	122
785	554
785	653
785	707
785	721
785	724
785	773
785	780
785	787
785	800
785	811
785	816
785	820
785	826
785	832
785	835
785	842
785	989
786	166
786	196
786	391
786	699
786	713
786	725
786	730
786	792
786	810
786	813
786	815
786	823
786	828
786	831
786	836
786	838
786	844
786	877
787	120
787	121
787	163
787	531
787	721
787	739
787	759
787	763
787	774
787	776
787	785
787	795
787	801
787	810
787	819
787	831
787	835
787	853
788	116
788	329
788	483
788	707
788	712
788	713
788	721
788	757
788	769
788	773
788	774
788	808
788	812
788	816
788	820
788	824
788	826
788	835
788	980
789	101
789	155
789	195
789	566
789	709
789	753
789	784
789	808
789	818
789	821
789	829
789	831
789	834
789	839
789	843
789	844
789	847
789	849
789	852
790	506
790	550
790	680
790	733
790	744
790	746
790	747
790	766
790	800
790	813
790	815
790	834
790	837
790	845
790	846
790	848
790	850
790	851
790	974
791	98
791	209
791	670
791	704
791	705
791	709
791	741
791	761
791	778
791	792
791	803
791	805
791	809
791	821
791	825
791	841
791	846
791	848
791	961
792	191
792	362
792	407
792	502
792	745
792	765
792	776
792	778
792	780
792	786
792	791
792	797
792	809
792	821
792	825
792	830
792	838
792	839
792	844
793	176
793	191
793	582
793	711
793	726
793	740
793	742
793	763
793	777
793	810
793	819
793	826
793	827
793	831
793	835
793	841
793	842
793	850
793	975
794	106
794	258
794	319
794	426
794	702
794	717
794	728
794	747
794	751
794	755
794	806
794	811
794	815
794	818
794	833
794	836
794	838
794	840
794	848
795	405
795	407
795	624
795	710
795	735
795	737
795	764
795	766
795	783
795	787
795	819
795	820
795	824
795	826
795	841
795	842
795	845
795	849
795	997
796	152
796	254
796	390
796	443
796	719
796	723
796	731
796	761
796	762
796	802
796	810
796	812
796	819
796	820
796	828
796	835
796	841
796	842
796	843
796	853
797	27
797	201
797	436
797	469
797	678
797	700
797	720
797	725
797	737
797	751
797	768
797	792
797	806
797	814
797	823
797	831
797	839
797	840
797	846
797	850
797	852
798	359
798	372
798	447
798	663
798	716
798	732
798	739
798	743
798	754
798	759
798	763
798	765
798	770
798	773
798	810
798	816
798	819
798	824
798	827
798	835
798	848
799	192
799	272
799	428
799	617
799	678
799	700
799	727
799	758
799	780
799	807
799	811
799	816
799	824
799	836
799	839
799	843
799	845
799	846
799	848
799	850
799	851
800	164
800	441
800	634
800	716
800	734
800	738
800	748
800	752
800	772
800	785
800	790
800	804
800	816
800	822
800	829
800	841
800	846
800	847
800	848
800	850
800	888
801	174
801	345
801	412
801	663
801	712
801	713
801	715
801	721
801	723
801	744
801	761
801	763
801	787
801	818
801	825
801	826
801	829
801	847
801	848
801	853
801	867
802	172
802	464
802	571
802	611
802	635
802	698
802	716
802	726
802	751
802	770
802	771
802	796
802	819
802	827
802	828
802	835
802	837
802	841
802	842
802	845
802	847
803	180
803	642
803	691
803	696
803	705
803	745
803	748
803	749
803	758
803	765
803	776
803	777
803	781
803	782
803	791
803	805
803	806
803	809
803	813
803	825
803	844
803	853
804	65
804	641
804	735
804	742
804	757
804	779
804	800
804	808
804	814
804	819
804	827
804	829
804	834
804	844
804	846
804	847
804	848
804	849
804	852
804	853
804	884
804	945
805	59
805	88
805	459
805	479
805	650
805	699
805	717
805	739
805	745
805	765
805	775
805	778
805	782
805	791
805	803
805	809
805	811
805	820
805	824
805	825
805	842
805	846
805	848
806	393
806	432
806	485
806	491
806	711
806	724
806	725
806	755
806	768
806	774
806	794
806	797
806	803
806	809
806	815
806	819
806	823
806	836
806	837
806	838
806	840
806	847
806	955
807	100
807	199
807	468
807	705
807	718
807	736
807	738
807	745
807	746
807	747
807	757
807	764
807	784
807	799
807	824
807	829
807	834
807	844
807	847
807	849
807	852
807	853
807	989
808	97
808	193
808	352
808	665
808	722
808	725
808	726
808	751
808	779
808	788
808	789
808	804
808	814
808	818
808	829
808	832
808	834
808	837
808	844
808	847
808	849
808	852
808	853
809	269
809	291
809	391
809	425
809	702
809	704
809	748
809	764
809	771
809	778
809	791
809	792
809	803
809	805
809	806
809	821
809	825
809	830
809	833
809	835
809	845
809	852
809	982
810	213
810	404
810	454
810	651
810	655
810	698
810	711
810	742
810	760
810	767
810	770
810	786
810	787
810	793
810	796
810	798
810	820
810	824
810	826
810	832
810	842
810	845
810	846
810	851
811	81
811	201
811	389
811	512
811	612
811	729
811	735
811	755
811	769
811	772
811	775
811	778
811	780
811	785
811	794
811	799
811	805
811	812
811	828
811	833
811	838
811	839
811	840
811	849
812	534
812	557
812	602
812	607
812	707
812	716
812	736
812	749
812	770
812	773
812	774
812	788
812	796
812	811
812	818
812	824
812	832
812	834
812	835
812	836
812	838
812	841
812	842
812	843
813	179
813	275
813	419
813	428
813	663
813	708
813	715
813	721
813	751
813	752
813	755
813	769
813	779
813	786
813	790
813	803
813	817
813	819
813	823
813	828
813	831
813	833
813	838
813	839
813	840
814	133
814	590
814	610
814	705
814	733
814	743
814	755
814	775
814	780
814	781
814	784
814	797
814	804
814	808
814	815
814	817
814	831
814	833
814	836
814	838
814	840
814	843
814	845
814	951
814	981
815	206
815	410
815	481
815	562
815	707
815	729
815	732
815	733
815	735
815	774
815	786
815	790
815	794
815	806
815	814
815	823
815	826
815	833
815	835
815	838
815	839
815	840
815	842
815	850
815	933
816	387
816	415
816	484
816	541
816	704
816	709
816	716
816	731
816	738
816	771
816	785
816	788
816	798
816	799
816	800
816	822
816	837
816	843
816	845
816	847
816	848
816	850
816	851
816	853
816	943
817	23
817	104
817	176
817	188
817	319
817	718
817	727
817	730
817	752
817	758
817	759
817	777
817	781
817	783
817	813
817	814
817	822
817	830
817	833
817	837
817	846
817	848
817	850
817	851
817	853
818	292
818	403
818	655
818	706
818	712
818	718
818	723
818	729
818	778
818	789
818	794
818	801
818	808
818	812
818	834
818	839
818	844
818	846
818	847
818	848
818	849
818	852
818	853
818	878
818	972
819	75
819	88
819	344
819	379
819	647
819	699
819	739
819	746
819	763
819	766
819	787
819	793
819	795
819	796
819	798
819	802
819	804
819	806
819	813
819	820
819	822
819	824
819	826
819	827
819	841
820	93
820	119
820	297
820	444
820	464
820	721
820	756
820	762
820	781
820	785
820	788
820	795
820	796
820	805
820	810
820	819
820	822
820	824
820	828
820	832
820	841
820	842
820	843
820	847
820	849
820	851
821	142
821	419
821	424
821	699
821	700
821	703
821	705
821	710
821	717
821	731
821	745
821	748
821	750
821	776
821	782
821	789
821	791
821	792
821	809
821	825
821	827
821	846
821	848
821	851
821	937
821	985
822	451
822	493
822	497
822	702
822	734
822	750
822	755
822	765
822	766
822	776
822	783
822	800
822	816
822	817
822	819
822	820
822	830
822	836
822	843
822	845
822	846
822	848
822	850
822	851
822	895
822	930
823	178
823	330
823	470
823	529
823	696
823	703
823	724
823	725
823	729
823	731
823	733
823	741
823	768
823	770
823	786
823	797
823	806
823	813
823	815
823	827
823	828
823	831
823	832
823	839
823	840
823	844
823	849
824	277
824	369
824	427
824	485
824	684
824	716
824	728
824	729
824	737
824	753
824	756
824	788
824	795
824	798
824	799
824	805
824	807
824	810
824	812
824	819
824	820
824	825
824	827
824	835
824	839
824	841
824	842
825	347
825	443
825	590
825	641
825	702
825	703
825	712
825	717
825	718
825	737
825	749
825	757
825	760
825	765
825	768
825	776
825	791
825	792
825	801
825	803
825	805
825	809
825	821
825	824
825	827
825	830
825	831
825	932
826	263
826	434
826	477
826	651
826	707
826	718
826	730
826	752
826	762
826	763
826	767
826	773
826	775
826	785
826	788
826	793
826	795
826	801
826	810
826	815
826	819
826	832
826	835
826	841
826	842
826	849
826	974
826	995
827	63
827	670
827	695
827	713
827	721
827	726
827	730
827	739
827	744
827	756
827	770
827	773
827	774
827	781
827	793
827	798
827	802
827	804
827	819
827	821
827	823
827	824
827	825
827	841
827	842
827	846
827	955
827	996
828	60
828	275
828	319
828	421
828	491
828	719
828	729
828	733
828	743
828	769
828	772
828	781
828	784
828	786
828	796
828	802
828	811
828	813
828	820
828	823
828	832
828	833
828	835
828	836
828	839
828	840
828	847
828	938
829	189
829	445
829	615
829	642
829	708
829	712
829	714
829	718
829	740
829	753
829	756
829	784
829	789
829	800
829	801
829	804
829	807
829	808
829	832
829	834
829	837
829	838
829	842
829	844
829	848
829	849
829	853
829	951
830	146
830	399
830	490
830	535
830	618
830	658
830	704
830	705
830	710
830	717
830	720
830	733
830	749
830	760
830	764
830	765
830	776
830	778
830	782
830	792
830	809
830	817
830	822
830	825
830	835
830	842
830	847
830	853
831	201
831	384
831	482
831	484
831	688
831	701
831	708
831	720
831	724
831	743
831	754
831	755
831	768
831	780
831	786
831	787
831	789
831	793
831	797
831	813
831	814
831	823
831	825
831	836
831	837
831	838
831	840
831	849
831	982
832	188
832	318
832	604
832	698
832	705
832	711
832	726
832	731
832	739
832	740
832	756
832	762
832	770
832	773
832	778
832	785
832	808
832	810
832	812
832	820
832	823
832	826
832	828
832	829
832	833
832	837
832	841
832	842
832	857
832	947
832	957
833	49
833	160
833	196
833	198
833	221
833	706
833	719
833	720
833	729
833	735
833	750
833	775
833	777
833	780
833	781
833	782
833	794
833	809
833	811
833	813
833	814
833	815
833	817
833	828
833	832
833	834
833	838
833	839
833	840
833	848
833	852
833	935
834	295
834	400
834	561
834	674
834	713
834	717
834	734
834	741
834	742
834	754
834	761
834	779
834	782
834	789
834	790
834	804
834	807
834	808
834	812
834	818
834	829
834	833
834	839
834	844
834	845
834	847
834	849
834	850
834	852
834	853
834	944
834	969
835	212
835	261
835	477
835	627
835	711
835	714
835	739
835	763
835	769
835	785
835	787
835	788
835	793
835	796
835	798
835	802
835	809
835	812
835	815
835	824
835	826
835	828
835	830
835	836
835	837
835	841
835	842
835	851
835	852
835	911
835	951
835	991
836	314
836	339
836	394
836	404
836	416
836	625
836	720
836	725
836	733
836	743
836	762
836	765
836	769
836	775
836	777
836	780
836	786
836	794
836	799
836	806
836	812
836	814
836	822
836	828
836	831
836	835
836	838
836	839
836	840
836	848
836	851
836	852
836	898
837	180
837	438
837	465
837	611
837	618
837	701
837	709
837	730
837	738
837	743
837	746
837	752
837	753
837	758
837	771
837	777
837	790
837	802
837	806
837	808
837	816
837	817
837	829
837	831
837	832
837	835
837	843
837	845
837	846
837	849
837	850
837	851
837	852
837	911
838	92
838	105
838	155
838	377
838	419
838	426
838	444
838	702
838	719
838	724
838	727
838	737
838	743
838	768
838	781
838	786
838	792
838	794
838	806
838	811
838	812
838	813
838	814
838	815
838	829
838	831
838	833
838	836
838	839
838	840
838	842
838	844
838	846
838	847
839	54
839	126
839	288
839	395
839	667
839	680
839	704
839	715
839	719
839	729
839	738
839	744
839	751
839	755
839	768
839	769
839	775
839	780
839	789
839	792
839	797
839	799
839	811
839	813
839	815
839	818
839	823
839	824
839	828
839	833
839	834
839	836
839	838
839	840
839	849
839	925
840	171
840	198
840	325
840	429
840	465
840	467
840	699
840	720
840	725
840	734
840	749
840	758
840	766
840	767
840	775
840	779
840	780
840	781
840	782
840	794
840	797
840	806
840	811
840	813
840	814
840	815
840	823
840	828
840	831
840	833
840	836
840	838
840	839
840	842
840	843
840	850
840	851
840	988
841	13
841	20
841	68
841	79
841	157
841	389
841	575
841	576
841	698
841	726
841	731
841	733
841	739
841	756
841	766
841	770
841	771
841	774
841	776
841	783
841	784
841	791
841	793
841	795
841	796
841	800
841	802
841	812
841	819
841	820
841	824
841	826
841	827
841	832
841	835
841	844
841	845
841	852
841	853
842	305
842	404
842	454
842	476
842	477
842	517
842	528
842	707
842	711
842	727
842	731
842	736
842	737
842	743
842	744
842	768
842	769
842	770
842	774
842	785
842	793
842	795
842	796
842	802
842	805
842	810
842	812
842	815
842	820
842	824
842	826
842	827
842	829
842	830
842	832
842	835
842	838
842	840
842	984
843	47
843	178
843	201
843	449
843	527
843	666
843	692
843	700
843	703
843	714
843	727
843	738
843	742
843	750
843	755
843	766
843	767
843	771
843	772
843	773
843	777
843	783
843	784
843	789
843	796
843	799
843	812
843	814
843	816
843	820
843	822
843	837
843	840
843	845
843	846
843	848
843	850
843	851
843	992
844	167
844	305
844	326
844	449
844	507
844	617
844	618
844	679
844	713
844	728
844	735
844	736
844	741
844	742
844	743
844	744
844	747
844	753
844	754
844	756
844	770
844	779
844	784
844	786
844	789
844	792
844	803
844	804
844	807
844	808
844	818
844	823
844	829
844	834
844	838
844	841
844	845
844	849
844	852
844	853
844	997
845	1
845	131
845	153
845	322
845	461
845	524
845	658
845	732
845	734
845	738
845	740
845	746
845	752
845	757
845	758
845	759
845	761
845	766
845	767
845	771
845	777
845	780
845	783
845	790
845	795
845	799
845	802
845	809
845	810
845	814
845	816
845	822
845	834
845	837
845	841
845	843
845	844
845	846
845	848
845	851
845	852
845	875
845	887
846	118
846	147
846	233
846	316
846	466
846	471
846	690
846	701
846	727
846	730
846	752
846	757
846	758
846	759
846	766
846	767
846	771
846	772
846	777
846	779
846	783
846	790
846	791
846	797
846	799
846	800
846	804
846	805
846	810
846	817
846	818
846	821
846	822
846	827
846	837
846	838
846	843
846	845
846	848
846	851
846	852
846	853
846	973
847	15
847	400
847	431
847	469
847	486
847	489
847	595
847	708
847	712
847	713
847	714
847	715
847	728
847	736
847	740
847	741
847	754
847	757
847	758
847	761
847	774
847	779
847	783
847	784
847	789
847	800
847	801
847	802
847	804
847	806
847	807
847	808
847	816
847	818
847	820
847	828
847	830
847	834
847	838
847	849
847	851
847	852
847	853
847	917
847	953
848	25
848	38
848	196
848	339
848	425
848	435
848	450
848	700
848	709
848	727
848	728
848	730
848	732
848	734
848	738
848	746
848	750
848	756
848	758
848	772
848	777
848	783
848	790
848	791
848	794
848	798
848	799
848	800
848	801
848	804
848	805
848	816
848	817
848	818
848	821
848	822
848	829
848	833
848	836
848	843
848	845
848	846
848	850
848	867
848	930
849	17
849	68
849	158
849	181
849	200
849	214
849	403
849	428
849	714
849	715
849	720
849	722
849	723
849	728
849	729
849	736
849	741
849	744
849	750
849	752
849	753
849	754
849	757
849	761
849	769
849	784
849	789
849	795
849	804
849	807
849	808
849	811
849	818
849	820
849	823
849	826
849	829
849	831
849	834
849	837
849	839
849	844
849	847
849	850
849	853
849	997
850	173
850	186
850	192
850	386
850	467
850	475
850	485
850	644
850	700
850	701
850	709
850	711
850	712
850	723
850	732
850	734
850	746
850	748
850	750
850	758
850	759
850	760
850	763
850	766
850	767
850	777
850	782
850	783
850	790
850	793
850	797
850	799
850	800
850	815
850	816
850	817
850	822
850	834
850	837
850	840
850	843
850	848
850	849
850	851
850	911
850	975
851	101
851	204
851	227
851	302
851	338
851	367
851	498
851	517
851	588
851	701
851	706
851	708
851	709
851	723
851	727
851	730
851	732
851	738
851	740
851	741
851	746
851	750
851	752
851	759
851	761
851	763
851	766
851	767
851	771
851	772
851	783
851	790
851	799
851	810
851	816
851	817
851	820
851	821
851	822
851	835
851	836
851	837
851	840
851	843
851	845
851	846
851	847
851	850
851	923
852	69
852	173
852	188
852	216
852	239
852	260
852	267
852	321
852	338
852	340
852	698
852	706
852	712
852	713
852	718
852	719
852	723
852	736
852	740
852	744
852	747
852	751
852	753
852	754
852	757
852	759
852	761
852	762
852	767
852	779
852	784
852	789
852	797
852	804
852	807
852	808
852	809
852	818
852	833
852	834
852	835
852	836
852	837
852	841
852	844
852	845
852	846
852	847
852	853
853	108
853	161
853	182
853	387
853	478
853	481
853	489
853	490
853	703
853	706
853	710
853	715
853	718
853	722
853	723
853	728
853	732
853	740
853	741
853	742
853	747
853	756
853	757
853	760
853	761
853	768
853	778
853	779
853	784
853	787
853	796
853	801
853	803
853	804
853	807
853	808
853	816
853	817
853	818
853	829
853	830
853	834
853	841
853	844
853	846
853	847
853	849
853	852
853	968
853	980
854	487
854	584
854	875
854	905
854	908
854	950
854	961
854	972
854	979
854	988
855	249
855	631
855	893
855	906
855	961
855	964
855	970
855	984
855	995
855	1000
856	147
856	477
856	864
856	881
856	929
856	933
856	964
856	990
856	991
856	995
857	114
857	832
857	889
857	902
857	912
857	951
857	954
857	962
857	967
857	990
858	196
858	624
858	934
858	947
858	952
858	978
858	983
858	986
858	989
858	1000
859	413
859	426
859	874
859	884
859	893
859	967
859	971
859	993
859	998
859	999
860	6
860	120
860	868
860	870
860	889
860	907
860	924
860	929
860	968
860	994
861	490
861	697
861	937
861	940
861	945
861	963
861	975
861	976
861	985
861	992
862	476
862	544
862	868
862	898
862	934
862	972
862	988
862	990
862	993
862	997
863	160
863	491
863	865
863	925
863	930
863	962
863	970
863	975
863	982
863	991
864	74
864	316
864	856
864	911
864	935
864	958
864	974
864	978
864	981
864	998
865	14
865	641
865	863
865	937
865	942
865	946
865	972
865	988
865	998
865	999
866	22
866	83
866	904
866	915
866	926
866	936
866	954
866	967
866	985
866	1000
867	801
867	848
867	892
867	897
867	916
867	926
867	951
867	956
867	984
867	990
868	219
868	696
868	860
868	862
868	904
868	933
868	940
868	972
868	989
868	996
869	166
869	690
869	873
869	877
869	920
869	958
869	981
869	990
869	991
869	1000
870	187
870	521
870	860
870	874
870	895
870	936
870	947
870	982
870	989
870	993
871	84
871	185
871	957
871	962
871	969
871	989
871	990
871	992
871	993
871	994
871	995
872	149
872	193
872	281
872	909
872	920
872	956
872	983
872	985
872	991
872	996
872	999
873	138
873	453
873	869
873	894
873	930
873	937
873	942
873	946
873	967
873	988
873	1000
874	395
874	686
874	859
874	870
874	916
874	938
874	940
874	957
874	987
874	991
874	998
875	762
875	845
875	854
875	898
875	930
875	936
875	971
875	984
875	987
875	989
875	994
876	268
876	630
876	889
876	931
876	938
876	939
876	946
876	975
876	981
876	997
876	999
877	380
877	786
877	869
877	881
877	943
877	966
877	969
877	973
877	977
877	990
877	995
878	469
878	818
878	881
878	889
878	904
878	911
878	936
878	955
878	967
878	972
878	991
879	601
879	689
879	910
879	921
879	945
879	970
879	975
879	977
879	988
879	991
879	998
880	408
880	671
880	905
880	918
880	922
880	935
880	946
880	959
880	967
880	973
880	976
881	676
881	741
881	856
881	877
881	878
881	923
881	925
881	929
881	932
881	935
881	960
882	174
882	487
882	887
882	891
882	918
882	953
882	960
882	978
882	985
882	986
882	999
883	150
883	484
883	888
883	896
883	897
883	931
883	970
883	978
883	982
883	993
883	995
884	151
884	804
884	859
884	909
884	919
884	953
884	963
884	966
884	968
884	993
884	1000
885	269
885	484
885	901
885	934
885	961
885	967
885	974
885	975
885	981
885	982
885	1000
886	154
886	632
886	747
886	913
886	954
886	955
886	978
886	990
886	991
886	992
886	997
887	779
887	845
887	882
887	891
887	897
887	956
887	960
887	975
887	987
887	988
887	998
888	496
888	800
888	883
888	915
888	961
888	969
888	980
888	986
888	992
888	994
888	995
889	60
889	623
889	857
889	860
889	876
889	878
889	891
889	925
889	970
889	978
889	984
890	701
890	728
890	902
890	926
890	959
890	975
890	982
890	984
890	987
890	989
890	993
891	92
891	446
891	882
891	887
891	889
891	920
891	938
891	948
891	953
891	971
891	978
892	324
892	651
892	867
892	908
892	926
892	950
892	970
892	973
892	981
892	989
892	990
893	217
893	459
893	855
893	859
893	900
893	902
893	906
893	959
893	974
893	979
893	991
893	992
894	57
894	475
894	873
894	923
894	939
894	959
894	961
894	971
894	974
894	990
894	994
894	995
895	246
895	472
895	822
895	870
895	906
895	957
895	971
895	976
895	990
895	993
895	999
895	1000
896	68
896	332
896	690
896	883
896	899
896	937
896	948
896	959
896	971
896	975
896	987
896	999
897	182
897	374
897	376
897	867
897	883
897	887
897	941
897	959
897	962
897	968
897	973
897	991
898	173
898	601
898	836
898	862
898	875
898	901
898	923
898	931
898	951
898	952
898	978
898	989
899	140
899	226
899	896
899	901
899	910
899	967
899	970
899	981
899	984
899	988
899	989
899	994
900	192
900	509
900	893
900	919
900	950
900	955
900	959
900	965
900	971
900	991
900	992
900	999
901	169
901	192
901	885
901	898
901	899
901	929
901	932
901	944
901	966
901	970
901	982
901	999
902	142
902	421
902	857
902	890
902	893
902	903
902	907
902	955
902	971
902	979
902	990
902	997
903	97
903	157
903	468
903	902
903	927
903	929
903	942
903	977
903	981
903	982
903	992
903	994
903	995
904	44
904	373
904	435
904	866
904	868
904	878
904	953
904	966
904	968
904	969
904	992
904	995
904	997
905	106
905	161
905	273
905	854
905	880
905	914
905	920
905	927
905	928
905	958
905	969
905	986
905	988
906	186
906	664
906	855
906	893
906	895
906	955
906	958
906	962
906	965
906	985
906	992
906	994
906	995
907	411
907	750
907	860
907	902
907	915
907	954
907	962
907	964
907	977
907	984
907	987
907	993
907	995
908	128
908	203
908	748
908	854
908	892
908	920
908	926
908	933
908	959
908	971
908	976
908	993
908	1000
909	159
909	349
909	683
909	872
909	884
909	922
909	931
909	966
909	977
909	979
909	985
909	997
909	998
910	187
910	596
910	879
910	899
910	942
910	948
910	976
910	979
910	982
910	996
910	997
910	998
910	1000
911	835
911	837
911	850
911	864
911	878
911	931
911	937
911	945
911	963
911	974
911	978
911	987
911	992
912	415
912	466
912	857
912	932
912	933
912	934
912	942
912	959
912	960
912	979
912	987
912	993
912	996
913	182
913	409
913	524
913	886
913	940
913	943
913	950
913	973
913	983
913	993
913	995
913	997
913	998
914	364
914	445
914	476
914	905
914	919
914	926
914	932
914	940
914	951
914	988
914	992
914	995
914	998
915	173
915	293
915	866
915	888
915	907
915	931
915	954
915	959
915	960
915	977
915	987
915	996
915	998
916	199
916	473
916	867
916	874
916	919
916	926
916	943
916	948
916	949
916	964
916	973
916	976
916	981
916	1000
917	123
917	461
917	847
917	928
917	949
917	952
917	966
917	976
917	978
917	982
917	987
917	988
917	993
917	996
918	573
918	636
918	880
918	882
918	919
918	939
918	952
918	964
918	972
918	977
918	983
918	986
918	988
918	997
919	147
919	728
919	768
919	884
919	900
919	914
919	916
919	918
919	948
919	950
919	963
919	972
919	996
919	997
920	98
920	153
920	393
920	869
920	872
920	891
920	905
920	908
920	926
920	949
920	976
920	982
920	992
920	999
921	434
921	486
921	500
921	879
921	933
921	940
921	941
921	950
921	953
921	957
921	977
921	979
921	983
921	997
922	236
922	612
922	710
922	880
922	909
922	938
922	947
922	950
922	965
922	977
922	980
922	991
922	992
922	994
923	83
923	605
923	851
923	881
923	894
923	898
923	956
923	957
923	965
923	969
923	973
923	977
923	995
923	998
924	190
924	478
924	695
924	860
924	940
924	952
924	954
924	965
924	967
924	973
924	980
924	986
924	992
924	995
924	997
925	311
925	385
925	839
925	863
925	881
925	889
925	938
925	944
925	949
925	951
925	977
925	984
925	989
925	991
925	996
926	110
926	281
926	337
926	866
926	867
926	890
926	892
926	908
926	914
926	916
926	920
926	968
926	974
926	987
926	998
927	265
927	389
927	558
927	903
927	905
927	956
927	976
927	977
927	979
927	982
927	986
927	988
927	996
927	998
927	1000
928	221
928	465
928	689
928	905
928	917
928	936
928	951
928	975
928	979
928	980
928	983
928	986
928	994
928	996
928	998
929	99
929	431
929	682
929	856
929	860
929	881
929	901
929	903
929	934
929	941
929	949
929	961
929	991
929	994
929	995
930	736
930	822
930	848
930	863
930	873
930	875
930	937
930	952
930	955
930	978
930	985
930	992
930	993
930	998
930	999
931	156
931	446
931	578
931	876
931	883
931	898
931	909
931	911
931	915
931	949
931	956
931	971
931	983
931	987
931	997
931	999
932	169
932	420
932	825
932	881
932	901
932	912
932	914
932	943
932	944
932	947
932	985
932	986
932	996
932	998
932	999
932	1000
933	271
933	475
933	668
933	815
933	856
933	868
933	908
933	912
933	921
933	956
933	960
933	980
933	986
933	996
933	998
933	1000
934	86
934	311
934	688
934	858
934	862
934	885
934	912
934	929
934	947
934	948
934	970
934	976
934	985
934	993
934	994
934	996
935	404
935	489
935	833
935	864
935	880
935	881
935	937
935	952
935	969
935	977
935	980
935	983
935	990
935	991
935	992
935	994
935	996
936	95
936	152
936	192
936	866
936	870
936	875
936	878
936	928
936	944
936	959
936	965
936	967
936	968
936	990
936	992
936	994
936	997
937	49
937	612
937	821
937	861
937	865
937	873
937	896
937	911
937	930
937	935
937	980
937	983
937	984
937	985
937	987
937	999
937	1000
938	91
938	620
938	828
938	874
938	876
938	891
938	922
938	925
938	953
938	958
938	965
938	978
938	985
938	989
938	996
938	998
938	1000
939	65
939	471
939	659
939	702
939	876
939	894
939	918
939	941
939	951
939	962
939	969
939	977
939	980
939	985
939	991
939	992
939	996
940	474
940	625
940	697
940	861
940	868
940	874
940	913
940	914
940	921
940	924
940	953
940	972
940	975
940	985
940	989
940	990
940	999
941	173
941	449
941	686
941	897
941	921
941	929
941	939
941	944
941	963
941	964
941	967
941	968
941	973
941	977
941	991
941	994
941	995
941	1000
942	165
942	273
942	387
942	865
942	873
942	903
942	910
942	912
942	944
942	946
942	955
942	963
942	964
942	974
942	984
942	990
942	999
942	1000
943	75
943	126
943	132
943	816
943	877
943	913
943	916
943	932
943	945
943	956
943	965
943	970
943	975
943	978
943	985
943	995
943	996
943	997
943	998
944	282
944	451
944	630
944	834
944	901
944	925
944	932
944	936
944	941
944	942
944	961
944	971
944	974
944	984
944	986
944	989
944	994
944	995
944	1000
945	172
945	443
945	683
945	804
945	861
945	879
945	911
945	943
945	947
945	963
945	966
945	968
945	976
945	984
945	985
945	996
945	998
945	999
945	1000
946	185
946	376
946	457
946	670
946	865
946	873
946	876
946	880
946	942
946	954
946	962
946	963
946	964
946	969
946	972
946	978
946	982
946	992
946	993
946	999
947	486
947	525
947	776
947	832
947	858
947	870
947	922
947	932
947	934
947	945
947	960
947	964
947	971
947	972
947	974
947	976
947	986
947	991
947	997
947	998
948	550
948	676
948	684
948	777
948	891
948	896
948	910
948	916
948	919
948	934
948	950
948	951
948	960
948	962
948	966
948	975
948	983
948	997
948	998
948	999
949	33
949	78
949	215
949	630
949	916
949	917
949	920
949	925
949	929
949	931
949	957
949	958
949	963
949	987
949	988
949	993
949	995
949	996
949	998
949	999
950	191
950	375
950	457
950	549
950	854
950	892
950	900
950	913
950	919
950	921
950	922
950	948
950	960
950	969
950	976
950	979
950	981
950	988
950	989
950	997
950	998
951	163
951	814
951	829
951	835
951	857
951	867
951	898
951	914
951	925
951	928
951	939
951	948
951	961
951	962
951	963
951	975
951	984
951	987
951	993
951	999
951	1000
952	184
952	637
952	664
952	680
952	858
952	898
952	917
952	918
952	924
952	930
952	935
952	968
952	970
952	972
952	981
952	983
952	985
952	986
952	988
952	996
952	997
952	998
953	328
953	474
953	683
953	847
953	882
953	884
953	891
953	904
953	921
953	938
953	940
953	956
953	957
953	958
953	961
953	964
953	970
953	974
953	980
953	982
953	997
953	1000
954	185
954	309
954	321
954	423
954	857
954	866
954	886
954	907
954	915
954	924
954	946
954	959
954	966
954	974
954	978
954	980
954	986
954	988
954	990
954	991
954	993
954	994
955	554
955	680
955	759
955	806
955	827
955	878
955	886
955	900
955	902
955	906
955	930
955	942
955	959
955	962
955	980
955	982
955	989
955	990
955	991
955	994
955	997
955	999
956	41
956	248
956	353
956	712
956	867
956	872
956	887
956	923
956	927
956	931
956	933
956	943
956	953
956	963
956	966
956	975
956	980
956	985
956	986
956	988
956	995
956	996
956	997
957	361
957	370
957	380
957	684
957	832
957	871
957	874
957	895
957	921
957	923
957	949
957	953
957	961
957	963
957	964
957	968
957	974
957	976
957	981
957	991
957	993
957	997
957	1000
958	84
958	135
958	336
958	462
958	864
958	869
958	905
958	906
958	938
958	949
958	953
958	960
958	965
958	969
958	970
958	971
958	974
958	981
958	988
958	989
958	993
958	995
958	999
959	46
959	195
959	382
959	559
959	655
959	880
959	890
959	893
959	894
959	896
959	897
959	900
959	908
959	912
959	915
959	936
959	954
959	955
959	962
959	964
959	974
959	977
959	990
960	234
960	314
960	471
960	595
960	881
960	882
960	887
960	912
960	915
960	933
960	947
960	948
960	950
960	958
960	966
960	970
960	975
960	980
960	982
960	986
960	987
960	996
960	998
961	115
961	424
961	605
961	672
961	791
961	854
961	855
961	885
961	888
961	894
961	929
961	944
961	951
961	953
961	957
961	983
961	984
961	989
961	990
961	992
961	993
961	994
961	999
961	1000
962	210
962	307
962	358
962	588
962	676
962	857
962	863
962	871
962	897
962	906
962	907
962	939
962	946
962	948
962	951
962	955
962	959
962	967
962	968
962	969
962	971
962	984
962	987
962	990
963	386
963	399
963	414
963	441
963	479
963	861
963	884
963	911
963	919
963	941
963	942
963	945
963	946
963	949
963	951
963	956
963	957
963	973
963	978
963	981
963	987
963	989
963	993
963	996
963	998
964	109
964	439
964	454
964	565
964	769
964	855
964	856
964	907
964	916
964	918
964	941
964	942
964	946
964	947
964	953
964	957
964	959
964	965
964	970
964	971
964	981
964	989
964	993
964	999
964	1000
965	31
965	123
965	285
965	343
965	458
965	900
965	906
965	922
965	923
965	924
965	936
965	938
965	943
965	958
965	964
965	968
965	973
965	980
965	981
965	992
965	994
965	995
965	996
965	999
965	1000
966	179
966	202
966	343
966	360
966	601
966	877
966	884
966	901
966	904
966	909
966	917
966	945
966	948
966	954
966	956
966	960
966	968
966	972
966	979
966	983
966	985
966	986
966	991
966	996
966	997
966	1000
967	260
967	435
967	481
967	629
967	691
967	857
967	859
967	866
967	873
967	878
967	880
967	885
967	899
967	924
967	936
967	941
967	962
967	970
967	973
967	975
967	980
967	988
967	992
967	994
967	998
967	999
968	236
968	332
968	340
968	646
968	853
968	860
968	884
968	897
968	904
968	926
968	936
968	941
968	945
968	952
968	957
968	962
968	965
968	966
968	969
968	973
968	977
968	979
968	980
968	984
968	990
968	994
968	995
969	215
969	487
969	596
969	691
969	771
969	834
969	871
969	877
969	888
969	904
969	905
969	923
969	935
969	939
969	946
969	950
969	958
969	962
969	968
969	971
969	982
969	983
969	984
969	990
969	991
969	994
969	995
970	137
970	161
970	422
970	510
970	692
970	855
970	863
970	879
970	883
970	889
970	892
970	899
970	901
970	934
970	943
970	952
970	953
970	958
970	960
970	964
970	967
970	978
970	982
970	984
970	988
970	995
970	1000
971	200
971	325
971	329
971	440
971	780
971	859
971	875
971	891
971	894
971	895
971	896
971	900
971	902
971	908
971	931
971	944
971	947
971	958
971	962
971	964
971	969
971	978
971	984
971	987
971	992
971	999
971	1000
972	196
972	437
972	604
972	677
972	818
972	854
972	862
972	865
972	868
972	878
972	918
972	919
972	940
972	946
972	947
972	952
972	966
972	973
972	975
972	979
972	984
972	986
972	990
972	991
972	997
972	998
972	1000
973	250
973	384
973	453
973	477
973	720
973	846
973	877
973	880
973	892
973	897
973	913
973	916
973	923
973	924
973	941
973	963
973	965
973	967
973	968
973	972
973	979
973	981
973	985
973	990
973	992
973	994
973	995
974	139
974	230
974	439
974	450
974	790
974	826
974	864
974	885
974	893
974	894
974	911
974	926
974	942
974	944
974	947
974	953
974	954
974	957
974	958
974	959
974	979
974	986
974	987
974	989
974	990
974	993
974	999
974	1000
975	140
975	456
975	458
975	463
975	793
975	850
975	861
975	863
975	876
975	879
975	885
975	887
975	890
975	896
975	928
975	940
975	943
975	948
975	951
975	956
975	960
975	967
975	972
975	976
975	984
975	988
975	996
975	998
976	191
976	341
976	346
976	394
976	479
976	525
976	861
976	880
976	895
976	908
976	910
976	916
976	917
976	920
976	927
976	934
976	945
976	947
976	950
976	957
976	975
976	983
976	985
976	986
976	990
976	993
976	997
976	998
976	999
977	161
977	194
977	208
977	270
977	559
977	579
977	877
977	879
977	903
977	907
977	909
977	915
977	918
977	921
977	922
977	923
977	925
977	927
977	935
977	939
977	941
977	959
977	968
977	979
977	980
977	991
977	995
977	996
977	998
978	170
978	201
978	203
978	214
978	421
978	581
978	858
978	864
978	882
978	883
978	886
978	889
978	891
978	898
978	911
978	917
978	930
978	938
978	943
978	946
978	954
978	963
978	970
978	971
978	992
978	993
978	996
978	999
978	1000
979	16
979	219
979	434
979	608
979	621
979	696
979	854
979	893
979	902
979	909
979	910
979	912
979	921
979	927
979	928
979	950
979	966
979	968
979	972
979	973
979	974
979	977
979	983
979	984
979	986
979	988
979	989
979	994
979	997
980	46
980	157
980	313
980	677
980	788
980	853
980	888
980	922
980	924
980	928
980	933
980	935
980	937
980	939
980	953
980	954
980	955
980	956
980	960
980	965
980	967
980	968
980	977
980	981
980	990
980	991
980	992
980	995
980	997
980	1000
981	186
981	226
981	340
981	417
981	674
981	814
981	864
981	869
981	876
981	885
981	892
981	899
981	903
981	916
981	950
981	952
981	957
981	958
981	963
981	964
981	965
981	973
981	980
981	982
981	987
981	988
981	989
981	992
981	998
981	999
982	174
982	338
982	375
982	620
982	809
982	831
982	863
982	870
982	883
982	885
982	890
982	901
982	903
982	910
982	917
982	920
982	927
982	946
982	953
982	955
982	960
982	969
982	970
982	981
982	983
982	984
982	986
982	988
982	989
982	999
982	1000
983	143
983	159
983	160
983	331
983	407
983	773
983	775
983	858
983	872
983	913
983	918
983	921
983	928
983	931
983	935
983	937
983	948
983	952
983	961
983	966
983	969
983	976
983	979
983	982
983	985
983	988
983	990
983	993
983	994
983	996
983	997
983	999
984	50
984	224
984	581
984	687
984	697
984	842
984	855
984	867
984	875
984	889
984	890
984	899
984	907
984	925
984	937
984	942
984	944
984	945
984	951
984	961
984	962
984	968
984	969
984	970
984	971
984	972
984	975
984	979
984	982
984	987
984	993
984	994
984	997
985	61
985	77
985	198
985	413
985	676
985	821
985	861
985	866
985	872
985	882
985	906
985	909
985	930
985	932
985	934
985	937
985	938
985	939
985	940
985	943
985	945
985	952
985	956
985	966
985	973
985	976
985	983
985	987
985	989
985	994
985	996
985	997
985	1000
986	147
986	287
986	292
986	394
986	637
986	688
986	689
986	858
986	882
986	888
986	905
986	918
986	924
986	927
986	928
986	932
986	933
986	944
986	947
986	952
986	954
986	956
986	960
986	966
986	972
986	974
986	976
986	979
986	982
986	987
986	988
986	989
986	992
986	998
986	1000
987	149
987	466
987	471
987	615
987	649
987	677
987	682
987	874
987	875
987	887
987	890
987	896
987	907
987	911
987	912
987	915
987	917
987	926
987	931
987	937
987	949
987	951
987	960
987	962
987	963
987	971
987	974
987	981
987	984
987	985
987	986
987	989
987	992
987	993
987	996
987	997
987	999
988	40
988	197
988	281
988	605
988	636
988	673
988	695
988	840
988	854
988	862
988	865
988	873
988	879
988	887
988	899
988	905
988	914
988	917
988	918
988	927
988	949
988	950
988	952
988	954
988	956
988	958
988	967
988	970
988	975
988	979
988	981
988	982
988	983
988	986
988	994
988	996
988	997
988	998
989	55
989	92
989	126
989	163
989	516
989	702
989	785
989	807
989	858
989	868
989	870
989	871
989	875
989	890
989	892
989	898
989	899
989	925
989	938
989	940
989	944
989	950
989	955
989	958
989	961
989	963
989	964
989	974
989	979
989	981
989	982
989	985
989	986
989	987
989	991
989	996
989	997
989	1000
990	107
990	109
990	111
990	244
990	327
990	440
990	567
990	662
990	856
990	857
990	862
990	867
990	869
990	871
990	877
990	886
990	892
990	894
990	895
990	902
990	935
990	936
990	940
990	942
990	954
990	955
990	959
990	961
990	962
990	968
990	969
990	972
990	973
990	974
990	976
990	980
990	983
990	991
991	199
991	311
991	396
991	397
991	476
991	480
991	604
991	835
991	856
991	863
991	869
991	872
991	874
991	878
991	879
991	886
991	893
991	897
991	900
991	922
991	925
991	929
991	935
991	939
991	941
991	947
991	954
991	955
991	957
991	966
991	969
991	972
991	977
991	980
991	989
991	990
991	992
991	994
991	995
991	999
992	378
992	412
992	415
992	445
992	453
992	660
992	681
992	843
992	861
992	871
992	886
992	888
992	893
992	900
992	903
992	904
992	906
992	911
992	914
992	920
992	922
992	924
992	930
992	935
992	936
992	939
992	946
992	961
992	965
992	967
992	971
992	973
992	978
992	980
992	981
992	986
992	987
992	991
992	994
992	995
993	259
993	369
993	452
993	472
993	490
993	575
993	657
993	697
993	859
993	862
993	870
993	871
993	883
993	884
993	890
993	895
993	907
993	908
993	912
993	913
993	917
993	930
993	934
993	946
993	949
993	951
993	954
993	957
993	958
993	961
993	963
993	964
993	974
993	976
993	978
993	983
993	984
993	987
993	995
993	996
993	1000
994	80
994	112
994	378
994	406
994	414
994	415
994	472
994	481
994	672
994	860
994	871
994	875
994	888
994	894
994	899
994	903
994	906
994	922
994	928
994	929
994	934
994	935
994	936
994	941
994	944
994	954
994	955
994	961
994	965
994	967
994	968
994	969
994	973
994	979
994	983
994	984
994	985
994	988
994	991
994	992
994	995
994	999
995	160
995	166
995	328
995	457
995	486
995	603
995	690
995	826
995	855
995	856
995	871
995	877
995	883
995	888
995	894
995	903
995	904
995	906
995	907
995	913
995	914
995	923
995	924
995	929
995	941
995	943
995	944
995	949
995	956
995	958
995	965
995	968
995	969
995	970
995	973
995	977
995	980
995	991
995	992
995	993
995	994
995	1000
996	150
996	162
996	472
996	597
996	646
996	654
996	690
996	827
996	868
996	872
996	910
996	912
996	915
996	917
996	919
996	925
996	927
996	928
996	932
996	933
996	934
996	935
996	938
996	939
996	943
996	945
996	949
996	952
996	956
996	960
996	963
996	965
996	966
996	975
996	977
996	978
996	983
996	985
996	987
996	988
996	989
996	993
997	34
997	264
997	341
997	508
997	777
997	795
997	844
997	849
997	862
997	876
997	886
997	902
997	904
997	909
997	910
997	913
997	918
997	919
997	921
997	924
997	931
997	936
997	943
997	947
997	948
997	950
997	952
997	953
997	955
997	956
997	957
997	966
997	972
997	976
997	979
997	980
997	983
997	984
997	985
997	987
997	988
997	989
997	998
998	166
998	200
998	203
998	265
998	296
998	441
998	505
998	538
998	621
998	859
998	864
998	865
998	874
998	879
998	887
998	909
998	910
998	913
998	914
998	915
998	923
998	926
998	927
998	928
998	930
998	932
998	933
998	938
998	943
998	945
998	947
998	948
998	949
998	950
998	952
998	960
998	963
998	967
998	972
998	975
998	976
998	977
998	981
998	986
998	988
998	997
999	117
999	132
999	171
999	224
999	346
999	488
999	506
999	680
999	755
999	859
999	865
999	872
999	876
999	882
999	895
999	896
999	900
999	901
999	920
999	930
999	931
999	932
999	937
999	940
999	942
999	945
999	946
999	948
999	949
999	951
999	955
999	958
999	961
999	964
999	965
999	967
999	971
999	974
999	976
999	978
999	981
999	982
999	983
999	987
999	991
999	994
1000	168
1000	174
1000	245
1000	274
1000	375
1000	420
1000	448
1000	698
1000	754
1000	855
1000	858
1000	866
1000	869
1000	873
1000	884
1000	885
1000	895
1000	908
1000	910
1000	916
1000	927
1000	932
1000	933
1000	937
1000	938
1000	941
1000	942
1000	944
1000	945
1000	951
1000	953
1000	957
1000	961
1000	964
1000	965
1000	966
1000	970
1000	971
1000	972
1000	974
1000	978
1000	980
1000	982
1000	985
1000	986
1000	989
1000	993
1000	995
