1	18
1	42
1	48
1	66
1	99
1	117
1	173
1	197
1	606
1	770
2	53
2	102
2	103
2	177
2	181
2	192
2	193
2	202
2	456
2	461
3	12
3	47
3	130
3	162
3	172
3	180
3	190
3	191
3	523
3	693
4	12
4	31
4	85
4	119
4	153
4	170
4	188
4	197
4	223
4	598
5	23
5	150
5	161
5	168
5	185
5	194
5	198
5	201
5	655
5	979
6	8
6	80
6	151
6	170
6	176
6	179
6	180
6	190
6	348
6	659
7	92
7	100
7	101
7	130
7	143
7	148
7	158
7	202
7	426
7	658
8	6
8	29
8	32
8	67
8	127
8	184
8	187
8	189
8	388
8	460
9	136
9	168
9	176
9	184
9	189
9	197
9	198
9	201
9	344
9	484
10	68
10	95
10	135
10	143
10	171
10	182
10	185
10	196
10	336
10	928
11	42
11	96
11	155
11	169
11	171
11	175
11	196
11	200
11	285
11	456
12	3
12	4
12	31
12	40
12	61
12	84
12	140
12	188
12	403
12	527
13	28
13	99
13	138
13	159
13	162
13	176
13	190
13	203
13	219
13	712
14	46
14	63
14	102
14	104
14	133
14	145
14	153
14	154
14	810
14	843
15	92
15	106
15	109
15	128
15	165
15	172
15	179
15	191
15	903
15	947
16	19
16	43
16	109
16	138
16	139
16	179
16	180
16	182
16	452
16	786
17	32
17	84
17	137
17	153
17	156
17	177
17	186
17	195
17	448
17	814
18	1
18	75
18	90
18	166
18	177
18	178
18	202
18	203
18	209
18	953
19	16
19	91
19	115
19	129
19	136
19	184
19	187
19	189
19	234
19	284
20	119
20	137
20	157
20	165
20	166
20	177
20	186
20	188
20	401
20	570
21	51
21	126
21	163
21	173
21	174
21	192
21	193
21	197
21	332
21	478
22	114
22	154
22	159
22	169
22	190
22	196
22	199
22	200
22	566
22	920
23	5
23	65
23	94
23	95
23	102
23	143
23	169
23	182
23	461
23	768
24	48
24	109
24	110
24	125
24	156
24	174
24	186
24	188
24	755
24	975
25	43
25	44
25	73
25	79
25	87
25	98
25	183
25	189
25	194
25	294
25	429
26	88
26	89
26	105
26	154
26	185
26	188
26	195
26	199
26	357
26	488
26	954
27	45
27	138
27	158
27	173
27	177
27	181
27	192
27	193
27	202
27	490
27	655
28	13
28	87
28	112
28	139
28	151
28	162
28	178
28	189
28	191
28	392
28	625
29	8
29	67
29	102
29	127
29	135
29	136
29	139
29	183
29	198
29	281
29	344
30	51
30	95
30	107
30	140
30	143
30	151
30	171
30	199
30	200
30	260
30	697
31	4
31	12
31	58
31	118
31	133
31	137
31	156
31	157
31	164
31	549
31	622
32	8
32	17
32	112
32	132
32	151
32	163
32	172
32	179
32	452
32	632
32	938
33	57
33	129
33	161
33	162
33	170
33	183
33	187
33	189
33	196
33	480
33	960
34	56
34	136
34	158
34	166
34	168
34	178
34	181
34	193
34	203
34	749
34	930
35	64
35	112
35	113
35	119
35	157
35	165
35	174
35	195
35	199
35	665
35	990
36	79
36	139
36	161
36	167
36	168
36	174
36	189
36	194
36	268
36	462
36	668
37	45
37	55
37	143
37	149
37	161
37	169
37	171
37	182
37	201
37	436
37	920
38	94
38	122
38	147
38	149
38	150
38	157
38	175
38	182
38	187
38	488
38	691
39	97
39	102
39	156
39	158
39	174
39	192
39	193
39	202
39	348
39	537
40	12
40	101
40	156
40	166
40	177
40	193
40	195
40	197
40	202
40	241
40	887
41	44
41	100
41	148
41	152
41	160
41	181
41	191
41	195
41	203
41	632
41	883
42	1
42	11
42	126
42	146
42	152
42	162
42	192
42	197
42	203
42	825
42	849
43	16
43	25
43	90
43	128
43	139
43	172
43	186
43	190
43	370
43	630
43	934
44	25
44	41
44	106
44	148
44	166
44	193
44	197
44	202
44	433
44	523
44	635
45	27
45	37
45	50
45	164
45	169
45	175
45	196
45	199
45	200
45	472
45	659
46	14
46	50
46	77
46	137
46	146
46	154
46	183
46	185
46	186
46	329
46	487
46	643
47	3
47	65
47	117
47	122
47	155
47	159
47	164
47	177
47	196
47	199
47	666
47	814
48	1
48	24
48	74
48	85
48	137
48	154
48	165
48	186
48	198
48	200
48	495
48	695
49	65
49	153
49	160
49	174
49	178
49	185
49	192
49	197
49	202
49	203
49	459
49	649
50	45
50	46
50	68
50	93
50	110
50	137
50	140
50	153
50	156
50	200
50	441
50	684
51	21
51	30
51	71
51	122
51	133
51	150
51	169
51	171
51	199
51	200
51	213
51	857
52	71
52	101
52	151
52	174
52	181
52	193
52	199
52	202
52	203
52	294
52	804
52	950
53	2
53	65
53	69
53	86
53	107
53	143
53	182
53	196
53	200
53	838
53	842
53	992
54	70
54	93
54	94
54	110
54	146
54	164
54	165
54	188
54	195
54	280
54	469
54	962
55	37
55	79
55	81
55	107
55	143
55	169
55	171
55	182
55	199
55	200
55	323
55	907
56	34
56	74
56	122
56	173
56	177
56	178
56	179
56	181
56	192
56	203
56	739
56	762
57	33
57	81
57	166
57	167
57	168
57	172
57	189
57	198
57	201
57	595
57	774
57	895
58	31
58	59
58	77
58	85
58	133
58	145
58	157
58	179
58	186
58	712
58	747
58	840
59	58
59	114
59	118
59	139
59	146
59	163
59	176
59	179
59	190
59	210
59	405
59	997
60	94
60	107
60	126
60	171
60	175
60	182
60	183
60	196
60	200
60	347
60	539
60	709
61	12
61	96
61	146
61	150
61	153
61	156
61	165
61	186
61	195
61	196
61	846
61	925
62	111
62	144
62	161
62	167
62	170
62	184
62	194
62	195
62	198
62	201
62	448
62	485
62	489
63	14
63	88
63	89
63	133
63	138
63	140
63	142
63	153
63	188
63	199
63	558
63	799
63	916
64	35
64	89
64	137
64	141
64	145
64	165
64	186
64	195
64	197
64	199
64	452
64	511
64	913
65	23
65	47
65	49
65	53
65	147
65	149
65	164
65	175
65	181
65	200
65	204
65	240
65	386
66	1
66	124
66	145
66	161
66	166
66	174
66	180
66	197
66	202
66	203
66	553
66	973
66	983
67	8
67	29
67	142
67	161
67	168
67	180
67	192
67	194
67	198
67	201
67	202
67	691
67	753
68	10
68	50
68	74
68	77
68	78
68	124
68	125
68	140
68	154
68	188
68	235
68	464
68	465
69	53
69	134
69	152
69	160
69	166
69	173
69	177
69	178
69	192
69	193
69	327
69	412
69	833
70	54
70	78
70	93
70	140
70	146
70	154
70	155
70	156
70	190
70	195
70	580
70	675
70	818
71	51
71	52
71	107
71	111
71	121
71	155
71	159
71	187
71	199
71	203
71	269
71	502
71	659
72	73
72	82
72	101
72	117
72	166
72	174
72	177
72	187
72	192
72	202
72	203
72	554
72	996
73	25
73	72
73	75
73	102
73	142
73	150
73	183
73	185
73	189
73	198
73	200
73	397
73	663
73	979
74	48
74	56
74	68
74	85
74	110
74	153
74	154
74	172
74	186
74	195
74	196
74	500
74	648
74	944
75	18
75	73
75	129
75	136
75	140
75	168
75	185
75	189
75	194
75	198
75	201
75	293
75	356
75	787
76	81
76	100
76	127
76	159
76	168
76	170
76	181
76	184
76	185
76	198
76	201
76	680
76	855
76	994
77	46
77	58
77	68
77	97
77	105
77	117
77	125
77	141
77	156
77	157
77	160
77	445
77	644
77	963
78	68
78	70
78	85
78	89
78	125
78	128
78	140
78	141
78	144
78	165
78	190
78	631
78	821
78	851
79	25
79	36
79	55
79	103
79	113
79	167
79	185
79	187
79	194
79	198
79	201
79	261
79	813
79	972
80	6
80	106
80	116
80	123
80	176
80	179
80	180
80	182
80	190
80	191
80	196
80	436
80	667
80	909
81	55
81	57
81	76
81	87
81	127
81	136
81	168
81	183
81	187
81	189
81	201
81	356
81	490
81	640
82	72
82	84
82	89
82	119
82	133
82	143
82	146
82	154
82	157
82	186
82	189
82	195
82	433
82	670
82	999
83	92
83	98
83	116
83	152
83	154
83	174
83	179
83	181
83	192
83	197
83	202
83	203
83	441
83	645
83	878
84	12
84	17
84	82
84	89
84	97
84	113
84	122
84	135
84	145
84	165
84	188
84	195
84	249
84	658
84	675
85	4
85	48
85	58
85	74
85	78
85	118
85	130
85	145
85	153
85	156
85	188
85	199
85	432
85	503
85	977
86	53
86	91
86	95
86	114
86	131
86	143
86	155
86	164
86	165
86	192
86	199
86	200
86	444
86	760
86	849
87	25
87	28
87	81
87	94
87	106
87	118
87	128
87	139
87	151
87	163
87	179
87	191
87	209
87	663
87	776
88	26
88	63
88	96
88	110
88	120
88	141
88	146
88	149
88	157
88	161
88	165
88	195
88	381
88	388
88	953
89	26
89	63
89	64
89	78
89	82
89	84
89	113
89	156
89	170
89	177
89	187
89	195
89	271
89	325
89	467
90	18
90	43
90	123
90	131
90	151
90	172
90	175
90	178
90	179
90	180
90	190
90	191
90	381
90	517
90	611
91	19
91	86
91	121
91	140
91	147
91	163
91	169
91	171
91	175
91	182
91	196
91	200
91	398
91	489
91	908
92	7
92	15
92	83
92	100
92	140
92	148
92	158
92	178
92	191
92	192
92	193
92	197
92	202
92	449
92	630
92	793
93	50
93	54
93	70
93	105
93	125
93	126
93	133
93	145
93	156
93	167
93	183
93	186
93	195
93	215
93	485
93	708
94	23
94	38
94	54
94	60
94	87
94	155
94	162
94	171
94	175
94	182
94	196
94	199
94	200
94	455
94	602
94	765
95	10
95	23
95	30
95	86
95	108
95	114
95	135
95	157
95	159
95	168
95	175
95	183
95	199
95	249
95	787
95	796
96	11
96	61
96	88
96	141
96	145
96	146
96	147
96	153
96	154
96	169
96	186
96	188
96	195
96	274
96	577
96	980
97	39
97	77
97	84
97	124
97	158
97	166
97	173
97	174
97	177
97	189
97	192
97	193
97	203
97	682
97	685
97	778
98	25
98	83
98	134
98	144
98	170
98	180
98	184
98	185
98	187
98	189
98	194
98	197
98	201
98	537
98	635
98	914
99	1
99	13
99	109
99	130
99	131
99	132
99	138
99	148
99	162
99	179
99	180
99	190
99	203
99	230
99	423
99	775
100	7
100	41
100	76
100	92
100	109
100	116
100	134
100	173
100	174
100	193
100	197
100	202
100	203
100	489
100	831
100	996
101	7
101	40
101	52
101	72
101	124
101	136
101	160
101	178
101	192
101	194
101	197
101	200
101	203
101	777
101	798
101	987
102	2
102	14
102	23
102	29
102	39
102	73
102	129
102	161
102	183
102	184
102	187
102	198
102	201
102	413
102	421
102	998
103	2
103	79
103	116
103	118
103	122
103	160
103	166
103	178
103	181
103	192
103	193
103	197
103	405
103	427
103	484
103	651
104	14
104	112
104	136
104	141
104	142
104	167
104	170
104	183
104	184
104	187
104	189
104	194
104	198
104	201
104	222
104	952
104	968
105	26
105	77
105	93
105	113
105	118
105	125
105	133
105	146
105	156
105	164
105	188
105	190
105	195
105	202
105	482
105	872
105	950
106	15
106	44
106	80
106	87
106	109
106	120
106	130
106	151
106	152
106	163
106	172
106	176
106	191
106	196
106	941
106	956
106	969
107	30
107	53
107	55
107	60
107	71
107	147
107	150
107	160
107	194
107	196
107	199
107	200
107	201
107	606
107	744
107	759
107	808
108	95
108	111
108	113
108	121
108	135
108	147
108	150
108	155
108	161
108	164
108	175
108	190
108	199
108	200
108	311
108	836
108	929
109	15
109	16
109	24
109	99
109	100
109	106
109	112
109	131
109	138
109	163
109	179
109	191
109	202
109	253
109	459
109	475
109	915
110	24
110	50
110	54
110	74
110	88
110	119
110	125
110	129
110	137
110	140
110	152
110	157
110	186
110	187
110	405
110	568
110	677
111	62
111	71
111	108
111	114
111	121
111	135
111	143
111	158
111	159
111	164
111	196
111	197
111	199
111	420
111	440
111	854
111	893
112	28
112	32
112	35
112	104
112	109
112	159
112	162
112	163
112	179
112	180
112	190
112	191
112	194
112	353
112	374
112	505
112	853
113	35
113	79
113	84
113	89
113	105
113	108
113	119
113	133
113	141
113	146
113	154
113	165
113	173
113	188
113	657
113	681
113	848
114	22
114	59
114	86
114	95
114	111
114	149
114	155
114	159
114	164
114	171
114	192
114	196
114	200
114	202
114	852
114	906
114	981
115	19
115	116
115	121
115	129
115	134
115	161
115	168
115	183
115	184
115	185
115	189
115	194
115	195
115	201
115	203
115	571
115	596
115	925
116	80
116	83
116	100
116	103
116	115
116	132
116	148
116	152
116	177
116	178
116	191
116	192
116	197
116	202
116	203
116	403
116	596
116	783
117	1
117	47
117	72
117	77
117	124
117	143
117	144
117	152
117	166
117	173
117	181
117	193
117	197
117	203
117	434
117	449
117	512
117	540
118	31
118	59
118	85
118	87
118	103
118	105
118	123
118	132
118	138
118	162
118	176
118	180
118	190
118	191
118	680
118	683
118	838
118	845
119	4
119	20
119	35
119	82
119	110
119	113
119	137
119	140
119	146
119	153
119	154
119	157
119	182
119	190
119	198
119	421
119	572
119	735
120	88
120	106
120	128
120	131
120	132
120	151
120	162
120	163
120	176
120	179
120	191
120	192
120	196
120	198
120	425
120	650
120	662
120	824
121	71
121	91
121	108
121	111
121	115
121	122
121	149
121	159
121	164
121	171
121	175
121	176
121	178
121	196
121	203
121	274
121	422
121	588
121	707
122	38
122	47
122	51
122	56
122	84
122	103
122	121
122	149
122	155
122	164
122	169
122	182
122	184
122	196
122	199
122	200
122	412
122	445
122	985
123	80
123	90
123	118
123	131
123	138
123	139
123	144
123	158
123	162
123	163
123	164
123	172
123	176
123	179
123	180
123	182
123	379
123	557
123	798
124	66
124	68
124	97
124	101
124	117
124	128
124	148
124	157
124	160
124	166
124	177
124	178
124	186
124	197
124	202
124	203
124	443
124	686
124	776
125	24
125	68
125	77
125	78
125	93
125	105
125	110
125	126
125	133
125	145
125	157
125	165
125	171
125	186
125	200
125	203
125	724
125	957
125	988
125	998
126	21
126	42
126	60
126	93
126	125
126	152
126	158
126	160
126	169
126	174
126	177
126	192
126	193
126	197
126	202
126	203
126	238
126	447
126	851
126	912
127	8
127	29
127	76
127	81
127	144
127	155
127	156
127	161
127	165
127	166
127	167
127	170
127	183
127	185
127	187
127	198
127	609
127	676
127	696
127	813
128	15
128	43
128	78
128	87
128	120
128	124
128	138
128	145
128	151
128	162
128	163
128	172
128	176
128	185
128	190
128	191
128	487
128	833
128	935
128	975
129	19
129	33
129	75
129	102
129	110
129	115
129	134
129	136
129	146
129	167
129	170
129	183
129	185
129	186
129	195
129	201
129	487
129	615
129	839
129	996
130	3
130	7
130	85
130	99
130	106
130	131
130	132
130	149
130	151
130	163
130	172
130	176
130	180
130	190
130	191
130	193
130	382
130	491
130	731
130	833
131	86
131	90
131	99
131	109
131	120
131	123
131	130
131	132
131	133
131	151
131	172
131	176
131	188
131	190
131	191
131	193
131	503
131	607
131	749
131	844
132	32
132	99
132	116
132	118
132	120
132	130
132	131
132	139
132	162
132	171
132	172
132	179
132	180
132	183
132	191
132	200
132	210
132	264
132	477
132	681
133	14
133	31
133	51
133	58
133	63
133	82
133	93
133	105
133	113
133	125
133	131
133	141
133	172
133	177
133	188
133	195
133	454
133	662
133	705
133	847
134	69
134	98
134	100
134	115
134	129
134	142
134	148
134	167
134	170
134	184
134	187
134	189
134	194
134	197
134	198
134	200
134	201
134	424
134	626
134	803
134	828
135	10
135	29
135	84
135	95
135	108
135	111
135	150
135	155
135	159
135	171
135	175
135	182
135	195
135	196
135	199
135	200
135	203
135	434
135	491
135	780
135	820
136	9
136	19
136	29
136	34
136	75
136	81
136	101
136	104
136	129
136	144
136	167
136	170
136	171
136	185
136	186
136	194
136	198
136	435
136	451
136	481
136	759
137	17
137	20
137	31
137	46
137	48
137	50
137	64
137	110
137	119
137	140
137	148
137	154
137	167
137	176
137	186
137	188
137	198
137	546
137	695
137	770
137	989
138	13
138	16
138	27
138	63
138	99
138	109
138	118
138	123
138	128
138	139
138	141
138	163
138	176
138	180
138	190
138	191
138	192
138	345
138	536
138	594
138	982
139	16
139	28
139	29
139	36
139	43
139	59
139	87
139	123
139	132
139	138
139	163
139	168
139	172
139	176
139	180
139	184
139	190
139	191
139	214
139	244
139	417
139	608
140	12
140	30
140	50
140	63
140	68
140	70
140	75
140	78
140	91
140	92
140	110
140	119
140	137
140	141
140	156
140	157
140	188
140	195
140	343
140	400
140	603
140	850
141	64
141	77
141	78
141	88
141	96
141	104
141	113
141	133
141	138
141	140
141	145
141	157
141	165
141	186
141	188
141	195
141	201
141	203
141	463
141	722
141	751
141	990
142	63
142	67
142	73
142	104
142	134
142	147
142	161
142	165
142	167
142	168
142	169
142	183
142	184
142	187
142	194
142	198
142	201
142	430
142	569
142	576
142	653
142	984
143	7
143	10
143	23
143	30
143	37
143	53
143	55
143	82
143	86
143	111
143	117
143	150
143	166
143	175
143	182
143	196
143	199
143	200
143	484
143	491
143	692
143	871
143	967
144	62
144	78
144	98
144	117
144	123
144	127
144	136
144	161
144	170
144	173
144	183
144	184
144	185
144	187
144	189
144	190
144	194
144	198
144	201
144	468
144	482
144	644
144	871
145	14
145	58
145	64
145	66
145	84
145	85
145	93
145	96
145	125
145	128
145	141
145	153
145	154
145	163
145	165
145	172
145	174
145	186
145	188
145	195
145	380
145	460
145	654
145	738
146	42
146	46
146	54
146	59
146	61
146	70
146	82
146	88
146	96
146	105
146	113
146	119
146	129
146	153
146	165
146	168
146	186
146	188
146	195
146	452
146	492
146	774
146	817
146	850
147	38
147	65
147	91
147	96
147	107
147	108
147	142
147	149
147	155
147	159
147	169
147	171
147	174
147	175
147	181
147	187
147	196
147	199
147	200
147	243
147	257
147	361
147	428
147	443
148	7
148	41
148	44
148	92
148	99
148	116
148	124
148	134
148	137
148	152
148	160
148	173
148	177
148	178
148	181
148	193
148	197
148	198
148	203
148	468
148	472
148	667
148	680
148	844
149	37
149	38
149	65
149	88
149	114
149	121
149	122
149	130
149	147
149	150
149	158
149	159
149	169
149	171
149	173
149	182
149	196
149	198
149	199
149	200
149	468
149	481
149	487
149	685
149	795
150	5
150	38
150	51
150	61
150	73
150	107
150	108
150	135
150	143
150	149
150	164
150	169
150	170
150	171
150	175
150	180
150	182
150	196
150	199
150	200
150	367
150	469
150	543
150	662
150	825
151	6
151	28
151	30
151	32
151	52
151	87
151	90
151	106
151	120
151	128
151	130
151	131
151	154
151	163
151	171
151	172
151	176
151	180
151	190
151	191
151	196
151	301
151	383
151	431
151	435
151	775
152	41
152	42
152	69
152	83
152	106
152	110
152	116
152	117
152	126
152	148
152	166
152	171
152	177
152	178
152	180
152	181
152	186
152	192
152	193
152	202
152	203
152	445
152	451
152	472
152	491
152	691
153	4
153	14
153	17
153	49
153	50
153	61
153	63
153	74
153	85
153	96
153	119
153	145
153	146
153	156
153	172
153	181
153	188
153	191
153	192
153	195
153	342
153	383
153	477
153	486
153	716
153	855
154	14
154	22
154	26
154	46
154	48
154	68
154	70
154	74
154	82
154	83
154	96
154	113
154	119
154	137
154	145
154	151
154	156
154	173
154	186
154	188
154	200
154	349
154	522
154	565
154	660
154	791
155	11
155	47
155	70
155	71
155	86
155	94
155	108
155	114
155	122
155	127
155	135
155	147
155	163
155	169
155	171
155	175
155	181
155	182
155	196
155	198
155	414
155	490
155	580
155	614
155	625
155	989
156	17
156	24
156	31
156	39
156	40
156	50
156	61
156	70
156	77
156	85
156	89
156	93
156	105
156	127
156	140
156	153
156	154
156	157
156	159
156	178
156	186
156	195
156	283
156	349
156	414
156	646
156	841
157	20
157	31
157	35
157	38
157	58
157	77
157	82
157	88
157	95
157	110
157	119
157	124
157	125
157	140
157	141
157	156
157	165
157	172
157	178
157	186
157	195
157	247
157	392
157	443
157	669
157	713
157	934
158	7
158	27
158	34
158	39
158	92
158	97
158	111
158	123
158	126
158	149
158	160
158	161
158	166
158	174
158	178
158	181
158	186
158	193
158	197
158	201
158	202
158	203
158	319
158	560
158	835
158	901
158	1000
159	13
159	22
159	47
159	71
159	76
159	95
159	111
159	112
159	114
159	121
159	135
159	147
159	149
159	156
159	164
159	169
159	175
159	176
159	182
159	199
159	200
159	202
159	563
159	598
159	740
159	793
159	819
160	41
160	49
160	69
160	77
160	101
160	103
160	107
160	124
160	126
160	148
160	158
160	166
160	173
160	174
160	176
160	177
160	181
160	188
160	192
160	201
160	202
160	203
160	246
160	259
160	813
160	842
160	921
160	995
161	5
161	33
161	36
161	37
161	62
161	66
161	67
161	88
161	102
161	108
161	115
161	127
161	142
161	144
161	158
161	167
161	170
161	183
161	185
161	189
161	194
161	198
161	201
161	302
161	578
161	669
161	840
161	917
161	924
162	3
162	13
162	28
162	33
162	42
162	94
162	99
162	112
162	118
162	120
162	123
162	128
162	132
162	163
162	172
162	175
162	179
162	180
162	184
162	188
162	190
162	191
162	200
162	368
162	378
162	381
162	388
162	844
162	900
163	21
163	32
163	59
163	87
163	91
163	106
163	109
163	112
163	120
163	123
163	128
163	130
163	138
163	139
163	145
163	151
163	155
163	162
163	176
163	179
163	180
163	190
163	194
163	201
163	688
163	733
163	835
163	850
163	998
164	31
164	45
164	47
164	54
164	65
164	86
164	105
164	108
164	111
164	114
164	121
164	122
164	123
164	150
164	159
164	169
164	171
164	175
164	189
164	193
164	196
164	199
164	200
164	377
164	537
164	593
164	603
164	850
164	940
165	15
165	20
165	35
165	48
165	54
165	61
165	64
165	78
165	84
165	86
165	88
165	113
165	125
165	127
165	141
165	142
165	145
165	146
165	157
165	173
165	186
165	193
165	195
165	419
165	427
165	491
165	670
165	697
165	932
166	18
166	20
166	34
166	40
166	44
166	57
166	66
166	69
166	72
166	97
166	103
166	117
166	124
166	127
166	143
166	152
166	158
166	160
166	173
166	175
166	181
166	189
166	197
166	203
166	561
166	623
166	632
166	823
166	852
166	994
167	36
167	57
167	62
167	79
167	93
167	104
167	127
167	129
167	134
167	136
167	137
167	142
167	161
167	168
167	170
167	172
167	182
167	184
167	185
167	187
167	194
167	197
167	199
167	201
167	447
167	457
167	656
167	769
167	852
167	973
168	5
168	9
168	34
168	36
168	57
168	67
168	75
168	76
168	81
168	95
168	115
168	139
168	142
168	146
168	167
168	183
168	184
168	185
168	186
168	187
168	189
168	194
168	198
168	200
168	201
168	454
168	470
168	682
168	784
168	842
168	980
169	11
169	22
169	23
169	37
169	45
169	51
169	55
169	91
169	96
169	122
169	126
169	142
169	147
169	149
169	150
169	155
169	159
169	164
169	192
169	193
169	194
169	196
169	199
169	200
169	384
169	602
169	696
169	706
169	730
169	837
169	882
170	4
170	6
170	33
170	62
170	76
170	89
170	98
170	104
170	127
170	129
170	134
170	136
170	144
170	150
170	161
170	167
170	174
170	183
170	184
170	187
170	189
170	194
170	196
170	198
170	201
170	229
170	433
170	478
170	670
170	890
170	994
171	10
171	11
171	30
171	37
171	51
171	55
171	60
171	91
171	94
171	114
171	121
171	125
171	132
171	135
171	136
171	147
171	149
171	150
171	151
171	152
171	155
171	164
171	182
171	188
171	196
171	199
171	372
171	419
171	433
171	439
171	550
171	801
172	3
172	15
172	32
172	43
172	57
172	74
172	90
172	106
172	123
172	128
172	130
172	131
172	132
172	133
172	139
172	145
172	151
172	153
172	157
172	162
172	167
172	176
172	179
172	180
172	190
172	191
172	360
172	598
172	734
172	742
172	782
172	920
173	1
173	21
173	27
173	56
173	69
173	97
173	100
173	113
173	117
173	144
173	148
173	149
173	154
173	160
173	165
173	166
173	174
173	176
173	177
173	178
173	181
173	193
173	197
173	202
173	203
173	387
173	586
173	674
173	704
173	719
173	787
173	808
174	21
174	24
174	35
174	36
174	39
174	49
174	52
174	66
174	72
174	83
174	97
174	100
174	126
174	145
174	147
174	158
174	160
174	170
174	173
174	178
174	181
174	193
174	197
174	198
174	202
174	203
174	491
174	800
174	827
174	833
174	972
174	991
175	11
175	38
175	45
175	60
175	65
175	90
175	91
175	94
175	95
175	108
175	121
175	135
175	143
175	147
175	150
175	155
175	159
175	162
175	164
175	166
175	182
175	194
175	195
175	196
175	197
175	199
175	271
175	396
175	480
175	540
175	823
175	888
175	983
176	6
176	9
176	13
176	59
176	80
176	106
176	118
176	120
176	121
176	123
176	128
176	130
176	131
176	137
176	138
176	139
176	151
176	159
176	160
176	163
176	172
176	173
176	179
176	180
176	184
176	190
176	191
176	224
176	392
176	490
176	675
176	684
176	832
176	996
177	2
177	17
177	18
177	20
177	27
177	40
177	47
177	56
177	69
177	72
177	89
177	97
177	116
177	124
177	126
177	133
177	148
177	152
177	160
177	173
177	178
177	180
177	192
177	197
177	201
177	202
177	203
177	218
177	253
177	485
177	685
177	825
177	862
177	910
178	18
178	28
178	34
178	49
178	56
178	69
178	90
178	92
178	101
178	103
178	116
178	121
178	124
178	148
178	152
178	156
178	157
178	158
178	173
178	174
178	177
178	179
178	181
178	192
178	194
178	197
178	202
178	203
178	363
178	371
178	467
178	501
178	816
178	952
179	6
179	15
179	16
179	32
179	56
179	58
179	59
179	80
179	83
179	87
179	90
179	99
179	109
179	112
179	120
179	123
179	132
179	162
179	163
179	172
179	176
179	178
179	180
179	184
179	189
179	190
179	191
179	202
179	273
179	339
179	368
179	389
179	517
179	782
179	961
180	3
180	6
180	16
180	66
180	67
180	80
180	90
180	98
180	99
180	112
180	118
180	123
180	130
180	132
180	138
180	139
180	150
180	151
180	152
180	162
180	163
180	172
180	176
180	177
180	179
180	185
180	190
180	191
180	293
180	295
180	548
180	654
180	678
180	683
180	815
181	2
181	27
181	34
181	41
181	52
181	56
181	65
181	76
181	83
181	103
181	117
181	147
181	148
181	152
181	153
181	155
181	158
181	160
181	166
181	173
181	174
181	178
181	189
181	192
181	197
181	201
181	202
181	203
181	299
181	360
181	581
181	615
181	674
181	898
181	934
182	10
182	16
182	23
182	37
182	38
182	53
182	55
182	60
182	80
182	91
182	94
182	119
182	122
182	123
182	135
182	143
182	149
182	150
182	155
182	159
182	167
182	171
182	175
182	184
182	193
182	196
182	199
182	200
182	237
182	438
182	674
182	687
182	694
182	846
182	982
183	25
183	29
183	33
183	46
183	60
183	73
183	81
183	93
183	95
183	102
183	104
183	115
183	127
183	129
183	132
183	142
183	144
183	161
183	168
183	170
183	184
183	185
183	187
183	188
183	194
183	195
183	198
183	201
183	454
183	460
183	622
183	760
183	783
183	796
183	831
184	8
184	9
184	19
184	62
184	76
184	98
184	102
184	104
184	115
184	122
184	134
184	139
184	142
184	144
184	162
184	167
184	168
184	170
184	176
184	179
184	182
184	183
184	185
184	187
184	189
184	194
184	198
184	201
184	203
184	400
184	504
184	534
184	652
184	694
184	809
184	877
185	5
185	10
185	26
185	46
185	49
185	73
185	75
185	76
185	79
185	98
185	115
185	127
185	128
185	129
185	136
185	144
185	161
185	167
185	168
185	180
185	183
185	184
185	187
185	189
185	191
185	194
185	195
185	198
185	201
185	435
185	458
185	470
185	678
185	776
185	835
185	963
186	17
186	20
186	24
186	43
186	46
186	48
186	58
186	61
186	64
186	74
186	82
186	93
186	96
186	110
186	124
186	125
186	129
186	136
186	137
186	141
186	145
186	146
186	152
186	154
186	156
186	157
186	158
186	165
186	168
186	195
186	793
186	814
186	851
186	933
186	968
186	990
186	998
187	8
187	19
187	33
187	38
187	71
187	72
187	79
187	81
187	89
187	98
187	102
187	104
187	110
187	127
187	134
187	142
187	144
187	147
187	167
187	168
187	170
187	183
187	184
187	185
187	189
187	192
187	194
187	198
187	201
187	202
187	236
187	391
187	432
187	581
187	643
187	651
187	655
188	4
188	12
188	20
188	24
188	26
188	54
188	63
188	68
188	84
188	85
188	96
188	105
188	113
188	131
188	133
188	137
188	140
188	141
188	145
188	146
188	153
188	154
188	160
188	162
188	171
188	183
188	193
188	195
188	198
188	202
188	326
188	426
188	504
188	582
188	604
188	747
188	786
189	8
189	9
189	19
189	25
189	28
189	33
189	36
189	57
189	73
189	75
189	81
189	82
189	97
189	98
189	104
189	115
189	134
189	144
189	161
189	164
189	166
189	168
189	170
189	179
189	181
189	184
189	185
189	187
189	198
189	201
189	203
189	425
189	448
189	476
189	807
189	837
189	922
189	940
190	3
190	6
190	13
190	22
190	43
190	59
190	70
190	78
190	80
190	90
190	99
190	105
190	108
190	112
190	118
190	119
190	128
190	130
190	131
190	138
190	139
190	144
190	151
190	162
190	163
190	172
190	176
190	179
190	180
190	191
190	199
190	233
190	311
190	381
190	443
190	526
190	535
190	646
190	748
191	3
191	15
191	28
191	41
191	80
191	87
191	90
191	92
191	106
191	109
191	112
191	116
191	118
191	120
191	128
191	130
191	131
191	132
191	138
191	139
191	151
191	153
191	162
191	172
191	176
191	179
191	180
191	185
191	190
191	196
191	201
191	231
191	399
191	439
191	457
191	490
191	694
191	954
191	995
192	2
192	21
192	27
192	39
192	42
192	49
192	56
192	67
192	69
192	72
192	83
192	86
192	92
192	97
192	101
192	103
192	114
192	116
192	120
192	126
192	138
192	152
192	153
192	160
192	169
192	177
192	178
192	181
192	187
192	193
192	202
192	275
192	331
192	450
192	463
192	522
192	582
192	644
192	728
193	2
193	21
193	27
193	34
193	39
193	40
193	44
193	52
193	69
193	92
193	97
193	100
193	103
193	117
193	126
193	130
193	131
193	148
193	152
193	158
193	164
193	165
193	169
193	173
193	174
193	182
193	188
193	192
193	197
193	199
193	202
193	203
193	232
193	265
193	393
193	771
193	829
193	845
193	847
193	901
194	5
194	25
194	36
194	62
194	67
194	75
194	79
194	98
194	101
194	104
194	107
194	112
194	115
194	134
194	136
194	142
194	144
194	161
194	163
194	167
194	168
194	169
194	170
194	175
194	178
194	183
194	184
194	185
194	187
194	198
194	201
194	202
194	308
194	355
194	420
194	569
194	694
194	716
194	843
194	978
195	17
195	26
195	35
195	40
195	41
195	54
195	61
195	62
195	64
195	70
195	74
195	82
195	84
195	88
195	89
195	93
195	96
195	105
195	115
195	129
195	133
195	135
195	140
195	141
195	145
195	146
195	153
195	156
195	157
195	165
195	175
195	183
195	185
195	186
195	188
195	365
195	377
195	438
195	466
195	541
195	777
195	831
195	973
196	10
196	11
196	22
196	33
196	45
196	47
196	53
196	60
196	61
196	74
196	80
196	91
196	94
196	106
196	107
196	111
196	114
196	120
196	121
196	122
196	135
196	143
196	147
196	149
196	150
196	151
196	155
196	164
196	169
196	170
196	171
196	175
196	182
196	191
196	199
196	200
196	338
196	465
196	599
196	703
196	817
196	927
196	936
196	974
197	1
197	4
197	9
197	21
197	40
197	42
197	44
197	49
197	64
197	66
197	83
197	92
197	98
197	100
197	101
197	103
197	111
197	116
197	117
197	124
197	126
197	134
197	148
197	158
197	166
197	167
197	173
197	174
197	175
197	177
197	178
197	181
197	193
197	199
197	202
197	203
197	289
197	329
197	458
197	469
197	584
197	631
197	725
197	847
197	887
198	5
198	9
198	29
198	48
198	57
198	62
198	67
198	73
198	75
198	76
198	79
198	102
198	104
198	119
198	120
198	127
198	134
198	136
198	137
198	142
198	144
198	148
198	149
198	155
198	161
198	168
198	170
198	174
198	183
198	184
198	185
198	187
198	188
198	189
198	194
198	201
198	574
198	580
198	600
198	693
198	823
198	907
198	949
198	964
198	966
199	22
199	26
199	30
199	35
199	45
199	47
199	51
199	52
199	55
199	63
199	64
199	71
199	85
199	86
199	94
199	95
199	107
199	108
199	111
199	122
199	135
199	143
199	147
199	149
199	150
199	159
199	164
199	167
199	169
199	171
199	175
199	182
199	190
199	193
199	196
199	197
199	200
199	373
199	417
199	449
199	466
199	484
199	501
199	666
199	685
199	960
200	11
200	22
200	30
200	45
200	48
200	50
200	51
200	53
200	55
200	60
200	65
200	73
200	86
200	91
200	94
200	101
200	107
200	108
200	114
200	122
200	125
200	132
200	134
200	135
200	143
200	147
200	149
200	150
200	154
200	159
200	162
200	164
200	168
200	169
200	182
200	196
200	199
200	317
200	451
200	486
200	490
200	590
200	622
200	658
200	771
200	888
200	984
201	5
201	9
201	37
201	57
201	62
201	67
201	75
201	76
201	79
201	81
201	98
201	102
201	104
201	107
201	115
201	129
201	134
201	141
201	142
201	144
201	158
201	160
201	161
201	163
201	167
201	168
201	170
201	177
201	181
201	183
201	184
201	185
201	187
201	189
201	191
201	194
201	198
201	202
201	490
201	577
201	592
201	684
201	694
201	816
201	833
201	846
201	895
202	2
202	7
202	18
202	27
202	39
202	40
202	44
202	49
202	52
202	66
202	67
202	72
202	83
202	92
202	100
202	105
202	109
202	114
202	116
202	124
202	126
202	152
202	158
202	159
202	160
202	173
202	174
202	177
202	178
202	179
202	181
202	187
202	188
202	192
202	193
202	194
202	197
202	201
202	203
202	255
202	336
202	359
202	438
202	628
202	653
202	676
202	862
202	935
202	970
203	13
203	18
203	34
203	41
203	42
203	49
203	52
203	56
203	66
203	71
203	72
203	83
203	97
203	99
203	100
203	101
203	115
203	116
203	117
203	121
203	124
203	125
203	126
203	135
203	141
203	148
203	152
203	158
203	160
203	166
203	173
203	174
203	177
203	178
203	181
203	184
203	189
203	193
203	197
203	202
203	215
203	320
203	380
203	391
203	424
203	486
203	509
203	572
203	977
203	991
204	65
204	234
204	257
204	265
204	337
204	382
204	423
204	442
204	490
204	615
205	223
205	250
205	255
205	367
205	408
205	415
205	429
205	449
205	838
205	849
206	357
206	420
206	423
206	455
206	464
206	468
206	480
206	490
206	784
206	802
207	236
207	285
207	448
207	460
207	477
207	485
207	487
207	489
207	672
207	835
208	214
208	318
208	403
208	417
208	428
208	449
208	459
208	471
208	788
208	952
209	18
209	87
209	260
209	334
209	350
209	393
209	414
209	470
209	475
209	482
210	59
210	132
210	254
210	282
210	293
210	301
210	371
210	389
210	407
210	474
211	258
211	330
211	407
211	431
211	434
211	444
211	451
211	484
211	700
211	831
212	374
212	376
212	419
212	435
212	465
212	476
212	477
212	487
212	666
212	989
213	51
213	311
213	396
213	430
213	472
213	478
213	479
213	481
213	486
213	989
214	139
214	208
214	245
214	276
214	430
214	466
214	472
214	479
214	481
214	710
215	93
215	203
215	409
215	412
215	447
215	448
215	460
215	469
215	481
215	487
216	400
216	411
216	439
216	453
216	458
216	461
216	474
216	477
216	637
216	967
217	413
217	443
217	447
217	457
217	466
217	467
217	479
217	481
217	624
217	948
218	177
218	326
218	334
218	343
218	454
218	466
218	480
218	483
218	488
218	929
219	13
219	362
219	401
219	422
219	424
219	442
219	454
219	480
219	491
219	691
220	388
220	390
220	447
220	452
220	463
220	472
220	481
220	486
220	617
220	986
221	356
221	380
221	384
221	417
221	423
221	483
221	488
221	491
221	656
221	845
222	104
222	330
222	341
222	355
222	416
222	445
222	451
222	484
222	485
222	869
223	4
223	205
223	382
223	426
223	455
223	464
223	468
223	487
223	490
223	563
224	176
224	345
224	364
224	410
224	432
224	480
224	483
224	488
224	491
224	733
225	373
225	411
225	435
225	452
225	469
225	477
225	485
225	489
225	676
225	835
226	294
226	368
226	419
226	429
226	442
226	464
226	469
226	490
226	625
226	844
227	254
227	290
227	327
227	339
227	440
227	470
227	475
227	482
227	621
227	848
228	310
228	370
228	383
228	388
228	436
228	453
228	462
228	473
228	984
228	987
229	170
229	284
229	426
229	438
229	442
229	455
229	464
229	468
229	479
229	697
230	99
230	256
230	393
230	448
230	457
230	459
230	465
230	485
230	489
230	666
231	191
231	396
231	398
231	407
231	422
231	425
231	427
231	453
231	488
231	573
232	193
232	245
232	314
232	318
232	364
232	428
232	437
232	459
232	471
232	922
233	190
233	253
233	362
233	378
233	436
233	440
233	470
233	475
233	482
233	631
234	19
234	204
234	307
234	344
234	394
234	412
234	469
234	476
234	487
234	792
235	68
235	257
235	265
235	276
235	279
235	288
235	423
235	442
235	450
235	877
236	187
236	207
236	238
236	374
236	414
236	436
236	440
236	470
236	482
236	621
237	182
237	269
237	280
237	359
237	445
237	456
237	469
237	485
237	487
237	666
238	126
238	236
238	290
238	390
238	407
238	436
238	470
238	475
238	482
238	721
239	363
239	367
239	376
239	399
239	463
239	466
239	472
239	486
239	681
239	761
240	65
240	298
240	408
240	423
240	437
240	449
240	452
240	459
240	471
240	841
241	40
241	342
241	375
241	434
241	444
241	445
241	451
241	484
241	491
241	817
242	338
242	407
242	414
242	435
242	440
242	470
242	475
242	482
242	693
242	875
243	147
243	274
243	305
243	318
243	344
243	428
243	429
243	441
243	449
243	942
244	139
244	314
244	347
244	388
244	395
244	431
244	433
244	464
244	484
244	656
245	214
245	232
245	334
245	400
245	406
245	437
245	459
245	471
245	627
245	750
246	160
246	378
246	414
246	433
246	436
246	455
246	470
246	475
246	482
246	1000
247	157
247	326
247	410
247	412
247	468
247	480
247	483
247	488
247	491
247	699
248	253
248	258
248	301
248	317
248	411
248	443
248	462
248	470
248	736
248	822
248	999
249	84
249	95
249	280
249	299
249	322
249	355
249	397
249	455
249	457
249	463
249	478
250	205
250	252
250	320
250	420
250	437
250	449
250	459
250	465
250	490
250	576
250	690
251	336
251	379
251	401
251	439
251	454
251	472
251	480
251	488
251	491
251	702
251	833
252	250
252	352
252	354
252	428
252	437
252	440
252	459
252	471
252	474
252	757
252	834
253	109
253	177
253	233
253	248
253	281
253	350
253	372
253	389
253	425
253	443
253	473
254	210
254	227
254	281
254	357
254	396
254	418
254	442
254	473
254	474
254	827
254	861
255	202
255	205
255	337
255	387
255	447
255	457
255	463
255	472
255	479
255	486
255	658
256	230
256	286
256	358
256	373
256	470
256	476
256	480
256	489
256	491
256	533
256	677
257	147
257	204
257	235
257	301
257	378
257	438
257	450
257	455
257	490
257	692
257	755
258	211
258	248
258	329
258	357
258	372
258	422
258	458
258	473
258	474
258	643
258	959
259	160
259	267
259	340
259	356
259	454
259	465
259	480
259	483
259	488
259	491
259	912
260	30
260	209
260	268
260	329
260	415
260	429
260	449
260	452
260	461
260	471
260	752
261	79
261	288
261	350
261	378
261	414
261	432
261	440
261	454
261	475
261	482
261	691
262	364
262	398
262	463
262	465
262	478
262	479
262	481
262	484
262	486
262	641
262	871
263	356
263	380
263	413
263	419
263	432
263	465
263	480
263	488
263	491
263	672
263	818
264	132
264	298
264	343
264	380
264	417
264	432
264	454
264	478
264	488
264	491
264	664
265	193
265	204
265	235
265	327
265	423
265	441
265	460
265	464
265	468
265	490
265	539
266	313
266	358
266	412
266	441
266	460
266	462
266	469
266	472
266	485
266	514
266	545
267	259
267	277
267	303
267	416
267	419
267	433
267	434
267	444
267	484
267	560
267	667
268	36
268	260
268	333
268	398
268	437
268	449
268	452
268	459
268	471
268	684
268	952
269	71
269	237
269	311
269	386
269	392
269	416
269	421
269	451
269	472
269	484
269	1000
270	280
270	336
270	411
270	423
270	426
270	438
270	442
270	450
270	490
270	611
270	670
271	89
271	175
271	299
271	358
271	364
271	413
271	447
271	463
271	472
271	478
271	706
272	301
272	359
272	396
272	407
272	425
272	439
272	474
272	484
272	489
272	639
272	794
273	179
273	306
273	328
273	363
273	398
273	463
273	478
273	479
273	486
273	814
273	843
274	96
274	121
274	243
274	402
274	403
274	417
274	429
274	437
274	449
274	459
274	681
275	192
275	337
275	344
275	362
275	374
275	412
275	465
275	469
275	476
275	477
275	781
276	214
276	235
276	363
276	390
276	463
276	472
276	479
276	481
276	488
276	628
276	783
277	267
277	368
277	392
277	431
277	433
277	434
277	445
277	451
277	453
277	484
277	803
277	926
278	282
278	286
278	417
278	446
278	456
278	469
278	477
278	485
278	489
278	747
278	793
278	978
279	235
279	336
279	348
279	385
279	429
279	438
279	455
279	468
279	490
279	652
279	769
279	986
280	54
280	237
280	249
280	270
280	328
280	393
280	404
280	435
280	456
280	469
280	489
280	662
281	29
281	253
281	254
281	389
281	407
281	422
281	434
281	443
281	462
281	474
281	476
281	784
282	210
282	278
282	316
282	357
282	385
282	396
282	458
282	462
282	476
282	614
282	752
282	927
283	156
283	323
283	384
283	397
283	398
283	457
283	466
283	467
283	472
283	479
283	638
283	661
284	19
284	229
284	325
284	420
284	428
284	441
284	455
284	464
284	468
284	490
284	618
284	962
285	11
285	207
285	392
285	430
285	447
285	463
285	467
285	472
285	479
285	486
285	508
285	965
286	256
286	278
286	374
286	380
286	393
286	404
286	441
286	455
286	486
286	733
286	798
286	830
287	352
287	354
287	400
287	403
287	429
287	451
287	452
287	471
287	481
287	549
287	586
287	863
288	235
288	261
288	338
288	349
288	374
288	428
288	436
288	470
288	475
288	482
288	619
288	690
289	197
289	313
289	335
289	404
289	446
289	448
289	456
289	472
289	477
289	478
289	639
289	853
290	227
290	238
290	339
290	405
290	436
290	470
290	475
290	482
290	489
290	490
290	985
290	987
291	317
291	335
291	360
291	376
291	417
291	432
291	455
291	483
291	489
291	676
291	889
291	976
292	330
292	331
292	361
292	436
292	448
292	450
292	460
292	476
292	477
292	485
292	600
292	669
293	75
293	180
293	210
293	313
293	344
293	394
293	435
293	449
293	465
293	469
293	476
293	682
294	25
294	52
294	226
294	376
294	412
294	423
294	432
294	450
294	455
294	468
294	490
294	739
295	180
295	337
295	375
295	405
295	430
295	447
295	457
295	481
295	486
295	490
295	640
295	914
296	361
296	381
296	428
296	465
296	468
296	476
296	477
296	485
296	487
296	687
296	836
296	847
297	303
297	359
297	409
297	433
297	456
297	469
297	476
297	477
297	479
297	489
297	525
297	602
298	240
298	264
298	368
298	377
298	426
298	438
298	450
298	455
298	464
298	490
298	659
298	670
299	181
299	249
299	271
299	309
299	355
299	397
299	410
299	466
299	467
299	481
299	806
299	967
300	334
300	339
300	384
300	394
300	405
300	440
300	456
300	470
300	475
300	482
300	671
300	803
301	151
301	210
301	248
301	257
301	272
301	316
301	363
301	384
301	443
301	458
301	474
301	677
302	161
302	326
302	337
302	340
302	430
302	457
302	466
302	467
302	478
302	479
302	481
302	619
303	267
303	297
303	311
303	387
303	394
303	433
303	445
303	451
303	484
303	637
303	850
303	942
304	337
304	375
304	397
304	427
304	467
304	468
304	472
304	478
304	479
304	481
304	800
304	818
305	243
305	352
305	406
305	415
305	443
305	449
305	458
305	459
305	471
305	589
305	631
305	989
306	273
306	338
306	349
306	387
306	405
306	414
306	440
306	445
306	470
306	475
306	482
306	682
306	787
307	234
307	340
307	356
307	410
307	413
307	424
307	432
307	457
307	483
307	491
307	572
307	780
307	991
308	194
308	332
308	343
308	382
308	396
308	410
308	424
308	454
308	480
308	483
308	488
308	491
308	955
309	299
309	345
309	414
309	436
309	440
309	445
309	467
309	470
309	475
309	482
309	665
309	843
309	980
310	228
310	321
310	367
310	370
310	418
310	422
310	443
310	451
310	458
310	474
310	579
310	840
310	971
311	108
311	190
311	213
311	269
311	303
311	332
311	388
311	392
311	431
311	434
311	484
311	486
311	996
312	332
312	374
312	401
312	404
312	435
312	441
312	460
312	483
312	485
312	487
312	515
312	624
312	772
313	266
313	289
313	293
313	358
313	374
313	418
313	441
313	455
313	476
313	485
313	694
313	778
313	986
314	232
314	244
314	342
314	421
314	431
314	444
314	445
314	451
314	477
314	484
314	491
314	583
314	727
315	390
315	397
315	430
315	447
315	457
315	459
315	478
315	479
315	481
315	486
315	490
315	633
315	985
316	282
316	301
316	369
316	396
316	431
316	443
316	449
316	462
316	468
316	473
316	474
316	597
316	979
317	200
317	248
317	291
317	335
317	368
317	426
317	442
317	450
317	464
317	468
317	490
317	591
317	946
318	208
318	232
318	243
318	406
318	422
318	428
318	438
318	452
318	471
318	490
318	832
318	840
318	989
319	158
319	321
319	365
319	416
319	433
319	434
319	444
319	445
319	448
319	473
319	484
319	709
319	967
320	203
320	250
320	428
320	446
320	448
320	454
320	469
320	477
320	485
320	487
320	489
320	597
320	643
321	310
321	319
321	334
321	338
321	345
321	350
321	378
321	470
321	475
321	482
321	636
321	768
321	990
322	249
322	355
322	415
322	430
322	438
322	447
322	457
322	472
322	479
322	486
322	579
322	811
322	997
323	55
323	283
323	346
323	386
323	419
323	420
323	438
323	450
323	464
323	468
323	480
323	490
323	698
324	383
324	407
324	411
324	416
324	418
324	425
324	443
324	448
324	461
324	474
324	488
324	518
324	815
325	89
325	284
325	370
325	385
325	393
325	396
325	425
325	439
325	443
325	458
325	473
325	474
325	946
326	188
326	218
326	247
326	302
326	413
326	432
326	466
326	480
326	483
326	488
326	491
326	640
326	682
327	69
327	227
327	265
327	364
327	398
327	456
327	457
327	463
327	466
327	472
327	478
327	486
327	613
328	273
328	280
328	331
328	346
328	361
328	456
328	460
328	476
328	477
328	489
328	681
328	791
328	816
329	46
329	197
329	258
329	260
329	339
329	367
329	391
329	400
329	403
329	429
329	452
329	459
329	657
330	211
330	222
330	292
330	387
330	392
330	416
330	421
330	444
330	451
330	452
330	484
330	695
330	933
331	192
331	292
331	328
331	404
331	405
331	409
331	412
331	460
331	462
331	471
331	477
331	487
331	970
332	21
332	308
332	311
332	312
332	376
332	410
332	417
332	452
332	454
332	480
332	483
332	488
332	675
332	738
333	268
333	349
333	373
333	384
333	391
333	411
333	425
333	439
333	461
333	462
333	473
333	650
333	762
333	814
334	209
334	218
334	245
334	300
334	321
334	345
334	378
334	392
334	440
334	470
334	475
334	482
334	573
334	664
335	289
335	291
335	317
335	360
335	376
335	402
335	432
335	454
335	483
335	488
335	491
335	570
335	577
335	782
336	10
336	202
336	251
336	270
336	279
336	396
336	419
336	420
336	426
336	455
336	468
336	482
336	490
336	616
337	204
337	255
337	275
337	295
337	302
337	304
337	447
337	462
337	472
337	481
337	486
337	696
337	751
337	883
338	196
338	242
338	288
338	306
338	321
338	343
338	345
338	352
338	440
338	475
338	479
338	482
338	831
338	998
339	179
339	227
339	290
339	300
339	329
339	349
339	390
339	405
339	436
339	440
339	475
339	482
339	667
339	978
340	259
340	302
340	307
340	352
340	401
340	417
340	424
340	432
340	465
340	480
340	488
340	491
340	629
340	663
341	222
341	347
341	388
341	395
341	416
341	427
341	434
341	445
341	451
341	475
341	484
341	533
341	677
341	689
342	153
342	241
342	314
342	395
342	397
342	431
342	433
342	434
342	441
342	444
342	445
342	463
342	484
342	971
343	140
343	218
343	264
343	308
343	338
343	401
343	410
343	413
343	420
343	424
343	483
343	488
343	675
343	810
344	9
344	29
344	234
344	243
344	275
344	293
344	358
344	394
344	401
344	448
344	456
344	461
344	469
344	752
345	138
345	224
345	309
345	321
345	334
345	338
345	349
345	391
345	405
345	457
345	470
345	475
345	482
345	974
346	323
346	328
346	420
346	423
346	438
346	450
346	455
346	464
346	468
346	478
346	490
346	783
346	834
346	984
347	60
347	244
347	341
347	399
347	447
347	457
347	466
347	467
347	468
347	478
347	481
347	486
347	856
347	983
348	6
348	39
348	279
348	382
348	386
348	422
348	423
348	426
348	442
348	446
348	455
348	464
348	482
348	490
348	645
349	154
349	156
349	288
349	306
349	333
349	339
349	345
349	405
349	436
349	451
349	470
349	471
349	475
349	482
349	926
350	209
350	253
350	261
350	321
350	388
350	405
350	414
350	440
350	458
350	470
350	475
350	482
350	665
350	824
350	950
351	424
351	446
351	448
351	456
351	460
351	465
351	473
351	476
351	477
351	487
351	489
351	490
351	565
351	838
351	844
352	252
352	287
352	305
352	338
352	340
352	369
352	403
352	415
352	428
352	437
352	452
352	471
352	655
352	701
352	996
353	112
353	357
353	391
353	443
353	446
353	453
353	458
353	461
353	462
353	473
353	474
353	488
353	491
353	785
353	815
354	252
354	287
354	367
354	381
354	397
354	429
354	437
354	449
354	452
354	459
354	471
354	485
354	516
354	830
354	848
355	194
355	222
355	249
355	299
355	322
355	398
355	399
355	416
355	463
355	472
355	476
355	478
355	481
355	519
355	792
356	75
356	81
356	221
356	259
356	263
356	307
356	369
356	402
356	405
356	432
356	454
356	480
356	484
356	491
356	958
357	26
357	206
357	254
357	258
357	282
357	353
357	372
357	399
357	422
357	443
357	455
357	458
357	461
357	474
357	628
357	840
358	256
358	266
358	271
358	313
358	344
358	371
358	391
358	441
358	442
358	446
358	465
358	485
358	487
358	886
358	945
358	983
359	202
359	237
359	272
359	297
359	361
359	434
359	451
359	456
359	460
359	465
359	476
359	477
359	487
359	489
359	826
359	981
360	172
360	181
360	291
360	335
360	362
360	379
360	398
360	424
360	432
360	461
360	465
360	480
360	483
360	488
360	491
360	691
361	147
361	292
361	296
361	328
361	359
361	381
361	420
361	435
361	448
361	458
361	459
361	485
361	489
361	497
361	583
361	682
362	219
362	233
362	275
362	360
362	379
362	413
362	432
362	480
362	483
362	488
362	490
362	491
362	619
362	638
362	660
362	1000
363	178
363	239
363	273
363	276
363	301
363	444
363	457
363	466
363	467
363	478
363	479
363	481
363	486
363	488
363	651
363	657
364	224
364	232
364	262
364	271
364	327
364	397
364	437
364	447
364	457
364	463
364	467
364	478
364	486
364	584
364	634
364	971
365	195
365	319
365	387
365	388
365	390
365	395
365	415
365	433
365	434
365	444
365	445
365	464
365	484
365	544
365	853
365	938
366	370
366	400
366	403
366	406
366	408
366	415
366	428
366	435
366	437
366	452
366	459
366	471
366	487
366	493
366	552
366	616
367	150
367	205
367	239
367	310
367	329
367	354
367	381
367	406
367	429
367	449
367	452
367	459
367	464
367	471
367	681
367	848
368	162
368	179
368	226
368	277
368	298
368	317
368	382
368	420
368	438
368	442
368	455
368	456
368	457
368	464
368	468
368	477
368	966
369	316
369	352
369	356
369	407
369	411
369	418
369	439
369	453
369	454
369	456
369	458
369	462
369	473
369	474
369	510
369	597
369	697
370	43
370	228
370	310
370	325
370	366
370	391
370	425
370	427
370	439
370	458
370	459
370	462
370	473
370	474
370	482
370	532
370	768
371	178
371	210
371	358
371	381
371	404
371	421
371	441
371	446
371	456
371	460
371	476
371	484
371	487
371	489
371	679
371	821
371	907
372	171
372	253
372	258
372	357
372	395
372	404
372	422
372	424
372	427
372	439
372	453
372	458
372	461
372	462
372	473
372	673
372	1000
373	199
373	225
373	256
373	333
373	381
373	441
373	448
373	456
373	462
373	465
373	469
373	472
373	485
373	489
373	528
373	977
373	988
374	112
374	212
374	236
374	275
374	286
374	288
374	312
374	313
374	377
374	381
374	414
374	469
374	477
374	485
374	489
374	799
374	822
375	241
375	295
375	304
375	390
375	399
375	418
375	447
375	457
375	463
375	464
375	466
375	467
375	486
375	695
375	782
375	790
375	876
376	212
376	239
376	291
376	294
376	332
376	335
376	424
376	454
376	474
376	480
376	483
376	488
376	491
376	649
376	667
376	769
376	848
377	164
377	195
377	298
377	374
377	382
377	386
377	401
377	419
377	423
377	437
377	438
377	442
377	450
377	464
377	490
377	839
377	899
378	162
378	233
378	246
378	257
378	261
378	321
378	334
378	414
378	435
378	436
378	453
378	475
378	480
378	482
378	836
378	904
378	920
379	123
379	251
379	360
379	362
379	380
379	393
379	410
379	418
379	454
379	467
379	471
379	480
379	483
379	488
379	491
379	524
379	732
379	849
380	145
380	203
380	221
380	263
380	264
380	286
380	379
380	402
380	413
380	454
380	473
380	476
380	480
380	483
380	488
380	491
380	502
380	573
381	88
381	90
381	162
381	190
381	296
381	354
381	361
381	367
381	371
381	373
381	374
381	444
381	460
381	469
381	476
381	479
381	485
381	487
382	130
382	204
382	223
382	308
382	348
382	368
382	377
382	386
382	438
382	443
382	450
382	464
382	468
382	486
382	490
382	610
382	832
382	980
383	151
383	153
383	228
383	324
383	385
383	391
383	411
383	418
383	427
383	453
383	458
383	459
383	462
383	467
383	473
383	487
383	608
383	661
384	169
384	221
384	283
384	300
384	301
384	333
384	396
384	411
384	418
384	427
384	439
384	452
384	453
384	462
384	473
384	680
384	692
384	777
385	279
385	282
385	325
385	383
385	391
385	422
385	427
385	431
385	453
385	458
385	461
385	462
385	473
385	485
385	487
385	514
385	575
385	634
386	65
386	269
386	323
386	348
386	377
386	382
386	397
386	419
386	442
386	450
386	452
386	455
386	464
386	468
386	490
386	676
386	810
386	990
387	173
387	255
387	303
387	306
387	330
387	365
387	388
387	416
387	425
387	433
387	444
387	445
387	451
387	484
387	489
387	798
387	842
387	968
388	8
388	88
388	162
388	220
388	228
388	244
388	311
388	341
388	350
388	365
388	387
388	395
388	421
388	444
388	445
388	451
388	484
388	961
389	179
389	210
389	253
389	281
389	391
389	407
389	411
389	415
389	425
389	427
389	439
389	450
389	461
389	473
389	474
389	478
389	489
389	682
389	852
390	220
390	238
390	276
390	315
390	339
390	365
390	375
390	399
390	457
390	466
390	467
390	474
390	478
390	479
390	481
390	583
390	665
390	670
390	772
391	187
391	203
391	329
391	333
391	345
391	353
391	358
391	370
391	383
391	385
391	389
391	408
391	418
391	453
391	461
391	462
391	473
391	474
391	824
392	28
392	157
392	176
392	269
392	277
392	285
392	311
392	330
392	334
392	416
392	421
392	431
392	433
392	438
392	444
392	445
392	451
392	484
392	854
393	193
393	209
393	230
393	280
393	286
393	325
393	379
393	394
393	412
393	435
393	444
393	446
393	456
393	465
393	476
393	489
393	683
393	789
393	865
394	234
394	293
394	300
394	303
394	344
394	393
394	410
394	412
394	441
394	446
394	476
394	485
394	487
394	489
394	491
394	651
394	664
394	692
394	900
395	244
395	341
395	342
395	365
395	372
395	388
395	412
395	421
395	424
395	431
395	433
395	434
395	444
395	466
395	484
395	653
395	672
395	686
395	720
396	175
396	213
396	231
396	254
396	272
396	282
396	308
396	316
396	325
396	336
396	384
396	411
396	422
396	453
396	461
396	477
396	559
396	652
396	918
397	73
397	249
397	283
397	299
397	304
397	315
397	342
397	354
397	364
397	386
397	430
397	437
397	463
397	467
397	481
397	486
397	588
397	874
397	960
398	91
398	231
398	262
398	268
398	273
398	283
398	327
398	355
398	360
398	424
398	430
398	447
398	466
398	467
398	478
398	486
398	520
398	669
398	1000
399	191
399	239
399	347
399	355
399	357
399	375
399	390
399	430
399	439
399	450
399	457
399	466
399	467
399	478
399	479
399	480
399	486
399	696
399	829
400	140
400	184
400	216
400	245
400	287
400	329
400	366
400	406
400	408
400	415
400	429
400	437
400	452
400	461
400	469
400	471
400	483
400	558
400	841
401	20
401	219
401	251
401	312
401	340
401	343
401	344
401	377
401	413
401	424
401	454
401	460
401	480
401	483
401	488
401	491
401	555
401	824
401	976
402	274
402	335
402	356
402	380
402	405
402	410
402	424
402	432
402	454
402	457
402	477
402	480
402	483
402	488
402	491
402	610
402	675
402	760
402	859
403	12
403	116
403	208
403	274
403	287
403	329
403	352
403	366
403	408
403	409
403	415
403	429
403	447
403	452
403	459
403	460
403	471
403	490
403	589
403	640
404	280
404	286
404	289
404	312
404	331
404	371
404	372
404	409
404	418
404	436
404	446
404	465
404	474
404	477
404	485
404	487
404	679
404	858
404	868
404	999
405	59
405	103
405	110
405	290
405	295
405	300
405	306
405	331
405	339
405	345
405	349
405	350
405	356
405	402
405	436
405	440
405	470
405	475
405	482
405	691
406	245
406	305
406	318
406	366
406	367
406	400
406	408
406	415
406	426
406	428
406	435
406	449
406	452
406	459
406	476
406	489
406	807
406	833
406	886
406	981
407	210
407	211
407	231
407	238
407	242
407	272
407	281
407	324
407	369
407	389
407	418
407	443
407	453
407	460
407	473
407	474
407	753
407	836
407	906
407	972
408	205
408	240
408	366
408	391
408	400
408	403
408	406
408	415
408	416
408	428
408	437
408	448
408	449
408	452
408	456
408	459
408	471
408	725
408	754
408	770
408	882
409	215
409	297
409	331
409	403
409	404
409	441
409	442
409	446
409	456
409	458
409	461
409	465
409	469
409	476
409	485
409	487
409	489
409	676
409	758
409	904
409	932
410	224
410	247
410	299
410	307
410	308
410	332
410	343
410	379
410	394
410	402
410	417
410	429
410	437
410	439
410	483
410	488
410	491
410	567
410	606
410	694
410	866
411	216
411	225
411	248
411	270
411	324
411	333
411	369
411	383
411	384
411	389
411	396
411	422
411	427
411	449
411	461
411	477
411	586
411	608
411	624
411	816
411	930
412	69
412	122
412	215
412	234
412	247
412	266
412	275
412	294
412	331
412	393
412	394
412	395
412	448
412	456
412	475
412	476
412	485
412	487
412	489
412	511
412	576
413	102
413	217
413	263
413	271
413	307
413	326
413	343
413	362
413	380
413	401
413	417
413	424
413	442
413	454
413	466
413	483
413	488
413	491
413	804
413	834
413	840
413	891
414	155
414	156
414	209
414	236
414	242
414	246
414	261
414	306
414	309
414	350
414	374
414	378
414	434
414	436
414	440
414	450
414	467
414	470
414	475
414	482
414	849
414	967
415	205
415	260
415	305
415	322
415	352
415	365
415	366
415	389
415	400
415	403
415	406
415	408
415	428
415	449
415	452
415	471
415	476
415	824
415	943
415	987
415	991
415	992
416	222
416	267
416	269
416	319
416	324
416	330
416	341
416	355
416	387
416	392
416	408
416	421
416	431
416	433
416	451
416	484
416	491
416	604
416	627
416	644
416	872
416	985
417	139
417	199
417	208
417	221
417	264
417	274
417	278
417	291
417	332
417	340
417	410
417	413
417	424
417	454
417	462
417	480
417	481
417	483
417	488
417	491
417	568
417	829
418	254
418	310
418	313
418	324
418	369
418	375
418	379
418	383
418	384
418	391
418	404
418	407
418	421
418	439
418	443
418	453
418	461
418	462
418	473
418	779
418	802
418	832
418	933
419	165
419	171
419	212
419	226
419	263
419	267
419	323
419	336
419	377
419	386
419	420
419	426
419	438
419	442
419	450
419	455
419	468
419	475
419	490
419	491
419	848
419	876
419	999
420	111
420	194
420	206
420	250
420	284
420	323
420	336
420	343
420	346
420	361
420	368
420	419
420	426
420	438
420	442
420	450
420	464
420	468
420	489
420	490
420	723
420	727
420	988
421	102
421	119
421	269
421	314
421	330
421	371
421	388
421	392
421	395
421	416
421	418
421	431
421	433
421	444
421	445
421	446
421	451
421	483
421	484
421	485
421	591
421	796
421	827
422	121
422	219
422	231
422	258
422	281
422	310
422	318
422	348
422	357
422	372
422	385
422	396
422	411
422	439
422	453
422	458
422	462
422	474
422	481
422	486
422	492
422	893
422	961
423	99
423	204
423	206
423	221
423	235
423	240
423	265
423	270
423	294
423	346
423	348
423	377
423	430
423	431
423	438
423	450
423	455
423	464
423	473
423	490
423	507
423	687
423	690
423	888
424	134
424	203
424	219
424	307
424	308
424	340
424	343
424	351
424	360
424	372
424	376
424	395
424	398
424	401
424	402
424	413
424	417
424	480
424	483
424	488
424	491
424	527
424	692
424	710
425	120
425	189
425	231
425	253
425	272
425	324
425	325
425	333
425	370
425	387
425	389
425	430
425	435
425	439
425	453
425	458
425	461
425	462
425	470
425	471
425	473
425	697
425	959
425	970
426	7
426	188
426	223
426	229
426	270
426	298
426	317
426	336
426	348
426	406
426	419
426	420
426	450
426	453
426	455
426	464
426	465
426	467
426	468
426	475
426	490
426	633
426	791
426	951
427	103
427	165
427	231
427	304
427	341
427	370
427	372
427	383
427	384
427	385
427	389
427	411
427	443
427	453
427	458
427	459
427	461
427	462
427	473
427	474
427	480
427	828
427	969
427	979
428	147
428	208
428	232
428	243
428	252
428	284
428	288
428	296
428	318
428	320
428	352
428	366
428	406
428	408
428	415
428	437
428	449
428	452
428	459
428	471
428	476
428	604
428	841
428	884
429	25
429	205
429	226
429	243
429	260
429	274
429	279
429	287
429	329
429	354
429	367
429	400
429	403
429	410
429	438
429	440
429	449
429	452
429	459
429	471
429	528
429	693
429	729
429	803
430	142
430	213
430	214
430	285
430	295
430	302
430	315
430	322
430	397
430	398
430	399
430	423
430	425
430	463
430	466
430	467
430	470
430	478
430	479
430	481
430	489
430	598
430	627
430	683
430	894
431	151
431	211
431	244
431	277
431	311
431	314
431	316
431	342
431	385
431	392
431	395
431	416
431	421
431	423
431	434
431	442
431	444
431	445
431	451
431	468
431	484
431	661
431	693
431	829
431	981
432	85
432	187
432	224
432	261
432	263
432	264
432	291
432	294
432	307
432	326
432	335
432	340
432	356
432	360
432	362
432	402
432	454
432	463
432	482
432	483
432	484
432	488
432	491
432	494
432	757
432	944
433	44
433	82
433	170
433	171
433	244
433	246
433	267
433	277
433	297
433	303
433	319
433	342
433	365
433	387
433	392
433	395
433	416
433	421
433	444
433	445
433	451
433	456
433	460
433	481
433	484
433	836
434	117
434	135
434	211
434	241
434	267
434	277
434	281
434	311
434	319
434	341
434	342
434	359
434	365
434	395
434	414
434	431
434	443
434	444
434	445
434	451
434	484
434	485
434	561
434	680
434	825
434	900
435	136
435	151
435	185
435	212
435	225
435	242
435	280
435	293
435	312
435	361
435	366
435	378
435	393
435	406
435	425
435	441
435	446
435	448
435	460
435	465
435	476
435	485
435	487
435	489
435	622
435	674
435	839
436	37
436	80
436	228
436	233
436	236
436	238
436	246
436	288
436	290
436	292
436	309
436	339
436	349
436	378
436	404
436	405
436	414
436	440
436	460
436	470
436	475
436	479
436	482
436	495
436	623
436	843
436	979
437	232
437	240
437	245
437	250
437	252
437	268
437	274
437	352
437	354
437	364
437	366
437	377
437	397
437	400
437	408
437	410
437	428
437	449
437	459
437	461
437	471
437	486
437	568
437	594
437	671
437	688
437	763
437	800
438	182
438	195
438	202
438	229
438	257
438	270
438	279
438	298
438	318
438	322
438	323
438	346
438	368
438	377
438	382
438	392
438	419
438	420
438	423
438	429
438	442
438	453
438	455
438	468
438	487
438	490
438	636
438	732
439	171
439	191
439	216
439	251
439	272
439	325
439	333
439	369
439	370
439	372
439	384
439	389
439	399
439	410
439	418
439	422
439	425
439	440
439	443
439	453
439	461
439	467
439	473
439	474
439	486
439	806
439	822
439	961
440	111
440	227
440	233
440	236
440	242
440	252
440	261
440	300
440	306
440	309
440	334
440	338
440	339
440	350
440	405
440	414
440	429
440	436
440	439
440	450
440	467
440	470
440	475
440	482
440	489
440	611
440	665
440	908
440	994
441	50
441	83
441	243
441	265
441	266
441	284
441	286
441	312
441	313
441	342
441	358
441	371
441	373
441	394
441	409
441	435
441	448
441	460
441	465
441	469
441	474
441	477
441	485
441	487
441	489
441	491
441	564
441	690
441	948
441	962
442	204
442	219
442	226
442	229
442	235
442	254
442	270
442	317
442	348
442	358
442	368
442	377
442	386
442	409
442	413
442	419
442	420
442	431
442	438
442	450
442	455
442	464
442	468
442	490
442	525
442	612
442	815
442	828
442	837
442	879
443	124
443	147
443	157
443	190
443	217
443	248
443	253
443	281
443	301
443	305
443	310
443	316
443	324
443	325
443	353
443	357
443	382
443	407
443	418
443	427
443	434
443	439
443	458
443	461
443	462
443	474
443	479
443	482
443	936
443	987
444	86
444	211
444	241
444	267
444	314
444	319
444	330
444	342
444	363
444	365
444	381
444	387
444	388
444	392
444	393
444	395
444	421
444	431
444	433
444	434
444	451
444	453
444	477
444	484
444	489
444	673
444	788
444	789
444	941
444	964
445	77
445	122
445	152
445	222
445	237
445	241
445	277
445	303
445	306
445	309
445	314
445	319
445	341
445	342
445	365
445	387
445	388
445	392
445	421
445	431
445	433
445	434
445	451
445	465
445	466
445	478
445	484
445	647
445	679
445	817
446	278
446	289
446	320
446	348
446	351
446	353
446	358
446	371
446	393
446	394
446	404
446	409
446	421
446	435
446	448
446	456
446	460
446	465
446	469
446	472
446	476
446	477
446	480
446	483
446	487
446	607
446	657
446	680
446	719
446	781
446	972
447	126
447	167
447	215
447	217
447	220
447	255
447	271
447	285
447	295
447	315
447	322
447	337
447	347
447	364
447	375
447	398
447	403
447	453
447	458
447	463
447	466
447	472
447	474
447	478
447	481
447	486
447	490
447	491
447	640
447	859
447	956
447	962
448	17
448	62
448	189
448	207
448	215
448	230
448	289
448	292
448	319
448	320
448	324
448	344
448	351
448	361
448	373
448	408
448	412
448	435
448	441
448	446
448	453
448	459
448	460
448	469
448	476
448	477
448	479
448	485
448	562
448	593
448	939
448	960
449	92
449	117
449	199
449	205
449	208
449	240
449	243
449	250
449	260
449	268
449	274
449	293
449	305
449	316
449	354
449	367
449	406
449	408
449	411
449	415
449	428
449	429
449	437
449	452
449	459
449	464
449	471
449	481
449	486
449	494
449	611
449	851
449	866
450	192
450	235
450	257
450	270
450	292
450	294
450	298
450	317
450	323
450	346
450	377
450	382
450	386
450	389
450	399
450	414
450	419
450	420
450	423
450	426
450	440
450	442
450	455
450	457
450	464
450	468
450	469
450	490
450	531
450	560
450	852
450	974
450	994
451	136
451	152
451	200
451	211
451	222
451	241
451	269
451	277
451	287
451	303
451	310
451	314
451	330
451	341
451	349
451	359
451	387
451	388
451	392
451	416
451	421
451	431
451	433
451	434
451	444
451	445
451	455
451	484
451	488
451	490
451	597
451	743
451	771
451	795
452	16
452	32
452	64
452	146
452	220
452	225
452	240
452	260
452	268
452	287
452	318
452	329
452	330
452	332
452	352
452	354
452	366
452	367
452	384
452	386
452	400
452	403
452	406
452	408
452	415
452	428
452	429
452	449
452	459
452	471
452	472
452	582
452	617
452	654
453	216
453	228
453	231
453	277
453	353
453	369
453	372
453	378
453	383
453	384
453	385
453	391
453	396
453	407
453	418
453	422
453	425
453	426
453	427
453	438
453	439
453	444
453	447
453	448
453	458
453	461
453	462
453	562
453	607
453	629
453	756
453	795
453	860
453	880
454	133
454	168
454	183
454	218
454	219
454	251
454	259
454	261
454	264
454	308
454	320
454	332
454	335
454	356
454	369
454	376
454	379
454	380
454	401
454	402
454	413
454	417
454	432
454	460
454	468
454	470
454	480
454	483
454	484
454	488
454	491
454	668
454	822
454	830
454	936
454	993
455	94
455	206
455	223
455	229
455	246
455	249
455	257
455	279
455	284
455	286
455	291
455	294
455	298
455	313
455	336
455	346
455	348
455	357
455	368
455	386
455	419
455	423
455	426
455	438
455	442
455	450
455	451
455	464
455	468
455	490
455	677
455	684
455	688
455	724
455	986
455	997
456	2
456	11
456	237
456	278
456	280
456	289
456	297
456	300
456	327
456	328
456	344
456	351
456	359
456	368
456	369
456	371
456	373
456	393
456	408
456	409
456	412
456	433
456	446
456	463
456	465
456	469
456	476
456	477
456	487
456	489
456	505
456	543
456	647
456	691
456	697
456	812
457	167
457	191
457	217
457	230
457	249
457	255
457	283
457	295
457	302
457	307
457	315
457	322
457	327
457	345
457	347
457	363
457	364
457	368
457	375
457	390
457	399
457	402
457	450
457	466
457	467
457	472
457	479
457	481
457	486
457	488
457	663
457	668
457	677
457	817
457	842
457	993
458	185
458	197
458	216
458	258
458	282
458	301
458	305
458	310
458	325
458	350
458	353
458	357
458	361
458	369
458	370
458	372
458	383
458	385
458	409
458	422
458	425
458	427
458	443
458	447
458	453
458	461
458	462
458	473
458	474
458	478
458	483
458	484
458	613
458	652
458	837
458	851
458	934
459	49
459	109
459	208
459	230
459	232
459	240
459	245
459	250
459	252
459	268
459	274
459	305
459	315
459	329
459	354
459	361
459	366
459	367
459	370
459	383
459	403
459	406
459	408
459	427
459	428
459	429
459	437
459	448
459	449
459	452
459	469
459	471
459	603
459	642
459	955
459	965
459	997
460	8
460	145
460	183
460	207
460	215
460	265
460	266
460	292
460	312
460	328
460	331
460	351
460	359
460	371
460	381
460	401
460	403
460	407
460	433
460	435
460	436
460	441
460	446
460	448
460	454
460	465
460	476
460	477
460	483
460	485
460	487
460	489
460	545
460	694
460	761
460	955
460	997
461	2
461	23
461	216
461	260
461	324
461	333
461	344
461	353
461	357
461	360
461	372
461	385
461	389
461	391
461	396
461	400
461	409
461	411
461	418
461	425
461	427
461	437
461	439
461	443
461	453
461	458
461	462
461	463
461	473
461	474
461	477
461	485
461	534
461	698
461	744
461	802
461	845
461	996
462	36
462	228
462	248
462	266
462	281
462	282
462	316
462	331
462	333
462	337
462	353
462	369
462	370
462	372
462	373
462	383
462	384
462	385
462	391
462	417
462	418
462	422
462	425
462	427
462	443
462	453
462	458
462	461
462	471
462	473
462	484
462	486
462	622
462	636
462	658
462	765
462	969
462	986
463	141
463	192
463	220
463	239
463	249
463	255
463	262
463	271
463	273
463	276
463	285
463	327
463	342
463	355
463	364
463	375
463	397
463	430
463	432
463	447
463	456
463	461
463	466
463	467
463	472
463	473
463	475
463	478
463	479
463	481
463	485
463	486
463	595
463	647
463	674
463	754
463	858
463	986
464	68
464	206
464	223
464	226
464	229
464	244
464	265
464	284
464	298
464	317
464	323
464	346
464	348
464	365
464	367
464	368
464	375
464	377
464	382
464	386
464	420
464	423
464	426
464	442
464	449
464	450
464	455
464	468
464	475
464	487
464	490
464	629
464	639
464	718
464	767
464	975
464	977
464	999
465	68
465	196
465	212
465	230
465	250
465	259
465	262
465	263
465	275
465	293
465	296
465	340
465	351
465	358
465	359
465	360
465	373
465	393
465	404
465	409
465	426
465	435
465	441
465	445
465	446
465	456
465	460
465	469
465	477
465	485
465	487
465	489
465	790
465	808
465	873
465	874
465	943
465	998
466	195
466	199
466	214
466	217
466	218
466	239
466	283
466	299
466	302
466	326
466	327
466	347
466	363
466	375
466	390
466	395
466	398
466	399
466	413
466	430
466	445
466	447
466	457
466	463
466	467
466	472
466	478
466	479
466	481
466	485
466	486
466	487
466	625
466	668
466	821
466	891
466	983
466	984
467	89
467	178
467	217
467	283
467	285
467	299
467	302
467	304
467	309
467	347
467	363
467	364
467	375
467	379
467	383
467	390
467	397
467	398
467	399
467	414
467	426
467	430
467	439
467	440
467	457
467	463
467	466
467	472
467	478
467	479
467	481
467	482
467	486
467	658
467	663
467	735
467	881
467	994
467	997
468	144
468	148
468	149
468	206
468	223
468	229
468	247
468	265
468	279
468	284
468	294
468	296
468	304
468	316
468	317
468	323
468	336
468	346
468	347
468	368
468	382
468	386
468	419
468	420
468	426
468	431
468	438
468	442
468	450
468	454
468	455
468	464
468	490
468	491
468	562
468	669
468	688
468	813
468	996
469	54
469	150
469	197
469	215
469	225
469	226
469	234
469	237
469	266
469	275
469	278
469	280
469	293
469	297
469	320
469	344
469	373
469	374
469	381
469	400
469	409
469	441
469	446
469	448
469	450
469	456
469	459
469	465
469	470
469	477
469	478
469	481
469	484
469	487
469	489
469	759
469	848
469	881
469	995
470	168
470	185
470	209
470	227
470	233
470	236
470	238
470	242
470	246
470	248
470	256
470	288
470	290
470	300
470	306
470	309
470	321
470	334
470	345
470	349
470	350
470	405
470	414
470	425
470	430
470	436
470	440
470	454
470	469
470	471
470	475
470	482
470	483
470	583
470	700
470	735
470	918
470	947
470	995
471	208
471	232
471	240
471	245
471	252
471	260
471	268
471	287
471	305
471	318
471	331
471	349
471	352
471	354
471	366
471	367
471	379
471	400
471	403
471	408
471	415
471	425
471	428
471	429
471	437
471	449
471	452
471	459
471	462
471	470
471	484
471	508
471	571
471	671
471	694
471	841
471	857
471	902
471	975
472	45
472	148
472	152
472	213
472	214
472	220
472	239
472	251
472	255
472	266
472	269
472	271
472	276
472	283
472	285
472	289
472	304
472	322
472	327
472	337
472	355
472	373
472	446
472	447
472	452
472	457
472	463
472	466
472	467
472	478
472	479
472	481
472	486
472	487
472	506
472	600
472	603
472	690
472	846
473	228
473	253
473	254
473	258
473	316
473	319
473	325
473	333
473	351
473	353
473	369
473	370
473	372
473	380
473	383
473	384
473	385
473	389
473	391
473	407
473	418
473	423
473	425
473	427
473	439
473	458
473	461
473	462
473	463
473	480
473	482
473	488
473	642
473	646
473	678
473	679
473	797
473	805
473	834
473	976
474	210
474	216
474	252
474	254
474	258
474	272
474	281
474	301
474	310
474	316
474	324
474	325
474	353
474	357
474	369
474	370
474	376
474	389
474	390
474	391
474	404
474	407
474	422
474	427
474	439
474	441
474	443
474	447
474	458
474	461
474	475
474	479
474	549
474	666
474	692
474	697
474	742
474	818
474	928
474	965
475	109
475	209
475	227
475	233
475	238
475	242
475	246
475	261
475	288
475	290
475	300
475	306
475	309
475	321
475	334
475	338
475	339
475	341
475	345
475	349
475	350
475	378
475	405
475	412
475	414
475	419
475	426
475	436
475	440
475	463
475	464
475	470
475	474
475	482
475	485
475	529
475	567
475	680
475	734
475	753
475	846
475	956
476	189
476	212
476	234
476	256
476	275
476	281
476	282
476	292
476	293
476	296
476	297
476	313
476	328
476	351
476	355
476	359
476	371
476	380
476	381
476	393
476	394
476	406
476	409
476	412
476	415
476	428
476	435
476	446
476	448
476	456
476	460
476	478
476	483
476	487
476	489
476	547
476	556
476	637
476	687
476	689
476	845
476	935
477	132
477	153
477	207
477	212
477	216
477	225
477	275
477	278
477	289
477	292
477	296
477	297
477	314
477	320
477	328
477	331
477	351
477	359
477	368
477	374
477	396
477	402
477	404
477	411
477	441
477	444
477	446
477	448
477	456
477	460
477	461
477	465
477	469
477	485
477	489
477	550
477	592
477	620
477	696
477	738
477	853
477	935
478	21
478	170
478	213
478	249
478	262
478	264
478	271
478	273
478	289
478	302
478	304
478	315
478	327
478	346
478	347
478	355
478	363
478	364
478	389
478	390
478	398
478	399
478	430
478	445
478	447
478	458
478	463
478	466
478	467
478	469
478	472
478	476
478	479
478	481
478	486
478	729
478	803
478	829
478	847
478	903
478	930
478	982
479	213
479	214
479	217
479	229
479	255
479	262
479	273
479	276
479	283
479	285
479	297
479	302
479	304
479	315
479	322
479	338
479	363
479	381
479	390
479	399
479	430
479	436
479	443
479	448
479	457
479	463
479	466
479	467
479	472
479	474
479	478
479	481
479	486
479	488
479	557
479	574
479	661
479	746
479	792
479	821
479	834
479	843
480	33
480	175
480	206
480	218
480	219
480	224
480	247
480	251
480	256
480	259
480	263
480	308
480	323
480	326
480	332
480	340
480	356
480	360
480	362
480	376
480	378
480	379
480	380
480	399
480	401
480	402
480	417
480	424
480	427
480	446
480	454
480	473
480	483
480	486
480	488
480	491
480	530
480	587
480	692
480	794
480	874
480	944
480	974
481	136
481	149
481	213
481	214
481	215
481	217
481	220
481	262
481	276
481	287
481	295
481	299
481	302
481	304
481	315
481	337
481	347
481	355
481	363
481	390
481	397
481	417
481	422
481	430
481	433
481	447
481	449
481	457
481	463
481	466
481	467
481	469
481	472
481	478
481	479
481	486
481	487
481	554
481	617
481	648
481	674
481	946
481	951
481	956
482	105
482	144
482	209
482	227
482	233
482	236
482	238
482	242
482	246
482	261
482	288
482	290
482	300
482	306
482	309
482	321
482	334
482	336
482	338
482	339
482	345
482	348
482	349
482	350
482	370
482	378
482	405
482	414
482	432
482	436
482	440
482	443
482	467
482	470
482	473
482	475
482	483
482	485
482	614
482	649
482	684
482	695
482	816
482	889
482	902
483	218
483	221
483	224
483	247
483	259
483	291
483	307
483	308
483	312
483	326
483	332
483	335
483	343
483	360
483	362
483	376
483	379
483	380
483	400
483	401
483	402
483	410
483	413
483	417
483	421
483	424
483	432
483	446
483	454
483	458
483	460
483	470
483	476
483	480
483	482
483	488
483	491
483	516
483	592
483	647
483	794
483	849
483	853
483	898
483	909
483	973
484	9
484	103
484	143
484	199
484	211
484	222
484	241
484	244
484	262
484	267
484	269
484	272
484	277
484	303
484	311
484	314
484	319
484	330
484	341
484	342
484	356
484	365
484	371
484	387
484	388
484	392
484	395
484	416
484	421
484	431
484	432
484	433
484	434
484	444
484	445
484	451
484	454
484	458
484	462
484	469
484	471
484	642
484	719
484	810
484	811
484	830
484	928
485	62
485	93
485	177
485	207
485	222
485	225
485	230
485	237
485	266
485	278
485	292
485	296
485	312
485	313
485	320
485	354
485	358
485	361
485	373
485	374
485	381
485	385
485	394
485	404
485	409
485	412
485	421
485	434
485	435
485	441
485	448
485	460
485	461
485	463
485	465
485	466
485	475
485	477
485	482
485	487
485	489
485	498
485	675
485	758
485	823
485	825
485	957
485	993
486	153
486	200
486	203
486	213
486	220
486	239
486	255
486	262
486	273
486	285
486	286
486	295
486	311
486	315
486	322
486	327
486	337
486	347
486	363
486	364
486	375
486	382
486	397
486	398
486	399
486	422
486	437
486	439
486	447
486	449
486	457
486	462
486	463
486	466
486	467
486	472
486	478
486	479
486	480
486	481
486	487
486	671
486	688
486	723
486	777
486	792
486	811
486	923
487	46
487	128
487	129
487	149
487	207
487	212
487	215
487	223
487	234
487	237
487	296
487	312
487	320
487	331
487	351
487	358
487	359
487	366
487	371
487	381
487	383
487	385
487	394
487	404
487	409
487	412
487	435
487	438
487	441
487	446
487	456
487	460
487	464
487	465
487	466
487	469
487	472
487	476
487	481
487	485
487	486
487	489
487	548
487	678
487	812
487	828
487	834
487	955
488	26
488	38
488	218
488	221
488	224
488	231
488	247
488	251
488	259
488	263
488	264
488	276
488	308
488	324
488	326
488	332
488	335
488	340
488	343
488	353
488	360
488	362
488	363
488	376
488	379
488	380
488	401
488	402
488	410
488	413
488	417
488	424
488	432
488	451
488	454
488	457
488	473
488	479
488	480
488	483
488	491
488	499
488	677
488	695
488	730
488	779
488	804
488	848
488	977
489	62
489	91
489	100
489	207
489	225
489	230
489	256
489	272
489	278
489	280
489	290
489	291
489	297
489	320
489	328
489	351
489	359
489	361
489	371
489	373
489	374
489	387
489	389
489	393
489	394
489	406
489	409
489	412
489	420
489	430
489	435
489	440
489	441
489	444
489	456
489	460
489	465
489	469
489	476
489	477
489	485
489	487
489	561
489	610
489	844
489	937
489	938
489	966
489	981
490	27
490	81
490	155
490	176
490	191
490	200
490	201
490	204
490	206
490	223
490	226
490	250
490	257
490	265
490	270
490	279
490	284
490	290
490	294
490	295
490	298
490	315
490	317
490	318
490	323
490	336
490	346
490	348
490	351
490	362
490	377
490	382
490	386
490	403
490	419
490	420
490	423
490	426
490	438
490	442
490	447
490	450
490	451
490	455
490	464
490	468
490	677
490	688
490	902
491	130
491	135
491	143
491	152
491	165
491	174
491	219
491	221
491	224
491	241
491	247
491	251
491	256
491	259
491	263
491	264
491	307
491	308
491	314
491	326
491	335
491	340
491	353
491	356
491	360
491	362
491	376
491	379
491	380
491	394
491	401
491	402
491	410
491	413
491	416
491	417
491	419
491	424
491	432
491	441
491	447
491	454
491	468
491	480
491	483
491	488
491	685
491	697
491	830
491	954
492	146
492	422
492	497
492	556
492	655
492	657
492	686
492	687
492	689
492	694
493	366
493	552
493	611
493	642
493	669
493	679
493	682
493	685
493	687
493	986
494	432
494	449
494	574
494	590
494	631
494	635
494	658
494	672
494	692
494	697
495	48
495	436
495	592
495	642
495	680
495	684
495	688
495	690
495	692
495	696
496	604
496	619
496	625
496	661
496	671
496	674
496	684
496	695
496	813
496	951
497	361
497	492
497	569
497	643
497	645
497	670
497	679
497	685
497	689
497	850
498	485
498	519
498	570
498	604
498	618
498	639
498	663
498	667
498	678
498	894
499	488
499	566
499	603
499	608
499	612
499	648
499	663
499	664
499	678
499	827
500	74
500	604
500	617
500	620
500	630
500	639
500	654
500	663
500	678
500	723
501	178
501	199
501	545
501	608
501	614
501	648
501	653
501	663
501	678
501	689
502	71
502	380
502	522
502	564
502	570
502	572
502	607
502	633
502	673
502	682
503	85
503	131
503	516
503	526
503	545
503	617
503	653
503	663
503	678
503	679
504	184
504	188
504	577
504	604
504	606
504	683
504	685
504	687
504	689
504	694
505	112
505	456
505	557
505	587
505	619
505	651
505	670
505	671
505	674
505	684
506	472
506	628
506	667
506	670
506	688
506	691
506	692
506	695
506	696
506	954
507	423
507	524
507	595
507	607
507	621
507	643
507	669
507	673
507	685
507	995
508	285
508	471
508	598
508	616
508	640
508	641
508	652
508	664
508	670
508	675
509	203
509	552
509	592
509	637
509	655
509	673
509	678
509	683
509	690
509	995
510	369
510	567
510	615
510	641
510	652
510	664
510	666
510	675
510	676
510	975
511	64
511	412
511	554
511	575
511	641
511	647
511	652
511	656
511	664
511	675
512	117
512	567
512	599
512	669
512	682
512	685
512	687
512	689
512	691
512	826
513	528
513	565
513	582
513	636
513	659
513	661
513	673
513	681
513	741
513	788
514	266
514	385
514	601
514	624
514	640
514	647
514	652
514	664
514	675
514	681
515	312
515	615
515	624
515	635
515	640
515	652
515	664
515	675
515	676
515	949
516	354
516	483
516	503
516	557
516	583
516	602
516	634
516	636
516	688
516	697
517	90
517	179
517	569
517	580
517	602
517	640
517	644
517	646
517	647
517	675
518	324
518	591
518	614
518	656
518	667
518	690
518	692
518	696
518	697
518	789
519	355
519	498
519	526
519	564
519	565
519	617
519	663
519	678
519	684
519	870
520	398
520	572
520	598
520	615
520	640
520	656
520	661
520	664
520	675
520	870
521	564
521	585
521	608
521	612
521	617
521	620
521	653
521	678
521	696
521	904
521	976
522	154
522	192
522	502
522	555
522	598
522	614
522	660
522	662
522	685
522	687
522	832
523	3
523	44
523	535
523	544
523	603
523	604
523	618
523	643
523	653
523	663
523	693
524	379
524	507
524	530
524	561
524	593
524	606
524	636
524	659
524	677
524	681
524	807
525	297
525	442
525	528
525	551
525	639
525	650
525	662
525	679
525	683
525	687
525	689
526	190
526	503
526	519
526	527
526	538
526	608
526	639
526	653
526	678
526	729
526	764
527	12
527	424
527	526
527	550
527	631
527	638
527	660
527	666
527	670
527	686
527	693
528	373
528	429
528	513
528	525
528	594
528	621
528	636
528	649
528	668
528	677
528	681
529	475
529	534
529	561
529	649
529	661
529	665
529	677
529	681
529	684
529	931
529	949
530	480
530	524
530	534
530	551
530	609
530	637
530	650
530	657
530	660
530	694
530	730
531	450
531	556
531	611
531	623
531	638
531	677
531	680
531	692
531	693
531	697
531	993
532	370
532	589
532	641
532	646
532	647
532	652
532	656
532	666
532	672
532	675
532	958
533	256
533	341
533	552
533	604
533	608
533	612
533	620
533	639
533	674
533	678
533	836
534	184
534	461
534	529
534	530
534	551
534	577
534	601
534	626
534	682
534	683
534	689
535	190
535	523
535	564
535	618
535	639
535	648
535	653
535	672
535	675
535	678
535	731
536	138
536	549
536	554
536	631
536	644
536	660
536	666
536	674
536	684
536	686
536	693
536	715
537	39
537	98
537	164
537	575
537	588
537	634
537	672
537	680
537	691
537	692
537	697
538	526
538	593
538	610
538	613
538	643
538	650
538	655
538	673
538	689
538	696
538	758
538	984
539	60
539	265
539	578
539	594
539	621
539	649
539	659
539	661
539	665
539	681
539	691
539	693
540	117
540	175
540	552
540	557
540	607
540	626
540	635
540	667
540	690
540	696
540	697
540	981
541	195
541	567
541	580
541	616
541	647
541	656
541	662
541	664
541	675
541	678
541	682
541	818
542	604
542	612
542	617
542	618
542	635
542	639
542	653
542	663
542	678
542	694
542	702
542	804
543	150
543	456
543	545
543	575
543	621
543	631
543	668
543	675
543	676
543	684
543	693
543	695
544	365
544	523
544	636
544	651
544	658
544	666
544	670
544	671
544	677
544	686
544	695
544	827
545	266
545	460
545	501
545	503
545	543
545	564
545	583
545	639
545	648
545	663
545	678
545	697
546	137
546	602
546	644
546	645
546	654
546	667
546	686
546	688
546	691
546	697
546	796
546	942
547	476
547	576
547	592
547	636
547	644
547	655
547	657
547	662
547	669
547	689
547	745
547	805
548	180
548	487
548	619
548	629
548	635
548	643
548	664
548	680
548	688
548	690
548	697
548	997
549	31
549	287
549	474
549	536
549	567
549	580
549	612
549	646
549	647
549	656
549	664
549	693
550	171
550	477
550	527
550	556
550	576
550	623
550	667
550	680
550	681
550	692
550	696
550	784
551	525
551	530
551	534
551	614
551	657
551	675
551	682
551	684
551	688
551	694
551	969
551	978
552	366
552	493
552	509
552	533
552	540
552	596
552	601
552	633
552	643
552	645
552	685
552	736
552	829
553	66
553	563
553	590
553	594
553	608
553	641
553	672
553	688
553	690
553	691
553	696
553	697
553	980
554	72
554	481
554	511
554	536
554	622
554	630
554	636
554	659
554	661
554	665
554	677
554	681
554	911
555	401
555	522
555	600
555	650
555	658
555	660
555	668
555	670
555	684
555	693
555	695
555	820
555	839
556	476
556	492
556	531
556	550
556	626
556	629
556	653
556	654
556	672
556	691
556	696
556	697
556	826
557	123
557	479
557	505
557	516
557	540
557	634
557	654
557	683
557	686
557	691
557	696
557	697
557	838
558	63
558	400
558	565
558	593
558	605
558	649
558	659
558	660
558	661
558	664
558	665
558	677
558	681
559	396
559	586
559	600
559	630
559	651
559	660
559	667
559	671
559	676
559	690
559	693
559	695
559	925
560	158
560	267
560	450
560	602
560	640
560	655
560	680
560	685
560	690
560	691
560	692
560	696
560	697
561	166
561	434
561	489
561	524
561	529
561	577
561	579
561	605
561	661
561	662
561	672
561	677
561	681
562	448
562	453
562	468
562	619
562	644
562	659
562	666
562	671
562	676
562	686
562	693
562	694
562	695
563	159
563	223
563	553
563	565
563	573
563	626
563	653
563	667
563	673
563	680
563	690
563	691
563	692
563	931
564	441
564	502
564	519
564	521
564	535
564	545
564	603
564	608
564	648
564	651
564	677
564	678
564	815
564	820
565	154
565	351
565	513
565	519
565	558
565	563
565	606
565	621
565	622
565	661
565	665
565	677
565	681
565	961
566	22
566	499
566	631
566	635
566	638
566	644
566	660
566	666
566	671
566	684
566	686
566	693
566	894
566	967
567	410
567	475
567	510
567	512
567	541
567	549
567	597
567	615
567	624
567	640
567	650
567	656
567	664
567	675
568	110
568	417
568	437
568	613
568	621
568	636
568	649
568	659
568	661
568	665
568	677
568	681
568	683
568	691
569	142
569	194
569	497
569	517
569	580
569	589
569	624
569	640
569	647
569	652
569	664
569	696
569	697
569	943
570	20
570	335
570	498
570	502
570	610
570	615
570	650
570	657
570	683
570	684
570	685
570	687
570	694
570	836
571	115
571	471
571	645
571	650
571	655
571	662
571	673
571	676
571	679
571	683
571	685
571	690
571	694
571	801
572	119
572	203
572	307
572	502
572	520
572	615
572	624
572	641
572	646
572	652
572	664
572	675
572	687
572	694
573	231
573	334
573	380
573	563
573	609
573	611
573	615
573	623
573	642
573	672
573	688
573	690
573	692
573	696
574	198
574	479
574	494
574	589
574	590
574	607
574	609
574	613
574	614
574	633
574	669
574	673
574	683
574	689
574	773
575	385
575	511
575	537
575	543
575	584
575	585
575	666
575	671
575	673
575	684
575	686
575	693
575	695
575	701
575	720
576	142
576	250
576	412
576	547
576	550
576	590
576	591
576	611
576	628
576	651
576	678
576	680
576	690
576	692
576	696
577	96
577	201
577	335
577	504
577	534
577	561
577	626
577	637
577	663
577	673
577	682
577	683
577	685
577	687
577	689
578	161
578	539
578	593
578	596
578	621
578	649
578	659
578	661
578	665
578	676
578	677
578	681
578	683
578	754
578	834
579	310
579	322
579	561
579	587
579	594
579	605
579	621
579	636
579	657
579	660
579	661
579	665
579	677
579	681
579	979
580	70
580	155
580	198
580	517
580	541
580	549
580	569
580	616
580	641
580	646
580	654
580	656
580	661
580	675
580	683
581	181
581	187
581	582
581	600
581	648
581	662
581	668
581	670
581	674
581	676
581	686
581	693
581	695
581	696
581	958
582	188
582	192
582	452
582	513
582	581
582	600
582	648
582	651
582	658
582	660
582	676
582	684
582	686
582	692
582	693
582	695
583	314
583	361
583	390
583	470
583	516
583	545
583	600
583	628
583	632
583	635
583	688
583	690
583	691
583	692
583	696
583	697
584	197
584	364
584	575
584	596
584	600
584	644
584	666
584	668
584	670
584	674
584	679
584	686
584	687
584	689
584	695
584	816
585	521
585	575
585	588
585	651
585	656
585	668
585	672
585	676
585	684
585	686
585	687
585	693
585	695
585	748
585	830
585	891
586	173
586	287
586	411
586	559
586	620
586	623
586	626
586	629
586	635
586	667
586	671
586	688
586	690
586	692
586	696
586	697
587	480
587	505
587	579
587	611
587	613
587	629
587	642
587	654
587	672
587	690
587	691
587	692
587	696
587	697
587	911
587	971
588	121
588	397
588	537
588	585
588	629
588	640
588	651
588	660
588	666
588	668
588	670
588	676
588	679
588	686
588	695
588	960
589	305
589	403
589	532
589	569
589	574
589	615
589	616
589	624
589	627
589	641
589	646
589	652
589	656
589	675
589	676
589	988
590	200
590	494
590	553
590	574
590	576
590	625
590	673
590	680
590	690
590	691
590	692
590	696
590	697
590	755
590	823
590	841
591	317
591	421
591	518
591	576
591	634
591	659
591	667
591	688
591	690
591	691
591	692
591	694
591	695
591	696
591	697
591	785
592	201
592	477
592	483
592	495
592	509
592	547
592	597
592	627
592	645
592	662
592	669
592	679
592	692
592	694
592	697
592	889
593	164
593	448
593	524
593	538
593	558
593	578
593	606
593	611
593	622
593	649
593	659
593	665
593	677
593	678
593	681
593	840
594	138
594	437
594	528
594	539
594	553
594	579
594	602
594	606
594	621
594	627
594	649
594	659
594	661
594	665
594	677
594	681
594	998
595	57
595	463
595	507
595	607
595	610
595	623
595	625
595	637
595	642
595	661
595	673
595	679
595	682
595	683
595	694
595	913
595	953
596	115
596	116
596	552
596	578
596	584
596	602
596	630
596	632
596	658
596	660
596	671
596	674
596	676
596	684
596	686
596	695
596	945
597	316
597	320
597	369
597	451
597	567
597	592
597	612
597	619
597	633
597	643
597	645
597	655
597	679
597	682
597	687
597	689
597	694
598	4
598	159
598	172
598	430
598	508
598	520
598	522
598	601
598	609
598	611
598	613
598	614
598	655
598	657
598	682
598	683
598	690
599	196
599	512
599	609
599	619
599	627
599	634
599	637
599	657
599	668
599	669
599	673
599	674
599	679
599	685
599	689
599	790
599	976
600	198
600	292
600	472
600	555
600	559
600	581
600	582
600	583
600	584
600	660
600	666
600	668
600	669
600	682
600	684
600	693
600	970
601	514
601	534
601	552
601	598
601	645
601	655
601	671
601	673
601	679
601	683
601	685
601	686
601	687
601	694
601	942
601	966
601	995
602	94
602	169
602	297
602	516
602	517
602	546
602	560
602	594
602	596
602	626
602	635
602	667
602	672
602	683
602	688
602	691
602	696
603	140
603	164
603	459
603	472
603	499
603	523
603	564
603	604
603	620
603	634
603	639
603	648
603	653
603	659
603	663
603	678
603	689
603	695
604	188
604	416
604	428
604	496
604	498
604	500
604	504
604	523
604	533
604	542
604	603
604	617
604	618
604	623
604	648
604	653
604	655
604	663
605	558
605	561
605	579
605	606
605	609
605	622
605	636
605	643
605	655
605	661
605	665
605	677
605	681
605	688
605	724
605	757
605	964
605	992
606	1
606	107
606	410
606	504
606	524
606	565
606	593
606	594
606	605
606	628
606	649
606	659
606	661
606	665
606	666
606	677
606	681
606	694
607	131
607	446
607	453
607	502
607	507
607	540
607	574
607	595
607	609
607	635
607	637
607	648
607	669
607	682
607	683
607	685
607	687
607	694
607	826
608	139
608	383
608	411
608	499
608	501
608	521
608	526
608	533
608	553
608	564
608	617
608	620
608	639
608	647
608	648
608	663
608	674
608	678
608	694
609	127
609	530
609	573
609	574
609	598
609	599
609	605
609	607
609	610
609	621
609	643
609	645
609	655
609	665
609	682
609	683
609	694
609	947
609	998
610	382
610	402
610	489
610	538
610	570
610	595
610	609
610	615
610	633
610	645
610	647
610	653
610	659
610	662
610	679
610	685
610	687
610	694
610	764
611	90
611	270
611	440
611	449
611	493
611	531
611	573
611	576
611	587
611	593
611	598
611	628
611	667
611	672
611	680
611	688
611	690
611	691
611	692
612	442
612	499
612	521
612	533
612	542
612	549
612	597
612	618
612	620
612	630
612	639
612	648
612	653
612	663
612	678
612	680
612	721
612	772
612	841
613	327
613	458
613	538
613	568
613	574
613	587
613	598
613	637
613	643
613	654
613	662
613	669
613	683
613	685
613	689
613	693
613	694
613	984
613	989
614	155
614	282
614	482
614	501
614	518
614	522
614	551
614	574
614	598
614	633
614	637
614	662
614	673
614	679
614	683
614	687
614	689
614	690
614	693
614	992
615	129
615	181
615	204
615	510
615	515
615	520
615	567
615	570
615	572
615	573
615	589
615	610
615	616
615	646
615	647
615	656
615	664
615	669
615	675
615	873
616	336
616	366
616	508
616	541
616	580
616	589
616	615
616	640
616	641
616	646
616	647
616	652
616	656
616	662
616	664
616	668
616	673
616	690
616	711
616	778
617	220
617	452
617	481
617	500
617	503
617	519
617	521
617	542
617	604
617	608
617	618
617	648
617	653
617	654
617	663
617	674
617	678
617	682
617	697
617	983
618	284
618	498
618	523
618	535
618	542
618	604
618	612
618	617
618	620
618	622
618	648
618	653
618	657
618	663
618	669
618	675
618	678
618	818
618	972
618	985
619	288
619	302
619	362
619	496
619	505
619	548
619	562
619	597
619	599
619	625
619	629
619	632
619	658
619	666
619	668
619	676
619	684
619	686
619	695
619	800
620	477
620	500
620	521
620	533
620	586
620	603
620	608
620	612
620	618
620	622
620	635
620	639
620	641
620	648
620	653
620	663
620	666
620	678
620	799
620	805
620	947
621	227
621	236
621	507
621	528
621	539
621	543
621	565
621	568
621	578
621	579
621	594
621	609
621	622
621	649
621	659
621	665
621	672
621	677
621	681
621	982
621	994
622	31
622	183
622	200
622	435
622	462
622	554
622	565
622	593
622	605
622	618
622	620
622	621
622	636
622	649
622	659
622	661
622	665
622	670
622	677
622	678
622	681
623	166
623	436
623	531
623	550
623	573
623	586
623	595
623	604
623	628
623	633
623	642
623	654
623	667
623	672
623	678
623	680
623	690
623	696
623	697
623	923
623	963
624	217
624	312
624	411
624	514
624	515
624	567
624	569
624	572
624	589
624	630
624	631
624	640
624	641
624	645
624	646
624	647
624	656
624	664
624	666
624	675
624	785
625	28
625	155
625	226
625	466
625	496
625	590
625	595
625	619
625	630
625	631
625	658
625	665
625	670
625	674
625	676
625	684
625	686
625	692
625	693
625	695
625	810
626	134
626	534
626	540
626	556
626	563
626	577
626	586
626	602
626	640
626	642
626	667
626	668
626	669
626	672
626	680
626	688
626	691
626	692
626	697
626	770
626	905
626	948
627	245
627	416
627	430
627	589
627	592
627	594
627	599
627	633
627	637
627	648
627	650
627	658
627	669
627	673
627	679
627	682
627	685
627	687
627	689
627	693
627	694
627	919
628	202
628	276
628	357
628	506
628	576
628	583
628	606
628	611
628	623
628	634
628	654
628	667
628	674
628	680
628	687
628	688
628	689
628	690
628	691
628	693
628	697
628	822
629	340
629	453
629	464
629	548
629	556
629	586
629	587
629	588
629	619
629	637
629	642
629	654
629	667
629	680
629	688
629	689
629	690
629	691
629	694
629	696
629	697
629	933
630	43
630	92
630	500
630	554
630	559
630	596
630	612
630	624
630	625
630	631
630	632
630	658
630	670
630	671
630	674
630	676
630	686
630	692
630	693
630	695
630	937
630	946
631	78
631	197
631	233
631	305
631	494
631	527
631	536
631	543
631	566
631	624
631	625
631	630
631	632
631	638
631	649
631	651
631	668
631	674
631	679
631	684
631	686
631	695
632	32
632	41
632	166
632	583
632	596
632	619
632	630
632	631
632	637
632	658
632	666
632	667
632	668
632	674
632	676
632	678
632	684
632	686
632	691
632	693
632	695
632	836
632	845
633	315
633	426
633	502
633	552
633	574
633	597
633	610
633	614
633	623
633	627
633	645
633	657
633	663
633	669
633	673
633	676
633	683
633	685
633	688
633	690
633	694
633	852
633	969
634	364
634	385
634	516
634	537
634	557
634	591
634	599
634	603
634	628
634	646
634	662
634	672
634	680
634	687
634	688
634	690
634	691
634	692
634	696
634	697
634	919
634	990
634	993
635	44
635	98
635	494
635	515
635	540
635	542
635	548
635	566
635	583
635	586
635	602
635	607
635	620
635	642
635	672
635	680
635	688
635	690
635	691
635	692
635	696
635	821
635	853
636	321
636	438
636	462
636	513
636	516
636	524
636	528
636	544
636	547
636	554
636	568
636	579
636	605
636	622
636	659
636	661
636	665
636	677
636	681
636	683
636	688
636	991
636	992
637	216
637	303
637	476
637	509
637	530
637	577
637	595
637	599
637	607
637	613
637	614
637	627
637	629
637	632
637	645
637	662
637	682
637	683
637	684
637	689
637	694
637	695
637	705
637	732
638	283
638	362
638	527
638	531
638	566
638	631
638	651
638	652
638	656
638	658
638	662
638	666
638	670
638	671
638	674
638	675
638	676
638	684
638	686
638	693
638	695
638	699
638	897
638	997
639	272
639	289
639	464
639	498
639	500
639	525
639	526
639	533
639	535
639	542
639	545
639	603
639	608
639	612
639	620
639	648
639	653
639	663
639	671
639	678
639	686
639	694
639	718
639	722
640	81
640	295
640	326
640	403
640	447
640	508
640	514
640	515
640	517
640	520
640	560
640	567
640	569
640	588
640	616
640	624
640	626
640	641
640	646
640	652
640	656
640	658
640	675
640	696
641	262
641	508
641	510
641	511
641	532
641	553
641	572
641	580
641	589
641	616
641	620
641	624
641	640
641	646
641	647
641	652
641	655
641	656
641	675
641	681
641	819
641	922
641	963
641	978
642	459
642	473
642	484
642	493
642	495
642	573
642	587
642	595
642	623
642	626
642	629
642	635
642	654
642	664
642	669
642	672
642	680
642	684
642	688
642	690
642	691
642	692
642	696
642	749
643	46
643	187
643	258
643	320
643	497
643	507
643	523
643	538
643	548
643	552
643	597
643	605
643	609
643	613
643	655
643	662
643	669
643	673
643	677
643	679
643	681
643	682
643	689
643	694
643	829
644	77
644	144
644	192
644	416
644	517
644	536
644	546
644	547
644	562
644	566
644	584
644	651
644	658
644	660
644	666
644	668
644	670
644	671
644	674
644	684
644	686
644	691
644	693
644	697
644	825
645	83
645	348
645	497
645	546
645	552
645	571
645	592
645	597
645	601
645	609
645	610
645	624
645	633
645	637
645	649
645	650
645	663
645	673
645	679
645	683
645	685
645	695
645	841
645	931
645	970
646	156
646	190
646	473
646	517
646	532
646	549
646	572
646	580
646	589
646	615
646	616
646	624
646	634
646	640
646	641
646	652
646	653
646	656
646	664
646	665
646	675
646	682
646	695
646	850
646	939
647	445
647	456
647	463
647	483
647	511
647	514
647	517
647	532
647	541
647	549
647	569
647	608
647	610
647	615
647	616
647	624
647	641
647	652
647	656
647	664
647	675
647	684
647	690
647	697
647	827
648	74
648	481
648	499
648	501
648	535
648	545
648	564
648	581
648	582
648	603
648	604
648	607
648	608
648	612
648	617
648	618
648	620
648	627
648	639
648	653
648	663
648	678
648	696
648	727
648	819
648	860
649	49
649	376
649	482
649	528
649	529
649	539
649	558
649	568
649	578
649	593
649	594
649	606
649	621
649	622
649	631
649	645
649	654
649	659
649	661
649	665
649	674
649	677
649	679
649	681
649	714
649	764
650	120
650	333
650	525
650	530
650	538
650	555
650	567
650	570
650	571
650	627
650	645
650	652
650	656
650	657
650	662
650	673
650	679
650	682
650	685
650	687
650	689
650	694
650	696
650	805
650	936
650	995
651	103
651	187
651	363
651	394
651	505
651	544
651	559
651	564
651	576
651	582
651	585
651	588
651	631
651	638
651	644
651	658
651	670
651	671
651	674
651	677
651	682
651	686
651	691
651	693
651	695
651	708
651	976
652	184
652	279
652	396
652	458
652	508
652	510
652	511
652	514
652	515
652	532
652	569
652	572
652	589
652	616
652	638
652	640
652	641
652	646
652	647
652	650
652	656
652	664
652	669
652	675
652	693
652	697
652	766
653	142
653	202
653	395
653	501
653	503
653	521
653	523
653	526
653	535
653	542
653	556
653	563
653	603
653	604
653	610
653	612
653	617
653	618
653	620
653	639
653	646
653	648
653	663
653	678
653	697
653	839
653	988
654	145
654	180
654	452
654	500
654	546
654	556
654	557
654	580
654	587
654	613
654	617
654	623
654	628
654	629
654	642
654	649
654	667
654	672
654	680
654	683
654	688
654	690
654	691
654	692
654	696
654	697
654	767
654	968
654	996
655	5
655	27
655	187
655	352
655	492
655	509
655	538
655	547
655	560
655	571
655	597
655	598
655	601
655	604
655	605
655	609
655	641
655	643
655	657
655	670
655	673
655	679
655	682
655	687
655	689
655	692
655	694
655	916
655	924
656	167
656	221
656	244
656	511
656	518
656	520
656	532
656	541
656	549
656	567
656	580
656	585
656	589
656	615
656	616
656	624
656	638
656	640
656	641
656	646
656	647
656	650
656	652
656	660
656	664
656	675
656	688
656	774
656	839
657	113
657	329
657	363
657	446
657	492
657	530
657	547
657	551
657	570
657	579
657	598
657	599
657	618
657	633
657	650
657	655
657	669
657	673
657	674
657	679
657	682
657	683
657	685
657	686
657	687
657	694
657	695
657	696
657	884
657	950
658	7
658	84
658	200
658	255
658	462
658	467
658	494
658	544
658	555
658	582
658	596
658	619
658	625
658	627
658	630
658	632
658	638
658	640
658	644
658	651
658	670
658	671
658	674
658	676
658	684
658	687
658	689
658	693
658	695
658	696
659	6
659	45
659	71
659	298
659	513
659	524
659	539
659	554
659	558
659	562
659	568
659	578
659	591
659	593
659	594
659	603
659	606
659	610
659	621
659	622
659	636
659	649
659	661
659	664
659	665
659	677
659	681
659	689
659	766
659	801
660	154
660	362
660	522
660	527
660	530
660	536
660	555
660	558
660	559
660	566
660	579
660	582
660	588
660	596
660	600
660	644
660	656
660	666
660	670
660	671
660	676
660	682
660	684
660	686
660	693
660	695
660	774
660	939
660	957
660	975
661	283
661	383
661	431
661	479
661	496
661	513
661	520
661	529
661	539
661	554
661	558
661	561
661	565
661	568
661	578
661	579
661	580
661	594
661	595
661	605
661	606
661	622
661	636
661	649
661	659
661	665
661	671
661	677
661	681
661	685
661	814
661	990
662	120
662	133
662	150
662	280
662	522
662	525
662	541
662	547
662	561
662	571
662	581
662	592
662	610
662	613
662	614
662	616
662	634
662	637
662	638
662	643
662	650
662	672
662	673
662	679
662	682
662	683
662	685
662	687
662	689
662	694
662	815
662	956
663	73
663	87
663	340
663	457
663	467
663	498
663	499
663	500
663	501
663	503
663	519
663	523
663	542
663	545
663	577
663	603
663	604
663	608
663	612
663	617
663	618
663	620
663	633
663	639
663	645
663	648
663	653
663	670
663	673
663	677
663	678
663	797
664	264
664	334
664	394
664	499
664	508
664	510
664	511
664	514
664	515
664	520
664	541
664	548
664	549
664	558
664	567
664	569
664	572
664	615
664	616
664	624
664	642
664	646
664	647
664	652
664	656
664	659
664	675
664	686
664	690
664	716
664	911
664	994
665	35
665	309
665	350
665	390
665	440
665	529
665	539
665	554
665	558
665	565
665	568
665	578
665	579
665	593
665	594
665	605
665	606
665	609
665	621
665	622
665	625
665	636
665	646
665	649
665	659
665	661
665	677
665	679
665	681
665	685
665	696
665	867
666	47
666	199
666	212
666	230
666	237
666	474
666	510
666	527
666	532
666	536
666	544
666	562
666	566
666	575
666	584
666	588
666	600
666	606
666	619
666	620
666	624
666	632
666	638
666	644
666	660
666	670
666	671
666	674
666	681
666	683
666	686
666	693
666	695
667	80
667	148
667	267
667	339
667	376
667	498
667	506
667	518
667	540
667	546
667	550
667	559
667	563
667	586
667	591
667	602
667	611
667	623
667	626
667	628
667	629
667	632
667	654
667	672
667	676
667	688
667	689
667	690
667	695
667	696
667	697
667	842
667	971
668	36
668	454
668	457
668	466
668	528
668	543
668	555
668	581
668	584
668	585
668	588
668	599
668	600
668	616
668	619
668	626
668	631
668	632
668	644
668	670
668	671
668	673
668	674
668	675
668	676
668	681
668	684
668	686
668	691
668	693
668	797
668	846
668	847
669	157
669	161
669	292
669	398
669	468
669	493
669	507
669	512
669	547
669	574
669	592
669	599
669	600
669	607
669	613
669	615
669	618
669	626
669	627
669	633
669	642
669	643
669	652
669	657
669	673
669	679
669	681
669	682
669	683
669	687
669	689
669	694
669	717
669	809
670	82
670	165
670	170
670	270
670	298
670	390
670	497
670	505
670	506
670	508
670	527
670	544
670	555
670	581
670	584
670	588
670	622
670	625
670	630
670	638
670	644
670	651
670	655
670	658
670	660
670	663
670	666
670	668
670	674
670	676
670	684
670	693
670	695
670	697
670	915
671	300
671	437
671	471
671	486
671	496
671	505
671	544
671	559
671	562
671	566
671	575
671	586
671	596
671	601
671	630
671	638
671	639
671	644
671	651
671	658
671	660
671	661
671	666
671	668
671	674
671	676
671	680
671	684
671	685
671	686
671	687
671	693
671	695
671	799
671	929
671	981
672	207
672	263
672	395
672	494
672	532
672	535
672	537
672	553
672	556
672	561
672	573
672	585
672	587
672	602
672	611
672	621
672	623
672	626
672	634
672	635
672	642
672	654
672	662
672	667
672	675
672	680
672	688
672	690
672	691
672	692
672	696
672	697
672	746
672	842
672	948
672	987
673	372
673	444
673	502
673	507
673	509
673	513
673	538
673	563
673	571
673	574
673	575
673	577
673	590
673	595
673	599
673	601
673	614
673	616
673	627
673	633
673	643
673	645
673	650
673	655
673	657
673	662
673	663
673	668
673	669
673	683
673	687
673	689
673	779
673	885
673	973
673	988
673	994
674	173
674	181
674	182
674	435
674	463
674	481
674	496
674	505
674	533
674	536
674	581
674	584
674	596
674	599
674	608
674	617
674	625
674	628
674	630
674	631
674	632
674	638
674	644
674	649
674	651
674	657
674	658
674	666
674	668
674	670
674	671
674	676
674	681
674	684
674	686
674	693
674	710
675	70
675	84
675	176
675	332
675	343
675	402
675	485
675	508
675	510
675	511
675	514
675	515
675	517
675	520
675	532
675	535
675	541
675	543
675	551
675	567
675	572
675	580
675	589
675	615
675	618
675	624
675	638
675	640
675	641
675	646
675	647
675	652
675	656
675	664
675	668
675	672
675	692
676	127
676	202
676	225
676	291
676	386
676	409
676	510
676	515
676	543
676	559
676	562
676	571
676	578
676	581
676	582
676	585
676	588
676	589
676	596
676	619
676	625
676	630
676	632
676	633
676	638
676	658
676	660
676	667
676	668
676	670
676	671
676	674
676	682
676	684
676	693
676	695
676	937
676	965
677	110
677	256
677	301
677	341
677	455
677	457
677	488
677	490
677	524
677	528
677	529
677	531
677	544
677	554
677	558
677	561
677	564
677	565
677	568
677	578
677	579
677	593
677	594
677	605
677	606
677	621
677	622
677	636
677	643
677	649
677	651
677	659
677	661
677	663
677	665
677	680
677	681
677	688
678	180
678	185
678	473
678	487
678	498
678	499
678	500
678	501
678	503
678	509
678	519
678	521
678	526
678	533
678	535
678	541
678	542
678	545
678	564
678	576
678	593
678	603
678	608
678	612
678	617
678	618
678	620
678	622
678	623
678	632
678	639
678	648
678	653
678	663
678	692
678	819
678	991
678	1000
679	371
679	404
679	445
679	473
679	493
679	497
679	503
679	525
679	571
679	584
679	588
679	592
679	595
679	597
679	599
679	601
679	610
679	614
679	627
679	631
679	643
679	645
679	649
679	650
679	655
679	657
679	662
679	665
679	669
679	682
679	685
679	687
679	688
679	692
679	694
679	821
679	867
679	953
679	982
680	76
680	118
680	148
680	384
680	434
680	446
680	475
680	495
680	531
680	537
680	548
680	550
680	560
680	563
680	576
680	590
680	611
680	612
680	623
680	626
680	628
680	629
680	634
680	635
680	642
680	654
680	671
680	672
680	677
680	682
680	685
680	688
680	689
680	690
680	691
680	692
680	694
680	695
680	696
680	773
681	113
681	132
681	239
681	274
681	328
681	367
681	513
681	514
681	524
681	528
681	529
681	539
681	550
681	554
681	558
681	561
681	565
681	568
681	578
681	579
681	593
681	594
681	605
681	606
681	621
681	622
681	636
681	641
681	643
681	649
681	659
681	661
681	665
681	666
681	668
681	669
681	674
681	677
681	691
681	808
681	957
682	97
682	168
682	293
682	306
682	326
682	361
682	389
682	493
682	502
682	512
682	534
682	541
682	551
682	577
682	595
682	597
682	598
682	600
682	607
682	609
682	617
682	627
682	637
682	643
682	646
682	650
682	651
682	655
682	657
682	660
682	662
682	669
682	676
682	679
682	680
682	685
682	686
682	687
682	689
682	694
682	765
682	822
683	118
683	180
683	393
683	430
683	504
683	509
683	525
683	534
683	557
683	568
683	570
683	571
683	574
683	577
683	578
683	580
683	595
683	598
683	601
683	602
683	607
683	609
683	613
683	614
683	633
683	636
683	637
683	645
683	654
683	657
683	662
683	666
683	669
683	673
683	687
683	689
683	694
683	820
683	878
683	978
683	985
683	1000
684	50
684	176
684	201
684	268
684	455
684	482
684	495
684	496
684	505
684	519
684	529
684	536
684	543
684	551
684	555
684	566
684	570
684	575
684	582
684	585
684	596
684	600
684	619
684	625
684	631
684	632
684	637
684	638
684	642
684	644
684	647
684	658
684	660
684	668
684	670
684	671
684	674
684	676
684	691
684	695
684	849
684	896
684	899
685	97
685	149
685	177
685	199
685	491
685	493
685	497
685	504
685	507
685	512
685	522
685	552
685	560
685	570
685	571
685	577
685	599
685	601
685	607
685	610
685	613
685	627
685	633
685	645
685	650
685	657
685	661
685	662
685	665
685	671
685	679
685	680
685	682
685	687
685	688
685	689
685	693
685	694
685	697
685	879
685	903
685	944
685	992
686	124
686	395
686	492
686	527
686	536
686	544
686	546
686	557
686	562
686	566
686	575
686	581
686	582
686	584
686	585
686	588
686	596
686	601
686	619
686	625
686	630
686	631
686	632
686	638
686	639
686	644
686	651
686	657
686	660
686	664
686	666
686	668
686	671
686	674
686	682
686	693
686	695
686	745
686	808
686	817
686	852
686	875
686	983
687	182
687	296
687	423
687	476
687	492
687	493
687	504
687	512
687	522
687	525
687	570
687	572
687	577
687	584
687	585
687	597
687	601
687	607
687	610
687	614
687	627
687	628
687	634
687	650
687	655
687	657
687	658
687	662
687	669
687	671
687	673
687	679
687	682
687	683
687	685
687	689
687	691
687	692
687	694
687	781
687	820
687	828
687	945
687	997
688	163
688	437
688	455
688	468
688	486
688	490
688	495
688	506
688	516
688	546
688	548
688	551
688	553
688	573
688	583
688	586
688	591
688	602
688	605
688	611
688	626
688	628
688	629
688	633
688	634
688	635
688	636
688	642
688	654
688	656
688	667
688	672
688	677
688	679
688	680
688	685
688	691
688	692
688	695
688	696
688	697
688	763
688	802
688	994
689	341
689	476
689	492
689	497
689	501
689	504
689	512
689	525
689	534
689	538
689	547
689	574
689	577
689	584
689	597
689	599
689	603
689	613
689	614
689	627
689	628
689	629
689	637
689	643
689	650
689	655
689	658
689	659
689	662
689	667
689	669
689	673
689	680
689	682
689	683
689	685
689	687
689	694
689	806
689	837
689	905
689	964
689	974
689	991
689	992
690	250
690	288
690	423
690	441
690	472
690	495
690	509
690	518
690	540
690	548
690	553
690	559
690	560
690	563
690	571
690	573
690	576
690	583
690	586
690	587
690	590
690	591
690	598
690	611
690	614
690	616
690	623
690	628
690	629
690	633
690	634
690	635
690	642
690	647
690	654
690	664
690	667
690	672
690	680
690	691
690	692
690	697
690	791
690	851
690	896
690	910
690	993
691	38
691	67
691	152
691	219
691	261
691	360
691	405
691	456
691	506
691	512
691	537
691	539
691	546
691	553
691	556
691	557
691	560
691	563
691	568
691	583
691	587
691	590
691	591
691	602
691	611
691	626
691	628
691	629
691	632
691	634
691	635
691	642
691	644
691	651
691	654
691	668
691	672
691	680
691	681
691	684
691	687
691	688
691	690
691	692
691	696
691	697
691	750
692	143
692	257
692	384
692	394
692	424
692	474
692	480
692	494
692	495
692	506
692	518
692	531
692	537
692	550
692	560
692	563
692	573
692	576
692	582
692	583
692	586
692	587
692	590
692	591
692	592
692	611
692	625
692	626
692	630
692	634
692	635
692	642
692	654
692	655
692	672
692	675
692	678
692	679
692	680
692	687
692	688
692	690
692	691
692	696
692	697
692	819
692	946
692	999
693	3
693	198
693	242
693	429
693	431
693	523
693	527
693	531
693	536
693	539
693	543
693	549
693	555
693	559
693	562
693	566
693	575
693	581
693	582
693	585
693	600
693	613
693	614
693	625
693	627
693	628
693	630
693	632
693	638
693	644
693	651
693	652
693	658
693	660
693	666
693	668
693	670
693	671
693	674
693	676
693	685
693	686
693	695
693	788
693	835
693	844
693	853
693	913
694	182
694	184
694	191
694	194
694	201
694	313
694	410
694	460
694	471
694	492
694	504
694	530
694	542
694	551
694	562
694	570
694	571
694	572
694	591
694	592
694	595
694	597
694	601
694	606
694	607
694	608
694	609
694	610
694	613
694	627
694	629
694	633
694	637
694	639
694	643
694	650
694	655
694	657
694	662
694	669
694	679
694	680
694	682
694	683
694	685
694	687
694	689
694	726
695	48
695	137
695	330
695	375
695	482
695	488
695	496
695	506
695	543
695	544
695	555
695	559
695	562
695	575
695	581
695	582
695	584
695	585
695	588
695	591
695	596
695	603
695	619
695	625
695	630
695	631
695	632
695	637
695	638
695	645
695	646
695	651
695	657
695	658
695	660
695	666
695	667
695	670
695	671
695	676
695	680
695	684
695	686
695	688
695	693
695	790
695	868
695	987
695	993
696	127
696	169
696	337
696	399
696	477
696	495
696	506
696	518
696	521
696	538
696	540
696	550
696	553
696	556
696	557
696	560
696	569
696	573
696	576
696	581
696	583
696	586
696	587
696	590
696	591
696	602
696	623
696	629
696	634
696	635
696	640
696	642
696	648
696	650
696	654
696	657
696	658
696	665
696	667
696	672
696	680
696	688
696	691
696	692
696	697
696	717
696	746
696	853
696	940
696	957
697	30
697	165
697	229
697	369
697	425
697	456
697	474
697	491
697	494
697	516
697	518
697	531
697	537
697	540
697	545
697	546
697	548
697	553
697	556
697	557
697	560
697	569
697	583
697	586
697	587
697	590
697	591
697	592
697	617
697	623
697	626
697	628
697	629
697	634
697	644
697	647
697	652
697	653
697	654
697	667
697	670
697	672
697	685
697	688
697	690
697	691
697	692
697	696
697	809
697	893
698	323
698	461
698	725
698	791
698	805
698	826
698	830
698	840
698	850
698	851
699	247
699	638
699	814
699	820
699	828
699	836
699	839
699	841
699	842
699	843
700	211
700	470
700	740
700	748
700	755
700	771
700	785
700	825
700	844
700	849
701	352
701	575
701	713
701	726
701	756
701	799
701	825
701	834
701	835
701	836
702	251
702	542
702	809
702	828
702	831
702	841
702	842
702	843
702	846
702	853
703	196
703	707
703	799
703	811
703	825
703	834
703	835
703	836
703	849
703	966
704	173
704	733
704	735
704	764
704	792
704	819
704	847
704	851
704	852
704	999
705	133
705	637
705	762
705	763
705	766
705	784
705	811
705	846
705	848
705	852
706	169
706	271
706	714
706	777
706	793
706	796
706	810
706	839
706	845
706	850
707	121
707	703
707	773
707	816
707	817
707	821
707	833
707	845
707	850
707	924
708	93
708	651
708	717
708	776
708	807
708	810
708	844
708	847
708	851
708	853
709	60
709	319
709	754
709	795
709	802
709	813
709	818
709	830
709	841
709	842
709	843
710	214
710	424
710	674
710	760
710	815
710	824
710	826
710	829
710	846
710	848
710	852
711	616
711	789
711	802
711	820
711	826
711	828
711	841
711	842
711	843
711	847
711	949
712	13
712	58
712	800
712	813
712	826
712	827
712	832
712	844
712	845
712	847
712	849
713	157
713	701
713	729
713	766
713	773
713	778
713	815
713	834
713	835
713	836
713	954
714	649
714	706
714	746
714	810
714	817
714	822
714	839
714	840
714	845
714	850
714	962
715	536
715	739
715	747
715	782
715	799
715	811
715	834
715	835
715	836
715	852
715	864
716	153
716	194
716	664
716	792
716	794
716	817
716	822
716	839
716	842
716	845
716	850
717	669
717	696
717	708
717	798
717	801
717	812
717	830
717	832
717	844
717	847
717	849
718	464
718	639
718	748
718	749
718	778
718	780
718	813
718	819
718	822
718	826
718	853
719	173
719	446
719	484
719	739
719	803
719	808
719	818
719	827
719	838
719	846
719	848
720	395
720	575
720	755
720	807
720	810
720	824
720	833
720	839
720	845
720	850
720	999
721	238
721	612
721	747
721	763
721	773
721	808
721	810
721	827
721	848
721	852
721	853
722	141
722	639
722	733
722	802
722	803
722	814
722	828
722	831
722	841
722	842
722	843
723	420
723	486
723	500
723	781
723	816
723	817
723	821
723	822
723	839
723	845
723	846
723	850
724	125
724	455
724	605
724	748
724	809
724	818
724	819
724	828
724	841
724	842
724	843
724	844
725	197
725	408
725	698
725	759
725	775
725	792
725	795
725	818
725	828
725	841
725	842
725	843
726	694
726	701
726	743
726	757
726	773
726	798
726	823
726	824
726	838
726	843
726	846
726	986
727	314
727	420
727	648
727	731
727	734
727	774
727	782
727	825
727	826
727	834
727	835
727	836
728	192
728	757
728	760
728	792
728	794
728	796
728	798
728	829
728	848
728	852
728	932
728	941
729	429
729	478
729	526
729	713
729	741
729	756
729	811
729	819
729	825
729	832
729	834
729	836
730	169
730	488
730	530
730	763
730	780
730	793
730	794
730	822
730	833
730	839
730	845
730	850
731	130
731	535
731	727
731	736
731	774
731	799
731	806
731	818
731	825
731	834
731	835
731	839
732	379
732	438
732	637
732	747
732	762
732	765
732	769
732	822
732	838
732	845
732	848
732	852
733	163
733	224
733	286
733	704
733	722
733	770
733	776
733	805
733	813
733	831
733	832
733	837
734	172
734	475
734	727
734	767
734	780
734	801
734	819
734	821
734	830
734	837
734	851
734	853
735	119
735	467
735	470
735	704
735	740
735	776
735	804
735	824
735	838
735	840
735	851
735	853
736	248
736	552
736	731
736	744
736	750
736	778
736	811
736	827
736	835
736	836
736	837
736	846
737	740
737	748
737	766
737	780
737	819
737	826
737	829
737	836
737	847
737	851
737	906
737	965
738	145
738	332
738	477
738	742
738	754
738	772
738	788
738	800
738	844
738	845
738	849
738	851
739	56
739	294
739	715
739	719
739	765
739	778
739	782
739	787
739	806
739	825
739	834
739	835
739	836
740	159
740	700
740	735
740	737
740	762
740	764
740	795
740	796
740	840
740	850
740	853
740	865
740	989
741	513
741	729
741	768
741	777
741	806
741	811
741	825
741	834
741	835
741	836
741	848
741	926
741	959
742	172
742	474
742	738
742	795
742	805
742	814
742	820
742	828
742	831
742	841
742	842
742	843
742	851
743	451
743	726
743	766
743	781
743	810
743	815
743	826
743	838
743	846
743	848
743	849
743	852
743	972
744	107
744	461
744	736
744	755
744	767
744	782
744	787
744	799
744	811
744	834
744	835
744	836
744	997
745	547
745	686
745	758
745	783
745	794
745	817
745	821
745	822
745	833
745	846
745	850
745	853
745	990
746	479
746	672
746	696
746	714
746	761
746	810
746	812
746	816
746	821
746	833
746	839
746	845
746	848
746	850
747	58
747	188
747	278
747	715
747	721
747	732
747	778
747	792
747	803
747	826
747	838
747	846
747	848
747	852
748	190
748	585
748	700
748	718
748	724
748	737
748	753
748	791
748	835
748	844
748	849
748	850
748	853
748	919
749	34
749	131
749	642
749	718
749	759
749	763
749	781
749	786
749	788
749	832
749	837
749	840
749	844
749	851
750	245
750	691
750	736
750	774
750	787
750	806
750	811
750	825
750	827
750	834
750	835
750	836
750	838
750	992
751	141
751	337
751	765
751	790
751	809
751	814
751	818
751	828
751	831
751	841
751	842
751	843
751	852
751	980
752	260
752	282
752	344
752	763
752	785
752	786
752	796
752	805
752	813
752	816
752	824
752	830
752	840
752	844
753	67
753	407
753	475
753	748
753	761
753	788
753	800
753	801
753	807
753	841
753	844
753	847
753	849
753	853
754	408
754	463
754	578
754	709
754	738
754	789
754	791
754	793
754	797
754	809
754	831
754	841
754	842
754	843
755	24
755	257
755	590
755	700
755	720
755	744
755	770
755	786
755	798
755	804
755	837
755	847
755	849
755	853
756	453
756	701
756	729
756	773
756	781
756	808
756	815
756	822
756	824
756	829
756	838
756	846
756	848
756	923
756	991
757	252
757	432
757	605
757	726
757	728
757	796
757	812
757	815
757	818
757	824
757	838
757	842
757	846
757	848
757	852
758	409
758	485
758	538
758	745
758	767
758	802
758	806
758	810
758	816
758	817
758	829
758	833
758	839
758	845
758	850
759	107
759	136
759	469
759	725
759	749
759	769
759	814
759	818
759	820
759	828
759	831
759	840
759	841
759	842
759	843
760	86
760	183
760	402
760	710
760	728
760	767
760	807
760	810
760	817
760	822
760	833
760	839
760	842
760	845
760	850
761	239
761	460
761	746
761	753
761	780
761	801
761	819
761	830
761	831
761	836
761	837
761	847
761	849
761	853
761	989
762	56
762	333
762	705
762	732
762	740
762	765
762	808
762	821
762	824
762	827
762	829
762	846
762	851
762	852
762	917
763	437
763	688
763	705
763	721
763	730
763	749
763	752
763	815
763	827
763	829
763	836
763	838
763	846
763	848
763	852
763	968
764	526
764	610
764	649
764	704
764	740
764	768
764	806
764	813
764	814
764	817
764	830
764	832
764	840
764	843
764	844
764	849
765	94
765	462
765	682
765	732
765	739
765	751
765	762
765	766
765	783
765	788
765	812
765	815
765	838
765	840
765	848
765	852
766	652
766	659
766	705
766	713
766	737
766	743
766	765
766	781
766	790
766	808
766	823
766	827
766	829
766	838
766	846
766	982
767	464
767	654
767	734
767	744
767	758
767	760
767	784
767	792
767	810
767	821
767	822
767	833
767	839
767	845
767	850
767	958
768	23
768	321
768	370
768	741
768	764
768	779
768	786
768	788
768	803
768	832
768	837
768	844
768	847
768	851
768	853
768	923
769	167
769	279
769	376
769	732
769	759
769	777
769	783
769	798
769	812
769	819
769	827
769	829
769	832
769	846
769	848
769	896
770	1
770	137
770	408
770	626
770	733
770	755
770	780
770	791
770	798
770	800
770	826
770	829
770	831
770	837
770	851
770	853
771	193
771	200
771	451
771	700
771	779
771	793
771	804
771	807
771	813
771	816
771	821
771	822
771	833
771	839
771	845
771	850
772	312
772	390
772	612
772	738
772	780
772	783
772	791
772	801
772	813
772	825
772	826
772	832
772	837
772	847
772	849
772	850
772	853
773	574
773	680
773	707
773	713
773	721
773	726
773	756
773	781
773	803
773	824
773	827
773	834
773	846
773	849
773	852
773	917
773	940
774	57
774	146
774	656
774	660
774	727
774	731
774	750
774	778
774	786
774	799
774	806
774	825
774	830
774	834
774	835
774	836
774	853
775	99
775	151
775	725
775	785
775	801
775	820
775	824
775	830
775	832
775	840
775	844
775	847
775	851
775	852
775	853
775	892
775	951
776	87
776	124
776	185
776	708
776	733
776	735
776	779
776	805
776	814
776	819
776	827
776	840
776	847
776	849
776	850
776	851
776	853
777	101
777	195
777	384
777	486
777	706
777	741
777	769
777	780
777	781
777	785
777	792
777	798
777	812
777	823
777	824
777	846
777	848
777	852
778	97
778	313
778	616
778	713
778	718
778	736
778	739
778	747
778	774
778	782
778	787
778	805
778	806
778	811
778	816
778	825
778	834
778	835
778	836
779	418
779	488
779	673
779	768
779	771
779	776
779	784
779	793
779	794
779	807
779	816
779	821
779	822
779	834
779	839
779	841
779	845
779	850
779	959
780	135
780	307
780	718
780	730
780	734
780	737
780	761
780	770
780	772
780	777
780	801
780	813
780	816
780	833
780	837
780	844
780	847
780	853
780	915
781	275
781	446
781	687
781	723
781	743
781	749
781	756
781	766
781	773
781	777
781	783
781	813
781	823
781	824
781	843
781	846
781	848
781	852
781	910
782	172
782	179
782	335
782	375
782	715
782	727
782	739
782	744
782	778
782	787
782	793
782	802
782	806
782	809
782	825
782	828
782	834
782	835
782	836
783	116
783	183
783	276
783	346
783	745
783	765
783	769
783	772
783	781
783	793
783	798
783	803
783	812
783	827
783	829
783	832
783	838
783	848
783	852
784	168
784	206
784	281
784	550
784	705
784	767
784	779
784	794
784	807
784	816
784	817
784	821
784	830
784	833
784	839
784	843
784	845
784	847
784	850
785	353
785	591
785	624
785	700
785	752
785	775
785	777
785	792
785	796
785	801
785	807
785	830
785	832
785	837
785	842
785	847
785	849
785	853
785	905
786	16
786	188
786	749
786	752
786	755
786	768
786	774
786	796
786	817
786	826
786	830
786	831
786	832
786	840
786	844
786	847
786	851
786	852
786	996
787	75
787	95
787	173
787	306
787	739
787	744
787	750
787	778
787	782
787	795
787	799
787	804
787	806
787	811
787	825
787	834
787	835
787	836
787	848
787	851
788	208
788	444
788	513
788	693
788	738
788	749
788	753
788	765
788	768
788	804
788	805
788	817
788	819
788	832
788	833
788	837
788	841
788	847
788	849
788	851
789	393
789	444
789	518
789	711
789	754
789	790
789	797
789	802
789	809
789	820
789	824
789	828
789	829
789	831
789	834
789	841
789	842
789	843
789	848
789	943
790	375
790	465
790	599
790	695
790	751
790	766
790	789
790	795
790	797
790	809
790	814
790	818
790	820
790	824
790	831
790	841
790	842
790	843
790	845
790	849
791	154
791	328
791	426
791	690
791	698
791	748
791	754
791	770
791	772
791	804
791	805
791	814
791	817
791	835
791	837
791	840
791	844
791	849
791	850
791	851
791	853
792	234
792	355
792	479
792	486
792	704
792	716
792	725
792	728
792	747
792	767
792	777
792	785
792	812
792	815
792	823
792	824
792	827
792	838
792	846
792	848
792	852
793	92
793	159
793	186
793	278
793	706
793	730
793	754
793	771
793	779
793	782
793	783
793	807
793	816
793	817
793	821
793	822
793	833
793	839
793	845
793	848
793	850
794	272
794	480
794	483
794	716
794	728
794	730
794	745
794	779
794	784
794	800
794	805
794	806
794	807
794	810
794	816
794	822
794	833
794	839
794	845
794	850
794	921
795	149
795	451
795	453
795	709
795	725
795	740
795	742
795	787
795	790
795	797
795	814
795	818
795	820
795	828
795	830
795	831
795	840
795	841
795	842
795	843
795	856
796	95
796	183
796	421
796	546
796	706
796	728
796	740
796	752
796	757
796	785
796	786
796	800
796	804
796	825
796	830
796	832
796	837
796	841
796	847
796	849
796	853
797	473
797	663
797	668
797	754
797	789
797	790
797	795
797	802
797	809
797	817
797	818
797	820
797	828
797	831
797	835
797	841
797	842
797	843
797	844
797	851
797	885
797	985
798	101
798	123
798	286
798	387
798	717
798	726
798	728
798	755
798	769
798	770
798	777
798	783
798	803
798	808
798	820
798	823
798	824
798	826
798	829
798	838
798	846
798	852
799	63
799	374
799	620
799	671
799	701
799	703
799	715
799	731
799	744
799	774
799	787
799	806
799	808
799	811
799	820
799	825
799	834
799	835
799	836
799	837
799	840
799	853
800	174
800	304
800	437
800	619
800	712
800	738
800	753
800	770
800	794
800	796
800	804
800	805
800	809
800	811
800	837
800	840
800	844
800	846
800	847
800	849
800	853
800	881
801	171
801	571
801	659
801	717
801	734
801	753
801	761
801	772
801	775
801	780
801	785
801	803
801	815
801	826
801	827
801	828
801	830
801	840
801	844
801	849
801	851
801	921
802	206
802	418
802	461
802	688
802	709
802	711
802	722
802	758
802	782
802	789
802	797
802	809
802	814
802	818
802	819
802	820
802	828
802	831
802	841
802	842
802	843
802	849
803	134
803	277
803	300
803	429
803	478
803	719
803	722
803	747
803	768
803	773
803	783
803	798
803	801
803	808
803	812
803	815
803	821
803	823
803	824
803	827
803	829
803	848
803	852
804	52
804	413
804	488
804	542
804	735
804	755
804	771
804	787
804	788
804	791
804	796
804	800
804	815
804	819
804	826
804	830
804	832
804	837
804	840
804	844
804	849
804	852
804	853
805	473
805	547
805	620
805	650
805	698
805	733
805	742
805	752
805	776
805	778
805	788
805	791
805	794
805	800
805	810
805	818
805	826
805	830
805	832
805	837
805	840
805	851
805	853
806	299
806	439
806	689
806	731
806	739
806	741
806	750
806	758
806	764
806	774
806	778
806	782
806	787
806	794
806	799
806	811
806	825
806	834
806	835
806	836
806	839
806	853
806	869
807	189
807	406
807	524
807	708
807	720
807	753
807	760
807	771
807	779
807	784
807	785
807	793
807	794
807	810
807	816
807	821
807	832
807	833
807	839
807	843
807	845
807	850
807	861
807	992
808	107
808	173
808	465
808	681
808	686
808	719
808	721
808	756
808	762
808	766
808	798
808	799
808	803
808	812
808	815
808	823
808	824
808	829
808	837
808	838
808	839
808	842
808	844
808	852
809	184
809	669
809	697
809	702
809	724
809	751
809	754
809	782
809	789
809	790
809	797
809	800
809	802
809	814
809	818
809	820
809	831
809	838
809	839
809	840
809	841
809	842
809	843
809	974
809	980
810	14
810	343
810	386
810	484
810	625
810	706
810	708
810	714
810	720
810	721
810	743
810	746
810	758
810	760
810	767
810	794
810	805
810	807
810	816
810	822
810	833
810	839
810	845
810	847
810	850
811	322
811	484
811	486
811	703
811	705
811	715
811	729
811	736
811	741
811	744
811	750
811	778
811	787
811	799
811	800
811	806
811	825
811	832
811	834
811	835
811	836
811	844
811	845
811	932
811	963
812	456
812	487
812	717
812	746
812	757
812	765
812	769
812	777
812	783
812	792
812	803
812	808
812	813
812	815
812	819
812	823
812	827
812	829
812	838
812	840
812	846
812	848
812	914
812	927
812	999
813	79
813	127
813	160
813	468
813	496
813	709
813	712
813	718
813	733
813	752
813	764
813	771
813	772
813	780
813	781
813	812
813	819
813	826
813	832
813	833
813	837
813	844
813	847
813	849
813	850
813	851
813	853
814	17
814	47
814	186
814	273
814	333
814	661
814	699
814	722
814	742
814	751
814	759
814	764
814	776
814	790
814	791
814	795
814	802
814	809
814	818
814	820
814	828
814	831
814	841
814	842
814	843
814	848
814	849
815	180
815	324
815	353
815	442
815	564
815	662
815	710
815	713
815	743
815	756
815	757
815	763
815	765
815	792
815	801
815	803
815	804
815	808
815	812
815	817
815	823
815	827
815	837
815	838
815	846
815	848
815	852
816	178
816	201
816	328
816	411
816	482
816	584
816	707
816	723
816	746
816	752
816	758
816	771
816	778
816	779
816	780
816	784
816	793
816	794
816	807
816	810
816	817
816	821
816	825
816	833
816	845
816	847
816	850
817	146
817	196
817	241
817	445
817	457
817	686
817	707
817	714
817	716
817	723
817	745
817	758
817	760
817	764
817	784
817	786
817	788
817	791
817	793
817	797
817	815
817	816
817	821
817	822
817	833
817	839
817	845
817	850
818	70
818	263
818	304
818	474
818	541
818	618
818	709
818	719
818	724
818	725
818	731
818	751
818	757
818	759
818	790
818	795
818	797
818	802
818	805
818	809
818	814
818	820
818	828
818	831
818	835
818	841
818	842
818	843
819	159
819	641
819	648
819	678
819	692
819	704
819	718
819	724
819	729
819	734
819	737
819	761
819	769
819	776
819	788
819	802
819	804
819	812
819	813
819	826
819	830
819	837
819	840
819	849
819	850
819	851
819	853
819	999
820	135
820	555
820	564
820	683
820	687
820	699
820	711
820	742
820	759
820	775
820	789
820	790
820	795
820	797
820	798
820	799
820	802
820	809
820	814
820	818
820	821
820	823
820	828
820	831
820	841
820	842
820	843
820	844
821	78
821	371
821	466
821	479
821	635
821	679
821	707
821	723
821	734
821	745
821	746
821	762
821	767
821	771
821	779
821	784
821	793
821	803
821	807
821	816
821	817
821	820
821	822
821	833
821	839
821	845
821	846
821	850
822	248
822	374
822	439
822	454
822	628
822	682
822	714
822	716
822	718
822	723
822	730
822	732
822	745
822	756
822	760
822	767
822	771
822	779
822	793
822	794
822	810
822	817
822	821
822	833
822	838
822	839
822	845
822	850
822	851
823	166
823	175
823	198
823	485
823	590
823	726
823	766
823	777
823	781
823	792
823	798
823	803
823	808
823	812
823	815
823	820
823	824
823	827
823	829
823	830
823	835
823	836
823	838
823	841
823	846
823	848
823	852
823	853
823	964
824	120
824	350
824	391
824	401
824	415
824	710
824	720
824	726
824	735
824	752
824	756
824	757
824	762
824	773
824	775
824	777
824	781
824	789
824	790
824	792
824	798
824	803
824	808
824	823
824	827
824	838
824	846
824	847
824	848
824	852
824	898
825	42
825	150
825	177
825	434
825	485
825	644
825	700
825	701
825	703
825	727
825	729
825	731
825	739
825	741
825	750
825	772
825	774
825	778
825	782
825	787
825	796
825	799
825	806
825	811
825	816
825	826
825	834
825	835
825	836
825	841
825	982
826	359
826	512
826	556
826	607
826	698
826	710
826	711
826	712
826	718
826	727
826	737
826	743
826	747
826	770
826	772
826	786
826	798
826	801
826	804
826	805
826	813
826	819
826	825
826	830
826	832
826	837
826	844
826	851
826	853
826	953
826	998
827	174
827	254
827	421
827	499
827	544
827	647
827	712
827	719
827	721
827	736
827	750
827	762
827	763
827	766
827	769
827	773
827	776
827	783
827	792
827	801
827	803
827	812
827	815
827	823
827	824
827	829
827	833
827	838
827	846
827	848
827	852
827	970
828	134
828	427
828	442
828	487
828	687
828	699
828	702
828	711
828	722
828	724
828	725
828	742
828	751
828	759
828	782
828	789
828	795
828	797
828	801
828	802
828	814
828	818
828	820
828	831
828	838
828	841
828	842
828	843
828	850
828	851
828	852
828	977
829	193
829	399
829	417
829	431
829	478
829	552
829	643
829	710
829	728
829	737
829	756
829	758
829	762
829	763
829	766
829	769
829	770
829	783
829	789
829	798
829	803
829	808
829	812
829	823
829	827
829	832
829	833
829	836
829	838
829	846
829	848
829	852
830	286
830	354
830	454
830	484
830	491
830	585
830	698
830	709
830	717
830	734
830	752
830	761
830	764
830	774
830	775
830	784
830	785
830	786
830	795
830	796
830	801
830	804
830	805
830	819
830	823
830	826
830	835
830	840
830	844
830	847
830	849
830	851
830	908
831	100
831	183
831	195
831	211
831	338
831	702
831	722
831	733
831	742
831	751
831	754
831	759
831	761
831	770
831	786
831	789
831	790
831	795
831	797
831	802
831	809
831	814
831	818
831	820
831	828
831	835
831	841
831	842
831	843
831	849
831	852
831	945
831	998
832	176
832	318
832	382
832	418
832	522
832	712
832	717
832	729
832	733
832	749
832	764
832	768
832	769
832	772
832	775
832	783
832	785
832	786
832	788
832	796
832	804
832	805
832	807
832	811
832	813
832	826
832	829
832	840
832	845
832	847
832	851
832	853
832	928
832	948
833	69
833	128
833	130
833	174
833	201
833	251
833	406
833	707
833	720
833	730
833	745
833	746
833	758
833	760
833	767
833	771
833	780
833	784
833	788
833	793
833	794
833	807
833	810
833	813
833	816
833	817
833	821
833	822
833	827
833	829
833	837
833	839
833	845
833	850
833	853
834	252
834	346
834	413
834	473
834	479
834	487
834	578
834	701
834	703
834	713
834	715
834	727
834	729
834	731
834	739
834	741
834	744
834	750
834	773
834	774
834	778
834	779
834	782
834	787
834	789
834	799
834	806
834	811
834	825
834	835
834	836
834	837
834	838
834	842
834	849
835	158
835	163
835	185
835	207
835	225
835	693
835	701
835	703
835	713
835	715
835	727
835	731
835	736
835	739
835	741
835	744
835	748
835	750
835	774
835	778
835	782
835	787
835	791
835	797
835	799
835	806
835	811
835	818
835	823
835	825
835	830
835	831
835	834
835	836
835	864
836	108
836	296
836	378
836	407
836	433
836	533
836	570
836	632
836	699
836	701
836	703
836	713
836	715
836	727
836	729
836	736
836	737
836	739
836	741
836	744
836	750
836	761
836	763
836	774
836	778
836	782
836	787
836	799
836	806
836	811
836	823
836	825
836	829
836	834
836	835
836	839
837	169
837	189
837	442
837	458
837	689
837	733
837	734
837	736
837	749
837	755
837	761
837	768
837	770
837	772
837	780
837	785
837	788
837	791
837	796
837	799
837	800
837	804
837	805
837	808
837	813
837	815
837	819
837	826
837	833
837	834
837	840
837	845
837	849
837	851
837	912
837	916
838	53
838	118
838	205
838	351
838	557
838	719
838	726
838	732
838	735
838	743
838	747
838	750
838	756
838	757
838	763
838	765
838	766
838	783
838	792
838	798
838	808
838	809
838	812
838	815
838	822
838	823
838	824
838	827
838	828
838	829
838	834
838	844
838	846
838	852
838	897
838	995
839	129
839	377
839	435
839	555
839	653
839	656
839	699
839	706
839	714
839	716
839	720
839	723
839	730
839	731
839	746
839	758
839	760
839	767
839	771
839	779
839	784
839	793
839	794
839	806
839	807
839	808
839	809
839	810
839	817
839	821
839	822
839	833
839	836
839	845
839	847
839	850
839	1000
840	58
840	161
840	310
840	318
840	357
840	413
840	593
840	698
840	714
840	735
840	740
840	749
840	752
840	759
840	764
840	765
840	775
840	776
840	786
840	791
840	795
840	799
840	800
840	801
840	804
840	805
840	809
840	812
840	819
840	830
840	832
840	837
840	844
840	846
840	847
840	849
840	851
840	853
841	156
841	240
841	400
841	428
841	471
841	590
841	612
841	645
841	699
841	702
841	709
841	711
841	722
841	724
841	725
841	742
841	751
841	753
841	754
841	759
841	779
841	788
841	789
841	790
841	795
841	796
841	797
841	802
841	809
841	814
841	818
841	820
841	823
841	825
841	828
841	831
841	842
841	843
841	851
842	53
842	160
842	168
842	387
842	457
842	667
842	672
842	699
842	702
842	709
842	711
842	716
842	722
842	724
842	725
842	742
842	751
842	754
842	757
842	759
842	760
842	785
842	789
842	790
842	795
842	797
842	802
842	808
842	809
842	814
842	818
842	820
842	828
842	831
842	834
842	841
842	843
842	844
842	853
842	993
843	14
843	194
843	273
843	309
843	436
843	479
843	699
843	702
843	709
843	711
843	722
843	724
843	725
843	726
843	742
843	751
843	754
843	759
843	764
843	781
843	784
843	789
843	790
843	795
843	797
843	802
843	807
843	809
843	814
843	818
843	820
843	828
843	831
843	841
843	842
843	849
843	851
843	853
843	890
843	941
844	131
844	148
844	162
844	226
844	351
844	489
844	693
844	700
844	708
844	712
844	717
844	724
844	738
844	748
844	749
844	752
844	753
844	764
844	768
844	775
844	780
844	786
844	791
844	797
844	800
844	801
844	804
844	808
844	811
844	813
844	820
844	826
844	830
844	838
844	840
844	842
844	847
844	848
844	851
844	853
844	971
845	118
845	193
845	221
845	461
845	476
845	632
845	706
845	707
845	712
845	714
845	716
845	720
845	723
845	730
845	732
845	738
845	746
845	758
845	760
845	767
845	771
845	779
845	784
845	790
845	793
845	794
845	807
845	810
845	811
845	816
845	817
845	821
845	822
845	832
845	833
845	837
845	839
845	848
845	850
845	959
845	984
846	61
846	182
846	201
846	472
846	475
846	668
846	702
846	705
846	710
846	719
846	723
846	726
846	736
846	743
846	745
846	747
846	756
846	757
846	762
846	763
846	766
846	769
846	773
846	777
846	781
846	792
846	798
846	800
846	812
846	815
846	821
846	823
846	824
846	827
846	829
846	838
846	840
846	848
846	851
846	852
846	880
846	1000
847	133
847	193
847	197
847	296
847	478
847	668
847	704
847	708
847	711
847	712
847	717
847	737
847	753
847	755
847	761
847	768
847	772
847	775
847	776
847	780
847	784
847	785
847	786
847	788
847	796
847	800
847	810
847	813
847	816
847	824
847	830
847	832
847	839
847	840
847	844
847	848
847	849
847	852
847	853
847	965
847	966
847	993
848	113
848	227
848	354
848	367
848	376
848	419
848	469
848	488
848	705
848	710
848	719
848	721
848	728
848	732
848	741
848	743
848	746
848	747
848	756
848	757
848	763
848	765
848	769
848	777
848	781
848	783
848	787
848	789
848	792
848	793
848	803
848	812
848	814
848	815
848	823
848	824
848	827
848	829
848	844
848	845
848	846
848	847
848	852
848	988
849	42
849	86
849	205
849	379
849	414
849	483
849	684
849	700
849	703
849	712
849	717
849	738
849	743
849	748
849	753
849	755
849	761
849	764
849	772
849	773
849	776
849	785
849	788
849	790
849	791
849	796
849	800
849	801
849	802
849	804
849	813
849	814
849	819
849	830
849	831
849	834
849	837
849	840
849	843
849	847
849	851
849	853
849	973
849	991
850	140
850	146
850	163
850	164
850	303
850	497
850	646
850	698
850	706
850	707
850	714
850	716
850	720
850	723
850	730
850	740
850	745
850	746
850	748
850	758
850	760
850	767
850	771
850	772
850	776
850	779
850	784
850	791
850	793
850	794
850	807
850	810
850	813
850	816
850	817
850	819
850	821
850	822
850	828
850	833
850	839
850	845
850	909
850	958
851	78
851	126
851	186
851	449
851	458
851	690
851	698
851	704
851	708
851	734
851	735
851	737
851	738
851	742
851	749
851	762
851	768
851	770
851	775
851	776
851	786
851	787
851	788
851	791
851	797
851	801
851	805
851	813
851	819
851	822
851	826
851	828
851	830
851	832
851	837
851	840
851	841
851	843
851	844
851	846
851	849
851	853
851	885
851	951
851	983
852	114
852	166
852	167
852	389
852	450
852	633
852	686
852	704
852	705
852	710
852	715
852	721
852	728
852	732
852	743
852	747
852	751
852	757
852	762
852	763
852	765
852	773
852	775
852	777
852	781
852	783
852	786
852	792
852	798
852	803
852	804
852	808
852	815
852	823
852	824
852	827
852	828
852	829
852	831
852	838
852	846
852	847
852	848
852	863
852	892
853	112
853	289
853	365
853	477
853	483
853	635
853	693
853	696
853	702
853	708
853	718
853	721
853	734
853	735
853	740
853	745
853	748
853	753
853	755
853	761
853	768
853	770
853	772
853	774
853	775
853	776
853	780
853	785
853	791
853	796
853	799
853	800
853	804
853	805
853	806
853	813
853	819
853	823
853	826
853	832
853	833
853	840
853	842
853	843
853	844
853	847
853	849
853	851
853	918
853	952
854	111
854	392
854	874
854	902
854	938
854	939
854	948
854	981
854	991
854	992
855	76
855	153
855	962
855	977
855	980
855	983
855	987
855	990
855	995
855	996
856	347
856	795
856	899
856	907
856	946
856	950
856	964
856	974
856	980
856	990
857	51
857	471
857	868
857	880
857	955
857	982
857	988
857	989
857	994
857	997
858	404
858	463
858	908
858	915
858	942
858	964
858	967
858	970
858	980
858	992
859	402
859	447
859	881
859	890
859	944
859	972
859	984
859	986
859	988
859	999
860	453
860	648
860	887
860	898
860	908
860	910
860	969
860	973
860	981
860	991
861	254
861	807
861	916
861	931
861	935
861	979
861	983
861	989
861	994
861	997
862	177
862	202
862	907
862	947
862	956
862	974
862	981
862	991
862	992
862	997
863	287
863	852
863	983
863	985
863	987
863	991
863	993
863	995
863	996
863	998
864	715
864	835
864	883
864	927
864	935
864	975
864	982
864	988
864	994
864	997
865	393
865	740
865	914
865	922
865	923
865	956
865	987
865	993
865	995
865	996
866	410
866	449
866	937
866	949
866	975
866	983
866	987
866	993
866	995
866	996
867	665
867	679
867	943
867	964
867	976
867	979
867	989
867	994
867	997
867	998
868	404
868	695
868	857
868	959
868	971
868	989
868	994
868	995
868	997
868	998
869	222
869	806
869	942
869	965
869	974
869	977
869	993
869	995
869	996
869	998
870	519
870	520
870	901
870	906
870	917
870	971
870	975
870	976
870	989
870	990
870	998
871	143
871	144
871	262
871	889
871	898
871	931
871	950
871	971
871	982
871	988
871	998
872	105
872	416
872	894
872	918
872	944
872	955
872	960
872	964
872	969
872	972
872	1000
873	465
873	615
873	946
873	947
873	949
873	965
873	977
873	979
873	987
873	995
873	996
874	397
874	465
874	480
874	854
874	882
874	961
874	975
874	982
874	994
874	997
874	998
875	242
875	686
875	890
875	908
875	910
875	937
875	939
875	948
875	954
875	983
875	992
876	375
876	419
876	947
876	983
876	985
876	986
876	987
876	989
876	993
876	995
876	996
877	184
877	235
877	886
877	946
877	960
877	963
877	985
877	986
877	993
877	995
877	1000
878	83
878	683
878	896
878	905
878	941
878	945
878	950
878	960
878	968
878	986
878	992
879	442
879	685
879	930
879	960
879	971
879	972
879	976
879	979
879	989
879	994
879	997
880	453
880	846
880	857
880	888
880	897
880	922
880	941
880	955
880	957
880	984
880	986
880	999
881	467
881	469
881	800
881	859
881	938
881	957
881	961
881	970
881	972
881	981
881	990
881	999
882	169
882	408
882	874
882	929
882	950
882	951
882	953
882	954
882	964
882	969
882	973
882	998
883	41
883	337
883	864
883	927
883	932
883	940
883	941
883	960
883	966
883	968
883	986
883	1000
884	428
884	657
884	896
884	905
884	906
884	925
884	941
884	947
884	957
884	961
884	984
884	990
885	673
885	797
885	851
885	903
885	962
885	983
885	985
885	987
885	988
885	993
885	995
885	996
886	358
886	406
886	877
886	895
886	936
886	947
886	954
886	963
886	977
886	986
886	993
886	996
887	40
887	197
887	860
887	901
887	919
887	938
887	959
887	960
887	972
887	978
887	999
887	1000
888	175
888	200
888	423
888	880
888	891
888	935
888	961
888	966
888	976
888	988
888	997
888	998
889	291
889	482
889	592
889	871
889	913
889	929
889	949
889	988
889	992
889	994
889	997
889	998
890	170
890	843
890	859
890	875
890	907
890	956
890	967
890	973
890	974
890	991
890	992
890	996
891	413
891	466
891	585
891	888
891	932
891	952
891	958
891	964
891	967
891	971
891	991
891	992
892	775
892	852
892	943
892	959
892	968
892	970
892	972
892	977
892	983
892	990
892	999
892	1000
893	111
893	422
893	697
893	896
893	944
893	959
893	968
893	978
893	990
893	992
893	995
893	1000
894	430
894	498
894	566
894	872
894	970
894	972
894	978
894	989
894	990
894	993
894	999
894	1000
895	57
895	201
895	886
895	906
895	945
895	948
895	950
895	964
895	967
895	969
895	974
895	987
895	992
896	684
896	690
896	769
896	878
896	884
896	893
896	906
896	944
896	945
896	960
896	978
896	982
896	984
897	638
897	838
897	880
897	939
897	940
897	951
897	952
897	954
897	980
897	981
897	991
897	992
897	996
898	181
898	483
898	824
898	860
898	871
898	920
898	922
898	955
898	960
898	984
898	986
898	999
898	1000
899	377
899	684
899	856
899	904
899	919
899	954
899	956
899	958
899	960
899	969
899	973
899	991
899	992
900	162
900	394
900	434
900	918
900	926
900	958
900	967
900	973
900	978
900	980
900	985
900	991
900	992
901	158
901	193
901	870
901	887
901	951
901	969
901	971
901	976
901	982
901	988
901	994
901	997
901	998
902	471
902	482
902	490
902	854
902	907
902	908
902	920
902	924
902	951
902	958
902	964
902	967
902	991
902	992
903	15
903	478
903	685
903	885
903	920
903	961
903	966
903	971
903	975
903	981
903	982
903	994
903	997
903	998
904	378
904	409
904	521
904	899
904	934
904	945
904	951
904	953
904	958
904	980
904	981
904	991
904	992
904	998
905	626
905	689
905	785
905	878
905	884
905	909
905	927
905	943
905	953
905	957
905	986
905	990
905	999
905	1000
906	114
906	407
906	737
906	870
906	884
906	895
906	896
906	920
906	935
906	960
906	970
906	978
906	986
906	999
907	55
907	198
907	371
907	856
907	862
907	890
907	902
907	942
907	945
907	952
907	969
907	980
907	985
907	996
908	91
908	440
908	830
908	858
908	860
908	875
908	902
908	915
908	958
908	963
908	974
908	983
908	992
908	999
909	80
909	483
909	850
909	905
909	949
909	953
909	975
909	977
909	979
909	982
909	988
909	994
909	997
909	998
910	177
910	690
910	781
910	860
910	875
910	940
910	958
910	967
910	969
910	973
910	974
910	985
910	988
910	992
911	554
911	587
911	664
911	915
911	944
911	945
911	955
911	959
911	970
911	978
911	984
911	986
911	989
911	1000
912	126
912	259
912	837
912	933
912	936
912	942
912	963
912	965
912	983
912	984
912	985
912	993
912	995
912	996
913	64
913	595
913	693
913	889
913	914
913	931
913	942
913	944
913	949
913	975
913	976
913	988
913	994
913	997
913	998
914	98
914	295
914	812
914	865
914	913
914	942
914	962
914	983
914	985
914	987
914	990
914	993
914	995
914	996
914	1000
915	109
915	670
915	780
915	858
915	908
915	911
915	929
915	945
915	948
915	959
915	964
915	967
915	973
915	991
915	996
916	63
916	655
916	837
916	861
916	941
916	958
916	968
916	972
916	974
916	978
916	984
916	986
916	990
916	999
916	1000
917	161
917	762
917	773
917	870
917	937
917	944
917	962
917	966
917	975
917	979
917	982
917	988
917	989
917	997
917	998
918	396
918	470
918	853
918	872
918	900
918	940
918	944
918	960
918	968
918	970
918	981
918	990
918	993
918	999
918	1000
919	627
919	634
919	748
919	887
919	899
919	934
919	937
919	942
919	962
919	965
919	972
919	978
919	985
919	993
919	995
919	996
920	22
920	37
920	172
920	378
920	898
920	902
920	903
920	906
920	930
920	943
920	955
920	959
920	984
920	986
920	990
920	1000
921	160
921	794
921	801
921	922
921	925
921	943
921	946
921	949
921	950
921	957
921	959
921	972
921	984
921	990
921	999
921	1000
922	189
922	232
922	641
922	865
922	880
922	898
922	921
922	932
922	954
922	965
922	977
922	978
922	984
922	986
922	990
922	1000
923	486
923	623
923	756
923	768
923	865
923	942
923	952
923	965
923	973
923	982
923	983
923	985
923	987
923	993
923	995
923	996
924	161
924	655
924	707
924	902
924	930
924	935
924	949
924	954
924	976
924	979
924	988
924	989
924	993
924	994
924	997
924	998
925	61
925	115
925	559
925	884
925	921
925	926
925	932
925	939
925	940
925	955
925	960
925	970
925	987
925	990
925	999
925	1000
926	277
926	349
926	741
926	900
926	925
926	929
926	936
926	953
926	954
926	958
926	967
926	974
926	981
926	984
926	991
926	992
927	196
927	282
927	812
927	864
927	883
927	905
927	941
927	944
927	972
927	978
927	984
927	985
927	990
927	992
927	999
927	1000
928	10
928	474
928	484
928	832
928	937
928	963
928	965
928	976
928	977
928	983
928	984
928	985
928	987
928	993
928	995
928	996
928	997
929	108
929	218
929	671
929	882
929	889
929	915
929	926
929	939
929	951
929	952
929	954
929	969
929	979
929	980
929	981
929	986
929	992
930	34
930	411
930	478
930	879
930	920
930	924
930	948
930	949
930	971
930	979
930	980
930	982
930	988
930	989
930	994
930	997
930	998
931	529
931	563
931	645
931	861
931	871
931	913
931	933
931	961
931	968
931	975
931	982
931	988
931	989
931	994
931	997
931	998
931	999
932	165
932	409
932	728
932	811
932	883
932	891
932	922
932	925
932	933
932	940
932	943
932	955
932	962
932	978
932	990
932	999
932	1000
933	186
933	330
933	418
933	629
933	912
933	931
933	932
933	961
933	966
933	969
933	971
933	976
933	989
933	991
933	994
933	997
933	998
934	43
934	157
934	181
934	458
934	904
934	919
934	936
934	941
934	960
934	962
934	965
934	977
934	983
934	987
934	993
934	995
934	996
934	997
935	128
935	202
935	476
935	477
935	861
935	864
935	888
935	906
935	924
935	961
935	979
935	982
935	985
935	988
935	989
935	994
935	998
935	999
936	196
936	443
936	454
936	650
936	886
936	912
936	926
936	934
936	947
936	965
936	977
936	983
936	984
936	985
936	993
936	994
936	995
936	996
937	489
937	630
937	676
937	866
937	875
937	917
937	919
937	928
937	962
937	963
937	971
937	972
937	977
937	985
937	987
937	993
937	995
937	996
938	32
938	365
938	489
938	854
938	881
938	887
938	940
938	941
938	960
938	968
938	982
938	984
938	986
938	990
938	993
938	998
938	999
938	1000
939	448
939	646
939	660
939	854
939	875
939	897
939	925
939	929
939	951
939	954
939	956
939	960
939	963
939	964
939	969
939	973
939	974
939	977
939	992
940	164
940	189
940	696
940	773
940	883
940	897
940	910
940	918
940	925
940	932
940	938
940	941
940	944
940	968
940	970
940	984
940	990
940	994
940	1000
941	106
941	444
941	728
941	843
941	878
941	880
941	883
941	884
941	916
941	927
941	934
941	938
941	940
941	964
941	968
941	991
941	997
941	999
941	1000
942	243
942	303
942	546
942	601
942	858
942	869
942	907
942	912
942	913
942	914
942	919
942	923
942	963
942	977
942	985
942	987
942	989
942	993
942	995
942	996
943	415
943	465
943	569
943	789
943	867
943	892
943	905
943	920
943	921
943	932
943	959
943	968
943	970
943	973
943	980
943	986
943	990
943	994
943	999
943	1000
944	74
944	432
944	480
944	685
944	859
944	872
944	893
944	896
944	911
944	913
944	917
944	918
944	927
944	940
944	957
944	968
944	972
944	978
944	989
944	990
944	997
945	358
945	596
945	687
945	831
945	878
945	895
945	896
945	904
945	907
945	911
945	915
945	951
945	956
945	964
945	969
945	973
945	974
945	980
945	981
945	991
945	996
946	317
946	325
946	481
946	630
946	692
946	856
946	873
946	877
946	921
946	962
946	963
946	965
946	970
946	977
946	983
946	985
946	987
946	988
946	993
946	995
946	996
947	15
947	470
947	609
947	620
947	862
947	873
947	876
947	884
947	886
947	936
947	956
947	962
947	963
947	965
947	979
947	983
947	985
947	987
947	993
947	995
947	996
948	217
948	441
948	626
948	672
948	832
948	854
948	875
948	895
948	915
948	930
948	950
948	956
948	963
948	964
948	969
948	973
948	974
948	980
948	981
948	992
948	996
948	998
949	198
949	515
949	529
949	711
949	866
949	873
949	889
949	909
949	913
949	921
949	924
949	930
949	961
949	966
949	974
949	975
949	976
949	979
949	989
949	994
949	997
949	998
950	52
950	105
950	350
950	657
950	856
950	871
950	878
950	882
950	895
950	921
950	948
950	951
950	952
950	953
950	954
950	967
950	973
950	974
950	981
950	992
950	995
950	997
951	426
951	481
951	496
951	775
951	851
951	882
951	897
951	901
951	902
951	904
951	929
951	939
951	945
951	950
951	952
951	956
951	971
951	973
951	977
951	980
951	982
951	991
952	104
952	178
952	208
952	268
952	853
952	891
952	897
952	907
952	923
952	929
952	950
952	951
952	953
952	954
952	957
952	962
952	967
952	980
952	981
952	984
952	991
952	992
953	18
953	88
953	595
953	679
953	826
953	882
953	904
953	905
953	909
953	926
953	950
953	952
953	958
953	964
953	966
953	969
953	973
953	974
953	980
953	991
953	992
953	995
953	999
954	26
954	191
954	491
954	506
954	713
954	875
954	882
954	886
954	897
954	899
954	922
954	924
954	926
954	929
954	939
954	950
954	952
954	964
954	969
954	981
954	991
954	992
954	999
955	308
955	459
955	460
955	487
955	857
955	872
955	880
955	898
955	911
955	920
955	925
955	932
955	959
955	961
955	970
955	972
955	973
955	984
955	986
955	987
955	991
955	999
955	1000
956	106
956	447
956	475
956	481
956	662
956	862
956	865
956	890
956	899
956	939
956	945
956	947
956	948
956	951
956	964
956	967
956	969
956	974
956	980
956	981
956	991
956	993
956	998
957	125
957	485
957	660
957	681
957	696
957	880
957	881
957	884
957	905
957	921
957	944
957	952
957	960
957	968
957	972
957	978
957	984
957	986
957	988
957	994
957	995
957	996
957	999
957	1000
958	356
958	532
958	581
958	767
958	850
958	891
958	899
958	900
958	902
958	904
958	908
958	910
958	916
958	926
958	953
958	967
958	969
958	971
958	972
958	973
958	974
958	980
958	992
958	1000
959	258
959	425
959	741
959	779
959	845
959	868
959	887
959	892
959	893
959	911
959	915
959	920
959	921
959	943
959	955
959	961
959	968
959	969
959	970
959	972
959	986
959	987
959	999
959	1000
960	33
960	199
960	397
960	448
960	588
960	872
960	877
960	878
960	879
960	883
960	887
960	896
960	898
960	899
960	906
960	918
960	925
960	934
960	938
960	939
960	957
960	970
960	972
960	978
960	986
961	179
961	388
961	422
961	439
961	565
961	874
961	881
961	884
961	888
961	903
961	931
961	933
961	935
961	949
961	955
961	959
961	966
961	971
961	975
961	976
961	979
961	982
961	989
961	995
961	998
962	54
962	284
962	441
962	447
962	714
962	855
962	885
962	914
962	917
962	919
962	932
962	934
962	937
962	946
962	947
962	952
962	963
962	964
962	977
962	982
962	983
962	985
962	987
962	993
962	995
962	996
963	77
963	185
963	623
963	641
963	811
963	877
963	886
963	908
963	912
963	928
963	937
963	939
963	942
963	946
963	947
963	948
963	962
963	965
963	976
963	977
963	982
963	983
963	985
963	987
963	993
963	995
963	996
964	198
964	444
964	605
964	689
964	823
964	856
964	858
964	867
964	872
964	882
964	891
964	895
964	902
964	915
964	939
964	941
964	945
964	948
964	953
964	954
964	956
964	962
964	969
964	978
964	980
964	981
964	991
965	285
965	459
965	474
965	676
965	737
965	847
965	869
965	873
965	912
965	919
965	922
965	923
965	928
965	934
965	936
965	946
965	947
965	963
965	977
965	983
965	984
965	985
965	987
965	990
965	993
965	995
965	998
965	999
966	198
966	368
966	489
966	601
966	703
966	847
966	883
966	888
966	903
966	917
966	933
966	949
966	953
966	961
966	971
966	974
966	975
966	976
966	979
966	982
966	986
966	988
966	989
966	991
966	994
966	995
966	997
966	998
967	143
967	216
967	299
967	319
967	414
967	566
967	858
967	890
967	891
967	895
967	900
967	902
967	910
967	915
967	926
967	950
967	952
967	956
967	958
967	968
967	969
967	972
967	978
967	979
967	980
967	981
967	990
967	991
967	992
968	104
968	186
968	387
968	654
968	763
968	878
968	883
968	892
968	893
968	916
968	918
968	931
968	938
968	940
968	941
968	943
968	944
968	957
968	959
968	967
968	973
968	978
968	979
968	982
968	984
968	985
968	986
968	990
968	999
969	106
969	427
969	462
969	551
969	633
969	860
969	872
969	882
969	895
969	899
969	901
969	907
969	910
969	929
969	933
969	939
969	945
969	948
969	953
969	954
969	956
969	958
969	959
969	964
969	967
969	973
969	987
969	991
969	995
970	202
970	331
970	425
970	600
970	645
970	827
970	858
970	881
970	892
970	894
970	906
970	911
970	918
970	925
970	940
970	943
970	946
970	955
970	959
970	960
970	975
970	978
970	984
970	986
970	989
970	990
970	992
970	994
970	999
971	310
971	342
971	364
971	587
971	667
971	844
971	868
971	870
971	871
971	879
971	891
971	901
971	903
971	930
971	933
971	937
971	951
971	958
971	961
971	966
971	976
971	979
971	981
971	982
971	988
971	989
971	994
971	997
971	998
971	999
972	79
972	174
972	407
972	446
972	618
972	743
972	859
972	872
972	879
972	881
972	887
972	892
972	894
972	916
972	919
972	921
972	927
972	937
972	944
972	955
972	957
972	958
972	959
972	960
972	967
972	978
972	984
972	988
972	999
972	1000
973	66
973	167
973	195
973	483
973	673
973	849
973	860
973	882
973	890
973	899
973	900
973	910
973	915
973	923
973	939
973	943
973	945
973	948
973	950
973	951
973	953
973	955
973	958
973	968
973	969
973	974
973	981
973	985
973	990
973	991
974	196
974	345
974	450
974	480
974	689
974	809
974	856
974	862
974	869
974	890
974	895
974	908
974	910
974	916
974	926
974	939
974	945
974	948
974	949
974	950
974	953
974	956
974	958
974	966
974	973
974	980
974	981
974	984
974	991
974	997
975	24
975	128
975	464
975	471
975	510
975	660
975	864
975	866
975	870
975	874
975	903
975	909
975	913
975	917
975	931
975	949
975	961
975	966
975	970
975	976
975	979
975	982
975	983
975	988
975	989
975	992
975	993
975	994
975	995
975	997
975	998
976	291
976	401
976	473
976	521
976	599
976	651
976	867
976	870
976	879
976	888
976	901
976	913
976	924
976	928
976	933
976	949
976	961
976	963
976	966
976	971
976	975
976	977
976	979
976	980
976	982
976	988
976	989
976	991
976	994
976	996
976	997
976	998
977	85
977	203
977	373
977	464
977	488
977	828
977	855
977	869
977	873
977	886
977	892
977	909
977	922
977	928
977	934
977	936
977	937
977	939
977	942
977	946
977	951
977	962
977	963
977	965
977	976
977	981
977	983
977	985
977	987
977	993
977	995
977	996
978	194
978	278
978	339
978	551
978	641
978	683
978	887
978	893
978	894
978	896
978	900
978	906
978	911
978	916
978	919
978	922
978	927
978	932
978	944
978	957
978	960
978	964
978	967
978	968
978	970
978	972
978	984
978	987
978	990
978	998
978	999
978	1000
979	5
979	73
979	316
979	427
979	436
979	579
979	861
979	867
979	873
979	879
979	909
979	917
979	924
979	929
979	930
979	935
979	947
979	949
979	961
979	966
979	967
979	968
979	971
979	975
979	976
979	982
979	988
979	989
979	994
979	997
979	998
979	1000
980	96
980	168
980	309
980	382
980	553
980	751
980	809
980	855
980	856
980	858
980	897
980	900
980	904
980	907
980	929
980	930
980	943
980	945
980	948
980	951
980	952
980	953
980	956
980	958
980	964
980	967
980	974
980	976
980	981
980	991
980	992
980	999
980	1000
981	114
981	359
981	406
981	431
981	489
981	540
981	671
981	854
981	860
981	862
981	881
981	897
981	903
981	904
981	918
981	926
981	929
981	945
981	948
981	950
981	952
981	954
981	956
981	964
981	967
981	971
981	973
981	974
981	977
981	980
981	987
981	991
981	992
981	1000
982	138
982	182
982	478
982	621
982	679
982	766
982	825
982	857
982	864
982	871
982	874
982	896
982	901
982	903
982	909
982	917
982	923
982	930
982	931
982	935
982	938
982	951
982	961
982	962
982	963
982	966
982	968
982	971
982	975
982	976
982	979
982	988
982	989
982	994
982	997
982	998
982	1000
983	66
983	175
983	347
983	358
983	466
983	617
983	686
983	851
983	855
983	861
983	863
983	866
983	875
983	876
983	885
983	892
983	908
983	912
983	914
983	923
983	928
983	934
983	936
983	946
983	947
983	962
983	963
983	965
983	975
983	977
983	985
983	986
983	991
983	993
983	994
983	995
983	996
984	142
984	200
984	228
984	346
984	466
984	538
984	613
984	845
984	859
984	880
984	884
984	896
984	898
984	911
984	912
984	916
984	920
984	921
984	922
984	926
984	927
984	928
984	936
984	938
984	940
984	952
984	955
984	957
984	965
984	968
984	970
984	972
984	974
984	978
984	986
984	990
984	999
984	1000
985	122
985	290
985	315
985	416
985	618
985	683
985	797
985	863
985	876
985	877
985	885
985	900
985	907
985	910
985	912
985	914
985	919
985	923
985	927
985	928
985	935
985	936
985	937
985	942
985	946
985	947
985	962
985	963
985	965
985	968
985	973
985	977
985	983
985	987
985	988
985	993
985	995
985	996
986	220
986	279
986	313
986	455
986	462
986	463
986	493
986	726
986	859
986	876
986	877
986	878
986	880
986	883
986	886
986	898
986	905
986	906
986	911
986	916
986	920
986	922
986	929
986	938
986	943
986	955
986	957
986	959
986	960
986	966
986	968
986	970
986	983
986	984
986	990
986	992
986	999
986	1000
987	101
987	228
987	290
987	415
987	443
987	672
987	695
987	855
987	863
987	865
987	866
987	873
987	876
987	885
987	895
987	914
987	923
987	925
987	928
987	934
987	937
987	942
987	946
987	947
987	955
987	959
987	962
987	963
987	965
987	969
987	977
987	978
987	981
987	985
987	993
987	994
987	995
987	996
988	125
988	373
988	420
988	589
988	653
988	673
988	848
988	857
988	859
988	864
988	871
988	885
988	888
988	889
988	901
988	909
988	910
988	913
988	917
988	924
988	930
988	931
988	935
988	946
988	957
988	966
988	971
988	972
988	975
988	976
988	979
988	982
988	985
988	989
988	993
988	994
988	997
988	998
989	137
989	155
989	212
989	213
989	305
989	318
989	613
989	740
989	761
989	857
989	861
989	867
989	868
989	870
989	876
989	879
989	894
989	911
989	917
989	924
989	930
989	931
989	933
989	935
989	942
989	944
989	949
989	961
989	966
989	970
989	971
989	975
989	976
989	979
989	982
989	988
989	991
989	992
989	994
989	997
989	998
990	35
990	141
990	186
990	321
990	386
990	634
990	661
990	745
990	855
990	856
990	870
990	881
990	884
990	892
990	893
990	894
990	905
990	914
990	916
990	918
990	920
990	921
990	922
990	925
990	927
990	932
990	938
990	940
990	943
990	944
990	965
990	967
990	968
990	970
990	973
990	978
990	984
990	986
990	993
990	997
990	999
990	1000
991	174
991	203
991	307
991	415
991	636
991	678
991	689
991	756
991	849
991	854
991	860
991	862
991	863
991	890
991	891
991	897
991	899
991	900
991	902
991	904
991	915
991	926
991	933
991	941
991	945
991	951
991	952
991	953
991	954
991	955
991	956
991	964
991	966
991	967
991	969
991	973
991	974
991	976
991	980
991	981
991	983
991	989
991	992
992	53
992	415
992	605
992	614
992	636
992	685
992	689
992	750
992	807
992	854
992	858
992	862
992	875
992	878
992	889
992	890
992	891
992	893
992	895
992	897
992	899
992	900
992	902
992	904
992	908
992	910
992	926
992	927
992	929
992	939
992	948
992	950
992	952
992	953
992	954
992	958
992	967
992	970
992	975
992	980
992	981
992	986
992	989
992	991
992	1000
993	454
993	457
993	485
993	531
993	634
993	690
993	695
993	842
993	847
993	863
993	865
993	866
993	869
993	876
993	877
993	885
993	886
993	894
993	912
993	914
993	918
993	919
993	923
993	924
993	928
993	934
993	936
993	937
993	938
993	942
993	946
993	947
993	956
993	962
993	963
993	965
993	975
993	977
993	983
993	985
993	987
993	988
993	990
993	995
993	996
993	997
994	76
994	166
994	170
994	440
994	450
994	467
994	621
994	664
994	673
994	688
994	857
994	861
994	864
994	867
994	868
994	874
994	879
994	889
994	901
994	903
994	909
994	913
994	924
994	930
994	931
994	933
994	935
994	936
994	940
994	943
994	949
994	957
994	966
994	970
994	971
994	975
994	976
994	979
994	982
994	983
994	987
994	988
994	989
994	996
994	997
994	998
994	1000
995	160
995	191
995	469
995	470
995	507
995	509
995	601
995	650
995	838
995	855
995	863
995	865
995	866
995	868
995	869
995	873
995	876
995	877
995	885
995	893
995	912
995	914
995	919
995	923
995	928
995	934
995	936
995	937
995	942
995	946
995	947
995	950
995	953
995	957
995	961
995	962
995	963
995	965
995	966
995	969
995	975
995	977
995	983
995	985
995	987
995	993
995	996
995	999
996	72
996	100
996	129
996	176
996	311
996	352
996	461
996	468
996	654
996	786
996	855
996	863
996	865
996	866
996	869
996	873
996	876
996	885
996	886
996	890
996	897
996	907
996	912
996	914
996	915
996	919
996	923
996	928
996	934
996	936
996	937
996	942
996	945
996	946
996	947
996	948
996	957
996	962
996	963
996	976
996	977
996	983
996	985
996	987
996	993
996	994
996	995
996	999
997	59
997	322
997	455
997	459
997	460
997	467
997	548
997	638
997	687
997	744
997	857
997	861
997	862
997	864
997	867
997	868
997	874
997	879
997	888
997	889
997	901
997	903
997	909
997	913
997	917
997	924
997	928
997	930
997	931
997	933
997	934
997	941
997	944
997	949
997	950
997	966
997	971
997	974
997	975
997	976
997	979
997	982
997	988
997	989
997	990
997	993
997	994
997	998
998	102
998	125
998	163
998	186
998	338
998	465
998	594
998	609
998	826
998	831
998	863
998	867
998	868
998	869
998	870
998	871
998	874
998	882
998	888
998	889
998	901
998	903
998	904
998	909
998	913
998	917
998	924
998	930
998	931
998	933
998	935
998	938
998	948
998	949
998	956
998	961
998	965
998	966
998	971
998	975
998	976
998	978
998	979
998	982
998	988
998	989
998	994
998	997
998	1000
999	82
999	248
999	404
999	419
999	464
999	692
999	704
999	720
999	812
999	819
999	859
999	880
999	881
999	887
999	892
999	894
999	898
999	905
999	906
999	908
999	916
999	918
999	921
999	925
999	927
999	931
999	932
999	935
999	938
999	941
999	943
999	953
999	954
999	955
999	957
999	959
999	965
999	968
999	970
999	971
999	972
999	978
999	980
999	984
999	986
999	990
999	995
999	996
999	1000
1000	158
1000	246
1000	269
1000	362
1000	372
1000	398
1000	678
1000	683
1000	839
1000	846
1000	872
1000	877
1000	883
1000	887
1000	892
1000	893
1000	894
1000	898
1000	905
1000	911
1000	914
1000	916
1000	918
1000	920
1000	921
1000	922
1000	925
1000	927
1000	932
1000	938
1000	940
1000	941
1000	943
1000	955
1000	957
1000	958
1000	959
1000	972
1000	978
1000	979
1000	980
1000	981
1000	982
1000	984
1000	986
1000	990
1000	992
1000	994
1000	998
1000	999
