1	50
1	67
1	78
1	82
1	126
1	135
1	163
1	176
1	197
1	326
2	60
2	63
2	111
2	122
2	138
2	145
2	163
2	167
2	813
2	865
3	14
3	44
3	63
3	119
3	127
3	128
3	145
3	184
3	559
3	802
4	92
4	101
4	148
4	151
4	162
4	167
4	182
4	366
4	921
5	18
5	72
5	73
5	98
5	106
5	110
5	123
5	147
5	540
5	954
6	13
6	46
6	96
6	156
6	158
6	160
6	183
6	184
6	892
6	918
7	41
7	77
7	109
7	119
7	131
7	140
7	180
7	183
7	635
7	742
8	71
8	80
8	97
8	170
8	173
8	181
8	182
8	184
8	733
8	821
9	53
9	74
9	115
9	123
9	133
9	150
9	154
9	176
9	513
9	754
10	33
10	78
10	111
10	145
10	147
10	150
10	163
10	177
10	205
10	882
11	20
11	25
11	44
11	61
11	104
11	123
11	137
11	182
11	502
11	905
12	21
12	27
12	46
12	68
12	140
12	166
12	168
12	179
12	289
12	339
13	6
13	49
13	56
13	100
13	129
13	142
13	162
13	164
13	333
13	627
14	3
14	16
14	61
14	86
14	124
14	165
14	174
14	179
14	421
14	810
15	42
15	50
15	54
15	86
15	125
15	167
15	181
15	184
15	282
15	708
16	14
16	59
16	88
16	105
16	130
16	149
16	176
16	178
16	454
16	662
17	104
17	115
17	138
17	140
17	143
17	173
17	181
17	182
17	488
17	746
18	5
18	22
18	118
18	149
18	159
18	161
18	171
18	183
18	829
18	894
19	94
19	159
19	166
19	167
19	173
19	176
19	181
19	184
19	270
19	403
20	11
20	96
20	106
20	111
20	145
20	165
20	173
20	180
20	271
20	692
21	12
21	37
21	50
21	52
21	81
21	151
21	154
21	170
21	495
21	599
22	18
22	39
22	43
22	82
22	88
22	120
22	154
22	162
22	910
22	975
23	24
23	54
23	62
23	79
23	120
23	133
23	134
23	156
23	175
23	442
23	886
24	23
24	60
24	72
24	97
24	102
24	112
24	154
24	169
24	172
24	555
24	981
25	11
25	62
25	68
25	139
25	151
25	156
25	167
25	175
25	179
25	289
25	753
26	41
26	91
26	111
26	116
26	121
26	174
26	175
26	177
26	179
26	366
26	432
27	12
27	39
27	55
27	88
27	93
27	139
27	146
27	152
27	153
27	625
27	674
28	41
28	66
28	106
28	114
28	122
28	146
28	147
28	163
28	177
28	287
28	544
29	93
29	148
29	151
29	156
29	157
29	171
29	178
29	180
29	183
29	751
29	963
30	33
30	45
30	62
30	69
30	70
30	148
30	165
30	170
30	184
30	332
30	949
31	46
31	56
31	67
31	77
31	99
31	104
31	129
31	146
31	153
31	251
31	992
32	71
32	85
32	107
32	130
32	155
32	170
32	172
32	180
32	184
32	613
32	953
33	10
33	30
33	86
33	90
33	107
33	114
33	151
33	179
33	182
33	682
33	977
34	69
34	87
34	106
34	121
34	155
34	165
34	173
34	177
34	529
34	875
34	906
35	36
35	39
35	62
35	76
35	114
35	129
35	144
35	149
35	170
35	747
35	764
36	35
36	70
36	75
36	115
36	133
36	136
36	139
36	153
36	154
36	702
36	728
37	21
37	66
37	69
37	126
37	152
37	154
37	162
37	163
37	166
37	169
37	713
37	760
38	95
38	104
38	130
38	134
38	143
38	150
38	166
38	178
38	180
38	737
38	761
38	914
39	22
39	27
39	35
39	65
39	102
39	144
39	157
39	160
39	172
39	180
39	572
39	723
40	74
40	87
40	121
40	129
40	132
40	153
40	165
40	174
40	177
40	285
40	520
40	610
41	7
41	26
41	28
41	98
41	105
41	123
41	147
41	163
41	170
41	372
41	447
41	1000
42	15
42	57
42	84
42	88
42	89
42	129
42	167
42	170
42	181
42	326
42	451
42	665
43	22
43	73
43	77
43	115
43	119
43	138
43	144
43	155
43	167
43	173
43	365
43	899
44	3
44	11
44	109
44	124
44	147
44	155
44	168
44	177
44	184
44	347
44	933
44	979
45	30
45	81
45	92
45	110
45	133
45	146
45	164
45	166
45	177
45	181
45	757
45	980
46	6
46	12
46	31
46	87
46	95
46	140
46	149
46	157
46	179
46	183
46	589
46	746
47	52
47	61
47	94
47	100
47	129
47	139
47	153
47	182
47	184
47	467
47	543
47	570
48	63
48	103
48	122
48	137
48	162
48	163
48	165
48	168
48	175
48	176
48	724
48	781
49	13
49	58
49	65
49	116
49	122
49	137
49	152
49	169
49	175
49	503
49	734
49	775
50	1
50	15
50	21
50	83
50	90
50	110
50	159
50	177
50	180
50	182
50	375
50	985
51	83
51	107
51	120
51	141
51	144
51	161
51	167
51	173
51	181
51	184
51	714
51	992
52	21
52	47
52	79
52	115
52	119
52	132
52	146
52	148
52	152
52	184
52	422
52	1000
53	9
53	54
53	95
53	124
53	139
53	143
53	157
53	180
53	183
53	564
53	706
53	975
54	15
54	23
54	53
54	108
54	120
54	125
54	132
54	134
54	157
54	178
54	902
54	976
55	27
55	56
55	59
55	80
55	96
55	118
55	134
55	136
55	145
55	149
55	297
55	642
56	13
56	31
56	55
56	75
56	84
56	113
56	129
56	130
56	139
56	152
56	175
56	199
56	569
57	42
57	63
57	85
57	105
57	115
57	138
57	142
57	150
57	172
57	184
57	506
57	560
57	825
58	49
58	93
58	97
58	127
58	135
58	147
58	149
58	150
58	162
58	171
58	176
58	458
58	708
59	16
59	55
59	79
59	114
59	134
59	152
59	162
59	168
59	178
59	181
59	183
59	451
59	736
60	2
60	24
60	133
60	136
60	150
60	154
60	163
60	166
60	169
60	175
60	184
60	311
60	763
61	11
61	14
61	47
61	109
61	117
61	128
61	147
61	167
61	171
61	174
61	412
61	573
61	754
62	23
62	25
62	30
62	35
62	141
62	158
62	161
62	162
62	168
62	169
62	173
62	427
62	947
63	2
63	3
63	48
63	57
63	64
63	65
63	124
63	167
63	172
63	177
63	794
63	983
63	994
64	63
64	73
64	82
64	106
64	122
64	128
64	159
64	163
64	169
64	174
64	178
64	448
64	907
64	949
65	39
65	49
65	63
65	71
65	101
65	120
65	135
65	146
65	155
65	162
65	166
65	715
65	749
65	890
66	28
66	37
66	68
66	74
66	96
66	113
66	124
66	153
66	176
66	179
66	182
66	475
66	771
66	982
67	1
67	31
67	71
67	100
67	137
67	142
67	160
67	168
67	175
67	179
67	182
67	335
67	756
67	813
68	12
68	25
68	66
68	118
68	129
68	137
68	139
68	158
68	171
68	174
68	176
68	392
68	484
68	521
69	30
69	34
69	37
69	85
69	115
69	119
69	142
69	155
69	171
69	174
69	184
69	334
69	646
69	723
70	30
70	36
70	100
70	116
70	132
70	141
70	158
70	167
70	175
70	176
70	183
70	318
70	322
70	964
71	8
71	32
71	65
71	67
71	93
71	110
71	158
71	162
71	164
71	174
71	175
71	427
71	619
71	969
72	5
72	24
72	81
72	83
72	90
72	141
72	148
72	172
72	173
72	178
72	182
72	220
72	313
72	316
73	5
73	43
73	64
73	113
73	149
73	163
73	165
73	174
73	177
73	178
73	183
73	387
73	658
73	799
74	9
74	40
74	66
74	99
74	134
74	135
74	148
74	160
74	166
74	168
74	169
74	306
74	936
74	945
75	36
75	56
75	78
75	111
75	131
75	148
75	155
75	164
75	168
75	170
75	182
75	184
75	298
75	371
75	472
76	35
76	100
76	127
76	130
76	136
76	143
76	156
76	157
76	161
76	162
76	168
76	182
76	605
76	687
76	820
77	7
77	31
77	43
77	119
77	133
77	140
77	150
77	156
77	160
77	171
77	172
77	183
77	320
77	375
77	999
78	1
78	10
78	75
78	83
78	106
78	151
78	164
78	166
78	170
78	181
78	182
78	183
78	732
78	761
78	993
79	23
79	52
79	59
79	93
79	112
79	126
79	135
79	162
79	166
79	168
79	173
79	182
79	637
79	733
79	986
80	8
80	55
80	103
80	106
80	121
80	123
80	124
80	132
80	137
80	171
80	172
80	176
80	515
80	710
80	994
81	21
81	45
81	72
81	104
81	146
81	147
81	148
81	157
81	158
81	159
81	164
81	182
81	565
81	658
81	874
82	1
82	22
82	64
82	88
82	100
82	105
82	107
82	108
82	150
82	156
82	158
82	166
82	287
82	628
82	663
83	50
83	51
83	72
83	78
83	122
83	131
83	140
83	143
83	159
83	167
83	173
83	181
83	762
83	948
83	967
84	42
84	56
84	96
84	99
84	101
84	126
84	158
84	160
84	168
84	169
84	170
84	172
84	176
84	322
84	414
84	700
85	32
85	57
85	69
85	106
85	127
85	129
85	146
85	151
85	154
85	173
85	178
85	181
85	184
85	757
85	900
85	966
86	14
86	15
86	33
86	119
86	130
86	131
86	135
86	143
86	160
86	161
86	178
86	180
86	183
86	649
86	704
86	782
87	34
87	40
87	46
87	98
87	111
87	122
87	130
87	137
87	149
87	157
87	163
87	173
87	174
87	654
87	941
87	999
88	16
88	22
88	27
88	42
88	82
88	100
88	104
88	116
88	141
88	156
88	163
88	179
88	183
88	277
88	515
88	995
89	42
89	92
89	112
89	118
89	119
89	125
89	146
89	155
89	159
89	160
89	170
89	177
89	182
89	315
89	732
89	759
90	33
90	50
90	72
90	107
90	113
90	146
90	150
90	151
90	155
90	161
90	170
90	180
90	182
90	292
90	613
90	968
91	26
91	95
91	103
91	117
91	120
91	124
91	145
91	147
91	164
91	165
91	166
91	174
91	177
91	178
91	339
91	389
91	444
92	4
92	45
92	89
92	135
92	139
92	142
92	158
92	165
92	167
92	168
92	170
92	181
92	182
92	184
92	328
92	602
92	679
93	27
93	29
93	58
93	71
93	79
93	101
93	110
93	128
93	147
93	157
93	174
93	175
93	177
93	179
93	258
93	395
93	988
94	19
94	47
94	99
94	112
94	120
94	135
94	156
94	162
94	168
94	174
94	176
94	177
94	183
94	262
94	485
94	587
94	976
95	38
95	46
95	53
95	91
95	114
95	131
95	132
95	143
95	148
95	171
95	172
95	176
95	179
95	183
95	215
95	330
95	462
96	6
96	20
96	55
96	66
96	84
96	125
96	130
96	131
96	142
96	152
96	171
96	178
96	179
96	180
96	615
96	944
96	983
97	8
97	24
97	58
97	104
97	122
97	123
97	140
97	150
97	153
97	158
97	163
97	166
97	167
97	169
97	175
97	321
97	692
97	778
98	5
98	41
98	87
98	116
98	123
98	132
98	138
98	147
98	154
98	162
98	163
98	174
98	177
98	178
98	182
98	205
98	866
98	973
99	31
99	74
99	84
99	94
99	113
99	126
99	128
99	150
99	153
99	164
99	169
99	175
99	177
99	180
99	183
99	330
99	764
99	958
100	13
100	47
100	67
100	70
100	76
100	82
100	88
100	112
100	130
100	138
100	149
100	161
100	162
100	168
100	342
100	383
100	752
100	778
101	4
101	65
101	84
101	93
101	110
101	136
101	142
101	148
101	154
101	156
101	158
101	168
101	176
101	179
101	180
101	595
101	742
101	964
102	24
102	39
102	103
102	114
102	134
102	149
102	157
102	160
102	166
102	169
102	171
102	172
102	174
102	178
102	426
102	626
102	741
102	937
103	48
103	80
103	91
103	102
103	123
103	124
103	145
103	150
103	154
103	161
103	162
103	165
103	177
103	183
103	514
103	554
103	744
103	940
104	11
104	17
104	31
104	38
104	81
104	88
104	97
104	113
104	116
104	128
104	133
104	141
104	159
104	179
104	344
104	583
104	603
104	971
105	16
105	41
105	57
105	82
105	114
105	125
105	136
105	141
105	152
105	156
105	160
105	169
105	172
105	178
105	180
105	285
105	293
105	477
106	5
106	20
106	28
106	34
106	64
106	78
106	80
106	85
106	117
106	131
106	135
106	162
106	163
106	177
106	184
106	432
106	458
106	476
106	797
107	32
107	33
107	51
107	82
107	90
107	115
107	119
107	140
107	153
107	155
107	160
107	166
107	167
107	173
107	177
107	217
107	553
107	554
107	988
108	54
108	82
108	113
108	130
108	136
108	140
108	147
108	152
108	156
108	157
108	168
108	170
108	172
108	178
108	183
108	360
108	437
108	776
108	897
109	7
109	44
109	61
109	111
109	114
109	117
109	121
109	132
109	137
109	147
109	168
109	169
109	174
109	177
109	179
109	614
109	689
109	739
109	938
110	5
110	45
110	50
110	71
110	93
110	101
110	113
110	133
110	145
110	148
110	154
110	162
110	166
110	179
110	182
110	282
110	326
110	800
110	936
111	2
111	10
111	20
111	26
111	75
111	87
111	109
111	123
111	132
111	133
111	155
111	157
111	165
111	169
111	177
111	183
111	479
111	535
111	568
112	24
112	79
112	89
112	94
112	100
112	119
112	121
112	136
112	150
112	154
112	157
112	159
112	166
112	176
112	179
112	541
112	551
112	566
112	604
113	56
113	66
113	73
113	90
113	99
113	104
113	108
113	110
113	126
113	132
113	133
113	158
113	170
113	175
113	176
113	182
113	318
113	563
113	600
113	606
114	28
114	33
114	35
114	59
114	95
114	102
114	105
114	109
114	117
114	139
114	140
114	156
114	159
114	161
114	180
114	183
114	684
114	845
114	852
114	908
115	9
115	17
115	36
115	43
115	52
115	57
115	69
115	107
115	129
115	136
115	138
115	152
115	170
115	173
115	175
115	182
115	516
115	679
115	832
115	970
116	26
116	49
116	70
116	88
116	98
116	104
116	124
116	130
116	139
116	153
116	158
116	166
116	168
116	173
116	174
116	175
116	660
116	984
116	988
116	996
117	61
117	91
117	106
117	109
117	114
117	120
117	123
117	137
117	141
117	145
117	147
117	165
117	171
117	174
117	176
117	181
117	189
117	269
117	689
117	733
118	18
118	55
118	68
118	89
118	123
118	135
118	143
118	144
118	151
118	152
118	157
118	161
118	172
118	180
118	181
118	183
118	286
118	667
118	753
118	926
119	3
119	7
119	43
119	52
119	69
119	77
119	86
119	89
119	107
119	112
119	140
119	155
119	159
119	164
119	167
119	181
119	184
119	237
119	930
119	960
119	968
120	22
120	23
120	51
120	54
120	65
120	91
120	94
120	117
120	124
120	141
120	154
120	158
120	166
120	175
120	176
120	179
120	182
120	637
120	648
120	673
120	994
121	26
121	34
121	40
121	80
121	109
121	112
121	128
121	137
121	157
121	160
121	161
121	163
121	164
121	166
121	174
121	176
121	177
121	401
121	444
121	703
121	926
122	2
122	28
122	48
122	49
122	64
122	83
122	87
122	97
122	126
122	127
122	139
122	145
122	147
122	155
122	165
122	174
122	177
122	188
122	266
122	650
122	854
123	5
123	9
123	11
123	41
123	80
123	97
123	98
123	103
123	111
123	117
123	118
123	132
123	133
123	137
123	150
123	165
123	171
123	319
123	474
123	750
123	805
124	14
124	44
124	53
124	63
124	66
124	80
124	91
124	103
124	116
124	120
124	128
124	137
124	138
124	153
124	163
124	165
124	174
124	187
124	476
124	651
124	971
125	15
125	54
125	89
125	96
125	105
125	129
125	140
125	141
125	143
125	152
125	156
125	160
125	161
125	172
125	173
125	179
125	180
125	516
125	581
125	911
125	940
126	1
126	37
126	79
126	84
126	99
126	113
126	122
126	141
126	144
126	147
126	160
126	169
126	173
126	176
126	178
126	179
126	183
126	260
126	384
126	765
126	990
127	3
127	58
127	76
127	85
127	122
127	142
127	145
127	155
127	159
127	164
127	167
127	170
127	173
127	176
127	181
127	184
127	542
127	627
127	682
127	856
127	925
128	3
128	61
128	64
128	93
128	99
128	104
128	121
128	124
128	132
128	143
128	147
128	160
128	163
128	171
128	173
128	174
128	177
128	347
128	676
128	751
128	881
129	13
129	31
129	35
129	40
129	42
129	47
129	56
129	68
129	85
129	115
129	125
129	133
129	135
129	150
129	162
129	166
129	175
129	182
129	330
129	421
129	503
129	711
130	16
130	32
130	38
130	56
130	76
130	86
130	87
130	96
130	100
130	108
130	116
130	134
130	141
130	172
130	178
130	180
130	183
130	329
130	463
130	763
130	841
130	991
131	7
131	75
131	83
131	86
131	95
131	96
131	106
131	133
131	134
131	158
131	160
131	161
131	162
131	168
131	171
131	172
131	180
131	183
131	333
131	641
131	745
131	1000
132	40
132	52
132	54
132	70
132	80
132	95
132	98
132	109
132	111
132	113
132	123
132	128
132	142
132	145
132	163
132	165
132	170
132	174
132	177
132	517
132	674
132	782
132	819
133	9
133	23
133	36
133	45
133	60
133	77
133	104
133	110
133	111
133	113
133	123
133	129
133	131
133	153
133	162
133	168
133	173
133	176
133	178
133	465
133	613
133	734
133	755
134	23
134	38
134	54
134	55
134	59
134	74
134	102
134	130
134	131
134	154
134	157
134	160
134	167
134	172
134	176
134	178
134	179
134	183
134	184
134	460
134	636
134	681
134	950
135	1
135	58
135	65
135	74
135	79
135	86
135	92
135	94
135	106
135	118
135	129
135	150
135	156
135	161
135	166
135	169
135	179
135	184
135	334
135	761
135	801
135	836
135	911
136	36
136	55
136	60
136	76
136	101
136	105
136	108
136	112
136	115
136	140
136	142
136	156
136	157
136	160
136	170
136	171
136	172
136	178
136	180
136	222
136	567
136	624
136	717
136	981
137	11
137	48
137	49
137	67
137	68
137	80
137	87
137	109
137	117
137	121
137	123
137	124
137	145
137	149
137	151
137	152
137	165
137	174
137	181
137	504
137	753
137	772
137	921
137	992
138	2
138	17
138	43
138	57
138	98
138	100
138	115
138	124
138	139
138	148
138	155
138	159
138	164
138	167
138	173
138	174
138	178
138	182
138	184
138	198
138	227
138	605
138	940
138	992
139	25
139	27
139	36
139	47
139	53
139	56
139	68
139	92
139	114
139	116
139	122
139	138
139	154
139	166
139	168
139	175
139	176
139	179
139	180
139	183
139	352
139	617
139	765
139	983
139	993
140	7
140	12
140	17
140	46
140	77
140	83
140	97
140	107
140	108
140	114
140	119
140	125
140	136
140	152
140	155
140	161
140	171
140	172
140	178
140	182
140	527
140	701
140	749
140	906
140	936
141	51
141	62
141	70
141	72
141	88
141	104
141	105
141	117
141	120
141	125
141	126
141	130
141	153
141	158
141	162
141	168
141	169
141	175
141	181
141	182
141	210
141	471
141	590
141	712
141	934
142	13
142	57
142	67
142	69
142	92
142	96
142	101
142	127
142	132
142	136
142	146
142	151
142	155
142	159
142	164
142	168
142	170
142	173
142	175
142	181
142	182
142	659
142	714
142	718
142	865
142	908
143	17
143	38
143	53
143	76
143	83
143	86
143	95
143	118
143	125
143	128
143	149
143	152
143	153
143	156
143	162
143	171
143	176
143	178
143	180
143	181
143	184
143	376
143	523
143	578
143	895
143	907
144	35
144	39
144	43
144	51
144	118
144	126
144	149
144	152
144	155
144	156
144	157
144	160
144	161
144	167
144	169
144	171
144	177
144	178
144	180
144	181
144	183
144	270
144	331
144	402
144	652
144	716
144	738
145	2
145	3
145	10
145	20
145	55
145	91
145	103
145	110
145	117
145	122
145	127
145	132
145	137
145	152
145	163
145	165
145	170
145	174
145	175
145	180
145	184
145	214
145	302
145	342
145	439
145	446
145	963
146	27
146	28
146	31
146	45
146	52
146	65
146	81
146	85
146	89
146	90
146	142
146	147
146	148
146	153
146	159
146	164
146	173
146	177
146	179
146	181
146	182
146	184
146	301
146	765
146	824
146	939
146	967
147	5
147	10
147	28
147	41
147	44
147	58
147	61
147	81
147	91
147	93
147	98
147	108
147	109
147	117
147	122
147	126
147	128
147	146
147	171
147	174
147	175
147	177
147	468
147	733
147	858
147	859
147	872
148	4
148	29
148	30
148	52
148	72
148	74
148	75
148	81
148	95
148	101
148	110
148	138
148	146
148	150
148	155
148	164
148	165
148	167
148	173
148	178
148	181
148	182
148	184
148	279
148	432
148	645
148	692
148	982
149	16
149	18
149	35
149	46
149	55
149	58
149	73
149	87
149	100
149	102
149	137
149	143
149	144
149	159
149	160
149	161
149	171
149	172
149	173
149	174
149	178
149	179
149	183
149	290
149	428
149	466
149	684
149	731
149	765
150	9
150	10
150	38
150	57
150	58
150	60
150	77
150	82
150	90
150	97
150	99
150	103
150	112
150	123
150	129
150	135
150	148
150	153
150	168
150	169
150	172
150	175
150	179
150	580
150	581
150	629
150	749
150	836
150	841
151	4
151	21
151	25
151	29
151	33
151	78
151	85
151	90
151	118
151	137
151	142
151	155
151	161
151	164
151	165
151	167
151	170
151	173
151	174
151	179
151	181
151	182
151	184
151	391
151	402
151	596
151	703
151	930
151	940
152	27
152	37
152	49
152	52
152	56
152	59
152	96
152	105
152	108
152	115
152	118
152	125
152	137
152	140
152	143
152	144
152	145
152	161
152	164
152	171
152	172
152	178
152	180
152	183
152	197
152	364
152	469
152	681
152	727
152	942
153	27
153	31
153	36
153	40
153	47
153	66
153	97
153	99
153	107
153	116
153	124
153	133
153	141
153	143
153	146
153	150
153	157
153	158
153	163
153	166
153	167
153	169
153	174
153	179
153	184
153	345
153	595
153	659
153	753
153	764
153	866
154	9
154	21
154	22
154	24
154	36
154	37
154	60
154	85
154	98
154	101
154	103
154	110
154	112
154	120
154	134
154	139
154	159
154	168
154	169
154	173
154	175
154	179
154	180
154	181
154	219
154	280
154	532
154	663
154	722
154	759
154	955
155	32
155	34
155	43
155	44
155	65
155	69
155	75
155	89
155	90
155	107
155	111
155	119
155	122
155	127
155	138
155	140
155	142
155	144
155	148
155	151
155	159
155	164
155	168
155	177
155	184
155	390
155	550
155	590
155	700
155	709
155	715
156	6
156	23
156	25
156	29
156	76
156	77
156	82
156	88
156	94
156	101
156	105
156	108
156	114
156	125
156	135
156	136
156	143
156	144
156	157
156	161
156	162
156	163
156	171
156	178
156	180
156	287
156	471
156	582
156	689
156	898
156	956
157	29
157	39
157	46
157	53
157	54
157	76
157	81
157	87
157	93
157	102
157	108
157	111
157	112
157	118
157	121
157	134
157	136
157	144
157	153
157	156
157	158
157	164
157	171
157	172
157	180
157	675
157	693
157	764
157	898
157	933
157	991
157	996
158	6
158	62
158	68
158	70
158	71
158	81
158	82
158	84
158	92
158	97
158	101
158	113
158	116
158	120
158	131
158	141
158	153
158	157
158	159
158	163
158	164
158	168
158	169
158	176
158	178
158	179
158	180
158	244
158	257
158	404
158	725
158	909
158	953
159	18
159	19
159	50
159	64
159	81
159	83
159	89
159	104
159	112
159	114
159	119
159	127
159	138
159	142
159	146
159	149
159	154
159	155
159	158
159	164
159	167
159	170
159	173
159	180
159	181
159	184
159	196
159	269
159	278
159	409
159	756
159	876
159	959
160	6
160	39
160	67
160	74
160	77
160	84
160	86
160	89
160	102
160	105
160	107
160	121
160	125
160	126
160	128
160	131
160	134
160	136
160	144
160	149
160	161
160	169
160	171
160	172
160	183
160	184
160	185
160	335
160	616
160	682
160	753
160	950
160	985
161	18
161	51
161	62
161	76
161	86
161	90
161	100
161	103
161	114
161	118
161	121
161	125
161	131
161	135
161	140
161	144
161	149
161	151
161	152
161	156
161	160
161	166
161	172
161	174
161	178
161	180
161	183
161	209
161	306
161	607
161	751
161	819
161	826
161	923
162	4
162	13
162	22
162	37
162	48
162	58
162	59
162	62
162	65
162	71
162	76
162	79
162	94
162	98
162	100
162	103
162	106
162	110
162	129
162	131
162	133
162	141
162	143
162	156
162	175
162	176
162	183
162	433
162	631
162	720
162	732
162	733
162	840
162	972
163	1
163	2
163	10
163	28
163	37
163	41
163	48
163	60
163	64
163	73
163	87
163	88
163	97
163	98
163	106
163	121
163	124
163	128
163	132
163	145
163	153
163	156
163	158
163	170
163	174
163	175
163	176
163	177
163	280
163	372
163	681
163	744
163	793
163	889
163	975
164	13
164	45
164	71
164	75
164	78
164	81
164	91
164	99
164	119
164	121
164	127
164	138
164	142
164	146
164	148
164	151
164	152
164	155
164	157
164	158
164	159
164	165
164	166
164	167
164	170
164	173
164	175
164	182
164	184
164	234
164	574
164	647
164	651
164	664
164	774
164	884
165	14
165	20
165	30
165	34
165	40
165	48
165	73
165	91
165	92
165	103
165	111
165	117
165	122
165	123
165	124
165	132
165	137
165	145
165	148
165	151
165	164
165	167
165	174
165	175
165	177
165	180
165	181
165	182
165	429
165	581
165	686
165	730
165	930
165	973
165	993
165	998
166	12
166	19
166	37
166	38
166	45
166	60
166	65
166	74
166	78
166	79
166	82
166	91
166	97
166	102
166	107
166	110
166	112
166	116
166	120
166	121
166	129
166	135
166	139
166	153
166	161
166	164
166	171
166	176
166	179
166	225
166	305
166	348
166	532
166	546
166	693
166	743
166	762
167	2
167	4
167	15
167	19
167	25
167	42
167	43
167	51
167	61
167	63
167	70
167	83
167	92
167	97
167	107
167	119
167	127
167	134
167	138
167	144
167	148
167	151
167	153
167	159
167	164
167	165
167	170
167	175
167	181
167	184
167	237
167	345
167	445
167	721
167	729
167	741
167	809
167	978
168	12
168	44
168	48
168	59
168	62
168	67
168	74
168	75
168	76
168	79
168	84
168	92
168	94
168	100
168	101
168	108
168	109
168	116
168	131
168	133
168	139
168	141
168	142
168	150
168	154
168	155
168	158
168	169
168	176
168	179
168	183
168	364
168	460
168	464
168	468
168	597
168	654
168	963
168	968
169	24
169	37
169	49
169	60
169	62
169	64
169	74
169	84
169	97
169	99
169	102
169	105
169	109
169	111
169	126
169	135
169	141
169	144
169	150
169	153
169	154
169	158
169	160
169	168
169	170
169	172
169	176
169	178
169	179
169	183
169	184
169	283
169	337
169	403
169	427
169	680
169	710
169	762
169	884
170	8
170	21
170	30
170	32
170	35
170	41
170	42
170	75
170	78
170	84
170	89
170	90
170	92
170	108
170	113
170	115
170	127
170	132
170	136
170	142
170	145
170	151
170	159
170	163
170	164
170	167
170	169
170	173
170	180
170	181
170	182
170	183
170	243
170	277
170	463
170	567
170	596
170	653
170	707
170	997
171	18
171	29
171	58
171	61
171	68
171	69
171	77
171	80
171	95
171	96
171	102
171	117
171	123
171	128
171	131
171	136
171	140
171	143
171	144
171	147
171	149
171	152
171	156
171	157
171	160
171	166
171	172
171	178
171	180
171	181
171	183
171	184
171	340
171	487
171	664
171	735
171	745
171	861
171	969
171	985
172	24
172	32
172	39
172	57
172	63
172	72
172	77
172	80
172	84
172	95
172	102
172	105
172	108
172	118
172	125
172	130
172	131
172	134
172	136
172	140
172	149
172	150
172	152
172	157
172	160
172	161
172	169
172	171
172	176
172	177
172	179
172	180
172	182
172	183
172	417
172	439
172	456
172	542
172	688
172	706
172	730
172	906
172	997
173	8
173	17
173	19
173	20
173	34
173	43
173	51
173	62
173	72
173	79
173	83
173	85
173	87
173	107
173	115
173	116
173	125
173	126
173	127
173	128
173	133
173	138
173	142
173	146
173	148
173	149
173	151
173	154
173	159
173	164
173	170
173	179
173	181
173	182
173	184
173	343
173	470
173	474
173	696
173	745
173	906
173	910
173	965
174	14
174	26
174	40
174	61
174	64
174	68
174	69
174	71
174	73
174	87
174	91
174	93
174	94
174	98
174	102
174	109
174	116
174	117
174	121
174	122
174	124
174	128
174	132
174	137
174	138
174	145
174	147
174	149
174	151
174	153
174	161
174	163
174	165
174	176
174	177
174	340
174	358
174	386
174	400
174	748
174	752
174	764
174	873
174	940
175	23
175	25
175	26
175	48
175	49
175	56
175	60
175	67
175	70
175	71
175	93
175	97
175	99
175	113
175	115
175	116
175	120
175	129
175	139
175	141
175	142
175	145
175	147
175	150
175	154
175	162
175	163
175	164
175	165
175	167
175	176
175	177
175	179
175	181
175	184
175	231
175	309
175	469
175	475
175	689
175	758
175	762
175	807
175	997
176	1
176	9
176	16
176	19
176	48
176	58
176	66
176	68
176	70
176	80
176	84
176	94
176	95
176	101
176	112
176	113
176	117
176	120
176	121
176	126
176	127
176	133
176	134
176	139
176	143
176	158
176	162
176	163
176	166
176	168
176	169
176	172
176	174
176	175
176	179
176	247
176	317
176	367
176	489
176	514
176	672
176	739
176	899
176	984
177	10
177	26
177	28
177	34
177	40
177	44
177	45
177	50
177	63
177	73
177	89
177	91
177	93
177	94
177	98
177	99
177	103
177	106
177	107
177	109
177	111
177	121
177	122
177	128
177	132
177	144
177	146
177	147
177	155
177	163
177	165
177	172
177	174
177	175
177	181
177	252
177	458
177	463
177	552
177	561
177	646
177	675
177	686
177	718
178	16
178	29
178	38
178	54
178	59
178	64
178	72
178	73
178	85
178	86
178	91
178	96
178	98
178	102
178	105
178	108
178	126
178	130
178	133
178	134
178	136
178	138
178	140
178	143
178	144
178	148
178	149
178	152
178	156
178	158
178	161
178	169
178	171
178	180
178	181
178	183
178	298
178	321
178	337
178	641
178	740
178	850
178	929
178	953
178	960
179	12
179	14
179	25
179	26
179	33
179	46
179	66
179	67
179	88
179	93
179	95
179	96
179	101
179	104
179	109
179	110
179	112
179	120
179	125
179	126
179	134
179	135
179	139
179	146
179	149
179	150
179	151
179	153
179	154
179	158
179	166
179	168
179	169
179	172
179	173
179	175
179	176
179	328
179	431
179	527
179	590
179	715
179	725
179	749
179	880
179	889
179	995
180	7
180	20
180	29
180	32
180	38
180	39
180	50
180	53
180	86
180	90
180	96
180	99
180	101
180	105
180	114
180	118
180	125
180	130
180	131
180	136
180	139
180	143
180	144
180	145
180	152
180	154
180	156
180	157
180	158
180	159
180	161
180	165
180	170
180	171
180	172
180	178
180	181
180	183
180	282
180	323
180	420
180	701
180	742
180	765
180	791
180	913
180	941
181	8
181	15
181	17
181	19
181	42
181	45
181	51
181	59
181	78
181	83
181	85
181	92
181	117
181	118
181	119
181	127
181	137
181	141
181	142
181	143
181	144
181	146
181	148
181	151
181	154
181	159
181	165
181	167
181	170
181	171
181	173
181	175
181	177
181	178
181	180
181	182
181	183
181	184
181	420
181	441
181	538
181	577
181	589
181	634
181	695
181	760
181	956
182	4
182	8
182	11
182	17
182	33
182	47
182	50
182	66
182	67
182	72
182	75
182	76
182	78
182	79
182	81
182	89
182	90
182	92
182	98
182	110
182	113
182	115
182	120
182	129
182	138
182	140
182	141
182	142
182	146
182	148
182	151
182	164
182	165
182	170
182	172
182	173
182	181
182	184
182	260
182	299
182	330
182	506
182	645
182	658
182	728
182	935
182	995
183	6
183	7
183	18
183	29
183	46
183	53
183	59
183	70
183	73
183	77
183	78
183	86
183	88
183	94
183	95
183	99
183	103
183	108
183	111
183	114
183	118
183	126
183	130
183	131
183	134
183	139
183	144
183	149
183	152
183	160
183	161
183	162
183	168
183	169
183	170
183	171
183	172
183	178
183	180
183	181
183	255
183	308
183	327
183	533
183	569
183	606
183	756
183	760
183	860
184	3
184	6
184	8
184	15
184	19
184	30
184	32
184	44
184	47
184	51
184	52
184	57
184	60
184	69
184	75
184	85
184	92
184	106
184	119
184	127
184	134
184	135
184	138
184	143
184	145
184	146
184	148
184	151
184	153
184	155
184	159
184	160
184	164
184	167
184	169
184	171
184	173
184	175
184	181
184	182
184	311
184	316
184	591
184	620
184	755
184	763
184	823
184	886
184	905
185	160
185	240
185	287
185	294
185	308
185	314
185	317
185	335
185	340
185	826
186	196
186	254
186	283
186	303
186	333
186	343
186	344
186	639
186	911
187	124
187	191
187	195
187	302
187	305
187	307
187	323
187	336
187	339
187	770
188	122
188	191
188	198
188	235
188	289
188	312
188	319
188	334
188	339
188	806
189	117
189	255
189	265
189	278
189	295
189	323
189	324
189	333
189	341
189	817
190	208
190	256
190	266
190	276
190	286
190	298
190	315
190	343
190	773
190	830
191	187
191	188
191	301
191	313
191	319
191	337
191	339
191	340
191	587
191	938
192	203
192	247
192	267
192	269
192	277
192	298
192	309
192	342
192	499
192	720
193	195
193	196
193	259
193	270
193	312
193	319
193	322
193	337
193	697
193	988
194	203
194	209
194	226
194	265
194	281
194	296
194	318
194	325
194	738
194	877
195	187
195	193
195	215
195	312
195	320
195	337
195	340
195	344
195	723
195	989
196	159
196	186
196	193
196	230
196	280
196	305
196	318
196	327
196	338
196	429
197	1
197	152
197	268
197	285
197	289
197	302
197	321
197	327
197	330
197	345
198	138
198	188
198	232
198	252
198	292
198	299
198	317
198	325
198	341
198	753
199	56
199	269
199	276
199	282
199	293
199	320
199	325
199	339
199	340
199	993
200	219
200	224
200	282
200	309
200	314
200	331
200	338
200	345
200	752
200	993
201	256
201	264
201	281
201	301
201	310
201	318
201	326
201	332
201	444
201	497
202	241
202	244
202	293
202	305
202	326
202	327
202	331
202	343
202	389
202	563
203	192
203	194
203	232
203	257
203	290
203	297
203	329
203	341
203	623
203	754
204	252
204	257
204	265
204	303
204	304
204	333
204	339
204	345
204	476
204	757
205	10
205	98
205	237
205	241
205	278
205	327
205	329
205	333
205	334
205	341
206	244
206	248
206	301
206	320
206	323
206	332
206	335
206	337
206	339
206	557
206	757
207	219
207	232
207	267
207	306
207	321
207	330
207	333
207	341
207	343
207	438
207	827
208	190
208	271
208	298
208	326
208	332
208	333
208	337
208	339
208	735
208	908
208	991
209	161
209	194
209	249
209	274
209	279
209	311
209	317
209	327
209	330
209	345
209	509
210	141
210	213
210	236
210	276
210	279
210	308
210	318
210	335
210	343
210	345
210	915
211	271
211	282
211	285
211	286
211	303
211	307
211	334
211	339
211	344
211	594
211	759
212	223
212	247
212	256
212	290
212	298
212	300
212	319
212	325
212	336
212	639
212	986
213	210
213	227
213	244
213	254
213	275
213	285
213	320
213	331
213	339
213	677
213	818
214	145
214	254
214	272
214	278
214	312
214	318
214	326
214	330
214	340
214	345
214	935
215	95
215	195
215	245
215	263
215	276
215	292
215	322
215	329
215	330
215	341
215	748
216	222
216	223
216	224
216	257
216	262
216	316
216	332
216	336
216	579
216	665
216	717
217	107
217	224
217	228
217	239
217	247
217	262
217	264
217	269
217	300
217	342
217	926
218	235
218	244
218	256
218	296
218	301
218	306
218	324
218	337
218	340
218	341
218	749
218	996
219	154
219	200
219	207
219	229
219	253
219	314
219	335
219	338
219	342
219	343
219	655
219	726
220	72
220	235
220	268
220	302
220	303
220	322
220	327
220	328
220	341
220	345
220	763
220	881
221	236
221	259
221	274
221	297
221	300
221	308
221	316
221	319
221	329
221	338
221	481
221	873
222	136
222	216
222	259
222	262
222	297
222	300
222	308
222	325
222	336
222	342
222	343
222	744
223	212
223	216
223	234
223	277
223	282
223	296
223	298
223	333
223	336
223	345
223	592
223	785
224	200
224	216
224	217
224	253
224	270
224	304
224	307
224	331
224	338
224	477
224	731
224	897
225	166
225	304
225	311
225	318
225	319
225	321
225	322
225	326
225	328
225	344
225	657
225	675
226	194
226	241
226	259
226	266
226	281
226	283
226	294
226	318
226	332
226	341
226	413
226	554
227	138
227	213
227	238
227	241
227	242
227	245
227	264
227	297
227	304
227	336
227	342
227	954
228	217
228	259
228	280
228	290
228	292
228	322
228	333
228	337
228	343
228	344
228	656
228	730
229	219
229	233
229	257
229	268
229	302
229	305
229	321
229	330
229	335
229	341
229	670
229	699
230	196
230	279
230	285
230	313
230	314
230	321
230	333
230	339
230	340
230	342
230	451
230	702
231	175
231	233
231	283
231	293
231	303
231	305
231	308
231	318
231	335
231	340
231	343
231	638
231	966
232	198
232	203
232	207
232	233
232	276
232	280
232	304
232	331
232	333
232	343
232	349
232	399
232	997
233	229
233	231
233	232
233	251
233	252
233	263
233	281
233	288
233	294
233	302
233	333
233	826
233	998
234	164
234	223
234	259
234	299
234	317
234	320
234	322
234	325
234	333
234	334
234	341
234	441
234	950
235	188
235	218
235	220
235	301
235	323
235	331
235	334
235	335
235	338
235	343
235	954
235	973
235	978
236	210
236	221
236	238
236	261
236	297
236	309
236	310
236	323
236	336
236	342
236	416
236	612
236	905
237	119
237	167
237	205
237	239
237	287
237	299
237	313
237	322
237	328
237	330
237	337
237	345
237	795
238	227
238	236
238	242
238	258
238	275
238	283
238	300
238	316
238	321
238	342
238	381
238	565
238	749
239	217
239	237
239	291
239	296
239	298
239	305
239	309
239	315
239	319
239	336
239	342
239	605
239	700
240	185
240	283
240	284
240	286
240	291
240	320
240	332
240	333
240	339
240	344
240	467
240	585
240	796
241	202
241	205
241	226
241	227
241	252
241	272
241	288
241	312
241	318
241	337
241	534
241	589
241	595
242	227
242	238
242	262
242	287
242	288
242	296
242	311
242	319
242	335
242	336
242	342
242	682
242	760
243	170
243	254
243	255
243	289
243	291
243	326
243	330
243	331
243	332
243	335
243	337
243	344
243	634
243	874
244	158
244	202
244	206
244	213
244	218
244	272
244	277
244	286
244	313
244	326
244	332
244	337
244	340
244	403
245	215
245	227
245	269
245	273
245	278
245	294
245	304
245	311
245	322
245	329
245	330
245	385
245	421
245	537
246	266
246	283
246	292
246	293
246	295
246	300
246	301
246	318
246	331
246	341
246	343
246	425
246	725
246	760
247	176
247	192
247	212
247	217
247	263
247	265
247	288
247	311
247	317
247	328
247	334
247	345
247	659
247	708
248	206
248	269
248	274
248	277
248	284
248	300
248	311
248	316
248	319
248	337
248	338
248	342
248	711
248	925
248	976
249	209
249	292
249	299
249	317
249	321
249	324
249	325
249	329
249	330
249	337
249	343
249	345
249	443
249	722
249	985
250	273
250	286
250	299
250	308
250	312
250	320
250	321
250	324
250	326
250	328
250	343
250	344
250	471
250	763
250	783
251	31
251	233
251	263
251	302
251	307
251	308
251	315
251	330
251	334
251	338
251	339
251	340
251	342
251	542
251	548
252	177
252	198
252	204
252	233
252	241
252	271
252	280
252	300
252	312
252	324
252	332
252	340
252	343
252	633
252	799
253	219
253	224
253	268
253	294
253	302
253	311
253	313
253	323
253	326
253	334
253	335
253	338
253	706
253	724
253	747
254	186
254	213
254	214
254	243
254	256
254	261
254	271
254	294
254	314
254	326
254	341
254	342
254	397
254	747
254	836
255	183
255	189
255	243
255	284
255	302
255	311
255	312
255	321
255	333
255	334
255	341
255	344
255	345
255	446
255	995
256	190
256	201
256	212
256	218
256	254
256	274
256	295
256	314
256	320
256	327
256	342
256	343
256	875
256	946
256	952
257	158
257	203
257	204
257	216
257	229
257	278
257	302
257	307
257	329
257	333
257	341
257	342
257	344
257	755
257	959
258	93
258	238
258	269
258	275
258	276
258	278
258	282
258	293
258	308
258	310
258	327
258	339
258	340
258	660
258	916
259	193
259	221
259	222
259	226
259	228
259	234
259	273
259	285
259	294
259	306
259	326
259	337
259	338
259	786
259	831
259	986
260	126
260	182
260	265
260	267
260	284
260	290
260	299
260	302
260	305
260	311
260	322
260	329
260	340
260	342
260	570
260	688
261	236
261	254
261	270
261	273
261	274
261	296
261	309
261	319
261	330
261	336
261	340
261	342
261	344
261	597
261	982
261	986
262	94
262	216
262	217
262	222
262	242
262	274
262	297
262	324
262	332
262	333
262	334
262	336
262	342
262	345
262	562
262	932
263	215
263	233
263	247
263	251
263	265
263	287
263	300
263	302
263	307
263	308
263	317
263	330
263	345
263	647
263	722
263	891
264	201
264	217
264	227
264	270
264	277
264	281
264	300
264	306
264	309
264	328
264	336
264	342
264	394
264	711
264	863
264	918
265	189
265	194
265	204
265	247
265	260
265	263
265	277
265	286
265	304
265	321
265	322
265	335
265	342
265	706
265	707
265	749
266	122
266	190
266	226
266	246
266	306
266	307
266	312
266	314
266	324
266	326
266	327
266	329
266	332
266	336
266	651
266	737
267	192
267	207
267	260
267	289
267	299
267	302
267	304
267	322
267	332
267	333
267	335
267	336
267	345
267	630
267	705
267	748
268	197
268	220
268	229
268	253
268	301
268	318
268	321
268	325
268	328
268	330
268	334
268	336
268	344
268	703
268	921
268	937
269	117
269	159
269	192
269	199
269	217
269	245
269	248
269	258
269	297
269	309
269	318
269	319
269	332
269	335
269	336
269	342
269	719
270	19
270	144
270	193
270	224
270	261
270	264
270	274
270	277
270	296
270	310
270	316
270	319
270	323
270	336
270	341
270	504
270	629
271	20
271	208
271	211
271	252
271	254
271	272
271	287
271	301
271	316
271	317
271	327
271	329
271	332
271	343
271	344
271	801
271	816
272	214
272	241
272	244
272	271
272	290
272	295
272	297
272	303
272	307
272	322
272	327
272	336
272	337
272	344
272	468
272	750
272	927
273	245
273	250
273	259
273	261
273	280
273	286
273	292
273	303
273	312
273	314
273	337
273	343
273	344
273	464
273	683
273	758
273	985
274	209
274	221
274	248
274	256
274	261
274	262
274	270
274	275
274	298
274	300
274	309
274	331
274	332
274	342
274	710
274	828
274	909
275	213
275	238
275	258
275	274
275	280
275	282
275	305
275	310
275	316
275	326
275	331
275	332
275	338
275	339
275	340
275	450
275	786
275	958
276	190
276	199
276	210
276	215
276	232
276	258
276	286
276	287
276	291
276	293
276	313
276	315
276	332
276	334
276	338
276	525
276	674
276	988
277	88
277	170
277	192
277	223
277	244
277	248
277	264
277	265
277	270
277	296
277	315
277	316
277	319
277	323
277	330
277	342
277	424
277	843
278	159
278	189
278	205
278	214
278	245
278	257
278	258
278	318
278	321
278	323
278	325
278	328
278	335
278	339
278	345
278	640
278	754
278	853
279	148
279	209
279	210
279	230
279	290
279	291
279	303
279	307
279	311
279	313
279	314
279	316
279	323
279	326
279	334
279	337
279	567
279	611
280	154
280	163
280	196
280	228
280	232
280	252
280	273
280	275
280	284
280	312
280	322
280	324
280	327
280	332
280	335
280	337
280	449
280	936
281	194
281	201
281	226
281	233
281	264
281	284
281	285
281	304
281	311
281	316
281	317
281	324
281	328
281	330
281	412
281	719
281	740
281	927
282	15
282	110
282	180
282	199
282	200
282	211
282	223
282	258
282	275
282	290
282	313
282	317
282	323
282	328
282	330
282	333
282	335
282	340
282	368
283	169
283	186
283	226
283	231
283	238
283	240
283	246
283	293
283	294
283	295
283	306
283	325
283	327
283	333
283	337
283	344
283	711
283	812
283	902
284	240
284	248
284	255
284	260
284	280
284	281
284	288
284	296
284	297
284	322
284	325
284	328
284	336
284	341
284	345
284	398
284	664
284	896
284	957
285	40
285	105
285	197
285	211
285	213
285	230
285	259
285	281
285	290
285	293
285	304
285	308
285	315
285	331
285	335
285	339
285	343
285	384
285	685
286	118
286	190
286	211
286	240
286	244
286	250
286	265
286	273
286	276
286	294
286	300
286	306
286	316
286	334
286	337
286	343
286	592
286	751
286	933
287	28
287	82
287	156
287	185
287	237
287	242
287	263
287	271
287	276
287	305
287	307
287	309
287	312
287	313
287	314
287	334
287	335
287	338
287	868
288	233
288	241
288	242
288	247
288	284
288	317
288	321
288	328
288	329
288	330
288	331
288	333
288	334
288	339
288	341
288	572
288	725
288	755
288	978
289	12
289	25
289	188
289	197
289	243
289	267
289	303
289	305
289	309
289	310
289	313
289	314
289	327
289	334
289	335
289	340
289	345
289	832
289	864
290	149
290	203
290	212
290	228
290	260
290	272
290	279
290	282
290	285
290	303
290	323
290	335
290	338
290	339
290	340
290	341
290	641
290	729
290	968
291	239
291	240
291	243
291	276
291	279
291	292
291	301
291	302
291	306
291	318
291	320
291	327
291	337
291	338
291	339
291	343
291	653
291	804
291	833
291	922
292	90
292	198
292	215
292	228
292	246
292	249
292	273
292	291
292	295
292	301
292	318
292	326
292	331
292	341
292	343
292	344
292	345
292	458
292	973
292	979
293	105
293	199
293	202
293	231
293	246
293	258
293	276
293	283
293	285
293	302
293	308
293	310
293	312
293	314
293	315
293	328
293	331
293	335
293	757
293	850
293	932
294	185
294	226
294	233
294	245
294	253
294	254
294	259
294	283
294	286
294	306
294	319
294	320
294	321
294	324
294	332
294	343
294	344
294	350
294	492
294	713
294	726
295	189
295	246
295	256
295	272
295	283
295	292
295	307
295	315
295	318
295	324
295	326
295	327
295	328
295	329
295	330
295	343
295	344
295	411
295	616
295	627
295	899
296	194
296	218
296	223
296	239
296	242
296	261
296	270
296	277
296	284
296	298
296	306
296	309
296	316
296	324
296	328
296	336
296	342
296	393
296	630
296	665
296	821
297	55
297	203
297	221
297	222
297	227
297	236
297	262
297	269
297	272
297	284
297	298
297	299
297	309
297	316
297	332
297	336
297	337
297	342
297	384
297	660
297	677
297	691
298	75
298	178
298	190
298	192
298	208
298	212
298	223
298	239
298	274
298	296
298	297
298	299
298	300
298	306
298	319
298	329
298	330
298	336
298	340
298	342
298	576
298	714
299	182
299	198
299	234
299	237
299	249
299	250
299	260
299	267
299	297
299	298
299	306
299	311
299	315
299	321
299	323
299	325
299	333
299	341
299	502
299	507
299	527
299	859
300	212
300	217
300	221
300	222
300	238
300	246
300	248
300	252
300	263
300	264
300	274
300	286
300	298
300	309
300	316
300	324
300	326
300	336
300	345
300	415
300	467
300	704
300	736
301	146
301	191
301	201
301	206
301	218
301	235
301	246
301	268
301	271
301	291
301	292
301	306
301	309
301	314
301	315
301	320
301	323
301	327
301	344
301	553
301	576
301	602
301	695
302	145
302	187
302	197
302	220
302	229
302	233
302	251
302	253
302	255
302	257
302	260
302	263
302	267
302	291
302	293
302	303
302	325
302	327
302	345
302	593
302	759
302	765
302	784
303	186
303	204
303	211
303	220
303	231
303	272
303	273
303	279
303	289
303	290
303	302
303	306
303	307
303	323
303	331
303	334
303	335
303	338
303	685
303	763
303	867
303	879
303	972
304	204
304	224
304	225
304	227
304	232
304	245
304	265
304	267
304	281
304	285
304	305
304	323
304	325
304	328
304	329
304	333
304	343
304	345
304	644
304	695
304	815
304	856
304	988
305	166
305	187
305	196
305	202
305	229
305	231
305	239
305	260
305	275
305	287
305	289
305	304
305	307
305	308
305	315
305	323
305	334
305	335
305	339
305	341
305	461
305	585
305	685
305	891
306	74
306	161
306	207
306	218
306	259
306	264
306	266
306	283
306	286
306	291
306	294
306	296
306	298
306	299
306	301
306	303
306	312
306	316
306	326
306	343
306	344
306	490
306	960
306	996
307	187
307	211
307	224
307	251
307	257
307	263
307	266
307	272
307	279
307	287
307	295
307	303
307	305
307	310
307	315
307	325
307	331
307	335
307	337
307	431
307	491
307	737
307	885
307	913
308	183
308	185
308	210
308	221
308	222
308	231
308	250
308	251
308	258
308	263
308	285
308	293
308	305
308	311
308	318
308	322
308	326
308	331
308	334
308	338
308	339
308	471
308	626
308	989
309	175
309	192
309	200
309	236
309	239
309	261
309	264
309	269
309	274
309	287
309	289
309	296
309	297
309	300
309	301
309	316
309	319
309	329
309	335
309	341
309	342
309	633
309	692
309	731
309	741
310	201
310	236
310	258
310	270
310	275
310	289
310	293
310	307
310	312
310	313
310	314
310	315
310	323
310	325
310	326
310	331
310	334
310	338
310	340
310	344
310	448
310	563
310	851
310	937
310	970
311	60
311	184
311	209
311	225
311	242
311	245
311	247
311	248
311	253
311	255
311	260
311	279
311	281
311	299
311	308
311	326
311	328
311	330
311	336
311	338
311	341
311	345
311	578
311	608
311	620
312	188
312	193
312	195
312	214
312	241
312	250
312	252
312	255
312	266
312	273
312	280
312	287
312	293
312	306
312	310
312	314
312	318
312	325
312	343
312	344
312	544
312	684
312	720
312	843
312	876
313	72
313	191
313	230
313	237
313	244
313	253
313	276
313	279
313	282
313	287
313	289
313	310
313	321
313	330
313	332
313	334
313	338
313	339
313	340
313	342
313	344
313	599
313	709
313	783
313	900
313	955
314	185
314	200
314	219
314	230
314	254
314	256
314	266
314	273
314	279
314	287
314	289
314	293
314	301
314	310
314	312
314	315
314	321
314	331
314	334
314	339
314	340
314	344
314	688
314	732
314	750
314	963
314	989
315	89
315	190
315	239
315	251
315	276
315	277
315	285
315	293
315	295
315	299
315	301
315	305
315	307
315	310
315	314
315	319
315	323
315	329
315	331
315	338
315	339
315	340
315	344
315	508
315	691
315	725
315	987
316	72
316	184
316	216
316	221
316	238
316	248
316	270
316	271
316	275
316	277
316	279
316	281
316	286
316	296
316	297
316	300
316	306
316	309
316	319
316	320
316	336
316	342
316	345
316	557
316	649
316	670
316	989
317	176
317	185
317	198
317	209
317	234
317	247
317	249
317	263
317	271
317	281
317	282
317	288
317	324
317	325
317	328
317	330
317	332
317	333
317	334
317	339
317	341
317	342
317	345
317	716
317	745
317	922
317	969
318	70
318	113
318	194
318	196
318	201
318	210
318	214
318	225
318	226
318	231
318	241
318	246
318	268
318	269
318	278
318	291
318	292
318	295
318	308
318	312
318	324
318	326
318	327
318	344
318	481
318	668
318	721
318	883
319	123
319	188
319	191
319	193
319	212
319	221
319	225
319	239
319	242
319	248
319	261
319	269
319	270
319	277
319	294
319	298
319	309
319	315
319	316
319	329
319	331
319	336
319	342
319	344
319	418
319	615
319	703
319	990
320	77
320	195
320	199
320	206
320	213
320	234
320	240
320	250
320	256
320	291
320	294
320	301
320	316
320	322
320	324
320	327
320	331
320	332
320	333
320	337
320	343
320	344
320	345
320	678
320	727
320	808
320	957
320	987
321	97
321	178
321	197
321	207
321	225
321	229
321	230
321	238
321	249
321	250
321	255
321	265
321	268
321	278
321	288
321	294
321	299
321	313
321	314
321	322
321	329
321	331
321	333
321	339
321	562
321	676
321	853
321	990
322	70
322	84
322	193
322	215
322	220
322	225
322	228
322	234
322	237
322	245
322	260
322	265
322	267
322	272
322	280
322	284
322	308
322	320
322	321
322	328
322	329
322	341
322	342
322	343
322	345
322	520
322	744
322	788
322	948
323	180
323	187
323	189
323	206
323	235
323	236
323	253
323	270
323	277
323	278
323	279
323	282
323	290
323	299
323	301
323	303
323	304
323	305
323	310
323	315
323	331
323	334
323	335
323	338
323	340
323	677
323	756
323	814
323	983
324	189
324	218
324	249
324	250
324	252
324	262
324	266
324	280
324	281
324	294
324	295
324	296
324	300
324	317
324	318
324	320
324	326
324	327
324	328
324	332
324	337
324	341
324	343
324	475
324	707
324	864
324	879
324	973
324	996
325	194
325	198
325	199
325	212
325	222
325	234
325	249
325	268
325	278
325	283
325	284
325	299
325	302
325	304
325	307
325	310
325	312
325	317
325	327
325	329
325	333
325	341
325	342
325	345
325	393
325	776
325	828
325	895
325	953
326	1
326	42
326	110
326	201
326	202
326	208
326	214
326	225
326	243
326	244
326	250
326	253
326	254
326	259
326	266
326	275
326	279
326	292
326	295
326	300
326	306
326	308
326	310
326	311
326	318
326	324
326	332
326	334
326	343
326	423
326	539
326	599
327	183
327	196
327	197
327	202
327	205
327	209
327	220
327	256
327	258
327	266
327	271
327	272
327	280
327	283
327	289
327	291
327	295
327	301
327	302
327	318
327	320
327	324
327	325
327	332
327	339
327	344
327	411
327	555
327	690
327	755
327	780
327	951
328	92
328	179
328	220
328	225
328	237
328	247
328	250
328	264
328	268
328	278
328	281
328	282
328	284
328	288
328	293
328	295
328	296
328	304
328	311
328	317
328	322
328	324
328	329
328	330
328	336
328	337
328	340
328	345
328	477
328	720
328	798
328	893
328	934
329	130
329	203
329	205
329	215
329	221
329	245
329	249
329	257
329	260
329	266
329	271
329	288
329	295
329	298
329	304
329	309
329	315
329	319
329	321
329	322
329	325
329	328
329	333
329	336
329	338
329	339
329	341
329	345
329	475
329	521
329	687
329	739
329	909
329	955
330	95
330	99
330	129
330	182
330	197
330	207
330	209
330	214
330	215
330	229
330	237
330	243
330	245
330	249
330	251
330	261
330	263
330	268
330	277
330	281
330	282
330	288
330	295
330	298
330	311
330	313
330	317
330	328
330	335
330	340
330	341
330	345
330	442
330	714
330	969
331	144
331	200
331	202
331	213
331	224
331	232
331	235
331	243
331	246
331	274
331	275
331	285
331	288
331	292
331	293
331	303
331	307
331	308
331	310
331	314
331	315
331	319
331	320
331	321
331	323
331	335
331	337
331	338
331	339
331	340
331	459
331	474
331	575
331	683
331	857
331	937
331	981
332	30
332	201
332	206
332	208
332	216
332	226
332	240
332	243
332	244
332	252
332	262
332	266
332	267
332	269
332	271
332	274
332	275
332	276
332	280
332	294
332	297
332	313
332	317
332	320
332	324
332	326
332	327
332	337
332	340
332	344
332	381
332	551
332	566
332	712
332	758
332	844
332	999
333	13
333	131
333	186
333	189
333	204
333	205
333	207
333	208
333	223
333	228
333	230
333	232
333	233
333	234
333	240
333	255
333	257
333	262
333	267
333	282
333	283
333	288
333	299
333	304
333	317
333	320
333	321
333	325
333	329
333	338
333	341
333	345
333	445
333	704
333	718
333	862
333	960
333	999
334	69
334	135
334	188
334	205
334	211
334	234
334	235
334	247
334	251
334	253
334	255
334	262
334	268
334	276
334	279
334	286
334	287
334	288
334	289
334	303
334	305
334	308
334	310
334	313
334	314
334	317
334	323
334	326
334	335
334	338
334	339
334	340
334	343
334	437
334	462
334	464
334	614
334	697
334	759
335	67
335	160
335	185
335	206
335	210
335	219
335	229
335	231
335	235
335	242
335	243
335	253
335	265
335	267
335	269
335	278
335	280
335	282
335	285
335	287
335	289
335	290
335	293
335	303
335	305
335	307
335	309
335	323
335	330
335	331
335	334
335	339
335	340
335	345
335	382
335	529
335	781
335	900
335	920
335	990
336	187
336	212
336	216
336	222
336	223
336	227
336	236
336	239
336	242
336	261
336	262
336	264
336	266
336	267
336	268
336	269
336	270
336	272
336	284
336	296
336	297
336	298
336	300
336	311
336	316
336	319
336	328
336	329
336	338
336	339
336	342
336	344
336	464
336	523
336	528
336	574
336	872
336	877
336	919
336	965
337	169
337	178
337	191
337	193
337	195
337	206
337	208
337	218
337	228
337	237
337	241
337	243
337	244
337	248
337	249
337	259
337	272
337	273
337	279
337	280
337	283
337	286
337	291
337	297
337	307
337	320
337	324
337	328
337	331
337	332
337	338
337	339
337	343
337	344
337	345
337	394
337	405
337	706
337	748
337	758
337	818
338	196
338	200
338	219
338	221
338	224
338	235
338	248
338	251
338	253
338	259
338	275
338	276
338	287
338	290
338	291
338	303
338	308
338	310
338	311
338	313
338	315
338	323
338	329
338	331
338	333
338	334
338	336
338	337
338	339
338	340
338	341
338	344
338	363
338	380
338	381
338	436
338	474
338	479
338	622
338	679
338	923
339	12
339	91
339	187
339	188
339	191
339	199
339	204
339	206
339	208
339	211
339	213
339	230
339	240
339	251
339	258
339	275
339	278
339	285
339	288
339	290
339	291
339	305
339	308
339	313
339	314
339	315
339	317
339	321
339	327
339	329
339	331
339	334
339	335
339	336
339	337
339	338
339	340
339	664
339	680
339	736
339	752
339	864
339	974
340	171
340	174
340	185
340	191
340	195
340	199
340	214
340	218
340	230
340	231
340	244
340	251
340	252
340	258
340	260
340	261
340	275
340	282
340	289
340	290
340	298
340	310
340	313
340	314
340	315
340	323
340	328
340	330
340	331
340	332
340	334
340	335
340	338
340	339
340	341
340	342
340	452
340	466
340	511
340	917
340	919
340	987
340	994
341	189
341	198
341	203
341	205
341	207
341	215
341	218
341	220
341	226
341	229
341	234
341	246
341	254
341	255
341	257
341	270
341	284
341	288
341	290
341	292
341	299
341	305
341	309
341	311
341	317
341	322
341	324
341	325
341	329
341	330
341	333
341	338
341	340
341	344
341	345
341	452
341	483
341	500
341	511
341	568
341	598
341	721
341	968
341	989
342	100
342	145
342	192
342	217
342	219
342	222
342	227
342	230
342	236
342	238
342	239
342	242
342	248
342	251
342	254
342	256
342	257
342	260
342	261
342	262
342	264
342	265
342	269
342	274
342	277
342	296
342	297
342	298
342	309
342	313
342	316
342	317
342	319
342	322
342	325
342	336
342	340
342	410
342	490
342	530
342	632
342	876
342	942
342	951
343	173
343	186
343	190
343	202
343	207
343	210
343	219
343	222
343	228
343	231
343	232
343	235
343	246
343	249
343	250
343	252
343	256
343	271
343	273
343	285
343	286
343	291
343	292
343	294
343	295
343	304
343	306
343	312
343	320
343	322
343	324
343	326
343	334
343	337
343	344
343	345
343	472
343	501
343	621
343	623
343	646
343	804
343	851
343	993
344	104
344	186
344	195
344	211
344	225
344	228
344	240
344	243
344	250
344	255
344	257
344	261
344	268
344	271
344	272
344	273
344	283
344	292
344	294
344	295
344	301
344	306
344	310
344	312
344	313
344	314
344	315
344	318
344	319
344	320
344	327
344	332
344	336
344	337
344	338
344	341
344	343
344	457
344	694
344	721
344	734
344	750
344	870
344	962
344	984
345	153
345	167
345	197
345	200
345	204
345	209
345	210
345	214
345	220
345	223
345	237
345	247
345	249
345	255
345	262
345	263
345	267
345	278
345	284
345	289
345	292
345	300
345	302
345	304
345	311
345	316
345	317
345	320
345	322
345	325
345	328
345	329
345	330
345	333
345	335
345	337
345	341
345	343
345	462
345	519
345	638
345	844
345	918
345	958
345	961
346	371
346	426
346	433
346	442
346	446
346	454
346	463
346	476
346	698
346	858
347	44
347	128
347	365
347	413
347	444
347	450
347	460
347	461
347	467
347	472
348	166
348	432
348	442
348	453
348	458
348	461
348	463
348	467
348	476
348	910
349	232
349	381
349	392
349	418
349	422
349	442
349	447
349	458
349	472
349	663
350	294
350	362
350	372
350	408
350	412
350	431
350	466
350	471
350	474
350	965
351	383
351	400
351	439
351	447
351	450
351	469
351	470
351	473
351	536
351	705
352	139
352	369
352	378
352	382
352	415
352	460
352	471
352	474
352	475
352	707
353	362
353	396
353	431
353	465
353	471
353	472
353	474
353	477
353	654
353	980
354	359
354	420
354	432
354	450
354	464
354	470
354	471
354	473
354	636
354	961
355	393
355	451
355	457
355	458
355	461
355	467
355	469
355	472
355	580
355	746
356	381
356	383
356	391
356	400
356	433
356	438
356	444
356	461
356	652
356	690
357	374
357	391
357	408
357	434
357	447
357	462
357	463
357	470
357	657
357	991
358	174
358	401
358	420
358	423
358	429
358	441
358	457
358	472
358	477
358	953
359	354
359	395
359	404
359	445
359	449
359	462
359	465
359	477
359	680
359	899
360	108
360	370
360	398
360	424
360	443
360	446
360	468
360	469
360	470
360	682
361	405
361	445
361	454
361	460
361	466
361	467
361	472
361	476
361	640
361	683
362	350
362	353
362	370
362	379
362	432
362	457
362	461
362	463
362	471
362	522
362	831
363	338
363	386
363	389
363	404
363	429
363	449
363	453
363	459
363	468
363	469
363	742
364	152
364	168
364	366
364	443
364	446
364	447
364	460
364	473
364	474
364	475
364	646
365	43
365	347
365	406
365	407
365	420
365	423
365	427
365	431
365	445
365	456
365	654
366	4
366	26
366	364
366	372
366	423
366	424
366	435
366	437
366	447
366	452
366	457
367	176
367	369
367	383
367	419
367	423
367	444
367	449
367	465
367	471
367	474
367	524
368	282
368	407
368	423
368	434
368	438
368	452
368	464
368	466
368	472
368	473
368	597
369	352
369	367
369	374
369	389
369	391
369	443
369	448
369	451
369	471
369	604
369	642
370	360
370	362
370	421
370	429
370	430
370	432
370	470
370	474
370	475
370	558
370	735
371	75
371	346
371	390
371	400
371	432
371	459
371	464
371	468
371	469
371	477
371	662
372	41
372	163
372	350
372	366
372	382
372	437
372	438
372	444
372	455
372	473
372	474
373	431
373	452
373	455
373	456
373	458
373	469
373	471
373	473
373	474
373	493
373	885
374	357
374	369
374	387
374	424
374	425
374	464
374	467
374	469
374	474
374	601
374	690
375	50
375	77
375	400
375	404
375	417
375	422
375	439
375	456
375	462
375	467
375	476
375	711
376	143
376	407
376	411
376	427
376	447
376	449
376	452
376	466
376	468
376	477
376	512
376	753
377	395
377	413
377	431
377	460
377	462
377	464
377	470
377	471
377	475
377	477
377	705
377	983
378	352
378	384
378	417
378	442
378	457
378	461
378	462
378	467
378	476
378	866
378	941
378	983
379	362
379	388
379	399
379	413
379	441
379	449
379	463
379	467
379	477
379	667
379	705
379	846
380	338
380	383
380	390
380	395
380	409
380	439
380	440
380	448
380	454
380	459
380	922
380	976
381	238
381	332
381	338
381	349
381	356
381	384
381	404
381	426
381	454
381	466
381	472
381	476
382	335
382	352
382	372
382	389
382	410
382	414
382	430
382	434
382	445
382	449
382	466
382	687
382	962
383	100
383	351
383	356
383	367
383	380
383	389
383	400
383	401
383	404
383	451
383	455
383	534
383	889
384	126
384	285
384	297
384	378
384	381
384	415
384	444
384	447
384	450
384	451
384	462
384	474
384	477
385	245
385	417
385	425
385	436
385	452
385	455
385	459
385	462
385	473
385	474
385	477
385	756
385	979
386	174
386	363
386	406
386	410
386	419
386	421
386	425
386	435
386	442
386	473
386	475
386	476
386	744
387	73
387	374
387	408
387	418
387	421
387	429
387	454
387	465
387	466
387	470
387	473
387	475
387	742
388	379
388	403
388	411
388	427
388	451
388	457
388	462
388	463
388	468
388	472
388	475
388	718
388	957
389	91
389	202
389	363
389	369
389	382
389	383
389	396
389	422
389	447
389	452
389	459
389	465
389	466
389	752
390	155
390	371
390	380
390	397
390	405
390	430
390	431
390	440
390	441
390	443
390	470
390	472
390	755
390	952
391	151
391	356
391	357
391	369
391	413
391	420
391	456
391	458
391	461
391	467
391	469
391	477
391	650
391	756
392	68
392	349
392	419
392	425
392	437
392	441
392	448
392	453
392	468
392	473
392	474
392	475
392	914
392	984
393	296
393	325
393	355
393	405
393	417
393	420
393	445
393	452
393	456
393	466
393	472
393	476
393	477
393	693
394	264
394	337
394	421
394	424
394	429
394	435
394	441
394	444
394	450
394	463
394	469
394	471
394	476
394	989
395	93
395	359
395	377
395	380
395	419
395	436
395	441
395	443
395	457
395	468
395	470
395	475
395	477
395	757
396	353
396	389
396	398
396	448
396	462
396	464
396	469
396	470
396	473
396	474
396	477
396	626
396	722
396	980
397	254
397	390
397	408
397	415
397	431
397	447
397	460
397	464
397	465
397	469
397	471
397	475
397	591
397	939
398	284
398	360
398	396
398	414
398	423
398	430
398	434
398	440
398	445
398	462
398	467
398	473
398	477
398	651
399	232
399	379
399	403
399	416
399	417
399	422
399	427
399	455
399	464
399	467
399	472
399	476
399	699
399	908
400	174
400	351
400	356
400	371
400	375
400	383
400	426
400	435
400	456
400	467
400	472
400	476
400	656
400	844
401	121
401	358
401	383
401	409
401	410
401	435
401	443
401	452
401	455
401	459
401	471
401	476
401	670
401	901
402	144
402	151
402	413
402	420
402	421
402	427
402	445
402	449
402	454
402	456
402	457
402	458
402	459
402	608
403	19
403	169
403	244
403	388
403	399
403	414
403	433
403	434
403	442
403	444
403	451
403	463
403	466
403	469
404	158
404	359
404	363
404	375
404	381
404	383
404	405
404	422
404	447
404	453
404	460
404	466
404	468
404	743
404	753
405	337
405	361
405	390
405	393
405	404
405	432
405	434
405	440
405	450
405	465
405	468
405	472
405	477
405	518
405	901
406	365
406	386
406	435
406	439
406	440
406	458
406	463
406	465
406	469
406	471
406	473
406	474
406	734
406	938
406	959
407	365
407	368
407	376
407	413
407	416
407	445
407	458
407	467
407	468
407	472
407	473
407	476
407	620
407	663
407	997
408	350
408	357
408	387
408	397
408	412
408	418
408	454
408	455
408	459
408	475
408	476
408	477
408	500
408	606
408	842
409	159
409	380
409	401
409	414
409	430
409	432
409	453
409	456
409	460
409	466
409	471
409	475
409	476
409	680
409	834
410	342
410	382
410	386
410	401
410	429
410	434
410	441
410	460
410	463
410	465
410	469
410	470
410	475
410	535
410	743
411	295
411	327
411	376
411	388
411	416
411	426
411	427
411	428
411	433
411	456
411	459
411	467
411	472
411	476
411	718
412	61
412	281
412	350
412	408
412	415
412	418
412	423
412	428
412	433
412	449
412	457
412	465
412	468
412	473
412	474
412	719
413	226
413	347
413	377
413	379
413	391
413	402
413	407
413	422
413	439
413	440
413	442
413	458
413	472
413	476
413	687
413	931
414	84
414	382
414	398
414	403
414	409
414	438
414	452
414	453
414	455
414	456
414	467
414	468
414	469
414	475
414	611
414	754
415	300
415	352
415	384
415	397
415	412
415	421
415	423
415	440
415	447
415	452
415	460
415	474
415	477
415	728
415	745
415	879
416	236
416	399
416	407
416	411
416	417
416	445
416	447
416	454
416	455
416	458
416	469
416	476
416	477
416	552
416	603
416	945
417	172
417	375
417	378
417	385
417	393
417	399
417	416
417	421
417	426
417	461
417	472
417	473
417	474
417	475
417	476
417	759
417	971
418	319
418	349
418	387
418	408
418	412
418	443
418	444
418	446
418	448
418	449
418	457
418	462
418	463
418	466
418	475
418	871
418	998
419	367
419	386
419	392
419	395
419	436
419	449
419	460
419	461
419	464
419	467
419	469
419	470
419	473
419	475
419	512
419	768
419	995
420	180
420	181
420	354
420	358
420	365
420	391
420	393
420	402
420	426
420	432
420	433
420	434
420	445
420	459
420	467
420	476
420	667
421	14
421	129
421	245
421	370
421	386
421	387
421	394
421	402
421	415
421	417
421	437
421	443
421	444
421	473
421	474
421	475
421	841
422	52
422	349
422	375
422	389
422	399
422	404
422	413
422	442
422	451
422	455
422	458
422	467
422	472
422	475
422	476
422	678
422	957
423	326
423	358
423	365
423	366
423	367
423	368
423	398
423	412
423	415
423	450
423	454
423	462
423	463
423	465
423	685
423	735
423	822
424	277
424	360
424	366
424	374
424	394
424	446
424	453
424	459
424	460
424	462
424	467
424	469
424	473
424	475
424	523
424	746
424	863
425	246
425	374
425	385
425	386
425	392
425	430
425	438
425	443
425	447
425	448
425	451
425	453
425	459
425	463
425	475
425	584
425	995
426	102
426	346
426	381
426	400
426	411
426	417
426	420
426	428
426	454
426	455
426	461
426	469
426	473
426	474
426	476
426	625
426	740
426	929
427	62
427	71
427	169
427	365
427	376
427	388
427	399
427	402
427	411
427	450
427	453
427	454
427	456
427	458
427	461
427	462
427	474
427	661
428	149
428	411
428	412
428	426
428	431
428	437
428	448
428	450
428	459
428	463
428	465
428	471
428	473
428	474
428	475
428	549
428	747
428	977
429	165
429	196
429	358
429	363
429	370
429	387
429	394
429	410
429	435
429	452
429	458
429	461
429	464
429	465
429	468
429	471
429	473
429	546
430	370
430	382
430	390
430	398
430	409
430	425
430	435
430	438
430	452
430	458
430	468
430	470
430	471
430	477
430	525
430	630
430	764
430	958
431	179
431	307
431	350
431	353
431	365
431	373
431	377
431	390
431	397
431	428
431	435
431	439
431	463
431	464
431	470
431	471
431	476
431	862
432	26
432	106
432	148
432	348
432	354
432	362
432	370
432	371
432	405
432	409
432	420
432	438
432	441
432	457
432	462
432	463
432	466
432	469
432	531
433	162
433	346
433	356
433	403
433	411
433	412
433	420
433	438
433	442
433	446
433	456
433	461
433	464
433	472
433	473
433	476
433	653
433	756
433	974
434	357
434	368
434	382
434	398
434	403
434	405
434	410
434	420
434	439
434	453
434	463
434	468
434	470
434	472
434	474
434	477
434	593
434	611
434	645
434	759
435	366
435	386
435	394
435	400
435	401
435	406
435	429
435	430
435	431
435	439
435	446
435	459
435	464
435	469
435	471
435	474
435	531
435	920
435	974
435	998
436	338
436	385
436	395
436	419
436	444
436	449
436	453
436	456
436	459
436	463
436	465
436	466
436	467
436	468
436	474
436	476
436	477
436	528
436	721
436	897
437	108
437	334
437	366
437	372
437	392
437	421
437	428
437	439
437	441
437	445
437	448
437	454
437	457
437	460
437	465
437	470
437	473
437	475
437	480
437	526
438	207
438	356
438	368
438	372
438	414
438	425
438	430
438	432
438	433
438	443
438	444
438	445
438	458
438	462
438	464
438	466
438	473
438	533
438	545
438	642
439	145
439	172
439	351
439	375
439	380
439	406
439	413
439	431
439	434
439	435
439	437
439	448
439	455
439	464
439	465
439	472
439	473
439	475
439	662
439	951
440	380
440	390
440	398
440	405
440	406
440	413
440	415
440	446
440	451
440	455
440	456
440	460
440	462
440	466
440	468
440	471
440	723
440	741
440	863
440	971
441	181
441	234
441	358
441	379
441	390
441	392
441	394
441	395
441	410
441	432
441	437
441	444
441	450
441	453
441	456
441	457
441	459
441	463
441	870
441	962
442	23
442	330
442	346
442	348
442	349
442	378
442	386
442	403
442	413
442	422
442	433
442	457
442	461
442	467
442	468
442	469
442	472
442	476
442	477
442	736
442	947
443	249
443	360
443	364
443	369
443	390
443	395
443	401
443	418
443	421
443	425
443	438
443	453
443	455
443	462
443	466
443	468
443	470
443	471
443	476
443	661
443	672
443	970
444	91
444	121
444	201
444	347
444	356
444	367
444	372
444	384
444	394
444	403
444	418
444	421
444	436
444	438
444	441
444	459
444	462
444	466
444	471
444	476
444	477
444	716
444	731
445	167
445	333
445	359
445	361
445	365
445	382
445	393
445	398
445	402
445	407
445	416
445	420
445	437
445	438
445	454
445	456
445	458
445	462
445	467
445	468
445	472
445	717
445	761
446	145
446	255
446	346
446	360
446	364
446	418
446	424
446	433
446	435
446	440
446	450
446	452
446	454
446	460
446	465
446	466
446	469
446	470
446	471
446	473
446	474
446	609
446	719
447	41
447	349
447	351
447	357
447	364
447	366
447	376
447	384
447	389
447	397
447	404
447	415
447	416
447	425
447	451
447	452
447	464
447	466
447	474
447	477
447	726
447	769
447	995
447	998
448	64
448	310
448	369
448	380
448	392
448	396
448	418
448	425
448	428
448	437
448	439
448	452
448	455
448	457
448	459
448	469
448	470
448	471
448	473
448	474
448	475
448	476
448	697
448	855
449	280
449	359
449	363
449	367
449	376
449	379
449	382
449	402
449	412
449	418
449	419
449	436
449	451
449	453
449	462
449	465
449	466
449	470
449	471
449	472
449	477
449	625
449	732
449	814
449	972
450	275
450	347
450	351
450	354
450	384
450	394
450	405
450	423
450	427
450	428
450	441
450	446
450	453
450	460
450	464
450	465
450	466
450	469
450	470
450	473
450	474
450	475
450	725
450	878
450	986
450	992
451	42
451	59
451	230
451	355
451	369
451	383
451	384
451	388
451	403
451	422
451	425
451	440
451	447
451	449
451	455
451	457
451	462
451	466
451	467
451	471
451	473
451	475
451	476
451	477
451	482
451	669
452	340
452	341
452	366
452	368
452	373
452	376
452	385
452	389
452	393
452	401
452	414
452	415
452	429
452	430
452	446
452	447
452	448
452	454
452	456
452	462
452	468
452	472
452	477
452	621
452	738
452	762
452	895
453	348
453	363
453	392
453	404
453	409
453	414
453	424
453	425
453	427
453	434
453	436
453	441
453	443
453	449
453	450
453	455
453	459
453	462
453	463
453	469
453	470
453	476
453	515
453	545
453	738
453	838
453	976
454	16
454	346
454	361
454	380
454	381
454	387
454	402
454	408
454	416
454	423
454	426
454	427
454	437
454	445
454	446
454	452
454	456
454	458
454	461
454	467
454	472
454	476
454	648
454	652
454	688
454	752
454	885
455	372
455	373
455	383
455	385
455	399
455	401
455	408
455	414
455	416
455	422
455	426
455	439
455	440
455	443
455	448
455	451
455	453
455	457
455	459
455	460
455	464
455	468
455	477
455	582
455	657
455	750
455	925
455	966
456	172
456	365
456	373
456	375
456	391
456	393
456	400
456	402
456	409
456	411
456	414
456	427
456	433
456	436
456	440
456	441
456	445
456	452
456	454
456	458
456	461
456	472
456	476
456	477
456	601
456	743
456	912
456	974
456	978
457	344
457	355
457	358
457	362
457	366
457	378
457	388
457	395
457	402
457	412
457	418
457	432
457	437
457	441
457	442
457	448
457	451
457	455
457	459
457	463
457	468
457	470
457	472
457	473
457	477
457	559
457	647
457	693
457	747
457	991
458	58
458	106
458	177
458	292
458	348
458	349
458	355
458	373
458	391
458	402
458	406
458	407
458	413
458	416
458	422
458	427
458	429
458	430
458	438
458	445
458	454
458	456
458	461
458	462
458	463
458	464
458	467
458	472
458	474
458	587
458	746
459	331
459	363
459	371
459	380
459	385
459	389
459	401
459	402
459	408
459	411
459	420
459	424
459	425
459	428
459	435
459	436
459	441
459	444
459	448
459	453
459	455
459	457
459	461
459	463
459	467
459	476
459	521
459	625
459	744
459	751
459	972
460	134
460	168
460	347
460	352
460	361
460	364
460	377
460	397
460	404
460	409
460	410
460	415
460	419
460	424
460	437
460	440
460	446
460	450
460	455
460	465
460	468
460	470
460	471
460	473
460	474
460	475
460	477
460	657
460	726
460	925
460	967
461	305
461	347
461	348
461	355
461	356
461	362
461	378
461	391
461	417
461	419
461	426
461	427
461	429
461	433
461	442
461	454
461	456
461	458
461	459
461	464
461	466
461	467
461	469
461	470
461	472
461	474
461	475
461	476
461	537
461	618
461	642
461	675
461	846
461	999
462	95
462	334
462	345
462	357
462	359
462	375
462	377
462	378
462	384
462	385
462	388
462	396
462	398
462	418
462	423
462	424
462	427
462	432
462	438
462	440
462	443
462	444
462	445
462	449
462	451
462	452
462	453
462	458
462	465
462	475
462	698
462	873
462	924
462	965
463	130
463	170
463	177
463	346
463	348
463	357
463	362
463	379
463	388
463	394
463	403
463	406
463	410
463	418
463	423
463	425
463	428
463	431
463	432
463	434
463	436
463	441
463	453
463	457
463	458
463	459
463	468
463	470
463	472
463	475
463	477
463	640
463	677
463	730
463	987
464	168
464	273
464	334
464	336
464	354
464	368
464	371
464	374
464	377
464	396
464	397
464	399
464	419
464	429
464	431
464	433
464	435
464	438
464	439
464	447
464	450
464	455
464	458
464	461
464	465
464	466
464	467
464	469
464	470
464	471
464	474
464	475
464	616
464	698
464	887
465	133
465	353
465	359
465	367
465	387
465	389
465	397
465	405
465	406
465	410
465	412
465	423
465	428
465	429
465	436
465	437
465	439
465	446
465	449
465	450
465	460
465	462
465	464
465	466
465	468
465	469
465	470
465	471
465	474
465	475
465	477
465	560
465	635
465	847
465	871
465	946
465	999
466	149
466	340
466	350
466	361
466	368
466	376
466	381
466	382
466	387
466	389
466	393
466	403
466	404
466	409
466	418
466	432
466	436
466	438
466	440
466	443
466	444
466	446
466	447
466	449
466	450
466	451
466	461
466	464
466	465
466	468
466	471
466	472
466	477
466	696
466	698
466	716
466	720
466	737
467	47
467	240
467	300
467	347
467	348
467	355
467	361
467	374
467	375
467	378
467	379
467	391
467	398
467	399
467	400
467	407
467	411
467	414
467	419
467	420
467	422
467	424
467	436
467	442
467	445
467	451
467	454
467	458
467	459
467	461
467	464
467	471
467	472
467	476
467	477
467	666
467	674
467	694
467	726
467	728
468	147
468	168
468	272
468	360
468	363
468	371
468	376
468	388
468	392
468	395
468	404
468	405
468	407
468	412
468	414
468	429
468	430
468	434
468	436
468	440
468	442
468	443
468	445
468	452
468	455
468	457
468	460
468	463
468	465
468	466
468	470
468	472
468	473
468	476
468	477
468	480
468	838
468	846
468	944
468	947
469	152
469	175
469	351
469	355
469	360
469	363
469	371
469	373
469	374
469	391
469	394
469	396
469	397
469	403
469	406
469	410
469	414
469	416
469	419
469	424
469	426
469	432
469	435
469	442
469	446
469	448
469	450
469	453
469	461
469	464
469	465
469	470
469	474
469	475
469	477
469	561
469	624
469	662
469	745
469	919
469	929
470	173
470	351
470	354
470	357
470	360
470	370
470	377
470	387
470	390
470	395
470	396
470	410
470	419
470	430
470	431
470	434
470	437
470	443
470	446
470	448
470	449
470	450
470	453
470	457
470	460
470	461
470	463
470	464
470	465
470	468
470	469
470	471
470	473
470	474
470	477
470	603
470	666
470	669
470	717
470	829
470	931
470	977
471	141
471	156
471	250
471	308
471	350
471	352
471	353
471	354
471	362
471	367
471	369
471	373
471	377
471	394
471	397
471	401
471	406
471	409
471	428
471	429
471	430
471	431
471	435
471	440
471	443
471	444
471	446
471	448
471	449
471	451
471	460
471	464
471	465
471	466
471	467
471	470
471	473
471	475
471	476
471	668
471	754
471	766
471	957
472	75
472	343
472	347
472	349
472	353
472	355
472	358
472	361
472	368
472	381
472	388
472	390
472	393
472	399
472	400
472	405
472	407
472	411
472	413
472	417
472	422
472	433
472	434
472	439
472	442
472	445
472	449
472	452
472	454
472	456
472	457
472	458
472	461
472	463
472	466
472	467
472	468
472	476
472	483
472	552
472	710
472	952
472	961
472	965
473	351
473	354
473	364
473	368
473	372
473	373
473	385
473	386
473	387
473	392
473	396
473	398
473	406
473	407
473	412
473	417
473	419
473	421
473	424
473	426
473	428
473	429
473	433
473	437
473	438
473	439
473	446
473	448
473	450
473	451
473	457
473	460
473	468
473	470
473	471
473	474
473	475
473	494
473	697
473	729
473	760
473	775
473	849
473	916
473	946
473	999
474	123
474	173
474	331
474	338
474	350
474	352
474	353
474	364
474	367
474	370
474	372
474	373
474	374
474	384
474	385
474	392
474	396
474	406
474	412
474	415
474	417
474	421
474	426
474	427
474	428
474	434
474	435
474	436
474	446
474	447
474	448
474	450
474	458
474	460
474	461
474	464
474	465
474	469
474	470
474	473
474	475
474	510
474	705
474	716
474	802
474	927
475	66
475	175
475	324
475	329
475	352
475	364
475	370
475	377
475	386
475	387
475	388
475	392
475	395
475	397
475	408
475	409
475	410
475	414
475	417
475	418
475	419
475	421
475	422
475	424
475	425
475	428
475	437
475	439
475	448
475	450
475	451
475	460
475	461
475	462
475	463
475	464
475	465
475	469
475	471
475	473
475	474
475	477
475	499
475	612
475	649
475	656
475	861
475	893
476	106
476	124
476	204
476	346
476	348
476	361
476	375
476	378
476	381
476	386
476	393
476	394
476	399
476	400
476	401
476	407
476	408
476	409
476	411
476	413
476	416
476	417
476	420
476	422
476	426
476	431
476	433
476	436
476	442
476	443
476	444
476	448
476	451
476	453
476	454
476	456
476	459
476	461
476	467
476	468
476	471
476	472
476	517
476	619
476	638
476	699
476	744
476	915
476	990
477	105
477	224
477	328
477	353
477	358
477	359
477	371
477	376
477	377
477	379
477	384
477	385
477	391
477	393
477	395
477	396
477	398
477	405
477	408
477	415
477	416
477	430
477	434
477	436
477	442
477	444
477	447
477	449
477	451
477	452
477	455
477	456
477	457
477	460
477	463
477	465
477	466
477	467
477	468
477	469
477	470
477	475
477	519
477	565
477	592
477	737
477	760
477	788
477	979
478	525
478	533
478	537
478	655
478	707
478	715
478	759
478	765
478	951
478	963
479	111
479	338
479	543
479	609
479	655
479	699
479	731
479	739
479	742
479	763
480	437
480	468
480	503
480	575
480	595
480	642
480	680
480	725
480	745
480	751
481	221
481	318
481	500
481	534
481	577
481	579
481	595
481	659
481	721
481	763
482	451
482	502
482	574
482	636
482	639
482	660
482	688
482	763
482	765
482	842
483	341
483	472
483	656
483	689
483	721
483	742
483	743
483	748
483	754
483	758
484	68
484	540
484	596
484	652
484	690
484	706
484	730
484	744
484	762
484	936
485	94
485	509
485	516
485	574
485	667
485	706
485	719
485	720
485	762
485	811
486	560
486	630
486	633
486	663
486	671
486	725
486	728
486	755
486	774
486	978
487	171
487	584
487	591
487	669
487	715
487	725
487	736
487	749
487	750
487	849
488	17
488	660
488	668
488	675
488	683
488	692
488	697
488	719
488	751
488	969
489	176
489	540
489	621
489	658
489	664
489	698
489	699
489	710
489	731
489	983
490	306
490	342
490	627
490	636
490	682
490	689
490	738
490	743
490	746
490	754
491	307
491	534
491	653
491	674
491	730
491	737
491	741
491	761
491	762
491	825
492	294
492	581
492	591
492	691
492	728
492	743
492	745
492	761
492	763
492	987
493	373
493	608
493	618
493	675
493	706
493	717
493	720
493	763
493	765
493	954
494	473
494	589
494	665
494	672
494	684
494	707
494	711
494	716
494	733
494	803
495	21
495	583
495	612
495	638
495	737
495	751
495	756
495	760
495	764
495	794
496	582
496	662
496	682
496	716
496	726
496	739
496	748
496	758
496	869
496	964
497	201
497	507
497	635
497	662
497	680
497	742
497	749
497	750
497	759
497	791
498	579
498	609
498	686
498	701
498	732
498	734
498	752
498	753
498	967
498	981
499	192
499	475
499	628
499	637
499	669
499	732
499	747
499	748
499	752
499	753
500	341
500	408
500	481
500	501
500	547
500	643
500	671
500	695
500	728
500	741
501	343
501	500
501	549
501	622
501	639
501	723
501	727
501	736
501	749
501	852
502	11
502	299
502	482
502	581
502	587
502	639
502	675
502	688
502	737
502	765
503	49
503	129
503	480
503	511
503	551
503	588
503	648
503	659
503	663
503	763
504	137
504	270
504	548
504	587
504	607
504	618
504	677
504	688
504	689
504	720
505	511
505	652
505	682
505	712
505	716
505	740
505	747
505	755
505	943
505	948
506	57
506	182
506	548
506	570
506	670
506	691
506	707
506	709
506	751
506	757
507	299
507	497
507	541
507	561
507	565
507	629
507	717
507	749
507	750
507	857
508	315
508	556
508	570
508	575
508	648
508	700
508	749
508	759
508	765
508	891
509	209
509	485
509	550
509	608
509	620
509	688
509	706
509	720
509	738
509	967
510	474
510	539
510	608
510	616
510	618
510	660
510	667
510	682
510	720
510	762
510	977
511	340
511	341
511	503
511	505
511	540
511	561
511	595
511	665
511	699
511	763
511	966
512	376
512	419
512	533
512	574
512	598
512	608
512	660
512	668
512	706
512	716
512	964
513	9
513	618
513	657
513	661
513	672
513	676
513	684
513	726
513	733
513	755
513	842
514	103
514	176
514	576
514	700
514	702
514	717
514	741
514	759
514	760
514	765
514	948
515	80
515	88
515	453
515	647
515	677
515	701
515	732
515	747
515	752
515	753
515	764
516	115
516	125
516	485
516	551
516	575
516	592
516	694
516	708
516	712
516	741
516	744
517	132
517	476
517	679
517	703
517	713
517	718
517	730
517	741
517	744
517	759
517	762
518	405
518	583
518	587
518	600
518	612
518	652
518	670
518	676
518	681
518	764
518	837
519	345
519	477
519	574
519	606
519	627
519	638
519	665
519	716
519	725
519	734
519	758
520	40
520	322
520	554
520	614
520	627
520	635
520	659
520	679
520	680
520	691
520	729
521	68
521	329
521	459
521	558
521	632
521	694
521	727
521	732
521	741
521	760
521	761
522	362
522	591
522	610
522	615
522	623
522	643
522	662
522	697
522	707
522	716
522	976
523	143
523	336
523	424
523	615
523	621
523	663
523	709
523	713
523	723
523	744
523	761
524	367
524	605
524	650
524	684
524	705
524	737
524	738
524	743
524	746
524	748
524	784
525	276
525	430
525	478
525	529
525	576
525	666
525	678
525	687
525	740
525	759
525	765
526	437
526	545
526	557
526	630
526	667
526	685
526	714
526	715
526	727
526	742
526	803
527	140
527	179
527	299
527	534
527	614
527	653
527	672
527	682
527	705
527	723
527	742
528	336
528	436
528	630
528	637
528	643
528	711
528	712
528	720
528	739
528	763
528	765
529	34
529	335
529	525
529	563
529	585
529	624
529	721
529	733
529	734
529	755
529	756
530	342
530	590
530	647
530	670
530	721
530	724
530	727
530	732
530	738
530	746
530	754
530	958
531	432
531	435
531	543
531	576
531	579
531	593
531	635
531	658
531	698
531	736
531	743
531	745
532	154
532	166
532	590
532	668
532	694
532	737
532	748
532	751
532	757
532	763
532	764
532	882
533	183
533	438
533	478
533	512
533	617
533	642
533	726
533	735
533	753
533	759
533	765
533	816
534	241
534	383
534	481
534	491
534	527
534	565
534	584
534	590
534	653
534	672
534	724
534	993
535	111
535	410
535	578
535	629
535	683
535	705
535	708
535	712
535	733
535	734
535	752
535	755
536	351
536	585
536	689
536	703
536	724
536	738
536	746
536	748
536	750
536	754
536	767
536	822
537	245
537	461
537	478
537	550
537	568
537	569
537	626
537	643
537	675
537	695
537	755
537	756
538	181
538	548
538	648
538	657
538	671
538	700
538	710
538	735
538	741
538	765
538	819
538	999
539	326
539	510
539	633
539	693
539	721
539	730
539	738
539	743
539	746
539	748
539	754
539	998
540	5
540	484
540	489
540	511
540	556
540	617
540	674
540	685
540	709
540	730
540	762
540	984
541	112
541	507
541	565
541	571
541	577
541	595
541	659
541	668
541	679
541	745
541	763
541	978
542	127
542	172
542	251
542	615
542	644
542	660
542	705
542	708
542	726
542	747
542	761
542	762
543	47
543	479
543	531
543	581
543	613
543	627
543	698
543	700
543	731
543	734
543	745
543	986
544	28
544	312
544	557
544	597
544	692
544	697
544	709
544	730
544	741
544	756
544	761
544	762
545	438
545	453
545	526
545	623
545	637
545	649
545	701
545	732
545	747
545	752
545	753
545	917
546	166
546	429
546	588
546	651
546	661
546	699
546	712
546	724
546	746
546	748
546	754
546	973
547	500
547	554
547	569
547	637
547	645
547	664
547	679
547	716
547	736
547	758
547	975
547	995
548	251
548	504
548	506
548	538
548	601
548	647
548	648
548	655
548	702
548	759
548	765
548	945
549	428
549	501
549	631
549	653
549	688
549	714
549	723
549	736
549	750
549	751
549	764
549	977
549	994
550	155
550	509
550	537
550	582
550	690
550	694
550	715
550	718
550	732
550	747
550	752
550	753
550	1000
551	112
551	332
551	503
551	516
551	562
551	567
551	612
551	626
551	657
551	725
551	728
551	758
551	772
552	177
552	416
552	472
552	651
552	659
552	693
552	697
552	710
552	743
552	744
552	746
552	748
552	754
553	107
553	301
553	566
553	597
553	618
553	694
553	709
553	716
553	760
553	761
553	762
553	764
553	878
554	103
554	107
554	226
554	520
554	547
554	573
554	576
554	581
554	586
554	616
554	650
554	669
554	731
555	24
555	327
555	625
555	646
555	648
555	686
555	704
555	718
555	737
555	747
555	752
555	764
555	972
556	508
556	540
556	604
556	611
556	656
556	678
556	714
556	735
556	750
556	759
556	765
556	855
556	973
557	206
557	316
557	526
557	544
557	629
557	641
557	654
557	714
557	729
557	733
557	742
557	743
557	749
558	370
558	521
558	629
558	635
558	666
558	672
558	688
558	714
558	715
558	742
558	749
558	979
558	980
559	3
559	457
559	600
559	601
559	610
559	666
559	693
559	709
559	717
559	735
559	759
559	765
559	974
560	57
560	465
560	486
560	695
560	696
560	702
560	704
560	718
560	738
560	747
560	752
560	753
560	1000
561	177
561	469
561	507
561	511
561	564
561	573
561	603
561	649
561	679
561	698
561	745
561	754
561	763
562	262
562	321
562	551
562	603
562	656
562	659
562	671
562	691
562	698
562	731
562	745
562	763
562	981
563	113
563	202
563	310
563	529
563	564
563	622
563	689
563	721
563	724
563	743
563	748
563	754
563	763
564	53
564	561
564	563
564	646
564	692
564	697
564	702
564	710
564	719
564	751
564	757
564	764
564	971
565	81
565	238
565	477
565	507
565	534
565	541
565	584
565	634
565	715
565	722
565	739
565	742
565	745
566	112
566	332
566	553
566	623
566	652
566	660
566	676
566	692
566	737
566	751
566	753
566	764
566	921
567	136
567	170
567	279
567	551
567	655
567	657
567	695
567	704
567	710
567	716
567	755
567	756
567	759
568	111
568	341
568	537
568	617
568	635
568	668
568	682
568	725
568	730
568	740
568	755
568	756
568	758
568	991
569	56
569	183
569	537
569	547
569	585
569	725
569	728
569	739
569	742
569	749
569	754
569	756
569	765
569	998
570	47
570	260
570	506
570	508
570	634
570	640
570	691
570	707
570	737
570	739
570	751
570	757
570	764
570	932
571	541
571	635
571	643
571	648
571	687
571	696
571	710
571	717
571	735
571	759
571	765
571	888
571	950
571	961
572	39
572	288
572	580
572	634
572	669
572	674
572	720
572	723
572	727
572	742
572	749
572	750
572	762
572	964
573	61
573	554
573	561
573	586
573	594
573	674
573	679
573	691
573	697
573	698
573	743
573	752
573	806
573	892
574	164
574	336
574	482
574	485
574	512
574	519
574	590
574	607
574	667
574	673
574	688
574	720
574	750
574	835
575	331
575	480
575	508
575	516
575	597
575	646
575	678
575	685
575	708
575	710
575	744
575	762
575	949
575	979
576	298
576	301
576	514
576	525
576	531
576	554
576	577
576	588
576	621
576	696
576	698
576	762
576	763
576	990
577	181
577	481
577	541
577	576
577	612
577	625
577	642
577	680
577	731
577	761
577	763
577	765
577	839
577	959
578	143
578	311
578	535
578	605
578	632
578	664
578	665
578	682
578	686
578	695
578	704
578	711
578	755
578	979
579	216
579	481
579	498
579	531
579	591
579	658
579	669
579	699
579	719
579	721
579	731
579	756
579	847
579	944
580	150
580	355
580	572
580	606
580	655
580	664
580	714
580	732
580	736
580	742
580	749
580	750
580	757
580	796
581	125
581	150
581	165
581	492
581	502
581	543
581	554
581	613
581	621
581	648
581	669
581	679
581	736
581	758
582	156
582	455
582	496
582	550
582	601
582	624
582	638
582	663
582	681
582	705
582	718
582	726
582	753
582	960
583	104
583	495
583	518
583	597
583	652
583	680
583	719
583	737
583	740
583	757
583	758
583	764
583	887
583	896
584	425
584	487
584	534
584	565
584	606
584	614
584	629
584	667
584	715
584	722
584	743
584	749
584	752
584	914
585	240
585	305
585	529
585	536
585	569
585	645
585	683
585	700
585	718
585	734
585	756
585	757
585	758
585	917
586	554
586	573
586	609
586	613
586	621
586	633
586	728
586	745
586	755
586	763
586	765
586	834
586	859
586	865
587	94
587	191
587	458
587	502
587	504
587	518
587	592
587	634
587	639
587	640
587	667
587	675
587	688
587	706
588	503
588	546
588	576
588	594
588	631
588	669
588	691
588	699
588	702
588	729
588	745
588	942
588	994
588	997
589	46
589	181
589	241
589	494
589	622
589	672
589	701
589	721
589	724
589	738
589	746
589	748
589	754
589	762
590	141
590	155
590	179
590	530
590	532
590	534
590	574
590	599
590	604
590	658
590	670
590	676
590	723
590	751
590	764
591	184
591	397
591	487
591	492
591	522
591	579
591	594
591	611
591	642
591	698
591	730
591	731
591	745
591	763
591	994
592	223
592	286
592	477
592	516
592	587
592	632
592	673
592	693
592	699
592	705
592	713
592	741
592	758
592	760
592	761
593	302
593	434
593	531
593	630
593	683
593	684
593	711
593	718
593	720
593	725
593	726
593	728
593	751
593	756
593	894
594	211
594	573
594	588
594	591
594	600
594	637
594	698
594	699
594	713
594	728
594	731
594	762
594	763
594	935
594	946
595	101
595	153
595	241
595	480
595	481
595	511
595	541
595	600
595	603
595	614
595	662
595	698
595	713
595	752
595	753
596	151
596	170
596	484
596	647
596	679
596	689
596	694
596	708
596	730
596	735
596	741
596	744
596	760
596	762
596	881
597	168
597	261
597	368
597	544
597	553
597	575
597	583
597	612
597	646
597	689
597	724
597	729
597	731
597	760
597	762
598	341
598	512
598	608
598	618
598	628
598	646
598	654
598	669
598	675
598	688
598	698
598	706
598	720
598	878
598	996
599	21
599	313
599	326
599	590
599	606
599	610
599	613
599	619
599	640
599	649
599	692
599	719
599	731
599	751
599	757
600	113
600	518
600	559
600	594
600	595
600	613
600	618
600	642
600	680
600	684
600	699
600	731
600	745
600	810
600	934
601	374
601	456
601	548
601	559
601	582
601	633
601	655
601	678
601	702
601	714
601	758
601	759
601	763
601	765
601	831
602	92
602	301
602	681
602	690
602	696
602	701
602	718
602	720
602	732
602	747
602	750
602	752
602	754
602	761
602	848
603	104
603	416
603	470
603	561
603	562
603	595
603	658
603	669
603	675
603	679
603	687
603	702
603	731
603	744
603	745
604	112
604	369
604	556
604	590
604	640
604	652
604	653
604	677
604	697
604	715
604	719
604	737
604	756
604	757
604	764
604	952
605	76
605	138
605	239
605	524
605	578
605	679
605	689
605	693
605	715
605	723
605	724
605	738
605	743
605	748
605	754
605	759
606	113
606	183
606	408
606	519
606	580
606	584
606	599
606	623
606	631
606	641
606	650
606	722
606	723
606	742
606	750
606	756
607	161
607	504
607	574
607	608
607	616
607	625
607	639
607	660
607	675
607	691
607	708
607	720
607	745
607	749
607	896
607	970
608	311
608	402
608	493
608	509
608	510
608	512
608	598
608	607
608	653
608	658
608	667
608	688
608	707
608	720
608	763
608	971
609	446
609	479
609	498
609	586
609	621
609	680
609	684
609	691
609	709
609	721
609	726
609	731
609	763
609	903
609	962
609	978
610	40
610	522
610	559
610	599
610	612
610	644
610	652
610	653
610	662
610	707
610	737
610	739
610	751
610	757
610	830
610	984
611	279
611	414
611	434
611	556
611	591
611	633
611	634
611	656
611	677
611	686
611	687
611	711
611	717
611	735
611	759
611	765
612	236
612	475
612	495
612	518
612	551
612	577
612	597
612	610
612	621
612	661
612	662
612	668
612	707
612	757
612	764
612	882
613	32
613	90
613	133
613	543
613	581
613	586
613	599
613	600
613	642
613	669
613	708
613	728
613	741
613	745
613	761
613	763
614	109
614	334
614	520
614	527
614	584
614	595
614	658
614	659
614	669
614	680
614	684
614	698
614	729
614	742
614	745
614	903
615	96
615	319
615	522
615	523
615	542
615	646
615	651
615	664
615	673
615	708
615	713
615	760
615	762
615	763
615	886
615	985
616	160
616	295
616	464
616	510
616	554
616	607
616	618
616	636
616	660
616	667
616	675
616	706
616	720
616	726
616	735
616	757
617	139
617	533
617	540
617	568
617	626
617	668
617	677
617	678
617	700
617	702
617	710
617	756
617	759
617	765
617	845
617	966
618	461
618	493
618	504
618	510
618	513
618	553
618	598
618	600
618	616
618	639
618	660
618	693
618	706
618	725
618	792
618	942
618	996
619	71
619	476
619	599
619	642
619	654
619	670
619	676
619	692
619	697
619	719
619	745
619	753
619	754
619	757
619	763
619	764
619	785
620	184
620	311
620	407
620	509
620	627
620	632
620	664
620	671
620	683
620	684
620	695
620	698
620	722
620	728
620	738
620	740
620	747
621	343
621	452
621	489
621	523
621	576
621	581
621	586
621	609
621	612
621	631
621	658
621	659
621	676
621	731
621	733
621	754
621	1000
622	338
622	501
622	563
622	589
622	647
622	654
622	667
622	704
622	721
622	724
622	738
622	743
622	754
622	755
622	768
622	838
622	982
623	203
623	343
623	522
623	545
623	566
623	606
623	676
623	692
623	697
623	703
623	707
623	746
623	757
623	758
623	764
623	827
623	955
624	136
624	469
624	529
624	582
624	644
624	663
624	686
624	690
624	696
624	704
624	732
624	742
624	747
624	748
624	753
624	760
624	872
625	27
625	426
625	449
625	459
625	555
625	577
625	607
625	638
625	681
625	696
625	704
625	711
625	719
625	747
625	750
625	752
625	753
626	102
626	308
626	396
626	537
626	551
626	617
626	637
626	651
626	688
626	725
626	731
626	734
626	740
626	756
626	758
626	761
626	898
627	13
627	127
627	295
627	490
627	519
627	520
627	543
627	620
627	671
627	685
627	712
627	725
627	733
627	740
627	758
627	759
627	952
628	82
628	499
628	598
628	691
628	693
628	721
628	722
628	724
628	738
628	743
628	744
628	746
628	748
628	754
628	760
628	939
628	961
629	150
629	270
629	507
629	535
629	557
629	558
629	584
629	653
629	672
629	683
629	696
629	711
629	715
629	727
629	736
629	747
629	759
629	777
630	267
630	296
630	430
630	486
630	526
630	528
630	593
630	656
630	657
630	679
630	685
630	695
630	711
630	712
630	725
630	746
630	755
630	758
631	162
631	549
631	588
631	606
631	621
631	651
631	654
631	667
631	672
631	712
631	722
631	736
631	742
631	749
631	750
631	789
631	883
631	932
632	342
632	521
632	578
632	592
632	620
632	636
632	692
632	708
632	709
632	713
632	729
632	746
632	753
632	760
632	761
632	762
632	770
632	949
633	252
633	309
633	486
633	539
633	586
633	601
633	611
633	648
633	656
633	660
633	677
633	702
633	717
633	735
633	759
633	762
633	765
633	883
634	181
634	243
634	565
634	570
634	572
634	587
634	611
634	653
634	654
634	658
634	684
634	723
634	727
634	736
634	742
634	750
634	765
634	893
635	7
635	465
635	497
635	520
635	531
635	558
635	568
635	571
635	654
635	714
635	722
635	723
635	727
635	728
635	749
635	750
635	839
635	849
636	134
636	354
636	482
636	490
636	616
636	632
636	645
636	650
636	703
636	708
636	729
636	744
636	748
636	757
636	760
636	761
636	896
636	984
637	79
637	120
637	499
637	528
637	545
637	547
637	594
637	626
637	707
637	716
637	726
637	728
637	739
637	740
637	752
637	758
637	944
637	966
638	231
638	345
638	476
638	495
638	519
638	582
638	625
638	663
638	675
638	686
638	689
638	690
638	718
638	719
638	734
638	747
638	752
638	753
639	186
639	212
639	482
639	501
639	502
639	587
639	607
639	618
639	660
639	667
639	688
639	720
639	736
639	744
639	751
639	753
639	946
639	970
640	278
640	361
640	463
640	570
640	587
640	599
640	604
640	662
640	709
640	717
640	737
640	748
640	751
640	753
640	757
640	762
640	764
640	995
641	131
641	178
641	290
641	557
641	606
641	666
641	680
641	687
641	712
641	714
641	723
641	727
641	730
641	736
641	742
641	749
641	750
641	787
642	55
642	369
642	438
642	461
642	480
642	533
642	577
642	591
642	600
642	613
642	619
642	669
642	678
642	691
642	699
642	708
642	714
642	763
643	500
643	522
643	528
643	537
643	571
643	661
643	705
643	711
643	723
643	733
643	734
643	740
643	746
643	755
643	756
643	868
643	890
643	955
644	304
644	542
644	610
644	624
644	662
644	664
644	725
644	726
644	728
644	733
644	734
644	735
644	740
644	753
644	756
644	758
644	920
644	998
645	148
645	182
645	434
645	547
645	585
645	636
645	652
645	673
645	674
645	682
645	720
645	726
645	733
645	734
645	739
645	756
645	757
645	758
645	922
646	69
646	177
646	343
646	364
646	555
646	564
646	575
646	597
646	598
646	615
646	698
646	702
646	703
646	709
646	729
646	744
646	745
646	760
646	761
647	164
647	263
647	457
647	515
647	530
647	548
647	596
647	622
647	669
647	684
647	689
647	693
647	724
647	743
647	745
647	746
647	748
647	754
647	812
648	120
648	454
648	503
648	508
648	538
648	548
648	555
648	571
648	581
648	633
648	666
648	677
648	710
648	712
648	717
648	745
648	757
648	765
648	931
649	86
649	316
649	475
649	545
649	561
649	599
649	650
649	655
649	656
649	673
649	674
649	685
649	694
649	713
649	741
649	760
649	761
649	762
649	966
650	122
650	391
650	524
650	554
650	606
650	636
650	649
650	703
650	705
650	707
650	709
650	713
650	729
650	730
650	738
650	756
650	761
650	762
650	948
651	124
651	164
651	266
651	398
651	546
651	552
651	615
651	626
651	631
651	689
651	693
651	694
651	721
651	738
651	743
651	746
651	748
651	754
651	764
652	144
652	356
652	454
652	484
652	505
652	518
652	566
652	583
652	604
652	610
652	645
652	676
652	697
652	719
652	737
652	746
652	761
652	764
652	815
653	170
653	291
653	433
653	491
653	527
653	534
653	549
653	604
653	608
653	610
653	629
653	634
653	687
653	715
653	722
653	723
653	727
653	750
653	808
654	87
654	168
654	353
654	365
654	557
654	598
654	619
654	622
654	631
654	634
654	635
654	672
654	677
654	715
654	722
654	723
654	727
654	736
654	742
655	219
655	478
655	479
655	548
655	567
655	580
655	601
655	649
655	687
655	702
655	710
655	717
655	735
655	759
655	764
655	765
655	968
655	977
655	982
656	228
656	400
656	475
656	483
656	556
656	562
656	611
656	630
656	633
656	649
656	677
656	678
656	700
656	710
656	717
656	720
656	758
656	765
656	962
657	225
657	357
657	455
657	460
657	513
657	538
657	551
657	567
657	630
657	682
657	687
657	716
657	726
657	733
657	739
657	745
657	750
657	758
657	760
658	73
658	81
658	182
658	489
658	531
658	579
658	590
658	603
658	608
658	614
658	621
658	634
658	659
658	679
658	710
658	726
658	731
658	745
658	746
658	920
659	142
659	153
659	247
659	481
659	503
659	520
659	541
659	552
659	562
659	614
659	621
659	658
659	672
659	679
659	692
659	725
659	740
659	745
659	758
659	953
660	116
660	258
660	297
660	482
660	488
660	510
660	512
660	542
660	566
660	607
660	616
660	618
660	633
660	639
660	675
660	683
660	688
660	695
660	706
660	809
661	427
661	443
661	513
661	546
661	612
661	643
661	665
661	682
661	695
661	703
661	712
661	716
661	722
661	726
661	728
661	733
661	737
661	762
661	790
661	955
662	16
662	371
662	439
662	469
662	496
662	497
662	522
662	595
662	610
662	612
662	640
662	644
662	676
662	719
662	721
662	737
662	751
662	756
662	757
662	764
663	82
663	154
663	349
663	407
663	486
663	503
663	523
663	582
663	624
663	638
663	681
663	686
663	701
663	720
663	732
663	740
663	744
663	747
663	752
663	753
664	164
664	171
664	284
664	339
664	489
664	547
664	578
664	580
664	615
664	620
664	644
664	683
664	709
664	711
664	734
664	739
664	747
664	756
664	758
664	762
665	42
665	216
665	296
665	494
665	511
665	519
665	578
665	661
665	683
665	684
665	699
665	701
665	704
665	712
665	734
665	740
665	751
665	758
665	764
665	974
666	467
666	470
666	525
666	558
666	559
666	641
666	648
666	678
666	687
666	691
666	694
666	700
666	708
666	710
666	717
666	735
666	752
666	759
666	909
666	989
667	118
667	379
667	420
667	485
667	510
667	526
667	574
667	584
667	587
667	608
667	616
667	622
667	631
667	639
667	670
667	675
667	706
667	720
667	742
667	812
668	318
668	471
668	488
668	512
668	532
668	541
668	568
668	612
668	617
668	676
668	697
668	707
668	719
668	734
668	739
668	751
668	757
668	764
668	779
668	975
669	451
669	470
669	487
669	499
669	554
669	572
669	579
669	581
669	588
669	598
669	603
669	613
669	614
669	642
669	647
669	679
669	691
669	709
669	763
669	820
669	924
670	229
670	316
670	401
670	506
670	518
670	530
670	590
670	619
670	667
670	692
670	707
670	715
670	717
670	719
670	735
670	737
670	751
670	761
670	764
670	956
670	965
671	486
671	500
671	538
671	562
671	620
671	627
671	683
671	694
671	695
671	714
671	715
671	716
671	723
671	734
671	740
671	755
671	756
671	901
671	928
671	947
671	975
672	176
672	443
672	494
672	513
672	527
672	534
672	558
672	589
672	629
672	631
672	654
672	659
672	702
672	714
672	722
672	727
672	749
672	750
672	758
672	845
672	869
673	120
673	574
673	592
673	615
673	645
673	649
673	690
673	703
673	705
673	729
673	741
673	744
673	750
673	755
673	760
673	761
673	762
673	763
673	818
673	912
673	992
674	27
674	132
674	276
674	467
674	491
674	540
674	572
674	573
674	645
674	649
674	694
674	703
674	705
674	715
674	729
674	738
674	744
674	751
674	761
674	762
674	992
675	157
675	177
675	225
675	461
675	488
675	493
675	502
675	537
675	587
675	598
675	603
675	607
675	616
675	638
675	660
675	667
675	706
675	720
675	742
675	749
675	934
676	128
676	321
676	513
676	518
676	566
676	590
676	619
676	621
676	623
676	652
676	662
676	668
676	697
676	706
676	730
676	731
676	748
676	757
676	764
676	793
676	961
677	213
677	297
677	323
677	463
677	504
677	515
677	604
677	611
677	617
677	633
677	648
677	654
677	656
677	710
677	711
677	717
677	729
677	734
677	735
677	759
677	765
678	320
678	422
678	525
678	556
678	575
678	601
678	617
678	642
678	656
678	666
678	683
678	687
678	692
678	707
678	710
678	720
678	734
678	735
678	759
678	765
678	824
678	830
679	92
679	115
679	338
679	517
679	520
679	541
679	547
679	561
679	573
679	581
679	596
679	603
679	605
679	630
679	658
679	659
679	669
679	691
679	731
679	763
679	764
679	970
680	169
680	339
680	359
680	409
680	480
680	497
680	520
680	577
680	583
680	600
680	609
680	614
680	641
680	691
680	699
680	710
680	728
680	731
680	738
680	745
680	763
680	943
681	134
681	152
681	163
681	518
681	582
681	602
681	625
681	663
681	690
681	698
681	704
681	712
681	718
681	724
681	729
681	732
681	747
681	752
681	753
681	759
681	792
681	991
682	33
682	127
682	160
682	242
682	360
682	490
682	496
682	505
682	510
682	527
682	568
682	578
682	645
682	657
682	661
682	711
682	727
682	733
682	740
682	747
682	752
682	758
683	273
683	331
683	361
683	488
683	535
683	585
683	593
683	620
683	629
683	660
683	664
683	665
683	671
683	678
683	711
683	728
683	731
683	739
683	756
683	760
683	762
683	875
684	114
684	149
684	312
684	494
684	513
684	524
684	593
684	600
684	609
684	614
684	620
684	634
684	647
684	665
684	704
684	716
684	726
684	734
684	755
684	756
684	773
684	927
685	285
685	303
685	305
685	423
685	526
685	540
685	575
685	627
685	630
685	649
685	694
685	696
685	708
685	713
685	723
685	729
685	744
685	752
685	757
685	760
685	761
685	762
685	890
686	165
686	177
686	498
686	555
686	578
686	611
686	624
686	638
686	663
686	690
686	701
686	704
686	709
686	713
686	714
686	718
686	740
686	747
686	749
686	752
686	753
686	913
686	929
687	76
687	329
687	382
687	413
687	525
687	571
687	603
687	611
687	641
687	653
687	655
687	657
687	666
687	678
687	690
687	700
687	702
687	710
687	712
687	732
687	735
687	740
687	765
687	897
688	172
688	260
688	314
688	454
688	482
688	502
688	504
688	509
688	549
688	558
688	574
688	587
688	598
688	608
688	626
688	639
688	660
688	698
688	706
688	712
688	720
688	733
688	765
688	1000
689	109
689	117
689	156
689	175
689	483
689	490
689	504
689	536
689	563
689	596
689	597
689	605
689	638
689	647
689	651
689	693
689	699
689	713
689	721
689	738
689	743
689	746
689	748
689	765
690	327
690	356
690	374
690	484
690	550
690	602
690	624
690	638
690	673
690	681
690	686
690	687
690	693
690	696
690	704
690	718
690	722
690	747
690	752
690	753
690	755
690	757
690	903
690	990
691	297
691	315
691	492
691	506
691	520
691	562
691	570
691	573
691	588
691	607
691	609
691	628
691	642
691	666
691	669
691	679
691	680
691	693
691	699
691	700
691	763
691	867
691	928
691	987
692	20
692	97
692	148
692	309
692	488
692	544
692	564
692	566
692	599
692	619
692	623
692	632
692	659
692	670
692	678
692	707
692	731
692	737
692	751
692	753
692	757
692	763
692	764
692	989
693	157
693	166
693	393
693	457
693	539
693	552
693	559
693	592
693	605
693	618
693	628
693	647
693	651
693	689
693	690
693	691
693	719
693	732
693	738
693	743
693	746
693	748
693	754
693	944
694	344
694	467
694	516
694	521
694	532
694	550
694	553
694	596
694	649
694	651
694	666
694	671
694	674
694	685
694	705
694	706
694	708
694	758
694	760
694	761
694	762
694	933
694	947
694	981
695	181
695	301
695	304
695	500
695	537
695	560
695	567
695	578
695	620
695	630
695	660
695	661
695	671
695	704
695	711
695	733
695	734
695	743
695	745
695	750
695	755
695	758
695	764
695	787
695	848
696	173
696	466
696	560
696	571
696	576
696	602
696	624
696	625
696	629
696	685
696	690
696	701
696	704
696	718
696	721
696	732
696	736
696	746
696	747
696	752
696	753
696	764
696	848
696	957
696	980
697	193
697	334
697	448
697	473
697	488
697	522
697	544
697	552
697	564
697	573
697	604
697	619
697	623
697	652
697	668
697	676
697	716
697	719
697	733
697	744
697	751
697	754
697	757
697	765
697	945
698	346
698	462
698	464
698	466
698	489
698	531
698	543
698	561
698	562
698	573
698	576
698	591
698	594
698	595
698	598
698	614
698	620
698	646
698	681
698	688
698	706
698	763
698	764
698	765
698	988
699	229
699	399
699	476
699	479
699	489
699	511
699	546
699	579
699	588
699	592
699	594
699	600
699	642
699	665
699	680
699	689
699	691
699	735
699	745
699	746
699	759
699	761
699	763
699	769
699	927
700	84
700	155
700	239
700	508
700	514
700	538
700	543
700	585
700	617
700	656
700	666
700	687
700	691
700	701
700	702
700	710
700	717
700	718
700	729
700	735
700	750
700	759
700	765
700	811
700	888
701	140
701	180
701	498
701	515
701	545
701	589
701	602
701	663
701	665
701	686
701	696
701	700
701	704
701	716
701	732
701	738
701	747
701	748
701	752
701	753
701	759
701	761
701	800
701	900
701	956
701	987
702	36
702	230
702	514
702	548
702	560
702	564
702	588
702	601
702	603
702	617
702	633
702	646
702	655
702	672
702	687
702	700
702	708
702	710
702	717
702	735
702	741
702	759
702	765
702	860
702	935
702	982
703	121
703	151
703	268
703	319
703	517
703	536
703	623
703	636
703	646
703	650
703	661
703	673
703	674
703	705
703	709
703	725
703	729
703	730
703	740
703	741
703	747
703	757
703	759
703	760
703	761
703	833
703	976
704	86
704	300
704	333
704	555
704	560
704	567
704	578
704	622
704	624
704	625
704	665
704	681
704	684
704	686
704	690
704	695
704	696
704	701
704	711
704	718
704	732
704	747
704	752
704	753
704	763
704	780
704	949
705	267
705	351
705	377
705	379
705	474
705	524
705	527
705	535
705	542
705	582
705	592
705	643
705	650
705	673
705	674
705	694
705	703
705	708
705	709
705	722
705	728
705	729
705	730
705	741
705	744
705	754
705	760
706	53
706	172
706	253
706	265
706	337
706	484
706	485
706	493
706	509
706	512
706	587
706	598
706	616
706	618
706	660
706	667
706	675
706	676
706	688
706	694
706	698
706	720
706	723
706	741
706	755
706	761
706	992
707	170
707	265
707	324
707	352
707	478
707	494
707	506
707	522
707	570
707	608
707	610
707	612
707	623
707	637
707	650
707	668
707	670
707	678
707	692
707	718
707	734
707	737
707	751
707	757
707	764
707	852
707	938
708	15
708	58
708	247
708	516
708	535
708	542
708	575
708	596
708	607
708	613
708	615
708	632
708	636
708	642
708	666
708	685
708	694
708	702
708	705
708	711
708	713
708	728
708	729
708	730
708	744
708	752
708	912
708	994
709	155
709	313
709	506
709	523
709	540
709	544
709	553
709	559
709	609
709	632
709	640
709	646
709	650
709	664
709	669
709	686
709	703
709	705
709	725
709	729
709	730
709	741
709	758
709	760
709	761
709	854
709	860
709	943
710	80
710	169
710	274
710	472
710	489
710	538
710	552
710	564
710	567
710	571
710	575
710	617
710	648
710	655
710	656
710	658
710	666
710	677
710	678
710	680
710	687
710	700
710	702
710	724
710	743
710	759
710	765
710	969
711	129
711	248
711	264
711	283
711	375
711	494
711	528
711	578
711	593
711	611
711	625
711	629
711	630
711	643
711	664
711	677
711	682
711	683
711	695
711	704
711	708
711	712
711	722
711	725
711	733
711	734
711	755
711	757
712	141
712	332
712	505
712	516
712	528
712	535
712	546
712	627
712	630
712	631
712	641
712	648
712	661
712	665
712	681
712	687
712	688
712	711
712	733
712	739
712	740
712	750
712	755
712	756
712	758
712	902
712	931
712	1000
713	37
713	294
713	517
713	523
713	592
713	594
713	595
713	615
713	632
713	649
713	650
713	685
713	686
713	689
713	708
713	726
713	729
713	741
713	743
713	744
713	745
713	759
713	760
713	761
713	762
713	939
713	945
713	997
714	51
714	142
714	298
714	330
714	526
714	549
714	556
714	557
714	558
714	580
714	601
714	635
714	641
714	642
714	671
714	672
714	686
714	715
714	722
714	732
714	735
714	736
714	739
714	742
714	749
714	750
714	754
714	823
714	959
715	65
715	155
715	179
715	478
715	487
715	526
715	550
715	558
715	565
715	584
715	604
715	605
715	629
715	653
715	654
715	670
715	671
715	674
715	714
715	722
715	723
715	727
715	736
715	738
715	749
715	750
715	755
715	941
715	997
716	144
716	317
716	444
716	466
716	474
716	494
716	496
716	505
716	512
716	519
716	522
716	547
716	553
716	567
716	637
716	657
716	661
716	671
716	684
716	697
716	701
716	726
716	739
716	742
716	743
716	753
716	755
716	764
716	795
717	136
717	216
717	445
717	470
717	493
717	507
717	514
717	559
717	571
717	611
717	633
717	640
717	648
717	655
717	656
717	666
717	670
717	677
717	700
717	702
717	730
717	744
717	749
717	751
717	755
717	759
717	765
717	850
717	989
718	142
718	177
718	333
718	388
718	411
718	517
718	550
718	555
718	560
718	582
718	585
718	593
718	602
718	638
718	681
718	686
718	690
718	696
718	700
718	704
718	707
718	724
718	732
718	735
718	739
718	752
718	753
718	760
718	943
719	269
719	281
719	412
719	446
719	485
719	488
719	564
719	579
719	583
719	599
719	604
719	619
719	625
719	638
719	652
719	662
719	668
719	670
719	693
719	697
719	729
719	737
719	741
719	751
719	757
719	760
719	764
719	833
719	986
720	162
720	192
720	312
720	328
720	466
720	485
720	493
720	504
720	509
720	510
720	528
720	572
720	574
720	593
720	598
720	602
720	607
720	608
720	616
720	639
720	645
720	656
720	663
720	667
720	675
720	678
720	688
720	706
720	731
720	975
721	167
721	318
721	341
721	344
721	436
721	481
721	483
721	529
721	530
721	539
721	563
721	579
721	589
721	609
721	622
721	628
721	651
721	662
721	689
721	696
721	724
721	732
721	737
721	738
721	743
721	746
721	748
721	754
721	762
721	766
722	154
722	249
722	263
722	396
722	565
722	584
722	606
722	620
722	628
722	631
722	635
722	653
722	654
722	661
722	672
722	690
722	705
722	711
722	714
722	715
722	723
722	727
722	732
722	736
722	742
722	749
722	754
722	761
722	807
722	916
723	39
723	69
723	195
723	440
723	501
723	523
723	527
723	549
723	572
723	590
723	605
723	606
723	634
723	635
723	641
723	643
723	653
723	654
723	671
723	685
723	706
723	715
723	722
723	733
723	734
723	742
723	749
723	750
723	877
723	981
724	48
724	253
724	530
724	534
724	536
724	546
724	563
724	589
724	597
724	605
724	622
724	628
724	647
724	681
724	710
724	718
724	721
724	729
724	738
724	743
724	746
724	748
724	749
724	750
724	754
724	762
724	837
724	892
724	916
724	1000
725	158
725	179
725	246
725	288
725	315
725	450
725	480
725	486
725	487
725	519
725	551
725	568
725	569
725	593
725	618
725	626
725	627
725	630
725	644
725	659
725	703
725	709
725	711
725	727
725	728
725	733
725	739
725	741
725	747
725	751
725	755
726	219
726	294
726	447
726	460
726	467
726	496
726	513
726	533
726	542
726	582
726	593
726	609
726	616
726	637
726	644
726	645
726	657
726	658
726	661
726	684
726	713
726	716
726	738
726	739
726	740
726	748
726	755
726	756
726	758
726	760
726	991
727	152
727	320
727	501
727	521
727	526
727	530
727	572
727	629
727	634
727	635
727	641
727	653
727	654
727	672
727	682
727	715
727	722
727	725
727	730
727	736
727	737
727	742
727	744
727	749
727	750
727	755
727	757
727	790
727	934
727	985
727	992
728	36
728	182
728	415
728	467
728	486
728	492
728	500
728	551
728	569
728	586
728	593
728	594
728	613
728	620
728	635
728	637
728	644
728	661
728	680
728	683
728	705
728	708
728	725
728	733
728	739
728	740
728	745
728	750
728	756
728	928
728	959
729	167
729	290
729	473
729	520
729	557
729	588
729	597
729	614
729	632
729	636
729	646
729	650
729	673
729	674
729	677
729	681
729	685
729	700
729	703
729	705
729	708
729	709
729	713
729	719
729	724
729	760
729	761
729	762
729	960
729	980
729	986
730	165
730	172
730	228
730	463
730	484
730	491
730	517
730	539
730	540
730	544
730	568
730	591
730	596
730	641
730	650
730	676
730	703
730	705
730	708
730	709
730	717
730	727
730	732
730	739
730	741
730	744
730	745
730	760
730	762
730	894
730	977
731	149
731	224
731	309
731	444
731	479
731	489
731	543
731	554
731	562
731	577
731	579
731	591
731	594
731	597
731	599
731	600
731	603
731	609
731	621
731	626
731	658
731	676
731	679
731	680
731	683
731	692
731	720
731	739
731	753
731	763
731	905
731	990
732	78
732	89
732	162
732	314
732	449
732	498
732	499
732	515
732	521
732	530
732	545
732	550
732	580
732	602
732	624
732	663
732	681
732	687
732	693
732	696
732	701
732	704
732	714
732	718
732	721
732	722
732	730
732	747
732	749
732	752
732	753
732	917
733	8
733	79
733	117
733	147
733	162
733	494
733	513
733	529
733	535
733	557
733	621
733	627
733	643
733	644
733	645
733	657
733	661
733	682
733	688
733	695
733	697
733	711
733	712
733	723
733	725
733	728
733	746
733	747
733	749
733	756
733	763
733	777
733	942
734	49
734	133
734	344
734	406
734	498
734	519
734	529
734	535
734	543
734	585
734	626
734	638
734	643
734	644
734	645
734	664
734	665
734	668
734	671
734	677
734	678
734	684
734	695
734	707
734	711
734	723
734	736
734	739
734	746
734	756
734	758
734	999
734	1000
735	171
735	208
735	370
735	423
735	533
735	538
735	556
735	559
735	571
735	596
735	611
735	616
735	633
735	644
735	655
735	666
735	670
735	677
735	678
735	687
735	699
735	700
735	702
735	714
735	718
735	747
735	754
735	758
735	759
735	765
735	771
735	892
735	970
736	59
736	300
736	339
736	442
736	487
736	501
736	531
736	547
736	549
736	580
736	581
736	629
736	631
736	634
736	639
736	641
736	654
736	696
736	714
736	715
736	722
736	727
736	734
736	740
736	742
736	749
736	750
736	755
736	757
736	765
736	938
736	954
736	999
737	38
737	266
737	307
737	466
737	477
737	491
737	495
737	502
737	524
737	532
737	555
737	566
737	570
737	583
737	604
737	610
737	640
737	652
737	661
737	662
737	670
737	692
737	707
737	719
737	721
737	727
737	746
737	749
737	751
737	756
737	757
737	764
737	874
737	924
738	144
738	194
738	452
738	453
738	490
738	509
738	524
738	530
738	536
738	539
738	560
738	589
738	605
738	620
738	622
738	628
738	650
738	651
738	674
738	680
738	689
738	693
738	701
738	715
738	721
738	724
738	726
738	743
738	746
738	748
738	751
738	754
738	767
738	996
739	109
739	176
739	329
739	479
739	496
739	528
739	565
739	569
739	570
739	610
739	637
739	645
739	657
739	664
739	668
739	683
739	712
739	714
739	716
739	718
739	725
739	726
739	728
739	730
739	731
739	734
739	740
739	751
739	755
739	756
739	761
739	924
739	950
739	963
739	985
740	178
740	281
740	426
740	505
740	525
740	568
740	583
740	620
740	626
740	627
740	637
740	643
740	644
740	659
740	663
740	665
740	671
740	682
740	686
740	687
740	703
740	712
740	726
740	728
740	736
740	739
740	752
740	755
740	756
740	758
740	759
740	817
740	870
740	887
740	930
741	102
741	167
741	309
741	440
741	491
741	500
741	514
741	516
741	517
741	521
741	538
741	544
741	592
741	596
741	613
741	649
741	673
741	702
741	703
741	705
741	706
741	709
741	713
741	719
741	725
741	730
741	744
741	753
741	758
741	760
741	761
741	762
741	764
741	798
741	967
741	982
742	7
742	101
742	180
742	363
742	387
742	479
742	483
742	497
742	526
742	527
742	557
742	558
742	565
742	569
742	572
742	580
742	606
742	614
742	624
742	631
742	634
742	641
742	654
742	667
742	675
742	714
742	716
742	722
742	723
742	727
742	736
742	744
742	750
742	752
742	756
742	880
742	901
743	166
743	404
743	410
743	456
743	483
743	490
743	492
743	524
743	531
743	539
743	552
743	557
743	563
743	573
743	584
743	605
743	622
743	628
743	647
743	651
743	689
743	693
743	695
743	710
743	713
743	716
743	721
743	724
743	738
743	746
743	747
743	748
743	750
743	754
743	761
743	802
743	933
743	972
744	103
744	163
744	222
744	322
744	386
744	459
744	476
744	484
744	516
744	517
744	523
744	552
744	575
744	596
744	603
744	628
744	636
744	639
744	646
744	663
744	673
744	674
744	685
744	697
744	705
744	708
744	713
744	717
744	727
744	730
744	741
744	742
744	748
744	759
744	760
744	761
744	762
744	884
745	131
745	171
745	173
745	317
745	415
745	469
745	480
745	492
745	531
745	541
745	543
745	561
745	562
745	565
745	586
745	588
745	591
745	600
745	603
745	607
745	613
745	614
745	619
745	646
745	647
745	648
745	657
745	658
745	659
745	680
745	695
745	699
745	713
745	728
745	730
745	760
745	763
745	926
746	17
746	46
746	355
746	424
746	458
746	490
746	524
746	530
746	536
746	539
746	546
746	552
746	589
746	623
746	628
746	630
746	632
746	643
746	647
746	651
746	652
746	658
746	689
746	693
746	696
746	699
746	721
746	724
746	733
746	734
746	737
746	738
746	743
746	748
746	754
746	755
746	968
746	972
746	980
747	35
747	253
747	254
747	428
747	457
747	499
747	505
747	515
747	542
747	545
747	550
747	555
747	560
747	602
747	620
747	624
747	625
747	629
747	638
747	663
747	664
747	681
747	682
747	686
747	690
747	696
747	701
747	703
747	704
747	725
747	732
747	733
747	735
747	743
747	749
747	752
747	753
747	923
747	943
747	990
748	174
748	215
748	267
748	337
748	483
748	496
748	499
748	524
748	532
748	536
748	539
748	546
748	552
748	563
748	589
748	605
748	624
748	628
748	636
748	640
748	647
748	651
748	676
748	689
748	693
748	701
748	721
748	724
748	726
748	738
748	743
748	744
748	746
748	754
748	755
748	757
748	789
748	805
748	871
748	904
749	65
749	140
749	150
749	179
749	218
749	238
749	265
749	487
749	497
749	501
749	507
749	508
749	557
749	558
749	569
749	572
749	580
749	584
749	607
749	631
749	635
749	641
749	672
749	675
749	686
749	714
749	715
749	717
749	722
749	723
749	724
749	727
749	732
749	733
749	736
749	737
749	747
749	750
749	756
749	991
750	123
750	272
750	314
750	344
750	455
750	487
750	497
750	507
750	536
750	549
750	556
750	572
750	574
750	580
750	602
750	606
750	625
750	631
750	634
750	635
750	641
750	653
750	657
750	672
750	673
750	695
750	700
750	712
750	714
750	715
750	723
750	724
750	727
750	728
750	736
750	742
750	743
750	749
750	956
750	994
750	996
751	29
751	128
751	161
751	286
751	459
751	480
751	488
751	495
751	506
751	532
751	549
751	564
751	566
751	570
751	590
751	593
751	599
751	610
751	639
751	640
751	662
751	665
751	668
751	670
751	674
751	692
751	697
751	707
751	717
751	719
751	725
751	737
751	738
751	739
751	752
751	753
751	757
751	764
751	835
751	887
751	993
752	100
752	174
752	200
752	339
752	389
752	454
752	498
752	499
752	515
752	535
752	545
752	550
752	555
752	560
752	573
752	584
752	595
752	602
752	625
752	637
752	638
752	663
752	666
752	681
752	682
752	685
752	686
752	690
752	696
752	701
752	704
752	708
752	718
752	732
752	740
752	742
752	747
752	751
752	753
752	962
752	969
753	25
753	118
753	137
753	153
753	160
753	198
753	376
753	404
753	498
753	499
753	515
753	533
753	545
753	550
753	560
753	566
753	582
753	595
753	619
753	624
753	625
753	632
753	638
753	639
753	640
753	644
753	663
753	681
753	686
753	690
753	692
753	696
753	701
753	704
753	716
753	718
753	731
753	732
753	741
753	747
753	751
753	752
753	919
754	9
754	61
754	203
754	278
754	414
754	471
754	483
754	490
754	530
754	536
754	539
754	546
754	552
754	561
754	563
754	569
754	589
754	602
754	605
754	619
754	621
754	622
754	628
754	647
754	651
754	693
754	697
754	705
754	714
754	721
754	722
754	724
754	735
754	738
754	743
754	746
754	748
754	756
754	760
754	761
754	888
754	904
754	974
755	133
755	184
755	257
755	288
755	327
755	390
755	486
755	505
755	513
755	529
755	535
755	537
755	567
755	568
755	578
755	586
755	622
755	630
755	643
755	671
755	673
755	684
755	690
755	695
755	706
755	711
755	712
755	715
755	716
755	717
755	725
755	726
755	727
755	736
755	739
755	740
755	746
755	748
755	757
755	758
755	760
755	949
755	964
755	981
756	67
756	159
756	183
756	323
756	385
756	391
756	433
756	495
756	529
756	537
756	544
756	567
756	568
756	569
756	579
756	585
756	593
756	604
756	606
756	617
756	626
756	643
756	644
756	645
756	650
756	662
756	664
756	671
756	683
756	684
756	712
756	726
756	728
756	733
756	734
756	737
756	739
756	740
756	742
756	749
756	754
756	758
756	763
756	829
756	983
757	45
757	85
757	204
757	206
757	293
757	395
757	506
757	532
757	564
757	570
757	580
757	583
757	585
757	599
757	604
757	610
757	612
757	616
757	619
757	623
757	636
757	640
757	645
757	648
757	662
757	668
757	676
757	685
757	690
757	692
757	697
757	703
757	707
757	711
757	719
757	727
757	736
757	737
757	748
757	751
757	755
757	764
757	894
757	923
757	987
758	175
758	273
758	332
758	337
758	483
758	496
758	519
758	547
758	551
758	568
758	581
758	583
758	585
758	592
758	601
758	623
758	626
758	627
758	630
758	637
758	644
758	645
758	656
758	657
758	659
758	664
758	665
758	672
758	682
758	694
758	695
758	709
758	712
758	726
758	734
758	735
758	740
758	741
758	755
758	756
758	779
758	861
758	939
758	980
758	982
759	89
759	154
759	211
759	302
759	334
759	417
759	434
759	478
759	497
759	508
759	514
759	517
759	525
759	533
759	548
759	556
759	559
759	567
759	571
759	601
759	605
759	611
759	617
759	627
759	629
759	633
759	655
759	666
759	677
759	678
759	681
759	699
759	700
759	701
759	702
759	703
759	710
759	713
759	717
759	735
759	740
759	744
759	762
759	765
759	907
759	915
760	37
760	181
760	183
760	242
760	246
760	473
760	477
760	495
760	514
760	521
760	553
760	592
760	596
760	597
760	615
760	624
760	628
760	632
760	636
760	646
760	649
760	657
760	673
760	683
760	685
760	694
760	703
760	705
760	709
760	713
760	718
760	719
760	726
760	729
760	730
760	741
760	744
760	745
760	754
760	755
760	761
760	762
760	764
760	880
760	913
760	971
761	38
761	78
761	135
761	445
761	491
761	492
761	521
761	523
761	542
761	544
761	553
761	577
761	592
761	602
761	613
761	626
761	632
761	636
761	646
761	649
761	650
761	652
761	670
761	673
761	674
761	685
761	694
761	699
761	701
761	703
761	706
761	709
761	713
761	722
761	729
761	739
761	741
761	743
761	744
761	754
761	760
761	762
761	820
761	854
761	904
761	956
761	988
762	83
762	166
762	169
762	175
762	452
762	484
762	485
762	491
762	510
762	517
762	540
762	542
762	544
762	553
762	572
762	575
762	576
762	589
762	594
762	596
762	597
762	615
762	632
762	633
762	640
762	649
762	650
762	661
762	664
762	673
762	674
762	683
762	685
762	694
762	713
762	721
762	724
762	729
762	730
762	741
762	744
762	759
762	760
762	761
762	840
762	918
762	928
762	998
763	60
763	130
763	184
763	220
763	250
763	303
763	479
763	481
763	482
763	492
763	493
763	503
763	511
763	528
763	532
763	541
763	561
763	562
763	563
763	576
763	577
763	586
763	591
763	594
763	601
763	608
763	609
763	613
763	615
763	619
763	642
763	669
763	673
763	679
763	680
763	691
763	692
763	698
763	699
763	704
763	731
763	733
763	745
763	756
763	855
763	951
763	954
763	997
764	35
764	99
764	153
764	157
764	174
764	430
764	495
764	515
764	518
764	532
764	549
764	553
764	555
764	564
764	566
764	570
764	583
764	590
764	604
764	612
764	619
764	623
764	640
764	651
764	652
764	655
764	662
764	665
764	668
764	670
764	676
764	679
764	692
764	695
764	696
764	698
764	707
764	716
764	719
764	737
764	741
764	751
764	757
764	760
764	765
764	797
764	929
764	993
765	126
765	139
765	146
765	149
765	180
765	302
765	478
765	482
765	493
765	502
765	508
765	514
765	525
765	528
765	533
765	538
765	548
765	556
765	559
765	569
765	571
765	577
765	586
765	601
765	611
765	617
765	633
765	634
765	648
765	655
765	656
765	677
765	678
765	687
765	688
765	689
765	697
765	698
765	700
765	702
765	710
765	717
765	735
765	736
765	759
765	764
765	807
765	911
765	914
765	915
766	471
766	721
766	835
766	928
766	968
766	975
766	984
766	986
766	993
766	999
767	536
767	738
767	843
767	850
767	942
767	959
767	965
767	967
767	991
767	997
768	419
768	622
768	938
768	949
768	959
768	960
768	989
768	990
768	995
768	997
769	447
769	699
769	871
769	898
769	907
769	926
769	943
769	949
769	987
769	995
770	187
770	632
770	838
770	867
770	869
770	914
770	989
770	992
770	995
770	997
771	66
771	735
771	883
771	887
771	890
771	957
771	988
771	998
771	999
771	1000
772	137
772	551
772	794
772	894
772	914
772	962
772	967
772	984
772	986
772	993
773	190
773	684
773	812
773	873
773	891
773	898
773	910
773	952
773	992
773	999
774	164
774	486
774	819
774	889
774	893
774	951
774	972
774	979
774	984
774	987
775	49
775	473
775	805
775	814
775	841
775	888
775	926
775	932
775	933
775	991
776	108
776	325
776	807
776	872
776	905
776	920
776	953
776	980
776	985
776	1000
777	629
777	733
777	897
777	902
777	913
777	926
777	964
777	974
777	976
777	977
778	97
778	100
778	873
778	876
778	884
778	891
778	916
778	917
778	957
778	983
779	668
779	758
779	830
779	866
779	892
779	915
779	936
779	961
779	971
779	990
780	327
780	704
780	839
780	927
780	944
780	956
780	967
780	979
780	982
780	991
781	48
781	335
781	811
781	823
781	826
781	835
781	936
781	941
781	963
781	990
782	86
782	132
782	840
782	880
782	888
782	913
782	947
782	983
782	994
782	1000
783	250
783	313
783	855
783	892
783	908
783	922
783	926
783	958
783	968
783	987
784	302
784	524
784	862
784	868
784	891
784	902
784	928
784	964
784	976
784	978
785	223
785	619
785	838
785	922
785	942
785	970
785	981
785	989
785	997
785	998
786	259
786	275
786	814
786	823
786	832
786	872
786	919
786	937
786	973
786	994
787	641
787	695
787	847
787	856
787	930
787	941
787	948
787	967
787	984
787	999
788	322
788	477
788	837
788	944
788	964
788	974
788	976
788	977
788	978
788	997
789	631
789	748
789	803
789	826
789	901
789	939
789	965
789	988
789	996
789	1000
790	661
790	727
790	815
790	825
790	919
790	972
790	974
790	976
790	978
790	981
791	180
791	497
791	845
791	909
791	913
791	934
791	949
791	953
791	966
791	975
792	618
792	681
792	802
792	940
792	942
792	966
792	976
792	981
792	991
792	995
793	163
793	676
793	870
793	895
793	954
793	962
793	966
793	975
793	976
793	987
794	63
794	495
794	772
794	842
794	927
794	945
794	950
794	975
794	981
794	982
795	237
795	716
795	945
795	946
795	950
795	964
795	979
795	982
795	991
795	998
796	240
796	580
796	867
796	884
796	915
796	932
796	973
796	981
796	996
796	998
797	106
797	764
797	916
797	953
797	954
797	962
797	965
797	966
797	975
797	984
798	328
798	741
798	865
798	916
798	925
798	930
798	970
798	986
798	993
798	999
799	73
799	252
799	828
799	900
799	935
799	943
799	944
799	945
799	969
799	979
800	110
800	701
800	821
800	845
800	881
800	914
800	923
800	965
800	979
800	986
800	991
801	135
801	271
801	856
801	899
801	918
801	932
801	959
801	977
801	985
801	986
801	998
802	3
802	474
802	743
802	792
802	806
802	820
802	914
802	989
802	991
802	992
802	997
803	494
803	526
803	789
803	813
803	834
803	921
803	929
803	935
803	938
803	963
803	990
804	291
804	343
804	856
804	894
804	915
804	951
804	956
804	967
804	972
804	984
804	999
805	123
805	748
805	775
805	809
805	824
805	872
805	879
805	933
805	973
805	994
805	995
806	188
806	573
806	802
806	839
806	886
806	887
806	980
806	988
806	990
806	998
806	1000
807	175
807	722
807	765
807	776
807	878
807	899
807	923
807	956
807	957
807	979
807	982
808	320
808	653
808	903
808	916
808	966
808	970
808	984
808	986
808	993
808	994
808	999
809	167
809	660
809	805
809	824
809	839
809	852
809	854
809	934
809	944
809	955
809	983
810	14
810	600
810	826
810	841
810	848
810	934
810	941
810	942
810	957
810	977
810	992
811	485
811	700
811	781
811	843
811	888
811	904
811	920
811	925
811	929
811	961
811	990
812	283
812	647
812	667
812	773
812	865
812	924
812	951
812	981
812	991
812	995
812	997
813	2
813	67
813	803
813	865
813	908
813	939
813	961
813	971
813	977
813	988
813	989
814	323
814	449
814	775
814	786
814	907
814	910
814	942
814	952
814	961
814	970
814	973
815	304
815	652
815	790
815	851
815	876
815	956
815	964
815	974
815	975
815	976
815	978
816	271
816	533
816	835
816	908
816	910
816	928
816	934
816	938
816	941
816	963
816	977
817	189
817	740
817	855
817	866
817	869
817	960
817	974
817	989
817	995
817	997
817	999
818	213
818	337
818	673
818	843
818	864
818	900
818	912
818	965
818	992
818	995
818	997
819	132
819	161
819	538
819	774
819	936
819	957
819	971
819	977
819	986
819	992
819	997
820	76
820	669
820	761
820	802
820	859
820	898
820	907
820	939
820	958
820	966
820	983
821	8
821	296
821	800
821	864
821	867
821	917
821	923
821	925
821	960
821	989
821	995
822	423
822	536
822	861
822	893
822	905
822	930
822	951
822	981
822	986
822	993
822	999
823	184
823	714
823	781
823	786
823	824
823	898
823	933
823	940
823	961
823	977
823	992
824	146
824	678
824	805
824	809
824	823
824	863
824	983
824	987
824	994
824	995
824	1000
825	57
825	491
825	790
825	877
825	950
825	954
825	956
825	958
825	969
825	977
825	982
826	161
826	185
826	233
826	781
826	789
826	810
826	980
826	985
826	992
826	996
826	1000
827	207
827	623
827	858
827	880
827	890
827	925
827	949
827	963
827	966
827	975
827	989
828	274
828	325
828	799
828	897
828	916
828	965
828	980
828	985
828	988
828	998
828	1000
829	18
829	470
829	756
829	861
829	943
829	949
829	954
829	964
829	966
829	975
829	987
830	190
830	610
830	678
830	779
830	897
830	902
830	919
830	964
830	974
830	978
830	987
830	995
831	259
831	362
831	601
831	837
831	847
831	873
831	906
831	919
831	930
831	974
831	976
831	978
832	115
832	289
832	786
832	858
832	917
832	934
832	938
832	956
832	957
832	963
832	991
832	992
833	291
833	703
833	719
833	891
833	917
833	924
833	929
833	939
833	977
833	990
833	992
833	995
834	409
834	586
834	803
834	904
834	954
834	959
834	980
834	983
834	985
834	996
834	998
834	1000
835	574
835	751
835	766
835	781
835	816
835	870
835	895
835	967
835	986
835	988
835	993
835	999
836	135
836	150
836	254
836	928
836	971
836	972
836	979
836	980
836	984
836	987
836	993
836	999
837	518
837	724
837	788
837	831
837	912
837	914
837	940
837	964
837	974
837	976
837	978
837	980
838	453
838	468
838	622
838	770
838	785
838	920
838	938
838	957
838	961
838	977
838	989
838	990
839	577
839	635
839	780
839	806
839	809
839	876
839	937
839	968
839	973
839	987
839	993
839	998
840	162
840	762
840	782
840	904
840	911
840	944
840	957
840	980
840	985
840	988
840	996
840	1000
841	130
841	150
841	421
841	775
841	810
841	882
841	953
841	954
841	962
841	966
841	975
841	988
842	408
842	482
842	513
842	794
842	903
842	925
842	927
842	939
842	946
842	969
842	982
842	997
843	277
843	312
843	767
843	811
843	818
843	899
843	950
843	956
843	969
843	979
843	982
843	983
844	332
844	345
844	400
844	845
844	891
844	930
844	936
844	951
844	984
844	986
844	993
844	997
844	999
845	114
845	617
845	672
845	791
845	800
845	844
845	849
845	921
845	925
845	961
845	965
845	981
845	989
846	379
846	461
846	468
846	878
846	883
846	921
846	948
846	961
846	964
846	974
846	976
846	978
846	980
847	465
847	579
847	787
847	831
847	851
847	918
847	940
847	966
847	970
847	984
847	986
847	993
847	999
848	602
848	695
848	696
848	810
848	855
848	870
848	891
848	936
848	963
848	977
848	981
848	990
848	992
849	473
849	487
849	635
849	845
849	883
849	899
849	902
849	922
849	954
849	959
849	960
849	991
849	997
850	178
850	293
850	717
850	767
850	883
850	886
850	907
850	951
850	967
850	970
850	990
850	993
850	999
851	310
851	343
851	815
851	847
851	855
851	894
851	895
851	899
851	943
851	967
851	970
851	972
851	999
852	114
852	501
852	707
852	809
852	866
852	873
852	900
852	904
852	913
852	940
852	958
852	963
852	983
853	278
853	321
853	875
853	879
853	931
853	943
853	951
853	971
853	988
853	989
853	996
853	998
853	1000
854	122
854	709
854	761
854	809
854	886
854	917
854	921
854	924
854	965
854	973
854	981
854	995
854	997
855	448
855	556
855	763
855	783
855	817
855	848
855	851
855	866
855	947
855	948
855	955
855	973
855	994
856	127
856	304
856	787
856	801
856	804
856	879
856	887
856	918
856	956
856	977
856	988
856	998
856	1000
857	331
857	507
857	858
857	874
857	909
857	943
857	954
857	955
857	962
857	966
857	970
857	975
857	991
858	147
858	346
858	827
858	832
858	857
858	869
858	943
858	949
858	953
858	954
858	958
858	966
858	983
859	147
859	299
859	586
859	820
859	868
859	906
859	953
859	959
859	964
859	974
859	976
859	978
859	988
860	183
860	702
860	709
860	864
860	882
860	943
860	949
860	954
860	962
860	966
860	975
860	986
860	999
861	171
861	475
861	758
861	822
861	829
861	894
861	927
861	945
861	946
861	969
861	977
861	979
861	982
862	333
862	431
862	784
862	911
862	915
862	918
862	929
862	931
862	942
862	972
862	985
862	988
862	996
862	1000
863	264
863	424
863	440
863	824
863	872
863	938
863	950
863	963
863	971
863	973
863	977
863	990
863	992
863	996
864	289
864	324
864	339
864	818
864	821
864	860
864	914
864	924
864	936
864	981
864	989
864	991
864	993
864	994
865	2
865	142
865	586
865	798
865	812
865	813
865	876
865	920
865	934
865	936
865	961
865	985
865	990
865	992
866	98
866	153
866	378
866	779
866	817
866	852
866	855
866	871
866	885
866	896
866	897
866	923
866	955
866	987
867	303
867	691
867	770
867	796
867	821
867	875
867	895
867	911
867	916
867	918
867	969
867	996
867	998
867	1000
868	287
868	643
868	784
868	859
868	871
868	902
868	926
868	946
868	964
868	968
868	974
868	976
868	978
868	979
869	496
869	672
869	770
869	817
869	858
869	930
869	942
869	959
869	960
869	990
869	991
869	992
869	995
869	997
870	344
870	441
870	740
870	793
870	835
870	848
870	880
870	882
870	949
870	952
870	962
870	966
870	975
870	998
871	418
871	465
871	748
871	769
871	866
871	868
871	906
871	913
871	950
871	951
871	968
871	978
871	987
871	994
872	147
872	336
872	624
872	776
872	786
872	805
872	863
872	887
872	890
872	901
872	985
872	995
872	996
872	998
873	174
873	221
873	462
873	773
873	778
873	831
873	852
873	877
873	891
873	900
873	926
873	939
873	952
873	997
874	81
874	243
874	737
874	857
874	879
874	900
874	946
874	950
874	956
874	969
874	979
874	980
874	982
874	994
875	34
875	256
875	683
875	853
875	867
875	882
875	907
875	911
875	932
875	946
875	984
875	988
875	996
875	1000
876	159
876	312
876	342
876	778
876	815
876	839
876	865
876	884
876	906
876	915
876	933
876	955
876	968
876	983
877	194
877	336
877	723
877	825
877	873
877	922
877	923
877	945
877	946
877	947
877	950
877	956
877	979
877	980
877	982
878	450
878	553
878	598
878	807
878	846
878	883
878	897
878	912
878	919
878	923
878	964
878	974
878	978
878	983
878	997
879	303
879	324
879	415
879	805
879	853
879	856
879	874
879	898
879	905
879	911
879	935
879	985
879	996
879	998
879	1000
880	179
880	742
880	760
880	782
880	827
880	870
880	924
880	938
880	943
880	953
880	962
880	966
880	969
880	975
880	999
881	128
881	220
881	596
881	800
881	917
881	921
881	922
881	959
881	960
881	965
881	976
881	990
881	991
881	995
881	997
882	10
882	532
882	612
882	841
882	860
882	870
882	875
882	896
882	909
882	949
882	952
882	953
882	962
882	975
882	992
883	318
883	631
883	633
883	771
883	846
883	849
883	850
883	878
883	900
883	901
883	902
883	906
883	964
883	976
883	978
884	164
884	169
884	744
884	778
884	796
884	876
884	888
884	907
884	940
884	945
884	950
884	973
884	990
884	993
884	994
885	307
885	373
885	454
885	866
885	893
885	898
885	922
885	929
885	935
885	937
885	947
885	948
885	958
885	967
885	968
885	994
886	23
886	184
886	615
886	806
886	850
886	854
886	890
886	903
886	928
886	967
886	968
886	970
886	972
886	986
886	988
886	999
887	464
887	583
887	740
887	751
887	771
887	806
887	856
887	872
887	915
887	953
887	959
887	993
887	995
887	996
887	998
887	1000
888	571
888	700
888	754
888	775
888	782
888	811
888	884
888	907
888	933
888	939
888	949
888	973
888	975
888	987
888	994
888	996
889	163
889	179
889	383
889	774
889	896
889	928
889	938
889	945
889	962
889	967
889	970
889	972
889	981
889	984
889	993
889	999
890	65
890	643
890	685
890	771
890	827
890	872
890	886
890	896
890	905
890	911
890	927
890	931
890	933
890	985
890	988
890	1000
891	263
891	305
891	508
891	773
891	778
891	784
891	833
891	844
891	848
891	873
891	896
891	919
891	940
891	955
891	958
891	983
892	6
892	573
892	724
892	735
892	779
892	783
892	922
892	941
892	945
892	957
892	971
892	977
892	980
892	990
892	992
892	1000
893	328
893	475
893	634
893	774
893	822
893	885
893	913
893	920
893	921
893	967
893	972
893	974
893	984
893	986
893	993
893	999
894	18
894	593
894	730
894	757
894	772
894	804
894	851
894	861
894	916
894	930
894	965
894	970
894	972
894	986
894	988
894	999
894	1000
895	143
895	325
895	452
895	793
895	835
895	851
895	867
895	903
895	948
895	967
895	970
895	972
895	978
895	986
895	988
895	990
895	993
896	284
896	583
896	607
896	636
896	866
896	882
896	889
896	890
896	891
896	933
896	939
896	947
896	952
896	973
896	994
896	998
896	1000
897	108
897	224
897	436
897	687
897	777
897	828
897	830
897	866
897	878
897	906
897	911
897	919
897	940
897	964
897	976
897	978
897	999
898	156
898	157
898	626
898	769
898	773
898	820
898	823
898	879
898	885
898	921
898	934
898	948
898	983
898	987
898	992
898	994
898	1000
899	43
899	176
899	295
899	359
899	801
899	807
899	843
899	849
899	851
899	944
899	945
899	946
899	950
899	979
899	982
899	989
899	996
900	85
900	313
900	335
900	701
900	799
900	818
900	852
900	873
900	874
900	883
900	905
900	923
900	944
900	956
900	969
900	979
900	982
901	401
901	405
901	671
901	742
901	789
901	872
901	883
901	918
901	933
901	944
901	960
901	980
901	983
901	985
901	988
901	996
901	998
901	1000
902	54
902	283
902	712
902	777
902	784
902	830
902	849
902	868
902	883
902	906
902	919
902	932
902	950
902	960
902	964
902	974
902	976
902	978
903	609
903	614
903	690
903	808
903	842
903	886
903	895
903	928
903	941
903	943
903	951
903	957
903	958
903	970
903	972
903	983
903	984
903	993
904	748
904	754
904	761
904	811
904	834
904	840
904	852
904	916
904	931
904	935
904	937
904	968
904	970
904	985
904	988
904	996
904	998
904	1000
905	11
905	184
905	236
905	731
905	776
905	822
905	879
905	890
905	900
905	930
905	931
905	946
905	967
905	980
905	988
905	997
905	998
905	1000
906	34
906	140
906	172
906	173
906	831
906	859
906	871
906	876
906	883
906	897
906	902
906	912
906	964
906	974
906	976
906	978
906	985
906	997
907	64
907	143
907	759
907	769
907	814
907	820
907	850
907	875
907	884
907	888
907	910
907	939
907	951
907	971
907	973
907	982
907	986
907	987
908	114
908	142
908	208
908	399
908	783
908	813
908	816
908	929
908	957
908	963
908	964
908	967
908	969
908	971
908	973
908	977
908	990
908	992
909	158
909	274
909	329
909	666
909	791
909	857
909	882
909	938
909	943
909	953
909	954
909	962
909	966
909	973
909	975
909	986
909	995
909	999
910	22
910	173
910	348
910	773
910	814
910	816
910	907
910	913
910	927
910	928
910	937
910	940
910	952
910	953
910	968
910	973
910	977
910	994
910	997
911	125
911	135
911	186
911	765
911	840
911	862
911	867
911	875
911	879
911	890
911	897
911	932
911	945
911	956
911	974
911	977
911	980
911	988
911	996
912	456
912	673
912	708
912	818
912	837
912	878
912	906
912	924
912	942
912	959
912	965
912	975
912	980
912	981
912	984
912	989
912	991
912	995
912	997
913	180
913	307
913	686
913	760
913	777
913	782
913	791
913	852
913	871
913	893
913	910
913	938
913	940
913	948
913	958
913	973
913	985
913	991
913	994
914	38
914	392
914	584
914	765
914	770
914	772
914	800
914	802
914	837
914	864
914	924
914	952
914	954
914	959
914	965
914	989
914	991
914	992
914	995
915	210
915	476
915	759
915	765
915	779
915	796
915	804
915	862
915	876
915	887
915	931
915	932
915	934
915	942
915	971
915	980
915	985
915	998
915	1000
916	258
916	473
916	722
916	724
916	778
916	797
916	798
916	808
916	828
916	867
916	894
916	904
916	918
916	926
916	931
916	932
916	970
916	980
916	996
916	998
917	340
917	545
917	585
917	732
917	778
917	821
917	832
917	833
917	854
917	881
917	920
917	929
917	937
917	941
917	957
917	968
917	971
917	977
917	990
917	992
918	6
918	264
918	345
918	762
918	801
918	847
918	856
918	862
918	867
918	901
918	916
918	953
918	956
918	963
918	984
918	985
918	988
918	994
918	996
918	998
919	336
919	340
919	469
919	753
919	786
919	790
919	830
919	831
919	878
919	891
919	897
919	902
919	930
919	964
919	970
919	973
919	974
919	975
919	976
919	978
920	335
920	435
920	644
920	658
920	776
920	811
920	838
920	865
920	893
920	917
920	921
920	929
920	935
920	941
920	952
920	954
920	960
920	971
920	990
920	992
921	4
921	137
921	268
921	566
921	803
921	845
921	846
921	854
921	881
921	893
921	898
921	920
921	955
921	960
921	965
921	981
921	989
921	991
921	995
921	997
922	291
922	317
922	380
922	645
922	783
922	785
922	849
922	877
922	881
922	885
922	892
922	924
922	936
922	958
922	959
922	960
922	965
922	981
922	989
922	995
923	161
923	338
923	747
923	757
923	800
923	807
923	821
923	866
923	877
923	878
923	900
923	927
923	944
923	950
923	956
923	969
923	970
923	979
923	982
923	983
924	462
924	669
924	737
924	739
924	812
924	833
924	854
924	864
924	880
924	912
924	914
924	922
924	925
924	940
924	972
924	981
924	987
924	988
924	991
924	995
924	997
925	127
925	248
925	455
925	460
925	798
925	811
925	821
925	827
925	842
925	845
925	924
925	933
925	942
925	963
925	965
925	981
925	988
925	989
925	991
925	995
925	997
926	118
926	121
926	217
926	745
926	769
926	775
926	777
926	783
926	868
926	873
926	916
926	927
926	937
926	947
926	948
926	955
926	958
926	965
926	983
926	994
926	996
927	272
927	281
927	474
927	684
927	699
927	780
927	794
927	842
927	861
927	890
927	910
927	923
927	926
927	944
927	945
927	946
927	961
927	964
927	969
927	976
927	979
928	671
928	691
928	728
928	762
928	766
928	784
928	816
928	836
928	886
928	889
928	903
928	910
928	951
928	962
928	968
928	970
928	977
928	984
928	993
928	994
928	999
929	178
929	426
929	469
929	686
929	764
929	803
929	811
929	833
929	862
929	885
929	908
929	917
929	920
929	935
929	955
929	961
929	962
929	964
929	971
929	977
929	987
929	990
930	119
930	151
930	165
930	740
930	787
930	798
930	822
930	831
930	844
930	869
930	894
930	905
930	919
930	951
930	972
930	979
930	984
930	986
930	990
930	993
930	995
930	999
931	413
931	470
931	648
931	712
931	853
931	862
931	890
931	904
931	905
931	915
931	916
931	938
931	947
931	948
931	951
931	957
931	958
931	970
931	980
931	988
931	996
931	998
932	262
932	293
932	570
932	631
932	775
932	796
932	801
932	875
932	902
932	911
932	915
932	916
932	942
932	948
932	954
932	980
932	984
932	985
932	988
932	994
932	996
932	998
933	44
933	157
933	286
933	694
933	743
933	775
933	805
933	823
933	876
933	888
933	890
933	896
933	901
933	925
933	939
933	947
933	948
933	951
933	955
933	980
933	981
933	983
933	985
934	141
934	328
934	600
934	675
934	727
934	791
934	809
934	810
934	816
934	832
934	865
934	898
934	915
934	938
934	941
934	957
934	963
934	977
934	990
934	991
934	992
934	993
934	998
935	182
935	214
935	594
935	702
935	799
935	803
935	879
935	885
935	904
935	920
935	929
935	938
935	941
935	957
935	961
935	963
935	971
935	975
935	977
935	989
935	990
935	992
935	996
936	74
936	110
936	140
936	280
936	484
936	779
936	781
936	819
936	844
936	848
936	864
936	865
936	922
936	941
936	949
936	958
936	959
936	961
936	971
936	977
936	990
936	992
936	1000
937	102
937	268
937	310
937	331
937	786
937	839
937	885
937	904
937	910
937	917
937	926
937	944
937	952
937	955
937	958
937	965
937	968
937	976
937	981
937	983
937	984
937	987
937	994
938	109
938	191
938	406
938	707
938	736
938	768
938	803
938	816
938	832
938	838
938	863
938	880
938	889
938	909
938	913
938	931
938	934
938	935
938	961
938	963
938	972
938	977
938	990
938	992
939	146
939	397
939	628
939	713
939	758
939	789
939	813
939	820
939	833
939	842
939	873
939	888
939	896
939	907
939	933
939	948
939	952
939	958
939	968
939	974
939	979
939	980
939	987
939	994
940	103
940	125
940	138
940	151
940	174
940	792
940	823
940	837
940	847
940	852
940	884
940	891
940	897
940	910
940	913
940	924
940	947
940	949
940	952
940	958
940	973
940	983
940	987
940	998
941	87
941	180
941	378
941	715
941	781
941	787
941	810
941	816
941	892
941	903
941	917
941	920
941	934
941	935
941	936
941	950
941	961
941	963
941	964
941	966
941	971
941	989
941	992
941	994
942	152
942	342
942	588
942	618
942	733
942	767
942	785
942	792
942	810
942	814
942	862
942	869
942	912
942	915
942	925
942	932
942	945
942	959
942	960
942	965
942	969
942	981
942	989
942	991
942	997
943	505
943	680
943	709
943	718
943	747
943	769
943	799
943	829
943	851
943	853
943	857
943	858
943	860
943	880
943	903
943	909
943	949
943	953
943	954
943	962
943	966
943	968
943	975
943	981
943	995
944	96
944	468
944	579
944	637
944	693
944	780
944	788
944	799
944	809
944	840
944	899
944	900
944	901
944	923
944	927
944	937
944	946
944	950
944	956
944	969
944	973
944	979
944	982
944	985
944	988
945	74
945	416
945	548
945	697
945	713
945	794
945	795
945	799
945	861
945	877
945	884
945	889
945	892
945	899
945	911
945	927
945	942
945	946
945	956
945	969
945	979
945	982
945	984
945	993
945	994
946	256
946	465
946	473
946	594
946	639
946	795
946	842
946	861
946	868
946	874
946	875
946	877
946	899
946	905
946	927
946	944
946	945
946	948
946	960
946	965
946	969
946	978
946	979
946	982
946	1000
947	62
947	442
947	468
947	671
947	694
947	782
947	855
947	877
947	885
947	896
947	926
947	931
947	933
947	940
947	952
947	954
947	960
947	968
947	973
947	978
947	987
947	989
947	993
947	994
947	1000
948	83
948	322
948	505
948	514
948	650
948	787
948	846
948	855
948	885
948	895
948	898
948	913
948	926
948	931
948	932
948	933
948	939
948	946
948	952
948	958
948	968
948	983
948	985
948	986
948	987
948	994
949	30
949	64
949	575
949	632
949	704
949	755
949	768
949	769
949	791
949	827
949	829
949	858
949	860
949	870
949	882
949	888
949	936
949	940
949	943
949	953
949	954
949	962
949	973
949	975
949	987
949	991
950	134
950	160
950	234
950	571
950	739
950	794
950	795
950	825
950	843
950	863
950	871
950	874
950	877
950	884
950	899
950	902
950	923
950	941
950	944
950	952
950	956
950	961
950	969
950	979
950	982
950	989
951	327
951	342
951	439
951	478
951	763
951	774
951	804
951	812
951	822
951	844
951	850
951	853
951	871
951	903
951	907
951	928
951	930
951	931
951	933
951	959
951	963
951	967
951	970
951	972
951	986
951	999
952	256
952	390
952	472
952	604
952	627
952	773
952	814
952	870
952	873
952	882
952	896
952	910
952	914
952	920
952	937
952	939
952	940
952	947
952	948
952	950
952	955
952	981
952	982
952	983
952	994
952	996
953	32
953	158
953	178
953	325
953	358
953	659
953	776
953	791
953	797
953	841
953	858
953	859
953	880
953	882
953	887
953	909
953	910
953	918
953	943
953	949
953	954
953	962
953	963
953	966
953	982
953	994
954	5
954	227
954	235
954	493
954	736
954	763
954	793
954	797
954	825
954	829
954	834
954	841
954	849
954	857
954	858
954	860
954	909
954	914
954	920
954	932
954	943
954	947
954	949
954	953
954	962
954	966
954	975
955	154
955	313
955	329
955	623
955	643
955	661
955	809
955	855
955	857
955	866
955	876
955	891
955	921
955	926
955	929
955	933
955	937
955	952
955	959
955	968
955	973
955	975
955	978
955	982
955	985
955	987
955	994
956	156
956	181
956	670
956	701
956	750
956	761
956	780
956	804
956	807
956	815
956	825
956	832
956	843
956	856
956	874
956	877
956	900
956	911
956	918
956	923
956	944
956	945
956	950
956	961
956	969
956	979
956	982
956	999
957	284
957	320
957	388
957	422
957	471
957	696
957	771
957	778
957	807
957	810
957	819
957	832
957	838
957	840
957	892
957	903
957	908
957	917
957	931
957	934
957	935
957	961
957	963
957	971
957	985
957	990
957	992
957	1000
958	99
958	275
958	345
958	430
958	530
958	783
958	820
958	825
958	852
958	858
958	885
958	891
958	903
958	913
958	922
958	926
958	931
958	936
958	937
958	939
958	940
958	948
958	968
958	969
958	973
958	976
958	983
958	987
958	996
959	159
959	257
959	406
959	577
959	714
959	728
959	767
959	768
959	801
959	834
959	849
959	859
959	869
959	881
959	887
959	912
959	914
959	922
959	936
959	942
959	951
959	955
959	968
959	981
959	989
959	991
959	992
959	995
959	997
960	119
960	178
960	306
960	333
960	582
960	729
960	768
960	817
960	821
960	849
960	869
960	881
960	901
960	902
960	920
960	921
960	922
960	942
960	946
960	947
960	969
960	976
960	978
960	981
960	985
960	989
960	991
960	995
960	997
961	345
961	354
961	472
961	571
961	628
961	676
961	779
961	811
961	813
961	814
961	823
961	838
961	845
961	846
961	865
961	927
961	929
961	935
961	936
961	938
961	941
961	950
961	956
961	957
961	963
961	971
961	977
961	992
961	995
961	999
962	344
962	382
962	441
962	609
962	656
962	752
962	772
962	793
962	797
962	841
962	857
962	860
962	870
962	880
962	882
962	889
962	909
962	928
962	929
962	943
962	949
962	953
962	954
962	966
962	973
962	975
962	976
962	979
962	993
962	998
963	29
963	145
963	168
963	314
963	478
963	739
963	781
963	803
963	816
963	827
963	832
963	848
963	852
963	863
963	908
963	918
963	925
963	934
963	935
963	938
963	941
963	951
963	953
963	957
963	961
963	969
963	971
963	972
963	977
963	992
963	996
964	70
964	101
964	496
964	512
964	572
964	755
964	777
964	784
964	788
964	795
964	815
964	829
964	830
964	837
964	846
964	859
964	868
964	878
964	883
964	897
964	902
964	906
964	908
964	919
964	927
964	929
964	941
964	974
964	976
964	990
964	995
964	998
965	173
965	336
965	350
965	462
965	472
965	670
965	767
965	789
965	797
965	800
965	818
965	828
965	845
965	854
965	881
965	894
965	912
965	914
965	921
965	922
965	925
965	926
965	937
965	942
965	946
965	974
965	979
965	989
965	991
965	995
965	996
965	997
966	85
966	231
966	455
966	511
966	617
966	637
966	649
966	791
966	792
966	793
966	797
966	808
966	820
966	827
966	829
966	841
966	847
966	857
966	858
966	860
966	870
966	880
966	909
966	941
966	943
966	953
966	954
966	962
966	975
966	978
966	982
966	985
966	999
967	83
967	146
967	460
967	498
967	509
967	741
967	767
967	772
967	780
967	787
967	804
967	835
967	850
967	851
967	885
967	886
967	889
967	893
967	895
967	905
967	908
967	951
967	970
967	971
967	972
967	974
967	984
967	986
967	993
967	995
967	997
967	998
967	999
968	90
968	119
968	168
968	290
968	341
968	655
968	746
968	766
968	783
968	839
968	868
968	871
968	876
968	885
968	886
968	904
968	910
968	917
968	928
968	937
968	939
968	943
968	947
968	948
968	955
968	958
968	959
968	973
968	983
968	987
968	994
968	996
968	999
969	71
969	171
969	317
969	330
969	488
969	710
969	752
969	799
969	825
969	842
969	843
969	861
969	867
969	874
969	880
969	900
969	908
969	923
969	927
969	942
969	944
969	945
969	946
969	950
969	956
969	958
969	960
969	963
969	971
969	979
969	982
969	984
969	988
970	115
970	310
970	443
970	607
970	639
970	679
970	735
970	785
970	798
970	808
970	814
970	847
970	850
970	851
970	857
970	886
970	889
970	894
970	895
970	903
970	904
970	916
970	919
970	923
970	928
970	931
970	951
970	967
970	983
970	984
970	986
970	989
970	993
970	999
971	104
971	124
971	417
971	440
971	564
971	608
971	760
971	779
971	813
971	819
971	836
971	853
971	863
971	892
971	907
971	908
971	915
971	917
971	920
971	929
971	935
971	936
971	941
971	957
971	961
971	963
971	967
971	969
971	972
971	976
971	986
971	990
971	992
971	994
972	162
972	303
972	449
972	459
972	555
972	743
972	746
972	774
972	790
972	804
972	836
972	851
972	862
972	886
972	889
972	893
972	894
972	895
972	903
972	924
972	930
972	938
972	951
972	963
972	967
972	971
972	979
972	983
972	984
972	986
972	990
972	993
972	999
972	1000
973	98
973	165
973	235
973	292
973	324
973	546
973	556
973	786
973	796
973	805
973	814
973	839
973	854
973	855
973	863
973	884
973	888
973	896
973	907
973	908
973	909
973	910
973	913
973	919
973	940
973	944
973	947
973	949
973	955
973	958
973	962
973	968
973	985
973	987
973	996
974	339
974	433
974	435
974	456
974	559
974	665
974	754
974	777
974	788
974	790
974	815
974	817
974	830
974	831
974	837
974	846
974	859
974	868
974	878
974	893
974	902
974	906
974	911
974	919
974	939
974	964
974	965
974	967
974	976
974	978
974	979
974	987
974	988
974	990
974	991
975	22
975	53
975	163
975	547
975	668
975	671
975	720
975	766
975	791
975	793
975	794
975	797
975	815
975	827
975	829
975	841
975	857
975	860
975	870
975	880
975	882
975	888
975	909
975	912
975	919
975	935
975	943
975	949
975	954
975	955
975	962
975	966
975	980
975	983
975	994
976	54
976	94
976	248
976	380
976	453
976	522
976	703
976	777
976	784
976	788
976	790
976	792
976	793
976	815
976	831
976	837
976	846
976	859
976	868
976	881
976	883
976	897
976	902
976	906
976	919
976	927
976	937
976	958
976	960
976	962
976	964
976	971
976	974
976	978
976	982
976	998
977	33
977	428
977	470
977	510
977	549
977	655
977	730
977	777
977	788
977	801
977	810
977	813
977	816
977	819
977	823
977	825
977	833
977	838
977	848
977	856
977	861
977	863
977	892
977	908
977	910
977	911
977	917
977	928
977	929
977	934
977	935
977	936
977	938
977	961
977	963
977	993
978	167
978	235
978	288
978	456
978	486
978	541
978	609
978	784
978	788
978	790
978	815
978	830
978	831
978	837
978	846
978	859
978	868
978	871
978	878
978	883
978	895
978	897
978	902
978	906
978	919
978	946
978	947
978	955
978	960
978	966
978	974
978	976
978	984
978	993
978	999
978	1000
979	44
979	292
979	385
979	477
979	558
979	575
979	578
979	774
979	780
979	795
979	799
979	800
979	807
979	836
979	843
979	861
979	868
979	874
979	877
979	899
979	900
979	923
979	927
979	930
979	939
979	944
979	945
979	946
979	950
979	956
979	962
979	965
979	969
979	972
979	974
979	982
979	999
980	45
980	353
980	396
980	558
980	696
980	729
980	746
980	758
980	776
980	806
980	826
980	828
980	834
980	836
980	837
980	840
980	846
980	874
980	877
980	892
980	901
980	905
980	911
980	912
980	915
980	916
980	931
980	932
980	933
980	939
980	975
980	985
980	987
980	988
980	996
980	998
980	1000
981	24
981	136
981	331
981	498
981	562
981	694
981	723
981	755
981	785
981	790
981	792
981	794
981	796
981	812
981	822
981	845
981	848
981	854
981	864
981	889
981	912
981	921
981	922
981	924
981	925
981	933
981	937
981	942
981	943
981	952
981	959
981	960
981	988
981	989
981	991
981	995
981	997
982	66
982	148
982	261
982	622
982	655
982	702
982	741
982	758
982	780
982	794
982	795
982	807
982	825
982	842
982	843
982	861
982	874
982	877
982	899
982	900
982	907
982	923
982	944
982	945
982	946
982	950
982	952
982	953
982	955
982	956
982	966
982	969
982	976
982	979
982	984
982	992
982	994
982	996
982	998
983	63
983	96
983	139
983	323
983	377
983	378
983	489
983	756
983	778
983	782
983	809
983	820
983	824
983	834
983	843
983	852
983	858
983	876
983	878
983	891
983	898
983	901
983	903
983	923
983	926
983	933
983	937
983	940
983	948
983	952
983	958
983	968
983	970
983	972
983	975
983	987
983	994
983	996
983	997
984	116
984	176
984	344
984	392
984	540
984	610
984	636
984	766
984	772
984	774
984	787
984	797
984	804
984	808
984	836
984	844
984	847
984	875
984	889
984	893
984	903
984	912
984	918
984	928
984	930
984	932
984	937
984	945
984	967
984	969
984	970
984	972
984	978
984	982
984	986
984	993
984	997
984	998
984	999
985	50
985	160
985	171
985	249
985	273
985	615
985	727
985	739
985	776
985	801
985	826
985	828
985	834
985	840
985	862
985	865
985	872
985	879
985	890
985	901
985	904
985	906
985	913
985	915
985	918
985	932
985	933
985	944
985	948
985	955
985	957
985	960
985	966
985	973
985	980
985	988
985	990
985	996
985	998
985	1000
986	79
986	212
986	259
986	261
986	450
986	543
986	719
986	729
986	766
986	772
986	798
986	800
986	801
986	808
986	819
986	822
986	835
986	844
986	847
986	860
986	886
986	893
986	894
986	895
986	907
986	909
986	930
986	948
986	951
986	967
986	970
986	971
986	972
986	984
986	989
986	991
986	993
986	994
986	999
986	1000
987	315
987	320
987	340
987	463
987	492
987	691
987	701
987	757
987	769
987	774
987	783
987	793
987	824
987	829
987	830
987	836
987	839
987	866
987	871
987	888
987	898
987	907
987	924
987	929
987	937
987	939
987	940
987	947
987	948
987	949
987	955
987	958
987	968
987	973
987	974
987	980
987	983
987	991
987	993
987	994
988	93
988	107
988	116
988	193
988	276
988	304
988	698
988	761
988	771
988	789
988	806
988	813
988	828
988	835
988	840
988	841
988	853
988	856
988	859
988	862
988	875
988	886
988	890
988	894
988	895
988	901
988	904
988	905
988	911
988	918
988	924
988	925
988	931
988	932
988	944
988	969
988	974
988	980
988	981
988	985
988	998
988	1000
989	195
989	308
989	314
989	316
989	341
989	394
989	666
989	692
989	717
989	768
989	770
989	785
989	802
989	813
989	817
989	821
989	827
989	838
989	845
989	853
989	864
989	899
989	912
989	914
989	921
989	922
989	925
989	935
989	941
989	942
989	947
989	950
989	959
989	960
989	965
989	970
989	981
989	986
989	991
989	993
989	995
989	997
990	126
990	319
990	321
990	335
990	476
990	576
990	690
990	731
990	747
990	768
990	779
990	781
990	803
990	806
990	811
990	833
990	838
990	848
990	850
990	863
990	865
990	869
990	881
990	884
990	892
990	895
990	908
990	917
990	920
990	929
990	930
990	934
990	935
990	936
990	938
990	957
990	964
990	971
990	972
990	974
990	985
990	992
990	998
991	130
991	157
991	208
991	357
991	457
991	568
991	681
991	726
991	749
991	767
991	775
991	780
991	792
991	795
991	800
991	802
991	812
991	832
991	849
991	857
991	864
991	869
991	881
991	912
991	913
991	914
991	921
991	924
991	925
991	934
991	942
991	949
991	959
991	960
991	965
991	974
991	981
991	986
991	987
991	989
991	995
991	997
991	1000
992	31
992	51
992	137
992	138
992	450
992	673
992	674
992	706
992	727
992	770
992	773
992	802
992	810
992	818
992	819
992	823
992	826
992	832
992	833
992	848
992	863
992	865
992	869
992	882
992	892
992	898
992	908
992	914
992	917
992	920
992	934
992	935
992	936
992	938
992	941
992	957
992	959
992	961
992	963
992	971
992	982
992	990
992	996
993	78
993	139
993	165
993	199
993	200
993	343
993	534
993	751
993	764
993	766
993	772
993	798
993	808
993	822
993	835
993	836
993	839
993	844
993	847
993	850
993	864
993	884
993	887
993	889
993	893
993	895
993	903
993	928
993	930
993	934
993	945
993	947
993	962
993	967
993	970
993	972
993	977
993	978
993	984
993	986
993	987
993	989
993	995
993	999
994	63
994	80
994	120
994	340
994	549
994	588
994	591
994	708
994	750
994	782
994	786
994	805
994	808
994	824
994	855
994	864
994	871
994	874
994	884
994	885
994	888
994	896
994	898
994	910
994	913
994	918
994	926
994	928
994	932
994	937
994	939
994	941
994	945
994	947
994	948
994	952
994	953
994	955
994	968
994	971
994	975
994	982
994	983
994	986
994	987
995	88
995	179
995	182
995	255
995	419
995	425
995	447
995	547
995	640
995	768
995	769
995	770
995	792
995	805
995	812
995	817
995	818
995	821
995	824
995	830
995	833
995	854
995	869
995	872
995	881
995	887
995	909
995	912
995	914
995	921
995	922
995	924
995	925
995	930
995	943
995	959
995	960
995	961
995	964
995	965
995	967
995	981
995	989
995	991
995	993
995	997
996	116
996	157
996	218
996	306
996	324
996	598
996	618
996	738
996	750
996	789
996	796
996	826
996	834
996	840
996	853
996	862
996	863
996	867
996	872
996	875
996	879
996	887
996	888
996	899
996	901
996	904
996	911
996	916
996	918
996	926
996	931
996	932
996	935
996	952
996	958
996	963
996	965
996	968
996	973
996	980
996	982
996	983
996	985
996	992
996	998
996	1000
997	170
997	172
997	175
997	232
997	407
997	588
997	713
997	715
997	763
997	767
997	768
997	770
997	785
997	788
997	802
997	812
997	817
997	818
997	819
997	842
997	844
997	849
997	854
997	869
997	873
997	878
997	881
997	905
997	906
997	910
997	912
997	921
997	924
997	925
997	942
997	959
997	960
997	965
997	967
997	981
997	983
997	984
997	989
997	991
997	995
997	998
997	999
998	165
998	233
998	418
998	435
998	447
998	539
998	569
998	644
998	762
998	771
998	785
998	795
998	796
998	801
998	806
998	828
998	834
998	839
998	853
998	856
998	867
998	870
998	872
998	879
998	887
998	896
998	901
998	904
998	905
998	915
998	916
998	918
998	931
998	932
998	934
998	940
998	962
998	964
998	967
998	976
998	980
998	982
998	984
998	985
998	988
998	990
998	996
998	997
998	1000
999	77
999	87
999	332
999	333
999	461
999	465
999	473
999	538
999	734
999	736
999	766
999	771
999	773
999	787
999	798
999	804
999	808
999	817
999	822
999	835
999	836
999	844
999	847
999	850
999	851
999	860
999	880
999	886
999	889
999	893
999	894
999	897
999	909
999	928
999	930
999	951
999	956
999	961
999	966
999	967
999	968
999	970
999	972
999	978
999	979
999	984
999	986
999	993
999	997
1000	41
1000	52
1000	131
1000	550
1000	560
1000	621
1000	688
1000	712
1000	724
1000	734
1000	771
1000	776
1000	782
1000	789
1000	806
1000	824
1000	826
1000	828
1000	834
1000	840
1000	853
1000	856
1000	862
1000	867
1000	875
1000	879
1000	887
1000	890
1000	892
1000	894
1000	896
1000	898
1000	901
1000	904
1000	905
1000	915
1000	936
1000	946
1000	947
1000	957
1000	972
1000	978
1000	980
1000	985
1000	986
1000	988
1000	991
1000	996
1000	998
