1	18
1	49
1	67
1	129
1	145
1	159
1	162
1	168
1	172
1	173
2	72
2	95
2	103
2	112
2	121
2	140
2	149
2	161
2	165
2	166
3	9
3	36
3	108
3	140
3	144
3	154
3	164
3	165
3	167
3	170
4	72
4	85
4	108
4	122
4	123
4	140
4	167
4	169
4	175
4	526
5	22
5	36
5	102
5	106
5	130
5	148
5	162
5	164
5	172
5	991
6	33
6	34
6	103
6	125
6	128
6	151
6	158
6	159
6	175
6	449
7	56
7	129
7	132
7	141
7	156
7	160
7	168
7	172
7	173
7	528
8	28
8	62
8	92
8	95
8	121
8	133
8	149
8	161
8	166
8	443
9	3
9	46
9	121
9	137
9	154
9	159
9	160
9	168
9	172
9	173
10	33
10	39
10	57
10	62
10	65
10	131
10	132
10	133
10	163
10	174
11	35
11	92
11	119
11	136
11	137
11	161
11	166
11	170
11	171
11	939
12	78
12	107
12	130
12	144
12	150
12	152
12	156
12	162
12	174
12	535
13	24
13	58
13	63
13	92
13	135
13	144
13	154
13	161
13	166
13	404
14	22
14	93
14	104
14	123
14	130
14	132
14	149
14	164
14	165
14	171
15	57
15	73
15	78
15	81
15	116
15	150
15	152
15	162
15	175
15	739
16	98
16	126
16	151
16	153
16	156
16	167
16	169
16	171
16	173
16	533
17	61
17	86
17	117
17	132
17	146
17	147
17	158
17	161
17	168
17	175
18	1
18	19
18	54
18	69
18	134
18	143
18	150
18	152
18	162
18	165
18	170
19	18
19	38
19	74
19	75
19	82
19	136
19	142
19	144
19	148
19	164
19	165
20	69
20	78
20	88
20	98
20	124
20	133
20	150
20	152
20	162
20	168
20	852
21	33
21	78
21	85
21	94
21	114
21	119
21	122
21	128
21	155
21	173
21	174
22	5
22	14
22	113
22	117
22	131
22	148
22	151
22	160
22	164
22	165
22	395
23	50
23	57
23	100
23	111
23	130
23	137
23	140
23	170
23	171
23	173
23	175
24	13
24	134
24	153
24	156
24	159
24	168
24	169
24	170
24	172
24	173
24	174
25	33
25	38
25	72
25	109
25	113
25	115
25	123
25	140
25	164
25	165
25	754
26	36
26	58
26	86
26	94
26	102
26	123
26	128
26	140
26	144
26	149
26	165
27	43
27	104
27	105
27	114
27	135
27	138
27	149
27	161
27	166
27	169
27	316
28	8
28	91
28	98
28	121
28	127
28	146
28	152
28	153
28	156
28	168
28	172
28	173
29	53
29	75
29	114
29	138
29	151
29	155
29	163
29	170
29	171
29	174
29	175
29	889
30	80
30	85
30	87
30	110
30	116
30	133
30	134
30	142
30	150
30	161
30	162
30	168
31	34
31	76
31	83
31	85
31	109
31	125
31	144
31	145
31	157
31	172
31	174
31	760
32	97
32	109
32	116
32	117
32	118
32	121
32	124
32	131
32	146
32	169
32	174
32	812
33	6
33	10
33	21
33	25
33	84
33	115
33	128
33	147
33	151
33	161
33	167
33	169
34	6
34	31
34	74
34	110
34	122
34	124
34	131
34	145
34	147
34	172
34	174
34	690
35	11
35	38
35	43
35	50
35	128
35	140
35	141
35	143
35	157
35	171
35	175
35	704
36	3
36	5
36	26
36	52
36	95
36	126
36	138
36	141
36	148
36	164
36	165
36	371
37	86
37	88
37	127
37	130
37	137
37	156
37	159
37	160
37	168
37	172
37	173
37	175
38	19
38	25
38	35
38	75
38	113
38	114
38	115
38	134
38	140
38	148
38	164
38	416
39	10
39	41
39	58
39	77
39	117
39	120
39	132
39	145
39	165
39	169
39	174
39	175
40	103
40	105
40	120
40	127
40	135
40	149
40	154
40	161
40	166
40	167
40	173
40	330
41	39
41	67
41	97
41	110
41	131
41	142
41	147
41	157
41	163
41	171
41	174
41	504
42	80
42	100
42	107
42	116
42	133
42	139
42	150
42	152
42	162
42	164
42	168
42	748
43	27
43	35
43	84
43	101
43	106
43	113
43	133
43	149
43	167
43	168
43	169
43	571
44	77
44	79
44	99
44	142
44	153
44	160
44	162
44	165
44	168
44	172
44	173
44	868
45	70
45	79
45	105
45	112
45	114
45	127
45	130
45	135
45	159
45	168
45	172
45	173
46	9
46	90
46	119
46	127
46	136
46	149
46	153
46	154
46	157
46	161
46	167
46	770
47	59
47	109
47	112
47	124
47	139
47	150
47	151
47	160
47	167
47	170
47	171
47	174
48	59
48	68
48	90
48	111
48	112
48	139
48	149
48	154
48	161
48	166
48	167
48	175
49	1
49	60
49	65
49	86
49	97
49	146
49	147
49	152
49	159
49	168
49	174
49	415
50	23
50	35
50	59
50	85
50	92
50	124
50	129
50	136
50	143
50	146
50	158
50	454
51	66
51	93
51	99
51	125
51	126
51	140
51	157
51	160
51	163
51	170
51	171
51	175
52	36
52	65
52	79
52	88
52	109
52	120
52	158
52	160
52	163
52	167
52	170
52	175
53	29
53	59
53	68
53	100
53	107
53	134
53	135
53	150
53	152
53	155
53	162
53	784
54	18
54	74
54	80
54	99
54	116
54	122
54	134
54	150
54	157
54	158
54	162
54	689
55	101
55	108
55	130
55	140
55	141
55	144
55	146
55	147
55	148
55	164
55	165
55	170
56	7
56	92
56	98
56	126
56	140
56	149
56	151
56	155
56	157
56	167
56	170
56	173
56	175
57	10
57	15
57	23
57	67
57	68
57	81
57	87
57	131
57	133
57	134
57	162
57	171
57	436
58	13
58	26
58	39
58	113
58	116
58	123
58	125
58	144
58	148
58	151
58	164
58	165
58	478
59	47
59	48
59	50
59	53
59	124
59	133
59	140
59	147
59	155
59	163
59	171
59	175
59	797
60	49
60	73
60	75
60	90
60	93
60	130
60	140
60	144
60	165
60	169
60	170
60	173
60	769
61	17
61	69
61	106
61	108
61	115
61	118
61	159
61	160
61	165
61	168
61	172
61	173
61	540
62	8
62	10
62	65
62	118
62	122
62	129
62	145
62	146
62	157
62	164
62	173
62	174
62	175
63	13
63	69
63	92
63	112
63	132
63	136
63	149
63	161
63	162
63	166
63	170
63	174
63	390
64	76
64	89
64	94
64	109
64	131
64	146
64	149
64	157
64	162
64	164
64	165
64	174
64	836
65	10
65	49
65	52
65	62
65	66
65	97
65	99
65	110
65	120
65	157
65	171
65	175
65	262
66	51
66	65
66	105
66	118
66	124
66	129
66	159
66	160
66	168
66	170
66	172
66	173
66	514
67	1
67	41
67	57
67	107
67	113
67	116
67	133
67	150
67	152
67	162
67	167
67	171
67	993
68	48
68	53
68	57
68	80
68	128
68	133
68	134
68	148
68	150
68	152
68	162
68	167
68	175
68	958
69	18
69	20
69	61
69	63
69	87
69	88
69	134
69	150
69	152
69	155
69	162
69	163
69	168
69	860
70	45
70	81
70	88
70	90
70	93
70	103
70	104
70	112
70	136
70	138
70	154
70	159
70	166
70	992
71	83
71	100
71	114
71	138
71	152
71	153
71	156
71	158
71	159
71	160
71	168
71	172
71	173
71	556
72	2
72	4
72	25
72	74
72	87
72	89
72	116
72	118
72	131
72	132
72	157
72	168
72	174
72	433
73	15
73	60
73	82
73	96
73	113
73	120
73	123
73	144
73	148
73	164
73	165
73	170
73	173
73	319
74	19
74	34
74	54
74	72
74	89
74	108
74	117
74	125
74	145
74	146
74	147
74	166
74	167
74	174
75	19
75	29
75	38
75	60
75	89
75	118
75	119
75	123
75	129
75	144
75	148
75	150
75	164
75	165
76	31
76	64
76	94
76	103
76	118
76	120
76	143
76	146
76	147
76	148
76	157
76	172
76	174
76	180
77	39
77	44
77	88
77	132
77	146
77	151
77	153
77	156
77	160
77	168
77	171
77	172
77	173
77	347
78	12
78	15
78	20
78	21
78	87
78	91
78	107
78	122
78	131
78	150
78	152
78	154
78	162
78	173
78	965
79	44
79	45
79	52
79	95
79	98
79	101
79	115
79	128
79	135
79	137
79	155
79	164
79	171
79	172
79	175
80	30
80	42
80	54
80	68
80	102
80	107
80	128
80	133
80	134
80	138
80	143
80	152
80	162
80	167
80	169
81	15
81	57
81	70
81	86
81	96
81	97
81	109
81	110
81	120
81	138
81	147
81	157
81	165
81	171
81	174
82	19
82	73
82	98
82	99
82	114
82	129
82	134
82	146
82	153
82	156
82	159
82	160
82	172
82	173
82	754
83	31
83	71
83	106
83	125
83	137
83	139
83	141
83	147
83	153
83	154
83	155
83	157
83	170
83	175
83	475
84	33
84	43
84	86
84	99
84	111
84	117
84	122
84	141
84	151
84	158
84	165
84	167
84	169
84	174
84	734
85	4
85	21
85	30
85	31
85	50
85	102
85	134
85	143
85	147
85	151
85	157
85	169
85	170
85	171
85	542
86	17
86	26
86	37
86	49
86	81
86	84
86	93
86	109
86	118
86	126
86	127
86	146
86	147
86	157
86	169
86	174
87	30
87	57
87	69
87	72
87	78
87	94
87	108
87	112
87	116
87	133
87	139
87	150
87	152
87	162
87	166
87	997
88	20
88	37
88	52
88	69
88	70
88	77
88	101
88	106
88	138
88	152
88	155
88	158
88	163
88	167
88	169
88	783
89	64
89	72
89	74
89	75
89	110
89	117
89	128
89	132
89	137
89	145
89	146
89	147
89	156
89	158
89	163
89	165
90	46
90	48
90	60
90	70
90	104
90	111
90	121
90	135
90	137
90	138
90	142
90	149
90	154
90	161
90	166
90	169
91	28
91	78
91	102
91	129
91	141
91	146
91	153
91	154
91	156
91	159
91	160
91	168
91	169
91	172
91	173
91	174
91	914
92	8
92	11
92	13
92	50
92	56
92	63
92	96
92	97
92	119
92	123
92	135
92	154
92	161
92	166
92	173
92	175
92	248
93	14
93	51
93	60
93	70
93	86
93	97
93	103
93	108
93	113
93	130
93	144
93	148
93	160
93	164
93	165
93	169
93	650
94	21
94	26
94	64
94	76
94	87
94	101
94	105
94	110
94	128
94	137
94	163
94	165
94	167
94	169
94	170
94	171
94	640
95	2
95	8
95	36
95	79
95	126
95	133
95	138
95	142
95	151
95	154
95	159
95	163
95	166
95	167
95	169
95	171
95	709
96	73
96	81
96	92
96	108
96	109
96	122
96	132
96	137
96	138
96	142
96	158
96	163
96	169
96	170
96	173
96	175
96	744
97	32
97	41
97	49
97	65
97	81
97	92
97	93
97	122
97	130
97	145
97	146
97	154
97	157
97	161
97	162
97	174
97	532
98	16
98	20
98	28
98	56
98	79
98	82
98	124
98	127
98	131
98	138
98	143
98	151
98	155
98	162
98	163
98	173
98	274
99	44
99	51
99	54
99	65
99	82
99	84
99	101
99	141
99	142
99	150
99	151
99	155
99	161
99	170
99	174
99	175
99	445
100	23
100	42
100	53
100	71
100	115
100	122
100	124
100	125
100	141
100	146
100	151
100	156
100	158
100	163
100	169
100	170
100	179
101	43
101	55
101	79
101	88
101	94
101	99
101	112
101	137
101	138
101	144
101	162
101	165
101	167
101	168
101	170
101	175
101	253
102	5
102	26
102	80
102	85
102	91
102	108
102	121
102	127
102	136
102	153
102	156
102	159
102	160
102	168
102	172
102	173
102	507
103	2
103	6
103	40
103	70
103	76
103	93
103	111
103	121
103	135
103	139
103	149
103	154
103	161
103	166
103	167
103	169
103	172
103	926
104	14
104	27
104	70
104	90
104	111
104	119
104	121
104	136
104	139
104	141
104	148
104	149
104	154
104	164
104	166
104	174
104	175
104	954
105	27
105	40
105	45
105	66
105	94
105	114
105	115
105	126
105	153
105	156
105	160
105	161
105	162
105	168
105	172
105	173
105	174
105	759
106	5
106	43
106	61
106	83
106	88
106	111
106	119
106	122
106	124
106	126
106	141
106	149
106	166
106	167
106	169
106	174
106	175
106	339
107	12
107	42
107	53
107	67
107	78
107	80
107	116
107	126
107	134
107	143
107	145
107	147
107	151
107	152
107	162
107	166
107	170
107	671
108	3
108	4
108	55
108	61
108	74
108	87
108	93
108	96
108	102
108	123
108	130
108	140
108	144
108	148
108	157
108	161
108	164
108	165
108	849
109	25
109	31
109	32
109	47
109	52
109	64
109	81
109	86
109	96
109	115
109	118
109	131
109	132
109	135
109	145
109	149
109	152
109	157
109	174
110	30
110	34
110	41
110	65
110	81
110	89
110	94
110	120
110	132
110	146
110	147
110	150
110	153
110	158
110	163
110	170
110	174
110	175
110	971
111	23
111	48
111	84
111	90
111	103
111	104
111	106
111	112
111	119
111	120
111	121
111	136
111	147
111	154
111	156
111	161
111	163
111	166
111	175
112	2
112	45
112	47
112	48
112	63
112	70
112	87
112	101
112	111
112	135
112	136
112	149
112	150
112	152
112	154
112	161
112	162
112	166
112	171
112	456
113	22
113	25
113	38
113	43
113	58
113	67
113	73
113	93
113	126
113	132
113	139
113	140
113	144
113	148
113	154
113	163
113	164
113	165
113	169
113	495
114	21
114	27
114	29
114	38
114	45
114	71
114	82
114	105
114	115
114	123
114	125
114	142
114	153
114	156
114	159
114	160
114	164
114	172
114	173
114	753
115	25
115	33
115	38
115	61
115	79
115	100
115	105
115	109
115	114
115	116
115	127
115	145
115	153
115	156
115	159
115	160
115	168
115	172
115	173
115	961
116	15
116	30
116	32
116	42
116	54
116	58
116	67
116	72
116	87
116	107
116	115
116	120
116	129
116	133
116	150
116	152
116	155
116	159
116	162
116	770
117	17
117	22
117	32
117	39
117	74
117	84
117	89
117	118
117	120
117	132
117	134
117	136
117	143
117	146
117	157
117	160
117	161
117	171
117	174
117	954
118	32
118	61
118	62
118	66
118	72
118	75
118	76
118	86
118	109
118	117
118	120
118	122
118	138
118	147
118	148
118	153
118	155
118	157
118	174
118	236
119	11
119	21
119	46
119	75
119	92
119	104
119	106
119	111
119	121
119	123
119	128
119	136
119	142
119	149
119	154
119	155
119	156
119	161
119	166
119	998
120	39
120	40
120	52
120	65
120	73
120	76
120	81
120	110
120	111
120	116
120	117
120	118
120	131
120	145
120	155
120	157
120	163
120	166
120	174
120	790
121	2
121	8
121	9
121	28
121	32
121	90
121	102
121	103
121	104
121	111
121	119
121	124
121	133
121	135
121	143
121	144
121	154
121	161
121	166
121	972
122	4
122	21
122	34
122	54
122	62
122	78
122	84
122	96
122	97
122	100
122	106
122	118
122	138
122	144
122	155
122	158
122	164
122	167
122	171
122	175
122	648
123	4
123	14
123	25
123	26
123	58
123	73
123	75
123	92
123	108
123	114
123	119
123	130
123	137
123	140
123	148
123	154
123	155
123	164
123	165
123	166
123	779
124	20
124	32
124	34
124	47
124	50
124	59
124	66
124	98
124	100
124	106
124	121
124	125
124	130
124	138
124	139
124	141
124	145
124	163
124	167
124	173
124	628
125	6
125	31
125	51
125	58
125	74
125	83
125	100
125	114
125	124
125	126
125	133
125	137
125	143
125	147
125	158
125	161
125	165
125	169
125	170
125	171
125	174
125	780
126	16
126	36
126	51
126	56
126	86
126	95
126	105
126	106
126	107
126	113
126	125
126	142
126	144
126	157
126	163
126	168
126	169
126	170
126	171
126	174
126	175
126	917
127	28
127	37
127	40
127	45
127	46
127	86
127	98
127	102
127	115
127	129
127	135
127	153
127	156
127	158
127	159
127	160
127	164
127	166
127	168
127	173
127	174
127	986
128	6
128	21
128	26
128	33
128	35
128	68
128	79
128	80
128	89
128	94
128	119
128	129
128	139
128	141
128	142
128	143
128	151
128	153
128	170
128	172
128	173
128	616
129	1
129	7
129	50
129	62
129	66
129	75
129	82
129	91
129	116
129	127
129	128
129	130
129	137
129	153
129	154
129	156
129	158
129	159
129	160
129	168
129	172
129	173
129	606
130	5
130	12
130	14
130	23
130	37
130	45
130	55
130	60
130	93
130	97
130	108
130	123
130	124
130	129
130	140
130	144
130	148
130	162
130	164
130	165
130	173
130	767
130	975
131	10
131	22
131	32
131	34
131	41
131	57
131	64
131	72
131	78
131	98
131	109
131	120
131	132
131	134
131	145
131	147
131	148
131	152
131	157
131	159
131	166
131	174
131	778
132	7
132	10
132	14
132	17
132	39
132	63
132	72
132	77
132	89
132	96
132	109
132	110
132	113
132	117
132	131
132	145
132	147
132	151
132	157
132	159
132	166
132	174
132	333
133	8
133	10
133	20
133	30
133	42
133	43
133	57
133	59
133	67
133	68
133	80
133	87
133	95
133	116
133	121
133	125
133	134
133	150
133	152
133	162
133	170
133	172
133	175
133	531
134	18
134	24
134	30
134	38
134	53
134	54
134	57
134	68
134	69
134	80
134	82
134	85
134	107
134	117
134	131
134	133
134	143
134	150
134	151
134	152
134	153
134	162
134	511
134	867
135	13
135	27
135	40
135	45
135	53
135	79
135	90
135	92
135	103
135	109
135	112
135	121
135	127
135	136
135	142
135	149
135	154
135	160
135	161
135	166
135	167
135	175
135	328
135	370
136	11
136	19
136	46
136	50
136	63
136	70
136	102
136	104
136	111
136	112
136	117
136	119
136	135
136	148
136	149
136	154
136	156
136	158
136	160
136	161
136	166
136	170
136	175
136	788
137	9
137	11
137	23
137	37
137	79
137	83
137	89
137	90
137	94
137	96
137	101
137	123
137	125
137	129
137	138
137	141
137	153
137	154
137	155
137	158
137	167
137	170
137	171
137	523
138	27
138	29
138	36
138	70
138	71
138	80
138	81
138	88
138	90
138	95
138	96
138	98
138	101
138	118
138	122
138	124
138	137
138	139
138	143
138	151
138	164
138	167
138	168
138	170
138	854
139	42
139	47
139	48
139	83
139	87
139	103
139	104
139	113
139	124
139	128
139	138
139	141
139	142
139	144
139	155
139	161
139	163
139	164
139	168
139	169
139	170
139	171
139	172
139	175
139	240
140	2
140	3
140	4
140	23
140	25
140	26
140	35
140	38
140	51
140	55
140	56
140	59
140	60
140	108
140	113
140	123
140	130
140	144
140	145
140	148
140	156
140	164
140	165
140	174
140	902
140	989
141	7
141	35
141	36
141	55
141	83
141	84
141	91
141	99
141	100
141	104
141	106
141	124
141	128
141	137
141	139
141	143
141	146
141	153
141	157
141	160
141	161
141	169
141	171
141	172
141	175
141	442
142	19
142	30
142	41
142	44
142	90
142	95
142	96
142	99
142	114
142	119
142	126
142	128
142	135
142	139
142	143
142	149
142	151
142	158
142	163
142	164
142	167
142	168
142	169
142	171
142	175
142	995
143	18
143	35
143	50
143	76
143	80
143	85
143	98
143	107
143	117
143	121
143	125
143	128
143	134
143	138
143	141
143	142
143	154
143	155
143	158
143	159
143	160
143	166
143	169
143	170
143	171
143	175
143	782
144	3
144	12
144	13
144	19
144	26
144	31
144	55
144	58
144	60
144	73
144	75
144	93
144	101
144	108
144	113
144	121
144	122
144	126
144	130
144	139
144	140
144	163
144	164
144	165
144	171
144	172
144	548
144	554
145	1
145	31
145	34
145	39
145	62
145	74
145	89
145	97
145	107
145	109
145	115
145	120
145	124
145	131
145	132
145	140
145	146
145	147
145	148
145	149
145	157
145	163
145	167
145	171
145	172
145	174
145	221
145	612
146	17
146	28
146	32
146	49
146	50
146	55
146	62
146	64
146	74
146	76
146	77
146	82
146	86
146	89
146	91
146	97
146	100
146	110
146	117
146	141
146	145
146	147
146	157
146	158
146	161
146	163
146	174
146	798
147	17
147	33
147	34
147	41
147	49
147	55
147	59
147	74
147	76
147	81
147	83
147	85
147	86
147	89
147	107
147	110
147	111
147	118
147	125
147	131
147	132
147	145
147	146
147	157
147	165
147	171
147	172
147	174
147	431
148	5
148	19
148	22
148	36
148	38
148	55
148	58
148	68
148	73
148	75
148	76
148	93
148	104
148	108
148	113
148	118
148	123
148	130
148	131
148	136
148	140
148	145
148	157
148	158
148	159
148	164
148	165
148	172
148	536
149	2
149	8
149	14
149	26
149	27
149	40
149	43
149	46
149	48
149	56
149	63
149	64
149	90
149	103
149	104
149	106
149	109
149	112
149	119
149	135
149	136
149	142
149	145
149	154
149	161
149	163
149	166
149	168
149	169
149	206
149	239
150	12
150	15
150	18
150	20
150	30
150	42
150	47
150	53
150	54
150	67
150	68
150	69
150	75
150	78
150	87
150	99
150	110
150	112
150	116
150	133
150	134
150	152
150	156
150	158
150	162
150	166
150	167
150	168
150	171
150	173
150	279
150	840
151	6
151	16
151	22
151	29
151	33
151	47
151	56
151	58
151	77
151	84
151	85
151	95
151	98
151	99
151	100
151	107
151	128
151	132
151	134
151	138
151	142
151	156
151	157
151	158
151	159
151	160
151	161
151	165
151	169
151	171
151	479
151	869
152	12
152	15
152	18
152	20
152	28
152	42
152	49
152	53
152	67
152	68
152	69
152	71
152	78
152	80
152	87
152	88
152	107
152	109
152	112
152	116
152	131
152	133
152	134
152	150
152	155
152	159
152	162
152	165
152	169
152	170
152	172
152	655
152	950
153	16
153	24
153	28
153	44
153	46
153	71
153	77
153	82
153	83
153	91
153	102
153	105
153	110
153	114
153	115
153	118
153	127
153	128
153	129
153	134
153	137
153	141
153	155
153	159
153	160
153	166
153	167
153	168
153	171
153	172
153	173
153	637
153	883
154	3
154	9
154	13
154	40
154	46
154	48
154	70
154	78
154	83
154	90
154	91
154	92
154	95
154	97
154	103
154	104
154	111
154	112
154	113
154	119
154	121
154	123
154	129
154	135
154	136
154	137
154	143
154	149
154	161
154	164
154	166
154	662
154	731
155	21
155	29
155	53
155	56
155	59
155	69
155	79
155	83
155	88
155	98
155	99
155	116
155	118
155	119
155	120
155	122
155	123
155	137
155	139
155	143
155	152
155	153
155	158
155	162
155	163
155	164
155	169
155	170
155	171
155	172
155	174
155	295
155	717
156	7
156	12
156	16
156	24
156	28
156	37
156	71
156	77
156	82
156	89
156	91
156	100
156	102
156	105
156	111
156	114
156	115
156	119
156	127
156	129
156	136
156	140
156	150
156	151
156	158
156	159
156	160
156	162
156	168
156	169
156	171
156	172
156	173
156	472
156	498
157	31
157	35
157	41
157	46
157	51
157	54
157	56
157	62
157	64
157	65
157	72
157	76
157	81
157	83
157	85
157	86
157	97
157	108
157	109
157	117
157	118
157	120
157	126
157	131
157	132
157	141
157	145
157	146
157	147
157	148
157	151
157	158
157	174
157	175
157	427
157	987
158	6
158	17
158	50
158	52
158	54
158	71
158	84
158	88
158	89
158	96
158	100
158	110
158	122
158	125
158	127
158	129
158	136
158	137
158	142
158	143
158	146
158	148
158	150
158	151
158	155
158	156
158	157
158	161
158	163
158	167
158	168
158	170
158	171
158	175
158	589
158	956
159	1
159	6
159	9
159	24
159	37
159	45
159	49
159	61
159	66
159	70
159	71
159	82
159	91
159	95
159	102
159	114
159	115
159	116
159	127
159	129
159	131
159	132
159	143
159	148
159	151
159	152
159	153
159	156
159	163
159	167
159	168
159	170
159	172
159	173
159	175
159	343
159	451
160	7
160	9
160	22
160	37
160	44
160	47
160	51
160	52
160	61
160	66
160	71
160	77
160	82
160	91
160	93
160	102
160	105
160	114
160	115
160	117
160	127
160	129
160	135
160	136
160	141
160	143
160	151
160	153
160	156
160	166
160	168
160	169
160	170
160	172
160	173
160	219
160	461
161	2
161	8
161	11
161	13
161	17
161	27
161	30
161	33
161	40
161	46
161	48
161	63
161	90
161	92
161	97
161	99
161	103
161	105
161	108
161	111
161	112
161	117
161	119
161	121
161	125
161	135
161	136
161	139
161	141
161	146
161	149
161	151
161	154
161	158
161	166
161	170
161	329
161	585
162	1
162	5
162	12
162	15
162	18
162	20
162	30
162	42
162	44
162	53
162	54
162	57
162	63
162	64
162	67
162	68
162	69
162	78
162	80
162	87
162	97
162	98
162	101
162	105
162	107
162	112
162	116
162	130
162	133
162	134
162	150
162	152
162	155
162	156
162	163
162	169
162	518
162	844
163	10
163	29
163	41
163	51
163	52
163	59
163	69
163	88
163	89
163	94
163	95
163	96
163	98
163	100
163	110
163	111
163	113
163	120
163	124
163	126
163	139
163	142
163	144
163	145
163	146
163	149
163	155
163	158
163	159
163	162
163	167
163	169
163	170
163	171
163	173
163	175
163	562
163	651
164	3
164	5
164	14
164	19
164	22
164	25
164	36
164	38
164	42
164	55
164	58
164	62
164	64
164	73
164	75
164	79
164	93
164	104
164	108
164	113
164	114
164	122
164	123
164	127
164	130
164	138
164	139
164	140
164	142
164	144
164	148
164	154
164	155
164	165
164	167
164	172
164	175
164	522
164	600
165	2
165	3
165	14
165	18
165	19
165	22
165	25
165	26
165	36
165	39
165	44
165	55
165	58
165	60
165	61
165	64
165	73
165	75
165	81
165	84
165	89
165	93
165	94
165	101
165	108
165	113
165	123
165	125
165	130
165	140
165	144
165	147
165	148
165	151
165	152
165	164
165	172
165	173
165	252
165	830
166	2
166	8
166	11
166	13
166	27
166	40
166	48
166	63
166	70
166	74
166	87
166	90
166	92
166	95
166	103
166	104
166	106
166	107
166	111
166	112
166	119
166	120
166	121
166	123
166	127
166	131
166	132
166	135
166	136
166	143
166	149
166	150
166	153
166	154
166	160
166	161
166	171
166	175
166	300
166	703
167	3
167	4
167	16
167	33
167	40
167	43
167	46
167	47
167	48
167	52
167	56
167	67
167	68
167	74
167	80
167	84
167	88
167	94
167	95
167	101
167	103
167	106
167	122
167	124
167	135
167	137
167	138
167	142
167	145
167	150
167	153
167	158
167	159
167	163
167	164
167	169
167	170
167	171
167	173
167	174
167	175
167	826
167	983
168	1
168	7
168	9
168	17
168	20
168	24
168	28
168	30
168	37
168	42
168	43
168	44
168	45
168	49
168	61
168	66
168	69
168	71
168	72
168	77
168	91
168	101
168	102
168	105
168	115
168	126
168	127
168	129
168	138
168	139
168	142
168	149
168	150
168	153
168	156
168	158
168	159
168	160
168	169
168	172
168	173
168	301
168	601
169	4
169	16
169	24
169	27
169	32
169	33
169	39
169	43
169	60
169	80
169	84
169	85
169	86
169	88
169	90
169	91
169	93
169	94
169	95
169	96
169	100
169	103
169	106
169	113
169	125
169	126
169	139
169	141
169	142
169	143
169	149
169	151
169	152
169	155
169	156
169	160
169	162
169	163
169	167
169	168
169	170
169	171
169	286
169	539
169	658
170	3
170	11
170	18
170	23
170	24
170	29
170	47
170	51
170	52
170	55
170	56
170	60
170	63
170	66
170	73
170	83
170	85
170	94
170	96
170	99
170	100
170	101
170	107
170	110
170	125
170	126
170	128
170	133
170	136
170	137
170	138
170	139
170	143
170	152
170	155
170	158
170	159
170	160
170	161
170	163
170	167
170	169
170	174
170	175
170	605
170	925
171	11
171	14
171	16
171	23
171	29
171	35
171	41
171	47
171	51
171	57
171	59
171	65
171	67
171	77
171	79
171	81
171	85
171	94
171	95
171	112
171	117
171	122
171	125
171	126
171	137
171	139
171	141
171	142
171	143
171	144
171	145
171	147
171	150
171	151
171	153
171	155
171	156
171	158
171	163
171	166
171	167
171	169
171	172
171	175
171	259
171	334
172	1
172	5
172	7
172	9
172	24
172	28
172	31
172	34
172	37
172	44
172	45
172	61
172	66
172	71
172	76
172	77
172	79
172	82
172	91
172	102
172	103
172	105
172	114
172	115
172	128
172	129
172	133
172	139
172	141
172	144
172	145
172	147
172	148
172	152
172	153
172	155
172	156
172	159
172	160
172	164
172	165
172	168
172	171
172	173
172	407
172	463
172	624
173	1
173	7
173	9
173	16
173	21
173	23
173	24
173	28
173	37
173	40
173	44
173	45
173	56
173	60
173	61
173	62
173	66
173	71
173	73
173	77
173	78
173	82
173	91
173	92
173	96
173	98
173	102
173	105
173	114
173	115
173	124
173	127
173	128
173	129
173	130
173	150
173	153
173	156
173	159
173	160
173	163
173	165
173	167
173	168
173	172
173	287
173	643
174	10
174	12
174	21
174	24
174	29
174	31
174	32
174	34
174	39
174	41
174	47
174	49
174	62
174	63
174	64
174	72
174	74
174	76
174	81
174	84
174	86
174	91
174	97
174	99
174	104
174	105
174	106
174	109
174	110
174	117
174	118
174	120
174	125
174	126
174	127
174	131
174	132
174	140
174	145
174	146
174	147
174	155
174	157
174	167
174	170
174	657
174	768
175	4
175	6
175	15
175	17
175	23
175	29
175	35
175	37
175	39
175	48
175	51
175	52
175	56
175	59
175	62
175	65
175	68
175	79
175	83
175	92
175	96
175	99
175	101
175	104
175	106
175	110
175	111
175	122
175	126
175	133
175	135
175	136
175	139
175	141
175	142
175	143
175	157
175	158
175	159
175	163
175	164
175	166
175	167
175	170
175	171
175	231
175	995
176	237
176	240
176	251
176	269
176	279
176	280
176	285
176	287
176	293
176	296
177	188
177	197
177	236
177	269
177	274
177	278
177	288
177	290
177	294
177	295
178	181
178	235
178	248
178	254
178	267
178	279
178	282
178	286
178	289
178	292
179	100
179	188
179	196
179	237
179	238
179	257
179	270
179	276
179	278
179	292
180	76
180	185
180	197
180	199
180	205
180	233
180	245
180	251
180	268
180	292
181	178
181	185
181	213
181	234
181	242
181	254
181	266
181	267
181	269
181	292
182	184
182	228
182	237
182	255
182	258
182	263
182	284
182	293
182	296
182	951
183	233
183	246
183	262
183	270
183	274
183	278
183	286
183	288
183	294
183	297
184	182
184	204
184	208
184	219
184	257
184	261
184	270
184	285
184	297
184	701
185	180
185	181
185	217
185	219
185	230
185	241
185	251
185	283
185	297
185	607
186	209
186	227
186	253
186	262
186	269
186	272
186	276
186	277
186	297
186	996
187	196
187	206
187	224
187	264
187	268
187	274
187	280
187	293
187	296
187	297
188	177
188	179
188	213
188	222
188	263
188	283
188	287
188	294
188	297
188	652
189	205
189	208
189	217
189	223
189	230
189	245
189	268
189	272
189	289
189	292
189	547
190	255
190	262
190	271
190	275
190	284
190	287
190	293
190	294
190	296
190	297
190	505
191	205
191	213
191	214
191	216
191	253
191	256
191	277
191	284
191	286
191	289
191	294
192	195
192	221
192	226
192	247
192	276
192	280
192	285
192	292
192	293
192	296
193	195
193	234
193	236
193	243
193	253
193	260
193	266
193	267
193	268
193	293
193	295
194	200
194	227
194	233
194	269
194	271
194	274
194	283
194	286
194	295
194	297
194	620
195	192
195	193
195	206
195	215
195	219
195	252
195	259
195	276
195	291
195	295
195	297
196	179
196	187
196	212
196	224
196	225
196	230
196	257
196	282
196	285
196	297
196	504
197	177
197	180
197	213
197	257
197	270
197	280
197	284
197	287
197	293
197	296
197	764
198	211
198	218
198	222
198	223
198	249
198	262
198	267
198	275
198	289
198	290
198	291
199	180
199	232
199	233
199	258
199	282
199	286
199	289
199	294
199	295
199	296
199	297
200	194
200	216
200	231
200	238
200	268
200	274
200	278
200	281
200	283
200	284
200	294
201	210
201	228
201	235
201	250
201	251
201	267
201	277
201	279
201	282
201	290
201	720
202	206
202	225
202	236
202	246
202	256
202	264
202	271
202	273
202	274
202	280
202	281
202	282
203	208
203	213
203	238
203	239
203	260
203	265
203	268
203	279
203	284
203	287
203	293
203	296
204	184
204	207
204	228
204	236
204	240
204	244
204	251
204	273
204	286
204	292
204	295
204	481
205	180
205	189
205	191
205	221
205	252
205	277
205	281
205	282
205	288
205	296
205	297
205	400
206	149
206	187
206	195
206	202
206	258
206	265
206	280
206	283
206	284
206	287
206	293
206	296
207	204
207	219
207	223
207	225
207	232
207	243
207	263
207	270
207	274
207	276
207	288
207	918
208	184
208	189
208	203
208	248
208	266
208	280
208	284
208	291
208	292
208	293
208	296
208	490
209	186
209	217
209	234
209	260
209	274
209	276
209	284
209	291
209	294
209	295
209	297
209	1000
210	201
210	241
210	261
210	267
210	274
210	276
210	277
210	279
210	282
210	283
210	289
210	290
211	198
211	213
211	242
211	247
211	261
211	271
211	274
211	284
211	287
211	290
211	291
211	296
212	196
212	224
212	240
212	242
212	260
212	280
212	282
212	284
212	293
212	295
212	296
212	750
213	181
213	188
213	191
213	197
213	203
213	211
213	241
213	252
213	255
213	265
213	287
213	296
214	191
214	227
214	233
214	236
214	247
214	251
214	267
214	275
214	280
214	284
214	286
214	296
215	195
215	221
215	246
215	261
215	263
215	277
215	283
215	284
215	287
215	289
215	294
215	970
216	191
216	200
216	218
216	240
216	249
216	262
216	268
216	269
216	281
216	282
216	287
216	288
216	290
217	185
217	189
217	209
217	224
217	233
217	236
217	264
217	269
217	283
217	288
217	289
217	291
217	295
218	198
218	216
218	225
218	246
218	247
218	253
218	256
218	264
218	274
218	289
218	291
218	292
218	976
219	160
219	184
219	185
219	195
219	207
219	242
219	270
219	276
219	279
219	283
219	289
219	290
219	297
220	226
220	232
220	245
220	260
220	273
220	275
220	281
220	286
220	288
220	291
220	292
220	297
220	842
221	145
221	192
221	205
221	215
221	225
221	265
221	266
221	280
221	284
221	287
221	291
221	295
221	296
222	188
222	198
222	231
222	232
222	254
222	266
222	278
222	282
222	288
222	290
222	296
222	297
222	880
223	189
223	198
223	207
223	228
223	241
223	243
223	249
223	254
223	255
223	285
223	289
223	292
223	922
224	187
224	196
224	212
224	217
224	226
224	237
224	243
224	266
224	271
224	280
224	282
224	287
224	293
224	296
225	196
225	202
225	207
225	218
225	221
225	244
225	250
225	252
225	253
225	274
225	290
225	291
225	292
225	297
226	192
226	220
226	224
226	239
226	247
226	248
226	266
226	267
226	275
226	285
226	287
226	293
226	296
226	931
227	186
227	194
227	214
227	261
227	270
227	275
227	277
227	280
227	285
227	286
227	287
227	289
227	290
227	292
227	294
228	182
228	201
228	204
228	223
228	241
228	244
228	258
228	269
228	273
228	278
228	281
228	283
228	290
228	295
228	758
229	236
229	251
229	254
229	258
229	260
229	261
229	268
229	275
229	282
229	283
229	288
229	291
229	294
229	296
229	297
230	185
230	189
230	196
230	253
230	254
230	267
230	268
230	273
230	281
230	283
230	292
230	293
230	295
230	296
230	745
231	175
231	200
231	222
231	238
231	242
231	243
231	249
231	259
231	264
231	276
231	279
231	281
231	282
231	291
231	292
232	199
232	207
232	220
232	222
232	236
232	244
232	255
232	257
232	263
232	272
232	286
232	288
232	293
232	296
232	297
233	180
233	183
233	194
233	199
233	214
233	217
233	234
233	245
233	281
233	282
233	285
233	286
233	287
233	294
233	297
234	181
234	193
234	209
234	233
234	235
234	238
234	244
234	256
234	261
234	263
234	270
234	274
234	283
234	285
234	292
234	743
235	178
235	201
235	234
235	238
235	239
235	249
235	260
235	266
235	271
235	272
235	273
235	284
235	288
235	290
235	297
235	514
236	118
236	177
236	193
236	202
236	204
236	214
236	217
236	229
236	232
236	237
236	264
236	265
236	273
236	276
236	277
236	282
237	176
237	179
237	182
237	224
237	236
237	248
237	252
237	265
237	272
237	280
237	285
237	287
237	293
237	295
237	296
237	851
238	179
238	200
238	203
238	231
238	234
238	235
238	244
238	251
238	263
238	272
238	276
238	278
238	288
238	289
238	290
238	294
238	295
239	149
239	203
239	226
239	235
239	267
239	268
239	271
239	273
239	277
239	279
239	282
239	288
239	289
239	290
239	291
239	295
239	297
240	139
240	176
240	204
240	212
240	216
240	242
240	246
240	250
240	255
240	258
240	277
240	278
240	280
240	284
240	287
240	293
240	296
241	185
241	210
241	213
241	223
241	228
241	246
241	257
241	271
241	278
241	281
241	288
241	291
241	292
241	293
241	294
241	297
241	501
242	181
242	211
242	212
242	219
242	231
242	240
242	244
242	247
242	251
242	265
242	266
242	279
242	284
242	292
242	293
242	296
242	959
243	193
243	207
243	223
243	224
243	231
243	252
243	257
243	260
243	267
243	269
243	270
243	272
243	277
243	283
243	286
243	288
243	294
244	204
244	225
244	228
244	232
244	234
244	238
244	242
244	252
244	259
244	261
244	262
244	278
244	286
244	293
244	295
244	297
244	501
245	180
245	189
245	220
245	233
245	253
245	256
245	270
245	275
245	276
245	278
245	281
245	283
245	286
245	288
245	291
245	292
245	293
245	940
246	183
246	202
246	215
246	218
246	240
246	241
246	252
246	266
246	272
246	277
246	278
246	279
246	283
246	285
246	286
246	295
246	297
246	821
247	192
247	211
247	214
247	218
247	226
247	242
247	248
247	266
247	277
247	284
247	287
247	291
247	292
247	293
247	294
247	296
247	297
247	515
248	92
248	178
248	208
248	226
248	237
248	247
248	256
248	264
248	265
248	266
248	272
248	273
248	284
248	285
248	287
248	288
248	293
248	296
249	198
249	216
249	223
249	231
249	235
249	254
249	256
249	257
249	261
249	268
249	269
249	270
249	273
249	280
249	283
249	284
249	290
249	974
250	201
250	225
250	240
250	260
250	261
250	264
250	270
250	275
250	276
250	281
250	282
250	283
250	285
250	286
250	288
250	289
250	294
250	794
251	176
251	180
251	185
251	201
251	204
251	214
251	229
251	238
251	242
251	254
251	261
251	262
251	267
251	277
251	285
251	286
251	292
251	295
251	335
252	165
252	195
252	205
252	213
252	225
252	237
252	243
252	244
252	246
252	259
252	260
252	277
252	280
252	282
252	290
252	291
252	294
252	295
252	297
253	101
253	186
253	191
253	193
253	218
253	225
253	230
253	245
253	258
253	262
253	266
253	274
253	280
253	281
253	282
253	283
253	286
253	294
253	296
254	178
254	181
254	222
254	223
254	229
254	230
254	249
254	251
254	260
254	265
254	268
254	271
254	277
254	278
254	282
254	285
254	286
254	295
254	967
255	182
255	190
255	213
255	223
255	232
255	240
255	263
255	266
255	278
255	280
255	284
255	287
255	290
255	292
255	293
255	294
255	295
255	296
255	790
256	191
256	202
256	218
256	234
256	245
256	248
256	249
256	258
256	261
256	262
256	268
256	272
256	276
256	278
256	281
256	283
256	285
256	293
256	297
256	440
257	179
257	184
257	196
257	197
257	232
257	241
257	243
257	249
257	262
257	265
257	267
257	269
257	273
257	274
257	276
257	285
257	292
257	294
257	295
257	974
258	182
258	199
258	206
258	228
258	229
258	240
258	253
258	256
258	263
258	265
258	270
258	273
258	275
258	283
258	287
258	289
258	290
258	294
258	295
258	725
259	171
259	195
259	231
259	244
259	252
259	260
259	267
259	268
259	271
259	275
259	276
259	279
259	280
259	281
259	283
259	285
259	287
259	289
259	290
259	291
260	193
260	203
260	209
260	212
260	220
260	229
260	235
260	243
260	250
260	252
260	254
260	259
260	279
260	289
260	290
260	291
260	292
260	293
260	294
260	610
261	184
261	210
261	211
261	215
261	227
261	229
261	234
261	244
261	249
261	250
261	251
261	256
261	264
261	274
261	281
261	284
261	290
261	293
261	297
261	674
262	65
262	183
262	186
262	190
262	198
262	216
262	244
262	251
262	253
262	256
262	257
262	263
262	271
262	275
262	280
262	283
262	288
262	291
262	292
262	294
262	295
263	182
263	188
263	207
263	215
263	232
263	234
263	238
263	255
263	258
263	262
263	270
263	277
263	278
263	279
263	280
263	288
263	290
263	292
263	293
263	294
263	516
264	187
264	202
264	217
264	218
264	231
264	236
264	248
264	250
264	261
264	269
264	270
264	277
264	278
264	279
264	282
264	285
264	286
264	289
264	291
264	296
264	791
265	203
265	206
265	213
265	221
265	236
265	237
265	242
265	248
265	254
265	257
265	258
265	269
265	272
265	280
265	284
265	287
265	289
265	291
265	293
265	296
265	679
266	181
266	193
266	208
266	221
266	222
266	224
266	226
266	235
266	242
266	246
266	247
266	248
266	253
266	255
266	280
266	285
266	287
266	291
266	293
266	296
266	297
266	613
267	178
267	181
267	193
267	198
267	201
267	210
267	214
267	226
267	230
267	239
267	243
267	251
267	257
267	259
267	272
267	276
267	278
267	281
267	282
267	288
267	297
267	776
268	180
268	187
268	189
268	193
268	200
268	203
268	216
268	229
268	230
268	239
268	249
268	254
268	256
268	259
268	276
268	278
268	279
268	281
268	285
268	286
268	288
268	295
268	507
269	176
269	177
269	181
269	186
269	194
269	216
269	217
269	228
269	243
269	249
269	257
269	264
269	265
269	270
269	274
269	277
269	279
269	282
269	287
269	288
269	292
269	294
269	718
270	179
270	183
270	184
270	197
270	207
270	219
270	227
270	234
270	243
270	245
270	249
270	250
270	258
270	263
270	264
270	269
270	274
270	275
270	276
270	286
270	291
270	295
270	296
270	528
271	190
271	194
271	202
271	211
271	224
271	235
271	239
271	241
271	254
271	259
271	262
271	275
271	278
271	279
271	280
271	281
271	283
271	284
271	289
271	294
271	295
271	297
271	763
271	977
272	186
272	189
272	232
272	235
272	237
272	238
272	243
272	246
272	248
272	256
272	265
272	267
272	273
272	278
272	279
272	281
272	283
272	286
272	289
272	290
272	291
272	294
272	295
272	524
272	876
273	202
273	204
273	220
273	228
273	230
273	235
273	236
273	239
273	248
273	249
273	257
273	258
273	272
273	279
273	281
273	286
273	288
273	289
273	291
273	294
273	295
273	296
273	297
273	470
273	934
274	98
274	177
274	183
274	187
274	194
274	200
274	202
274	207
274	209
274	210
274	211
274	218
274	225
274	234
274	253
274	257
274	261
274	269
274	270
274	275
274	277
274	278
274	288
274	289
274	292
274	293
275	190
275	198
275	214
275	220
275	226
275	227
275	229
275	245
275	250
275	258
275	259
275	262
275	270
275	271
275	274
275	279
275	283
275	284
275	287
275	288
275	289
275	290
275	291
275	295
275	297
275	630
276	179
276	186
276	192
276	195
276	207
276	209
276	210
276	219
276	231
276	236
276	238
276	245
276	250
276	256
276	257
276	259
276	267
276	268
276	270
276	278
276	281
276	282
276	288
276	290
276	291
276	295
276	991
277	186
277	191
277	201
277	205
277	210
277	215
277	227
277	236
277	239
277	240
277	243
277	246
277	247
277	251
277	252
277	254
277	263
277	264
277	269
277	274
277	279
277	281
277	285
277	286
277	290
277	295
277	297
277	949
278	177
278	179
278	183
278	200
278	222
278	228
278	238
278	240
278	241
278	244
278	245
278	246
278	254
278	255
278	256
278	263
278	264
278	267
278	268
278	271
278	272
278	274
278	276
278	279
278	288
278	291
278	292
278	294
278	295
278	467
279	150
279	176
279	178
279	201
279	203
279	210
279	219
279	231
279	239
279	242
279	246
279	259
279	260
279	263
279	264
279	268
279	269
279	271
279	272
279	273
279	275
279	277
279	278
279	280
279	283
279	286
279	289
279	290
279	294
279	295
279	297
280	176
280	187
280	192
280	197
280	202
280	206
280	208
280	212
280	214
280	221
280	224
280	227
280	237
280	240
280	249
280	252
280	253
280	255
280	259
280	262
280	263
280	265
280	266
280	271
280	279
280	284
280	285
280	287
280	293
280	296
280	808
280	861
281	200
281	202
281	205
281	216
281	220
281	228
281	230
281	231
281	233
281	241
281	245
281	250
281	253
281	256
281	259
281	261
281	267
281	268
281	271
281	272
281	273
281	276
281	277
281	284
281	285
281	289
281	290
281	292
281	294
281	296
281	297
281	947
281	1000
282	178
282	196
282	199
282	201
282	202
282	205
282	210
282	212
282	216
282	222
282	224
282	229
282	231
282	233
282	236
282	239
282	250
282	252
282	253
282	254
282	264
282	267
282	269
282	276
282	284
282	285
282	289
282	290
282	291
282	292
282	294
282	296
282	320
283	185
283	188
283	194
283	200
283	206
283	210
283	215
283	217
283	219
283	228
283	229
283	230
283	234
283	243
283	245
283	246
283	249
283	250
283	253
283	256
283	258
283	259
283	262
283	271
283	272
283	275
283	279
283	290
283	293
283	294
283	295
283	296
283	297
283	982
284	182
284	190
284	191
284	197
284	200
284	203
284	206
284	208
284	209
284	211
284	212
284	214
284	215
284	221
284	235
284	240
284	242
284	247
284	248
284	249
284	255
284	261
284	265
284	271
284	275
284	280
284	281
284	282
284	285
284	287
284	293
284	296
284	749
284	788
285	176
285	184
285	192
285	196
285	223
285	226
285	227
285	233
285	234
285	237
285	246
285	248
285	250
285	251
285	254
285	256
285	257
285	259
285	264
285	266
285	268
285	277
285	280
285	281
285	282
285	284
285	286
285	290
285	292
285	293
285	295
285	297
285	538
285	594
286	169
286	178
286	183
286	191
286	194
286	199
286	204
286	214
286	220
286	227
286	232
286	233
286	243
286	244
286	245
286	246
286	250
286	251
286	253
286	254
286	264
286	268
286	270
286	272
286	273
286	277
286	279
286	285
286	287
286	288
286	290
286	292
286	293
286	295
286	513
287	173
287	176
287	188
287	190
287	197
287	203
287	206
287	211
287	213
287	215
287	216
287	221
287	224
287	226
287	227
287	233
287	237
287	240
287	247
287	248
287	255
287	258
287	259
287	265
287	266
287	269
287	275
287	280
287	284
287	286
287	288
287	289
287	292
287	293
287	297
287	525
288	177
288	183
288	205
288	207
288	216
288	217
288	220
288	222
288	229
288	232
288	235
288	238
288	239
288	241
288	243
288	245
288	248
288	250
288	262
288	263
288	267
288	268
288	269
288	273
288	274
288	275
288	276
288	278
288	286
288	287
288	289
288	291
288	293
288	294
288	295
288	921
289	178
289	189
289	191
289	198
289	199
289	210
289	215
289	217
289	218
289	219
289	223
289	227
289	238
289	239
289	250
289	258
289	259
289	260
289	264
289	265
289	271
289	272
289	273
289	274
289	275
289	279
289	281
289	282
289	287
289	288
289	290
289	291
289	292
289	295
289	297
289	500
289	705
290	177
290	198
290	201
290	210
290	211
290	216
290	219
290	222
290	225
290	227
290	228
290	235
290	238
290	239
290	249
290	252
290	255
290	258
290	259
290	260
290	261
290	263
290	272
290	275
290	276
290	277
290	279
290	281
290	282
290	283
290	285
290	286
290	289
290	291
290	292
290	294
290	297
290	740
290	789
291	195
291	198
291	208
291	209
291	211
291	217
291	218
291	220
291	221
291	225
291	229
291	231
291	239
291	241
291	245
291	247
291	252
291	259
291	260
291	262
291	264
291	265
291	266
291	270
291	272
291	273
291	275
291	276
291	278
291	282
291	288
291	289
291	290
291	292
291	293
291	294
291	295
291	297
291	775
291	777
292	178
292	179
292	180
292	181
292	189
292	192
292	204
292	208
292	218
292	220
292	223
292	225
292	227
292	230
292	231
292	234
292	241
292	242
292	245
292	247
292	251
292	255
292	257
292	260
292	262
292	263
292	269
292	274
292	278
292	281
292	282
292	285
292	286
292	287
292	289
292	290
292	291
292	294
292	296
292	538
292	766
293	176
293	182
293	187
293	190
293	192
293	193
293	197
293	203
293	206
293	208
293	212
293	224
293	226
293	230
293	232
293	237
293	240
293	241
293	242
293	244
293	245
293	247
293	248
293	255
293	256
293	260
293	261
293	263
293	265
293	266
293	274
293	280
293	283
293	284
293	285
293	286
293	287
293	288
293	291
293	294
293	296
293	484
293	625
294	177
294	183
294	188
294	190
294	191
294	199
294	200
294	209
294	215
294	227
294	229
294	233
294	238
294	241
294	243
294	247
294	250
294	252
294	253
294	255
294	257
294	258
294	260
294	262
294	263
294	269
294	271
294	272
294	273
294	278
294	279
294	281
294	282
294	283
294	288
294	290
294	291
294	292
294	293
294	295
294	296
294	788
294	845
294	872
295	155
295	177
295	193
295	194
295	195
295	199
295	204
295	209
295	212
295	217
295	221
295	228
295	230
295	237
295	238
295	239
295	244
295	246
295	251
295	252
295	254
295	255
295	257
295	258
295	262
295	268
295	270
295	271
295	272
295	273
295	275
295	276
295	277
295	278
295	279
295	283
295	285
295	286
295	288
295	289
295	291
295	294
295	296
295	297
295	572
296	176
296	182
296	187
296	190
296	192
296	197
296	199
296	203
296	205
296	206
296	208
296	211
296	212
296	213
296	214
296	221
296	222
296	224
296	226
296	229
296	230
296	232
296	237
296	240
296	242
296	247
296	248
296	253
296	255
296	264
296	265
296	266
296	270
296	273
296	280
296	281
296	282
296	283
296	284
296	292
296	293
296	294
296	295
296	297
296	344
296	414
296	447
297	183
297	184
297	185
297	186
297	187
297	188
297	190
297	194
297	195
297	196
297	199
297	205
297	209
297	219
297	220
297	222
297	225
297	229
297	232
297	233
297	235
297	239
297	241
297	244
297	246
297	247
297	252
297	256
297	261
297	266
297	267
297	271
297	273
297	275
297	277
297	279
297	281
297	283
297	285
297	287
297	289
297	290
297	291
297	295
297	296
297	498
297	774
298	358
298	456
298	457
298	468
298	486
298	490
298	501
298	534
298	538
298	762
299	400
299	403
299	416
299	479
299	484
299	519
299	528
299	531
299	540
299	541
300	166
300	307
300	408
300	423
300	471
300	481
300	491
300	509
300	510
300	511
301	168
301	389
301	397
301	468
301	484
301	497
301	517
301	524
301	531
301	539
302	404
302	409
302	426
302	449
302	462
302	508
302	518
302	522
302	532
302	533
303	334
303	354
303	378
303	421
303	440
303	445
303	462
303	478
303	486
303	777
304	387
304	456
304	494
304	508
304	524
304	529
304	532
304	538
304	539
304	948
305	356
305	383
305	449
305	456
305	483
305	503
305	510
305	527
305	537
305	541
306	345
306	370
306	393
306	407
306	468
306	501
306	502
306	514
306	520
306	533
307	300
307	384
307	453
307	459
307	461
307	471
307	481
307	511
307	526
307	531
308	323
308	415
308	486
308	500
308	501
308	510
308	525
308	527
308	537
308	541
309	422
309	434
309	472
309	494
309	497
309	527
309	530
309	532
309	539
309	848
310	429
310	434
310	462
310	485
310	487
310	492
310	499
310	519
310	526
310	746
311	316
311	367
311	382
311	412
311	425
311	432
311	498
311	507
311	538
311	966
312	433
312	438
312	475
312	479
312	504
312	518
312	521
312	524
312	533
312	535
313	376
313	379
313	385
313	408
313	433
313	479
313	502
313	510
313	537
313	541
314	403
314	423
314	427
314	450
314	458
314	497
314	529
314	530
314	539
314	981
315	396
315	417
315	420
315	422
315	431
315	457
315	469
315	470
315	493
315	538
316	27
316	311
316	390
316	407
316	418
316	454
316	474
316	479
316	507
316	518
317	361
317	406
317	434
317	460
317	466
317	498
317	503
317	512
317	515
317	524
318	336
318	339
318	360
318	386
318	411
318	433
318	470
318	478
318	488
318	495
319	73
319	336
319	353
319	373
319	376
319	378
319	385
319	490
319	496
319	529
320	282
320	390
320	427
320	430
320	446
320	452
320	494
320	498
320	513
320	536
321	401
321	433
321	466
321	492
321	501
321	513
321	515
321	528
321	535
321	536
322	350
322	407
322	425
322	445
322	495
322	498
322	516
322	528
322	529
322	534
323	308
323	384
323	423
323	431
323	503
323	515
323	525
323	535
323	536
323	688
324	349
324	446
324	469
324	493
324	516
324	518
324	520
324	533
324	539
324	540
325	403
325	440
325	446
325	460
325	485
325	492
325	493
325	512
325	517
325	526
325	538
326	405
326	410
326	414
326	415
326	459
326	473
326	489
326	491
326	509
326	511
326	537
327	329
327	334
327	385
327	392
327	405
327	496
327	521
327	527
327	530
327	531
327	843
328	135
328	336
328	339
328	370
328	372
328	416
328	462
328	465
328	506
328	507
328	517
329	161
329	327
329	343
329	345
329	399
329	400
329	422
329	428
329	458
329	490
329	528
330	40
330	417
330	434
330	503
330	507
330	515
330	519
330	527
330	535
330	536
330	540
331	350
331	460
331	486
331	499
331	501
331	527
331	531
331	532
331	533
331	537
331	541
332	345
332	361
332	394
332	419
332	450
332	466
332	506
332	512
332	514
332	534
332	535
333	132
333	359
333	385
333	418
333	464
333	491
333	502
333	508
333	523
333	533
333	540
334	171
334	303
334	327
334	350
334	368
334	383
334	450
334	453
334	521
334	531
334	541
335	251
335	405
335	450
335	455
335	459
335	471
335	491
335	503
335	509
335	511
335	534
336	318
336	319
336	328
336	379
336	464
336	483
336	498
336	506
336	522
336	532
336	538
337	409
337	445
337	451
337	489
337	493
337	518
337	523
337	533
337	535
337	540
337	729
338	361
338	393
338	443
338	494
338	497
338	501
338	524
338	529
338	532
338	539
338	988
339	106
339	318
339	328
339	341
339	388
339	399
339	404
339	420
339	493
339	506
339	507
340	371
340	407
340	440
340	445
340	448
340	456
340	478
340	516
340	525
340	530
340	531
341	339
341	399
341	443
341	477
341	492
341	494
341	499
341	501
341	514
341	517
341	919
342	472
342	475
342	486
342	490
342	500
342	514
342	521
342	528
342	531
342	537
342	583
343	159
343	329
343	372
343	450
343	474
343	503
343	506
343	512
343	515
343	535
343	536
344	296
344	425
344	435
344	480
344	508
344	515
344	524
344	532
344	537
344	539
344	540
345	306
345	329
345	332
345	430
345	441
345	472
345	482
345	503
345	515
345	517
345	536
346	347
346	358
346	366
346	404
346	409
346	454
346	474
346	498
346	503
346	506
346	905
347	77
347	346
347	371
347	387
347	399
347	418
347	457
347	470
347	500
347	502
347	534
348	351
348	363
348	437
348	461
348	469
348	481
348	491
348	511
348	531
348	537
348	694
349	324
349	397
349	432
349	451
349	461
349	471
349	491
349	504
349	509
349	511
349	523
349	645
350	322
350	331
350	334
350	384
350	413
350	467
350	479
350	485
350	515
350	527
350	531
350	541
351	348
351	434
351	445
351	463
351	465
351	497
351	518
351	524
351	529
351	530
351	532
351	539
352	354
352	393
352	397
352	484
352	512
352	516
352	518
352	519
352	525
352	531
352	533
352	540
353	319
353	392
353	404
353	422
353	425
353	435
353	486
353	505
353	508
353	528
353	531
353	541
354	303
354	352
354	439
354	462
354	470
354	478
354	489
354	490
354	495
354	523
354	531
354	538
355	377
355	412
355	482
355	484
355	508
355	516
355	524
355	525
355	529
355	530
355	532
355	539
356	305
356	358
356	401
356	416
356	422
356	445
356	474
356	510
356	514
356	517
356	527
356	528
357	370
357	378
357	416
357	429
357	437
357	442
357	451
357	510
357	521
357	527
357	537
357	721
358	298
358	346
358	356
358	368
358	392
358	422
358	433
358	490
358	501
358	515
358	528
358	537
359	333
359	381
359	409
359	414
359	492
359	509
359	515
359	518
359	523
359	524
359	525
359	992
360	318
360	379
360	382
360	383
360	443
360	491
360	512
360	513
360	515
360	532
360	535
360	536
361	317
361	332
361	338
361	381
361	436
361	465
361	507
361	519
361	523
361	525
361	533
361	540
362	365
362	425
362	444
362	460
362	473
362	496
362	505
362	517
362	522
362	526
362	532
362	539
363	348
363	387
363	437
363	449
363	458
363	471
363	481
363	509
363	511
363	525
363	536
363	676
364	370
364	380
364	388
364	443
364	451
364	458
364	477
364	520
364	524
364	533
364	540
364	969
365	362
365	373
365	455
365	464
365	472
365	504
365	516
365	517
365	523
365	537
365	540
365	735
366	346
366	380
366	425
366	447
366	448
366	470
366	474
366	496
366	507
366	519
366	532
366	534
367	311
367	374
367	393
367	394
367	445
367	455
367	466
367	504
367	512
367	518
367	522
367	541
368	334
368	358
368	374
368	380
368	420
368	421
368	462
368	468
368	475
368	506
368	521
368	538
369	389
369	396
369	456
369	465
369	474
369	482
369	498
369	504
369	522
369	528
369	534
369	716
370	135
370	306
370	328
370	357
370	364
370	389
370	394
370	458
370	464
370	489
370	501
370	533
371	36
371	340
371	347
371	418
371	420
371	427
371	457
371	459
371	468
371	499
371	533
371	534
371	541
372	328
372	343
372	388
372	459
372	461
372	471
372	481
372	491
372	509
372	523
372	533
372	541
372	551
373	319
373	365
373	385
373	400
373	408
373	421
373	486
373	524
373	528
373	530
373	531
373	537
373	740
374	367
374	368
374	435
374	436
374	441
374	505
374	521
374	523
374	525
374	533
374	538
374	540
374	647
375	463
375	473
375	477
375	480
375	497
375	500
375	524
375	525
375	529
375	530
375	532
375	537
375	541
376	313
376	319
376	429
376	442
376	446
376	482
376	487
376	496
376	505
376	514
376	526
376	535
376	784
377	355
377	390
377	401
377	482
377	492
377	493
377	497
377	505
377	517
377	526
377	535
377	538
377	541
378	303
378	319
378	357
378	385
378	447
378	500
378	511
378	514
378	518
378	527
378	538
378	541
378	941
379	313
379	336
379	360
379	420
379	456
379	468
379	490
379	499
379	506
379	513
379	534
379	538
379	977
380	364
380	366
380	368
380	391
380	445
380	465
380	467
380	498
380	523
380	527
380	530
380	535
380	994
381	359
381	361
381	414
381	421
381	494
381	501
381	504
381	515
381	516
381	519
381	524
381	525
381	642
382	311
382	360
382	384
382	411
382	446
382	449
382	466
382	475
382	506
382	512
382	513
382	522
382	539
383	305
383	334
383	360
383	407
383	413
383	442
383	462
383	499
383	510
383	513
383	527
383	541
383	670
384	307
384	323
384	350
384	382
384	426
384	430
384	437
384	475
384	503
384	513
384	536
384	538
384	864
385	313
385	319
385	327
385	333
385	373
385	378
385	476
385	500
385	523
385	528
385	538
385	540
385	541
386	318
386	397
386	407
386	409
386	418
386	427
386	457
386	465
386	467
386	477
386	495
386	503
386	538
387	304
387	347
387	363
387	444
387	452
387	477
387	485
387	499
387	505
387	514
387	517
387	531
387	745
388	339
388	364
388	372
388	405
388	415
388	439
388	481
388	485
388	493
388	509
388	511
388	528
388	537
389	301
389	369
389	370
389	421
389	454
389	488
389	489
389	500
389	515
389	529
389	530
389	532
389	539
390	63
390	316
390	320
390	377
390	439
390	477
390	485
390	491
390	505
390	514
390	517
390	526
390	537
391	380
391	410
391	447
391	456
391	478
391	491
391	495
391	502
391	506
391	507
391	511
391	519
391	534
391	538
392	327
392	353
392	358
392	402
392	422
392	431
392	440
392	442
392	444
392	455
392	491
392	525
392	527
392	537
393	306
393	338
393	352
393	367
393	396
393	430
393	502
393	519
393	521
393	523
393	525
393	529
393	533
393	680
394	332
394	367
394	370
394	435
394	455
394	472
394	474
394	489
394	496
394	516
394	521
394	525
394	540
394	608
395	22
395	407
395	408
395	426
395	427
395	434
395	458
395	474
395	475
395	487
395	503
395	513
395	535
395	536
396	315
396	369
396	393
396	421
396	422
396	462
396	466
396	468
396	489
396	498
396	515
396	517
396	526
396	538
397	301
397	349
397	352
397	386
397	400
397	415
397	437
397	439
397	461
397	471
397	509
397	511
397	517
397	541
398	418
398	452
398	476
398	483
398	497
398	499
398	505
398	507
398	508
398	522
398	524
398	529
398	530
398	552
399	329
399	339
399	341
399	347
399	435
399	444
399	450
399	458
399	487
399	499
399	514
399	519
399	526
399	737
400	205
400	299
400	329
400	373
400	397
400	416
400	425
400	456
400	518
400	520
400	528
400	531
400	537
400	541
401	321
401	356
401	377
401	429
401	448
401	470
401	473
401	479
401	489
401	492
401	505
401	514
401	517
401	526
402	392
402	403
402	426
402	451
402	454
402	461
402	500
402	510
402	515
402	528
402	531
402	533
402	537
402	541
403	299
403	314
403	325
403	402
403	414
403	423
403	463
403	487
403	516
403	524
403	529
403	530
403	532
403	539
404	13
404	302
404	339
404	346
404	353
404	408
404	430
404	464
404	502
404	503
404	516
404	518
404	520
404	523
404	541
405	326
405	327
405	335
405	388
405	429
405	439
405	445
405	461
405	477
405	486
405	491
405	499
405	509
405	511
405	816
406	317
406	413
406	415
406	429
406	439
406	446
406	452
406	485
406	512
406	513
406	515
406	535
406	536
406	540
406	714
407	172
407	306
407	316
407	322
407	340
407	383
407	386
407	395
407	439
407	440
407	448
407	468
407	488
407	507
407	534
408	300
408	313
408	373
408	395
408	404
408	457
408	502
408	504
408	516
408	518
408	519
408	520
408	533
408	541
408	553
409	302
409	337
409	346
409	359
409	386
409	425
409	443
409	449
409	455
409	478
409	485
409	519
409	521
409	528
409	789
410	326
410	391
410	411
410	426
410	434
410	450
410	470
410	484
410	503
410	511
410	512
410	513
410	524
410	535
410	536
411	318
411	382
411	410
411	446
411	450
411	475
411	476
411	496
411	503
411	515
411	516
411	517
411	535
411	538
411	724
412	311
412	355
412	423
412	432
412	440
412	457
412	467
412	477
412	487
412	493
412	496
412	503
412	505
412	526
412	790
413	350
413	383
413	406
413	447
413	467
413	479
413	500
413	504
413	511
413	514
413	531
413	537
413	539
413	541
413	935
414	296
414	326
414	359
414	381
414	403
414	430
414	431
414	483
414	488
414	494
414	501
414	508
414	524
414	532
414	536
414	539
415	49
415	308
415	326
415	388
415	397
415	406
415	439
415	471
415	481
415	491
415	509
415	511
415	526
415	530
415	538
415	540
416	38
416	299
416	328
416	356
416	357
416	400
416	453
416	465
416	484
416	486
416	490
416	491
416	494
416	519
416	523
416	541
417	315
417	330
417	427
417	434
417	438
417	444
417	450
417	486
417	491
417	512
417	513
417	515
417	525
417	535
417	536
417	538
418	316
418	333
418	347
418	371
418	386
418	398
418	421
418	467
418	482
418	485
418	495
418	503
418	518
418	522
418	534
418	538
419	332
419	430
419	441
419	452
419	460
419	476
419	497
419	502
419	510
419	512
419	513
419	515
419	535
419	536
419	539
419	711
420	315
420	339
420	368
420	371
420	379
420	467
420	480
420	484
420	506
420	511
420	533
420	534
420	535
420	538
420	540
420	897
421	303
421	368
421	373
421	381
421	389
421	396
421	418
421	446
421	474
421	489
421	495
421	512
421	534
421	538
421	539
421	815
422	309
422	315
422	329
422	353
422	356
422	358
422	392
422	396
422	502
422	510
422	514
422	528
422	531
422	537
422	540
422	541
423	300
423	314
423	323
423	403
423	412
423	472
423	502
423	504
423	509
423	516
423	520
423	522
423	525
423	533
423	536
423	540
423	871
424	435
424	464
424	472
424	475
424	476
424	481
424	483
424	487
424	508
424	521
424	524
424	529
424	530
424	532
424	537
424	539
424	910
425	311
425	322
425	344
425	353
425	362
425	366
425	400
425	409
425	465
425	474
425	483
425	489
425	507
425	530
425	534
425	538
425	990
426	302
426	384
426	395
426	402
426	410
426	428
426	453
426	486
426	510
426	518
426	520
426	527
426	531
426	537
426	540
426	541
426	747
427	157
427	314
427	320
427	371
427	386
427	395
427	417
427	432
427	446
427	450
427	475
427	499
427	513
427	514
427	530
427	535
427	536
428	329
428	426
428	444
428	452
428	469
428	478
428	486
428	490
428	499
428	500
428	520
428	527
428	528
428	537
428	539
428	541
428	779
429	310
429	357
429	376
429	401
429	405
429	406
429	444
429	457
429	460
429	480
429	492
429	493
429	495
429	499
429	514
429	526
429	534
430	320
430	345
430	384
430	393
430	404
430	414
430	419
430	438
430	452
430	469
430	482
430	503
430	513
430	515
430	535
430	536
430	540
431	147
431	315
431	323
431	392
431	414
431	456
431	462
431	470
431	474
431	495
431	496
431	498
431	507
431	523
431	529
431	538
431	540
432	311
432	349
432	412
432	427
432	444
432	447
432	464
432	473
432	482
432	493
432	496
432	499
432	505
432	511
432	515
432	521
432	526
432	961
433	72
433	312
433	313
433	318
433	321
433	358
433	444
433	448
433	477
433	479
433	490
433	500
433	505
433	527
433	528
433	531
433	537
433	541
434	309
434	310
434	317
434	330
434	351
434	395
434	410
434	417
434	441
434	451
434	483
434	499
434	503
434	512
434	513
434	527
434	535
434	766
435	344
435	353
435	374
435	394
435	399
435	424
435	454
435	480
435	483
435	492
435	494
435	508
435	513
435	522
435	530
435	532
435	539
435	792
436	57
436	361
436	374
436	449
436	452
436	485
436	493
436	504
436	512
436	516
436	519
436	520
436	521
436	525
436	529
436	531
436	538
436	540
437	348
437	357
437	363
437	384
437	397
437	459
437	461
437	471
437	481
437	491
437	509
437	510
437	511
437	520
437	525
437	533
437	540
437	890
438	312
438	417
438	430
438	443
438	469
438	470
438	471
438	474
438	478
438	502
438	516
438	518
438	519
438	520
438	521
438	522
438	523
438	527
439	354
439	388
439	390
439	397
439	405
439	406
439	407
439	415
439	459
439	461
439	481
439	491
439	505
439	509
439	511
439	523
439	531
439	538
440	256
440	303
440	325
440	340
440	392
440	407
440	412
440	444
440	481
440	485
440	492
440	493
440	499
440	505
440	517
440	525
440	527
440	532
441	345
441	374
441	419
441	434
441	446
441	450
441	477
441	503
441	506
441	510
441	512
441	515
441	523
441	528
441	534
441	535
441	536
441	706
442	141
442	357
442	376
442	383
442	392
442	447
442	465
442	482
442	486
442	488
442	490
442	500
442	510
442	520
442	526
442	528
442	531
442	536
443	8
443	338
443	341
443	360
443	364
443	409
443	438
443	472
443	486
443	495
443	501
443	514
443	521
443	522
443	525
443	529
443	533
443	537
444	362
444	387
444	392
444	399
444	417
444	428
444	429
444	432
444	433
444	440
444	486
444	493
444	496
444	504
444	513
444	514
444	517
444	526
444	575
445	99
445	303
445	322
445	337
445	340
445	351
445	356
445	367
445	380
445	405
445	448
445	456
445	477
445	495
445	497
445	498
445	506
445	533
445	538
446	320
446	324
446	325
446	376
446	382
446	406
446	411
446	421
446	427
446	441
446	464
446	466
446	489
446	512
446	513
446	528
446	535
446	536
446	795
447	296
447	366
447	378
447	391
447	413
447	432
447	442
447	479
447	481
447	490
447	495
447	500
447	510
447	527
447	528
447	529
447	534
447	537
447	541
448	340
448	366
448	401
448	407
448	433
448	445
448	462
448	471
448	488
448	489
448	493
448	498
448	506
448	507
448	511
448	527
448	538
448	539
448	596
449	6
449	302
449	305
449	363
449	382
449	409
449	436
449	482
449	503
449	504
449	519
449	520
449	521
449	522
449	523
449	525
449	527
449	533
449	541
450	314
450	332
450	334
450	335
450	343
450	399
450	410
450	411
450	417
450	427
450	441
450	456
450	466
450	497
450	503
450	516
450	526
450	536
450	666
451	159
451	337
451	349
451	357
451	364
451	402
451	434
451	469
451	472
451	482
451	498
451	518
451	519
451	520
451	522
451	523
451	525
451	528
451	533
452	320
452	387
452	398
452	406
452	419
452	428
452	430
452	436
452	466
452	475
452	497
452	507
452	512
452	513
452	515
452	527
452	535
452	536
452	985
453	307
453	334
453	416
453	426
453	459
453	465
453	479
453	480
453	486
453	494
453	500
453	501
453	510
453	512
453	528
453	531
453	532
453	541
453	898
454	50
454	316
454	346
454	389
454	402
454	435
454	474
454	480
454	484
454	489
454	494
454	507
454	508
454	521
454	524
454	529
454	530
454	535
454	539
455	335
455	365
455	367
455	392
455	394
455	409
455	464
455	481
455	485
455	501
455	505
455	518
455	520
455	522
455	526
455	530
455	531
455	540
455	944
456	112
456	298
456	304
456	305
456	340
456	369
456	379
456	391
456	400
456	431
456	445
456	450
456	470
456	484
456	486
456	489
456	508
456	527
456	534
457	298
457	315
457	347
457	371
457	386
457	408
457	412
457	429
457	460
457	462
457	465
457	467
457	468
457	478
457	505
457	507
457	511
457	523
457	531
457	684
458	314
458	329
458	363
458	364
458	370
458	395
458	399
458	460
458	473
458	477
458	478
458	482
458	492
458	493
458	496
458	514
458	517
458	526
458	539
458	793
459	307
459	326
459	335
459	371
459	372
459	437
459	439
459	453
459	461
459	462
459	463
459	475
459	481
459	484
459	487
459	491
459	505
459	509
459	511
459	757
460	317
460	325
460	331
460	362
460	419
460	429
460	457
460	458
460	463
460	473
460	477
460	482
460	485
460	487
460	488
460	492
460	499
460	513
460	514
460	531
460	751
461	160
461	307
461	348
461	349
461	372
461	397
461	402
461	405
461	437
461	439
461	459
461	473
461	488
461	490
461	491
461	507
461	509
461	511
461	516
461	517
461	540
462	302
462	303
462	310
462	328
462	354
462	368
462	383
462	396
462	431
462	448
462	457
462	459
462	468
462	469
462	474
462	507
462	508
462	533
462	538
462	541
462	669
463	172
463	351
463	375
463	403
463	459
463	460
463	464
463	476
463	480
463	488
463	497
463	513
463	516
463	521
463	522
463	524
463	529
463	530
463	538
463	539
463	540
464	333
464	336
464	365
464	370
464	404
464	424
464	432
464	446
464	455
464	463
464	480
464	501
464	502
464	507
464	516
464	521
464	522
464	525
464	529
464	540
464	781
465	328
465	351
465	361
465	369
465	380
465	386
465	416
465	425
465	442
465	453
465	457
465	467
465	473
465	489
465	495
465	498
465	504
465	515
465	516
465	534
465	855
466	317
466	321
466	332
466	367
466	382
466	396
466	446
466	450
466	452
466	470
466	475
466	477
466	478
466	502
466	512
466	513
466	515
466	518
466	534
466	535
466	536
466	776
467	278
467	350
467	380
467	386
467	412
467	413
467	418
467	420
467	457
467	465
467	470
467	474
467	477
467	478
467	489
467	493
467	496
467	527
467	529
467	534
467	537
467	538
468	298
468	301
468	306
468	368
468	371
468	379
468	396
468	407
468	457
468	462
468	472
468	479
468	489
468	492
468	498
468	506
468	507
468	520
468	526
468	529
468	534
468	715
469	315
469	324
469	348
469	428
469	430
469	438
469	451
469	462
469	487
469	494
469	501
469	504
469	512
469	516
469	518
469	519
469	520
469	521
469	522
469	532
469	533
469	540
469	595
470	273
470	315
470	318
470	347
470	354
470	366
470	401
470	410
470	431
470	438
470	456
470	466
470	467
470	478
470	489
470	495
470	500
470	506
470	507
470	510
470	513
470	521
470	539
471	300
471	307
471	335
471	349
471	363
471	372
471	397
471	415
471	437
471	438
471	448
471	481
471	491
471	497
471	507
471	509
471	511
471	521
471	525
471	532
471	537
471	538
471	719
472	156
472	309
472	342
472	345
472	365
472	394
472	423
472	424
472	443
472	451
472	468
472	502
472	512
472	515
472	518
472	520
472	521
472	522
472	523
472	524
472	525
472	530
472	540
473	326
473	362
473	375
473	401
473	432
473	458
473	460
473	461
473	465
473	475
473	477
473	482
473	483
473	486
473	487
473	492
473	496
473	499
473	506
473	508
473	514
473	517
473	522
473	787
474	316
474	343
474	346
474	356
474	366
474	369
474	394
474	395
474	421
474	425
474	431
474	438
474	454
474	462
474	467
474	486
474	489
474	498
474	506
474	516
474	532
474	534
474	538
474	782
475	83
475	312
475	342
475	368
475	382
475	384
475	395
475	411
475	424
475	427
475	452
475	459
475	466
475	473
475	485
475	503
475	507
475	512
475	513
475	514
475	515
475	519
475	535
475	536
476	385
476	398
476	411
476	419
476	424
476	463
476	480
476	483
476	484
476	487
476	488
476	494
476	496
476	497
476	503
476	504
476	508
476	514
476	529
476	530
476	532
476	536
476	537
476	539
476	727
477	341
477	364
477	375
477	386
477	387
477	390
477	405
477	412
477	433
477	441
477	445
477	458
477	460
477	466
477	467
477	473
477	480
477	485
477	487
477	496
477	505
477	514
477	517
477	526
477	987
478	58
478	303
478	318
478	340
478	354
478	391
478	409
478	428
478	438
478	457
478	458
478	466
478	467
478	470
478	479
478	480
478	487
478	489
478	495
478	502
478	506
478	507
478	534
478	535
478	538
479	151
479	299
479	312
479	313
479	316
479	350
479	401
479	413
479	433
479	447
479	453
479	468
479	478
479	498
479	500
479	508
479	510
479	513
479	514
479	527
479	528
479	531
479	533
479	537
479	541
479	993
480	344
480	375
480	420
480	429
480	435
480	453
480	454
480	463
480	464
480	476
480	477
480	478
480	483
480	484
480	488
480	496
480	509
480	519
480	524
480	529
480	530
480	532
480	535
480	539
480	578
480	700
481	204
481	300
481	307
481	348
481	363
481	372
481	388
481	415
481	424
481	437
481	439
481	440
481	447
481	455
481	459
481	471
481	485
481	491
481	509
481	511
481	515
481	531
481	536
481	538
481	541
481	742
482	345
482	355
482	369
482	376
482	377
482	418
482	430
482	432
482	442
482	449
482	451
482	458
482	460
482	473
482	483
482	485
482	487
482	493
482	495
482	496
482	499
482	505
482	514
482	526
482	531
482	942
483	305
483	336
483	398
483	414
483	424
483	425
483	434
483	435
483	473
483	476
483	480
483	482
483	484
483	488
483	502
483	508
483	513
483	523
483	524
483	528
483	529
483	530
483	532
483	535
483	539
483	677
484	293
484	299
484	301
484	352
484	355
484	410
484	416
484	420
484	454
484	456
484	459
484	476
484	480
484	483
484	488
484	494
484	497
484	508
484	511
484	518
484	524
484	528
484	529
484	530
484	532
484	535
484	539
485	310
485	325
485	350
485	387
485	388
485	390
485	406
485	409
485	418
485	436
485	440
485	455
485	460
485	475
485	477
485	481
485	482
485	487
485	492
485	497
485	499
485	505
485	514
485	517
485	526
485	534
485	682
485	763
486	298
486	303
486	308
486	331
486	342
486	353
486	373
486	405
486	416
486	417
486	426
486	428
486	442
486	443
486	444
486	453
486	456
486	473
486	474
486	490
486	500
486	509
486	510
486	527
486	528
486	531
486	536
486	997
487	310
487	376
487	395
487	399
487	403
487	412
487	424
487	459
487	460
487	469
487	473
487	476
487	477
487	478
487	482
487	485
487	493
487	496
487	499
487	505
487	512
487	514
487	516
487	517
487	522
487	524
487	526
487	661
488	318
488	389
488	407
488	414
488	442
488	448
488	460
488	461
488	463
488	476
488	480
488	483
488	484
488	494
488	497
488	502
488	508
488	520
488	521
488	524
488	529
488	530
488	532
488	534
488	539
488	541
488	664
488	986
489	326
489	337
489	354
489	370
489	389
489	394
489	396
489	401
489	421
489	425
489	446
489	448
489	454
489	456
489	465
489	467
489	468
489	470
489	474
489	478
489	495
489	498
489	501
489	504
489	506
489	534
489	537
489	619
490	208
490	298
490	319
490	329
490	342
490	354
490	358
490	379
490	416
490	428
490	433
490	442
490	447
490	461
490	486
490	497
490	498
490	500
490	510
490	513
490	527
490	528
490	530
490	531
490	532
490	534
490	535
490	537
490	541
491	300
491	326
491	333
491	335
491	348
491	349
491	360
491	372
491	390
491	391
491	392
491	405
491	415
491	416
491	417
491	437
491	439
491	459
491	461
491	471
491	481
491	509
491	511
491	522
491	530
491	535
491	536
491	747
491	751
492	310
492	321
492	325
492	341
492	359
492	377
492	401
492	429
492	435
492	440
492	458
492	460
492	468
492	473
492	485
492	494
492	496
492	499
492	501
492	505
492	506
492	514
492	517
492	518
492	521
492	525
492	528
492	536
492	785
492	875
493	315
493	324
493	325
493	337
493	339
493	377
493	388
493	412
493	429
493	432
493	436
493	440
493	444
493	448
493	458
493	467
493	482
493	487
493	496
493	498
493	499
493	505
493	514
493	517
493	519
493	526
493	529
493	539
493	785
493	841
494	304
494	309
494	320
494	338
494	341
494	381
494	414
494	416
494	435
494	453
494	454
494	469
494	476
494	484
494	488
494	492
494	497
494	498
494	508
494	510
494	518
494	524
494	529
494	530
494	532
494	533
494	539
494	541
494	966
494	988
495	113
495	318
495	322
495	354
495	386
495	391
495	418
495	421
495	429
495	431
495	443
495	445
495	447
495	465
495	470
495	478
495	482
495	489
495	497
495	498
495	507
495	509
495	517
495	518
495	520
495	521
495	528
495	534
495	538
495	540
495	773
496	319
496	327
496	362
496	366
496	376
496	394
496	411
496	412
496	431
496	432
496	444
496	458
496	467
496	473
496	476
496	477
496	480
496	482
496	487
496	492
496	493
496	499
496	505
496	514
496	517
496	521
496	526
496	527
496	533
496	819
496	912
497	301
497	309
497	314
497	338
497	351
497	375
497	377
497	398
497	419
497	445
497	450
497	452
497	463
497	471
497	476
497	484
497	485
497	488
497	490
497	494
497	495
497	499
497	503
497	508
497	524
497	529
497	530
497	532
497	536
497	539
497	765
498	156
498	297
498	311
498	317
498	320
498	322
498	336
498	346
498	369
498	380
498	396
498	431
498	445
498	448
498	451
498	465
498	468
498	474
498	479
498	489
498	490
498	493
498	494
498	495
498	500
498	503
498	505
498	506
498	519
498	538
498	541
499	310
499	331
499	341
499	371
499	379
499	383
499	387
499	398
499	399
499	405
499	427
499	428
499	429
499	432
499	434
499	440
499	460
499	473
499	482
499	485
499	487
499	492
499	493
499	496
499	497
499	506
499	511
499	517
499	520
499	526
499	955
499	967
500	289
500	308
500	342
500	347
500	375
500	378
500	385
500	389
500	402
500	413
500	428
500	433
500	442
500	447
500	453
500	470
500	479
500	486
500	490
500	498
500	508
500	520
500	522
500	523
500	527
500	530
500	532
500	536
500	537
500	540
500	541
500	780
501	241
501	244
501	298
501	306
501	308
501	321
501	331
501	338
501	341
501	358
501	370
501	381
501	414
501	443
501	453
501	455
501	464
501	469
501	489
501	492
501	502
501	504
501	505
501	516
501	518
501	519
501	520
501	521
501	522
501	523
501	531
501	540
502	306
502	313
502	333
502	347
502	391
502	393
502	404
502	408
502	419
502	422
502	423
502	438
502	464
502	466
502	472
502	478
502	483
502	488
502	501
502	504
502	506
502	508
502	519
502	520
502	521
502	522
502	523
502	529
502	533
502	540
502	541
502	710
502	964
503	305
503	317
503	323
503	330
503	335
503	343
503	345
503	346
503	384
503	386
503	395
503	404
503	410
503	411
503	412
503	418
503	430
503	434
503	441
503	449
503	450
503	475
503	476
503	497
503	498
503	504
503	512
503	513
503	535
503	536
503	539
503	692
503	870
504	41
504	196
504	312
504	349
504	365
504	367
504	369
504	381
504	408
504	413
504	423
504	436
504	444
504	449
504	465
504	469
504	476
504	489
504	501
504	502
504	503
504	507
504	516
504	519
504	520
504	522
504	523
504	524
504	525
504	534
504	536
504	537
504	540
505	190
505	353
505	362
505	374
505	376
505	377
505	387
505	390
505	398
505	401
505	412
505	432
505	433
505	439
505	440
505	455
505	457
505	459
505	477
505	482
505	485
505	487
505	492
505	493
505	496
505	498
505	501
505	509
505	512
505	517
505	526
505	539
505	933
506	328
506	332
506	336
506	339
506	343
506	346
506	368
506	379
506	382
506	391
506	420
506	441
506	445
506	448
506	468
506	470
506	473
506	474
506	478
506	489
506	492
506	498
506	499
506	502
506	510
506	518
506	519
506	522
506	534
506	538
506	540
506	752
506	985
507	102
507	268
507	311
507	316
507	328
507	330
507	339
507	361
507	366
507	391
507	398
507	407
507	425
507	431
507	448
507	452
507	454
507	457
507	461
507	462
507	464
507	468
507	470
507	471
507	475
507	478
507	495
507	504
507	518
507	530
507	534
507	538
507	541
508	302
508	304
508	333
508	344
508	353
508	355
508	398
508	414
508	424
508	435
508	454
508	456
508	462
508	473
508	476
508	479
508	483
508	484
508	488
508	494
508	497
508	500
508	502
508	510
508	512
508	516
508	517
508	526
508	529
508	530
508	532
508	539
508	760
509	300
509	326
509	335
509	349
509	359
509	363
509	372
509	388
509	397
509	405
509	415
509	423
509	437
509	439
509	459
509	461
509	471
509	480
509	481
509	486
509	491
509	495
509	505
509	510
509	511
509	520
509	524
509	528
509	533
509	534
509	537
509	775
509	937
510	300
510	305
510	308
510	313
510	356
510	357
510	383
510	402
510	419
510	422
510	426
510	437
510	441
510	442
510	447
510	453
510	470
510	479
510	486
510	490
510	494
510	506
510	508
510	509
510	513
510	515
510	516
510	522
510	524
510	527
510	528
510	531
510	537
510	708
511	134
511	300
511	307
511	326
511	335
511	348
511	349
511	363
511	378
511	388
511	391
511	397
511	405
511	410
511	413
511	415
511	420
511	432
511	437
511	439
511	448
511	457
511	459
511	461
511	471
511	481
511	484
511	491
511	499
511	509
511	513
511	536
511	539
511	952
512	317
512	325
512	332
512	343
512	352
512	360
512	367
512	382
512	406
512	410
512	417
512	419
512	421
512	434
512	436
512	441
512	446
512	452
512	453
512	466
512	469
512	472
512	475
512	487
512	503
512	505
512	508
512	513
512	515
512	526
512	527
512	535
512	536
512	538
512	800
512	999
513	286
513	320
513	321
513	360
513	379
513	382
513	383
513	384
513	395
513	406
513	410
513	417
513	419
513	427
513	430
513	434
513	435
513	444
513	446
513	452
513	460
513	463
513	466
513	470
513	475
513	479
513	483
513	490
513	503
513	510
513	511
513	512
513	515
513	530
513	535
513	537
513	793
514	66
514	235
514	306
514	332
514	341
514	342
514	356
514	376
514	378
514	387
514	390
514	399
514	401
514	413
514	422
514	427
514	429
514	443
514	444
514	458
514	460
514	473
514	475
514	476
514	477
514	479
514	482
514	485
514	487
514	492
514	493
514	496
514	517
514	520
514	526
514	527
514	534
515	247
515	317
515	321
515	323
515	330
515	343
515	344
515	345
515	350
515	358
515	359
515	360
515	381
515	389
515	396
515	402
515	406
515	411
515	417
515	419
515	430
515	432
515	441
515	452
515	465
515	466
515	472
515	475
515	481
515	510
515	512
515	513
515	517
515	526
515	535
515	536
515	976
516	263
516	322
516	324
516	340
516	352
516	355
516	365
516	381
516	394
516	403
516	404
516	408
516	411
516	423
516	436
516	438
516	450
516	461
516	463
516	464
516	465
516	469
516	474
516	487
516	501
516	504
516	508
516	510
516	518
516	519
516	521
516	522
516	523
516	525
516	532
516	538
516	540
516	728
517	301
517	325
517	328
517	341
517	345
517	356
517	362
517	365
517	377
517	387
517	390
517	396
517	397
517	401
517	411
517	440
517	444
517	458
517	461
517	473
517	477
517	485
517	487
517	492
517	493
517	495
517	496
517	499
517	505
517	508
517	514
517	515
517	523
517	526
517	527
517	530
517	533
517	866
518	162
518	302
518	312
518	316
518	324
518	337
518	351
518	352
518	359
518	367
518	378
518	400
518	404
518	408
518	418
518	426
518	438
518	451
518	455
518	466
518	469
518	472
518	484
518	492
518	494
518	495
518	501
518	506
518	507
518	516
518	520
518	522
518	525
518	527
518	533
518	535
518	540
518	756
519	299
519	310
519	330
519	352
519	361
519	366
519	381
519	391
519	393
519	399
519	408
519	409
519	416
519	436
519	438
519	449
519	451
519	469
519	475
519	480
519	493
519	498
519	501
519	502
519	504
519	506
519	516
519	520
519	521
519	523
519	524
519	525
519	526
519	533
519	535
519	540
519	668
519	741
520	306
520	324
520	364
520	400
520	404
520	408
520	423
520	426
520	428
520	436
520	437
520	438
520	442
520	449
520	451
520	455
520	468
520	469
520	472
520	488
520	495
520	499
520	500
520	501
520	502
520	504
520	509
520	514
520	518
520	519
520	521
520	522
520	525
520	529
520	532
520	536
520	540
520	781
520	983
521	312
521	327
521	334
521	342
521	357
521	368
521	374
521	393
521	394
521	409
521	424
521	432
521	436
521	438
521	443
521	449
521	454
521	463
521	464
521	469
521	470
521	471
521	472
521	488
521	492
521	495
521	496
521	501
521	502
521	516
521	519
521	520
521	522
521	523
521	525
521	539
521	540
521	587
521	722
522	164
522	302
522	336
522	362
522	367
522	369
522	382
522	398
522	418
522	423
522	435
522	438
522	443
522	449
522	451
522	455
522	463
522	464
522	469
522	472
522	473
522	487
522	491
522	500
522	501
522	502
522	504
522	506
522	510
522	516
522	518
522	520
522	521
522	523
522	525
522	533
522	534
522	535
522	540
522	659
523	137
523	333
523	337
523	349
523	354
523	359
523	361
523	365
523	372
523	374
523	380
523	385
523	393
523	404
523	416
523	431
523	438
523	439
523	441
523	449
523	451
523	457
523	472
523	483
523	500
523	501
523	502
523	504
523	516
523	517
523	519
523	521
523	522
523	524
523	525
523	532
523	533
523	534
523	540
523	761
524	272
524	301
524	304
524	312
524	317
524	338
524	344
524	351
524	355
524	359
524	364
524	373
524	375
524	381
524	398
524	403
524	410
524	414
524	424
524	454
524	463
524	472
524	480
524	483
524	484
524	487
524	488
524	494
524	497
524	504
524	509
524	510
524	519
524	523
524	528
524	529
524	530
524	532
524	536
524	539
524	996
525	287
525	308
525	323
525	340
525	352
525	355
525	359
525	361
525	363
525	374
525	375
525	381
525	392
525	393
525	394
525	417
525	423
525	436
525	437
525	440
525	443
525	449
525	451
525	464
525	471
525	472
525	492
525	504
525	516
525	518
525	519
525	520
525	521
525	522
525	523
525	526
525	531
525	535
525	537
525	540
525	904
526	4
526	307
526	310
526	325
526	362
526	376
526	377
526	390
526	396
526	399
526	401
526	412
526	415
526	429
526	432
526	442
526	444
526	450
526	455
526	458
526	468
526	477
526	482
526	485
526	487
526	493
526	496
526	499
526	505
526	508
526	512
526	514
526	515
526	517
526	519
526	525
526	528
526	529
526	533
526	537
526	538
526	567
527	305
527	308
527	309
527	327
527	330
527	331
527	350
527	356
527	357
527	378
527	380
527	383
527	392
527	426
527	428
527	433
527	434
527	438
527	440
527	447
527	448
527	449
527	452
527	456
527	467
527	479
527	486
527	490
527	496
527	500
527	510
527	512
527	514
527	517
527	518
527	528
527	531
527	536
527	537
527	541
527	736
527	893
528	7
528	270
528	299
528	321
528	322
528	329
528	342
528	353
528	356
528	358
528	369
528	373
528	385
528	388
528	400
528	402
528	409
528	422
528	428
528	433
528	441
528	442
528	446
528	447
528	451
528	453
528	479
528	483
528	484
528	486
528	490
528	492
528	495
528	509
528	510
528	524
528	526
528	527
528	531
528	534
528	537
528	539
529	304
529	314
529	319
529	322
529	338
529	351
529	355
529	375
529	389
529	393
529	398
529	403
529	424
529	431
529	436
529	443
529	447
529	454
529	463
529	464
529	467
529	468
529	476
529	480
529	483
529	484
529	488
529	493
529	494
529	497
529	502
529	508
529	520
529	524
529	526
529	530
529	532
529	533
529	534
529	539
529	541
529	795
529	879
530	309
530	314
530	327
530	340
530	351
530	355
530	373
530	375
530	380
530	389
530	398
530	403
530	415
530	424
530	425
530	427
530	435
530	454
530	455
530	463
530	472
530	476
530	480
530	483
530	484
530	488
530	490
530	491
530	494
530	497
530	500
530	507
530	508
530	513
530	517
530	524
530	529
530	532
530	539
530	540
530	541
530	741
530	765
531	133
531	299
531	301
531	307
531	327
531	331
531	334
531	340
531	342
531	348
531	350
531	352
531	353
531	354
531	373
531	387
531	400
531	402
531	413
531	422
531	426
531	433
531	436
531	439
531	442
531	453
531	455
531	457
531	460
531	479
531	481
531	482
531	486
531	490
531	501
531	510
531	525
531	527
531	528
531	533
531	537
531	541
531	727
532	97
532	302
532	304
532	309
532	331
532	336
532	338
532	344
532	351
532	355
532	360
532	362
532	366
532	375
532	389
532	403
532	414
532	424
532	435
532	440
532	453
532	469
532	471
532	474
532	476
532	480
532	483
532	484
532	488
532	490
532	494
532	497
532	500
532	508
532	516
532	520
532	523
532	524
532	529
532	530
532	535
532	539
532	901
533	16
533	302
533	306
533	312
533	324
533	331
533	333
533	337
533	352
533	361
533	364
533	370
533	371
533	372
533	374
533	393
533	402
533	408
533	420
533	423
533	437
533	443
533	445
533	449
533	451
533	462
533	469
533	479
533	494
533	496
533	502
533	509
533	517
533	518
533	519
533	522
533	523
533	526
533	529
533	531
533	539
533	540
533	597
533	786
534	298
534	322
534	332
534	335
534	347
534	366
534	369
534	371
534	379
534	391
534	407
534	418
534	420
534	421
534	425
534	429
534	441
534	447
534	456
534	465
534	466
534	467
534	468
534	474
534	478
534	485
534	488
534	489
534	490
534	495
534	504
534	506
534	507
534	509
534	514
534	522
534	523
534	528
534	529
534	538
534	539
534	791
534	887
534	913
535	12
535	312
535	321
535	323
535	330
535	332
535	337
535	343
535	360
535	376
535	377
535	380
535	395
535	406
535	410
535	411
535	417
535	419
535	420
535	427
535	430
535	434
535	441
535	446
535	452
535	454
535	466
535	475
535	478
535	480
535	483
535	484
535	490
535	491
535	503
535	512
535	513
535	515
535	518
535	519
535	522
535	525
535	532
535	536
535	999
536	148
536	320
536	321
536	323
536	330
536	343
536	345
536	360
536	363
536	384
536	395
536	406
536	410
536	414
536	417
536	419
536	423
536	427
536	430
536	441
536	442
536	446
536	450
536	452
536	466
536	475
536	476
536	481
536	486
536	491
536	492
536	497
536	500
536	503
536	504
536	511
536	512
536	515
536	520
536	524
536	527
536	535
536	538
536	539
536	633
537	305
537	308
537	313
537	326
537	331
537	342
537	344
537	348
537	357
537	358
537	365
537	373
537	375
537	388
537	390
537	392
537	400
537	402
537	413
537	422
537	424
537	426
537	428
537	433
537	443
537	447
537	467
537	471
537	476
537	479
537	489
537	490
537	500
537	504
537	509
537	510
537	513
537	525
537	526
537	527
537	528
537	531
537	540
537	541
537	728
537	734
538	285
538	292
538	298
538	304
538	311
538	315
538	325
538	336
538	354
538	368
538	374
538	377
538	378
538	379
538	384
538	385
538	386
538	391
538	396
538	411
538	415
538	417
538	418
538	420
538	421
538	425
538	431
538	436
538	439
538	445
538	448
538	462
538	463
538	467
538	471
538	474
538	478
538	481
538	495
538	498
538	506
538	507
538	512
538	516
538	526
538	534
538	536
538	768
539	169
539	301
539	304
539	309
539	314
539	324
539	338
539	344
539	351
539	355
539	362
539	382
539	389
539	403
539	413
539	414
539	419
539	421
539	424
539	428
539	435
539	448
539	454
539	458
539	463
539	470
539	476
539	480
539	483
539	484
539	488
539	493
539	494
539	497
539	503
539	505
539	508
539	511
539	521
539	524
539	528
539	529
539	530
539	532
539	533
539	534
539	536
539	733
539	785
540	61
540	299
540	324
540	330
540	333
540	337
540	344
540	352
540	361
540	364
540	365
540	374
540	385
540	394
540	406
540	415
540	420
540	422
540	423
540	426
540	430
540	431
540	436
540	437
540	455
540	461
540	463
540	464
540	469
540	472
540	495
540	500
540	501
540	502
540	504
540	506
540	516
540	518
540	519
540	520
540	521
540	522
540	523
540	525
540	530
540	533
540	537
540	541
540	963
541	299
541	305
541	308
541	313
541	331
541	334
541	350
541	353
541	367
541	371
541	372
541	375
541	377
541	378
541	383
541	385
541	397
541	400
541	402
541	404
541	408
541	413
541	416
541	422
541	426
541	428
541	433
541	447
541	449
541	453
541	462
541	479
541	481
541	488
541	490
541	494
541	498
541	500
541	502
541	507
541	527
541	529
541	530
541	531
541	537
541	540
541	732
541	873
541	957
542	85
542	591
542	604
542	637
542	696
542	726
542	731
542	753
542	790
542	792
543	548
543	601
543	606
543	655
543	679
543	758
543	759
543	776
543	793
543	796
544	619
544	672
544	690
544	699
544	723
544	730
544	733
544	737
544	778
544	793
545	553
545	569
545	590
545	709
545	718
545	725
545	729
545	739
545	765
545	797
546	573
546	587
546	590
546	652
546	741
546	747
546	769
546	783
546	788
546	798
547	189
547	638
547	675
547	732
547	755
547	757
547	772
547	775
547	776
547	791
548	144
548	543
548	654
548	681
548	729
548	758
548	774
548	784
548	792
548	797
549	622
549	652
549	667
549	685
549	687
549	769
549	783
549	796
549	798
549	804
550	569
550	705
550	717
550	720
550	725
550	774
550	778
550	794
550	795
550	797
551	372
551	561
551	690
551	730
551	738
551	750
551	753
551	778
551	779
551	784
552	398
552	592
552	728
552	730
552	745
552	759
552	768
552	789
552	791
552	793
553	408
553	545
553	592
553	640
553	664
553	691
553	697
553	705
553	748
553	793
554	144
554	705
554	736
554	741
554	759
554	762
554	772
554	782
554	788
554	798
555	585
555	598
555	643
555	661
555	698
555	705
555	732
555	776
555	779
555	789
556	71
556	575
556	619
556	635
556	695
556	756
556	758
556	762
556	775
556	796
557	592
557	632
557	690
557	729
557	755
557	758
557	775
557	776
557	777
557	784
558	580
558	658
558	683
558	718
558	724
558	751
558	769
558	789
558	791
558	792
559	587
559	718
559	741
559	751
559	783
559	789
559	791
559	792
559	793
559	796
560	614
560	638
560	646
560	661
560	732
560	734
560	760
560	789
560	791
560	792
561	551
561	651
561	700
561	701
561	719
561	727
561	774
561	775
561	797
561	945
562	163
562	579
562	618
562	640
562	676
562	702
562	704
562	706
562	719
562	754
563	617
563	638
563	660
563	677
563	704
563	743
563	745
563	791
563	793
563	797
564	591
564	637
564	677
564	704
564	743
564	760
564	789
564	791
564	793
564	797
565	671
565	722
565	745
565	748
565	763
565	768
565	776
565	789
565	792
565	793
566	576
566	594
566	605
566	641
566	647
566	652
566	661
566	724
566	770
566	786
567	526
567	665
567	666
567	696
567	746
567	757
567	767
567	770
567	780
567	788
568	582
568	664
568	687
568	715
568	735
568	754
568	766
568	788
568	789
568	798
568	981
569	545
569	550
569	673
569	685
569	764
569	774
569	777
569	778
569	782
569	791
569	794
570	591
570	639
570	732
570	747
570	748
570	752
570	760
570	768
570	789
570	791
570	793
571	43
571	607
571	649
571	668
571	688
571	692
571	713
571	720
571	743
571	760
571	770
572	295
572	664
572	706
572	711
572	736
572	747
572	758
572	767
572	785
572	795
572	796
573	546
573	634
573	665
573	699
573	739
573	749
573	759
573	761
573	770
573	780
573	786
574	670
574	674
574	680
574	698
574	709
574	767
574	775
574	776
574	777
574	784
574	797
575	444
575	556
575	577
575	623
575	648
575	726
575	756
575	758
575	759
575	774
575	790
576	566
576	605
576	630
576	703
576	710
576	720
576	738
576	740
576	768
576	771
576	788
577	575
577	711
577	726
577	733
577	737
577	747
577	755
577	756
577	767
577	796
577	813
578	480
578	601
578	622
578	667
578	672
578	718
578	721
578	726
578	761
578	768
578	793
579	562
579	588
579	617
579	635
579	640
579	679
579	702
579	709
579	733
579	759
579	792
580	558
580	597
580	718
580	719
580	749
580	757
580	772
580	781
580	784
580	797
580	998
581	601
581	619
581	630
581	655
581	733
581	747
581	752
581	766
581	767
581	778
581	795
582	568
582	625
582	684
582	692
582	750
582	769
582	778
582	785
582	788
582	795
582	798
583	342
583	605
583	615
583	640
583	663
583	693
583	747
583	748
583	750
583	754
583	796
584	597
584	680
584	739
584	761
584	763
584	766
584	775
584	777
584	784
584	793
584	797
585	161
585	555
585	621
585	665
585	682
585	720
585	721
585	732
585	743
585	749
585	790
586	594
586	633
586	715
586	717
586	739
586	752
586	756
586	764
586	767
586	771
586	787
587	521
587	546
587	559
587	605
587	697
587	712
587	717
587	728
587	764
587	794
587	795
588	579
588	716
588	731
588	737
588	741
588	751
588	771
588	782
588	786
588	787
588	790
589	158
589	630
589	651
589	728
589	740
589	763
589	780
589	786
589	787
589	793
589	798
590	545
590	546
590	639
590	644
590	691
590	715
590	744
590	757
590	758
590	768
590	778
591	542
591	564
591	570
591	684
591	743
591	746
591	779
591	781
591	787
591	790
591	833
592	552
592	553
592	557
592	634
592	649
592	662
592	751
592	768
592	791
592	792
592	793
593	606
593	700
593	716
593	722
593	741
593	760
593	762
593	766
593	784
593	786
593	798
594	285
594	566
594	586
594	595
594	671
594	679
594	740
594	742
594	753
594	781
594	782
595	469
595	594
595	675
595	682
595	687
595	757
595	771
595	772
595	775
595	780
595	797
596	448
596	601
596	624
596	660
596	714
596	735
596	755
596	771
596	779
596	783
596	785
596	798
597	533
597	580
597	584
597	610
597	616
597	705
597	771
597	776
597	784
597	785
597	787
597	797
598	555
598	655
598	682
598	692
598	696
598	707
598	740
598	743
598	761
598	770
598	775
598	780
599	638
599	650
599	670
599	716
599	722
599	724
599	745
599	766
599	788
599	789
599	798
599	802
600	164
600	619
600	627
600	689
600	696
600	707
600	766
600	769
600	783
600	784
600	785
600	788
601	168
601	543
601	578
601	581
601	596
601	693
601	708
601	730
601	731
601	750
601	782
601	790
602	676
602	693
602	695
602	753
602	757
602	766
602	769
602	772
602	774
602	777
602	784
602	797
603	612
603	647
603	663
603	674
603	693
603	727
603	738
603	747
603	750
603	777
603	779
603	790
604	542
604	671
604	729
604	735
604	757
604	773
604	774
604	776
604	777
604	782
604	784
604	796
605	170
605	566
605	576
605	583
605	587
605	657
605	687
605	720
605	742
605	753
605	771
605	773
606	129
606	543
606	593
606	649
606	659
606	693
606	726
606	759
606	787
606	791
606	794
606	796
607	185
607	571
607	672
607	675
607	757
607	763
607	774
607	776
607	777
607	779
607	784
607	797
608	394
608	650
608	674
608	709
608	723
608	744
608	759
608	765
608	767
608	769
608	785
608	795
609	656
609	667
609	692
609	719
609	756
609	757
609	772
609	774
609	776
609	777
609	784
609	955
610	260
610	597
610	623
610	673
610	682
610	684
610	708
610	715
610	739
610	791
610	794
610	795
611	643
611	656
611	676
611	686
611	742
611	750
611	751
611	756
611	771
611	773
611	787
611	793
612	145
612	603
612	664
612	694
612	702
612	704
612	706
612	756
612	768
612	769
612	781
612	796
613	266
613	688
613	694
613	724
613	747
613	748
613	754
613	756
613	776
613	785
613	796
613	797
614	560
614	667
614	678
614	683
614	696
614	715
614	778
614	789
614	791
614	792
614	793
614	831
615	583
615	661
615	688
615	711
615	725
615	754
615	756
615	758
615	786
615	796
615	797
615	936
616	128
616	597
616	726
616	727
616	755
616	774
616	775
616	776
616	784
616	785
616	790
616	797
617	563
617	579
617	627
617	631
617	659
617	694
617	715
617	726
617	759
617	775
617	795
617	796
618	562
618	626
618	710
618	717
618	725
618	737
618	741
618	753
618	764
618	784
618	794
618	973
619	489
619	544
619	556
619	581
619	600
619	737
619	744
619	755
619	764
619	778
619	787
619	798
620	194
620	637
620	683
620	738
620	742
620	755
620	761
620	770
620	773
620	781
620	786
620	787
621	585
621	628
621	702
621	710
621	722
621	743
621	745
621	749
621	750
621	761
621	764
621	780
622	549
622	578
622	677
622	678
622	745
622	748
622	750
622	782
622	786
622	791
622	792
622	796
622	938
623	575
623	610
623	632
623	634
623	669
623	676
623	692
623	696
623	710
623	743
623	753
623	761
623	780
624	172
624	596
624	650
624	656
624	674
624	685
624	710
624	714
624	717
624	760
624	783
624	784
624	785
625	293
625	582
625	644
625	650
625	694
625	702
625	755
625	764
625	769
625	783
625	785
625	787
625	788
626	618
626	639
626	649
626	653
626	701
626	717
626	727
626	739
626	770
626	771
626	785
626	795
626	798
627	600
627	617
627	629
627	659
627	668
627	726
627	749
627	754
627	758
627	766
627	782
627	791
627	796
628	124
628	621
628	687
628	696
628	699
628	712
628	725
628	737
628	749
628	761
628	770
628	780
628	783
629	627
629	678
629	711
629	719
629	726
629	743
629	747
629	752
629	754
629	758
629	759
629	790
629	796
630	275
630	576
630	581
630	589
630	649
630	676
630	698
630	707
630	750
630	762
630	771
630	782
630	787
631	617
631	633
631	636
631	637
631	644
631	669
631	693
631	708
631	756
631	779
631	787
631	792
631	794
632	557
632	623
632	682
632	720
632	743
632	751
632	761
632	768
632	770
632	779
632	780
632	788
632	927
633	536
633	586
633	631
633	636
633	637
633	691
633	695
633	703
633	732
633	779
633	780
633	782
633	798
634	573
634	592
634	623
634	650
634	688
634	699
634	718
634	749
634	761
634	770
634	775
634	780
634	789
635	556
635	579
635	694
635	721
635	726
635	741
635	747
635	753
635	754
635	759
635	762
635	773
635	796
636	631
636	633
636	645
636	672
636	677
636	703
636	719
636	750
636	773
636	781
636	786
636	796
636	797
637	153
637	542
637	564
637	620
637	631
637	633
637	648
637	660
637	694
637	738
637	773
637	775
637	786
637	793
638	547
638	560
638	563
638	599
638	663
638	695
638	703
638	704
638	756
638	763
638	771
638	773
638	779
638	828
639	570
639	590
639	626
639	653
639	723
639	732
639	733
639	735
639	767
639	775
639	778
639	787
639	795
639	797
640	94
640	553
640	562
640	579
640	583
640	679
640	702
640	733
640	744
640	753
640	758
640	769
640	781
640	796
641	566
641	643
641	651
641	685
641	698
641	713
641	731
641	766
641	769
641	780
641	783
641	788
641	798
641	818
642	381
642	658
642	674
642	677
642	683
642	714
642	722
642	736
642	741
642	762
642	764
642	785
642	786
642	793
643	173
643	555
643	611
643	641
643	653
643	678
643	705
643	712
643	718
643	745
643	762
643	768
643	792
643	793
644	590
644	625
644	631
644	674
644	684
644	721
644	723
644	724
644	725
644	727
644	744
644	752
644	764
644	767
645	349
645	636
645	655
645	698
645	732
645	748
645	751
645	760
645	763
645	768
645	773
645	789
645	790
645	792
645	796
646	560
646	669
646	689
646	693
646	721
646	737
646	740
646	746
646	758
646	763
646	786
646	787
646	790
646	795
646	952
647	374
647	566
647	603
647	656
647	728
647	729
647	730
647	739
647	769
647	771
647	772
647	779
647	785
647	786
647	794
648	122
648	575
648	637
648	649
648	707
648	746
648	748
648	755
648	763
648	779
648	781
648	786
648	787
648	790
648	793
649	571
649	592
649	606
649	626
649	630
649	648
649	683
649	702
649	706
649	744
649	756
649	758
649	759
649	777
649	796
650	93
650	599
650	608
650	624
650	625
650	634
650	666
650	687
650	734
650	755
650	769
650	778
650	783
650	788
650	791
651	163
651	561
651	589
651	641
651	677
651	687
651	692
651	713
651	735
651	755
651	757
651	762
651	785
651	790
651	798
652	188
652	546
652	549
652	566
652	669
652	670
652	698
652	707
652	718
652	734
652	755
652	762
652	768
652	769
652	785
653	626
653	639
653	643
653	658
653	697
653	712
653	725
653	733
653	764
653	765
653	766
653	777
653	787
653	791
653	794
654	548
654	676
654	681
654	716
654	734
654	745
654	749
654	754
654	772
654	774
654	776
654	784
654	792
654	797
654	923
655	152
655	543
655	581
655	598
655	645
655	662
655	697
655	701
655	705
655	722
655	733
655	752
655	764
655	771
655	794
656	609
656	611
656	624
656	647
656	663
656	689
656	695
656	734
656	738
656	747
656	764
656	781
656	782
656	790
656	797
657	174
657	605
657	678
657	704
657	708
657	715
657	723
657	744
657	764
657	767
657	772
657	779
657	786
657	787
657	794
658	169
658	558
658	642
658	653
658	666
658	676
658	692
658	699
658	743
658	749
658	754
658	761
658	770
658	772
658	780
659	522
659	606
659	617
659	627
659	688
659	694
659	699
659	721
659	725
659	726
659	728
659	735
659	748
659	756
659	796
660	563
660	596
660	637
660	663
660	698
660	703
660	705
660	751
660	768
660	772
660	791
660	792
660	793
660	794
660	827
661	487
661	555
661	560
661	566
661	615
661	678
661	686
661	728
661	742
661	744
661	753
661	771
661	784
661	786
661	790
662	154
662	592
662	655
662	688
662	697
662	712
662	739
662	744
662	752
662	756
662	767
662	774
662	794
662	796
662	798
663	583
663	603
663	638
663	656
663	660
663	746
663	752
663	763
663	773
663	776
663	782
663	786
663	787
663	791
663	793
664	488
664	553
664	568
664	572
664	612
664	681
664	702
664	706
664	711
664	731
664	747
664	751
664	756
664	759
664	789
664	798
665	567
665	573
665	585
665	679
665	696
665	699
665	700
665	710
665	714
665	729
665	761
665	770
665	780
665	787
665	798
665	857
666	450
666	567
666	650
666	658
666	679
666	682
666	696
666	720
666	739
666	743
666	749
666	770
666	780
666	783
666	791
666	797
667	549
667	578
667	609
667	614
667	691
667	698
667	722
667	748
667	783
667	789
667	790
667	791
667	792
667	793
667	796
667	962
668	519
668	571
668	627
668	699
668	710
668	720
668	749
668	760
668	761
668	770
668	772
668	780
668	783
668	792
668	794
668	798
669	462
669	623
669	631
669	646
669	652
669	670
669	689
669	722
669	725
669	730
669	731
669	732
669	757
669	781
669	786
669	790
670	383
670	574
670	599
670	652
670	669
670	675
670	689
670	703
670	738
670	760
670	763
670	765
670	779
670	782
670	786
670	787
671	107
671	565
671	594
671	604
671	675
671	677
671	699
671	700
671	729
671	775
671	777
671	778
671	784
671	787
671	789
671	797
672	544
672	578
672	607
672	636
672	687
672	713
672	716
672	724
672	736
672	755
672	757
672	762
672	778
672	783
672	785
672	790
673	569
673	610
673	685
673	686
673	690
673	697
673	704
673	715
673	738
673	746
673	765
673	767
673	768
673	784
673	795
673	998
674	261
674	574
674	603
674	608
674	624
674	642
674	644
674	680
674	684
674	716
674	724
674	736
674	778
674	783
674	785
674	798
675	547
675	595
675	607
675	670
675	671
675	676
675	686
675	750
675	763
675	767
675	772
675	776
675	777
675	783
675	794
675	797
676	363
676	562
676	602
676	611
676	623
676	630
676	654
676	658
676	675
676	719
676	726
676	757
676	772
676	775
676	776
676	777
677	483
677	563
677	564
677	622
677	636
677	642
677	651
677	671
677	721
677	751
677	760
677	765
677	774
677	789
677	793
677	795
678	614
678	622
678	629
678	643
678	657
678	661
678	691
678	710
678	726
678	745
678	760
678	768
678	778
678	791
678	793
678	891
679	265
679	543
679	579
679	594
679	640
679	665
679	666
679	683
679	702
679	754
679	758
679	759
679	761
679	765
679	784
679	788
680	393
680	574
680	584
680	674
680	690
680	723
680	730
680	772
680	774
680	775
680	777
680	780
680	784
680	785
680	786
680	797
681	548
681	654
681	664
681	700
681	719
681	724
681	731
681	744
681	746
681	772
681	774
681	775
681	776
681	784
681	796
681	797
682	485
682	585
682	595
682	598
682	610
682	632
682	666
682	696
682	710
682	743
682	749
682	759
682	770
682	784
682	790
682	792
683	558
683	614
683	620
683	642
683	649
683	679
683	706
683	719
683	722
683	726
683	747
683	758
683	759
683	771
683	796
683	978
684	457
684	582
684	591
684	610
684	644
684	674
684	685
684	697
684	707
684	711
684	716
684	758
684	762
684	769
684	782
684	783
684	788
685	549
685	569
685	624
685	641
685	673
685	684
685	691
685	703
685	707
685	727
685	735
685	744
685	755
685	769
685	794
685	798
685	924
686	611
686	661
686	673
686	675
686	702
686	714
686	730
686	744
686	753
686	760
686	762
686	763
686	771
686	779
686	781
686	786
686	832
687	549
687	568
687	595
687	605
687	628
687	650
687	651
687	672
687	712
687	723
687	741
687	747
687	762
687	766
687	795
687	798
687	965
688	323
688	571
688	613
688	615
688	634
688	659
688	662
688	699
688	702
688	711
688	717
688	729
688	747
688	754
688	756
688	759
688	769
689	54
689	600
689	646
689	656
689	669
689	670
689	701
689	729
689	731
689	735
689	743
689	746
689	770
689	777
689	786
689	787
689	790
690	34
690	544
690	551
690	557
690	673
690	680
690	729
690	751
690	754
690	764
690	772
690	774
690	775
690	776
690	777
690	789
690	797
691	553
691	590
691	633
691	667
691	678
691	685
691	709
691	718
691	738
691	748
691	754
691	760
691	789
691	791
691	792
691	793
691	794
692	503
692	571
692	582
692	598
692	609
692	623
692	651
692	658
692	699
692	720
692	724
692	726
692	736
692	761
692	770
692	780
692	783
693	583
693	601
693	602
693	603
693	606
693	631
693	646
693	722
693	734
693	750
693	773
693	777
693	781
693	786
693	787
693	790
693	980
694	348
694	612
694	613
694	617
694	625
694	635
694	637
694	659
694	706
694	716
694	730
694	735
694	754
694	756
694	766
694	771
694	796
695	556
695	602
695	633
695	638
695	656
695	715
695	719
695	740
695	763
695	771
695	773
695	779
695	781
695	790
695	792
695	797
695	798
696	542
696	567
696	598
696	600
696	614
696	623
696	628
696	665
696	666
696	682
696	698
696	705
696	749
696	759
696	761
696	780
696	793
697	553
697	587
697	653
697	655
697	662
697	673
697	684
697	704
697	712
697	713
697	727
697	746
697	768
697	786
697	789
697	794
697	795
697	798
698	555
698	574
698	630
698	641
698	645
698	652
698	660
698	667
698	696
698	721
698	732
698	736
698	737
698	774
698	789
698	791
698	792
698	793
699	544
699	573
699	628
699	634
699	658
699	659
699	665
699	668
699	671
699	688
699	692
699	712
699	727
699	743
699	759
699	770
699	780
699	946
700	480
700	561
700	593
700	665
700	671
700	681
700	753
700	757
700	763
700	765
700	768
700	772
700	773
700	774
700	775
700	777
700	784
700	797
701	184
701	561
701	626
701	655
701	689
701	704
701	712
701	723
701	725
701	733
701	735
701	739
701	748
701	757
701	765
701	767
701	770
701	790
701	795
702	562
702	579
702	612
702	621
702	625
702	640
702	649
702	664
702	679
702	686
702	688
702	747
702	759
702	769
702	771
702	776
702	785
702	789
702	796
703	166
703	576
703	633
703	636
703	638
703	660
703	670
703	685
703	709
703	724
703	728
703	731
703	739
703	746
703	763
703	774
703	777
703	782
703	798
704	35
704	562
704	563
704	564
704	612
704	638
704	657
704	673
704	697
704	701
704	725
704	727
704	737
704	744
704	745
704	765
704	779
704	781
704	795
705	289
705	550
705	553
705	554
705	555
705	597
705	643
705	655
705	660
705	696
705	725
705	732
705	760
705	768
705	769
705	789
705	791
705	792
705	798
706	441
706	562
706	572
706	612
706	649
706	664
706	683
706	694
706	710
706	713
706	716
706	745
706	747
706	751
706	758
706	759
706	770
706	786
706	796
707	598
707	600
707	630
707	648
707	652
707	684
707	685
707	713
707	721
707	730
707	734
707	735
707	736
707	750
707	766
707	769
707	788
707	795
707	900
708	510
708	601
708	610
708	631
708	657
708	739
708	752
708	761
708	764
708	765
708	767
708	776
708	778
708	779
708	788
708	791
708	794
708	795
708	798
709	95
709	545
709	574
709	579
709	608
709	691
709	703
709	715
709	725
709	733
709	734
709	739
709	751
709	752
709	755
709	765
709	770
709	778
709	794
710	502
710	576
710	618
710	621
710	623
710	624
710	665
710	668
710	678
710	682
710	706
710	720
710	743
710	752
710	756
710	761
710	767
710	770
710	780
711	419
711	572
711	577
711	615
711	629
711	664
711	684
711	688
711	723
711	728
711	731
711	746
711	754
711	756
711	758
711	768
711	791
711	793
711	796
712	587
712	628
712	643
712	653
712	662
712	687
712	697
712	699
712	701
712	727
712	732
712	737
712	740
712	747
712	752
712	765
712	766
712	794
712	795
712	984
713	571
713	641
713	651
713	672
713	697
713	706
713	707
713	715
713	722
713	724
713	736
713	741
713	748
713	755
713	765
713	788
713	794
713	795
713	798
713	929
714	406
714	596
714	624
714	642
714	665
714	686
714	722
714	724
714	744
714	749
714	751
714	755
714	762
714	769
714	771
714	779
714	783
714	785
714	791
714	798
715	468
715	568
715	586
715	590
715	610
715	614
715	617
715	657
715	673
715	695
715	709
715	713
715	733
715	737
715	760
715	764
715	772
715	778
715	788
715	789
715	794
715	795
716	369
716	588
716	593
716	599
716	654
716	672
716	674
716	684
716	694
716	706
716	722
716	736
716	753
716	755
716	766
716	771
716	783
716	788
716	789
716	790
716	794
716	798
717	155
717	550
717	586
717	587
717	618
717	624
717	626
717	688
717	723
717	727
717	728
717	729
717	738
717	741
717	743
717	752
717	753
717	764
717	778
717	785
717	794
717	795
718	269
718	545
718	558
718	559
718	578
718	580
718	634
718	643
718	652
718	691
718	721
718	723
718	738
718	745
718	749
718	760
718	768
718	783
718	789
718	791
718	792
718	793
719	471
719	561
719	562
719	580
719	609
719	629
719	636
719	676
719	681
719	683
719	695
719	750
719	757
719	758
719	764
719	772
719	774
719	775
719	776
719	777
719	791
719	797
720	201
720	550
720	571
720	576
720	585
720	605
720	632
720	666
720	668
720	692
720	710
720	725
720	737
720	743
720	749
720	761
720	769
720	770
720	772
720	773
720	778
720	780
721	357
721	578
721	585
721	635
721	644
721	646
721	659
721	677
721	698
721	707
721	718
721	732
721	733
721	748
721	751
721	760
721	768
721	788
721	789
721	792
721	795
721	932
722	521
722	565
722	593
722	599
722	621
722	642
722	655
722	667
722	669
722	683
722	693
722	713
722	714
722	716
722	734
722	736
722	751
722	755
722	768
722	783
722	785
722	788
722	798
723	544
723	608
723	639
723	644
723	657
723	680
723	687
723	701
723	711
723	717
723	718
723	727
723	730
723	736
723	737
723	752
723	759
723	778
723	787
723	789
723	794
723	795
723	982
724	411
724	558
724	566
724	599
724	613
724	644
724	672
724	674
724	681
724	692
724	703
724	713
724	714
724	728
724	734
724	735
724	750
724	762
724	766
724	769
724	783
724	798
724	886
725	258
725	545
725	550
725	615
725	618
725	628
725	644
725	653
725	659
725	669
725	701
725	704
725	705
725	709
725	720
725	739
725	752
725	771
725	778
725	784
725	793
725	794
725	795
726	542
726	575
726	577
726	578
726	606
726	616
726	617
726	627
726	629
726	635
726	659
726	676
726	678
726	683
726	692
726	742
726	745
726	754
726	756
726	758
726	773
726	796
726	810
727	476
727	531
727	561
727	603
727	616
727	626
727	644
727	685
727	697
727	699
727	704
727	712
727	717
727	723
727	734
727	739
727	744
727	746
727	757
727	765
727	781
727	794
727	795
728	516
728	537
728	552
728	587
728	589
728	647
728	659
728	661
728	703
728	711
728	717
728	724
728	731
728	735
728	740
728	759
728	761
728	763
728	773
728	781
728	782
728	786
728	787
728	790
729	337
729	545
729	548
729	557
729	604
729	647
729	665
729	671
729	688
729	689
729	690
729	717
729	741
729	757
729	764
729	768
729	772
729	774
729	775
729	776
729	781
729	784
729	797
729	992
730	544
730	551
730	552
730	601
730	647
730	669
730	680
730	686
730	694
730	707
730	723
730	738
730	740
730	742
730	751
730	753
730	757
730	759
730	773
730	781
730	782
730	786
730	787
730	930
731	154
731	542
731	588
731	601
731	641
731	664
731	669
731	681
731	689
731	703
731	711
731	728
731	733
731	734
731	738
731	742
731	750
731	762
731	763
731	773
731	775
731	780
731	781
731	782
732	541
732	547
732	555
732	560
732	570
732	585
732	633
732	639
732	645
732	669
732	698
732	705
732	712
732	721
732	745
732	748
732	751
732	757
732	768
732	773
732	788
732	791
732	792
732	793
732	797
733	539
733	544
733	577
733	579
733	581
733	639
733	640
733	653
733	655
733	701
733	709
733	715
733	721
733	731
733	737
733	752
733	756
733	760
733	767
733	775
733	778
733	780
733	783
733	794
733	795
734	84
734	537
734	560
734	650
734	652
734	654
734	656
734	693
734	707
734	709
734	722
734	724
734	727
734	731
734	735
734	741
734	742
734	757
734	762
734	766
734	781
734	783
734	785
734	788
734	798
735	365
735	568
735	596
735	604
735	639
735	651
735	659
735	685
735	689
735	694
735	701
735	707
735	724
735	728
735	734
735	736
735	741
735	762
735	766
735	769
735	773
735	785
735	786
735	788
735	796
736	527
736	554
736	572
736	642
736	672
736	674
736	692
736	698
736	707
736	713
736	716
736	722
736	723
736	735
736	739
736	754
736	755
736	761
736	778
736	783
736	785
736	788
736	790
736	796
736	798
737	399
737	544
737	577
737	588
737	618
737	619
737	628
737	646
737	698
737	704
737	712
737	715
737	720
737	723
737	733
737	744
737	764
737	765
737	775
737	778
737	780
737	783
737	794
737	795
737	796
738	551
738	576
738	603
738	620
738	637
738	656
738	670
738	673
738	691
738	717
738	718
738	730
738	731
738	746
738	753
738	760
738	762
738	782
738	783
738	784
738	785
738	787
738	790
738	794
738	972
739	15
739	545
739	573
739	584
739	586
739	610
739	626
739	647
739	662
739	666
739	701
739	703
739	708
739	709
739	725
739	727
739	736
739	745
739	752
739	762
739	764
739	765
739	766
739	789
739	792
739	794
740	290
740	373
740	576
740	589
740	594
740	598
740	646
740	695
740	712
740	728
740	730
740	742
740	749
740	752
740	753
740	759
740	765
740	771
740	773
740	774
740	777
740	779
740	783
740	787
740	790
740	792
741	519
741	530
741	546
741	554
741	559
741	588
741	593
741	618
741	635
741	642
741	687
741	713
741	717
741	729
741	734
741	735
741	746
741	747
741	762
741	766
741	769
741	783
741	785
741	793
741	794
741	798
742	481
742	594
742	605
742	611
742	620
742	661
742	726
742	730
742	731
742	734
742	740
742	743
742	745
742	746
742	748
742	750
742	753
742	764
742	773
742	774
742	781
742	782
742	790
742	792
742	794
742	795
743	234
743	563
743	564
743	571
743	585
743	591
743	598
743	621
743	623
743	629
743	632
743	658
743	666
743	682
743	689
743	699
743	710
743	717
743	720
743	742
743	748
743	749
743	753
743	761
743	780
743	790
743	793
744	96
744	590
744	608
744	619
744	640
744	644
744	649
744	657
744	661
744	662
744	681
744	685
744	686
744	704
744	714
744	727
744	737
744	752
744	765
744	767
744	769
744	778
744	785
744	790
744	794
744	795
744	797
745	230
745	387
745	552
745	563
745	565
745	599
745	621
745	622
745	643
745	654
745	678
745	704
745	706
745	718
745	726
745	732
745	739
745	742
745	748
745	751
745	760
745	763
745	768
745	779
745	789
745	792
745	793
745	798
746	310
746	567
746	591
746	646
746	648
746	663
746	673
746	681
746	689
746	697
746	703
746	711
746	727
746	738
746	741
746	742
746	749
746	750
746	752
746	754
746	760
746	763
746	771
746	773
746	781
746	782
746	788
746	790
747	426
747	491
747	546
747	570
747	572
747	577
747	581
747	583
747	603
747	613
747	629
747	635
747	656
747	664
747	683
747	687
747	688
747	702
747	706
747	712
747	741
747	754
747	758
747	759
747	765
747	780
747	794
747	796
748	42
748	553
748	565
748	570
748	583
748	613
748	622
748	645
748	648
748	659
748	667
748	691
748	701
748	713
748	721
748	732
748	742
748	743
748	745
748	749
748	760
748	765
748	781
748	787
748	789
748	791
748	792
748	793
749	284
749	573
749	580
749	585
749	621
749	627
749	628
749	634
749	654
749	658
749	666
749	668
749	682
749	696
749	714
749	718
749	720
749	740
749	743
749	746
749	748
749	758
749	761
749	770
749	778
749	780
749	793
749	797
750	212
750	551
750	582
750	583
750	601
750	603
750	611
750	621
750	622
750	630
750	636
750	675
750	693
750	707
750	719
750	724
750	731
750	742
750	746
750	754
750	770
750	773
750	776
750	779
750	781
750	784
750	786
750	787
751	460
751	491
751	558
751	559
751	588
751	592
751	611
751	632
751	645
751	660
751	664
751	677
751	690
751	706
751	709
751	714
751	721
751	722
751	730
751	732
751	745
751	754
751	760
751	768
751	788
751	789
751	791
751	792
751	793
752	506
752	570
752	581
752	586
752	629
752	644
752	655
752	662
752	663
752	708
752	709
752	710
752	712
752	717
752	723
752	725
752	733
752	739
752	740
752	744
752	746
752	761
752	765
752	767
752	775
752	776
752	777
752	789
752	795
753	114
753	542
753	551
753	594
753	602
753	605
753	618
753	623
753	635
753	640
753	661
753	686
753	700
753	716
753	717
753	730
753	738
753	740
753	742
753	743
753	760
753	763
753	777
753	779
753	781
753	782
753	787
753	790
753	796
754	25
754	82
754	562
754	568
754	583
754	613
754	615
754	627
754	629
754	635
754	654
754	658
754	679
754	688
754	690
754	691
754	694
754	711
754	726
754	736
754	746
754	747
754	750
754	751
754	756
754	759
754	773
754	788
754	795
754	796
755	547
755	557
755	577
755	596
755	616
755	619
755	620
755	625
755	648
755	650
755	651
755	652
755	672
755	685
755	709
755	713
755	714
755	716
755	722
755	736
755	766
755	769
755	773
755	776
755	779
755	783
755	785
755	788
755	792
755	960
756	518
756	556
756	575
756	577
756	586
756	609
756	611
756	612
756	613
756	615
756	631
756	638
756	649
756	659
756	662
756	664
756	688
756	694
756	710
756	711
756	726
756	733
756	754
756	758
756	767
756	773
756	790
756	791
756	795
756	796
757	459
757	547
757	567
757	580
757	590
757	595
757	602
757	604
757	607
757	609
757	651
757	669
757	672
757	676
757	700
757	701
757	719
757	727
757	729
757	730
757	732
757	734
757	762
757	772
757	774
757	776
757	777
757	784
757	786
757	797
757	953
758	228
758	543
758	548
758	556
758	557
758	572
758	575
758	590
758	615
758	627
758	629
758	640
758	646
758	649
758	679
758	683
758	684
758	706
758	711
758	719
758	726
758	747
758	749
758	756
758	766
758	771
758	772
758	774
758	788
758	796
758	909
759	105
759	543
759	552
759	554
759	573
759	575
759	579
759	606
759	608
759	617
759	629
759	635
759	649
759	664
759	679
759	682
759	683
759	688
759	696
759	699
759	702
759	706
759	723
759	728
759	730
759	740
759	747
759	754
759	780
759	788
759	796
760	31
760	508
760	560
760	564
760	570
760	571
760	593
760	624
760	645
760	668
760	670
760	677
760	678
760	686
760	691
760	705
760	715
760	718
760	721
760	733
760	738
760	745
760	746
760	748
760	751
760	753
760	768
760	773
760	789
760	791
760	792
760	793
761	523
761	573
761	578
761	584
761	598
761	620
761	621
761	623
761	628
761	632
761	634
761	658
761	665
761	668
761	679
761	692
761	696
761	708
761	710
761	720
761	728
761	736
761	743
761	749
761	752
761	767
761	770
761	780
761	781
761	782
761	785
761	786
762	298
762	554
762	556
762	593
762	630
762	635
762	642
762	643
762	651
762	652
762	672
762	684
762	686
762	687
762	714
762	724
762	731
762	734
762	735
762	738
762	739
762	741
762	757
762	766
762	769
762	780
762	781
762	784
762	785
762	788
762	792
762	794
762	798
763	271
763	485
763	565
763	584
763	589
763	607
763	638
763	645
763	646
763	648
763	663
763	670
763	675
763	686
763	695
763	700
763	703
763	728
763	731
763	745
763	746
763	753
763	770
763	771
763	775
763	776
763	777
763	779
763	782
763	786
763	787
763	795
763	798
764	197
764	569
764	586
764	587
764	618
764	619
764	621
764	625
764	642
764	644
764	653
764	655
764	656
764	657
764	690
764	708
764	715
764	717
764	719
764	729
764	737
764	739
764	742
764	765
764	767
764	773
764	784
764	788
764	792
764	794
764	795
764	796
764	979
765	497
765	530
765	545
765	608
765	653
765	670
765	673
765	677
765	679
765	700
765	701
765	704
765	708
765	709
765	712
765	713
765	727
765	737
765	739
765	740
765	744
765	747
765	748
765	752
765	764
765	766
765	767
765	778
765	779
765	782
765	783
765	794
765	795
765	797
766	292
766	434
766	568
766	581
766	584
766	593
766	599
766	600
766	602
766	627
766	641
766	653
766	687
766	694
766	707
766	712
766	716
766	724
766	734
766	735
766	739
766	741
766	755
766	758
766	762
766	765
766	781
766	782
766	783
766	785
766	786
766	788
766	789
766	798
767	130
767	567
767	572
767	574
767	577
767	581
767	586
767	608
767	639
767	644
767	657
767	662
767	673
767	675
767	701
767	708
767	710
767	733
767	744
767	752
767	756
767	761
767	764
767	765
767	770
767	778
767	784
767	785
767	791
767	794
767	795
767	796
767	797
767	984
768	174
768	538
768	552
768	565
768	570
768	576
768	578
768	590
768	592
768	612
768	632
768	643
768	645
768	652
768	660
768	673
768	678
768	697
768	700
768	705
768	711
768	718
768	721
768	722
768	729
768	732
768	745
768	751
768	760
768	775
768	778
768	782
768	791
768	792
768	793
769	60
769	546
769	549
769	558
769	582
769	600
769	602
769	608
769	612
769	625
769	640
769	641
769	647
769	650
769	652
769	684
769	685
769	688
769	702
769	705
769	707
769	714
769	720
769	724
769	735
769	741
769	744
769	755
769	762
769	781
769	785
769	788
769	790
769	792
769	798
770	46
770	116
770	566
770	567
770	571
770	573
770	598
770	620
770	626
770	628
770	632
770	634
770	658
770	665
770	666
770	668
770	682
770	689
770	692
770	699
770	701
770	706
770	709
770	710
770	720
770	749
770	750
770	761
770	763
770	767
770	776
770	777
770	780
770	786
770	787
771	576
771	586
771	588
771	595
771	596
771	597
771	605
771	611
771	626
771	630
771	638
771	647
771	655
771	661
771	683
771	686
771	694
771	695
771	702
771	714
771	716
771	725
771	740
771	746
771	758
771	763
771	777
771	779
771	781
771	782
771	786
771	787
771	790
771	793
771	894
772	547
772	554
772	580
772	595
772	602
772	609
772	647
772	654
772	657
772	658
772	660
772	668
772	675
772	676
772	680
772	681
772	690
772	700
772	715
772	719
772	720
772	729
772	757
772	758
772	774
772	775
772	776
772	777
772	779
772	780
772	789
772	791
772	796
772	797
772	798
772	979
773	495
773	604
773	605
773	611
773	620
773	635
773	636
773	637
773	638
773	645
773	663
773	693
773	695
773	700
773	720
773	726
773	728
773	730
773	731
773	732
773	735
773	740
773	742
773	746
773	750
773	754
773	755
773	756
773	760
773	764
773	779
773	783
773	787
773	790
773	796
773	859
774	297
774	548
774	550
774	561
774	569
774	575
774	602
774	604
774	607
774	609
774	616
774	654
774	662
774	677
774	680
774	681
774	690
774	698
774	700
774	703
774	719
774	729
774	740
774	742
774	757
774	758
774	772
774	775
774	777
774	784
774	787
774	794
774	795
774	797
774	798
774	994
775	291
775	509
775	547
775	556
775	557
775	561
775	574
775	584
775	595
775	598
775	616
775	617
775	634
775	637
775	639
775	671
775	676
775	680
775	681
775	690
775	700
775	719
775	729
775	731
775	733
775	737
775	752
775	763
775	768
775	772
775	774
775	776
775	784
775	792
775	793
775	797
776	267
776	466
776	543
776	547
776	555
776	557
776	565
776	574
776	597
776	604
776	607
776	609
776	613
776	616
776	654
776	663
776	675
776	676
776	681
776	690
776	702
776	708
776	719
776	729
776	750
776	752
776	755
776	757
776	763
776	770
776	772
776	775
776	777
776	783
776	784
776	790
776	797
777	291
777	303
777	557
777	569
777	574
777	584
777	602
777	603
777	604
777	607
777	609
777	649
777	653
777	671
777	675
777	676
777	680
777	689
777	690
777	693
777	700
777	703
777	719
777	740
777	752
777	753
777	757
777	763
777	770
777	771
777	772
777	774
777	776
777	784
777	787
777	788
777	797
778	131
778	544
778	550
778	551
778	569
778	581
778	582
778	590
778	614
778	619
778	639
778	650
778	671
778	672
778	674
778	678
778	708
778	709
778	715
778	717
778	720
778	723
778	725
778	733
778	736
778	737
778	744
778	749
778	765
778	767
778	768
778	782
778	794
778	795
778	796
778	797
778	990
779	123
779	428
779	551
779	555
779	591
779	596
779	603
779	607
779	631
779	632
779	633
779	638
779	647
779	648
779	657
779	670
779	686
779	695
779	704
779	708
779	714
779	740
779	745
779	750
779	753
779	755
779	763
779	765
779	771
779	772
779	773
779	781
779	782
779	787
779	789
779	790
779	797
780	125
780	500
780	567
780	573
780	589
780	595
780	598
780	621
780	623
780	628
780	632
780	633
780	634
780	641
780	658
780	665
780	666
780	668
780	680
780	692
780	696
780	699
780	710
780	720
780	731
780	733
780	737
780	743
780	747
780	749
780	759
780	761
780	762
780	770
780	772
780	783
780	791
780	792
781	464
781	520
781	580
781	591
781	594
781	612
781	620
781	636
781	640
781	648
781	656
781	669
781	686
781	693
781	695
781	704
781	727
781	728
781	729
781	730
781	731
781	734
781	742
781	746
781	748
781	750
781	753
781	761
781	762
781	766
781	769
781	771
781	779
781	782
781	784
781	790
781	793
781	795
782	143
782	474
782	554
782	569
782	588
782	594
782	601
782	604
782	622
782	627
782	630
782	633
782	656
782	663
782	670
782	684
782	703
782	728
782	730
782	731
782	738
782	742
782	746
782	753
782	761
782	763
782	765
782	766
782	768
782	771
782	778
782	779
782	781
782	783
782	786
782	788
782	790
782	791
782	794
782	795
783	88
783	546
783	549
783	559
783	596
783	600
783	624
783	625
783	628
783	641
783	650
783	666
783	667
783	668
783	672
783	674
783	675
783	684
783	692
783	714
783	716
783	718
783	722
783	724
783	733
783	734
783	736
783	737
783	738
783	740
783	741
783	755
783	765
783	766
783	773
783	776
783	780
783	782
783	785
783	788
783	798
783	839
784	53
784	376
784	548
784	551
784	557
784	574
784	580
784	584
784	593
784	597
784	600
784	602
784	604
784	607
784	609
784	616
784	618
784	624
784	654
784	661
784	671
784	673
784	679
784	680
784	681
784	682
784	700
784	725
784	729
784	738
784	750
784	757
784	762
784	764
784	767
784	774
784	775
784	776
784	777
784	781
784	797
784	798
784	999
785	492
785	493
785	539
785	572
785	582
785	596
785	597
785	600
785	608
785	613
785	616
785	624
785	625
785	626
785	642
785	647
785	651
785	652
785	672
785	674
785	680
785	702
785	714
785	717
785	722
785	734
785	735
785	736
785	738
785	741
785	744
785	755
785	761
785	762
785	766
785	767
785	769
785	783
785	788
785	792
785	795
785	797
785	798
786	533
786	566
786	573
786	588
786	589
786	593
786	615
786	620
786	622
786	636
786	637
786	642
786	646
786	647
786	648
786	657
786	661
786	663
786	669
786	670
786	680
786	686
786	689
786	693
786	697
786	706
786	728
786	730
786	735
786	750
786	757
786	761
786	763
786	766
786	770
786	771
786	782
786	787
786	789
786	790
786	792
786	795
786	962
787	473
787	586
787	588
787	589
787	591
787	597
787	606
787	611
787	619
787	620
787	625
787	630
787	631
787	639
787	646
787	648
787	653
787	657
787	663
787	665
787	670
787	671
787	689
787	693
787	723
787	728
787	730
787	738
787	740
787	748
787	750
787	753
787	763
787	770
787	771
787	773
787	774
787	777
787	779
787	786
787	788
787	798
787	970
788	136
788	284
788	294
788	546
788	554
788	567
788	568
788	576
788	582
788	599
788	600
788	625
788	632
788	641
788	650
788	679
788	684
788	707
788	708
788	713
788	715
788	716
788	721
788	722
788	732
788	734
788	735
788	736
788	746
788	751
788	754
788	755
788	758
788	759
788	762
788	764
788	766
788	769
788	777
788	782
788	783
788	785
788	787
788	798
789	290
789	409
789	552
789	555
789	558
789	559
789	560
789	564
789	565
789	568
789	570
789	599
789	614
789	634
789	645
789	664
789	667
789	671
789	677
789	690
789	691
789	697
789	698
789	702
789	705
789	715
789	716
789	718
789	721
789	723
789	739
789	745
789	748
789	751
789	752
789	760
789	766
789	772
789	779
789	786
789	791
789	792
789	793
789	794
790	120
790	255
790	412
790	542
790	575
790	585
790	588
790	591
790	601
790	603
790	616
790	629
790	645
790	646
790	648
790	651
790	656
790	661
790	667
790	669
790	672
790	682
790	689
790	693
790	695
790	701
790	716
790	728
790	736
790	738
790	740
790	742
790	743
790	744
790	746
790	753
790	756
790	769
790	771
790	773
790	776
790	779
790	781
790	782
790	786
790	794
791	264
791	534
791	547
791	552
791	558
791	559
791	560
791	563
791	564
791	569
791	570
791	592
791	606
791	610
791	614
791	622
791	627
791	650
791	653
791	660
791	663
791	666
791	667
791	678
791	691
791	698
791	705
791	708
791	711
791	714
791	718
791	719
791	732
791	748
791	751
791	756
791	760
791	767
791	768
791	772
791	780
791	782
791	789
791	792
791	793
791	798
792	435
792	542
792	548
792	558
792	559
792	560
792	565
792	579
792	592
792	614
792	622
792	631
792	643
792	645
792	654
792	660
792	667
792	668
792	682
792	691
792	695
792	698
792	705
792	718
792	721
792	732
792	739
792	740
792	742
792	745
792	748
792	751
792	755
792	760
792	762
792	764
792	768
792	769
792	775
792	780
792	785
792	786
792	789
792	791
792	793
792	928
793	458
793	513
793	543
793	544
793	552
793	553
793	559
793	563
793	564
793	565
793	570
793	578
793	584
793	589
793	592
793	611
793	614
793	637
793	642
793	643
793	648
793	660
793	663
793	667
793	677
793	678
793	691
793	696
793	698
793	711
793	718
793	725
793	732
793	741
793	743
793	745
793	748
793	749
793	751
793	760
793	768
793	771
793	775
793	781
793	789
793	791
793	792
794	250
794	550
794	569
794	587
794	606
794	610
794	618
794	631
794	647
794	653
794	655
794	657
794	660
794	662
794	668
794	675
794	685
794	691
794	697
794	708
794	709
794	712
794	713
794	715
794	716
794	717
794	723
794	725
794	727
794	733
794	737
794	738
794	739
794	741
794	742
794	744
794	747
794	762
794	764
794	765
794	767
794	774
794	778
794	782
794	789
794	790
794	795
794	989
795	446
795	529
795	550
795	572
795	581
795	582
795	587
795	608
795	610
795	617
795	626
795	639
795	646
795	673
795	677
795	687
795	697
795	701
795	704
795	707
795	708
795	712
795	713
795	715
795	717
795	721
795	723
795	725
795	727
795	733
795	737
795	742
795	744
795	752
795	754
795	756
795	763
795	764
795	765
795	767
795	774
795	778
795	781
795	782
795	785
795	786
795	794
795	796
796	543
796	549
796	556
796	559
796	572
796	577
796	583
796	604
796	606
796	612
796	613
796	615
796	617
796	622
796	627
796	629
796	635
796	636
796	640
796	645
796	649
796	659
796	662
796	667
796	681
796	683
796	694
796	702
796	706
796	711
796	726
796	735
796	736
796	737
796	747
796	753
796	754
796	756
796	758
796	759
796	764
796	767
796	772
796	773
796	778
796	795
796	943
796	968
797	59
797	545
797	548
797	550
797	561
797	563
797	564
797	574
797	580
797	584
797	595
797	597
797	602
797	607
797	613
797	615
797	616
797	636
797	639
797	654
797	656
797	666
797	671
797	675
797	680
797	681
797	690
797	695
797	700
797	719
797	729
797	732
797	744
797	749
797	757
797	765
797	767
797	772
797	774
797	775
797	776
797	777
797	778
797	779
797	784
797	785
797	882
797	920
798	146
798	546
798	549
798	554
798	568
798	582
798	589
798	593
798	596
798	599
798	619
798	626
798	633
798	641
798	651
798	662
798	664
798	665
798	668
798	674
798	685
798	687
798	695
798	697
798	703
798	705
798	708
798	713
798	714
798	716
798	722
798	724
798	734
798	736
798	741
798	745
798	762
798	763
798	766
798	769
798	772
798	774
798	783
798	784
798	785
798	787
798	788
798	791
798	975
799	810
799	889
799	893
799	922
799	947
799	961
799	980
799	991
799	998
799	999
800	512
800	870
800	882
800	885
800	917
800	941
800	956
800	979
800	988
800	997
801	819
801	888
801	890
801	900
801	901
801	906
801	954
801	965
801	972
801	988
802	599
802	906
802	929
802	944
802	955
802	966
802	968
802	976
802	988
802	990
803	910
803	924
803	925
803	963
803	969
803	986
803	992
803	994
803	995
803	996
804	549
804	821
804	856
804	875
804	941
804	962
804	967
804	989
804	994
804	996
805	836
805	840
805	858
805	871
805	908
805	911
805	948
805	967
805	973
805	1000
806	811
806	823
806	849
806	888
806	889
806	901
806	926
806	971
806	974
806	993
807	818
807	834
807	845
807	943
807	962
807	963
807	977
807	987
807	992
807	994
808	280
808	931
808	937
808	953
808	981
808	984
808	986
808	987
808	992
808	994
809	837
809	868
809	879
809	914
809	930
809	972
809	977
809	986
809	991
809	1000
810	726
810	799
810	882
810	971
810	980
810	992
810	993
810	996
810	998
810	999
811	806
811	882
811	918
811	925
811	936
811	982
811	983
811	984
811	985
811	989
812	32
812	879
812	913
812	919
812	927
812	940
812	947
812	958
812	977
812	997
813	577
813	888
813	919
813	947
813	963
813	965
813	969
813	986
813	992
813	994
814	844
814	894
814	911
814	934
814	949
814	958
814	973
814	976
814	991
814	994
815	421
815	821
815	865
815	911
815	944
815	955
815	975
815	978
815	990
815	993
816	405
816	849
816	892
816	902
816	908
816	927
816	934
816	958
816	973
816	975
817	880
817	896
817	947
817	968
817	974
817	979
817	984
817	997
817	998
817	999
818	641
818	807
818	828
818	874
818	923
818	955
818	972
818	979
818	991
818	997
819	496
819	801
819	828
819	905
819	923
819	947
819	976
819	988
819	990
819	997
819	999
820	825
820	852
820	885
820	916
820	924
820	935
820	949
820	982
820	983
820	984
820	985
821	246
821	804
821	815
821	906
821	923
821	971
821	972
821	973
821	976
821	978
821	990
822	867
822	876
822	885
822	903
822	939
822	968
822	979
822	980
822	985
822	999
822	1000
823	806
823	863
823	956
823	958
823	964
823	965
823	966
823	987
823	989
823	996
823	998
824	889
824	899
824	943
824	962
824	966
824	969
824	986
824	987
824	992
824	994
824	998
825	820
825	859
825	877
825	905
825	961
825	969
825	971
825	978
825	981
825	988
825	990
826	167
826	841
826	860
826	884
826	914
826	951
826	959
826	968
826	980
826	983
826	998
827	660
827	836
827	905
827	962
827	969
827	977
827	986
827	987
827	992
827	994
827	1000
828	638
828	818
828	819
828	837
828	903
828	904
828	930
828	960
828	975
828	991
828	1000
829	886
829	941
829	957
829	968
829	971
829	982
829	983
829	984
829	985
829	988
829	989
830	165
830	842
830	865
830	901
830	941
830	964
830	969
830	978
830	979
830	985
830	995
831	614
831	836
831	912
831	915
831	938
831	951
831	968
831	971
831	974
831	975
831	995
832	686
832	858
832	895
832	906
832	944
832	954
832	955
832	978
832	982
832	988
832	996
833	591
833	835
833	852
833	896
833	929
833	940
833	959
833	968
833	974
833	986
833	998
834	807
834	865
834	883
834	915
834	927
834	958
834	965
834	974
834	982
834	989
834	996
835	833
835	878
835	920
835	931
835	950
835	965
835	971
835	974
835	975
835	993
835	998
836	64
836	805
836	827
836	831
836	870
836	903
836	916
836	980
836	998
836	999
836	1000
837	809
837	828
837	869
837	876
837	902
837	925
837	954
837	982
837	983
837	984
837	985
838	851
838	862
838	888
838	959
838	966
838	967
838	970
838	977
838	979
838	994
838	997
839	783
839	882
839	949
839	957
839	973
839	982
839	983
839	984
839	985
839	992
839	1000
840	150
840	805
840	872
840	874
840	941
840	956
840	964
840	966
840	995
840	996
840	1000
841	493
841	826
841	876
841	904
841	968
841	969
841	983
841	993
841	995
841	998
841	999
842	220
842	830
842	895
842	920
842	928
842	933
842	935
842	946
842	956
842	962
842	996
843	327
843	854
843	880
843	884
843	917
843	918
843	919
843	959
843	968
843	979
843	999
844	162
844	814
844	847
844	872
844	905
844	911
844	929
844	938
844	940
844	967
844	973
844	982
845	294
845	807
845	859
845	860
845	892
845	916
845	929
845	948
845	950
845	967
845	973
845	977
846	861
846	878
846	884
846	890
846	907
846	908
846	928
846	965
846	966
846	989
846	995
846	996
847	844
847	890
847	900
847	903
847	913
847	939
847	944
847	949
847	954
847	962
847	988
847	990
848	309
848	894
848	905
848	923
848	954
848	956
848	976
848	978
848	982
848	987
848	988
848	999
849	108
849	806
849	816
849	938
849	951
849	964
849	971
849	975
849	980
849	989
849	998
849	999
850	869
850	890
850	902
850	918
850	950
850	957
850	965
850	974
850	982
850	983
850	984
850	985
851	237
851	838
851	944
851	952
851	959
851	960
851	970
851	977
851	981
851	986
851	991
851	999
852	20
852	820
852	833
852	906
852	913
852	937
852	955
852	961
852	963
852	967
852	978
852	990
853	906
853	926
853	930
853	960
853	964
853	968
853	970
853	976
853	979
853	981
853	986
853	1000
854	138
854	843
854	885
854	939
854	952
854	960
854	972
854	978
854	979
854	991
854	992
854	995
855	465
855	881
855	899
855	940
855	941
855	969
855	971
855	986
855	987
855	988
855	992
855	994
856	804
856	862
856	877
856	878
856	927
856	964
856	966
856	977
856	979
856	981
856	989
856	996
857	665
857	872
857	881
857	933
857	946
857	955
857	963
857	986
857	987
857	992
857	994
857	999
858	805
858	832
858	918
858	940
858	942
858	969
858	981
858	986
858	987
858	990
858	992
858	994
858	997
859	773
859	825
859	845
859	924
859	932
859	942
859	944
859	961
859	976
859	978
859	988
859	990
859	996
860	69
860	826
860	845
860	908
860	915
860	925
860	938
860	950
860	958
860	973
860	980
860	991
860	992
861	280
861	846
861	910
861	928
861	929
861	940
861	954
861	968
861	969
861	986
861	987
861	992
861	994
862	838
862	856
862	891
862	926
862	956
862	965
862	966
862	974
862	976
862	983
862	989
862	995
862	996
863	823
863	871
863	877
863	896
863	927
863	934
863	948
863	950
863	958
863	967
863	973
863	987
863	998
864	384
864	875
864	886
864	937
864	943
864	962
864	969
864	976
864	978
864	987
864	990
864	992
864	994
865	815
865	830
865	834
865	881
865	885
865	926
865	932
865	941
865	959
865	963
865	970
865	988
865	989
866	517
866	932
866	947
866	955
866	958
866	961
866	970
866	977
866	979
866	980
866	981
866	991
866	1000
867	134
867	822
867	891
867	910
867	911
867	925
867	934
867	950
867	958
867	967
867	973
867	980
867	983
868	44
868	809
868	875
868	890
868	901
868	922
868	933
868	938
868	956
868	957
868	966
868	995
868	996
869	151
869	837
869	850
869	938
869	949
869	951
869	957
869	977
869	983
869	984
869	985
869	987
869	999
870	503
870	800
870	836
870	871
870	881
870	902
870	904
870	960
870	969
870	972
870	977
870	979
870	1000
871	423
871	805
871	863
871	870
871	872
871	880
871	900
871	927
871	948
871	967
871	973
871	975
871	987
872	294
872	840
872	844
872	857
872	871
872	883
872	924
872	934
872	938
872	950
872	958
872	961
872	973
873	541
873	890
873	897
873	913
873	923
873	928
873	937
873	954
873	955
873	968
873	976
873	990
873	995
874	818
874	840
874	875
874	887
874	900
874	905
874	907
874	913
874	944
874	956
874	963
874	976
874	978
875	492
875	804
875	864
875	868
875	874
875	883
875	893
875	901
875	912
875	938
875	965
875	989
875	991
875	995
876	272
876	822
876	837
876	841
876	878
876	911
876	931
876	946
876	971
876	980
876	993
876	996
876	997
876	998
877	825
877	856
877	863
877	879
877	912
877	921
877	945
877	956
877	966
877	968
877	989
877	995
877	996
877	999
878	835
878	846
878	856
878	876
878	893
878	898
878	916
878	931
878	955
878	959
878	968
878	976
878	998
878	999
879	529
879	809
879	812
879	877
879	952
879	972
879	981
879	987
879	991
879	993
879	996
879	997
879	999
879	1000
880	222
880	817
880	843
880	871
880	924
880	925
880	939
880	953
880	973
880	975
880	993
880	995
880	998
880	999
881	855
881	857
881	865
881	870
881	915
881	926
881	928
881	932
881	934
881	944
881	956
881	965
881	966
881	996
881	998
882	797
882	800
882	810
882	811
882	839
882	908
882	920
882	930
882	938
882	963
882	970
882	972
882	991
882	997
882	1000
883	153
883	834
883	872
883	875
883	884
883	887
883	898
883	903
883	915
883	924
883	928
883	945
883	980
883	993
883	999
884	826
884	843
884	846
884	883
884	894
884	919
884	939
884	941
884	944
884	956
884	964
884	970
884	989
884	995
884	996
885	800
885	820
885	822
885	854
885	865
885	947
885	953
885	977
885	981
885	984
885	989
885	991
885	996
885	997
885	1000
886	724
886	829
886	864
886	936
886	946
886	949
886	954
886	957
886	966
886	970
886	982
886	983
886	984
886	985
886	990
887	534
887	874
887	883
887	915
887	926
887	928
887	942
887	943
887	947
887	951
887	965
887	972
887	989
887	995
887	996
888	801
888	806
888	813
888	838
888	892
888	947
888	953
888	972
888	979
888	981
888	985
888	996
888	997
888	999
888	1000
889	29
889	799
889	806
889	824
889	910
889	943
889	952
889	961
889	971
889	972
889	975
889	980
889	993
889	998
889	999
890	437
890	801
890	846
890	847
890	850
890	868
890	873
890	907
890	954
890	969
890	978
890	988
890	990
890	997
890	999
891	678
891	862
891	867
891	922
891	931
891	935
891	936
891	957
891	967
891	976
891	982
891	983
891	984
891	985
891	997
892	816
892	845
892	888
892	920
892	943
892	945
892	947
892	952
892	961
892	970
892	977
892	979
892	995
892	997
892	1000
893	527
893	799
893	875
893	878
893	897
893	902
893	904
893	947
893	951
893	972
893	974
893	992
893	993
893	998
893	999
894	771
894	814
894	848
894	884
894	899
894	913
894	922
894	936
894	957
894	970
894	982
894	983
894	984
894	985
894	992
895	832
895	842
895	897
895	918
895	924
895	938
895	949
895	951
895	974
895	975
895	982
895	986
895	993
895	998
895	999
896	817
896	833
896	863
896	922
896	925
896	939
896	940
896	959
896	975
896	978
896	980
896	987
896	993
896	998
896	999
897	420
897	873
897	893
897	895
897	903
897	905
897	924
897	926
897	932
897	943
897	948
897	971
897	974
897	998
897	999
898	453
898	878
898	883
898	918
898	928
898	932
898	945
898	946
898	956
898	964
898	975
898	976
898	989
898	992
898	995
899	824
899	855
899	894
899	905
899	909
899	922
899	936
899	949
899	976
899	980
899	982
899	983
899	984
899	985
899	990
899	999
900	707
900	801
900	847
900	871
900	874
900	923
900	939
900	953
900	955
900	961
900	963
900	972
900	976
900	978
900	988
900	991
901	532
901	801
901	806
901	830
901	868
901	875
901	921
901	941
901	960
901	964
901	966
901	973
901	974
901	989
901	994
901	995
902	140
902	816
902	837
902	850
902	870
902	893
902	922
902	935
902	945
902	946
902	949
902	962
902	982
902	983
902	984
902	985
903	822
903	828
903	836
903	847
903	883
903	897
903	929
903	930
903	939
903	951
903	968
903	971
903	974
903	975
903	989
903	999
904	525
904	828
904	841
904	870
904	893
904	931
904	958
904	960
904	970
904	972
904	973
904	981
904	988
904	995
904	997
904	1000
905	346
905	819
905	825
905	827
905	844
905	848
905	874
905	897
905	899
905	944
905	949
905	952
905	961
905	984
905	988
905	990
906	801
906	802
906	821
906	832
906	852
906	853
906	946
906	960
906	961
906	976
906	978
906	984
906	988
906	990
906	998
906	1000
907	846
907	874
907	890
907	910
907	914
907	929
907	944
907	955
907	959
907	960
907	972
907	976
907	978
907	981
907	988
907	990
908	805
908	816
908	846
908	860
908	882
908	929
908	932
908	934
908	938
908	942
908	948
908	951
908	967
908	973
908	995
908	998
909	758
909	899
909	922
909	935
909	945
909	949
909	950
909	957
909	974
909	981
909	982
909	983
909	984
909	985
909	986
909	987
910	424
910	803
910	861
910	867
910	889
910	907
910	937
910	946
910	951
910	962
910	963
910	986
910	987
910	991
910	994
910	1000
911	805
911	814
911	815
911	844
911	867
911	876
911	929
911	933
911	938
911	948
911	958
911	964
911	967
911	982
911	984
911	995
912	496
912	831
912	875
912	877
912	915
912	932
912	945
912	955
912	966
912	969
912	979
912	989
912	992
912	995
912	996
912	997
912	999
913	534
913	812
913	847
913	852
913	873
913	874
913	894
913	917
913	954
913	961
913	968
913	975
913	976
913	978
913	984
913	988
913	990
914	91
914	809
914	826
914	907
914	915
914	933
914	944
914	954
914	955
914	961
914	969
914	976
914	978
914	988
914	990
914	992
914	999
915	831
915	834
915	860
915	881
915	883
915	887
915	912
915	914
915	921
915	933
915	945
915	965
915	980
915	983
915	990
915	995
915	998
916	820
916	836
916	845
916	878
916	925
916	936
916	939
916	942
916	951
916	959
916	973
916	974
916	975
916	980
916	985
916	993
916	998
917	126
917	800
917	843
917	913
917	919
917	920
917	936
917	939
917	944
917	952
917	977
917	981
917	986
917	991
917	992
917	997
917	1000
918	207
918	811
918	843
918	850
918	858
918	895
918	898
918	924
918	929
918	968
918	971
918	974
918	977
918	990
918	993
918	998
918	999
919	341
919	812
919	813
919	843
919	884
919	917
919	922
919	931
919	955
919	970
919	972
919	977
919	979
919	981
919	989
919	994
919	997
919	1000
920	797
920	835
920	842
920	882
920	892
920	917
920	936
920	940
920	941
920	952
920	971
920	972
920	977
920	981
920	991
920	993
920	997
920	1000
921	288
921	877
921	901
921	915
921	923
921	933
921	945
921	955
921	964
921	965
921	970
921	972
921	980
921	985
921	989
921	990
921	995
921	996
922	223
922	799
922	868
922	891
922	894
922	896
922	899
922	902
922	909
922	919
922	936
922	952
922	957
922	971
922	980
922	982
922	983
922	984
923	654
923	818
923	819
923	821
923	848
923	873
923	900
923	921
923	934
923	944
923	952
923	953
923	955
923	960
923	961
923	978
923	982
923	990
924	685
924	803
924	820
924	859
924	872
924	880
924	883
924	895
924	897
924	918
924	944
924	971
924	975
924	977
924	980
924	993
924	998
924	999
925	170
925	803
925	811
925	837
925	860
925	867
925	880
925	896
925	916
925	927
925	929
925	937
925	938
925	948
925	950
925	958
925	967
925	973
926	103
926	806
926	853
926	862
926	865
926	881
926	887
926	897
926	928
926	945
926	948
926	961
926	966
926	973
926	987
926	988
926	989
926	995
926	996
927	632
927	812
927	816
927	834
927	856
927	863
927	871
927	925
927	929
927	933
927	938
927	948
927	950
927	958
927	967
927	972
927	973
927	980
927	990
928	792
928	842
928	846
928	861
928	873
928	881
928	883
928	887
928	898
928	926
928	932
928	933
928	944
928	945
928	953
928	958
928	991
928	996
928	997
929	713
929	802
929	833
929	844
929	845
929	861
929	903
929	907
929	908
929	911
929	918
929	925
929	927
929	934
929	948
929	958
929	973
929	986
929	988
930	730
930	809
930	828
930	853
930	882
930	903
930	931
930	945
930	953
930	958
930	962
930	971
930	972
930	976
930	979
930	981
930	983
930	988
930	991
930	1000
931	226
931	808
931	835
931	876
931	878
931	891
931	904
931	919
931	930
931	953
931	955
931	960
931	967
931	970
931	977
931	981
931	991
931	994
931	997
931	1000
932	721
932	859
932	865
932	866
932	881
932	897
932	898
932	908
932	912
932	928
932	937
932	941
932	960
932	964
932	965
932	966
932	970
932	978
932	989
932	995
933	505
933	842
933	857
933	868
933	911
933	914
933	915
933	921
933	927
933	928
933	941
933	952
933	956
933	958
933	964
933	969
933	970
933	989
933	995
933	996
934	273
934	814
934	816
934	863
934	867
934	872
934	881
934	908
934	923
934	929
934	936
934	946
934	950
934	958
934	967
934	973
934	978
934	981
934	983
934	996
935	413
935	820
935	842
935	891
935	902
935	909
935	936
935	939
935	943
935	949
935	956
935	957
935	966
935	982
935	983
935	984
935	985
935	989
935	991
935	997
936	615
936	811
936	886
936	891
936	894
936	899
936	916
936	917
936	920
936	922
936	934
936	935
936	977
936	978
936	980
936	981
936	982
936	983
936	984
936	985
937	509
937	808
937	852
937	864
937	873
937	910
937	925
937	932
937	942
937	943
937	944
937	946
937	950
937	959
937	962
937	963
937	972
937	986
937	987
937	992
937	994
938	622
938	831
938	844
938	849
938	860
938	868
938	869
938	872
938	875
938	882
938	895
938	908
938	911
938	925
938	927
938	948
938	957
938	958
938	967
938	971
938	973
939	11
939	822
939	847
939	854
939	880
939	884
939	896
939	900
939	903
939	916
939	917
939	935
939	959
939	971
939	974
939	975
939	980
939	983
939	989
939	993
939	999
940	245
940	812
940	833
940	844
940	855
940	858
940	861
940	896
940	920
940	942
940	946
940	953
940	963
940	967
940	969
940	974
940	982
940	986
940	987
940	992
940	994
941	378
941	800
941	804
941	829
941	830
941	840
941	855
941	865
941	884
941	901
941	920
941	932
941	933
941	950
941	954
941	956
941	964
941	976
941	979
941	981
941	995
942	482
942	858
942	859
942	887
942	908
942	916
942	937
942	940
942	943
942	946
942	959
942	962
942	963
942	969
942	979
942	986
942	987
942	991
942	992
942	993
942	994
943	796
943	807
943	824
943	864
943	887
943	889
943	892
943	897
943	935
943	937
943	942
943	946
943	948
943	958
943	962
943	964
943	969
943	971
943	986
943	987
943	992
943	994
944	455
944	802
944	815
944	832
944	847
944	851
944	859
944	874
944	881
944	884
944	905
944	907
944	914
944	917
944	923
944	924
944	928
944	937
944	975
944	976
944	988
944	990
945	561
945	877
945	883
945	892
945	898
945	902
945	909
945	912
945	915
945	921
945	926
945	928
945	930
945	960
945	964
945	978
945	982
945	989
945	991
945	995
945	996
945	998
946	699
946	842
946	857
946	876
946	886
946	898
946	902
946	906
946	910
946	934
946	937
946	940
946	942
946	943
946	954
946	962
946	963
946	969
946	986
946	987
946	992
946	994
947	281
947	799
947	812
947	813
947	817
947	819
947	866
947	885
947	887
947	888
947	892
947	893
947	953
947	960
947	979
947	980
947	981
947	985
947	991
947	997
947	998
947	1000
948	304
948	805
948	845
948	863
948	871
948	897
948	908
948	911
948	925
948	926
948	927
948	929
948	938
948	943
948	950
948	961
948	967
948	970
948	973
948	976
948	977
948	983
948	991
949	277
949	814
949	820
949	839
949	847
949	869
949	886
949	895
949	899
949	902
949	905
949	909
949	935
949	951
949	952
949	957
949	982
949	983
949	984
949	985
949	989
949	993
949	996
950	152
950	835
950	845
950	850
950	860
950	863
950	867
950	872
950	909
950	925
950	927
950	934
950	937
950	941
950	948
950	955
950	958
950	967
950	973
950	974
950	977
950	980
950	984
951	182
951	826
951	831
951	849
951	869
951	887
951	893
951	895
951	903
951	908
951	910
951	916
951	949
951	962
951	968
951	971
951	972
951	974
951	980
951	991
951	993
951	994
951	999
952	511
952	646
952	851
952	854
952	879
952	889
952	892
952	905
952	917
952	920
952	922
952	923
952	933
952	949
952	960
952	970
952	976
952	981
952	984
952	985
952	991
952	997
952	1000
953	757
953	808
953	880
953	885
953	888
953	900
953	923
953	928
953	930
953	931
953	940
953	947
953	957
953	960
953	964
953	970
953	972
953	977
953	978
953	979
953	991
953	997
953	998
953	1000
954	104
954	117
954	801
954	832
954	837
954	847
954	848
954	861
954	873
954	886
954	890
954	913
954	914
954	941
954	946
954	961
954	964
954	965
954	976
954	978
954	982
954	983
954	988
954	990
954	998
955	499
955	609
955	802
955	815
955	818
955	832
955	852
955	857
955	866
955	873
955	878
955	900
955	907
955	912
955	914
955	919
955	921
955	923
955	931
955	950
955	961
955	965
955	976
955	978
955	988
956	158
956	800
956	823
956	840
956	842
956	848
956	862
956	868
956	874
956	877
956	881
956	884
956	898
956	933
956	935
956	941
956	961
956	965
956	970
956	977
956	979
956	990
956	993
956	995
956	996
956	997
957	541
957	829
957	839
957	850
957	868
957	869
957	886
957	891
957	894
957	909
957	922
957	935
957	938
957	949
957	953
957	965
957	969
957	974
957	982
957	983
957	984
957	985
957	993
957	994
957	999
957	1000
958	68
958	812
958	814
958	816
958	823
958	834
958	860
958	863
958	866
958	867
958	872
958	904
958	911
958	925
958	927
958	928
958	929
958	930
958	933
958	934
958	938
958	943
958	950
958	967
958	971
958	997
959	242
959	826
959	833
959	838
959	843
959	851
959	865
959	878
959	896
959	907
959	916
959	937
959	939
959	942
959	962
959	971
959	974
959	975
959	980
959	986
959	988
959	991
959	992
959	993
959	998
959	999
960	755
960	828
960	851
960	853
960	854
960	870
960	901
960	904
960	906
960	907
960	923
960	931
960	932
960	945
960	947
960	952
960	953
960	962
960	964
960	972
960	977
960	991
960	993
960	995
960	997
960	998
960	1000
961	115
961	432
961	799
961	825
961	852
961	859
961	866
961	872
961	889
961	892
961	900
961	905
961	906
961	913
961	914
961	923
961	926
961	948
961	954
961	955
961	956
961	964
961	976
961	978
961	987
961	988
961	990
962	667
962	786
962	804
962	807
962	824
962	827
962	842
962	847
962	864
962	902
962	910
962	930
962	937
962	942
962	943
962	946
962	951
962	959
962	960
962	963
962	969
962	986
962	987
962	992
962	994
962	995
962	997
963	540
963	803
963	807
963	813
963	852
963	857
963	865
963	874
963	882
963	900
963	910
963	937
963	940
963	942
963	946
963	962
963	969
963	971
963	973
963	981
963	985
963	986
963	987
963	989
963	991
963	992
963	994
964	502
964	823
964	830
964	840
964	849
964	853
964	856
964	884
964	898
964	901
964	911
964	921
964	932
964	933
964	941
964	943
964	945
964	953
964	954
964	960
964	961
964	965
964	966
964	971
964	973
964	990
964	994
964	995
964	996
965	78
965	687
965	801
965	813
965	823
965	834
965	835
965	846
965	850
965	862
965	875
965	881
965	887
965	915
965	921
965	932
965	954
965	955
965	956
965	957
965	964
965	968
965	976
965	977
965	984
965	988
965	995
965	996
965	999
966	311
966	494
966	802
966	823
966	824
966	838
966	840
966	846
966	856
966	862
966	868
966	877
966	881
966	886
966	901
966	912
966	926
966	932
966	935
966	964
966	973
966	979
966	986
966	989
966	995
966	996
966	997
966	999
966	1000
967	254
967	499
967	804
967	805
967	838
967	844
967	845
967	852
967	863
967	867
967	871
967	891
967	908
967	911
967	925
967	927
967	931
967	934
967	938
967	940
967	948
967	950
967	958
967	969
967	973
967	979
967	983
967	989
967	996
967	1000
968	796
968	802
968	817
968	822
968	826
968	829
968	831
968	833
968	841
968	843
968	853
968	861
968	873
968	877
968	878
968	903
968	913
968	918
968	951
968	965
968	971
968	974
968	975
968	981
968	985
968	993
968	997
968	998
968	999
968	1000
969	364
969	803
969	813
969	824
969	825
969	827
969	830
969	841
969	855
969	858
969	861
969	864
969	870
969	890
969	912
969	914
969	933
969	940
969	942
969	943
969	946
969	957
969	962
969	963
969	967
969	986
969	987
969	988
969	990
969	992
969	994
970	215
970	787
970	838
970	851
970	853
970	865
970	866
970	882
970	884
970	886
970	892
970	894
970	904
970	919
970	921
970	931
970	932
970	933
970	948
970	952
970	953
970	956
970	974
970	977
970	979
970	981
970	987
970	991
970	994
970	995
970	997
970	1000
971	110
971	806
971	810
971	821
971	825
971	829
971	831
971	835
971	849
971	855
971	876
971	889
971	897
971	903
971	918
971	920
971	922
971	924
971	930
971	938
971	939
971	943
971	951
971	958
971	959
971	963
971	964
971	968
971	980
971	993
971	994
971	998
972	121
972	738
972	801
972	809
972	818
972	821
972	854
972	870
972	879
972	882
972	887
972	888
972	889
972	893
972	900
972	904
972	907
972	919
972	920
972	921
972	927
972	930
972	937
972	951
972	953
972	960
972	977
972	981
972	991
972	993
972	994
972	997
972	1000
973	618
973	805
973	814
973	816
973	821
973	839
973	844
973	845
973	860
973	863
973	867
973	871
973	872
973	880
973	901
973	904
973	908
973	916
973	925
973	926
973	927
973	929
973	934
973	938
973	948
973	950
973	963
973	964
973	966
973	967
973	979
973	980
973	988
974	249
974	257
974	806
974	817
974	831
974	833
974	834
974	835
974	850
974	862
974	893
974	895
974	897
974	901
974	903
974	909
974	916
974	918
974	939
974	940
974	950
974	951
974	957
974	959
974	968
974	970
974	975
974	980
974	986
974	989
974	993
974	995
974	999
974	1000
975	130
975	798
975	815
975	816
975	828
975	831
975	835
975	849
975	871
975	880
975	889
975	895
975	896
975	898
975	903
975	913
975	916
975	924
975	939
975	944
975	959
975	968
975	974
975	978
975	980
975	986
975	987
975	990
975	993
975	994
975	996
975	998
975	999
975	1000
976	218
976	515
976	802
976	814
976	819
976	821
976	848
976	853
976	859
976	862
976	864
976	873
976	874
976	878
976	891
976	898
976	899
976	900
976	906
976	907
976	913
976	914
976	930
976	941
976	944
976	948
976	952
976	954
976	955
976	961
976	965
976	985
976	988
976	990
977	271
977	379
977	807
977	809
977	812
977	827
977	838
977	845
977	851
977	856
977	866
977	869
977	870
977	885
977	892
977	917
977	918
977	919
977	920
977	924
977	931
977	936
977	948
977	950
977	953
977	956
977	960
977	965
977	970
977	972
977	979
977	981
977	983
977	993
977	1000
978	683
978	815
978	821
978	825
978	830
978	832
978	848
978	852
978	854
978	859
978	864
978	874
978	890
978	896
978	900
978	906
978	907
978	913
978	914
978	923
978	932
978	934
978	936
978	945
978	953
978	954
978	955
978	961
978	975
978	981
978	986
978	987
978	988
978	990
978	996
979	764
979	772
979	800
979	817
979	818
979	822
979	830
979	838
979	843
979	853
979	854
979	856
979	866
979	870
979	888
979	892
979	912
979	919
979	930
979	941
979	942
979	947
979	953
979	956
979	966
979	967
979	970
979	973
979	977
979	981
979	984
979	989
979	991
979	996
979	997
979	1000
980	693
980	799
980	810
980	822
980	826
980	836
980	849
980	860
980	866
980	867
980	876
980	883
980	889
980	896
980	899
980	915
980	916
980	921
980	922
980	924
980	927
980	936
980	939
980	947
980	950
980	951
980	959
980	971
980	973
980	974
980	975
980	982
980	993
980	998
980	999
980	1000
981	314
981	568
981	808
981	825
981	851
981	853
981	856
981	858
981	866
981	879
981	885
981	888
981	904
981	907
981	909
981	917
981	919
981	920
981	930
981	931
981	934
981	936
981	941
981	947
981	952
981	963
981	968
981	970
981	972
981	977
981	978
981	979
981	982
981	984
981	991
981	997
981	1000
982	283
982	723
982	811
982	820
982	829
982	832
982	834
982	837
982	839
982	844
982	848
982	850
982	886
982	891
982	894
982	895
982	899
982	902
982	909
982	911
982	922
982	923
982	935
982	936
982	940
982	945
982	949
982	954
982	957
982	980
982	981
982	983
982	984
982	985
982	990
982	996
982	998
983	167
983	520
983	811
983	820
983	826
983	829
983	837
983	839
983	841
983	850
983	862
983	867
983	869
983	886
983	891
983	894
983	899
983	902
983	909
983	915
983	922
983	930
983	934
983	935
983	936
983	939
983	948
983	949
983	954
983	957
983	967
983	977
983	982
983	984
983	985
983	993
983	997
983	1000
984	712
984	767
984	808
984	811
984	817
984	820
984	829
984	837
984	839
984	850
984	869
984	885
984	886
984	891
984	894
984	899
984	902
984	905
984	906
984	909
984	911
984	913
984	922
984	935
984	936
984	949
984	950
984	952
984	957
984	965
984	979
984	981
984	982
984	983
984	985
984	986
984	995
984	996
985	452
985	506
985	811
985	820
985	822
985	829
985	830
985	837
985	839
985	850
985	869
985	886
985	888
985	891
985	894
985	899
985	902
985	909
985	916
985	921
985	935
985	936
985	947
985	949
985	952
985	957
985	963
985	968
985	976
985	982
985	983
985	984
985	989
985	993
985	994
985	995
985	997
985	998
986	127
986	488
986	803
986	808
986	809
986	813
986	824
986	827
986	833
986	851
986	853
986	855
986	857
986	858
986	861
986	895
986	909
986	910
986	917
986	929
986	937
986	940
986	942
986	943
986	946
986	959
986	962
986	963
986	966
986	969
986	974
986	975
986	978
986	984
986	987
986	990
986	992
986	994
986	1000
987	157
987	477
987	807
987	808
987	823
987	824
987	827
987	848
987	855
987	857
987	858
987	861
987	863
987	864
987	869
987	871
987	879
987	896
987	909
987	910
987	926
987	937
987	940
987	942
987	943
987	946
987	961
987	962
987	963
987	969
987	970
987	975
987	978
987	986
987	989
987	992
987	994
987	998
987	999
988	338
988	494
988	800
988	801
988	802
988	819
988	825
988	829
988	832
988	847
988	848
988	855
988	859
988	865
988	890
988	900
988	904
988	905
988	906
988	907
988	913
988	914
988	926
988	929
988	930
988	944
988	954
988	955
988	959
988	961
988	965
988	969
988	973
988	976
988	978
988	990
988	991
988	992
988	996
989	140
989	794
989	804
989	811
989	823
989	829
989	834
989	846
989	849
989	856
989	862
989	865
989	875
989	877
989	884
989	885
989	887
989	898
989	901
989	903
989	912
989	919
989	921
989	926
989	932
989	933
989	935
989	939
989	945
989	949
989	963
989	966
989	967
989	974
989	979
989	985
989	987
989	995
989	996
989	998
990	425
990	778
990	802
990	815
990	819
990	821
990	825
990	847
990	852
990	858
990	859
990	864
990	873
990	886
990	890
990	899
990	905
990	906
990	907
990	913
990	914
990	915
990	918
990	921
990	923
990	927
990	944
990	954
990	956
990	961
990	964
990	969
990	975
990	976
990	978
990	982
990	986
990	988
990	997
990	999
991	5
991	276
991	799
991	809
991	814
991	818
991	828
991	851
991	854
991	860
991	866
991	875
991	879
991	882
991	885
991	900
991	910
991	917
991	920
991	928
991	930
991	931
991	935
991	942
991	945
991	947
991	948
991	951
991	952
991	953
991	959
991	960
991	963
991	970
991	972
991	979
991	981
991	988
991	994
991	997
991	1000
992	70
992	359
992	729
992	803
992	807
992	808
992	810
992	813
992	824
992	827
992	839
992	854
992	855
992	857
992	858
992	860
992	861
992	864
992	893
992	894
992	898
992	912
992	914
992	917
992	937
992	940
992	942
992	943
992	946
992	959
992	962
992	963
992	969
992	986
992	987
992	988
992	993
992	994
992	997
992	998
992	999
992	1000
993	67
993	479
993	806
993	810
993	815
993	835
993	841
993	876
993	879
993	880
993	883
993	889
993	893
993	895
993	896
993	916
993	918
993	920
993	924
993	939
993	942
993	949
993	951
993	956
993	957
993	959
993	960
993	968
993	971
993	972
993	974
993	975
993	977
993	980
993	983
993	985
993	992
993	995
993	996
993	997
993	998
993	999
994	380
994	774
994	803
994	804
994	807
994	808
994	813
994	814
994	824
994	827
994	838
994	855
994	857
994	858
994	861
994	864
994	901
994	910
994	919
994	931
994	937
994	940
994	942
994	943
994	946
994	951
994	957
994	962
994	963
994	964
994	969
994	970
994	971
994	972
994	975
994	985
994	986
994	987
994	991
994	992
994	995
994	998
995	142
995	175
995	803
995	830
995	831
995	840
995	841
995	846
995	854
995	862
995	868
995	873
995	875
995	877
995	880
995	884
995	887
995	892
995	898
995	901
995	904
995	908
995	911
995	912
995	915
995	921
995	926
995	932
995	933
995	941
995	945
995	956
995	960
995	962
995	964
995	965
995	966
995	970
995	974
995	984
995	985
995	989
995	993
995	994
995	996
996	186
996	524
996	803
996	804
996	810
996	823
996	832
996	834
996	840
996	842
996	846
996	856
996	859
996	862
996	868
996	876
996	877
996	879
996	881
996	884
996	885
996	887
996	888
996	912
996	921
996	926
996	928
996	933
996	934
996	945
996	949
996	956
996	964
996	965
996	966
996	967
996	975
996	978
996	979
996	982
996	984
996	988
996	989
996	993
996	995
997	87
997	486
997	800
997	812
997	817
997	818
997	819
997	838
997	858
997	876
997	879
997	882
997	885
997	888
997	890
997	891
997	892
997	904
997	912
997	917
997	919
997	920
997	928
997	931
997	935
997	947
997	952
997	953
997	956
997	958
997	960
997	962
997	966
997	968
997	970
997	972
997	979
997	981
997	983
997	985
997	990
997	991
997	992
997	993
997	1000
998	119
998	580
998	673
998	799
998	810
998	817
998	823
998	824
998	826
998	833
998	835
998	836
998	841
998	849
998	863
998	876
998	878
998	880
998	881
998	889
998	893
998	895
998	896
998	897
998	906
998	908
998	915
998	916
998	918
998	924
998	945
998	947
998	953
998	954
998	959
998	960
998	968
998	971
998	975
998	980
998	982
998	985
998	987
998	989
998	992
998	993
998	994
998	1000
999	512
999	535
999	784
999	799
999	810
999	817
999	819
999	822
999	836
999	841
999	843
999	848
999	849
999	851
999	857
999	869
999	877
999	878
999	879
999	880
999	883
999	888
999	889
999	890
999	893
999	895
999	896
999	897
999	899
999	903
999	912
999	914
999	918
999	924
999	939
999	951
999	957
999	959
999	965
999	966
999	968
999	974
999	975
999	980
999	987
999	990
999	992
999	993
1000	209
1000	281
1000	805
1000	809
1000	822
1000	827
1000	828
1000	836
1000	839
1000	840
1000	853
1000	866
1000	870
1000	879
1000	882
1000	885
1000	888
1000	892
1000	904
1000	906
1000	910
1000	917
1000	919
1000	920
1000	930
1000	931
1000	947
1000	952
1000	953
1000	957
1000	960
1000	966
1000	967
1000	968
1000	970
1000	972
1000	974
1000	975
1000	977
1000	979
1000	980
1000	981
1000	983
1000	986
1000	991
1000	992
1000	997
1000	998
