1	39
1	49
1	122
1	123
1	142
1	151
1	159
1	163
1	394
1	937
2	17
2	80
2	91
2	149
2	158
2	169
2	171
2	174
2	934
2	993
3	34
3	54
3	87
3	122
3	143
3	151
3	159
3	163
3	185
3	506
4	92
4	97
4	106
4	110
4	133
4	160
4	162
4	168
4	190
4	987
5	86
5	102
5	104
5	113
5	134
5	141
5	144
5	159
5	269
5	284
6	125
6	126
6	128
6	144
6	154
6	158
6	171
6	174
6	451
6	780
7	54
7	78
7	142
7	144
7	151
7	159
7	161
7	163
7	359
7	875
8	69
8	78
8	90
8	97
8	127
8	151
8	159
8	163
8	236
8	470
9	40
9	89
9	109
9	140
9	145
9	150
9	157
9	173
9	791
9	1000
10	84
10	141
10	152
10	153
10	158
10	160
10	162
10	168
10	346
10	997
11	37
11	110
11	121
11	124
11	147
11	154
11	171
11	174
11	704
11	908
12	103
12	142
12	147
12	154
12	158
12	171
12	172
12	174
12	421
12	797
13	20
13	79
13	89
13	97
13	119
13	131
13	140
13	173
13	505
13	884
14	28
14	41
14	83
14	86
14	105
14	114
14	155
14	165
14	275
14	480
15	115
15	116
15	127
15	139
15	148
15	153
15	162
15	168
15	586
15	814
16	18
16	52
16	99
16	123
16	131
16	133
16	159
16	163
16	484
16	975
17	2
17	87
17	104
17	126
17	147
17	152
17	158
17	174
17	439
17	507
18	16
18	92
18	94
18	122
18	151
18	156
18	159
18	163
18	165
18	715
18	795
19	70
19	83
19	98
19	105
19	111
19	118
19	135
19	144
19	164
19	679
19	798
20	13
20	24
20	58
20	63
20	95
20	111
20	145
20	150
20	165
20	264
20	755
21	42
21	136
21	143
21	147
21	149
21	154
21	171
21	174
21	175
21	295
21	797
22	46
22	60
22	129
22	149
22	152
22	158
22	161
22	171
22	174
22	509
22	866
23	30
23	38
23	99
23	128
23	141
23	153
23	162
23	168
23	170
23	198
23	268
24	20
24	29
24	124
24	131
24	135
24	145
24	150
24	158
24	173
24	300
24	934
25	108
25	113
25	114
25	118
25	129
25	134
25	144
25	149
25	155
25	455
25	952
26	42
26	56
26	89
26	147
26	149
26	158
26	167
26	171
26	174
26	325
26	927
27	51
27	59
27	124
27	143
27	152
27	158
27	171
27	174
27	286
27	643
27	736
28	14
28	126
28	129
28	137
28	156
28	164
28	165
28	167
28	169
28	172
28	702
28	763
29	24
29	33
29	56
29	79
29	109
29	111
29	135
29	150
29	166
29	276
29	483
29	512
30	23
30	34
30	117
30	126
30	129
30	130
30	153
30	160
30	162
30	168
30	919
30	980
31	107
31	128
31	133
31	146
31	156
31	157
31	166
31	173
31	175
31	409
31	432
31	930
32	41
32	65
32	108
32	113
32	114
32	134
32	138
32	144
32	147
32	155
32	263
32	554
33	29
33	101
33	128
33	144
33	157
33	164
33	166
33	169
33	170
33	173
33	410
33	784
34	3
34	30
34	99
34	123
34	142
34	151
34	153
34	159
34	163
34	279
34	449
35	67
35	123
35	129
35	134
35	161
35	166
35	167
35	169
35	170
35	290
35	495
35	616
36	84
36	115
36	120
36	130
36	148
36	160
36	162
36	165
36	168
36	388
36	398
36	628
37	11
37	42
37	95
37	117
37	136
37	147
37	154
37	158
37	171
37	174
37	419
37	939
38	23
38	74
38	133
38	137
38	139
38	148
38	160
38	162
38	168
38	170
38	439
38	473
39	1
39	120
39	132
39	138
39	143
39	155
39	164
39	169
39	172
39	175
39	495
39	502
40	9
40	91
40	111
40	119
40	128
40	131
40	140
40	150
40	166
40	408
40	696
40	793
41	14
41	32
41	65
41	70
41	104
41	114
41	125
41	134
41	138
41	155
41	273
41	942
42	21
42	26
42	37
42	96
42	125
42	154
42	158
42	164
42	171
42	174
42	390
42	631
43	56
43	105
43	112
43	130
43	141
43	153
43	160
43	162
43	168
43	481
43	669
43	873
44	89
44	105
44	111
44	116
44	131
44	135
44	140
44	145
44	150
44	161
44	532
44	796
45	46
45	107
45	111
45	125
45	136
45	147
45	152
45	163
45	171
45	174
45	246
45	308
46	22
46	45
46	80
46	103
46	105
46	126
46	147
46	156
46	171
46	174
46	719
46	991
47	70
47	101
47	117
47	129
47	137
47	158
47	164
47	165
47	169
47	173
47	811
47	985
48	73
48	88
48	140
48	146
48	154
48	161
48	167
48	172
48	173
48	175
48	521
48	983
49	1
49	63
49	121
49	131
49	161
49	166
49	169
49	170
49	172
49	175
49	234
49	347
50	52
50	81
50	94
50	97
50	142
50	151
50	152
50	163
50	166
50	282
50	489
50	731
51	27
51	104
51	136
51	149
51	152
51	154
51	158
51	159
51	171
51	174
51	278
51	395
52	16
52	50
52	55
52	123
52	140
52	142
52	151
52	159
52	163
52	165
52	238
52	655
53	74
53	112
53	117
53	133
53	136
53	142
53	153
53	160
53	167
53	168
53	335
53	707
54	3
54	7
54	77
54	90
54	94
54	142
54	144
54	159
54	163
54	172
54	441
54	693
55	52
55	83
55	90
55	94
55	97
55	104
55	146
55	151
55	159
55	163
55	484
55	928
56	26
56	29
56	43
56	57
56	63
56	82
56	109
56	119
56	131
56	145
56	146
56	706
56	780
57	56
57	58
57	63
57	75
57	79
57	119
57	126
57	135
57	140
57	145
57	277
57	291
57	661
58	20
58	57
58	63
58	91
58	109
58	140
58	141
58	145
58	150
58	151
58	535
58	546
58	560
59	27
59	83
59	121
59	146
59	161
59	165
59	167
59	170
59	173
59	175
59	290
59	791
59	999
60	22
60	67
60	77
60	96
60	114
60	120
60	144
60	156
60	161
60	164
60	263
60	561
60	704
61	65
61	78
61	79
61	85
61	96
61	97
61	122
61	142
61	159
61	163
61	762
61	840
61	986
62	96
62	130
62	138
62	143
62	151
62	157
62	165
62	167
62	172
62	174
62	175
62	452
62	723
63	20
63	49
63	56
63	57
63	58
63	72
63	111
63	119
63	141
63	150
63	440
63	891
63	956
64	85
64	96
64	108
64	121
64	139
64	150
64	157
64	164
64	172
64	173
64	713
64	760
64	948
65	32
65	41
65	61
65	81
65	83
65	113
65	134
65	139
65	144
65	155
65	263
65	511
65	968
66	88
66	154
66	156
66	157
66	161
66	165
66	167
66	171
66	173
66	175
66	764
66	939
66	982
67	35
67	60
67	89
67	112
67	132
67	164
67	166
67	167
67	169
67	172
67	288
67	912
67	989
68	110
68	130
68	133
68	139
68	148
68	153
68	160
68	162
68	163
68	168
68	175
68	820
68	856
68	985
69	8
69	71
69	82
69	128
69	146
69	150
69	157
69	161
69	166
69	167
69	175
69	251
69	465
69	878
70	19
70	41
70	47
70	98
70	102
70	105
70	108
70	118
70	147
70	155
70	157
70	490
70	595
70	987
71	69
71	73
71	84
71	99
71	121
71	127
71	129
71	161
71	164
71	165
71	170
71	636
71	740
71	993
72	63
72	82
72	91
72	115
72	131
72	135
72	140
72	145
72	150
72	159
72	173
72	336
72	602
72	762
73	48
73	71
73	80
73	124
73	125
73	147
73	152
73	158
73	171
73	174
73	175
73	256
73	415
73	697
74	38
74	53
74	76
74	110
74	133
74	135
74	139
74	141
74	153
74	160
74	167
74	168
74	341
74	746
75	57
75	93
75	124
75	125
75	136
75	149
75	152
75	158
75	160
75	171
75	174
75	381
75	980
75	981
76	74
76	98
76	104
76	105
76	113
76	114
76	134
76	144
76	155
76	161
76	167
76	495
76	701
76	927
77	54
77	60
77	89
77	152
77	157
77	165
77	167
77	169
77	170
77	173
77	175
77	251
77	594
77	794
78	7
78	8
78	61
78	81
78	114
78	122
78	132
78	142
78	151
78	159
78	163
78	175
78	716
78	872
78	962
79	13
79	29
79	57
79	61
79	89
79	111
79	135
79	140
79	145
79	150
79	157
79	164
79	340
79	515
79	817
80	2
80	46
80	73
80	82
80	103
80	118
80	152
80	154
80	158
80	165
80	171
80	174
80	178
80	359
80	652
81	50
81	65
81	78
81	90
81	94
81	99
81	114
81	142
81	151
81	159
81	163
81	168
81	266
81	855
81	950
82	56
82	69
82	72
82	80
82	91
82	119
82	131
82	135
82	140
82	145
82	150
82	168
82	362
82	382
82	998
83	14
83	19
83	55
83	59
83	65
83	86
83	102
83	108
83	113
83	118
83	155
83	173
83	201
83	350
83	524
84	10
84	36
84	71
84	112
84	139
84	141
84	147
84	148
84	153
84	162
84	168
84	175
84	617
84	654
84	961
85	61
85	64
85	103
85	105
85	132
85	137
85	138
85	156
85	164
85	166
85	170
85	173
85	518
85	774
85	795
86	5
86	14
86	83
86	104
86	105
86	108
86	110
86	114
86	127
86	134
86	155
86	170
86	174
86	771
86	797
86	997
87	3
87	17
87	116
87	121
87	128
87	150
87	165
87	166
87	169
87	170
87	172
87	175
87	442
87	697
87	728
87	975
88	48
88	66
88	103
88	132
88	143
88	148
88	149
88	156
88	164
88	169
88	170
88	173
88	175
88	577
88	962
88	985
89	9
89	13
89	26
89	44
89	67
89	77
89	79
89	91
89	109
89	111
89	135
89	150
89	171
89	453
89	505
89	909
90	8
90	54
90	55
90	81
90	94
90	121
90	122
90	123
90	151
90	159
90	163
90	169
90	174
90	642
90	764
90	876
91	2
91	40
91	58
91	72
91	82
91	89
91	109
91	111
91	119
91	135
91	140
91	150
91	169
91	172
91	560
91	984
91	992
92	4
92	18
92	95
92	100
92	128
92	132
92	138
92	153
92	156
92	168
92	170
92	172
92	173
92	562
92	682
92	731
92	792
93	75
93	106
93	110
93	112
93	115
93	122
93	130
93	148
93	153
93	160
93	162
93	168
93	169
93	171
93	488
93	988
93	993
94	18
94	50
94	54
94	55
94	81
94	90
94	98
94	122
94	123
94	129
94	151
94	159
94	163
94	170
94	376
94	883
94	993
95	20
95	37
95	92
95	112
95	137
95	155
95	156
95	157
95	165
95	166
95	167
95	170
95	173
95	444
95	519
95	635
95	999
96	42
96	60
96	61
96	62
96	64
96	127
96	128
96	145
96	157
96	167
96	170
96	173
96	174
96	709
96	970
96	977
96	979
97	4
97	8
97	13
97	50
97	55
97	61
97	99
97	103
97	112
97	122
97	123
97	151
97	159
97	163
97	273
97	739
97	873
98	19
98	70
98	76
98	94
98	100
98	102
98	104
98	105
98	118
98	123
98	124
98	134
98	144
98	155
98	214
98	944
98	960
99	16
99	23
99	34
99	71
99	81
99	97
99	101
99	123
99	142
99	151
99	159
99	163
99	166
99	316
99	413
99	777
99	925
100	92
100	98
100	120
100	129
100	138
100	143
100	156
100	160
100	165
100	166
100	168
100	169
100	172
100	173
100	274
100	436
100	968
101	33
101	47
101	99
101	131
101	137
101	138
101	143
101	153
101	157
101	165
101	169
101	170
101	173
101	175
101	467
101	640
101	769
102	5
102	70
102	83
102	98
102	106
102	108
102	114
102	118
102	134
102	144
102	146
102	147
102	155
102	170
102	742
102	789
102	966
103	12
103	46
103	80
103	85
103	88
103	97
103	107
103	125
103	126
103	147
103	149
103	152
103	171
103	174
103	796
103	851
103	862
103	973
104	5
104	17
104	41
104	51
104	55
104	76
104	86
104	98
104	105
104	114
104	132
104	134
104	144
104	155
104	254
104	264
104	603
104	900
105	14
105	19
105	43
105	44
105	46
105	70
105	76
105	85
105	86
105	98
105	104
105	118
105	134
105	144
105	155
105	196
105	369
105	950
106	4
106	93
106	102
106	115
106	117
106	139
106	141
106	148
106	153
106	160
106	162
106	166
106	168
106	174
106	419
106	669
106	787
106	892
107	31
107	45
107	103
107	126
107	134
107	136
107	147
107	149
107	152
107	154
107	160
107	162
107	171
107	174
107	260
107	506
107	555
107	797
108	25
108	32
108	64
108	70
108	83
108	86
108	102
108	113
108	118
108	132
108	134
108	143
108	144
108	155
108	164
108	793
108	921
108	984
108	997
109	9
109	29
109	56
109	58
109	89
109	91
109	119
109	131
109	135
109	140
109	145
109	150
109	153
109	171
109	172
109	175
109	258
109	897
109	935
110	4
110	11
110	68
110	74
110	86
110	93
110	117
110	133
110	137
110	147
110	148
110	153
110	160
110	162
110	168
110	426
110	745
110	812
110	915
111	19
111	20
111	29
111	40
111	44
111	45
111	63
111	79
111	89
111	91
111	131
111	140
111	143
111	145
111	149
111	150
111	318
111	446
111	516
112	43
112	53
112	67
112	84
112	93
112	95
112	97
112	115
112	117
112	130
112	133
112	136
112	148
112	160
112	162
112	168
112	274
112	362
112	371
112	668
113	5
113	25
113	32
113	65
113	76
113	83
113	108
113	114
113	118
113	127
113	132
113	134
113	138
113	144
113	155
113	167
113	728
113	732
113	949
113	995
114	14
114	25
114	32
114	41
114	60
114	76
114	78
114	81
114	86
114	102
114	104
114	113
114	118
114	144
114	154
114	155
114	360
114	416
114	516
114	794
115	15
115	36
115	72
115	93
115	106
115	112
115	130
115	134
115	139
115	148
115	153
115	158
115	160
115	162
115	168
115	170
115	595
115	712
115	741
115	954
116	15
116	44
116	87
116	128
116	129
116	137
116	138
116	142
116	143
116	146
116	167
116	169
116	170
116	172
116	173
116	174
116	297
116	538
116	787
116	791
117	30
117	37
117	47
117	53
117	106
117	110
117	112
117	133
117	139
117	141
117	148
117	153
117	154
117	160
117	164
117	168
117	365
117	774
117	780
117	896
118	19
118	25
118	70
118	80
118	83
118	98
118	102
118	105
118	108
118	113
118	114
118	144
118	145
118	155
118	160
118	175
118	616
118	772
118	837
118	976
119	13
119	40
119	56
119	57
119	63
119	82
119	91
119	109
119	121
119	125
119	135
119	140
119	145
119	150
119	170
119	173
119	524
119	662
119	793
119	932
120	36
120	39
120	60
120	100
120	121
120	124
120	125
120	138
120	143
120	146
120	160
120	164
120	166
120	170
120	172
120	175
120	380
120	468
120	582
120	737
121	11
121	49
121	59
121	64
121	71
121	87
121	90
121	119
121	120
121	137
121	159
121	161
121	164
121	166
121	172
121	173
121	216
121	404
121	725
121	778
122	1
122	3
122	18
122	61
122	78
122	90
122	93
122	94
122	97
122	123
122	142
122	151
122	155
122	159
122	162
122	163
122	168
122	348
122	506
122	513
122	763
123	1
123	16
123	34
123	35
123	52
123	90
123	94
123	97
123	98
123	99
123	122
123	142
123	151
123	159
123	161
123	163
123	168
123	274
123	280
123	541
123	680
124	11
124	24
124	27
124	73
124	75
124	98
124	120
124	126
124	136
124	147
124	149
124	152
124	154
124	158
124	171
124	172
124	174
124	435
124	522
124	541
124	929
125	6
125	41
125	42
125	45
125	73
125	75
125	103
125	119
125	120
125	126
125	147
125	149
125	150
125	154
125	158
125	171
125	174
125	540
125	648
125	876
125	967
125	975
126	6
126	17
126	28
126	30
126	46
126	57
126	103
126	107
126	124
126	125
126	136
126	149
126	152
126	154
126	155
126	171
126	174
126	441
126	504
126	667
126	741
126	778
127	8
127	15
127	71
127	86
127	96
127	113
127	128
127	132
127	156
127	161
127	163
127	164
127	166
127	167
127	169
127	170
127	172
127	175
127	307
127	596
127	698
127	775
128	6
128	23
128	31
128	33
128	40
128	69
128	87
128	92
128	96
128	116
128	127
128	138
128	161
128	164
128	165
128	168
128	169
128	175
128	403
128	484
128	764
128	829
129	22
129	25
129	28
129	30
129	35
129	47
129	71
129	94
129	100
129	116
129	132
129	140
129	146
129	156
129	157
129	167
129	173
129	175
129	259
129	460
129	538
129	575
129	629
130	30
130	36
130	43
130	62
130	68
130	93
130	112
130	115
130	133
130	139
130	141
130	148
130	160
130	161
130	162
130	167
130	168
130	171
130	190
130	686
130	694
130	910
130	966
131	13
131	16
131	24
131	40
131	44
131	49
131	56
131	72
131	82
131	101
131	109
131	111
131	135
131	140
131	145
131	150
131	157
131	172
131	225
131	281
131	408
131	649
131	887
132	39
132	67
132	78
132	85
132	88
132	92
132	104
132	108
132	113
132	127
132	129
132	137
132	154
132	167
132	169
132	172
132	173
132	175
132	370
132	704
132	720
132	753
132	976
133	4
133	16
133	31
133	38
133	53
133	68
133	74
133	110
133	112
133	117
133	130
133	139
133	141
133	160
133	162
133	164
133	166
133	168
133	174
133	297
133	548
133	756
133	791
133	938
134	5
134	25
134	32
134	35
134	41
134	65
134	76
134	86
134	98
134	102
134	104
134	105
134	107
134	108
134	113
134	115
134	144
134	152
134	155
134	386
134	460
134	626
134	659
134	697
135	19
135	24
135	29
135	44
135	57
135	72
135	74
135	79
135	82
135	89
135	91
135	109
135	119
135	131
135	145
135	150
135	156
135	169
135	173
135	296
135	434
135	605
135	658
135	982
136	21
136	37
136	45
136	51
136	53
136	75
136	107
136	112
136	124
136	126
136	141
136	149
136	152
136	153
136	154
136	158
136	171
136	174
136	175
136	501
136	604
136	832
136	844
136	908
137	28
137	38
137	47
137	85
137	95
137	101
137	110
137	116
137	121
137	132
137	158
137	161
137	163
137	165
137	167
137	169
137	172
137	173
137	175
137	252
137	372
137	376
137	568
137	757
138	32
138	39
138	41
138	62
138	85
138	92
138	100
138	101
138	113
138	116
138	120
138	128
138	143
138	154
138	157
138	159
138	161
138	165
138	172
138	173
138	213
138	290
138	768
138	925
138	972
139	15
139	38
139	64
139	65
139	68
139	74
139	84
139	106
139	115
139	117
139	130
139	133
139	141
139	148
139	153
139	161
139	162
139	165
139	167
139	168
139	277
139	401
139	599
139	840
139	976
140	9
140	13
140	40
140	44
140	48
140	52
140	57
140	58
140	72
140	79
140	82
140	91
140	109
140	111
140	119
140	129
140	131
140	150
140	163
140	166
140	206
140	447
140	522
140	760
140	761
140	802
141	5
141	10
141	23
141	43
141	58
141	63
141	74
141	84
141	106
141	117
141	130
141	133
141	136
141	139
141	144
141	148
141	153
141	160
141	162
141	168
141	172
141	326
141	528
141	647
141	800
141	811
142	1
142	7
142	12
142	34
142	50
142	52
142	53
142	54
142	61
142	78
142	81
142	99
142	116
142	122
142	123
142	146
142	151
142	156
142	159
142	163
142	173
142	660
142	719
142	735
142	791
142	841
143	3
143	21
143	27
143	39
143	62
143	88
143	100
143	101
143	108
143	111
143	116
143	120
143	138
143	146
143	157
143	161
143	165
143	166
143	169
143	170
143	172
143	175
143	295
143	508
143	545
143	977
143	988
144	5
144	6
144	7
144	19
144	25
144	32
144	33
144	54
144	60
144	65
144	76
144	98
144	102
144	104
144	105
144	108
144	113
144	114
144	118
144	134
144	141
144	155
144	270
144	464
144	523
144	787
144	895
144	922
145	9
145	20
145	24
145	44
145	56
145	57
145	58
145	72
145	79
145	82
145	96
145	109
145	111
145	118
145	119
145	131
145	135
145	146
145	149
145	150
145	157
145	171
145	353
145	665
145	686
145	794
145	918
145	942
146	31
146	48
146	55
146	56
146	59
146	69
146	102
146	116
146	120
146	129
146	142
146	143
146	145
146	161
146	164
146	165
146	166
146	169
146	170
146	171
146	172
146	174
146	175
146	461
146	743
146	771
146	931
146	971
147	11
147	12
147	17
147	21
147	26
147	32
147	37
147	45
147	46
147	70
147	73
147	84
147	102
147	103
147	107
147	110
147	124
147	125
147	149
147	152
147	154
147	171
147	174
147	236
147	651
147	663
147	691
147	779
147	916
148	15
148	36
148	38
148	68
148	84
148	88
148	93
148	106
148	110
148	112
148	115
148	117
148	130
148	139
148	141
148	150
148	153
148	156
148	160
148	162
148	167
148	168
148	175
148	264
148	284
148	465
148	537
148	684
148	749
149	2
149	21
149	22
149	25
149	26
149	51
149	75
149	88
149	103
149	107
149	111
149	124
149	125
149	126
149	136
149	145
149	147
149	151
149	152
149	154
149	158
149	168
149	171
149	174
149	180
149	292
149	765
149	795
149	911
149	916
149	932
150	9
150	20
150	24
150	29
150	40
150	44
150	58
150	63
150	64
150	69
150	72
150	79
150	82
150	87
150	89
150	91
150	109
150	111
150	119
150	125
150	131
150	135
150	140
150	145
150	148
150	152
150	485
150	721
150	770
150	795
150	880
150	914
151	1
151	3
151	7
151	8
151	18
151	34
151	50
151	52
151	55
151	58
151	62
151	78
151	81
151	90
151	94
151	97
151	99
151	122
151	123
151	142
151	149
151	157
151	159
151	163
151	169
151	172
151	497
151	574
151	620
151	893
151	945
151	953
152	10
152	17
152	22
152	27
152	45
152	50
152	51
152	73
152	75
152	77
152	80
152	103
152	107
152	124
152	126
152	134
152	136
152	147
152	149
152	150
152	154
152	155
152	158
152	169
152	171
152	174
152	283
152	296
152	404
152	577
152	580
152	602
152	766
153	10
153	15
153	23
153	30
153	34
153	43
153	53
153	68
153	74
153	84
153	92
153	93
153	101
153	106
153	109
153	110
153	115
153	117
153	136
153	139
153	141
153	148
153	160
153	168
153	170
153	174
153	213
153	414
153	475
153	584
153	682
153	761
153	848
154	6
154	11
154	12
154	21
154	37
154	42
154	48
154	51
154	66
154	80
154	107
154	114
154	117
154	124
154	125
154	126
154	132
154	136
154	138
154	147
154	149
154	152
154	158
154	166
154	171
154	174
154	272
154	467
154	494
154	537
154	652
154	865
154	997
155	14
155	25
155	32
155	39
155	41
155	65
155	70
155	76
155	83
155	86
155	95
155	98
155	102
155	104
155	105
155	108
155	113
155	114
155	118
155	122
155	126
155	134
155	144
155	152
155	162
155	167
155	266
155	270
155	308
155	491
155	506
155	684
155	751
156	18
156	28
156	31
156	46
156	60
156	66
156	85
156	88
156	92
156	95
156	100
156	127
156	129
156	135
156	142
156	148
156	157
156	160
156	161
156	163
156	165
156	166
156	167
156	169
156	170
156	172
156	173
156	175
156	247
156	268
156	413
156	583
156	674
156	726
156	994
157	9
157	31
157	33
157	62
157	64
157	66
157	69
157	70
157	77
157	79
157	95
157	96
157	101
157	129
157	131
157	138
157	143
157	145
157	151
157	156
157	161
157	164
157	165
157	166
157	167
157	169
157	170
157	171
157	175
157	285
157	461
157	534
157	709
157	723
157	729
157	730
158	2
158	6
158	10
158	12
158	17
158	22
158	24
158	26
158	27
158	37
158	42
158	47
158	51
158	73
158	75
158	80
158	115
158	124
158	125
158	136
158	137
158	149
158	152
158	154
158	164
158	165
158	171
158	174
158	387
158	453
158	484
158	614
158	735
158	939
158	945
158	990
159	1
159	3
159	5
159	7
159	8
159	16
159	18
159	34
159	51
159	52
159	54
159	55
159	61
159	72
159	78
159	81
159	90
159	94
159	97
159	99
159	121
159	122
159	123
159	138
159	142
159	151
159	163
159	169
159	170
159	220
159	409
159	422
159	443
159	509
159	524
159	747
159	774
160	4
160	10
160	30
160	36
160	38
160	43
160	53
160	68
160	74
160	75
160	93
160	100
160	106
160	107
160	110
160	112
160	115
160	117
160	118
160	120
160	130
160	133
160	141
160	148
160	153
160	156
160	162
160	168
160	169
160	457
160	508
160	685
160	715
160	757
160	774
160	943
160	973
161	7
161	22
161	35
161	44
161	48
161	49
161	59
161	60
161	66
161	69
161	71
161	76
161	121
161	123
161	127
161	128
161	130
161	137
161	138
161	139
161	143
161	146
161	156
161	157
161	167
161	169
161	170
161	172
161	173
161	175
161	277
161	510
161	551
161	715
161	720
161	777
161	831
161	920
162	4
162	10
162	15
162	23
162	30
162	36
162	38
162	43
162	68
162	84
162	93
162	106
162	107
162	110
162	112
162	115
162	122
162	130
162	133
162	139
162	141
162	148
162	155
162	160
162	163
162	164
162	168
162	172
162	173
162	175
162	237
162	241
162	479
162	522
162	783
162	795
162	798
162	975
163	1
163	3
163	7
163	8
163	16
163	18
163	34
163	45
163	50
163	52
163	54
163	55
163	61
163	68
163	78
163	81
163	90
163	94
163	97
163	99
163	122
163	123
163	127
163	137
163	140
163	142
163	151
163	156
163	159
163	162
163	199
163	273
163	301
163	525
163	539
163	622
163	767
163	929
164	19
164	28
164	33
164	39
164	42
164	47
164	60
164	64
164	67
164	71
164	79
164	85
164	88
164	108
164	117
164	120
164	121
164	127
164	128
164	133
164	146
164	157
164	158
164	162
164	166
164	167
164	169
164	170
164	172
164	173
164	175
164	262
164	310
164	530
164	552
164	627
164	782
164	848
164	902
165	14
165	18
165	20
165	28
165	36
165	47
165	52
165	59
165	62
165	66
165	71
165	77
165	80
165	87
165	95
165	100
165	101
165	128
165	137
165	138
165	139
165	143
165	146
165	156
165	157
165	158
165	166
165	169
165	170
165	172
165	173
165	175
165	464
165	496
165	513
165	574
165	610
165	689
165	875
165	965
166	29
166	31
166	33
166	35
166	40
166	49
166	50
166	67
166	69
166	85
166	87
166	95
166	99
166	100
166	106
166	120
166	121
166	127
166	133
166	140
166	143
166	146
166	154
166	156
166	157
166	164
166	165
166	167
166	169
166	170
166	172
166	173
166	279
166	380
166	444
166	540
166	759
166	791
166	984
166	993
167	26
167	28
167	35
167	48
167	53
167	59
167	62
167	66
167	67
167	69
167	74
167	76
167	77
167	95
167	96
167	113
167	116
167	127
167	129
167	130
167	132
167	137
167	139
167	148
167	155
167	156
167	157
167	161
167	164
167	166
167	169
167	170
167	172
167	173
167	175
167	185
167	287
167	670
167	751
167	764
167	774
167	800
167	807
168	4
168	10
168	15
168	23
168	30
168	36
168	38
168	43
168	53
168	68
168	74
168	81
168	82
168	84
168	92
168	93
168	100
168	106
168	110
168	112
168	115
168	117
168	122
168	123
168	128
168	130
168	133
168	139
168	141
168	148
168	149
168	153
168	160
168	162
168	230
168	241
168	451
168	502
168	633
168	644
168	746
168	902
168	946
169	2
169	28
169	33
169	35
169	39
169	47
169	49
169	67
169	77
169	87
169	88
169	90
169	91
169	93
169	100
169	101
169	116
169	127
169	128
169	132
169	135
169	137
169	143
169	146
169	151
169	152
169	156
169	157
169	159
169	160
169	161
169	164
169	165
169	166
169	167
169	175
169	271
169	466
169	558
169	602
169	838
169	958
169	992
169	999
169	1000
170	23
170	33
170	35
170	38
170	49
170	59
170	71
170	77
170	85
170	86
170	87
170	88
170	92
170	94
170	95
170	96
170	101
170	102
170	115
170	116
170	119
170	120
170	127
170	143
170	146
170	153
170	156
170	157
170	159
170	161
170	164
170	165
170	166
170	167
170	172
170	173
170	175
170	279
170	292
170	523
170	534
170	710
170	876
170	921
170	977
170	984
171	2
171	6
171	11
171	12
171	21
171	22
171	26
171	27
171	37
171	42
171	45
171	46
171	51
171	66
171	73
171	75
171	80
171	89
171	93
171	103
171	107
171	109
171	124
171	125
171	126
171	130
171	136
171	145
171	146
171	147
171	149
171	152
171	154
171	157
171	158
171	172
171	174
171	237
171	297
171	410
171	714
171	743
171	754
171	772
171	788
171	988
172	12
172	28
172	39
172	48
172	49
172	54
172	62
172	64
172	67
172	87
172	91
172	92
172	100
172	109
172	116
172	120
172	121
172	124
172	127
172	131
172	132
172	137
172	138
172	141
172	143
172	146
172	151
172	156
172	161
172	162
172	164
172	165
172	166
172	167
172	170
172	171
172	173
172	454
172	494
172	495
172	499
172	526
172	534
172	744
172	764
172	797
172	962
173	9
173	13
173	24
173	31
173	33
173	47
173	48
173	59
173	64
173	66
173	72
173	77
173	83
173	85
173	88
173	92
173	95
173	96
173	100
173	101
173	116
173	119
173	121
173	129
173	132
173	135
173	137
173	138
173	142
173	156
173	161
173	162
173	164
173	165
173	166
173	167
173	170
173	172
173	184
173	264
173	280
173	437
173	752
173	784
173	786
173	806
173	945
174	2
174	6
174	11
174	12
174	17
174	21
174	22
174	26
174	27
174	37
174	42
174	45
174	46
174	51
174	62
174	73
174	75
174	80
174	86
174	90
174	96
174	103
174	106
174	107
174	116
174	124
174	125
174	126
174	133
174	136
174	146
174	147
174	149
174	152
174	153
174	154
174	158
174	171
174	248
174	458
174	566
174	595
174	632
174	758
174	966
174	979
174	985
175	21
175	31
175	39
175	48
175	49
175	59
175	62
175	66
175	68
175	69
175	73
175	77
175	78
175	84
175	87
175	88
175	101
175	109
175	118
175	120
175	127
175	128
175	129
175	132
175	136
175	137
175	143
175	146
175	148
175	156
175	157
175	161
175	162
175	164
175	165
175	167
175	169
175	170
175	208
175	271
175	425
175	497
175	523
175	535
175	781
175	901
175	985
176	177
176	203
176	209
176	247
176	249
176	280
176	283
176	296
176	459
176	681
177	176
177	224
177	244
177	259
177	276
177	281
177	284
177	285
177	825
177	992
178	80
178	246
178	262
178	271
178	280
178	284
178	286
178	293
178	294
178	954
179	180
179	248
179	271
179	287
179	288
179	289
179	290
179	295
179	342
179	449
180	149
180	179
180	218
180	223
180	256
180	269
180	274
180	276
180	297
180	776
181	196
181	234
181	258
181	287
181	288
181	289
181	295
181	296
181	428
181	954
182	199
182	210
182	261
182	273
182	280
182	282
182	284
182	294
182	799
182	974
183	235
183	266
183	279
183	283
183	287
183	288
183	289
183	295
183	620
183	734
184	173
184	196
184	244
184	246
184	282
184	289
184	291
184	292
184	294
184	945
185	3
185	167
185	198
185	208
185	250
185	271
185	273
185	286
185	292
185	294
186	212
186	214
186	217
186	257
186	261
186	280
186	287
186	292
186	471
186	661
187	254
187	261
187	263
187	275
187	287
187	289
187	290
187	295
187	392
187	668
188	226
188	227
188	235
188	255
188	286
188	288
188	289
188	290
188	716
188	736
189	204
189	266
189	271
189	274
189	286
189	287
189	288
189	295
189	521
189	972
190	4
190	130
190	205
190	224
190	226
190	251
190	272
190	274
190	291
190	296
191	245
191	267
191	275
191	277
191	285
191	294
191	296
191	297
191	871
191	961
192	228
192	236
192	255
192	260
192	262
192	264
192	281
192	292
192	496
192	920
193	236
193	259
193	278
193	283
193	286
193	291
193	292
193	294
193	295
193	485
193	983
194	223
194	250
194	251
194	269
194	270
194	274
194	277
194	281
194	286
194	577
194	695
195	208
195	220
195	230
195	254
195	273
195	280
195	291
195	292
195	293
195	991
195	998
196	105
196	181
196	184
196	213
196	268
196	270
196	274
196	276
196	283
196	297
196	706
197	216
197	224
197	232
197	255
197	275
197	281
197	283
197	284
197	296
197	516
197	1000
198	23
198	185
198	211
198	224
198	226
198	265
198	274
198	281
198	284
198	297
198	773
199	163
199	182
199	201
199	231
199	234
199	271
199	287
199	289
199	290
199	295
199	750
200	230
200	240
200	245
200	264
200	274
200	283
200	288
200	296
200	531
200	864
200	990
201	83
201	199
201	238
201	240
201	247
201	267
201	282
201	286
201	293
201	294
201	678
202	243
202	258
202	266
202	272
202	279
202	287
202	288
202	290
202	294
202	295
202	750
202	765
203	176
203	252
203	262
203	277
203	281
203	283
203	284
203	296
203	297
203	430
203	953
204	189
204	223
204	227
204	243
204	266
204	277
204	287
204	289
204	290
204	295
204	511
204	971
205	190
205	216
205	245
205	256
205	265
205	269
205	275
205	279
205	297
205	465
205	507
205	771
206	140
206	208
206	209
206	217
206	260
206	280
206	282
206	288
206	290
206	292
206	293
206	835
207	213
207	244
207	245
207	249
207	265
207	270
207	284
207	287
207	296
207	297
207	918
207	983
208	175
208	185
208	195
208	206
208	220
208	234
208	261
208	270
208	276
208	291
208	292
208	593
209	176
209	206
209	239
209	253
209	275
209	277
209	280
209	284
209	296
209	536
209	648
209	810
210	182
210	220
210	249
210	259
210	261
210	273
210	282
210	286
210	294
210	296
210	683
210	967
211	198
211	225
211	255
211	259
211	263
211	287
211	288
211	289
211	290
211	295
211	722
211	840
212	186
212	250
212	268
212	269
212	275
212	283
212	284
212	290
212	296
212	297
212	659
212	912
213	138
213	153
213	196
213	207
213	248
213	268
213	280
213	285
213	292
213	296
213	297
213	301
214	98
214	186
214	220
214	233
214	251
214	256
214	265
214	278
214	282
214	286
214	291
214	988
215	218
215	234
215	240
215	254
215	270
215	274
215	275
215	277
215	281
215	297
215	537
215	656
216	121
216	197
216	205
216	263
216	266
216	270
216	272
216	287
216	288
216	289
216	290
216	295
216	656
217	186
217	206
217	222
217	226
217	247
217	262
217	267
217	273
217	291
217	292
217	293
217	793
217	795
218	180
218	215
218	223
218	256
218	269
218	273
218	275
218	276
218	283
218	297
218	541
218	735
218	775
219	250
219	259
219	260
219	266
219	267
219	278
219	292
219	293
219	294
219	296
219	522
219	786
219	999
220	159
220	195
220	208
220	210
220	214
220	257
220	264
220	266
220	280
220	281
220	292
220	653
220	889
221	231
221	236
221	264
221	268
221	273
221	280
221	281
221	286
221	291
221	292
221	293
221	331
221	766
222	217
222	243
222	254
222	269
222	271
222	272
222	274
222	288
222	289
222	290
222	295
222	334
222	354
223	180
223	194
223	204
223	218
223	248
223	270
223	284
223	285
223	295
223	296
223	722
223	731
223	773
224	177
224	190
224	197
224	198
224	250
224	265
224	277
224	283
224	285
224	291
224	294
224	750
224	988
225	131
225	211
225	271
225	272
225	277
225	280
225	284
225	287
225	288
225	289
225	290
225	295
225	708
226	188
226	190
226	198
226	217
226	229
226	253
226	263
226	270
226	279
226	283
226	296
226	520
226	752
226	941
227	188
227	204
227	230
227	241
227	243
227	263
227	264
227	268
227	272
227	288
227	290
227	295
227	734
227	784
228	192
228	229
228	250
228	253
228	262
228	264
228	265
228	278
228	280
228	282
228	294
228	494
228	527
228	994
229	226
229	228
229	269
229	270
229	273
229	274
229	276
229	277
229	279
229	282
229	285
229	634
229	934
229	964
230	168
230	195
230	200
230	227
230	239
230	275
230	277
230	279
230	281
230	283
230	295
230	296
230	781
230	809
231	199
231	221
231	239
231	243
231	252
231	257
231	259
231	286
231	291
231	293
231	294
231	761
231	958
231	980
232	197
232	233
232	245
232	249
232	262
232	268
232	274
232	276
232	281
232	288
232	296
232	297
232	518
232	949
232	987
233	214
233	232
233	238
233	246
233	252
233	261
233	278
233	280
233	287
233	288
233	292
233	294
233	497
233	500
233	520
234	49
234	181
234	199
234	208
234	215
234	247
234	258
234	266
234	287
234	288
234	289
234	290
234	295
234	498
234	765
235	183
235	188
235	246
235	250
235	255
235	266
235	272
235	287
235	288
235	290
235	293
235	295
235	496
235	822
235	946
236	8
236	147
236	192
236	193
236	221
236	237
236	266
236	278
236	279
236	282
236	291
236	292
236	293
236	294
236	297
236	700
237	162
237	171
237	236
237	247
237	256
237	259
237	260
237	262
237	274
237	278
237	291
237	293
237	295
237	297
237	505
237	556
238	52
238	201
238	233
238	242
238	261
238	262
238	269
238	273
238	278
238	282
238	284
238	285
238	292
238	293
238	407
238	958
239	209
239	230
239	231
239	253
239	259
239	268
239	279
239	281
239	284
239	285
239	289
239	296
239	467
239	657
239	711
239	986
240	200
240	201
240	215
240	255
240	265
240	269
240	275
240	277
240	279
240	283
240	284
240	286
240	297
240	394
240	527
240	717
241	162
241	168
241	227
241	258
241	263
241	266
241	271
241	272
241	279
241	282
241	287
241	289
241	290
241	294
241	295
241	501
242	238
242	244
242	250
242	256
242	257
242	264
242	267
242	273
242	282
242	285
242	288
242	293
242	297
242	337
242	930
242	962
242	989
243	202
243	204
243	222
243	227
243	231
243	248
243	254
243	266
243	271
243	272
243	279
243	287
243	288
243	295
243	699
243	773
243	937
244	177
244	184
244	207
244	242
244	248
244	257
244	262
244	264
244	267
244	278
244	282
244	286
244	294
244	296
244	524
244	550
244	921
245	191
245	200
245	205
245	207
245	232
245	268
245	274
245	275
245	278
245	281
245	284
245	291
245	295
245	297
245	381
245	429
245	691
246	45
246	178
246	184
246	233
246	235
246	251
246	252
246	267
246	277
246	286
246	290
246	291
246	292
246	293
246	294
246	514
246	743
247	156
247	176
247	201
247	217
247	234
247	237
247	256
247	259
247	261
247	270
247	273
247	280
247	282
247	291
247	292
247	784
247	791
248	174
248	179
248	213
248	223
248	243
248	244
248	251
248	268
248	269
248	275
248	276
248	284
248	293
248	296
248	297
248	719
248	796
248	797
249	176
249	207
249	210
249	232
249	257
249	268
249	270
249	275
249	276
249	280
249	284
249	285
249	292
249	296
249	358
249	467
249	955
249	1000
250	185
250	194
250	212
250	219
250	224
250	228
250	235
250	242
250	252
250	262
250	280
250	282
250	286
250	292
250	294
250	476
250	533
250	645
251	69
251	77
251	190
251	194
251	214
251	246
251	248
251	265
251	267
251	273
251	277
251	281
251	284
251	285
251	294
251	296
251	297
251	729
251	749
252	137
252	203
252	231
252	233
252	246
252	250
252	256
252	257
252	267
252	270
252	278
252	280
252	289
252	290
252	291
252	293
252	294
252	770
252	996
253	209
253	226
253	228
253	239
253	257
253	265
253	268
253	269
253	277
253	279
253	282
253	283
253	285
253	293
253	296
253	297
253	385
253	635
253	664
253	776
254	104
254	187
254	195
254	215
254	222
254	243
254	255
254	263
254	271
254	272
254	287
254	288
254	289
254	290
254	294
254	295
254	297
254	418
254	492
254	994
255	188
255	192
255	197
255	211
255	235
255	240
255	254
255	263
255	271
255	272
255	287
255	288
255	289
255	290
255	292
255	295
255	571
255	677
255	713
255	785
256	73
256	180
256	205
256	214
256	218
256	237
256	242
256	247
256	252
256	257
256	260
256	261
256	282
256	285
256	286
256	291
256	292
256	294
256	656
256	727
256	778
257	186
257	220
257	231
257	242
257	244
257	249
257	252
257	253
257	256
257	259
257	264
257	277
257	278
257	287
257	291
257	293
257	294
257	661
257	665
257	766
257	836
258	109
258	181
258	202
258	234
258	241
258	264
258	266
258	271
258	272
258	275
258	285
258	287
258	288
258	289
258	290
258	293
258	295
258	297
258	448
258	457
258	533
259	129
259	177
259	193
259	210
259	211
259	219
259	231
259	237
259	239
259	247
259	257
259	262
259	267
259	268
259	272
259	273
259	282
259	286
259	293
259	528
259	685
259	771
260	107
260	192
260	206
260	219
260	237
260	256
260	261
260	262
260	264
260	269
260	271
260	286
260	287
260	290
260	291
260	292
260	293
260	294
260	434
260	621
260	905
260	952
261	182
261	186
261	187
261	208
261	210
261	233
261	238
261	247
261	256
261	260
261	275
261	278
261	283
261	286
261	291
261	293
261	294
261	297
261	310
261	587
261	604
261	624
261	783
262	164
262	178
262	192
262	203
262	217
262	228
262	232
262	237
262	238
262	244
262	250
262	259
262	260
262	267
262	278
262	283
262	286
262	291
262	296
262	297
262	435
262	698
262	732
262	886
263	32
263	60
263	65
263	187
263	211
263	216
263	226
263	227
263	241
263	254
263	255
263	266
263	271
263	272
263	286
263	287
263	288
263	289
263	290
263	291
263	294
263	295
263	460
263	979
264	20
264	104
264	148
264	173
264	192
264	200
264	220
264	221
264	227
264	228
264	242
264	244
264	257
264	258
264	260
264	265
264	267
264	278
264	280
264	282
264	285
264	292
264	293
264	294
264	763
265	198
265	205
265	207
265	214
265	224
265	228
265	240
265	251
265	253
265	264
265	269
265	270
265	273
265	279
265	283
265	284
265	285
265	289
265	296
265	297
265	739
265	742
265	763
265	818
265	915
266	81
266	155
266	183
266	189
266	202
266	204
266	216
266	219
266	220
266	234
266	235
266	236
266	241
266	243
266	258
266	263
266	271
266	274
266	287
266	288
266	289
266	290
266	291
266	295
266	366
266	801
266	883
267	191
267	201
267	217
267	219
267	242
267	244
267	246
267	251
267	252
267	259
267	262
267	264
267	273
267	274
267	278
267	283
267	286
267	291
267	292
267	293
267	294
267	296
267	405
267	510
267	762
267	782
267	994
268	23
268	156
268	196
268	212
268	213
268	221
268	227
268	232
268	239
268	245
268	248
268	249
268	253
268	259
268	275
268	276
268	277
268	279
268	280
268	281
268	284
268	287
268	296
268	297
268	480
268	568
268	682
268	760
269	5
269	180
269	194
269	205
269	212
269	218
269	222
269	229
269	238
269	240
269	248
269	253
269	260
269	265
269	270
269	274
269	275
269	276
269	281
269	285
269	287
269	293
269	296
269	423
269	576
269	664
269	762
269	766
270	144
270	155
270	194
270	196
270	207
270	208
270	215
270	216
270	223
270	226
270	229
270	247
270	249
270	252
270	265
270	269
270	274
270	279
270	280
270	281
270	283
270	284
270	285
270	297
270	469
270	615
270	745
270	808
271	169
271	175
271	178
271	179
271	185
271	189
271	199
271	222
271	225
271	241
271	243
271	254
271	255
271	258
271	260
271	263
271	266
271	272
271	285
271	288
271	289
271	290
271	293
271	295
271	455
271	630
271	769
271	818
272	154
272	190
272	202
272	216
272	222
272	225
272	227
272	235
272	241
272	243
272	254
272	255
272	258
272	259
272	263
272	271
272	273
272	288
272	289
272	290
272	292
272	295
272	296
272	297
272	531
272	670
272	708
272	861
272	976
273	41
273	97
273	163
273	182
273	185
273	195
273	210
273	217
273	218
273	221
273	229
273	238
273	242
273	247
273	251
273	259
273	265
273	267
273	272
273	275
273	280
273	282
273	286
273	292
273	293
273	294
273	659
273	768
273	943
274	100
274	112
274	123
274	180
274	189
274	190
274	194
274	196
274	198
274	200
274	215
274	222
274	229
274	232
274	237
274	245
274	266
274	267
274	269
274	270
274	277
274	279
274	283
274	285
274	292
274	296
274	297
274	317
274	846
274	986
275	14
275	187
275	191
275	197
275	205
275	209
275	212
275	215
275	218
275	230
275	240
275	245
275	248
275	249
275	258
275	261
275	268
275	269
275	273
275	276
275	277
275	278
275	281
275	282
275	285
275	297
275	384
275	503
275	535
275	974
275	996
276	29
276	177
276	180
276	196
276	208
276	218
276	229
276	232
276	248
276	249
276	268
276	269
276	275
276	277
276	279
276	282
276	283
276	284
276	285
276	286
276	292
276	294
276	295
276	296
276	297
276	430
276	555
276	636
276	684
276	714
276	933
277	57
277	139
277	161
277	191
277	194
277	203
277	204
277	209
277	215
277	224
277	225
277	229
277	230
277	240
277	246
277	251
277	253
277	257
277	268
277	274
277	275
277	276
277	278
277	279
277	283
277	285
277	293
277	296
277	297
277	367
277	433
277	990
278	51
278	193
278	214
278	219
278	228
278	233
278	236
278	237
278	238
278	244
278	245
278	252
278	257
278	261
278	262
278	264
278	267
278	275
278	277
278	279
278	281
278	284
278	286
278	291
278	293
278	294
278	337
278	388
278	539
278	617
278	711
278	777
279	34
279	166
279	170
279	183
279	202
279	205
279	226
279	229
279	230
279	236
279	239
279	240
279	241
279	243
279	253
279	265
279	268
279	270
279	274
279	276
279	277
279	278
279	281
279	283
279	284
279	285
279	291
279	296
279	297
279	499
279	742
279	992
280	123
280	173
280	176
280	178
280	182
280	186
280	195
280	206
280	209
280	213
280	220
280	221
280	225
280	228
280	233
280	247
280	249
280	250
280	252
280	264
280	268
280	270
280	273
280	282
280	291
280	292
280	293
280	294
280	409
280	478
280	769
280	980
280	989
281	131
281	177
281	192
281	194
281	197
281	198
281	203
281	215
281	220
281	221
281	230
281	232
281	239
281	245
281	251
281	268
281	269
281	270
281	275
281	278
281	279
281	284
281	285
281	286
281	290
281	295
281	297
281	536
281	547
281	838
281	925
281	983
281	986
282	50
282	182
282	184
282	201
282	206
282	210
282	214
282	228
282	229
282	236
282	238
282	241
282	242
282	244
282	247
282	250
282	253
282	256
282	259
282	264
282	273
282	275
282	276
282	280
282	286
282	289
282	291
282	292
282	293
282	297
282	305
282	327
282	479
282	550
282	611
282	641
283	152
283	176
283	183
283	193
283	196
283	197
283	200
283	203
283	212
283	218
283	224
283	226
283	230
283	240
283	253
283	261
283	262
283	265
283	267
283	270
283	274
283	276
283	277
283	279
283	284
283	285
283	289
283	291
283	296
283	297
283	320
283	538
283	551
283	774
283	785
283	967
284	5
284	148
284	177
284	178
284	182
284	197
284	198
284	203
284	207
284	209
284	212
284	223
284	225
284	238
284	239
284	240
284	245
284	248
284	249
284	251
284	265
284	268
284	270
284	276
284	278
284	279
284	281
284	283
284	287
284	289
284	297
284	454
284	455
284	512
284	518
284	778
284	929
285	157
285	177
285	191
285	213
285	223
285	224
285	229
285	238
285	239
285	242
285	249
285	251
285	253
285	256
285	258
285	264
285	265
285	269
285	270
285	271
285	274
285	275
285	276
285	277
285	279
285	281
285	283
285	286
285	293
285	296
285	297
285	524
285	601
285	669
285	778
285	877
285	981
286	27
286	178
286	185
286	188
286	189
286	193
286	194
286	201
286	210
286	214
286	221
286	231
286	240
286	244
286	246
286	250
286	256
286	259
286	260
286	261
286	262
286	263
286	267
286	273
286	276
286	278
286	281
286	282
286	285
286	291
286	293
286	294
286	508
286	588
286	687
286	690
286	753
286	860
286	885
287	167
287	179
287	181
287	183
287	186
287	187
287	189
287	199
287	202
287	204
287	207
287	211
287	216
287	225
287	233
287	234
287	235
287	241
287	243
287	254
287	255
287	257
287	258
287	260
287	263
287	266
287	268
287	269
287	284
287	288
287	289
287	290
287	295
287	387
287	493
287	673
287	790
287	858
287	943
288	67
288	179
288	181
288	183
288	188
288	189
288	200
288	202
288	206
288	211
288	216
288	222
288	225
288	227
288	232
288	233
288	234
288	235
288	242
288	243
288	254
288	255
288	258
288	263
288	266
288	271
288	272
288	287
288	289
288	292
288	293
288	294
288	295
288	456
288	471
288	488
288	735
288	742
288	933
288	936
289	179
289	181
289	183
289	184
289	187
289	188
289	199
289	204
289	211
289	216
289	222
289	225
289	234
289	239
289	241
289	252
289	254
289	255
289	258
289	263
289	265
289	266
289	271
289	272
289	282
289	283
289	284
289	287
289	288
289	290
289	295
289	296
289	482
289	633
289	690
289	733
289	786
289	787
289	830
289	995
290	35
290	59
290	138
290	179
290	187
290	188
290	199
290	202
290	204
290	206
290	211
290	212
290	216
290	222
290	225
290	227
290	234
290	235
290	241
290	246
290	252
290	254
290	255
290	258
290	260
290	263
290	266
290	271
290	272
290	281
290	287
290	289
290	292
290	295
290	296
290	532
290	601
290	603
290	945
290	960
291	57
291	184
291	190
291	193
291	195
291	208
291	214
291	217
291	221
291	224
291	231
291	236
291	237
291	245
291	246
291	247
291	252
291	256
291	257
291	260
291	261
291	262
291	263
291	266
291	267
291	278
291	279
291	280
291	282
291	283
291	286
291	292
291	293
291	294
291	297
291	335
291	347
291	475
291	502
291	625
291	737
291	738
291	781
292	149
292	170
292	184
292	185
292	186
292	192
292	193
292	195
292	206
292	208
292	213
292	217
292	219
292	220
292	221
292	233
292	236
292	238
292	246
292	247
292	249
292	250
292	255
292	256
292	260
292	264
292	267
292	272
292	273
292	274
292	276
292	280
292	282
292	288
292	290
292	291
292	293
292	294
292	295
292	421
292	516
292	521
292	747
292	788
292	922
292	933
293	178
293	195
293	201
293	206
293	217
293	219
293	221
293	231
293	235
293	236
293	237
293	238
293	242
293	246
293	248
293	252
293	253
293	257
293	258
293	259
293	260
293	261
293	264
293	267
293	269
293	271
293	273
293	277
293	278
293	280
293	282
293	285
293	286
293	288
293	291
293	292
293	294
293	313
293	456
293	491
293	504
293	542
293	672
293	741
293	757
293	772
293	790
294	178
294	182
294	184
294	185
294	191
294	193
294	201
294	202
294	210
294	219
294	224
294	228
294	231
294	233
294	236
294	241
294	244
294	246
294	250
294	251
294	252
294	254
294	256
294	257
294	260
294	261
294	263
294	264
294	267
294	273
294	276
294	278
294	280
294	286
294	288
294	291
294	292
294	293
294	357
294	462
294	472
294	493
294	730
294	796
294	824
294	964
294	985
295	21
295	143
295	179
295	181
295	183
295	187
295	189
295	193
295	199
295	202
295	204
295	211
295	216
295	222
295	223
295	225
295	227
295	230
295	234
295	235
295	237
295	241
295	243
295	245
295	254
295	255
295	258
295	263
295	266
295	271
295	272
295	276
295	281
295	287
295	288
295	289
295	290
295	292
295	296
295	499
295	567
295	593
295	646
295	770
295	843
295	870
295	894
296	135
296	152
296	176
296	181
296	190
296	191
296	197
296	200
296	203
296	207
296	209
296	210
296	212
296	213
296	219
296	223
296	226
296	230
296	232
296	239
296	244
296	248
296	249
296	251
296	253
296	262
296	265
296	267
296	268
296	269
296	272
296	274
296	276
296	277
296	279
296	283
296	285
296	289
296	290
296	295
296	297
296	327
296	335
296	439
296	452
296	772
296	857
296	979
296	997
297	116
297	133
297	171
297	180
297	191
297	196
297	198
297	203
297	205
297	207
297	212
297	213
297	215
297	218
297	232
297	236
297	237
297	240
297	242
297	245
297	248
297	251
297	253
297	254
297	258
297	261
297	262
297	265
297	268
297	270
297	272
297	274
297	275
297	276
297	277
297	279
297	281
297	282
297	283
297	284
297	285
297	291
297	296
297	306
297	469
297	512
297	621
297	665
297	758
297	843
298	429
298	463
298	473
298	482
298	485
298	510
298	529
298	539
298	827
298	989
299	318
299	441
299	467
299	485
299	513
299	515
299	518
299	527
299	771
299	845
300	24
300	314
300	501
300	506
300	529
300	531
300	537
300	538
300	541
300	999
301	163
301	213
301	360
301	418
301	419
301	441
301	457
301	513
301	518
301	527
302	354
302	355
302	435
302	456
302	501
302	506
302	531
302	537
302	626
302	668
303	498
303	504
303	516
303	522
303	525
303	534
303	535
303	538
303	631
303	854
304	314
304	498
304	516
304	521
304	522
304	530
304	535
304	538
304	770
304	888
305	282
305	444
305	451
305	476
305	484
305	507
305	516
305	522
305	535
305	782
306	297
306	317
306	458
306	472
306	506
306	517
306	531
306	537
306	541
306	955
307	127
307	384
307	430
307	465
307	499
307	511
307	523
307	526
307	532
307	995
308	45
308	155
308	420
308	465
308	468
308	488
308	519
308	520
308	527
308	536
309	349
309	404
309	474
309	483
309	509
309	510
309	525
309	539
309	974
309	981
310	164
310	261
310	433
310	436
310	457
310	475
310	485
310	500
310	516
310	527
311	335
311	454
311	487
311	488
311	505
311	528
311	533
311	534
311	766
311	870
312	319
312	431
312	449
312	495
312	503
312	515
312	517
312	540
312	658
312	781
313	293
313	398
313	416
313	479
313	489
313	515
313	526
313	534
313	540
313	785
314	300
314	304
314	335
314	452
314	501
314	506
314	531
314	537
314	680
314	788
315	370
315	400
315	505
315	514
315	525
315	528
315	533
315	536
315	786
315	913
316	99
316	361
316	368
316	397
316	433
316	505
316	509
316	525
316	536
316	636
317	274
317	306
317	455
317	506
317	524
317	531
317	532
317	537
317	541
317	996
318	111
318	299
318	360
318	402
318	489
318	512
318	515
318	534
318	540
318	671
319	312
319	363
319	380
319	400
319	475
319	495
319	534
319	540
319	607
319	757
320	283
320	336
320	352
320	439
320	482
320	504
320	508
320	509
320	539
320	724
321	375
321	467
321	474
321	495
321	496
321	515
321	534
321	540
321	643
321	941
322	342
322	401
322	456
322	477
322	516
322	522
322	535
322	538
322	623
322	858
323	427
323	429
323	446
323	452
323	507
323	510
323	529
323	539
323	749
323	754
324	357
324	426
324	434
324	512
324	534
324	535
324	536
324	540
324	642
324	796
325	26
325	412
325	438
325	452
325	471
325	482
325	509
325	529
325	536
325	600
326	141
326	481
326	495
326	503
326	516
326	521
326	522
326	535
326	538
326	796
327	282
327	296
327	333
327	492
327	506
327	517
327	524
327	531
327	535
327	541
328	363
328	374
328	375
328	437
328	461
328	465
328	469
328	526
328	581
328	998
329	339
329	480
329	518
329	520
329	525
329	528
329	530
329	533
329	642
329	790
330	442
330	459
330	462
330	511
330	523
330	526
330	531
330	532
330	653
330	940
331	221
331	395
331	409
331	450
331	472
331	508
331	510
331	513
331	529
331	989
332	364
332	452
332	460
332	476
332	494
332	495
332	512
332	534
332	540
332	651
332	776
333	327
333	377
333	386
333	427
333	449
333	483
333	529
333	532
333	539
333	730
333	940
334	222
334	359
334	446
334	468
334	488
334	496
334	520
334	525
334	532
334	533
334	779
335	53
335	291
335	296
335	311
335	314
335	414
335	491
335	517
335	524
335	531
335	541
336	72
336	320
336	386
336	449
336	483
336	510
336	519
336	528
336	529
336	539
336	757
337	242
337	278
337	475
337	490
337	494
337	512
337	515
337	522
337	530
337	534
337	540
338	366
338	440
338	453
338	467
338	476
338	513
338	518
338	527
338	537
338	773
338	966
339	329
339	415
339	492
339	502
339	510
339	520
339	524
339	537
339	541
339	897
339	953
340	79
340	478
340	492
340	493
340	519
340	520
340	530
340	533
340	536
340	539
340	632
341	74
341	357
341	398
341	400
341	402
341	495
341	519
341	526
341	534
341	540
341	976
342	179
342	322
342	360
342	383
342	406
342	485
342	491
342	514
342	519
342	536
342	770
343	394
343	406
343	426
343	448
343	454
343	468
343	514
343	530
343	536
343	751
343	900
344	358
344	404
344	419
344	473
344	482
344	496
344	517
344	524
344	541
344	773
344	938
345	476
345	479
345	504
345	507
345	519
345	521
345	529
345	535
345	538
345	717
345	956
346	10
346	371
346	390
346	428
346	445
346	511
346	519
346	523
346	526
346	532
346	765
347	49
347	291
347	352
347	377
347	463
347	466
347	472
347	482
347	494
347	529
347	774
348	122
348	349
348	462
348	471
348	498
348	507
348	521
348	522
348	535
348	538
348	933
349	309
349	348
349	412
349	417
349	427
349	450
349	510
349	520
349	526
349	585
349	798
350	83
350	381
350	410
350	441
350	457
350	463
350	467
350	470
350	518
350	527
350	619
351	376
351	410
351	457
351	485
351	492
351	498
351	500
351	513
351	518
351	641
351	675
352	320
352	347
352	450
352	453
352	463
352	474
352	489
352	510
352	539
352	755
352	888
353	145
353	363
353	372
353	378
353	383
353	384
353	504
353	519
353	530
353	536
353	542
354	222
354	302
354	446
354	487
354	504
354	519
354	528
354	530
354	533
354	580
354	772
355	302
355	403
355	484
355	490
355	501
355	517
355	531
355	537
355	541
355	908
355	953
356	365
356	386
356	412
356	427
356	431
356	450
356	482
356	510
356	525
356	694
356	821
357	294
357	324
357	341
357	377
357	426
357	429
357	434
357	490
357	503
357	540
357	803
358	249
358	344
358	367
358	382
358	498
358	502
358	517
358	524
358	537
358	541
358	701
359	7
359	80
359	334
359	397
359	430
359	468
359	488
359	493
359	528
359	533
359	540
360	114
360	301
360	318
360	342
360	395
360	412
360	424
360	432
360	444
360	509
360	529
360	726
361	316
361	424
361	466
361	478
361	484
361	519
361	520
361	533
361	536
361	759
361	873
361	936
362	82
362	112
362	399
362	405
362	428
362	464
362	465
362	475
362	488
362	511
362	523
362	994
363	319
363	328
363	353
363	442
363	465
363	497
363	522
363	523
363	526
363	532
363	919
363	954
364	332
364	380
364	402
364	405
364	431
364	477
364	490
364	494
364	515
364	534
364	748
364	936
365	117
365	356
365	400
365	417
365	449
365	472
365	474
365	508
365	518
365	529
365	657
365	741
366	266
366	338
366	460
366	484
366	489
366	494
366	495
366	512
366	519
366	534
366	540
366	650
367	277
367	358
367	387
367	420
367	428
367	436
367	445
367	462
367	473
367	532
367	657
367	941
368	316
368	378
368	384
368	470
368	514
368	519
368	520
368	521
368	525
368	615
368	805
368	891
369	105
369	393
369	446
369	486
369	491
369	505
369	519
369	521
369	533
369	536
369	539
369	718
370	132
370	315
370	390
370	396
370	451
370	462
370	469
370	497
370	525
370	526
370	532
370	753
371	112
371	346
371	488
371	504
371	507
371	521
371	522
371	535
371	536
371	538
371	785
371	972
372	137
372	353
372	387
372	421
372	478
372	480
372	494
372	514
372	528
372	533
372	726
372	797
373	388
373	433
373	440
373	441
373	465
373	513
373	518
373	526
373	527
373	593
373	762
373	879
374	328
374	387
374	399
374	428
374	462
374	499
374	500
374	511
374	517
374	530
374	683
374	688
375	321
375	328
375	422
375	432
375	494
375	496
375	503
375	515
375	534
375	540
375	768
375	775
376	94
376	137
376	351
376	379
376	457
376	470
376	485
376	498
376	502
376	511
376	518
376	527
377	333
377	347
377	357
377	432
377	439
377	444
377	447
377	452
377	510
377	533
377	539
377	599
377	881
378	353
378	368
378	384
378	491
378	493
378	497
378	505
378	536
378	539
378	541
378	725
378	767
378	920
379	376
379	400
379	411
379	418
379	436
379	453
379	454
379	513
379	514
379	518
379	527
379	806
379	859
380	120
380	166
380	319
380	364
380	484
380	492
380	501
380	506
380	524
380	531
380	537
380	541
380	953
381	75
381	245
381	350
381	399
381	476
381	477
381	479
381	504
381	516
381	521
381	535
381	538
381	967
382	82
382	358
382	424
382	437
382	453
382	464
382	484
382	501
382	531
382	537
382	541
382	578
382	589
383	342
383	353
383	445
383	454
383	488
383	490
383	514
383	516
383	530
383	533
383	536
383	697
383	865
384	275
384	307
384	353
384	368
384	378
384	421
384	457
384	463
384	478
384	486
384	528
384	536
384	614
385	253
385	399
385	405
385	442
385	465
385	498
385	499
385	523
385	526
385	532
385	535
385	705
385	765
386	134
386	333
386	336
386	356
386	446
386	450
386	510
386	517
386	529
386	536
386	539
386	868
386	941
387	158
387	287
387	367
387	372
387	374
387	459
387	461
387	462
387	464
387	496
387	526
387	532
387	679
388	36
388	278
388	373
388	403
388	410
388	411
388	417
388	433
388	440
388	467
388	470
388	489
388	500
389	437
389	471
389	482
389	492
389	501
389	503
389	517
389	524
389	531
389	537
389	541
389	785
389	922
390	42
390	346
390	370
390	473
390	497
390	498
390	499
390	506
390	523
390	526
390	528
390	532
390	687
391	441
391	476
391	477
391	501
391	504
391	516
391	521
391	529
391	535
391	538
391	680
391	746
391	783
392	187
392	422
392	434
392	450
392	475
392	490
392	493
392	496
392	503
392	512
392	534
392	544
392	949
393	369
393	468
393	506
393	519
393	524
393	525
393	528
393	532
393	533
393	536
393	736
393	752
393	761
394	1
394	240
394	343
394	421
394	480
394	494
394	505
394	514
394	525
394	530
394	535
394	536
394	614
395	51
395	331
395	360
395	427
395	439
395	447
395	449
395	474
395	480
395	509
395	534
395	718
395	764
396	370
396	412
396	443
396	459
396	469
396	497
396	499
396	511
396	523
396	532
396	541
396	779
396	993
397	316
397	359
397	486
397	487
397	513
397	519
397	520
397	525
397	528
397	531
397	534
397	775
397	777
397	988
398	36
398	313
398	341
398	422
398	460
398	494
398	496
398	503
398	512
398	515
398	519
398	541
398	797
398	965
399	362
399	374
399	381
399	385
399	408
399	497
399	499
399	511
399	524
399	526
399	532
399	552
399	732
399	777
400	315
400	319
400	341
400	365
400	379
400	431
400	458
400	475
400	490
400	495
400	540
400	739
400	938
400	968
401	139
401	322
401	415
401	483
401	498
401	507
401	516
401	521
401	522
401	535
401	538
401	539
401	955
401	993
402	318
402	341
402	364
402	434
402	487
402	488
402	489
402	490
402	496
402	515
402	516
402	540
402	814
402	952
403	128
403	355
403	388
403	432
403	436
403	440
403	441
403	453
403	511
403	513
403	518
403	527
403	715
403	780
404	121
404	152
404	309
404	344
404	414
404	464
404	466
404	471
404	484
404	492
404	502
404	537
404	541
404	951
405	267
405	362
405	364
405	385
405	428
405	441
405	462
405	473
405	493
405	497
405	499
405	511
405	731
405	885
406	342
406	343
406	419
406	491
406	493
406	504
406	520
406	525
406	533
406	536
406	540
406	667
406	672
406	977
407	238
407	413
407	421
407	442
407	498
407	507
407	514
407	516
407	521
407	522
407	535
407	538
407	793
407	916
408	40
408	131
408	399
408	430
408	481
408	497
408	504
408	516
408	521
408	522
408	525
408	535
408	538
408	982
409	31
409	159
409	280
409	331
409	445
409	454
409	480
409	487
409	491
409	505
409	511
409	519
409	520
409	525
409	528
410	33
410	171
410	350
410	351
410	388
410	414
410	436
410	453
410	467
410	479
410	485
410	489
410	518
410	527
410	976
411	379
411	388
411	418
411	453
411	457
411	467
411	471
411	500
411	518
411	527
411	533
411	534
411	677
411	763
411	815
412	325
412	349
412	356
412	360
412	396
412	419
412	474
412	491
412	508
412	510
412	529
412	539
412	735
412	741
412	950
413	99
413	156
413	407
413	448
413	451
413	479
413	504
413	507
413	521
413	522
413	527
413	531
413	535
413	538
413	957
414	153
414	335
414	404
414	410
414	486
414	492
414	501
414	502
414	517
414	524
414	530
414	537
414	541
414	816
414	917
415	73
415	339
415	401
415	425
415	484
415	492
415	512
415	517
415	524
415	531
415	537
415	540
415	541
415	679
415	783
416	114
416	313
416	434
416	458
416	481
416	495
416	496
416	503
416	512
416	531
416	534
416	536
416	540
416	826
416	992
417	349
417	365
417	388
417	439
417	447
417	449
417	483
417	491
417	508
417	529
417	538
417	539
417	566
417	798
417	929
418	254
418	301
418	379
418	411
418	440
418	453
418	470
418	479
418	480
418	513
418	518
418	527
418	528
418	675
418	733
419	37
419	106
419	301
419	344
419	406
419	412
419	456
419	471
419	506
419	517
419	524
419	531
419	537
419	541
419	694
420	308
420	367
420	421
420	455
420	486
420	488
420	519
420	528
420	529
420	530
420	532
420	533
420	607
420	767
420	956
421	12
421	292
421	372
421	384
421	394
421	407
421	420
421	487
421	488
421	502
421	514
421	524
421	530
421	536
421	700
422	159
422	375
422	392
422	398
422	428
422	459
422	460
422	483
422	494
422	495
422	515
422	534
422	540
422	839
422	981
423	269
423	433
423	436
423	440
423	453
423	470
423	481
423	493
423	500
423	501
423	513
423	518
423	527
423	653
423	874
424	360
424	361
424	382
424	429
424	432
424	444
424	447
424	452
424	463
424	472
424	533
424	539
424	706
424	740
424	917
425	175
425	415
425	456
425	492
425	502
425	506
425	515
425	517
425	524
425	527
425	531
425	537
425	539
425	541
425	598
425	732
426	110
426	324
426	343
426	357
426	429
426	458
426	475
426	489
426	490
426	495
426	496
426	503
426	515
426	522
426	792
426	910
427	323
427	333
427	349
427	356
427	395
427	429
427	438
427	482
427	501
427	508
427	509
427	512
427	525
427	730
427	829
427	980
428	181
428	346
428	362
428	367
428	374
428	405
428	422
428	461
428	469
428	499
428	510
428	515
428	523
428	526
428	628
428	676
429	245
429	298
429	323
429	357
429	424
429	426
429	427
429	438
429	452
429	472
429	482
429	529
429	537
429	539
429	747
429	898
430	203
430	276
430	307
430	359
430	408
430	448
430	451
430	466
430	477
430	498
430	504
430	521
430	531
430	535
430	538
430	990
431	312
431	356
431	364
431	400
431	458
431	482
431	489
431	495
431	501
431	503
431	515
431	534
431	540
431	591
431	928
431	975
432	31
432	360
432	375
432	377
432	403
432	424
432	463
432	472
432	474
432	482
432	489
432	509
432	529
432	539
432	733
432	740
433	277
433	310
433	316
433	373
433	388
433	423
433	434
433	441
433	485
433	500
433	513
433	527
433	528
433	530
433	940
433	969
434	135
434	260
434	324
434	357
434	392
434	402
434	416
434	433
434	449
434	474
434	475
434	494
434	515
434	540
434	894
434	971
435	124
435	262
435	302
435	447
435	455
435	478
435	491
435	493
435	513
435	514
435	515
435	520
435	525
435	533
435	536
435	685
436	100
436	310
436	367
436	379
436	403
436	410
436	423
436	448
436	467
436	485
436	500
436	505
436	513
436	518
436	527
436	691
436	899
437	173
437	328
437	382
437	389
437	456
437	471
437	506
437	507
437	517
437	524
437	531
437	535
437	537
437	541
437	762
437	863
437	998
438	325
438	427
438	429
438	440
438	444
438	447
438	478
438	483
438	490
438	509
438	510
438	529
438	539
438	541
438	543
438	710
438	746
439	17
439	38
439	296
439	320
439	377
439	395
439	417
439	444
439	454
439	464
439	474
439	482
439	508
439	510
439	523
439	539
439	979
440	63
440	338
440	373
440	388
440	403
440	418
440	423
440	438
440	444
440	465
440	470
440	500
440	513
440	518
440	527
440	613
440	954
441	54
441	126
441	299
441	301
441	350
441	373
441	391
441	403
441	405
441	433
441	467
441	470
441	500
441	505
441	513
441	527
441	893
442	87
442	330
442	363
442	385
442	407
442	461
442	465
442	499
442	509
442	523
442	526
442	532
442	536
442	538
442	669
442	779
442	996
443	159
443	396
443	451
443	464
443	469
443	472
443	473
443	497
443	499
443	506
443	511
443	523
443	526
443	532
443	559
443	810
443	896
444	95
444	166
444	305
444	360
444	377
444	424
444	438
444	439
444	440
444	447
444	450
444	468
444	472
444	508
444	529
444	539
444	776
444	960
445	346
445	367
445	383
445	409
445	458
445	464
445	469
445	493
445	497
445	499
445	511
445	523
445	526
445	532
445	820
445	826
445	894
445	925
446	111
446	323
446	334
446	354
446	369
446	386
446	454
446	466
446	478
446	486
446	491
446	493
446	519
446	529
446	533
446	540
446	729
446	758
447	140
447	377
447	395
447	417
447	424
447	435
447	438
447	444
447	463
447	499
447	508
447	509
447	523
447	529
447	539
447	541
447	625
447	758
448	258
448	343
448	413
448	430
448	436
448	451
448	477
448	479
448	485
448	498
448	516
448	521
448	522
448	535
448	538
448	574
448	680
448	882
449	34
449	179
449	312
449	333
449	336
449	365
449	395
449	417
449	434
449	463
449	482
449	483
449	496
449	501
449	508
449	539
449	721
449	904
450	331
450	349
450	352
450	356
450	386
450	392
450	444
450	483
450	508
450	509
450	510
450	530
450	539
450	541
450	598
450	742
450	923
450	1000
451	6
451	168
451	305
451	370
451	413
451	430
451	443
451	448
451	474
451	481
451	498
451	504
451	507
451	516
451	522
451	535
451	538
451	782
451	902
452	62
452	296
452	314
452	323
452	325
452	332
452	377
452	424
452	429
452	463
452	474
452	479
452	483
452	509
452	510
452	529
452	538
452	539
452	976
453	89
453	158
453	338
453	352
453	379
453	382
453	403
453	410
453	411
453	418
453	423
453	454
453	470
453	485
453	513
453	518
453	527
453	723
453	883
454	172
454	284
454	311
454	343
454	379
454	383
454	409
454	439
454	446
454	453
454	455
454	466
454	486
454	491
454	505
454	514
454	536
454	782
454	849
455	25
455	271
455	284
455	317
455	420
455	435
455	454
455	466
455	477
455	484
455	488
455	491
455	493
455	514
455	525
455	528
455	533
455	536
455	576
456	288
456	293
456	302
456	322
456	419
456	425
456	437
456	476
456	484
456	492
456	502
456	506
456	515
456	516
456	524
456	531
456	537
456	541
456	703
457	160
457	258
457	301
457	310
457	350
457	351
457	376
457	384
457	411
457	467
457	472
457	485
457	500
457	503
457	513
457	518
457	522
457	527
457	968
458	174
458	306
458	400
458	416
458	426
458	431
458	445
458	460
458	490
458	495
458	500
458	512
458	515
458	518
458	534
458	540
458	714
458	772
458	904
459	176
459	330
459	387
459	396
459	422
459	465
459	473
459	496
459	497
459	499
459	508
459	511
459	523
459	526
459	532
459	541
459	790
459	966
459	989
460	129
460	134
460	263
460	332
460	366
460	398
460	422
460	458
460	473
460	490
460	494
460	496
460	502
460	503
460	512
460	523
460	534
460	537
460	540
460	969
461	146
461	157
461	328
461	387
461	428
461	442
461	462
461	465
461	473
461	481
461	497
461	509
461	511
461	522
461	523
461	526
461	532
461	539
461	789
461	981
462	294
462	330
462	348
462	367
462	370
462	374
462	387
462	405
462	461
462	464
462	469
462	473
462	517
462	521
462	522
462	523
462	532
462	671
462	786
462	968
463	298
463	347
463	350
463	352
463	384
463	424
463	432
463	447
463	449
463	452
463	472
463	476
463	510
463	513
463	529
463	539
463	612
463	673
463	674
463	684
464	144
464	165
464	362
464	382
464	387
464	404
464	439
464	443
464	445
464	462
464	465
464	469
464	473
464	499
464	523
464	526
464	527
464	532
464	696
464	984
465	69
465	148
465	205
465	307
465	308
465	328
465	362
465	363
465	373
465	385
465	440
465	442
465	459
465	461
465	464
465	486
465	497
465	511
465	523
465	532
465	769
466	169
466	347
466	361
466	404
466	430
466	446
466	454
466	455
466	480
466	486
466	504
466	514
466	520
466	525
466	528
466	530
466	533
466	536
466	630
466	771
466	874
467	101
467	154
467	239
467	249
467	299
467	321
467	338
467	350
467	388
467	410
467	411
467	436
467	441
467	457
467	488
467	492
467	500
467	513
467	525
467	527
467	804
468	120
468	308
468	334
468	343
468	359
468	393
468	444
468	480
468	486
468	489
468	518
468	519
468	520
468	525
468	528
468	529
468	530
468	533
468	546
468	919
468	970
469	270
469	297
469	328
469	370
469	396
469	428
469	443
469	445
469	462
469	464
469	473
469	474
469	495
469	511
469	513
469	523
469	526
469	527
469	532
469	689
469	964
470	8
470	350
470	368
470	376
470	388
470	418
470	423
470	440
470	441
470	453
470	485
470	488
470	497
470	500
470	518
470	523
470	527
470	634
470	649
470	660
470	934
471	186
471	288
471	325
471	348
471	389
471	404
471	411
471	419
471	437
471	484
471	501
471	502
471	506
471	517
471	523
471	524
471	531
471	537
471	541
471	882
471	986
472	294
472	306
472	331
472	347
472	365
472	424
472	429
472	432
472	443
472	444
472	457
472	463
472	482
472	483
472	494
472	508
472	509
472	539
472	687
472	747
472	794
472	990
473	38
473	298
473	344
473	367
473	390
473	405
473	443
473	459
473	460
473	461
473	462
473	464
473	469
473	503
473	511
473	523
473	526
473	532
473	537
473	734
473	767
473	997
474	309
474	321
474	352
474	365
474	395
474	412
474	432
474	434
474	439
474	451
474	452
474	469
474	508
474	509
474	510
474	529
474	534
474	539
474	567
474	721
474	787
474	947
475	153
475	291
475	310
475	319
475	337
475	362
475	392
475	400
475	426
475	434
475	489
475	494
475	501
475	503
475	507
475	512
475	513
475	515
475	534
475	540
475	755
475	898
476	250
476	305
476	332
476	338
476	345
476	381
476	391
476	456
476	463
476	477
476	479
476	481
476	498
476	504
476	507
476	516
476	521
476	522
476	538
476	798
476	895
476	904
477	322
477	364
477	381
477	391
477	430
477	448
477	455
477	476
477	481
477	498
477	507
477	521
477	522
477	523
477	526
477	534
477	535
477	538
477	579
477	695
477	776
477	794
477	836
478	280
478	340
478	361
478	372
478	384
478	435
478	438
478	446
478	487
478	491
478	505
478	514
478	519
478	520
478	522
478	530
478	532
478	533
478	536
478	702
478	783
478	793
478	910
479	162
479	282
479	313
479	345
479	381
479	410
479	413
479	418
479	448
479	452
479	476
479	481
479	498
479	507
479	516
479	521
479	522
479	526
479	535
479	538
479	627
479	781
479	973
480	14
480	268
480	329
480	372
480	394
480	395
480	409
480	418
480	466
480	468
480	493
480	505
480	514
480	520
480	521
480	525
480	527
480	528
480	530
480	535
480	536
480	719
480	779
481	43
481	326
481	408
481	416
481	423
481	451
481	461
481	476
481	477
481	479
481	491
481	498
481	504
481	507
481	508
481	516
481	521
481	522
481	535
481	538
481	616
481	750
481	769
481	947
482	289
482	298
482	320
482	325
482	344
482	347
482	356
482	389
482	427
482	429
482	431
482	432
482	439
482	449
482	472
482	483
482	508
482	509
482	533
482	539
482	540
482	681
482	754
482	868
483	29
483	309
483	333
483	336
483	401
483	417
483	422
483	438
483	449
483	450
483	452
483	472
483	482
483	508
483	509
483	520
483	524
483	529
483	533
483	539
483	569
483	728
483	803
483	877
484	16
484	55
484	128
484	158
484	305
484	355
484	361
484	366
484	380
484	382
484	404
484	415
484	455
484	456
484	471
484	492
484	502
484	510
484	517
484	524
484	531
484	537
484	541
484	767
485	150
485	193
485	298
485	299
485	310
485	342
485	351
485	376
485	410
485	433
485	436
485	448
485	453
485	457
485	470
485	493
485	500
485	513
485	518
485	527
485	529
485	761
485	777
485	965
486	369
486	384
486	397
486	414
486	420
486	446
486	454
486	465
486	466
486	468
486	487
486	493
486	500
486	509
486	519
486	522
486	528
486	530
486	536
486	737
486	765
486	808
486	965
486	993
487	311
487	354
487	397
487	402
487	409
487	421
487	478
487	486
487	488
487	491
487	493
487	505
487	516
487	517
487	520
487	523
487	524
487	525
487	530
487	707
487	909
487	962
487	975
487	1000
488	93
488	288
488	308
488	311
488	334
488	359
488	362
488	371
488	383
488	402
488	420
488	421
488	455
488	467
488	470
488	487
488	505
488	514
488	519
488	520
488	530
488	536
488	596
488	784
488	948
489	50
489	313
489	318
489	352
489	366
489	388
489	402
489	410
489	426
489	431
489	432
489	468
489	475
489	490
489	495
489	496
489	503
489	512
489	515
489	517
489	534
489	540
489	650
489	795
489	981
489	991
490	70
490	337
490	355
490	357
490	364
490	383
490	392
490	400
490	402
490	426
490	438
490	458
490	460
490	489
490	494
490	496
490	512
490	515
490	521
490	527
490	534
490	540
490	597
490	664
490	793
490	990
491	155
491	293
491	335
491	342
491	369
491	378
491	406
491	409
491	412
491	417
491	435
491	446
491	454
491	455
491	478
491	481
491	487
491	492
491	493
491	514
491	520
491	528
491	530
491	609
491	793
491	998
492	254
492	327
492	339
492	340
492	351
492	380
492	389
492	404
492	414
492	415
492	425
492	456
492	467
492	484
492	491
492	502
492	517
492	524
492	531
492	537
492	538
492	541
492	749
492	932
492	935
492	979
493	287
493	294
493	340
493	359
493	378
493	392
493	405
493	406
493	423
493	435
493	445
493	446
493	455
493	480
493	485
493	486
493	487
493	491
493	499
493	514
493	520
493	525
493	530
493	533
493	647
493	728
493	915
494	154
494	172
494	228
494	332
494	337
494	347
494	364
494	366
494	372
494	375
494	394
494	398
494	422
494	434
494	460
494	472
494	475
494	490
494	495
494	503
494	512
494	515
494	534
494	540
494	541
494	749
494	753
495	35
495	39
495	76
495	172
495	312
495	319
495	321
495	326
495	332
495	341
495	366
495	400
495	416
495	422
495	426
495	431
495	458
495	469
495	489
495	494
495	496
495	502
495	503
495	511
495	520
495	540
495	986
496	165
496	192
496	235
496	321
496	334
496	344
496	375
496	387
496	392
496	398
496	402
496	416
496	426
496	449
496	459
496	460
496	489
496	490
496	495
496	503
496	512
496	515
496	534
496	540
496	601
496	785
496	792
497	151
497	175
497	233
497	363
497	370
497	378
497	390
497	396
497	399
497	405
497	408
497	443
497	445
497	459
497	461
497	465
497	470
497	506
497	511
497	519
497	523
497	526
497	532
497	538
497	565
497	841
497	957
498	234
498	303
498	304
498	348
498	351
498	358
498	376
498	385
498	390
498	401
498	407
498	430
498	448
498	451
498	476
498	477
498	479
498	481
498	507
498	516
498	521
498	535
498	538
498	639
498	677
498	884
498	891
499	172
499	279
499	295
499	307
499	374
499	385
499	390
499	396
499	399
499	405
499	428
499	442
499	443
499	445
499	447
499	459
499	464
499	493
499	500
499	503
499	523
499	526
499	532
499	536
499	538
499	831
499	955
500	233
500	310
500	351
500	374
500	388
500	411
500	423
500	433
500	436
500	440
500	441
500	457
500	458
500	467
500	470
500	485
500	486
500	499
500	513
500	518
500	527
500	536
500	539
500	784
500	794
500	828
500	914
501	136
501	241
501	300
501	302
501	314
501	355
501	380
501	382
501	389
501	391
501	414
501	423
501	427
501	431
501	449
501	471
501	475
501	502
501	506
501	517
501	524
501	531
501	537
501	541
501	675
501	745
501	954
501	997
502	39
502	168
502	291
502	339
502	358
502	376
502	404
502	414
502	421
502	425
502	456
502	460
502	471
502	484
502	492
502	495
502	501
502	506
502	514
502	517
502	524
502	531
502	533
502	537
502	541
502	700
502	792
502	978
503	275
503	312
503	326
503	357
503	375
503	389
503	392
503	398
503	416
503	426
503	431
503	457
503	460
503	473
503	475
503	489
503	494
503	495
503	496
503	499
503	512
503	520
503	534
503	540
503	545
503	581
503	825
503	913
503	995
504	126
504	293
504	303
504	320
504	345
504	353
504	354
504	371
504	381
504	391
504	406
504	408
504	413
504	430
504	451
504	466
504	476
504	481
504	507
504	516
504	521
504	522
504	535
504	538
504	540
504	844
504	921
504	999
504	1000
505	13
505	89
505	237
505	311
505	315
505	316
505	369
505	378
505	394
505	409
505	436
505	441
505	454
505	478
505	480
505	487
505	488
505	510
505	518
505	520
505	525
505	528
505	529
505	530
505	533
505	540
505	629
505	780
505	918
506	3
506	107
506	122
506	155
506	300
506	302
506	306
506	314
506	317
506	327
506	380
506	390
506	393
506	419
506	425
506	437
506	443
506	456
506	471
506	497
506	501
506	502
506	518
506	524
506	531
506	536
506	537
506	541
506	612
506	780
507	17
507	205
507	305
507	323
507	345
507	348
507	371
507	401
507	407
507	413
507	437
507	451
507	475
507	476
507	477
507	479
507	481
507	498
507	504
507	509
507	521
507	522
507	528
507	534
507	535
507	538
507	759
507	796
507	960
507	982
508	143
508	160
508	286
508	320
508	331
508	365
508	412
508	417
508	427
508	439
508	444
508	447
508	449
508	450
508	459
508	472
508	474
508	481
508	482
508	483
508	509
508	521
508	524
508	526
508	529
508	535
508	539
508	738
508	776
508	992
509	22
509	159
509	309
509	316
509	320
509	325
509	360
509	395
509	427
509	432
509	438
509	442
509	447
509	450
509	452
509	461
509	472
509	474
509	482
509	483
509	486
509	507
509	508
509	511
509	529
509	539
509	692
509	788
509	797
509	957
510	161
510	267
510	298
510	309
510	323
510	331
510	336
510	339
510	349
510	352
510	356
510	377
510	386
510	412
510	428
510	438
510	439
510	450
510	452
510	463
510	474
510	484
510	505
510	529
510	530
510	539
510	541
510	547
510	692
510	790
510	969
511	65
511	204
511	307
511	330
511	346
511	362
511	374
511	376
511	396
511	399
511	403
511	405
511	409
511	443
511	445
511	459
511	461
511	465
511	469
511	473
511	495
511	497
511	509
511	514
511	523
511	526
511	532
511	712
511	804
511	821
511	842
511	905
512	29
512	284
512	297
512	318
512	324
512	332
512	337
512	366
512	392
512	398
512	415
512	416
512	427
512	458
512	460
512	475
512	489
512	490
512	494
512	496
512	503
512	515
512	516
512	524
512	527
512	534
512	537
512	540
512	605
512	748
512	972
512	982
513	122
513	165
513	299
513	301
513	331
513	338
513	351
513	373
513	379
513	397
513	403
513	418
513	423
513	433
513	435
513	436
513	440
513	441
513	453
513	457
513	463
513	467
513	469
513	475
513	485
513	500
513	518
513	527
513	692
513	693
513	727
513	834
513	949
514	246
514	315
514	342
514	343
514	368
514	372
514	379
514	383
514	394
514	407
514	421
514	435
514	454
514	455
514	466
514	478
514	480
514	488
514	491
514	493
514	502
514	511
514	519
514	525
514	528
514	531
514	532
514	533
514	540
514	621
514	622
514	727
514	737
514	794
515	79
515	299
515	312
515	313
515	318
515	321
515	337
515	364
515	375
515	398
515	402
515	422
515	425
515	426
515	428
515	431
515	434
515	435
515	456
515	458
515	475
515	489
515	490
515	494
515	496
515	512
515	519
515	529
515	534
515	569
515	592
515	775
515	855
515	946
515	990
516	111
516	114
516	197
516	292
516	303
516	304
516	305
516	310
516	322
516	326
516	381
516	383
516	391
516	401
516	402
516	407
516	408
516	448
516	451
516	456
516	476
516	479
516	481
516	487
516	498
516	504
516	512
516	521
516	522
516	533
516	535
516	538
516	689
516	718
516	956
516	987
517	306
517	312
517	327
517	335
517	344
517	355
517	358
517	374
517	386
517	389
517	414
517	415
517	419
517	425
517	437
517	462
517	471
517	484
517	487
517	489
517	492
517	501
517	502
517	520
517	524
517	531
517	534
517	537
517	541
517	620
517	667
517	736
517	849
517	982
517	987
517	995
518	85
518	232
518	284
518	299
518	301
518	329
518	338
518	350
518	351
518	365
518	373
518	376
518	379
518	403
518	410
518	411
518	418
518	423
518	436
518	440
518	453
518	457
518	458
518	468
518	470
518	485
518	500
518	505
518	506
518	513
518	527
518	528
518	725
518	756
518	942
518	987
518	998
519	95
519	308
519	336
519	340
519	341
519	342
519	345
519	346
519	353
519	354
519	361
519	366
519	368
519	369
519	393
519	397
519	398
519	409
519	420
519	446
519	468
519	478
519	486
519	488
519	497
519	514
519	515
519	520
519	528
519	530
519	533
519	536
519	763
519	773
519	775
519	777
519	778
519	926
520	226
520	233
520	308
520	329
520	334
520	339
520	340
520	349
520	361
520	368
520	397
520	406
520	409
520	435
520	466
520	468
520	478
520	480
520	483
520	487
520	488
520	491
520	493
520	495
520	503
520	505
520	517
520	519
520	525
520	528
520	530
520	533
520	539
520	583
520	833
520	837
520	964
520	972
521	48
521	189
521	292
521	304
521	326
521	345
521	348
521	368
521	369
521	371
521	381
521	391
521	401
521	407
521	408
521	413
521	430
521	448
521	462
521	476
521	477
521	479
521	480
521	481
521	490
521	498
521	504
521	507
521	508
521	516
521	522
521	530
521	535
521	538
521	584
521	761
521	890
521	916
521	992
522	124
522	140
522	162
522	219
522	303
522	304
522	305
522	322
522	326
522	337
522	348
522	363
522	371
522	401
522	407
522	408
522	413
522	426
522	448
522	451
522	457
522	461
522	462
522	476
522	477
522	478
522	479
522	481
522	486
522	504
522	507
522	516
522	521
522	535
522	538
522	628
522	696
522	849
522	970
523	144
523	170
523	175
523	307
523	330
523	346
523	362
523	363
523	385
523	390
523	396
523	428
523	439
523	442
523	443
523	445
523	447
523	459
523	460
523	461
523	462
523	464
523	465
523	469
523	470
523	471
523	473
523	477
523	487
523	497
523	499
523	511
523	526
523	530
523	532
523	549
523	553
523	725
523	733
524	83
524	119
524	159
524	244
524	285
524	317
524	327
524	335
524	339
524	344
524	358
524	380
524	389
524	393
524	399
524	414
524	415
524	419
524	421
524	425
524	437
524	456
524	471
524	483
524	484
524	487
524	492
524	501
524	502
524	506
524	508
524	512
524	517
524	531
524	533
524	537
524	541
524	786
524	853
524	885
525	163
525	303
525	309
525	315
525	316
525	329
525	334
525	356
525	368
525	370
525	393
525	394
525	397
525	406
525	408
525	409
525	427
525	435
525	455
525	466
525	467
525	468
525	480
525	487
525	493
525	505
525	514
525	520
525	528
525	530
525	533
525	536
525	538
525	640
525	700
525	794
525	798
525	888
525	903
525	978
526	172
526	307
526	313
526	328
526	330
526	341
526	346
526	349
526	363
526	370
526	373
526	385
526	387
526	390
526	399
526	428
526	442
526	443
526	445
526	459
526	461
526	464
526	469
526	473
526	477
526	479
526	497
526	499
526	508
526	511
526	523
526	531
526	532
526	606
526	773
526	775
526	790
526	907
526	940
526	960
527	228
527	240
527	299
527	301
527	308
527	310
527	338
527	350
527	373
527	376
527	379
527	403
527	410
527	411
527	413
527	418
527	423
527	425
527	433
527	436
527	440
527	441
527	453
527	457
527	464
527	467
527	469
527	470
527	480
527	485
527	490
527	500
527	512
527	513
527	518
527	730
527	757
527	760
527	817
527	951
527	983
528	141
528	259
528	311
528	315
528	329
528	336
528	354
528	359
528	372
528	384
528	390
528	393
528	397
528	409
528	418
528	420
528	433
528	455
528	466
528	468
528	480
528	486
528	491
528	505
528	507
528	514
528	518
528	519
528	520
528	525
528	530
528	536
528	537
528	538
528	624
528	712
528	728
528	791
528	917
528	924
528	971
529	298
529	300
529	323
529	325
529	331
529	333
529	336
529	345
529	347
529	360
529	365
529	386
529	391
529	412
529	417
529	420
529	429
529	432
529	438
529	444
529	446
529	447
529	452
529	463
529	468
529	474
529	483
529	485
529	505
529	508
529	509
529	510
529	515
529	539
529	561
529	572
529	654
529	705
529	789
529	886
529	947
529	959
530	164
530	304
530	329
530	337
530	340
530	343
530	353
530	354
530	374
530	383
530	394
530	414
530	420
530	421
530	433
530	450
530	466
530	468
530	478
530	480
530	486
530	487
530	488
530	491
530	493
530	505
530	510
530	519
530	520
530	521
530	523
530	525
530	528
530	533
530	536
530	618
530	744
530	752
530	852
530	965
530	988
530	992
531	200
531	272
531	300
531	302
531	306
531	314
531	317
531	327
531	330
531	335
531	355
531	380
531	382
531	389
531	397
531	413
531	415
531	416
531	419
531	425
531	430
531	437
531	456
531	471
531	484
531	492
531	501
531	502
531	506
531	514
531	517
531	524
531	526
531	535
531	537
531	541
531	652
531	685
531	724
531	758
531	869
531	926
531	966
532	44
532	290
532	307
532	317
532	330
532	333
532	334
532	346
532	363
532	367
532	370
532	385
532	387
532	390
532	393
532	396
532	399
532	420
532	442
532	443
532	445
532	459
532	461
532	462
532	464
532	465
532	469
532	473
532	478
532	497
532	499
532	511
532	514
532	523
532	526
532	537
532	541
532	662
532	699
532	726
532	799
532	907
532	936
532	974
533	250
533	258
533	311
533	315
533	329
533	334
533	340
533	354
533	359
533	361
533	369
533	372
533	377
533	383
533	393
533	406
533	411
533	420
533	424
533	435
533	446
533	455
533	466
533	468
533	478
533	482
533	483
533	493
533	502
533	505
533	514
533	516
533	519
533	520
533	524
533	525
533	530
533	539
533	623
533	639
533	740
533	822
533	951
533	970
534	157
534	170
534	172
534	303
534	311
534	313
534	318
534	319
534	321
534	324
534	332
534	337
534	341
534	364
534	366
534	375
534	392
534	395
534	397
534	411
534	416
534	422
534	431
534	458
534	460
534	474
534	475
534	477
534	489
534	490
534	494
534	496
534	503
534	507
534	512
534	515
534	517
534	540
534	645
534	647
534	698
534	713
534	846
534	861
535	58
535	175
535	275
535	303
535	304
535	305
535	322
535	324
535	326
535	327
535	345
535	348
535	371
535	381
535	385
535	391
535	394
535	401
535	407
535	408
535	413
535	430
535	437
535	448
535	451
535	477
535	479
535	480
535	481
535	498
535	504
535	507
535	508
535	516
535	521
535	522
535	531
535	537
535	538
535	607
535	881
535	890
535	911
535	942
535	967
536	209
536	281
536	308
536	315
536	316
536	324
536	325
536	340
536	342
536	343
536	353
536	361
536	369
536	371
536	378
536	383
536	384
536	386
536	393
536	394
536	406
536	416
536	421
536	435
536	442
536	454
536	455
536	466
536	478
536	480
536	486
536	488
536	499
536	500
536	506
536	519
536	525
536	528
536	530
536	588
536	590
536	627
536	651
536	666
536	702
536	930
537	148
537	154
537	215
537	300
537	302
537	306
537	314
537	317
537	338
537	339
537	355
537	358
537	380
537	382
537	389
537	404
537	414
537	415
537	419
537	425
537	429
537	437
537	456
537	460
537	471
537	473
537	484
537	492
537	501
537	502
537	506
537	512
537	517
537	524
537	528
537	531
537	532
537	535
537	540
537	541
537	638
537	667
537	770
537	896
537	920
537	973
538	116
538	129
538	283
538	300
538	303
538	304
538	322
538	326
538	345
538	348
538	371
538	381
538	391
538	401
538	407
538	408
538	413
538	417
538	430
538	442
538	448
538	451
538	452
538	476
538	477
538	479
538	481
538	492
538	497
538	498
538	499
538	504
538	507
538	516
538	521
538	522
538	525
538	528
538	535
538	678
538	721
538	785
538	915
538	959
538	988
538	990
539	163
539	278
539	298
539	309
539	320
539	323
539	333
539	336
539	340
539	352
539	369
539	377
539	378
539	386
539	401
539	412
539	417
539	424
539	425
539	429
539	432
539	438
539	439
539	444
539	447
539	449
539	450
539	452
539	461
539	463
539	472
539	474
539	482
539	483
539	500
539	508
539	509
539	510
539	520
539	529
539	533
539	683
539	706
539	879
539	890
539	930
539	977
539	996
540	125
540	166
540	312
540	313
540	318
540	319
540	321
540	324
540	332
540	337
540	341
540	357
540	359
540	366
540	375
540	400
540	402
540	406
540	415
540	416
540	422
540	431
540	434
540	446
540	458
540	460
540	475
540	482
540	489
540	490
540	494
540	495
540	496
540	503
540	504
540	505
540	512
540	514
540	534
540	537
540	619
540	632
540	654
540	665
540	782
540	854
540	983
540	985
541	123
541	124
541	218
541	300
541	306
541	317
541	327
541	335
541	339
541	344
541	355
541	358
541	378
541	380
541	382
541	389
541	396
541	398
541	404
541	414
541	415
541	419
541	425
541	437
541	438
541	447
541	450
541	456
541	459
541	471
541	484
541	492
541	494
541	501
541	502
541	506
541	510
541	517
541	524
541	531
541	532
541	537
541	674
541	703
541	748
541	895
541	903
541	941
541	943
542	293
542	353
542	591
542	687
542	735
542	747
542	763
542	766
542	784
542	798
543	438
543	594
543	653
543	742
543	762
543	765
543	767
543	769
543	774
543	910
544	392
544	547
544	636
544	656
544	684
544	703
544	711
544	785
544	797
544	823
545	143
545	503
545	583
545	669
545	680
545	705
545	730
545	732
545	743
545	757
546	58
546	468
546	547
546	744
546	765
546	777
546	786
546	788
546	789
546	798
547	281
547	510
547	544
547	546
547	738
547	748
547	753
547	786
547	788
547	789
548	133
548	673
548	690
548	704
548	764
548	777
548	786
548	788
548	789
548	979
549	523
549	587
549	623
549	707
549	724
549	731
549	738
549	752
549	790
549	802
550	244
550	282
550	599
550	625
550	661
550	685
550	694
550	735
550	757
550	797
551	161
551	283
551	638
551	676
551	696
551	733
551	746
551	785
551	790
551	793
552	164
552	399
552	567
552	572
552	579
552	590
552	627
552	691
552	738
552	752
553	523
553	585
553	586
553	693
553	716
553	732
553	736
553	766
553	787
553	994
554	32
554	604
554	606
554	706
554	730
554	734
554	758
554	773
554	776
554	901
555	107
555	276
555	663
555	717
555	733
555	748
555	772
555	790
555	792
555	793
556	237
556	569
556	667
556	679
556	691
556	724
556	731
556	752
556	785
556	987
557	631
557	656
557	660
557	675
557	690
557	697
557	732
557	759
557	952
557	961
558	169
558	576
558	616
558	671
558	673
558	759
558	786
558	788
558	789
558	912
559	443
559	613
559	679
559	681
559	687
559	730
559	758
559	775
559	781
559	936
560	58
560	91
560	611
560	701
560	704
560	720
560	728
560	736
560	753
560	783
561	60
561	529
561	603
561	638
561	695
561	740
561	758
561	778
561	780
561	784
562	92
562	581
562	631
562	660
562	690
562	732
562	738
562	743
562	775
562	833
563	665
563	717
563	741
563	750
563	774
563	776
563	778
563	798
563	845
563	988
564	579
564	609
564	686
564	754
564	767
564	783
564	785
564	797
564	864
564	958
565	497
565	572
565	588
565	627
565	642
565	669
565	672
565	731
565	794
565	868
566	174
566	417
566	576
566	633
566	643
566	658
566	668
566	713
566	726
566	755
567	295
567	474
567	552
567	623
567	667
567	691
567	731
567	733
567	752
567	757
568	137
568	268
568	612
568	626
568	678
568	716
568	724
568	766
568	783
568	795
569	483
569	515
569	556
569	579
569	655
569	662
569	668
569	740
569	755
569	785
570	714
570	729
570	750
570	753
570	777
570	786
570	788
570	789
570	911
570	939
571	255
571	616
571	702
571	723
571	748
571	750
571	777
571	786
571	789
571	950
572	529
572	552
572	565
572	614
572	630
572	679
572	731
572	760
572	784
572	981
573	742
573	760
573	761
573	762
573	767
573	769
573	782
573	786
573	824
573	977
574	151
574	165
574	448
574	746
574	750
574	764
574	777
574	786
574	788
574	792
574	797
575	129
575	633
575	634
575	655
575	662
575	668
575	708
575	755
575	779
575	798
575	963
576	269
576	455
576	558
576	566
576	639
576	698
576	737
576	745
576	791
576	796
576	929
577	88
577	152
577	194
577	703
577	723
577	742
577	758
577	760
577	762
577	767
577	769
578	382
578	630
578	688
578	751
578	775
578	780
578	784
578	792
578	798
578	880
578	959
579	477
579	552
579	564
579	569
579	643
579	659
579	713
579	740
579	755
579	783
579	946
580	152
580	354
580	674
580	692
580	763
580	769
580	770
580	775
580	780
580	781
580	798
581	328
581	503
581	562
581	680
581	685
581	689
581	697
581	726
581	757
581	796
581	968
582	120
582	600
582	616
582	706
582	760
582	761
582	762
582	765
582	767
582	769
582	927
583	156
583	520
583	545
583	653
583	660
583	680
583	732
583	743
583	757
583	759
583	852
584	153
584	521
584	618
584	718
584	741
584	749
584	769
584	770
584	776
584	784
584	798
585	349
585	553
585	597
585	617
585	659
585	662
585	663
585	713
585	740
585	785
585	867
586	15
586	553
586	612
586	669
586	684
586	691
586	782
586	785
586	795
586	797
586	933
587	261
587	549
587	601
587	688
587	725
587	753
587	770
587	774
587	778
587	784
587	965
588	286
588	536
588	565
588	679
588	691
588	692
588	707
588	738
588	752
588	758
588	775
589	382
589	625
589	684
589	685
589	689
589	690
589	705
589	720
589	743
589	757
589	853
590	536
590	552
590	682
590	714
590	737
590	744
590	759
590	777
590	788
590	789
590	947
591	431
591	542
591	712
591	739
591	751
591	758
591	763
591	781
591	784
591	790
591	830
592	515
592	640
592	644
592	675
592	760
592	761
592	762
592	765
592	767
592	769
592	990
593	208
593	295
593	373
593	646
593	675
593	736
593	771
593	773
593	779
593	795
593	797
594	77
594	543
594	606
594	750
594	753
594	759
594	764
594	777
594	788
594	789
594	834
595	70
595	115
595	174
595	661
595	680
595	685
595	697
595	705
595	732
595	744
595	757
595	768
596	127
596	488
596	597
596	643
596	655
596	708
596	709
596	755
596	760
596	772
596	787
596	903
597	490
597	585
597	596
597	659
597	662
597	663
597	701
597	713
597	733
597	740
597	796
597	958
598	425
598	450
598	600
598	719
598	768
598	776
598	782
598	788
598	792
598	793
598	794
598	878
599	139
599	377
599	550
599	656
599	659
599	661
599	685
599	694
599	697
599	737
599	743
599	774
600	325
600	582
600	598
600	644
600	696
600	712
600	721
600	782
600	790
600	791
600	796
600	959
601	285
601	290
601	496
601	587
601	744
601	750
601	764
601	777
601	786
601	788
601	789
601	793
602	72
602	152
602	169
602	647
602	717
602	729
602	737
602	763
602	791
602	792
602	793
602	794
603	104
603	290
603	561
603	606
603	620
603	640
603	751
603	767
603	774
603	775
603	780
603	795
604	136
604	261
604	554
604	616
604	639
604	642
604	719
604	722
604	745
604	746
604	791
604	796
605	135
605	512
605	644
605	723
605	760
605	761
605	762
605	765
605	767
605	769
605	785
605	797
606	526
606	554
606	594
606	603
606	695
606	699
606	771
606	775
606	781
606	784
606	922
606	928
607	319
607	420
607	535
607	702
607	718
607	725
607	727
607	728
607	771
607	785
607	787
607	797
608	744
608	748
608	751
608	753
608	764
608	768
608	779
608	786
608	788
608	789
608	906
608	973
609	491
609	564
609	629
609	640
609	651
609	657
609	716
609	727
609	750
609	754
609	787
609	973
609	997
610	165
610	686
610	710
610	715
610	717
610	763
610	766
610	779
610	783
610	785
610	795
610	797
610	959
611	282
611	560
611	670
611	674
611	687
611	693
611	734
611	749
611	770
611	776
611	778
611	798
611	963
612	463
612	506
612	568
612	586
612	640
612	711
612	726
612	728
612	764
612	779
612	780
612	785
612	994
613	440
613	559
613	628
613	629
613	669
613	684
613	697
613	716
613	718
613	785
613	787
613	795
613	871
614	158
614	384
614	394
614	572
614	667
614	671
614	672
614	679
614	692
614	724
614	731
614	751
614	752
615	270
615	368
615	664
615	713
615	714
615	742
615	760
615	761
615	762
615	765
615	767
615	769
615	957
616	35
616	118
616	481
616	558
616	571
616	582
616	604
616	700
616	735
616	782
616	790
616	793
616	796
617	84
617	278
617	585
617	634
617	655
617	658
617	662
617	708
617	755
617	778
617	779
617	792
617	972
618	530
618	584
618	665
618	680
618	688
618	730
618	753
618	773
618	781
618	784
618	794
618	798
618	998
619	350
619	540
619	626
619	631
619	656
619	689
619	694
619	719
619	732
619	743
619	745
619	757
619	872
620	151
620	183
620	517
620	603
620	672
620	681
620	725
620	770
620	773
620	774
620	776
620	777
620	780
621	260
621	297
621	514
621	650
621	688
621	702
621	744
621	748
621	750
621	772
621	777
621	786
621	789
622	163
622	514
622	687
622	746
622	748
622	759
622	764
622	772
622	777
622	786
622	788
622	789
622	796
622	995
623	322
623	533
623	549
623	567
623	645
623	679
623	707
623	724
623	727
623	738
623	752
623	775
623	797
623	987
624	261
624	528
624	658
624	681
624	729
624	735
624	756
624	781
624	790
624	791
624	792
624	794
624	796
624	980
625	291
625	447
625	550
625	589
625	631
625	685
625	688
625	689
625	690
625	705
625	757
625	769
625	781
625	997
626	134
626	302
626	568
626	619
626	634
626	643
626	655
626	658
626	668
626	708
626	709
626	712
626	740
626	755
627	164
627	479
627	536
627	552
627	565
627	642
627	692
627	724
627	731
627	738
627	752
627	781
627	792
627	797
628	36
628	428
628	522
628	613
628	687
628	701
628	720
628	766
628	768
628	771
628	779
628	785
628	795
628	797
629	129
629	505
629	609
629	613
629	644
629	664
629	706
629	760
629	762
629	765
629	767
629	769
629	794
629	884
630	271
630	466
630	572
630	578
630	645
630	667
630	672
630	679
630	707
630	738
630	740
630	752
630	783
630	862
631	42
631	303
631	557
631	562
631	619
631	625
631	680
631	690
631	694
631	697
631	743
631	777
631	779
631	887
632	174
632	340
632	540
632	654
632	744
632	746
632	753
632	759
632	764
632	776
632	777
632	786
632	788
632	789
633	168
633	289
633	566
633	575
633	663
633	668
633	708
633	709
633	713
633	740
633	755
633	793
633	797
633	836
634	229
634	470
634	575
634	617
634	626
634	643
634	658
634	689
634	708
634	709
634	738
634	740
634	755
634	957
635	95
635	253
635	655
635	695
635	721
635	745
635	756
635	772
635	782
635	790
635	792
635	793
635	798
635	999
636	71
636	276
636	316
636	544
636	718
636	727
636	731
636	739
636	766
636	771
636	785
636	793
636	795
636	797
637	674
637	687
637	695
637	726
637	739
637	740
637	747
637	749
637	752
637	775
637	780
637	781
637	911
637	930
638	537
638	551
638	561
638	674
638	700
638	737
638	745
638	768
638	772
638	787
638	791
638	794
638	796
638	819
639	498
639	533
639	576
639	604
639	666
639	696
639	730
639	772
639	777
639	782
639	790
639	792
639	794
639	864
640	101
640	525
640	592
640	603
640	609
640	612
640	682
640	703
640	727
640	754
640	779
640	783
640	795
640	797
640	897
641	282
641	351
641	704
641	733
641	737
641	745
641	748
641	782
641	790
641	791
641	792
641	793
641	796
641	797
641	977
642	90
642	324
642	329
642	565
642	604
642	627
642	645
642	672
642	692
642	707
642	714
642	724
642	731
642	738
642	791
643	27
643	321
643	566
643	579
643	596
643	626
643	634
643	662
643	668
643	708
643	709
643	722
643	733
643	789
643	828
644	168
644	592
644	600
644	605
644	629
644	715
644	723
644	729
644	760
644	761
644	762
644	765
644	769
644	970
644	978
645	250
645	534
645	623
645	630
645	642
645	660
645	679
645	691
645	692
645	705
645	724
645	738
645	752
645	753
645	825
646	295
646	593
646	664
646	699
646	706
646	721
646	760
646	761
646	762
646	765
646	767
646	769
646	781
646	983
646	991
647	141
647	493
647	534
647	602
647	674
647	695
647	727
647	741
647	749
647	751
647	768
647	774
647	775
647	778
647	798
648	125
648	209
648	657
648	704
648	715
648	736
648	755
648	761
648	771
648	779
648	782
648	787
648	795
648	797
648	946
649	131
649	470
649	723
649	729
649	737
649	756
649	769
649	772
649	783
649	790
649	791
649	792
649	793
649	794
649	968
650	366
650	489
650	621
650	673
650	675
650	701
650	743
650	746
650	748
650	750
650	764
650	777
650	786
650	788
650	789
650	967
651	147
651	332
651	536
651	609
651	675
651	684
651	725
651	766
651	771
651	783
651	785
651	787
651	795
651	796
651	797
651	798
652	80
652	154
652	531
652	653
652	660
652	716
652	723
652	742
652	760
652	761
652	762
652	765
652	766
652	767
652	769
652	778
653	220
653	330
653	423
653	543
653	583
653	652
653	685
653	706
653	723
653	725
653	742
653	760
653	761
653	765
653	767
653	769
654	84
654	529
654	540
654	632
654	669
654	670
654	678
654	718
654	736
654	739
654	754
654	774
654	783
654	787
654	795
654	797
655	52
655	569
655	575
655	596
655	617
655	626
655	635
655	659
655	663
655	708
655	715
655	740
655	742
655	755
655	869
655	989
656	215
656	216
656	256
656	544
656	557
656	599
656	619
656	660
656	661
656	685
656	689
656	705
656	715
656	720
656	732
656	792
657	239
657	365
657	367
657	609
657	648
657	670
657	681
657	703
657	718
657	728
657	741
657	752
657	757
657	783
657	787
657	797
658	135
658	312
658	566
658	617
658	624
658	626
658	634
658	659
658	692
658	708
658	709
658	713
658	755
658	789
658	912
658	966
659	134
659	212
659	273
659	579
659	585
659	597
659	599
659	655
659	658
659	663
659	709
659	713
659	740
659	755
659	768
659	795
660	142
660	470
660	557
660	562
660	583
660	645
660	652
660	656
660	673
660	680
660	685
660	690
660	705
660	743
660	757
660	939
661	57
661	186
661	257
661	550
661	595
661	599
661	656
661	677
661	689
661	690
661	694
661	697
661	743
661	757
661	765
661	782
662	119
662	532
662	569
662	575
662	585
662	597
662	617
662	643
662	666
662	668
662	713
662	740
662	755
662	771
662	778
662	795
662	875
663	147
663	555
663	585
663	597
663	633
663	655
663	659
663	668
663	708
663	709
663	713
663	716
663	740
663	744
663	756
663	982
663	991
664	253
664	269
664	490
664	615
664	629
664	646
664	706
664	723
664	742
664	756
664	761
664	765
664	767
664	769
664	786
664	789
664	809
665	145
665	257
665	297
665	540
665	563
665	618
665	701
665	726
665	758
665	770
665	774
665	775
665	778
665	781
665	783
665	791
665	798
666	536
666	639
666	662
666	676
666	713
666	719
666	737
666	739
666	757
666	790
666	791
666	793
666	794
666	796
666	801
666	889
666	993
667	126
667	406
667	517
667	537
667	556
667	567
667	614
667	630
667	672
667	679
667	691
667	692
667	696
667	722
667	731
667	752
667	770
668	112
668	187
668	302
668	566
668	569
668	575
668	626
668	633
668	643
668	662
668	663
668	712
668	713
668	740
668	755
668	758
668	787
669	43
669	106
669	285
669	442
669	545
669	565
669	586
669	613
669	654
669	679
669	683
669	711
669	766
669	779
669	785
669	787
669	797
670	167
670	272
670	611
670	654
670	657
670	701
670	715
670	720
670	752
670	755
670	771
670	779
670	783
670	785
670	787
670	795
670	974
671	318
671	462
671	558
671	614
671	673
671	682
671	741
671	746
671	752
671	753
671	759
671	764
671	777
671	788
671	789
671	926
671	931
672	293
672	406
672	565
672	614
672	620
672	630
672	642
672	667
672	691
672	707
672	724
672	731
672	738
672	752
672	784
672	790
672	963
673	287
673	463
673	548
673	558
673	650
673	660
673	671
673	676
673	700
673	744
673	748
673	764
673	786
673	788
673	789
673	917
673	963
674	156
674	463
674	541
674	580
674	611
674	637
674	638
674	647
674	717
674	719
674	747
674	751
674	770
674	773
674	775
674	784
674	798
675	351
675	418
675	501
675	557
675	592
675	593
675	650
675	651
675	718
675	754
675	766
675	771
675	779
675	782
675	783
675	795
675	797
676	428
676	551
676	666
676	673
676	696
676	733
676	737
676	745
676	754
676	762
676	768
676	782
676	793
676	794
676	796
676	860
676	994
677	255
677	411
677	498
677	661
677	698
677	715
677	737
677	754
677	768
677	772
677	782
677	790
677	791
677	792
677	793
677	794
677	796
678	201
678	538
678	568
678	654
678	686
678	693
678	717
678	728
678	736
678	749
678	754
678	761
678	779
678	783
678	795
678	797
678	996
679	19
679	387
679	415
679	556
679	559
679	572
679	588
679	614
679	623
679	630
679	645
679	667
679	669
679	724
679	738
679	752
679	784
680	123
680	314
680	391
680	448
680	545
680	581
680	583
680	595
680	618
680	631
680	660
680	690
680	694
680	732
680	743
680	757
680	775
680	778
681	176
681	482
681	559
681	620
681	624
681	657
681	699
681	710
681	749
681	763
681	773
681	774
681	775
681	776
681	778
681	779
681	780
681	989
682	92
682	153
682	268
682	590
682	640
682	671
682	702
682	705
682	710
682	744
682	746
682	750
682	759
682	773
682	777
682	786
682	788
682	789
683	210
683	374
683	539
683	669
683	684
683	694
683	701
683	716
683	732
683	747
683	754
683	778
683	779
683	783
683	785
683	795
683	797
683	907
684	148
684	155
684	276
684	463
684	544
684	586
684	589
684	613
684	651
684	683
684	686
684	728
684	766
684	770
684	771
684	775
684	783
684	795
685	160
685	259
685	435
685	531
685	550
685	581
685	589
685	595
685	599
685	625
685	653
685	656
685	660
685	689
685	732
685	748
685	756
685	757
686	130
686	145
686	564
686	610
686	678
686	684
686	701
686	715
686	719
686	721
686	722
686	729
686	779
686	783
686	787
686	795
686	797
686	951
687	286
687	390
687	472
687	542
687	559
687	611
687	622
687	628
687	637
687	695
687	704
687	724
687	726
687	747
687	749
687	776
687	778
687	798
688	374
688	578
688	587
688	618
688	621
688	625
688	725
688	730
688	734
688	751
688	763
688	771
688	773
688	774
688	781
688	785
688	847
688	987
689	165
689	469
689	516
689	581
689	589
689	619
689	625
689	634
689	656
689	661
689	685
689	690
689	705
689	732
689	751
689	757
689	775
689	788
690	286
690	289
690	548
690	557
690	562
690	589
690	625
690	631
690	660
690	661
690	680
690	689
690	704
690	728
690	743
690	757
690	788
690	887
691	147
691	245
691	436
691	552
691	556
691	567
691	586
691	588
691	645
691	667
691	672
691	707
691	724
691	730
691	731
691	738
691	745
691	961
692	509
692	510
692	513
692	580
692	588
692	614
692	627
692	642
692	645
692	658
692	667
692	694
692	707
692	724
692	731
692	738
692	752
692	995
693	54
693	513
693	553
693	611
693	678
693	704
693	711
693	718
693	728
693	736
693	746
693	768
693	771
693	787
693	795
693	797
693	948
693	975
694	130
694	356
694	419
694	550
694	599
694	619
694	631
694	661
694	680
694	683
694	692
694	697
694	705
694	732
694	743
694	757
694	761
694	788
694	969
695	194
695	477
695	561
695	606
695	635
695	637
695	647
695	687
695	744
695	745
695	747
695	749
695	763
695	776
695	780
695	781
695	798
695	856
695	863
696	40
696	464
696	522
696	551
696	600
696	639
696	667
696	676
696	729
696	749
696	756
696	769
696	774
696	782
696	791
696	792
696	793
696	794
696	796
697	73
697	87
697	134
697	383
697	557
697	581
697	595
697	599
697	613
697	631
697	661
697	694
697	705
697	730
697	732
697	743
697	757
697	778
697	794
698	127
698	262
698	534
698	576
698	677
698	700
698	706
698	713
698	729
698	756
698	764
698	768
698	772
698	786
698	790
698	791
698	793
698	794
698	796
698	853
699	243
699	532
699	606
699	646
699	681
699	741
699	747
699	751
699	753
699	758
699	763
699	774
699	775
699	776
699	778
699	780
699	796
699	798
699	971
699	995
700	236
700	421
700	502
700	525
700	616
700	638
700	673
700	698
700	720
700	721
700	735
700	739
700	747
700	756
700	768
700	779
700	782
700	792
700	793
700	796
701	76
701	358
701	560
701	597
701	628
701	650
701	665
701	670
701	683
701	686
701	703
701	718
701	728
701	754
701	763
701	766
701	771
701	783
701	937
701	965
702	28
702	478
702	536
702	571
702	607
702	621
702	682
702	734
702	737
702	744
702	746
702	748
702	753
702	759
702	764
702	780
702	786
702	788
702	789
702	955
703	456
703	541
703	544
703	577
703	640
703	657
703	701
703	720
703	727
703	736
703	747
703	766
703	771
703	785
703	787
703	795
703	796
703	798
703	923
703	971
704	11
704	60
704	132
704	548
704	560
704	641
704	648
704	687
704	690
704	693
704	711
704	715
704	716
704	718
704	779
704	785
704	787
704	795
704	797
704	918
705	385
705	529
705	545
705	589
705	595
705	625
705	645
705	656
705	660
705	682
705	689
705	694
705	697
705	732
705	743
705	757
705	766
705	773
705	842
705	979
706	56
706	196
706	424
706	539
706	554
706	582
706	629
706	646
706	653
706	664
706	698
706	742
706	760
706	761
706	762
706	765
706	767
706	769
706	781
706	782
707	53
707	487
707	549
707	588
707	623
707	630
707	642
707	672
707	691
707	692
707	724
707	727
707	731
707	738
707	752
707	763
707	770
707	793
707	807
707	978
708	225
708	272
708	575
708	596
708	617
708	626
708	633
708	634
708	643
708	655
708	658
708	663
708	709
708	750
708	755
708	785
708	793
708	797
708	812
708	948
709	96
709	157
709	596
709	626
709	633
709	634
709	643
709	658
709	659
709	663
709	708
709	713
709	723
709	737
709	740
709	755
709	766
709	784
709	904
709	1000
710	170
710	438
710	610
710	681
710	682
710	719
710	729
710	733
710	739
710	742
710	745
710	756
710	772
710	782
710	791
710	793
710	794
710	796
710	879
710	996
711	239
711	278
711	544
711	612
711	669
711	693
711	704
711	713
711	716
711	720
711	728
711	736
711	738
711	766
711	769
711	774
711	783
711	785
711	787
711	872
711	986
712	115
712	511
712	528
712	591
712	600
712	626
712	668
712	714
712	747
712	758
712	759
712	770
712	773
712	775
712	776
712	778
712	780
712	781
712	788
712	798
712	996
713	64
713	255
713	534
713	566
713	579
713	585
713	597
713	615
713	633
713	658
713	659
713	662
713	663
713	666
713	668
713	698
713	709
713	711
713	740
713	755
713	980
714	171
714	276
714	458
714	570
714	590
714	615
714	642
714	712
714	726
714	730
714	734
714	741
714	758
714	770
714	773
714	774
714	776
714	780
714	784
714	793
714	996
715	18
715	160
715	161
715	403
715	610
715	644
715	648
715	655
715	656
715	670
715	677
715	686
715	704
715	718
715	720
715	727
715	779
715	783
715	785
715	787
715	795
715	889
716	78
716	188
716	553
716	568
716	609
716	613
716	652
716	663
716	683
716	704
716	711
716	751
716	754
716	771
716	779
716	783
716	784
716	787
716	795
716	796
716	969
716	991
717	240
717	345
717	555
717	563
717	602
717	610
717	674
717	678
717	721
717	722
717	734
717	735
717	737
717	756
717	782
717	790
717	791
717	792
717	793
717	796
717	892
717	995
718	369
718	395
718	516
718	584
718	607
718	613
718	636
718	654
718	657
718	675
718	693
718	701
718	704
718	715
718	727
718	732
718	755
718	771
718	776
718	779
718	795
718	899
719	46
719	142
719	248
719	480
719	598
719	604
719	619
719	666
719	674
719	686
719	710
719	729
719	735
719	737
719	739
719	768
719	772
719	782
719	790
719	791
719	792
719	794
720	132
720	161
720	560
720	589
720	628
720	656
720	670
720	700
720	703
720	711
720	715
720	727
720	747
720	754
720	766
720	771
720	779
720	783
720	797
720	978
720	991
720	992
721	150
721	449
721	474
721	538
721	600
721	635
721	646
721	686
721	700
721	717
721	722
721	729
721	739
721	741
721	764
721	768
721	770
721	772
721	790
721	791
721	793
721	794
722	211
722	223
722	604
722	643
722	667
722	686
722	717
722	721
722	737
722	739
722	745
722	767
722	768
722	782
722	791
722	792
722	793
722	794
722	796
722	865
722	900
722	919
723	62
723	157
723	453
723	571
723	577
723	605
723	644
723	649
723	652
723	653
723	664
723	709
723	742
723	760
723	761
723	762
723	765
723	767
723	769
723	784
723	790
723	881
723	944
724	320
724	531
724	549
724	556
724	568
724	614
724	623
724	627
724	642
724	645
724	672
724	679
724	687
724	691
724	692
724	707
724	738
724	752
724	762
724	793
724	823
724	957
724	963
725	121
725	378
725	518
725	523
725	587
725	607
725	620
725	651
725	653
725	688
725	741
725	749
725	759
725	770
725	774
725	775
725	776
725	778
725	781
725	784
725	791
725	798
725	923
726	156
726	360
726	372
726	532
726	566
726	581
726	612
726	637
726	665
726	687
726	714
726	731
726	734
726	741
726	773
726	774
726	776
726	778
726	780
726	784
726	794
726	798
726	824
727	256
727	513
727	514
727	607
727	609
727	623
727	636
727	640
727	647
727	703
727	707
727	715
727	718
727	720
727	728
727	766
727	779
727	784
727	787
727	795
727	797
727	944
727	990
728	87
728	113
728	483
728	493
728	528
728	560
728	607
728	612
728	657
728	678
728	684
728	690
728	693
728	701
728	711
728	727
728	736
728	764
728	771
728	785
728	786
728	788
728	795
728	797
729	157
729	251
729	446
729	570
729	602
729	624
729	644
729	649
729	686
729	696
729	698
729	710
729	719
729	721
729	735
729	739
729	772
729	783
729	790
729	792
729	793
729	794
729	797
729	971
730	157
730	294
730	333
730	427
730	527
730	545
730	554
730	559
730	618
730	639
730	688
730	691
730	697
730	714
730	741
730	763
730	770
730	773
730	774
730	775
730	776
730	778
730	780
730	781
731	50
731	92
731	223
731	405
731	549
731	556
731	565
731	567
731	572
731	614
731	627
731	636
731	642
731	667
731	672
731	691
731	692
731	707
731	726
731	732
731	738
731	752
731	754
731	783
732	113
732	262
732	399
732	425
732	545
732	553
732	557
732	562
732	583
732	595
732	619
732	656
732	680
732	683
732	685
732	689
732	694
732	697
732	705
732	718
732	731
732	743
732	757
732	1000
733	289
733	418
733	432
733	523
733	551
733	555
733	567
733	597
733	641
733	643
733	676
733	710
733	735
733	739
733	761
733	768
733	772
733	780
733	782
733	790
733	792
733	794
733	796
733	831
734	183
734	227
734	473
734	554
734	611
734	688
734	702
734	714
734	717
734	726
734	741
734	743
734	751
734	758
734	759
734	761
734	770
734	773
734	774
734	775
734	780
734	798
734	866
734	905
735	142
735	158
735	218
735	288
735	412
735	542
735	550
735	616
735	624
735	700
735	717
735	719
735	729
735	733
735	739
735	768
735	773
735	777
735	780
735	782
735	792
735	793
735	794
735	796
736	27
736	188
736	393
736	517
736	553
736	560
736	593
736	648
736	654
736	678
736	693
736	703
736	711
736	728
736	758
736	762
736	765
736	766
736	771
736	779
736	783
736	785
736	789
736	792
736	839
737	120
737	291
737	486
737	514
737	576
737	590
737	599
737	602
737	638
737	641
737	649
737	666
737	676
737	677
737	702
737	709
737	717
737	719
737	722
737	772
737	776
737	791
737	792
737	796
737	963
738	291
738	508
738	547
738	549
738	552
738	562
738	588
738	623
738	627
738	630
738	634
738	642
738	645
738	672
738	679
738	691
738	692
738	707
738	711
738	724
738	731
738	749
738	813
738	969
738	986
739	97
739	265
739	400
739	591
739	636
739	637
739	654
739	666
739	700
739	710
739	719
739	721
739	722
739	729
739	733
739	735
739	756
739	766
739	768
739	782
739	790
739	792
739	793
739	796
739	843
739	859
740	71
740	424
740	432
740	533
740	561
740	569
740	579
740	585
740	597
740	626
740	630
740	633
740	634
740	637
740	655
740	659
740	662
740	663
740	668
740	709
740	713
740	747
740	755
740	791
740	794
740	850
741	115
741	126
741	293
741	365
741	412
741	563
741	584
741	647
741	657
741	671
741	699
741	714
741	721
741	725
741	726
741	730
741	734
741	747
741	770
741	772
741	773
741	775
741	776
741	777
741	778
741	798
742	102
742	265
742	279
742	288
742	450
742	543
742	573
742	577
742	615
742	652
742	653
742	655
742	664
742	706
742	710
742	723
742	759
742	760
742	761
742	762
742	765
742	767
742	769
742	771
742	790
742	993
743	146
743	171
743	246
743	545
743	562
743	583
743	589
743	599
743	619
743	631
743	650
743	660
743	661
743	680
743	690
743	694
743	697
743	705
743	732
743	734
743	744
743	749
743	762
743	786
743	860
743	984
744	172
744	530
744	546
744	590
744	595
744	601
744	608
744	621
744	632
744	663
744	673
744	682
744	695
744	702
744	743
744	746
744	753
744	759
744	764
744	770
744	777
744	786
744	788
744	793
744	892
744	932
744	999
745	110
745	270
745	501
745	576
745	604
745	619
745	635
745	638
745	641
745	676
745	691
745	695
745	710
745	722
745	755
745	765
745	768
745	772
745	782
745	783
745	790
745	791
745	792
745	794
745	796
745	942
745	995
746	74
746	168
746	391
746	438
746	551
746	574
746	604
746	622
746	632
746	650
746	671
746	682
746	693
746	702
746	744
746	750
746	753
746	759
746	764
746	767
746	777
746	780
746	786
746	788
746	789
746	961
746	984
747	159
747	292
747	429
747	472
747	542
747	637
747	674
747	683
747	687
747	695
747	699
747	700
747	703
747	712
747	720
747	740
747	741
747	758
747	770
747	773
747	778
747	780
747	781
747	784
747	792
747	798
747	914
748	364
748	512
748	541
748	547
748	555
748	571
748	608
748	621
748	622
748	641
748	650
748	673
748	685
748	702
748	750
748	753
748	759
748	764
748	773
748	775
748	777
748	786
748	787
748	788
748	789
748	871
748	878
749	148
749	251
749	323
749	492
749	494
749	584
749	611
749	637
749	647
749	678
749	681
749	687
749	695
749	696
749	725
749	738
749	743
749	758
749	763
749	773
749	774
749	775
749	776
749	780
749	781
749	784
749	789
749	798
750	199
750	202
750	224
750	481
750	563
750	570
750	571
750	574
750	594
750	601
750	609
750	621
750	650
750	682
750	708
750	746
750	748
750	753
750	759
750	771
750	777
750	783
750	786
750	788
750	789
750	790
750	909
750	958
751	155
751	167
751	343
751	578
751	591
751	603
751	608
751	614
751	647
751	674
751	688
751	689
751	699
751	716
751	734
751	763
751	770
751	773
751	774
751	776
751	778
751	781
751	785
751	789
751	798
751	935
751	980
751	989
752	173
752	226
752	393
752	530
752	549
752	552
752	556
752	567
752	588
752	614
752	623
752	627
752	630
752	637
752	645
752	657
752	667
752	670
752	671
752	672
752	679
752	692
752	707
752	724
752	731
752	781
752	786
752	901
753	132
753	286
753	370
753	494
753	547
753	560
753	570
753	587
753	594
753	608
753	618
753	632
753	645
753	671
753	699
753	702
753	744
753	746
753	748
753	750
753	759
753	764
753	777
753	780
753	786
753	788
753	789
753	866
753	949
754	171
754	323
754	482
754	564
754	609
754	640
754	654
754	675
754	676
754	677
754	678
754	683
754	701
754	716
754	720
754	731
754	756
754	766
754	779
754	782
754	783
754	785
754	787
754	789
754	795
754	797
754	850
754	927
754	944
755	20
755	352
755	475
755	566
755	569
755	575
755	579
755	596
755	617
755	626
755	633
755	634
755	648
755	655
755	658
755	659
755	662
755	668
755	670
755	708
755	709
755	713
755	718
755	740
755	745
755	774
755	795
755	906
755	977
756	133
756	518
756	624
756	635
756	649
756	663
756	664
756	685
756	696
756	698
756	700
756	710
756	717
756	739
756	754
756	764
756	768
756	772
756	782
756	790
756	791
756	792
756	794
756	795
756	796
756	835
756	901
756	985
756	999
757	137
757	160
757	293
757	319
757	336
757	527
757	545
757	550
757	567
757	581
757	583
757	589
757	595
757	619
757	625
757	657
757	660
757	661
757	666
757	680
757	685
757	689
757	690
757	694
757	697
757	705
757	732
757	762
757	776
757	778
758	174
758	297
758	446
758	447
758	531
758	554
758	559
758	561
758	577
758	588
758	591
758	665
758	668
758	699
758	712
758	714
758	734
758	736
758	747
758	749
758	763
758	770
758	775
758	778
758	780
758	784
758	790
758	794
758	798
758	899
759	166
759	361
759	507
759	557
759	558
759	583
759	590
759	594
759	622
759	632
759	671
759	682
759	702
759	712
759	725
759	734
759	742
759	744
759	746
759	748
759	750
759	753
759	764
759	777
759	786
759	788
759	789
759	893
759	924
759	928
760	64
760	140
760	268
760	527
760	572
760	573
760	577
760	582
760	592
760	596
760	605
760	615
760	629
760	644
760	646
760	652
760	653
760	706
760	723
760	742
760	761
760	762
760	765
760	767
760	769
760	776
760	780
760	787
760	796
760	832
760	858
761	140
761	153
761	231
761	393
761	485
761	521
761	573
761	582
761	592
761	605
761	615
761	644
761	646
761	648
761	652
761	653
761	664
761	678
761	694
761	706
761	723
761	733
761	734
761	742
761	760
761	762
761	765
761	767
761	769
761	790
761	981
762	61
762	72
762	267
762	269
762	373
762	437
762	543
762	573
762	577
762	582
762	592
762	605
762	615
762	629
762	644
762	646
762	652
762	676
762	706
762	723
762	724
762	736
762	742
762	743
762	757
762	760
762	761
762	765
762	767
762	769
762	781
762	863
763	28
763	122
763	264
763	265
763	411
763	519
763	542
763	580
763	591
763	602
763	610
763	681
763	688
763	695
763	699
763	701
763	707
763	730
763	749
763	751
763	758
763	770
763	773
763	775
763	776
763	778
763	780
763	781
763	784
763	791
763	794
763	867
764	66
764	90
764	128
764	167
764	172
764	395
764	548
764	574
764	594
764	601
764	608
764	612
764	622
764	632
764	650
764	671
764	673
764	698
764	702
764	721
764	728
764	744
764	746
764	748
764	753
764	756
764	759
764	777
764	786
764	788
764	789
764	798
765	149
765	202
765	234
765	346
765	385
765	486
765	543
765	546
765	582
765	592
765	605
765	615
765	629
765	644
765	646
765	652
765	653
765	661
765	664
765	706
765	723
765	736
765	742
765	745
765	760
765	761
765	762
765	767
765	769
765	770
765	796
765	847
766	152
766	221
766	257
766	269
766	311
766	542
766	553
766	568
766	610
766	628
766	636
766	651
766	652
766	669
766	675
766	684
766	701
766	703
766	705
766	709
766	711
766	720
766	727
766	736
766	739
766	754
766	771
766	772
766	783
766	787
766	795
766	796
766	935
766	950
767	163
767	378
767	420
767	473
767	484
767	543
767	564
767	573
767	577
767	582
767	592
767	603
767	605
767	615
767	629
767	646
767	652
767	653
767	664
767	706
767	722
767	723
767	742
767	746
767	760
767	761
767	762
767	765
767	769
767	791
767	794
767	795
767	880
767	996
768	138
768	273
768	375
768	595
768	598
768	608
768	628
768	638
768	647
768	659
768	676
768	677
768	693
768	698
768	700
768	719
768	721
768	722
768	733
768	735
768	739
768	745
768	756
768	777
768	782
768	790
768	791
768	792
768	793
768	794
768	796
768	857
768	952
768	969
768	974
769	101
769	271
769	280
769	465
769	481
769	543
769	573
769	577
769	580
769	582
769	584
769	592
769	605
769	615
769	625
769	629
769	644
769	646
769	649
769	652
769	653
769	664
769	696
769	706
769	711
769	723
769	742
769	760
769	761
769	762
769	765
769	767
769	782
769	975
769	998
770	150
770	252
770	295
770	304
770	342
770	537
770	580
770	584
770	587
770	611
770	620
770	665
770	667
770	674
770	684
770	707
770	712
770	714
770	721
770	725
770	730
770	734
770	741
770	744
770	747
770	751
770	758
770	763
770	765
770	773
770	780
770	781
770	784
770	787
770	798
770	1000
771	86
771	146
771	205
771	259
771	299
771	466
771	593
771	606
771	607
771	628
771	636
771	648
771	651
771	662
771	670
771	675
771	684
771	688
771	693
771	701
771	703
771	716
771	718
771	720
771	728
771	736
771	742
771	750
771	766
771	779
771	783
771	784
771	785
771	787
771	797
771	855
771	982
772	118
772	171
772	293
772	296
772	354
772	458
772	555
772	596
772	621
772	622
772	635
772	638
772	639
772	649
772	677
772	698
772	710
772	719
772	721
772	729
772	733
772	737
772	741
772	745
772	756
772	766
772	776
772	782
772	783
772	790
772	791
772	792
772	793
772	794
772	796
772	830
772	847
773	198
773	223
773	243
773	338
773	344
773	519
773	526
773	554
773	593
773	618
773	620
773	674
773	681
773	682
773	688
773	705
773	712
773	714
773	726
773	730
773	734
773	735
773	741
773	747
773	748
773	749
773	751
773	763
773	770
773	774
773	776
773	778
773	781
773	784
773	791
773	797
773	798
773	898
774	85
774	117
774	159
774	160
774	167
774	283
774	347
774	543
774	563
774	587
774	599
774	603
774	620
774	647
774	654
774	665
774	681
774	688
774	696
774	699
774	711
774	714
774	725
774	726
774	730
774	734
774	749
774	751
774	755
774	773
774	775
774	776
774	778
774	780
774	781
774	784
774	795
774	798
774	931
775	127
775	218
775	375
775	397
775	515
775	519
775	526
775	559
775	562
775	578
775	580
775	588
775	603
775	606
775	623
775	637
775	647
775	665
775	674
775	680
775	681
775	684
775	689
775	699
775	712
775	725
775	730
775	734
775	741
775	748
775	749
775	758
775	763
775	774
775	776
775	779
775	781
775	784
775	798
776	180
776	253
776	332
776	444
776	477
776	508
776	554
776	563
776	584
776	598
776	611
776	620
776	632
776	681
776	687
776	695
776	699
776	712
776	714
776	718
776	725
776	726
776	730
776	737
776	741
776	749
776	751
776	757
776	760
776	763
776	772
776	773
776	774
776	775
776	778
776	781
776	784
776	792
776	886
776	937
777	99
777	161
777	278
777	397
777	399
777	485
777	519
777	546
777	548
777	570
777	571
777	574
777	590
777	594
777	601
777	620
777	621
777	622
777	631
777	632
777	639
777	650
777	671
777	682
777	735
777	741
777	744
777	746
777	748
777	750
777	753
777	759
777	764
777	768
777	786
777	788
777	789
777	792
777	798
777	819
778	121
778	126
778	256
778	284
778	285
778	519
778	561
778	563
778	587
778	611
778	617
778	647
778	652
778	662
778	665
778	680
778	681
778	683
778	687
778	697
778	699
778	712
778	725
778	726
778	730
778	741
778	747
778	751
778	757
778	758
778	763
778	773
778	774
778	776
778	780
778	781
778	784
778	795
778	798
778	805
778	944
779	147
779	334
779	396
779	442
779	480
779	575
779	593
779	608
779	610
779	612
779	617
779	628
779	631
779	640
779	648
779	669
779	670
779	675
779	678
779	681
779	683
779	686
779	700
779	704
779	715
779	716
779	718
779	720
779	727
779	736
779	754
779	771
779	775
779	781
779	785
779	787
779	795
779	797
779	867
779	893
779	962
780	6
780	56
780	117
780	403
780	505
780	506
780	561
780	578
780	580
780	603
780	612
780	620
780	637
780	681
780	695
780	699
780	702
780	712
780	714
780	726
780	730
780	733
780	734
780	735
780	746
780	747
780	749
780	753
780	758
780	760
780	763
780	770
780	774
780	778
780	781
780	784
780	787
780	798
780	813
780	851
780	926
781	175
781	230
781	291
781	312
781	479
781	559
781	580
781	591
781	606
781	618
781	624
781	625
781	627
781	637
781	646
781	665
781	688
781	695
781	706
781	712
781	725
781	730
781	747
781	749
781	751
781	752
781	762
781	763
781	770
781	773
781	774
781	775
781	776
781	778
781	779
781	780
781	784
781	798
781	902
781	959
781	982
782	164
782	267
782	305
782	451
782	454
782	540
782	573
782	586
782	598
782	600
782	616
782	635
782	639
782	641
782	648
782	661
782	675
782	676
782	677
782	696
782	700
782	706
782	710
782	717
782	719
782	722
782	733
782	735
782	739
782	745
782	754
782	756
782	768
782	769
782	772
782	790
782	791
782	792
782	793
782	796
782	859
782	951
783	162
783	261
783	391
783	415
783	478
783	560
783	564
783	568
783	579
783	610
783	630
783	640
783	649
783	651
783	654
783	657
783	665
783	670
783	675
783	678
783	683
783	684
783	686
783	701
783	711
783	715
783	716
783	720
783	729
783	731
783	736
783	745
783	750
783	754
783	766
783	771
783	772
783	785
783	787
783	827
783	955
783	972
784	33
784	173
784	227
784	247
784	488
784	500
784	542
784	561
784	572
784	578
784	584
784	587
784	591
784	606
784	618
784	672
784	674
784	679
784	709
784	714
784	716
784	723
784	725
784	726
784	727
784	747
784	749
784	758
784	763
784	770
784	771
784	773
784	774
784	775
784	776
784	778
784	780
784	781
784	786
784	798
784	943
784	991
785	255
785	283
785	313
785	371
785	389
785	496
785	538
785	544
785	551
785	556
785	564
785	569
785	585
785	586
785	605
785	607
785	610
785	612
785	613
785	628
785	636
785	651
785	669
785	670
785	683
785	688
785	703
785	704
785	708
785	711
785	715
785	728
785	736
785	751
785	754
785	771
785	779
785	783
785	787
785	797
785	798
785	970
786	173
786	219
786	289
786	315
786	462
786	524
786	546
786	547
786	548
786	558
786	570
786	571
786	573
786	574
786	601
786	608
786	621
786	622
786	632
786	650
786	664
786	673
786	682
786	698
786	702
786	728
786	743
786	744
786	746
786	748
786	750
786	752
786	753
786	759
786	764
786	777
786	784
786	788
786	789
786	790
786	869
786	938
786	983
787	106
787	116
787	144
787	289
787	474
787	553
787	596
787	607
787	609
787	613
787	638
787	648
787	651
787	654
787	657
787	668
787	669
787	670
787	686
787	693
787	703
787	704
787	711
787	715
787	716
787	727
787	748
787	754
787	760
787	766
787	770
787	771
787	779
787	780
787	783
787	785
787	789
787	795
787	797
787	906
787	931
787	974
787	978
788	171
788	292
788	314
788	509
788	546
788	547
788	548
788	558
788	570
788	574
788	590
788	594
788	598
788	601
788	608
788	622
788	632
788	650
788	671
788	673
788	682
788	689
788	690
788	694
788	702
788	712
788	728
788	744
788	746
788	748
788	750
788	753
788	759
788	764
788	777
788	786
788	789
788	793
788	798
788	816
788	828
788	870
788	947
788	960
789	102
789	461
789	529
789	546
789	547
789	548
789	558
789	570
789	571
789	590
789	594
789	601
789	608
789	621
789	622
789	632
789	643
789	650
789	658
789	664
789	671
789	673
789	682
789	702
789	736
789	746
789	748
789	749
789	750
789	751
789	753
789	754
789	759
789	764
789	777
789	786
789	787
789	788
789	791
789	909
789	924
789	970
789	978
789	997
789	998
790	287
790	293
790	329
790	459
790	510
790	526
790	549
790	551
790	555
790	591
790	600
790	616
790	624
790	635
790	639
790	641
790	649
790	666
790	672
790	677
790	698
790	717
790	719
790	721
790	723
790	729
790	733
790	739
790	742
790	745
790	750
790	756
790	758
790	761
790	768
790	772
790	782
790	786
790	791
790	792
790	793
790	794
790	796
790	815
790	895
790	974
791	9
791	59
791	116
791	133
791	142
791	166
791	247
791	528
791	576
791	600
791	602
791	604
791	624
791	638
791	641
791	642
791	649
791	665
791	666
791	677
791	696
791	698
791	710
791	717
791	719
791	721
791	722
791	725
791	737
791	740
791	745
791	756
791	763
791	767
791	768
791	772
791	773
791	782
791	789
791	790
791	792
791	793
791	794
791	795
791	796
791	923
792	92
792	426
792	496
792	502
792	555
792	574
792	578
792	598
792	602
792	617
792	624
792	627
792	635
792	639
792	641
792	649
792	656
792	677
792	696
792	700
792	717
792	719
792	722
792	729
792	733
792	735
792	736
792	737
792	739
792	745
792	747
792	756
792	768
792	772
792	776
792	777
792	782
792	790
792	791
792	794
792	796
792	827
792	856
792	924
792	973
792	980
793	40
793	108
793	119
793	217
793	407
793	478
793	490
793	491
793	551
793	555
793	598
793	601
793	602
793	616
793	633
793	635
793	636
793	641
793	649
793	666
793	676
793	677
793	696
793	698
793	700
793	707
793	708
793	710
793	714
793	717
793	721
793	722
793	724
793	729
793	735
793	739
793	744
793	768
793	772
793	782
793	788
793	790
793	791
793	794
793	796
793	961
794	77
794	114
794	145
794	472
794	477
794	500
794	514
794	525
794	565
794	598
794	602
794	618
794	624
794	629
794	638
794	639
794	649
794	666
794	676
794	677
794	696
794	697
794	698
794	710
794	719
794	721
794	722
794	726
794	729
794	733
794	735
794	740
794	745
794	756
794	758
794	763
794	767
794	768
794	772
794	790
794	791
794	792
794	793
794	796
794	798
794	948
794	956
795	18
795	85
795	149
795	150
795	162
795	217
795	489
795	568
795	586
795	593
795	603
795	610
795	613
795	628
795	636
795	640
795	648
795	651
795	654
795	659
795	662
795	670
795	675
795	678
795	683
795	684
795	686
795	693
795	703
795	704
795	715
795	716
795	718
795	727
795	728
795	754
795	755
795	756
795	766
795	767
795	774
795	778
795	779
795	787
795	791
795	797
795	964
795	978
796	44
796	103
796	248
796	294
796	324
796	326
796	507
796	576
796	581
796	597
796	600
796	604
796	616
796	622
796	624
796	638
796	641
796	651
796	666
796	676
796	677
796	696
796	698
796	699
796	700
796	703
796	710
796	716
796	717
796	722
796	733
796	735
796	737
796	739
796	745
796	756
796	760
796	765
796	766
796	768
796	772
796	782
796	790
796	791
796	792
796	793
796	794
796	938
796	994
797	12
797	21
797	86
797	107
797	172
797	248
797	372
797	398
797	509
797	544
797	550
797	564
797	574
797	586
797	593
797	605
797	607
797	610
797	623
797	627
797	628
797	633
797	636
797	640
797	641
797	648
797	651
797	654
797	657
797	669
797	675
797	678
797	683
797	686
797	693
797	704
797	708
797	720
797	727
797	728
797	729
797	754
797	771
797	773
797	779
797	785
797	787
797	795
797	991
798	19
798	162
798	349
798	417
798	476
798	525
798	542
798	546
798	563
798	575
798	578
798	580
798	584
798	611
798	618
798	635
798	647
798	651
798	665
798	674
798	687
798	695
798	699
798	703
798	712
798	725
798	726
798	734
798	741
798	747
798	749
798	751
798	758
798	764
798	770
798	773
798	774
798	775
798	777
798	778
798	780
798	781
798	784
798	785
798	788
798	794
798	913
798	964
798	984
799	182
799	532
799	868
799	900
799	980
799	984
799	988
799	991
799	997
799	1000
800	141
800	167
800	846
800	853
800	919
800	929
800	935
800	944
800	959
800	974
801	266
801	666
801	913
801	967
801	976
801	977
801	978
801	979
801	990
801	993
802	140
802	549
802	912
802	926
802	939
802	942
802	956
802	976
802	990
802	993
803	357
803	483
803	839
803	925
803	926
803	964
803	984
803	995
803	999
803	1000
804	467
804	511
804	813
804	837
804	896
804	919
804	946
804	965
804	974
804	986
805	368
805	778
805	812
805	828
805	934
805	940
805	954
805	970
805	975
805	987
806	173
806	379
806	835
806	869
806	876
806	917
806	918
806	932
806	962
806	982
807	167
807	707
807	817
807	834
807	949
807	951
807	966
807	969
807	973
807	988
808	270
808	486
808	865
808	878
808	891
808	959
808	971
808	981
808	983
808	989
809	230
809	664
809	812
809	915
809	929
809	935
809	946
809	959
809	974
809	996
810	209
810	443
810	854
810	941
810	963
810	971
810	972
810	981
810	983
810	992
811	47
811	141
811	915
811	929
811	944
811	945
811	950
811	965
811	970
811	974
812	110
812	708
812	805
812	809
812	919
812	935
812	950
812	960
812	965
812	974
813	738
813	780
813	804
813	830
813	926
813	952
813	955
813	968
813	982
813	995
814	15
814	402
814	912
814	917
814	935
814	961
814	985
814	989
814	998
814	999
814	1000
815	411
815	790
815	834
815	838
815	841
815	875
815	877
815	914
815	930
815	975
815	981
816	414
816	788
816	832
816	839
816	945
816	960
816	988
816	993
816	994
816	996
816	999
817	79
817	527
817	807
817	870
817	889
817	945
817	959
817	969
817	973
817	979
817	996
818	265
818	271
818	844
818	869
818	890
818	893
818	930
818	955
818	962
818	982
818	985
819	638
819	777
819	829
819	851
819	885
819	949
819	951
819	969
819	973
819	978
819	1000
820	68
820	445
820	836
820	880
820	883
820	935
820	946
820	950
820	965
820	974
820	990
821	356
821	511
821	837
821	896
821	919
821	921
821	935
821	944
821	946
821	955
821	974
822	235
822	533
822	841
822	864
822	873
822	882
822	909
822	918
822	929
822	954
822	975
823	544
823	724
823	893
823	898
823	926
823	938
823	950
823	952
823	955
823	962
823	982
824	294
824	573
824	726
824	828
824	913
824	980
824	987
824	988
824	993
824	994
824	995
825	177
825	503
825	645
825	943
825	947
825	949
825	956
825	978
825	979
825	990
825	993
826	416
826	445
826	829
826	879
826	897
826	907
826	949
826	951
826	969
826	973
826	994
827	298
827	783
827	792
827	878
827	901
827	957
827	976
827	978
827	979
827	990
827	993
828	500
828	643
828	788
828	805
828	824
828	882
828	915
828	940
828	954
828	970
828	975
829	128
829	427
829	819
829	826
829	844
829	858
829	874
829	906
829	922
829	938
829	951
830	289
830	591
830	772
830	813
830	926
830	952
830	962
830	968
830	977
830	982
830	989
831	161
831	499
831	733
831	881
831	906
831	922
831	938
831	951
831	954
831	973
831	1000
832	136
832	760
832	816
832	918
832	928
832	968
832	986
832	991
832	994
832	996
832	997
833	520
833	562
833	924
833	968
833	976
833	980
833	986
833	987
833	998
833	999
833	1000
834	513
834	594
834	807
834	815
834	872
834	881
834	922
834	938
834	949
834	969
834	973
835	206
835	756
835	806
835	875
835	876
835	890
835	932
835	944
835	958
835	962
835	982
836	257
836	477
836	633
836	820
836	970
836	986
836	989
836	994
836	995
836	996
836	998
836	1000
837	118
837	520
837	804
837	821
837	849
837	888
837	935
837	944
837	950
837	965
837	974
837	991
838	169
838	281
838	815
838	864
838	865
838	894
838	918
838	940
838	960
838	970
838	975
838	992
839	422
839	736
839	803
839	816
839	855
839	946
839	975
839	979
839	985
839	989
839	994
839	1000
840	61
840	139
840	211
840	939
840	947
840	956
840	961
840	971
840	976
840	977
840	990
840	993
841	142
841	497
841	815
841	822
841	872
841	914
841	928
841	934
841	970
841	975
841	997
841	999
842	511
842	705
842	872
842	956
842	974
842	976
842	977
842	978
842	979
842	990
842	993
842	996
843	295
843	297
843	739
843	906
843	916
843	918
843	926
843	934
843	937
843	940
843	970
843	975
844	136
844	504
844	818
844	829
844	861
844	869
844	873
844	923
844	955
844	968
844	982
844	995
845	299
845	563
845	860
845	876
845	895
845	898
845	932
845	955
845	962
845	968
845	982
845	984
846	274
846	534
846	800
846	915
846	919
846	935
846	944
846	946
846	962
846	965
846	974
846	986
847	688
847	765
847	772
847	894
847	923
847	952
847	962
847	964
847	968
847	972
847	982
847	996
848	153
848	164
848	862
848	896
848	915
848	929
848	944
848	950
848	965
848	967
848	974
848	995
849	454
849	517
849	522
849	837
849	862
849	980
849	985
849	986
849	988
849	991
849	997
849	998
850	740
850	754
850	936
850	948
850	953
850	957
850	966
850	971
850	976
850	980
850	981
850	983
851	103
851	780
851	819
851	870
851	879
851	881
851	907
851	945
851	949
851	960
851	969
851	973
851	984
852	530
852	583
852	868
852	879
852	887
852	907
852	938
852	945
852	949
852	951
852	952
852	973
852	977
853	524
853	589
853	698
853	800
853	900
853	903
853	941
853	948
853	963
853	972
853	981
853	983
853	987
854	303
854	540
854	810
854	877
854	896
854	908
854	917
854	930
854	964
854	989
854	991
854	992
854	999
855	81
855	515
855	771
855	839
855	912
855	919
855	956
855	967
855	985
855	989
855	992
855	994
855	995
856	68
856	695
856	792
856	857
856	948
856	953
856	957
856	959
856	971
856	972
856	983
856	993
856	998
857	296
857	768
857	856
857	863
857	886
857	929
857	936
857	953
857	957
857	959
857	972
857	981
857	992
858	287
858	322
858	760
858	829
858	877
858	882
858	884
858	902
858	909
858	937
858	954
858	970
858	987
859	379
859	739
859	782
859	868
859	906
859	907
859	922
859	938
859	953
859	969
859	973
859	975
859	993
860	286
860	676
860	743
860	845
860	871
860	925
860	957
860	959
860	963
860	971
860	972
860	981
860	983
861	272
861	534
861	844
861	886
861	893
861	894
861	923
861	932
861	940
861	955
861	962
861	982
861	985
862	103
862	630
862	848
862	849
862	941
862	956
862	958
862	961
862	976
862	978
862	979
862	990
862	993
863	437
863	695
863	762
863	857
863	895
863	936
863	953
863	963
863	966
863	972
863	974
863	981
863	983
863	986
864	200
864	564
864	639
864	822
864	838
864	865
864	902
864	918
864	934
864	937
864	940
864	950
864	970
864	992
865	154
865	383
865	722
865	808
865	838
865	864
865	884
865	914
865	937
865	954
865	970
865	975
865	976
865	1000
866	22
866	734
866	753
866	876
866	879
866	893
866	897
866	913
866	964
866	985
866	986
866	989
866	997
866	998
867	585
867	763
867	779
867	904
867	918
867	931
867	943
867	958
867	960
867	977
867	978
867	979
867	990
867	993
868	386
868	482
868	565
868	799
868	852
868	859
868	881
868	945
868	949
868	951
868	957
868	969
868	973
868	989
869	531
869	655
869	786
869	806
869	818
869	844
869	876
869	883
869	894
869	947
869	952
869	955
869	962
869	982
870	295
870	311
870	788
870	817
870	851
870	874
870	889
870	908
870	939
870	945
870	951
870	969
870	973
870	1000
871	191
871	613
871	748
871	860
871	908
871	936
871	953
871	957
871	966
871	971
871	977
871	979
871	981
871	983
872	78
872	619
872	711
872	834
872	841
872	842
872	875
872	877
872	884
872	889
872	916
872	940
872	970
872	975
873	43
873	97
873	361
873	822
873	844
873	888
873	897
873	923
873	926
873	952
873	955
873	962
873	968
873	982
874	423
874	466
874	829
874	870
874	888
874	922
874	938
874	945
874	949
874	951
874	959
874	969
874	973
874	981
875	7
875	165
875	662
875	815
875	835
875	872
875	877
875	918
875	922
875	934
875	940
875	970
875	975
875	989
876	90
876	125
876	170
876	806
876	835
876	845
876	866
876	869
876	893
876	923
876	924
876	962
876	968
876	982
877	285
877	483
877	815
877	854
877	858
877	872
877	875
877	902
877	909
877	914
877	922
877	954
877	969
877	975
878	69
878	598
878	748
878	808
878	827
878	906
878	948
878	963
878	966
878	971
878	972
878	980
878	981
878	983
879	373
879	539
879	710
879	826
879	851
879	852
879	866
879	881
879	902
879	912
879	945
879	951
879	969
879	973
880	150
880	578
880	767
880	820
880	929
880	935
880	944
880	946
880	950
880	953
880	965
880	974
880	979
880	999
881	377
881	535
881	723
881	831
881	834
881	851
881	868
881	879
881	921
881	943
881	951
881	969
881	973
881	994
882	448
882	471
882	822
882	828
882	858
882	902
882	937
882	940
882	952
882	954
882	970
882	975
882	992
882	998
883	94
883	266
883	453
883	820
883	869
883	896
883	915
883	919
883	943
883	944
883	946
883	950
883	965
883	974
883	978
884	13
884	498
884	629
884	858
884	865
884	872
884	914
884	928
884	934
884	937
884	954
884	970
884	975
884	994
884	997
885	286
885	405
885	524
885	819
885	903
885	916
885	925
885	958
885	961
885	976
885	977
885	979
885	990
885	993
885	995
886	262
886	529
886	776
886	857
886	861
886	891
886	900
886	927
886	957
886	963
886	966
886	968
886	972
886	981
886	983
887	131
887	631
887	690
887	852
887	904
887	912
887	932
887	960
887	984
887	985
887	987
887	990
887	992
887	995
887	998
888	304
888	352
888	525
888	837
888	873
888	874
888	927
888	953
888	959
888	963
888	966
888	971
888	972
888	981
888	983
889	220
889	666
889	715
889	817
889	870
889	872
889	900
889	922
889	938
889	945
889	949
889	951
889	969
889	973
889	977
890	521
890	535
890	539
890	818
890	835
890	894
890	926
890	928
890	932
890	952
890	962
890	968
890	978
890	982
890	995
891	63
891	368
891	498
891	808
891	886
891	908
891	927
891	948
891	953
891	955
891	959
891	963
891	971
891	983
891	987
891	997
892	106
892	717
892	744
892	899
892	910
892	942
892	958
892	961
892	976
892	977
892	978
892	979
892	990
892	993
892	996
892	1000
893	151
893	441
893	759
893	779
893	818
893	823
893	861
893	866
893	876
893	913
893	927
893	932
893	952
893	955
893	968
893	982
894	295
894	434
894	445
894	838
894	847
894	861
894	869
894	890
894	898
894	918
894	923
894	932
894	955
894	968
894	971
894	982
895	144
895	476
895	541
895	790
895	845
895	863
895	914
895	924
895	948
895	957
895	959
895	963
895	966
895	972
895	981
895	983
896	117
896	443
896	537
896	804
896	821
896	848
896	854
896	883
896	929
896	944
896	946
896	951
896	955
896	965
896	974
896	976
897	109
897	339
897	640
897	826
897	866
897	873
897	898
897	967
897	985
897	986
897	991
897	995
897	996
897	997
897	998
897	1000
898	429
898	475
898	773
898	823
898	845
898	894
898	897
898	905
898	923
898	932
898	937
898	952
898	956
898	962
898	968
898	982
899	436
899	718
899	758
899	892
899	927
899	933
899	964
899	965
899	980
899	984
899	985
899	992
899	996
899	998
899	999
899	1000
900	104
900	343
900	722
900	799
900	853
900	886
900	889
900	936
900	941
900	948
900	953
900	963
900	971
900	981
900	983
900	994
901	175
901	554
901	752
901	756
901	827
901	903
901	936
901	956
901	958
901	961
901	974
901	977
901	978
901	979
901	983
901	990
901	993
902	164
902	168
902	451
902	781
902	858
902	864
902	877
902	879
902	882
902	909
902	916
902	918
902	934
902	970
902	975
902	977
902	980
903	525
903	541
903	596
903	853
903	885
903	901
903	925
903	936
903	939
903	942
903	954
903	961
903	977
903	978
903	979
903	990
903	993
904	449
904	458
904	476
904	709
904	867
904	887
904	917
904	937
904	960
904	983
904	986
904	987
904	988
904	991
904	992
904	995
904	999
905	260
905	511
905	734
905	898
905	946
905	947
905	952
905	971
905	984
905	985
905	991
905	992
905	994
905	995
905	996
905	997
905	998
906	608
906	755
906	787
906	829
906	831
906	843
906	859
906	878
906	907
906	922
906	938
906	945
906	951
906	969
906	973
906	984
906	990
907	526
907	532
907	683
907	826
907	851
907	852
907	859
907	906
907	922
907	933
907	938
907	945
907	949
907	966
907	969
907	973
907	995
908	11
908	136
908	355
908	854
908	870
908	871
908	891
908	920
908	921
908	967
908	980
908	984
908	986
908	987
908	989
908	991
908	992
908	995
909	89
909	487
909	750
909	789
909	822
909	858
909	877
909	902
909	916
909	933
909	934
909	937
909	940
909	945
909	959
909	970
909	975
909	986
910	130
910	426
910	478
910	543
910	892
910	925
910	931
910	942
910	947
910	956
910	976
910	977
910	978
910	979
910	990
910	992
910	993
910	1000
911	149
911	535
911	570
911	637
911	933
911	953
911	964
911	970
911	973
911	988
911	989
911	991
911	992
911	994
911	996
911	998
911	999
911	1000
912	67
912	212
912	558
912	658
912	802
912	814
912	855
912	879
912	887
912	921
912	969
912	980
912	988
912	991
912	992
912	994
912	996
912	998
913	315
913	503
913	798
913	801
913	824
913	866
913	893
913	931
913	958
913	980
913	984
913	986
913	988
913	989
913	992
913	995
913	999
913	1000
914	150
914	500
914	747
914	815
914	841
914	865
914	877
914	884
914	895
914	916
914	924
914	934
914	937
914	940
914	954
914	969
914	970
914	979
915	110
915	265
915	493
915	538
915	809
915	811
915	828
915	846
915	848
915	883
915	919
915	923
915	937
915	944
915	946
915	950
915	965
915	974
915	991
916	147
916	149
916	407
916	521
916	843
916	872
916	885
916	902
916	909
916	914
916	918
916	923
916	934
916	937
916	941
916	954
916	970
916	975
916	991
917	414
917	424
917	528
917	673
917	806
917	814
917	854
917	904
917	976
917	982
917	984
917	985
917	991
917	992
917	993
917	994
917	996
917	998
917	1000
918	145
918	207
918	505
918	704
918	806
918	822
918	832
918	838
918	843
918	864
918	867
918	875
918	894
918	902
918	916
918	937
918	940
918	954
918	975
919	30
919	363
919	468
919	722
919	800
919	804
919	812
919	821
919	846
919	855
919	883
919	915
919	929
919	935
919	944
919	950
919	965
919	974
919	999
920	161
920	192
920	378
920	537
920	908
920	931
920	932
920	942
920	943
920	956
920	961
920	974
920	976
920	977
920	978
920	979
920	990
920	993
920	994
921	108
921	170
921	244
921	504
921	821
921	881
921	908
921	912
921	928
921	947
921	951
921	967
921	971
921	980
921	992
921	994
921	996
921	997
921	998
922	144
922	292
922	389
922	606
922	829
922	831
922	834
922	859
922	874
922	875
922	877
922	889
922	906
922	907
922	938
922	939
922	949
922	951
922	964
922	973
923	450
923	703
923	725
923	791
923	844
923	847
923	861
923	873
923	876
923	894
923	898
923	915
923	916
923	926
923	932
923	946
923	952
923	968
923	973
923	982
924	528
924	759
924	789
924	792
924	833
924	876
924	895
924	914
924	960
924	980
924	982
924	989
924	991
924	994
924	995
924	996
924	997
924	998
924	999
924	1000
925	99
925	138
925	281
925	445
925	803
925	860
925	885
925	903
925	910
925	931
925	943
925	961
925	964
925	976
925	977
925	978
925	979
925	984
925	990
925	993
926	519
926	531
926	671
926	780
926	802
926	803
926	813
926	823
926	830
926	843
926	873
926	890
926	923
926	932
926	952
926	955
926	962
926	968
926	982
926	995
927	26
927	76
927	582
927	754
927	886
927	888
927	891
927	893
927	899
927	936
927	941
927	957
927	959
927	961
927	963
927	966
927	971
927	972
927	981
927	983
927	994
928	55
928	431
928	606
928	759
928	832
928	841
928	884
928	890
928	921
928	978
928	980
928	984
928	985
928	986
928	988
928	989
928	995
928	997
928	998
928	999
928	1000
929	124
929	163
929	284
929	417
929	576
929	800
929	809
929	811
929	822
929	848
929	857
929	880
929	896
929	919
929	931
929	935
929	946
929	950
929	965
929	974
929	998
930	31
930	242
930	536
930	539
930	637
930	815
930	818
930	854
930	933
930	952
930	954
930	960
930	964
930	967
930	985
930	987
930	989
930	992
930	995
930	997
930	999
931	146
931	671
931	774
931	787
931	867
931	910
931	913
931	920
931	925
931	929
931	943
931	956
931	958
931	961
931	976
931	977
931	978
931	979
931	982
931	986
931	990
931	993
932	119
932	149
932	492
932	744
932	806
932	835
932	845
932	861
932	887
932	890
932	893
932	894
932	898
932	920
932	923
932	926
932	955
932	962
932	968
932	982
932	987
932	989
933	276
933	288
933	292
933	348
933	586
933	899
933	907
933	909
933	911
933	930
933	943
933	968
933	984
933	987
933	989
933	991
933	992
933	995
933	996
933	997
933	999
933	1000
934	2
934	24
934	229
934	470
934	805
934	841
934	843
934	864
934	875
934	884
934	902
934	909
934	914
934	916
934	940
934	954
934	970
934	975
934	978
934	981
934	984
934	996
935	109
935	492
935	751
935	766
935	800
935	809
935	812
935	814
935	820
935	821
935	837
935	846
935	880
935	919
935	929
935	946
935	950
935	963
935	965
935	972
935	974
935	985
936	288
936	361
936	364
936	532
936	559
936	850
936	857
936	863
936	871
936	900
936	901
936	903
936	927
936	941
936	948
936	953
936	957
936	959
936	961
936	966
936	972
936	976
936	981
937	1
937	243
937	701
937	776
937	843
937	858
937	864
937	865
937	882
937	884
937	898
937	904
937	909
937	914
937	915
937	916
937	918
937	940
937	954
937	970
937	975
937	989
937	996
938	133
938	344
938	400
938	786
938	796
938	823
938	829
938	831
938	834
938	852
938	859
938	874
938	889
938	906
938	907
938	922
938	945
938	949
938	958
938	966
938	969
938	983
938	985
939	37
939	66
939	158
939	570
939	660
939	802
939	840
939	870
939	903
939	922
939	943
939	956
939	957
939	958
939	961
939	976
939	977
939	978
939	979
939	982
939	990
939	993
939	999
940	330
940	333
940	433
940	526
940	805
940	828
940	838
940	843
940	861
940	864
940	872
940	875
940	882
940	909
940	914
940	918
940	934
940	937
940	944
940	954
940	958
940	975
940	979
940	988
941	226
941	321
941	367
941	386
941	541
941	810
941	853
941	862
941	900
941	916
941	927
941	936
941	950
941	953
941	956
941	957
941	959
941	963
941	966
941	971
941	972
941	981
941	983
941	988
942	41
942	145
942	518
942	535
942	745
942	802
942	892
942	903
942	910
942	920
942	943
942	956
942	958
942	963
942	967
942	976
942	977
942	978
942	979
942	983
942	990
942	992
942	993
942	998
943	160
943	273
943	287
943	541
943	784
943	825
943	867
943	881
943	883
943	920
943	925
943	931
943	933
943	939
943	942
943	958
943	961
943	966
943	976
943	977
943	978
943	979
943	990
943	991
943	993
944	98
944	723
944	727
944	754
944	778
944	800
944	811
944	821
944	835
944	837
944	846
944	848
944	880
944	883
944	896
944	915
944	919
944	940
944	946
944	950
944	965
944	967
944	974
944	985
944	991
945	151
945	158
945	173
945	184
945	290
945	811
945	816
945	817
945	851
945	852
945	868
945	870
945	874
945	879
945	889
945	906
945	907
945	909
945	938
945	949
945	951
945	969
945	973
945	997
945	999
946	168
946	235
946	515
946	579
946	648
946	804
946	809
946	820
946	821
946	839
946	846
946	880
946	883
946	896
946	905
946	915
946	923
946	929
946	935
946	944
946	950
946	965
946	974
946	984
946	988
947	474
947	481
947	529
947	590
947	788
947	825
947	840
947	869
947	905
947	910
947	921
947	964
947	972
947	980
947	985
947	986
947	987
947	988
947	989
947	992
947	994
947	996
947	998
947	999
947	1000
948	64
948	488
948	693
948	708
948	794
948	850
948	853
948	856
948	878
948	891
948	895
948	900
948	936
948	953
948	963
948	966
948	969
948	971
948	972
948	975
948	981
948	983
948	985
948	991
948	1000
949	113
949	232
949	392
949	513
949	753
949	807
949	819
949	825
949	826
949	834
949	851
949	852
949	868
949	874
949	889
949	907
949	922
949	938
949	945
949	969
949	973
949	977
949	984
949	986
949	988
950	81
950	105
950	412
950	571
950	766
950	811
950	812
950	820
950	823
950	837
950	848
950	864
950	880
950	883
950	915
950	919
950	929
950	935
950	941
950	944
950	946
950	962
950	965
950	968
950	974
950	993
951	404
951	527
951	533
951	686
951	782
951	807
951	819
951	826
951	829
951	831
951	852
951	868
951	870
951	874
951	879
951	881
951	889
951	896
951	906
951	921
951	922
951	945
951	957
951	969
951	989
951	997
952	25
952	260
952	402
952	557
952	768
952	813
952	823
952	830
952	847
952	852
952	869
952	873
952	882
952	890
952	893
952	898
952	905
952	923
952	926
952	930
952	955
952	962
952	968
952	975
952	982
952	991
953	151
953	203
953	339
953	355
953	380
953	850
953	856
953	857
953	859
953	863
953	871
953	880
953	888
953	891
953	900
953	911
953	936
953	941
953	948
953	959
953	966
953	970
953	971
953	972
953	976
953	981
953	983
954	115
954	178
954	181
954	363
954	440
954	501
954	805
954	822
954	828
954	831
954	858
954	865
954	877
954	882
954	884
954	903
954	914
954	916
954	918
954	930
954	934
954	937
954	940
954	957
954	970
954	975
954	983
955	249
955	306
955	401
955	499
955	702
955	783
955	813
955	818
955	821
955	823
955	844
955	845
955	861
955	869
955	873
955	891
955	893
955	894
955	896
955	926
955	932
955	952
955	962
955	968
955	976
955	982
955	998
956	63
956	345
956	420
956	516
956	794
956	802
956	825
956	840
956	842
956	855
956	862
956	898
956	901
956	910
956	920
956	931
956	939
956	941
956	942
956	961
956	976
956	977
956	978
956	979
956	990
956	991
956	993
956	1000
957	413
957	497
957	509
957	615
957	634
957	724
957	827
957	850
957	856
957	857
957	860
957	868
957	871
957	886
957	895
957	927
957	936
957	939
957	941
957	951
957	954
957	959
957	963
957	970
957	971
957	972
957	981
957	983
958	169
958	231
958	238
958	564
958	597
958	750
958	835
958	862
958	867
958	885
958	892
958	901
958	913
958	931
958	938
958	939
958	940
958	942
958	943
958	961
958	976
958	977
958	978
958	979
958	981
958	988
958	990
958	993
959	529
959	538
959	578
959	600
959	610
959	781
959	800
959	808
959	809
959	817
959	856
959	857
959	860
959	874
959	888
959	891
959	895
959	909
959	927
959	936
959	941
959	953
959	957
959	963
959	966
959	971
959	972
959	981
959	983
960	98
960	290
960	444
960	507
960	526
960	788
960	812
960	816
960	838
960	851
960	867
960	887
960	904
960	924
960	930
960	966
960	975
960	980
960	984
960	985
960	987
960	988
960	991
960	992
960	994
960	996
960	997
960	999
960	1000
961	84
961	191
961	557
961	691
961	746
961	793
961	814
961	840
961	862
961	885
961	892
961	901
961	903
961	920
961	925
961	927
961	931
961	936
961	939
961	943
961	956
961	958
961	963
961	964
961	976
961	977
961	978
961	980
961	990
961	993
962	78
962	88
962	172
962	242
962	487
962	779
962	806
962	818
962	823
962	830
962	835
962	845
962	846
962	847
962	861
962	869
962	873
962	876
962	890
962	898
962	926
962	932
962	950
962	952
962	955
962	968
962	982
962	985
962	986
962	987
962	999
963	575
963	611
963	672
963	673
963	724
963	737
963	810
963	853
963	860
963	863
963	878
963	886
963	888
963	891
963	895
963	900
963	927
963	935
963	941
963	942
963	948
963	957
963	959
963	961
963	966
963	971
963	981
963	983
963	986
963	998
963	999
964	229
964	294
964	469
964	520
964	795
964	798
964	803
964	847
964	854
964	866
964	899
964	911
964	922
964	925
964	930
964	947
964	961
964	970
964	972
964	980
964	984
964	985
964	986
964	988
964	994
964	995
964	996
964	997
964	998
964	999
964	1000
965	165
965	398
965	485
965	486
965	530
965	587
965	701
965	804
965	811
965	812
965	820
965	837
965	846
965	848
965	880
965	883
965	896
965	899
965	915
965	919
965	929
965	935
965	944
965	946
965	950
965	967
965	974
965	993
965	995
965	997
965	998
966	102
966	130
966	174
966	338
966	459
966	531
966	658
966	807
966	850
966	863
966	871
966	878
966	886
966	888
966	895
966	907
966	927
966	936
966	938
966	941
966	943
966	948
966	953
966	959
966	960
966	963
966	967
966	971
966	972
966	981
966	983
967	125
967	210
967	283
967	381
967	535
967	650
967	801
967	848
967	855
967	897
967	908
967	921
967	930
967	942
967	944
967	965
967	966
967	971
967	980
967	984
967	985
967	986
967	987
967	988
967	989
967	991
967	992
967	994
967	995
967	996
967	997
967	999
968	65
968	100
968	400
968	457
968	462
968	581
968	649
968	813
968	830
968	832
968	833
968	844
968	845
968	847
968	873
968	876
968	886
968	890
968	893
968	894
968	898
968	923
968	926
968	932
968	933
968	950
968	952
968	955
968	962
968	978
968	982
968	984
969	433
969	460
969	510
969	694
969	716
969	738
969	768
969	807
969	817
969	819
969	826
969	834
969	851
969	859
969	868
969	870
969	874
969	877
969	879
969	881
969	889
969	906
969	907
969	912
969	914
969	938
969	945
969	948
969	949
969	951
969	973
969	985
969	997
969	999
970	96
970	468
970	522
970	533
970	644
970	785
970	789
970	805
970	811
970	828
970	836
970	838
970	841
970	843
970	858
970	864
970	865
970	872
970	875
970	882
970	884
970	902
970	909
970	911
970	914
970	916
970	934
970	937
970	953
970	954
970	957
970	964
970	975
970	987
971	146
971	204
971	434
971	528
971	699
971	703
971	729
971	808
971	810
971	840
971	850
971	856
971	860
971	871
971	878
971	888
971	891
971	894
971	900
971	905
971	921
971	927
971	941
971	948
971	953
971	957
971	959
971	963
971	966
971	967
971	972
971	981
971	983
971	989
971	998
972	138
972	189
972	371
972	512
972	520
972	617
972	783
972	810
972	847
972	853
972	856
972	857
972	860
972	863
972	878
972	886
972	888
972	895
972	927
972	935
972	936
972	941
972	947
972	948
972	953
972	957
972	959
972	964
972	966
972	971
972	975
972	981
972	983
972	990
972	991
973	103
973	160
973	479
973	537
973	608
973	609
973	792
973	807
973	817
973	819
973	826
973	831
973	834
973	851
973	852
973	859
973	868
973	870
973	874
973	879
973	881
973	889
973	906
973	907
973	911
973	922
973	923
973	945
973	949
973	969
973	980
973	981
973	982
973	984
973	994
974	182
974	275
974	309
974	532
974	670
974	768
974	787
974	790
974	800
974	804
974	809
974	811
974	812
974	820
974	821
974	837
974	842
974	846
974	848
974	863
974	880
974	883
974	896
974	901
974	915
974	919
974	920
974	929
974	935
974	944
974	946
974	950
974	965
974	983
974	990
974	994
975	16
975	87
975	125
975	162
975	431
975	487
975	693
975	769
975	805
975	815
975	822
975	828
975	838
975	839
975	841
975	843
975	859
975	865
975	872
975	875
975	877
975	882
975	884
975	902
975	909
975	916
975	918
975	934
975	937
975	940
975	948
975	952
975	954
975	960
975	970
975	972
975	994
975	997
976	118
976	132
976	139
976	272
976	341
976	410
976	452
976	801
976	802
976	827
976	833
976	840
976	842
976	850
976	862
976	865
976	885
976	892
976	896
976	910
976	917
976	920
976	925
976	931
976	936
976	939
976	942
976	943
976	953
976	955
976	956
976	958
976	961
976	977
976	978
976	979
976	990
976	993
977	96
977	143
977	170
977	406
977	539
977	573
977	641
977	755
977	801
977	830
977	840
977	842
977	852
977	867
977	871
977	885
977	889
977	892
977	901
977	902
977	903
977	910
977	920
977	925
977	931
977	939
977	942
977	943
977	949
977	956
977	958
977	961
977	976
977	978
977	979
977	990
977	993
977	996
977	1000
978	502
978	525
978	644
978	707
978	720
978	787
978	789
978	795
978	801
978	819
978	825
978	827
978	842
978	862
978	867
978	883
978	890
978	892
978	901
978	903
978	910
978	920
978	925
978	928
978	931
978	934
978	939
978	942
978	943
978	956
978	958
978	961
978	968
978	976
978	977
978	979
978	980
978	990
978	993
978	995
979	96
979	174
979	263
979	296
979	439
979	492
979	548
979	705
979	801
979	817
979	825
979	827
979	839
979	842
979	862
979	867
979	871
979	880
979	885
979	892
979	901
979	903
979	910
979	914
979	920
979	925
979	931
979	939
979	940
979	942
979	943
979	956
979	958
979	976
979	977
979	978
979	986
979	988
979	990
979	993
980	30
980	75
980	231
980	280
980	427
980	624
980	713
980	751
980	792
980	799
980	824
980	833
980	849
980	850
980	878
980	899
980	902
980	908
980	912
980	913
980	921
980	924
980	928
980	947
980	960
980	961
980	964
980	967
980	973
980	978
980	981
980	987
980	988
980	989
980	991
980	992
980	993
980	996
980	997
980	998
980	999
981	75
981	285
981	309
981	422
981	461
981	489
981	572
981	761
981	808
981	810
981	815
981	850
981	853
981	857
981	860
981	863
981	871
981	874
981	878
981	886
981	888
981	895
981	900
981	927
981	934
981	936
981	941
981	948
981	953
981	957
981	958
981	959
981	963
981	966
981	971
981	972
981	973
981	980
981	983
981	997
981	998
982	66
982	135
982	408
982	507
982	512
982	517
982	663
982	771
982	781
982	806
982	813
982	818
982	823
982	830
982	835
982	844
982	845
982	847
982	861
982	869
982	873
982	876
982	890
982	893
982	894
982	898
982	917
982	923
982	924
982	926
982	931
982	932
982	939
982	952
982	955
982	962
982	968
982	973
982	988
982	999
982	1000
983	48
983	193
983	207
983	281
983	527
983	540
983	646
983	786
983	808
983	810
983	850
983	853
983	856
983	860
983	863
983	871
983	878
983	886
983	888
983	891
983	895
983	900
983	901
983	904
983	927
983	938
983	941
983	942
983	948
983	953
983	954
983	957
983	959
983	963
983	966
983	971
983	972
983	974
983	981
983	987
983	994
984	91
984	108
984	166
984	170
984	464
984	743
984	746
984	798
984	799
984	803
984	845
984	851
984	887
984	899
984	905
984	906
984	908
984	913
984	917
984	925
984	928
984	933
984	934
984	946
984	949
984	960
984	964
984	967
984	968
984	973
984	985
984	986
984	987
984	988
984	989
984	991
984	992
984	994
984	997
984	998
984	999
985	47
985	68
985	88
985	174
985	175
985	294
985	540
985	756
985	814
985	818
985	839
985	849
985	855
985	861
985	866
985	887
985	897
985	899
985	905
985	917
985	928
985	930
985	935
985	938
985	944
985	947
985	948
985	960
985	962
985	964
985	967
985	969
985	984
985	987
985	988
985	990
985	991
985	992
985	994
985	995
985	997
985	999
985	1000
986	61
986	239
986	274
986	281
986	471
986	495
986	711
986	738
986	804
986	832
986	833
986	836
986	846
986	849
986	863
986	866
986	897
986	904
986	908
986	909
986	913
986	928
986	931
986	947
986	949
986	962
986	963
986	964
986	967
986	979
986	984
986	987
986	988
986	989
986	991
986	992
986	994
986	995
986	996
986	997
986	998
986	999
986	1000
987	4
987	70
987	232
987	516
987	517
987	518
987	556
987	623
987	688
987	805
987	824
987	833
987	853
987	858
987	887
987	891
987	904
987	908
987	930
987	932
987	933
987	947
987	960
987	962
987	967
987	970
987	980
987	983
987	984
987	985
987	986
987	988
987	989
987	990
987	991
987	992
987	994
987	995
987	996
987	997
987	998
987	999
987	1000
988	93
988	143
988	171
988	214
988	224
988	397
988	530
988	538
988	563
988	799
988	807
988	816
988	824
988	849
988	904
988	911
988	912
988	913
988	928
988	940
988	941
988	946
988	947
988	949
988	958
988	960
988	964
988	967
988	979
988	980
988	982
988	984
988	985
988	986
988	987
988	991
988	992
988	995
988	996
988	997
988	998
988	999
988	1000
989	67
989	242
989	280
989	298
989	331
989	459
989	655
989	681
989	751
989	808
989	814
989	830
989	836
989	839
989	854
989	855
989	866
989	868
989	875
989	908
989	911
989	913
989	924
989	928
989	930
989	932
989	933
989	937
989	947
989	951
989	967
989	971
989	980
989	984
989	986
989	987
989	990
989	991
989	994
989	995
989	996
989	997
989	998
989	999
989	1000
990	158
990	200
990	277
990	430
990	472
990	490
990	515
990	538
990	592
990	727
990	801
990	802
990	820
990	825
990	827
990	840
990	842
990	862
990	867
990	885
990	887
990	892
990	901
990	903
990	906
990	910
990	920
990	925
990	931
990	939
990	942
990	943
990	956
990	958
990	961
990	972
990	974
990	976
990	977
990	978
990	979
990	985
990	987
990	989
990	993
990	996
991	46
991	195
991	489
991	646
991	663
991	716
991	720
991	784
991	797
991	799
991	832
991	837
991	849
991	854
991	897
991	904
991	905
991	908
991	911
991	912
991	915
991	916
991	917
991	924
991	933
991	943
991	944
991	948
991	952
991	956
991	960
991	967
991	972
991	980
991	984
991	985
991	986
991	987
991	988
991	989
991	992
991	994
991	995
991	996
991	997
991	998
992	91
992	169
992	177
992	279
992	416
992	508
992	521
992	530
992	720
992	810
992	838
992	854
992	855
992	857
992	864
992	882
992	887
992	899
992	904
992	905
992	908
992	910
992	911
992	912
992	913
992	917
992	921
992	930
992	933
992	942
992	947
992	960
992	967
992	980
992	984
992	985
992	986
992	987
992	988
992	991
992	993
992	994
992	996
992	997
992	998
992	1000
993	2
993	71
993	93
993	94
993	166
993	396
993	401
993	486
993	666
993	742
993	801
993	802
993	816
993	824
993	825
993	827
993	840
993	842
993	856
993	859
993	862
993	867
993	885
993	892
993	901
993	903
993	910
993	917
993	920
993	925
993	931
993	939
993	942
993	943
993	950
993	956
993	958
993	961
993	965
993	976
993	977
993	978
993	979
993	980
993	990
993	992
994	156
994	228
994	254
994	267
994	362
994	553
994	612
994	676
994	796
994	816
994	824
994	826
994	832
994	836
994	839
994	855
994	881
994	884
994	900
994	905
994	911
994	912
994	917
994	920
994	921
994	924
994	927
994	947
994	960
994	964
994	967
994	973
994	974
994	975
994	983
994	984
994	985
994	986
994	987
994	989
994	991
994	992
994	995
994	996
994	997
994	999
994	1000
995	113
995	289
995	307
995	503
995	517
995	622
995	692
995	699
995	717
995	745
995	803
995	813
995	824
995	836
995	844
995	848
995	855
995	885
995	887
995	890
995	897
995	904
995	905
995	907
995	908
995	913
995	924
995	926
995	928
995	930
995	933
995	964
995	965
995	967
995	978
995	985
995	986
995	987
995	988
995	989
995	991
995	994
995	996
995	997
995	998
995	999
995	1000
996	252
996	275
996	317
996	442
996	539
996	678
996	710
996	712
996	714
996	767
996	809
996	816
996	817
996	832
996	836
996	842
996	847
996	892
996	897
996	899
996	905
996	911
996	912
996	917
996	921
996	924
996	933
996	934
996	937
996	947
996	960
996	964
996	967
996	977
996	980
996	986
996	987
996	988
996	989
996	990
996	991
996	992
996	994
996	995
996	997
996	998
996	999
996	1000
997	10
997	86
997	108
997	154
997	296
997	473
997	501
997	609
997	625
997	789
997	799
997	832
997	841
997	849
997	866
997	884
997	891
997	897
997	905
997	921
997	924
997	928
997	930
997	933
997	945
997	951
997	960
997	964
997	965
997	967
997	969
997	975
997	980
997	981
997	984
997	985
997	986
997	987
997	988
997	989
997	991
997	992
997	994
997	995
997	996
997	998
997	999
997	1000
998	82
998	195
998	328
998	437
998	491
998	518
998	618
998	769
998	789
998	814
998	833
998	836
998	849
998	856
998	866
998	882
998	887
998	897
998	899
998	905
998	911
998	912
998	917
998	921
998	924
998	928
998	929
998	942
998	947
998	955
998	963
998	964
998	965
998	971
998	980
998	981
998	984
998	986
998	987
998	988
998	989
998	991
998	992
998	995
998	996
998	997
998	999
998	1000
999	59
999	95
999	169
999	219
999	300
999	504
999	635
999	744
999	756
999	803
999	814
999	816
999	833
999	841
999	854
999	880
999	899
999	904
999	911
999	913
999	919
999	924
999	928
999	930
999	933
999	939
999	945
999	947
999	960
999	962
999	963
999	964
999	967
999	969
999	980
999	982
999	984
999	985
999	986
999	987
999	988
999	989
999	994
999	995
999	996
999	997
999	998
999	1000
1000	9
1000	169
1000	197
1000	249
1000	450
1000	487
1000	504
1000	709
1000	732
1000	770
1000	799
1000	803
1000	814
1000	819
1000	831
1000	833
1000	836
1000	839
1000	865
1000	870
1000	892
1000	897
1000	899
1000	910
1000	911
1000	913
1000	917
1000	924
1000	928
1000	933
1000	947
1000	948
1000	956
1000	960
1000	964
1000	977
1000	982
1000	985
1000	986
1000	987
1000	988
1000	989
1000	992
1000	994
1000	995
1000	996
1000	997
1000	998
1000	999
