1	2
1	6
1	59
1	93
1	99
1	112
1	155
1	179
1	660
1	932
2	1
2	98
2	122
2	123
2	137
2	141
2	160
2	176
2	433
2	741
3	98
3	113
3	121
3	126
3	132
3	148
3	174
3	179
3	527
3	688
4	75
4	84
4	143
4	148
4	164
4	165
4	170
4	176
4	651
4	738
5	42
5	45
5	101
5	109
5	111
5	113
5	118
5	163
5	644
5	787
6	1
6	72
6	114
6	124
6	140
6	156
6	172
6	179
6	759
6	945
7	10
7	74
7	142
7	143
7	156
7	175
7	178
7	180
7	455
7	774
8	50
8	55
8	117
8	129
8	138
8	159
8	164
8	179
8	517
8	741
9	41
9	94
9	110
9	113
9	146
9	173
9	176
9	184
9	760
9	936
10	7
10	26
10	91
10	105
10	121
10	143
10	152
10	163
10	323
10	623
11	47
11	113
11	122
11	128
11	132
11	170
11	174
11	178
11	742
11	822
12	56
12	130
12	139
12	150
12	152
12	156
12	179
12	183
12	451
12	805
13	35
13	72
13	77
13	93
13	154
13	166
13	169
13	174
13	270
13	444
14	15
14	26
14	30
14	132
14	147
14	174
14	176
14	182
14	288
14	696
15	14
15	65
15	69
15	82
15	143
15	148
15	151
15	173
15	427
15	832
16	97
16	118
16	125
16	126
16	140
16	146
16	157
16	165
16	399
16	872
17	56
17	85
17	129
17	133
17	142
17	173
17	179
17	181
17	351
17	766
18	71
18	74
18	78
18	105
18	157
18	159
18	180
18	183
18	506
18	876
19	43
19	44
19	128
19	131
19	142
19	158
19	170
19	184
19	428
19	765
20	27
20	32
20	46
20	109
20	131
20	137
20	174
20	177
20	325
20	723
21	59
21	85
21	112
21	146
21	151
21	155
21	163
21	175
21	532
21	962
22	51
22	104
22	130
22	147
22	154
22	158
22	166
22	174
22	471
22	519
23	28
23	67
23	99
23	110
23	133
23	150
23	157
23	167
23	178
23	378
23	574
24	49
24	80
24	112
24	142
24	146
24	162
24	165
24	169
24	176
24	324
24	466
25	54
25	80
25	82
25	110
25	121
25	168
25	170
25	176
25	436
25	881
26	10
26	14
26	87
26	143
26	145
26	147
26	151
26	167
26	172
26	203
26	648
27	20
27	48
27	98
27	99
27	100
27	126
27	138
27	141
27	157
27	186
27	454
28	23
28	35
28	52
28	123
28	124
28	132
28	149
28	165
28	177
28	699
28	954
29	33
29	86
29	100
29	125
29	149
29	160
29	164
29	166
29	180
29	441
29	868
30	14
30	33
30	85
30	116
30	139
30	170
30	174
30	181
30	184
30	471
30	724
31	71
31	76
31	82
31	90
31	101
31	121
31	131
31	163
31	176
31	205
31	374
32	20
32	57
32	62
32	67
32	71
32	75
32	91
32	142
32	182
32	393
32	453
33	29
33	30
33	38
33	159
33	162
33	167
33	168
33	178
33	184
33	287
33	944
34	39
34	44
34	75
34	80
34	87
34	111
34	129
34	153
34	330
34	497
34	871
35	13
35	28
35	38
35	48
35	96
35	107
35	131
35	132
35	171
35	872
35	925
36	61
36	86
36	101
36	116
36	161
36	162
36	175
36	182
36	183
36	516
36	764
37	57
37	122
37	138
37	154
37	158
37	168
37	169
37	173
37	179
37	180
37	617
37	996
38	33
38	35
38	89
38	125
38	130
38	137
38	154
38	180
38	183
38	317
38	329
38	465
39	34
39	52
39	99
39	106
39	108
39	110
39	118
39	136
39	180
39	183
39	254
39	524
40	70
40	80
40	117
40	118
40	123
40	144
40	145
40	169
40	177
40	323
40	324
40	462
41	9
41	63
41	87
41	90
41	96
41	124
41	158
41	177
41	184
41	240
41	649
41	920
42	5
42	78
42	99
42	111
42	138
42	159
42	168
42	181
42	182
42	458
42	743
42	830
43	19
43	74
43	91
43	146
43	148
43	155
43	156
43	157
43	167
43	173
43	271
43	979
44	19
44	34
44	80
44	104
44	132
44	146
44	173
44	176
44	177
44	520
44	571
44	980
45	5
45	97
45	127
45	140
45	142
45	145
45	164
45	178
45	182
45	184
45	745
45	962
46	20
46	71
46	77
46	94
46	114
46	139
46	160
46	171
46	180
46	181
46	544
46	639
47	11
47	56
47	68
47	100
47	122
47	143
47	149
47	153
47	171
47	476
47	957
47	963
48	27
48	35
48	50
48	91
48	106
48	108
48	111
48	124
48	163
48	178
48	608
48	714
49	24
49	102
49	128
49	135
49	154
49	162
49	167
49	180
49	181
49	294
49	303
49	670
50	8
50	48
50	73
50	107
50	125
50	138
50	151
50	157
50	178
50	184
50	639
50	867
51	22
51	115
51	135
51	141
51	145
51	151
51	154
51	170
51	181
51	184
51	487
51	524
52	28
52	39
52	71
52	82
52	90
52	107
52	132
52	146
52	159
52	184
52	872
52	987
53	65
53	136
53	137
53	140
53	144
53	153
53	161
53	168
53	172
53	458
53	628
53	679
54	25
54	83
54	86
54	99
54	140
54	149
54	166
54	174
54	178
54	183
54	677
54	699
55	8
55	77
55	86
55	90
55	105
55	122
55	158
55	166
55	172
55	183
55	337
55	532
56	12
56	17
56	47
56	93
56	111
56	141
56	166
56	175
56	177
56	182
56	183
56	463
56	808
57	32
57	37
57	63
57	75
57	119
57	161
57	177
57	178
57	181
57	182
57	267
57	312
57	994
58	67
58	86
58	98
58	100
58	116
58	127
58	142
58	169
58	176
58	179
58	182
58	344
58	950
59	1
59	21
59	79
59	95
59	105
59	126
59	134
59	152
59	153
59	160
59	180
59	750
59	896
60	66
60	79
60	106
60	108
60	123
60	129
60	136
60	153
60	172
60	179
60	183
60	588
60	748
61	36
61	64
61	87
61	88
61	91
61	121
61	145
61	169
61	175
61	184
61	286
61	476
61	984
62	32
62	80
62	104
62	120
62	140
62	142
62	162
62	172
62	175
62	176
62	181
62	463
62	877
63	41
63	57
63	142
63	145
63	147
63	151
63	160
63	163
63	165
63	167
63	396
63	553
63	663
64	61
64	74
64	77
64	84
64	109
64	112
64	121
64	142
64	147
64	165
64	174
64	486
64	739
64	855
65	15
65	53
65	69
65	78
65	88
65	94
65	113
65	120
65	155
65	164
65	175
65	625
65	631
65	706
66	60
66	89
66	93
66	113
66	119
66	133
66	136
66	161
66	169
66	175
66	180
66	202
66	727
66	847
67	23
67	32
67	58
67	79
67	115
67	139
67	147
67	153
67	168
67	172
67	181
67	265
67	464
67	918
68	47
68	88
68	100
68	101
68	129
68	144
68	145
68	146
68	149
68	171
68	174
68	222
68	271
68	295
69	15
69	65
69	97
69	115
69	147
69	149
69	167
69	170
69	171
69	173
69	181
69	477
69	556
69	979
70	40
70	76
70	95
70	139
70	140
70	150
70	162
70	163
70	166
70	176
70	184
70	316
70	764
70	848
71	18
71	31
71	32
71	46
71	52
71	97
71	126
71	141
71	152
71	153
71	184
71	538
71	713
71	996
72	6
72	13
72	75
72	110
72	123
72	148
72	151
72	153
72	164
72	171
72	173
72	598
72	762
72	861
73	50
73	91
73	111
73	147
73	148
73	151
73	162
73	163
73	165
73	172
73	179
73	192
73	341
73	725
74	7
74	18
74	43
74	64
74	116
74	168
74	169
74	171
74	176
74	179
74	181
74	333
74	690
74	968
75	4
75	32
75	34
75	57
75	72
75	100
75	115
75	156
75	160
75	179
75	181
75	183
75	687
75	748
75	854
76	31
76	70
76	78
76	79
76	89
76	102
76	104
76	108
76	131
76	136
76	178
76	183
76	386
76	709
76	718
77	13
77	46
77	55
77	64
77	92
77	125
77	130
77	161
77	169
77	172
77	182
77	184
77	417
77	421
77	747
78	18
78	42
78	65
78	76
78	83
78	93
78	155
78	162
78	164
78	171
78	173
78	184
78	393
78	736
78	802
79	59
79	60
79	67
79	76
79	88
79	95
79	100
79	116
79	124
79	158
79	171
79	184
79	263
79	382
79	613
80	24
80	25
80	34
80	40
80	44
80	62
80	94
80	100
80	106
80	111
80	147
80	154
80	318
80	642
80	672
81	90
81	92
81	94
81	101
81	104
81	107
81	112
81	144
81	148
81	151
81	170
81	175
81	266
81	340
81	928
82	15
82	25
82	31
82	52
82	108
82	110
82	111
82	166
82	168
82	169
82	182
82	184
82	647
82	792
82	826
83	54
83	78
83	109
83	131
83	151
83	156
83	160
83	167
83	173
83	175
83	182
83	184
83	428
83	459
83	711
84	4
84	64
84	92
84	99
84	101
84	125
84	131
84	133
84	144
84	154
84	168
84	176
84	179
84	320
84	716
84	781
85	17
85	21
85	30
85	101
85	138
85	140
85	150
85	154
85	160
85	167
85	173
85	178
85	184
85	308
85	877
85	953
86	29
86	36
86	54
86	55
86	58
86	130
86	145
86	148
86	158
86	167
86	171
86	172
86	179
86	306
86	348
86	959
87	26
87	34
87	41
87	61
87	116
87	151
87	156
87	165
87	167
87	172
87	174
87	177
87	181
87	753
87	765
87	941
88	61
88	65
88	68
88	79
88	100
88	110
88	162
88	164
88	172
88	173
88	174
88	179
88	181
88	667
88	912
88	978
89	38
89	66
89	76
89	90
89	92
89	127
89	129
89	135
89	136
89	161
89	164
89	181
89	184
89	213
89	583
89	955
90	31
90	41
90	52
90	55
90	81
90	89
90	107
90	118
90	155
90	166
90	173
90	178
90	182
90	559
90	745
90	983
91	10
91	32
91	43
91	48
91	61
91	73
91	112
91	124
91	128
91	139
91	143
91	162
91	163
91	180
91	366
91	617
91	774
92	77
92	81
92	84
92	89
92	102
92	119
92	120
92	127
92	132
92	146
92	161
92	181
92	183
92	184
92	194
92	478
92	826
93	1
93	13
93	56
93	66
93	78
93	127
93	131
93	132
93	139
93	159
93	166
93	168
93	180
93	182
93	305
93	659
93	758
94	9
94	46
94	65
94	80
94	81
94	101
94	129
94	135
94	137
94	146
94	154
94	171
94	181
94	427
94	750
94	862
94	992
95	59
95	70
95	79
95	96
95	126
95	140
95	141
95	146
95	149
95	150
95	171
95	175
95	180
95	183
95	541
95	827
95	956
96	35
96	41
96	95
96	98
96	121
96	130
96	143
96	146
96	148
96	153
96	156
96	157
96	171
96	177
96	491
96	758
96	959
97	16
97	45
97	69
97	71
97	108
97	118
97	126
97	128
97	133
97	141
97	154
97	169
97	177
97	179
97	181
97	422
97	716
97	969
98	2
98	3
98	27
98	58
98	96
98	103
98	107
98	123
98	128
98	152
98	155
98	160
98	167
98	174
98	177
98	307
98	335
98	569
99	1
99	23
99	27
99	39
99	42
99	54
99	84
99	125
99	130
99	133
99	141
99	143
99	147
99	153
99	175
99	622
99	639
99	974
100	27
100	29
100	47
100	58
100	68
100	75
100	79
100	80
100	88
100	103
100	121
100	130
100	146
100	153
100	341
100	710
100	851
100	995
101	5
101	31
101	36
101	68
101	81
101	84
101	85
101	94
101	106
101	133
101	140
101	148
101	152
101	162
101	177
101	282
101	757
101	840
102	49
102	76
102	92
102	114
102	117
102	131
102	134
102	150
102	156
102	161
102	173
102	177
102	182
102	183
102	535
102	745
102	941
102	967
103	98
103	100
103	114
103	132
103	137
103	139
103	141
103	146
103	151
103	163
103	165
103	170
103	174
103	177
103	442
103	595
103	732
103	929
104	22
104	44
104	62
104	76
104	81
104	105
104	122
104	150
104	154
104	158
104	159
104	166
104	179
104	180
104	615
104	664
104	692
104	880
105	10
105	18
105	55
105	59
105	104
105	107
105	130
105	141
105	144
105	152
105	155
105	162
105	178
105	180
105	181
105	231
105	326
105	473
106	39
106	48
106	60
106	80
106	101
106	109
106	111
106	117
106	123
106	143
106	151
106	157
106	168
106	175
106	177
106	893
106	894
106	948
106	989
107	35
107	50
107	52
107	81
107	90
107	98
107	105
107	112
107	120
107	127
107	133
107	134
107	158
107	173
107	184
107	345
107	662
107	682
107	863
108	39
108	48
108	60
108	76
108	82
108	97
108	110
108	143
108	149
108	150
108	152
108	160
108	161
108	175
108	178
108	337
108	362
108	476
108	547
109	5
109	20
109	64
109	83
109	106
109	126
109	137
109	143
109	155
109	162
109	163
109	164
109	174
109	177
109	179
109	625
109	657
109	957
109	997
110	9
110	23
110	25
110	39
110	72
110	82
110	88
110	108
110	121
110	134
110	153
110	158
110	164
110	172
110	180
110	256
110	543
110	614
110	949
111	5
111	34
111	42
111	48
111	56
111	73
111	80
111	82
111	106
111	122
111	150
111	161
111	165
111	168
111	170
111	184
111	594
111	646
111	784
112	1
112	21
112	24
112	64
112	81
112	91
112	107
112	116
112	117
112	120
112	129
112	141
112	170
112	179
112	180
112	395
112	846
112	944
112	981
113	3
113	5
113	9
113	11
113	65
113	66
113	131
113	135
113	158
113	163
113	164
113	168
113	169
113	170
113	175
113	183
113	454
113	613
113	671
113	742
114	6
114	46
114	102
114	103
114	115
114	116
114	137
114	143
114	156
114	161
114	164
114	169
114	170
114	172
114	175
114	183
114	330
114	450
114	607
114	756
115	51
115	67
115	69
115	75
115	114
115	125
115	134
115	144
115	145
115	149
115	155
115	164
115	167
115	172
115	173
115	184
115	764
115	869
115	985
115	990
116	30
116	36
116	58
116	74
116	79
116	87
116	112
116	114
116	141
116	142
116	149
116	163
116	168
116	178
116	179
116	180
116	441
116	618
116	751
116	943
117	8
117	40
117	102
117	106
117	112
117	121
117	123
117	124
117	144
117	145
117	161
117	162
117	163
117	165
117	168
117	175
117	248
117	474
117	500
117	778
118	5
118	16
118	39
118	40
118	90
118	97
118	132
118	141
118	144
118	149
118	150
118	152
118	171
118	172
118	180
118	182
118	273
118	705
118	729
118	739
119	57
119	66
119	92
119	124
119	125
119	126
119	135
119	144
119	164
119	167
119	170
119	174
119	179
119	181
119	182
119	183
119	184
119	752
119	761
119	943
119	986
120	62
120	65
120	92
120	107
120	112
120	126
120	127
120	129
120	130
120	135
120	137
120	141
120	153
120	157
120	168
120	171
120	178
120	358
120	418
120	785
120	985
121	3
121	10
121	25
121	31
121	61
121	64
121	96
121	100
121	110
121	117
121	123
121	127
121	138
121	147
121	165
121	180
121	181
121	259
121	276
121	436
121	708
122	2
122	11
122	37
122	47
122	55
122	104
122	111
122	132
122	137
122	157
122	163
122	165
122	166
122	173
122	174
122	176
122	182
122	573
122	742
122	818
122	935
123	2
123	28
123	40
123	60
123	72
123	98
123	106
123	117
123	121
123	142
123	145
123	160
123	168
123	176
123	177
123	181
123	182
123	504
123	567
123	606
123	775
124	6
124	28
124	41
124	48
124	79
124	91
124	117
124	119
124	136
124	145
124	158
124	161
124	163
124	173
124	174
124	177
124	179
124	339
124	516
124	585
124	987
125	16
125	29
125	38
125	50
125	77
125	84
125	99
125	115
125	119
125	131
125	140
125	157
125	163
125	169
125	171
125	176
125	180
125	340
125	356
125	403
125	831
126	3
126	16
126	27
126	59
126	71
126	95
126	97
126	109
126	119
126	120
126	129
126	135
126	139
126	156
126	158
126	164
126	183
126	512
126	637
126	888
126	991
127	45
127	58
127	89
127	92
127	93
127	107
127	120
127	121
127	145
127	160
127	169
127	170
127	180
127	181
127	182
127	184
127	441
127	472
127	700
127	703
127	721
128	11
128	19
128	49
128	91
128	97
128	98
128	134
128	141
128	145
128	154
128	163
128	165
128	168
128	171
128	174
128	177
128	179
128	745
128	816
128	848
128	994
129	8
129	17
129	34
129	60
129	68
129	89
129	94
129	112
129	120
129	126
129	137
129	145
129	153
129	156
129	163
129	166
129	176
129	178
129	452
129	598
129	702
129	760
130	12
130	22
130	38
130	77
130	86
130	96
130	99
130	100
130	105
130	120
130	144
130	151
130	156
130	157
130	174
130	183
130	184
130	484
130	739
130	753
130	903
130	929
131	19
131	20
131	31
131	35
131	76
131	83
131	84
131	93
131	102
131	113
131	125
131	134
131	136
131	138
131	152
131	160
131	161
131	164
131	320
131	635
131	853
131	966
132	3
132	11
132	14
132	28
132	35
132	44
132	52
132	92
132	93
132	103
132	118
132	122
132	137
132	147
132	169
132	170
132	173
132	177
132	182
132	460
132	514
132	689
132	728
133	17
133	23
133	66
133	84
133	97
133	99
133	101
133	107
133	138
133	147
133	150
133	153
133	165
133	175
133	177
133	179
133	180
133	183
133	184
133	207
133	467
133	682
133	741
134	59
134	102
134	107
134	110
134	115
134	128
134	131
134	135
134	143
134	153
134	156
134	158
134	159
134	160
134	167
134	171
134	172
134	176
134	178
134	455
134	798
134	852
134	998
135	49
135	51
135	89
135	94
135	113
135	119
135	120
135	126
135	134
135	147
135	150
135	156
135	163
135	166
135	169
135	170
135	179
135	180
135	447
135	470
135	649
135	746
135	874
136	39
136	53
136	60
136	66
136	76
136	89
136	124
136	131
136	140
136	149
136	157
136	158
136	159
136	161
136	169
136	171
136	173
136	178
136	182
136	310
136	414
136	570
136	627
136	975
137	2
137	20
137	38
137	53
137	94
137	103
137	109
137	114
137	120
137	122
137	129
137	132
137	145
137	165
137	174
137	177
137	182
137	183
137	184
137	404
137	551
137	630
137	712
137	930
138	8
138	27
138	37
138	42
138	50
138	85
138	121
138	131
138	133
138	139
138	155
138	157
138	159
138	164
138	170
138	176
138	177
138	181
138	182
138	244
138	378
138	396
138	734
138	817
139	12
139	30
139	46
139	67
139	70
139	91
139	93
139	103
139	126
139	138
139	141
139	158
139	162
139	171
139	172
139	173
139	175
139	176
139	182
139	184
139	341
139	380
139	892
139	922
139	972
140	6
140	16
140	45
140	53
140	54
140	62
140	70
140	85
140	95
140	101
140	125
140	136
140	149
140	153
140	156
140	166
140	169
140	173
140	175
140	183
140	394
140	551
140	736
140	757
140	761
141	2
141	27
141	51
141	56
141	71
141	95
141	97
141	99
141	103
141	105
141	112
141	116
141	118
141	120
141	128
141	139
141	170
141	175
141	177
141	184
141	213
141	336
141	450
141	670
141	726
142	7
142	17
142	19
142	24
142	32
142	45
142	58
142	62
142	63
142	64
142	116
142	123
142	148
142	151
142	153
142	155
142	164
142	165
142	167
142	173
142	182
142	345
142	416
142	466
142	779
142	997
143	4
143	7
143	10
143	15
143	26
143	47
143	91
143	96
143	99
143	106
143	108
143	109
143	114
143	134
143	144
143	152
143	153
143	157
143	161
143	178
143	183
143	214
143	301
143	423
143	472
143	682
144	40
144	53
144	68
144	81
144	84
144	105
144	115
144	117
144	118
144	119
144	130
144	143
144	154
144	159
144	160
144	163
144	171
144	172
144	174
144	178
144	183
144	457
144	464
144	517
144	643
144	756
144	982
145	26
145	40
145	45
145	51
145	61
145	63
145	68
145	86
145	115
145	117
145	123
145	124
145	127
145	128
145	129
145	137
145	152
145	165
145	167
145	174
145	181
145	319
145	339
145	562
145	592
145	747
145	766
146	9
146	16
146	21
146	24
146	43
146	44
146	52
146	68
146	92
146	94
146	95
146	96
146	100
146	103
146	148
146	153
146	159
146	164
146	170
146	173
146	181
146	182
146	345
146	363
146	733
146	764
146	969
147	14
147	22
147	26
147	63
147	64
147	67
147	69
147	73
147	80
147	99
147	121
147	132
147	133
147	135
147	157
147	163
147	164
147	168
147	173
147	174
147	177
147	183
147	345
147	380
147	635
147	752
147	903
148	3
148	4
148	15
148	43
148	72
148	73
148	81
148	86
148	96
148	101
148	142
148	146
148	151
148	153
148	154
148	155
148	159
148	160
148	162
148	172
148	180
148	181
148	182
148	417
148	542
148	698
148	711
148	834
149	28
149	29
149	47
149	54
149	68
149	69
149	95
149	108
149	115
149	116
149	118
149	136
149	140
149	152
149	153
149	155
149	156
149	161
149	165
149	170
149	172
149	175
149	178
149	379
149	445
149	468
149	494
149	681
149	984
150	12
150	23
150	70
150	85
150	95
150	102
150	104
150	108
150	111
150	118
150	133
150	135
150	159
150	160
150	165
150	166
150	168
150	169
150	170
150	173
150	175
150	177
150	179
150	443
150	746
150	763
150	917
150	929
150	993
151	15
151	21
151	26
151	50
151	51
151	63
151	72
151	73
151	81
151	83
151	87
151	103
151	106
151	130
151	142
151	148
151	158
151	159
151	162
151	163
151	170
151	178
151	181
151	330
151	368
151	471
151	493
151	884
151	909
152	10
152	12
152	59
152	71
152	98
152	101
152	105
152	108
152	118
152	131
152	143
152	145
152	149
152	155
152	160
152	165
152	169
152	172
152	175
152	176
152	178
152	180
152	181
152	183
152	405
152	448
152	753
152	761
152	765
152	816
153	34
153	47
153	53
153	59
153	60
153	67
153	71
153	72
153	96
153	99
153	100
153	110
153	120
153	129
153	133
153	134
153	140
153	142
153	143
153	146
153	148
153	149
153	167
153	168
153	175
153	340
153	687
153	704
153	731
153	754
153	817
154	13
154	22
154	37
154	38
154	49
154	51
154	80
154	84
154	85
154	94
154	97
154	104
154	128
154	144
154	148
154	156
154	160
154	162
154	163
154	169
154	170
154	175
154	176
154	183
154	288
154	296
154	361
154	413
154	673
154	725
154	735
155	1
155	21
155	43
155	65
155	78
155	90
155	98
155	105
155	109
155	115
155	138
155	142
155	148
155	149
155	152
155	159
155	163
155	164
155	167
155	168
155	169
155	172
155	176
155	182
155	184
155	223
155	321
155	323
155	426
155	644
155	932
156	6
156	7
156	12
156	43
156	75
156	83
156	87
156	96
156	102
156	114
156	126
156	129
156	130
156	134
156	135
156	140
156	149
156	154
156	157
156	158
156	178
156	179
156	180
156	183
156	184
156	347
156	389
156	754
156	934
156	949
156	976
157	16
157	18
157	23
157	27
157	43
157	50
157	96
157	106
157	120
157	122
157	125
157	130
157	136
157	138
157	143
157	147
157	156
157	160
157	161
157	164
157	167
157	171
157	172
157	180
157	184
157	310
157	311
157	313
157	605
157	724
157	752
157	993
158	19
158	22
158	37
158	41
158	55
158	79
158	86
158	104
158	107
158	110
158	113
158	124
158	126
158	134
158	136
158	139
158	151
158	156
158	166
158	168
158	170
158	172
158	173
158	175
158	176
158	179
158	184
158	335
158	462
158	472
158	632
158	720
158	734
159	8
159	18
159	33
159	42
159	52
159	93
159	104
159	134
159	136
159	138
159	144
159	146
159	148
159	150
159	151
159	155
159	160
159	165
159	166
159	167
159	170
159	172
159	173
159	179
159	180
159	182
159	662
159	712
159	743
159	756
159	765
159	854
159	965
160	2
160	29
160	46
160	59
160	63
160	75
160	83
160	85
160	98
160	108
160	123
160	127
160	131
160	134
160	144
160	148
160	150
160	152
160	154
160	157
160	159
160	171
160	172
160	176
160	178
160	180
160	280
160	384
160	567
160	737
160	762
160	955
160	971
161	36
161	53
161	57
161	66
161	77
161	89
161	92
161	102
161	108
161	111
161	114
161	117
161	124
161	131
161	136
161	143
161	149
161	157
161	166
161	170
161	171
161	172
161	175
161	178
161	179
161	181
161	183
161	359
161	727
161	739
161	799
161	932
161	988
161	994
162	24
162	33
162	36
162	49
162	62
162	70
162	73
162	78
162	88
162	91
162	101
162	105
162	109
162	117
162	139
162	148
162	151
162	154
162	166
162	169
162	173
162	174
162	175
162	176
162	177
162	182
162	184
162	453
162	530
162	550
162	596
162	715
162	716
162	939
163	5
163	10
163	21
163	31
163	48
163	63
163	70
163	73
163	91
163	103
163	109
163	113
163	116
163	117
163	122
163	124
163	125
163	128
163	129
163	135
163	144
163	147
163	151
163	154
163	155
163	169
163	177
163	180
163	272
163	289
163	296
163	468
163	570
163	743
163	901
164	4
164	8
164	29
164	45
164	65
164	72
164	78
164	88
164	89
164	109
164	110
164	113
164	114
164	115
164	119
164	126
164	131
164	138
164	142
164	146
164	147
164	155
164	157
164	169
164	177
164	179
164	181
164	182
164	184
164	450
164	603
164	759
164	874
164	912
164	947
164	991
165	4
165	16
165	24
165	28
165	63
165	64
165	73
165	87
165	103
165	111
165	117
165	121
165	122
165	128
165	133
165	137
165	142
165	145
165	149
165	150
165	152
165	159
165	166
165	171
165	174
165	176
165	178
165	183
165	234
165	377
165	531
165	633
165	700
165	843
165	879
165	911
166	13
166	22
166	29
166	54
166	55
166	56
166	70
166	82
166	90
166	93
166	104
166	122
166	129
166	135
166	140
166	150
166	158
166	159
166	161
166	162
166	165
166	167
166	169
166	174
166	177
166	178
166	179
166	182
166	183
166	495
166	513
166	634
166	660
166	757
166	806
166	966
166	996
167	23
167	26
167	33
167	43
167	49
167	63
167	69
167	83
167	85
167	86
167	87
167	98
167	115
167	119
167	134
167	142
167	145
167	153
167	155
167	157
167	159
167	166
167	168
167	170
167	171
167	173
167	174
167	181
167	182
167	184
167	267
167	547
167	599
167	636
167	684
167	725
167	771
167	831
168	25
168	33
168	37
168	42
168	53
168	67
168	74
168	82
168	84
168	93
168	106
168	111
168	113
168	116
168	117
168	120
168	123
168	128
168	147
168	150
168	153
168	155
168	158
168	167
168	172
168	175
168	176
168	178
168	181
168	182
168	183
168	225
168	343
168	678
168	840
168	918
168	929
168	942
168	980
169	13
169	24
169	37
169	40
169	58
169	61
169	66
169	74
169	77
169	82
169	97
169	113
169	114
169	125
169	127
169	132
169	135
169	136
169	140
169	150
169	152
169	154
169	155
169	162
169	163
169	164
169	166
169	174
169	176
169	178
169	180
169	426
169	470
169	612
169	675
169	692
169	735
169	744
169	805
170	4
170	11
170	19
170	25
170	30
170	51
170	69
170	81
170	103
170	111
170	112
170	113
170	114
170	119
170	127
170	132
170	135
170	138
170	141
170	146
170	149
170	150
170	151
170	154
170	158
170	159
170	161
170	167
170	171
170	173
170	181
170	182
170	227
170	249
170	260
170	275
170	675
170	713
170	944
170	952
171	35
171	46
171	47
171	68
171	69
171	72
171	74
171	78
171	79
171	86
171	94
171	95
171	96
171	118
171	120
171	125
171	128
171	134
171	136
171	139
171	144
171	157
171	160
171	161
171	165
171	167
171	170
171	176
171	178
171	179
171	180
171	183
171	215
171	217
171	332
171	379
171	430
171	460
171	792
171	895
172	6
172	26
172	53
172	55
172	60
172	62
172	67
172	73
172	77
172	86
172	87
172	88
172	110
172	114
172	115
172	118
172	134
172	139
172	144
172	148
172	149
172	152
172	155
172	157
172	158
172	159
172	160
172	161
172	168
172	174
172	177
172	178
172	180
172	183
172	247
172	251
172	434
172	446
172	772
172	802
172	810
172	981
172	997
173	9
173	15
173	17
173	37
173	43
173	44
173	69
173	72
173	78
173	83
173	85
173	88
173	90
173	102
173	107
173	115
173	122
173	124
173	132
173	136
173	139
173	140
173	142
173	146
173	147
173	150
173	158
173	159
173	162
173	167
173	170
173	178
173	182
173	183
173	184
173	189
173	224
173	254
173	306
173	334
173	424
173	464
173	861
174	3
174	11
174	13
174	14
174	20
174	22
174	30
174	54
174	64
174	68
174	87
174	88
174	98
174	103
174	109
174	119
174	122
174	124
174	128
174	130
174	137
174	144
174	145
174	147
174	162
174	165
174	166
174	167
174	169
174	172
174	176
174	177
174	179
174	183
174	184
174	436
174	591
174	645
174	671
174	759
174	760
174	765
174	789
174	946
175	7
175	21
175	36
175	56
175	61
175	62
175	65
175	66
175	81
175	83
175	95
175	99
175	106
175	108
175	113
175	114
175	117
175	133
175	139
175	140
175	141
175	149
175	150
175	152
175	153
175	154
175	158
175	161
175	162
175	168
175	176
175	179
175	180
175	181
175	184
175	212
175	304
175	446
175	723
175	820
175	884
175	916
175	934
175	989
176	2
176	4
176	9
176	14
176	24
176	25
176	31
176	44
176	58
176	62
176	70
176	74
176	84
176	122
176	123
176	125
176	129
176	134
176	138
176	139
176	152
176	154
176	155
176	158
176	160
176	162
176	165
176	168
176	169
176	171
176	174
176	175
176	181
176	182
176	183
176	357
176	480
176	509
176	691
176	746
176	940
176	950
176	967
176	982
177	20
177	28
177	40
177	41
177	44
177	56
177	57
177	87
177	96
177	97
177	98
177	101
177	102
177	103
177	106
177	109
177	123
177	124
177	128
177	132
177	133
177	137
177	138
177	141
177	147
177	150
177	162
177	163
177	164
177	166
177	172
177	174
177	179
177	180
177	181
177	197
177	442
177	543
177	559
177	715
177	740
177	887
177	956
177	960
178	7
178	11
178	23
178	33
178	45
178	48
178	50
178	54
178	57
178	76
178	85
178	90
178	105
178	108
178	116
178	120
178	129
178	134
178	136
178	143
178	144
178	149
178	151
178	152
178	156
178	160
178	161
178	165
178	166
178	168
178	169
178	171
178	172
178	173
178	180
178	183
178	255
178	566
178	620
178	624
178	659
178	713
178	759
178	811
178	962
179	1
179	3
179	6
179	8
179	12
179	17
179	37
179	58
179	60
179	73
179	74
179	75
179	84
179	86
179	88
179	97
179	104
179	109
179	112
179	116
179	119
179	124
179	128
179	133
179	135
179	150
179	156
179	158
179	159
179	161
179	164
179	166
179	171
179	174
179	175
179	177
179	183
179	294
179	475
179	508
179	619
179	670
179	702
179	778
179	880
179	923
179	989
180	7
180	18
180	29
180	37
180	38
180	39
180	46
180	49
180	59
180	66
180	91
180	93
180	95
180	104
180	105
180	110
180	112
180	116
180	118
180	121
180	125
180	127
180	133
180	135
180	148
180	152
180	156
180	157
180	159
180	160
180	163
180	169
180	171
180	172
180	175
180	177
180	178
180	183
180	288
180	316
180	393
180	520
180	587
180	629
180	883
180	975
180	997
181	17
181	30
181	42
181	46
181	49
181	51
181	57
181	62
181	67
181	69
181	74
181	75
181	87
181	88
181	89
181	92
181	94
181	97
181	105
181	119
181	121
181	123
181	127
181	138
181	145
181	146
181	148
181	151
181	152
181	161
181	164
181	167
181	168
181	170
181	175
181	176
181	177
181	182
181	367
181	387
181	472
181	473
181	552
181	756
181	815
181	968
181	980
182	14
182	32
182	36
182	42
182	45
182	56
182	57
182	58
182	77
182	82
182	83
182	90
182	93
182	102
182	118
182	119
182	122
182	123
182	127
182	132
182	136
182	137
182	138
182	139
182	142
182	146
182	148
182	155
182	159
182	162
182	164
182	166
182	167
182	168
182	170
182	173
182	176
182	181
182	281
182	600
182	677
182	681
182	810
182	875
182	878
182	915
182	943
183	12
183	18
183	36
183	38
183	39
183	54
183	55
183	56
183	60
183	75
183	76
183	92
183	95
183	102
183	113
183	114
183	119
183	126
183	130
183	133
183	137
183	140
183	143
183	144
183	147
183	152
183	154
183	156
183	161
183	165
183	166
183	168
183	171
183	172
183	173
183	174
183	176
183	178
183	179
183	180
183	668
183	675
183	701
183	724
183	759
183	763
183	866
183	930
183	967
184	9
184	19
184	30
184	33
184	41
184	45
184	50
184	51
184	52
184	61
184	70
184	71
184	77
184	78
184	79
184	82
184	83
184	85
184	89
184	92
184	107
184	111
184	115
184	119
184	127
184	130
184	133
184	137
184	139
184	141
184	155
184	156
184	157
184	158
184	162
184	164
184	167
184	173
184	174
184	175
184	294
184	307
184	313
184	326
184	342
184	475
184	477
184	961
184	979
185	200
185	204
185	209
185	211
185	230
185	289
185	314
185	342
185	625
185	926
186	27
186	202
186	228
186	273
186	286
186	305
186	330
186	334
186	341
186	460
187	196
187	266
187	278
187	297
187	319
187	331
187	333
187	334
187	390
187	507
188	211
188	216
188	251
188	285
188	309
188	311
188	326
188	338
188	375
188	773
189	173
189	203
189	285
189	286
189	311
189	320
189	334
189	339
189	345
189	917
190	201
190	295
190	316
190	325
190	333
190	339
190	340
190	341
190	396
190	683
191	246
191	255
191	263
191	323
191	324
191	325
191	329
191	333
191	586
191	962
192	73
192	196
192	205
192	271
192	279
192	299
192	318
192	338
192	342
192	720
193	194
193	207
193	242
193	317
193	328
193	330
193	340
193	341
193	358
193	719
194	92
194	193
194	244
194	262
194	278
194	310
194	323
194	327
194	334
194	750
195	223
195	285
195	301
195	315
195	326
195	336
195	342
195	343
195	452
195	466
196	187
196	192
196	255
196	277
196	294
196	304
196	309
196	322
196	706
196	992
197	177
197	250
197	258
197	299
197	312
197	315
197	316
197	329
197	331
197	446
198	212
198	248
198	255
198	298
198	327
198	335
198	339
198	340
198	742
198	986
199	226
199	228
199	237
199	242
199	312
199	316
199	327
199	343
199	458
199	616
200	185
200	239
200	273
200	284
200	286
200	307
200	329
200	336
200	760
200	893
201	190
201	216
201	300
201	305
201	322
201	339
201	340
201	344
201	738
201	990
202	66
202	186
202	220
202	225
202	284
202	325
202	332
202	339
202	344
202	897
203	26
203	189
203	218
203	219
203	231
203	236
203	312
203	328
203	334
203	505
204	185
204	210
204	281
204	334
204	338
204	340
204	343
204	344
204	345
204	663
204	885
205	31
205	192
205	252
205	284
205	299
205	303
205	315
205	342
205	344
205	731
205	748
206	251
206	258
206	282
206	288
206	293
206	309
206	312
206	331
206	342
206	706
206	977
207	133
207	193
207	223
207	244
207	309
207	312
207	322
207	325
207	330
207	334
207	698
208	216
208	243
208	247
208	285
208	313
208	316
208	318
208	321
208	345
208	366
208	839
209	185
209	253
209	271
209	289
209	317
209	319
209	324
209	338
209	340
209	437
209	948
210	204
210	254
210	269
210	287
210	291
210	294
210	305
210	306
210	338
210	636
210	978
211	185
211	188
211	229
211	308
211	310
211	324
211	327
211	333
211	343
211	721
211	935
212	175
212	198
212	223
212	224
212	235
212	277
212	285
212	290
212	306
212	626
212	726
213	89
213	141
213	215
213	236
213	245
213	320
213	329
213	333
213	336
213	339
213	344
214	143
214	232
214	234
214	269
214	279
214	308
214	310
214	317
214	320
214	321
214	710
215	171
215	213
215	226
215	272
215	275
215	294
215	310
215	313
215	338
215	345
215	448
216	188
216	201
216	208
216	222
216	289
216	293
216	299
216	313
216	330
216	497
216	763
217	171
217	227
217	240
217	251
217	283
217	298
217	303
217	304
217	334
217	341
217	578
218	203
218	230
218	234
218	243
218	265
218	274
218	298
218	321
218	322
218	458
218	764
219	203
219	253
219	275
219	285
219	293
219	324
219	334
219	335
219	344
219	635
219	657
220	202
220	230
220	242
220	244
220	260
220	271
220	322
220	328
220	339
220	452
220	602
220	939
221	265
221	275
221	304
221	306
221	307
221	317
221	329
221	340
221	342
221	568
221	779
221	947
222	68
222	216
222	246
222	253
222	270
222	318
222	326
222	328
222	333
222	338
222	342
222	684
223	155
223	195
223	207
223	212
223	257
223	276
223	293
223	300
223	326
223	338
223	340
223	456
224	173
224	212
224	257
224	263
224	299
224	304
224	306
224	332
224	339
224	345
224	713
224	768
225	168
225	202
225	265
225	270
225	276
225	296
225	298
225	319
225	324
225	337
225	341
225	769
226	199
226	215
226	260
226	282
226	297
226	311
226	320
226	329
226	335
226	494
226	584
226	983
227	170
227	217
227	233
227	256
227	283
227	299
227	316
227	337
227	340
227	341
227	485
227	856
228	186
228	199
228	289
228	310
228	314
228	324
228	326
228	338
228	345
228	451
228	465
228	856
229	211
229	259
229	261
229	262
229	267
229	270
229	277
229	281
229	292
229	294
229	719
229	914
230	185
230	218
230	220
230	285
230	286
230	288
230	291
230	315
230	322
230	336
230	617
230	977
231	105
231	203
231	236
231	255
231	258
231	270
231	283
231	306
231	324
231	339
231	340
231	728
232	214
232	236
232	237
232	281
232	291
232	306
232	311
232	320
232	322
232	340
232	687
232	944
233	227
233	267
233	285
233	292
233	295
233	309
233	333
233	334
233	336
233	340
233	844
233	966
234	165
234	214
234	218
234	252
234	255
234	288
234	300
234	305
234	335
234	337
234	697
234	756
235	212
235	241
235	245
235	250
235	272
235	279
235	330
235	331
235	335
235	576
235	701
235	839
236	203
236	213
236	231
236	232
236	278
236	332
236	336
236	337
236	339
236	340
236	650
236	824
237	199
237	232
237	255
237	297
237	305
237	320
237	323
237	324
237	336
237	345
237	450
237	679
237	804
238	252
238	291
238	296
238	302
238	308
238	319
238	327
238	331
238	333
238	343
238	388
238	610
238	996
239	200
239	256
239	263
239	266
239	284
239	297
239	324
239	329
239	331
239	334
239	335
239	425
239	765
240	41
240	217
240	243
240	294
240	300
240	304
240	309
240	313
240	314
240	342
240	343
240	345
240	797
241	235
241	254
241	265
241	278
241	286
241	305
241	309
241	312
241	321
241	330
241	483
241	571
241	575
242	193
242	199
242	220
242	276
242	277
242	291
242	302
242	328
242	330
242	332
242	340
242	513
242	911
243	208
243	218
243	240
243	244
243	300
243	311
243	313
243	328
243	330
243	337
243	429
243	439
243	1000
244	138
244	194
244	207
244	220
244	243
244	245
244	305
244	330
244	337
244	341
244	343
244	770
244	860
245	213
245	235
245	244
245	254
245	291
245	308
245	314
245	324
245	331
245	336
245	371
245	828
245	963
246	191
246	222
246	248
246	287
246	298
246	314
246	317
246	318
246	326
246	327
246	344
246	522
246	707
247	172
247	208
247	249
247	279
247	282
247	292
247	294
247	301
247	317
247	335
247	337
247	342
247	345
247	364
248	117
248	198
248	246
248	264
248	317
248	325
248	334
248	335
248	339
248	341
248	343
248	344
248	466
248	545
249	170
249	247
249	256
249	302
249	303
249	306
249	320
249	331
249	335
249	342
249	344
249	345
249	589
249	692
250	197
250	235
250	288
250	290
250	295
250	300
250	306
250	321
250	333
250	337
250	341
250	639
250	823
250	868
251	172
251	188
251	206
251	217
251	276
251	292
251	300
251	302
251	326
251	332
251	335
251	344
251	432
251	885
252	205
252	234
252	238
252	267
252	269
252	302
252	320
252	331
252	333
252	342
252	343
252	438
252	460
252	716
253	209
253	219
253	222
253	268
253	270
253	281
253	283
253	316
253	319
253	323
253	341
253	344
253	920
253	965
254	39
254	173
254	210
254	241
254	245
254	257
254	263
254	300
254	302
254	312
254	338
254	341
254	342
254	717
255	178
255	191
255	196
255	198
255	231
255	234
255	237
255	277
255	309
255	313
255	320
255	323
255	339
255	688
256	110
256	227
256	239
256	249
256	264
256	282
256	287
256	296
256	307
256	310
256	324
256	329
256	343
256	858
257	223
257	224
257	254
257	259
257	284
257	302
257	317
257	328
257	338
257	343
257	345
257	474
257	487
257	996
258	197
258	206
258	231
258	277
258	280
258	290
258	314
258	315
258	337
258	341
258	343
258	463
258	488
258	661
259	121
259	229
259	257
259	278
259	285
259	290
259	292
259	295
259	315
259	323
259	326
259	331
259	334
259	401
259	406
260	170
260	220
260	226
260	261
260	269
260	272
260	307
260	318
260	323
260	327
260	329
260	334
260	344
260	759
260	964
261	229
261	260
261	281
261	290
261	296
261	308
261	310
261	316
261	319
261	331
261	336
261	343
261	539
261	555
261	707
262	194
262	229
262	270
262	289
262	301
262	326
262	332
262	336
262	342
262	343
262	344
262	345
262	461
262	565
262	965
263	79
263	191
263	224
263	239
263	254
263	289
263	317
263	320
263	321
263	338
263	339
263	340
263	345
263	351
263	703
264	248
264	256
264	270
264	290
264	304
264	307
264	321
264	325
264	330
264	332
264	335
264	336
264	341
264	702
264	828
264	908
265	67
265	218
265	221
265	225
265	241
265	290
265	291
265	305
265	321
265	322
265	330
265	331
265	341
265	343
265	530
265	933
266	81
266	187
266	239
266	292
266	303
266	312
266	317
266	321
266	325
266	327
266	334
266	339
266	342
266	345
266	525
266	873
267	57
267	167
267	229
267	233
267	252
267	272
267	280
267	295
267	301
267	328
267	334
267	336
267	337
267	339
267	340
267	892
268	253
268	278
268	289
268	298
268	307
268	314
268	317
268	325
268	334
268	340
268	343
268	344
268	345
268	913
268	958
268	999
269	210
269	214
269	252
269	260
269	275
269	295
269	297
269	306
269	307
269	319
269	322
269	323
269	325
269	340
269	400
269	542
269	946
270	13
270	222
270	225
270	229
270	231
270	253
270	262
270	264
270	281
270	301
270	303
270	314
270	322
270	337
270	343
270	655
270	676
271	43
271	68
271	192
271	209
271	220
271	277
271	289
271	301
271	302
271	309
271	314
271	318
271	324
271	325
271	337
271	345
271	752
272	163
272	215
272	235
272	260
272	267
272	280
272	299
272	317
272	321
272	323
272	327
272	330
272	337
272	341
272	468
272	717
272	736
273	118
273	186
273	200
273	280
273	289
273	296
273	299
273	301
273	311
273	321
273	330
273	332
273	337
273	338
273	341
273	696
273	912
274	218
274	278
274	280
274	294
274	301
274	304
274	306
274	309
274	311
274	326
274	328
274	333
274	340
274	342
274	548
274	727
274	765
275	170
275	215
275	219
275	221
275	269
275	287
275	304
275	313
275	320
275	336
275	337
275	340
275	342
275	345
275	562
275	898
275	991
276	121
276	223
276	225
276	242
276	251
276	286
276	300
276	315
276	317
276	327
276	331
276	332
276	335
276	343
276	344
276	425
276	447
276	898
277	196
277	212
277	229
277	242
277	255
277	258
277	271
277	286
277	299
277	302
277	319
277	336
277	339
277	340
277	344
277	467
277	754
277	757
278	187
278	194
278	236
278	241
278	259
278	268
278	274
278	281
278	289
278	302
278	323
278	332
278	343
278	344
278	452
278	652
278	763
278	984
279	192
279	214
279	235
279	247
279	282
279	299
279	300
279	303
279	307
279	308
279	310
279	324
279	336
279	341
279	344
279	383
279	652
279	705
280	160
280	258
280	267
280	272
280	273
280	274
280	286
280	295
280	301
280	311
280	312
280	318
280	326
280	337
280	339
280	342
280	536
280	734
281	182
281	204
281	229
281	232
281	253
281	261
281	270
281	278
281	282
281	298
281	309
281	327
281	328
281	330
281	344
281	345
281	461
281	761
282	101
282	206
282	226
282	247
282	256
282	279
282	281
282	307
282	317
282	323
282	329
282	333
282	340
282	342
282	344
282	465
282	871
282	991
283	217
283	227
283	231
283	253
283	286
283	292
283	298
283	299
283	311
283	324
283	330
283	336
283	337
283	341
283	344
283	471
283	961
283	977
284	200
284	202
284	205
284	239
284	257
284	292
284	294
284	297
284	324
284	327
284	332
284	335
284	340
284	341
284	344
284	734
284	743
284	873
284	955
285	188
285	189
285	195
285	208
285	212
285	219
285	230
285	233
285	259
285	299
285	303
285	306
285	316
285	328
285	339
285	410
285	462
285	689
285	864
286	61
286	186
286	189
286	200
286	230
286	241
286	276
286	277
286	280
286	283
286	319
286	321
286	326
286	335
286	339
286	340
286	473
286	620
286	946
287	33
287	210
287	246
287	256
287	275
287	288
287	306
287	307
287	309
287	310
287	313
287	316
287	318
287	326
287	334
287	342
287	345
287	764
287	942
287	992
288	14
288	154
288	180
288	206
288	230
288	234
288	250
288	287
288	296
288	298
288	303
288	305
288	308
288	318
288	321
288	330
288	337
288	344
288	345
288	997
289	163
289	185
289	209
289	216
289	228
289	262
289	263
289	268
289	271
289	273
289	278
289	306
289	331
289	332
289	336
289	339
289	342
289	621
289	674
289	974
290	212
290	250
290	258
290	259
290	261
290	264
290	265
290	302
290	307
290	321
290	327
290	329
290	332
290	333
290	334
290	335
290	344
290	365
290	560
290	685
290	925
291	210
291	230
291	232
291	238
291	242
291	245
291	265
291	295
291	304
291	310
291	311
291	322
291	326
291	328
291	330
291	340
291	344
291	400
291	416
291	485
291	705
292	229
292	233
292	247
292	251
292	259
292	266
292	283
292	284
292	293
292	295
292	301
292	312
292	322
292	333
292	342
292	343
292	344
292	415
292	445
292	454
292	755
293	206
293	216
293	219
293	223
293	292
293	308
293	310
293	312
293	318
293	326
293	327
293	334
293	335
293	337
293	340
293	343
293	345
293	698
293	743
293	744
293	951
294	49
294	179
294	184
294	196
294	210
294	215
294	229
294	240
294	247
294	274
294	284
294	318
294	322
294	328
294	330
294	335
294	336
294	338
294	342
294	345
294	512
295	68
295	190
295	233
295	250
295	259
295	267
295	269
295	280
295	291
295	292
295	309
295	311
295	314
295	322
295	327
295	328
295	333
295	345
295	739
295	771
295	911
295	968
296	154
296	163
296	225
296	238
296	256
296	261
296	273
296	288
296	297
296	299
296	300
296	305
296	307
296	309
296	315
296	317
296	321
296	324
296	337
296	341
296	402
296	495
296	756
297	187
297	226
297	237
297	239
297	269
297	284
297	296
297	299
297	307
297	315
297	320
297	323
297	324
297	328
297	336
297	338
297	339
297	342
297	344
297	433
297	673
297	682
297	993
298	198
298	217
298	218
298	225
298	246
298	268
298	281
298	283
298	288
298	300
298	305
298	315
298	321
298	323
298	325
298	330
298	335
298	341
298	342
298	447
298	807
298	840
298	961
298	970
299	192
299	197
299	205
299	216
299	224
299	227
299	272
299	273
299	277
299	279
299	283
299	285
299	296
299	297
299	300
299	305
299	327
299	330
299	337
299	341
299	454
299	749
299	789
299	963
300	201
300	223
300	234
300	240
300	243
300	250
300	251
300	254
300	276
300	279
300	296
300	298
300	299
300	321
300	326
300	336
300	337
300	341
300	344
300	549
300	638
300	644
300	737
300	866
301	143
301	195
301	247
301	262
301	267
301	270
301	271
301	273
301	274
301	280
301	292
301	303
301	309
301	311
301	322
301	326
301	328
301	333
301	340
301	344
301	590
301	731
301	870
301	992
302	238
302	242
302	249
302	251
302	252
302	254
302	257
302	271
302	277
302	278
302	290
302	304
302	306
302	314
302	329
302	338
302	339
302	344
302	345
302	350
302	449
302	499
302	732
302	1000
303	49
303	205
303	217
303	249
303	266
303	270
303	279
303	285
303	288
303	301
303	304
303	307
303	315
303	316
303	324
303	325
303	334
303	335
303	343
303	344
303	375
303	498
303	554
303	565
304	175
304	196
304	217
304	221
304	224
304	240
304	264
304	274
304	275
304	291
304	302
304	303
304	313
304	314
304	325
304	333
304	336
304	338
304	342
304	343
304	345
304	399
304	655
304	677
304	965
305	93
305	186
305	201
305	210
305	234
305	237
305	241
305	244
305	265
305	288
305	296
305	298
305	299
305	307
305	312
305	318
305	329
305	338
305	340
305	341
305	343
305	459
305	556
305	949
305	956
306	86
306	173
306	210
306	212
306	221
306	224
306	231
306	232
306	249
306	250
306	269
306	274
306	285
306	287
306	289
306	302
306	308
306	313
306	316
306	327
306	338
306	339
306	345
306	656
306	706
306	734
307	98
307	184
307	200
307	221
307	256
307	260
307	264
307	268
307	269
307	279
307	282
307	287
307	290
307	296
307	297
307	303
307	305
307	308
307	331
307	332
307	333
307	340
307	343
307	636
307	905
307	954
308	85
308	211
308	214
308	238
308	245
308	261
308	279
308	288
308	293
308	306
308	307
308	310
308	316
308	317
308	318
308	319
308	325
308	333
308	337
308	338
308	339
308	345
308	608
308	674
308	678
308	991
309	188
309	196
309	206
309	207
309	233
309	240
309	241
309	255
309	271
309	274
309	281
309	287
309	295
309	296
309	301
309	326
309	327
309	338
309	339
309	340
309	345
309	346
309	445
309	506
309	546
309	582
310	136
310	157
310	194
310	211
310	214
310	215
310	228
310	256
310	261
310	279
310	287
310	291
310	293
310	308
310	315
310	319
310	320
310	323
310	331
310	332
310	336
310	339
310	343
310	581
310	702
310	749
311	157
311	188
311	189
311	226
311	232
311	243
311	273
311	274
311	280
311	283
311	291
311	295
311	301
311	313
311	315
311	321
311	326
311	328
311	329
311	338
311	341
311	342
311	548
311	585
311	921
311	970
312	57
312	197
312	199
312	203
312	206
312	207
312	241
312	254
312	266
312	280
312	292
312	293
312	305
312	315
312	316
312	319
312	320
312	325
312	330
312	332
312	338
312	343
312	672
312	708
312	832
312	943
313	157
313	184
313	208
313	215
313	216
313	240
313	243
313	255
313	275
313	287
313	304
313	306
313	311
313	315
313	318
313	319
313	320
313	323
313	328
313	329
313	340
313	342
313	345
313	616
313	678
313	719
313	890
314	185
314	228
314	240
314	245
314	246
314	258
314	268
314	270
314	271
314	295
314	302
314	304
314	317
314	318
314	321
314	322
314	323
314	325
314	332
314	333
314	338
314	342
314	353
314	627
314	934
314	957
314	976
315	195
315	197
315	205
315	230
315	258
315	259
315	276
315	296
315	297
315	298
315	303
315	310
315	311
315	312
315	313
315	318
315	319
315	325
315	328
315	334
315	335
315	344
315	537
315	689
315	747
315	809
315	844
316	70
316	180
316	190
316	197
316	199
316	208
316	227
316	253
316	261
316	285
316	287
316	303
316	306
316	308
316	312
316	325
316	327
316	332
316	335
316	338
316	340
316	341
316	343
316	344
316	397
316	667
316	757
317	38
317	193
317	209
317	214
317	221
317	246
317	247
317	248
317	257
317	263
317	266
317	268
317	272
317	276
317	282
317	296
317	308
317	314
317	325
317	338
317	342
317	345
317	442
317	583
317	919
317	976
317	999
318	80
318	192
318	208
318	222
318	246
318	260
318	271
318	280
318	287
318	288
318	293
318	294
318	305
318	308
318	313
318	314
318	315
318	326
318	333
318	334
318	342
318	343
318	345
318	402
318	546
318	647
318	746
318	768
319	145
319	187
319	209
319	225
319	238
319	253
319	261
319	269
319	277
319	286
319	308
319	310
319	312
319	313
319	315
319	320
319	323
319	325
319	329
319	331
319	336
319	342
319	344
319	717
319	821
319	885
319	941
319	975
320	84
320	131
320	189
320	213
320	214
320	226
320	232
320	237
320	249
320	252
320	255
320	263
320	275
320	297
320	310
320	312
320	313
320	319
320	322
320	331
320	333
320	336
320	340
320	341
320	376
320	590
320	615
320	847
321	155
321	208
321	214
321	218
321	241
321	250
321	263
321	264
321	265
321	266
321	272
321	273
321	286
321	288
321	290
321	296
321	298
321	300
321	311
321	314
321	328
321	335
321	337
321	341
321	342
321	564
321	666
321	888
321	968
322	196
322	201
322	207
322	218
322	220
322	230
322	232
322	265
322	269
322	270
322	291
322	292
322	294
322	295
322	301
322	314
322	320
322	324
322	326
322	328
322	331
322	335
322	338
322	339
322	464
322	486
322	600
322	899
322	900
322	906
323	10
323	40
323	155
323	191
323	194
323	237
323	253
323	255
323	259
323	260
323	269
323	272
323	278
323	282
323	297
323	298
323	310
323	313
323	314
323	319
323	324
323	329
323	330
323	333
323	336
323	339
323	345
323	730
323	823
323	852
323	891
324	24
324	40
324	191
324	209
324	211
324	219
324	225
324	228
324	231
324	237
324	239
324	245
324	256
324	271
324	279
324	283
324	284
324	296
324	297
324	303
324	322
324	323
324	329
324	330
324	331
324	332
324	333
324	336
324	719
324	762
324	839
324	945
325	20
325	190
325	191
325	202
325	207
325	248
325	264
325	266
325	268
325	269
325	271
325	298
325	303
325	304
325	308
325	312
325	314
325	315
325	316
325	317
325	319
325	326
325	327
325	332
325	335
325	343
325	345
325	484
325	602
325	729
325	765
325	981
326	105
326	184
326	188
326	195
326	222
326	223
326	228
326	246
326	251
326	259
326	262
326	274
326	280
326	286
326	287
326	291
326	293
326	300
326	301
326	309
326	311
326	318
326	322
326	325
326	339
326	340
326	341
326	345
326	360
326	471
326	602
326	952
327	194
327	198
327	199
327	211
327	238
327	246
327	260
327	266
327	272
327	276
327	281
327	284
327	290
327	293
327	295
327	299
327	306
327	309
327	316
327	325
327	329
327	334
327	335
327	339
327	341
327	343
327	412
327	653
327	714
327	730
327	927
327	961
328	193
328	203
328	220
328	222
328	242
328	243
328	257
328	267
328	274
328	281
328	285
328	291
328	294
328	295
328	297
328	301
328	311
328	313
328	315
328	321
328	322
328	329
328	331
328	335
328	339
328	343
328	389
328	490
328	697
328	940
328	968
328	990
329	38
329	191
329	197
329	200
329	213
329	221
329	226
329	239
329	256
329	260
329	282
329	290
329	302
329	305
329	311
329	313
329	319
329	323
329	324
329	327
329	328
329	331
329	333
329	336
329	338
329	343
329	344
329	345
329	369
329	389
329	610
329	954
329	998
330	34
330	114
330	151
330	186
330	193
330	207
330	216
330	235
330	241
330	242
330	243
330	244
330	264
330	265
330	272
330	273
330	281
330	283
330	288
330	291
330	294
330	298
330	299
330	312
330	323
330	324
330	332
330	337
330	341
330	344
330	406
330	913
330	993
331	187
331	197
331	206
331	235
331	238
331	239
331	245
331	249
331	252
331	259
331	261
331	265
331	276
331	289
331	307
331	310
331	319
331	320
331	322
331	324
331	328
331	329
331	334
331	335
331	336
331	338
331	420
331	502
331	554
331	729
331	742
331	910
331	925
332	171
332	202
332	224
332	236
332	242
332	251
332	262
332	264
332	273
332	276
332	278
332	284
332	289
332	290
332	307
332	310
332	312
332	314
332	316
332	324
332	325
332	330
332	333
332	334
332	337
332	341
332	343
332	344
332	345
332	471
332	607
332	664
332	764
332	794
332	989
333	74
333	187
333	190
333	191
333	211
333	213
333	222
333	233
333	238
333	250
333	252
333	274
333	282
333	290
333	292
333	295
333	301
333	304
333	307
333	308
333	314
333	318
333	320
333	323
333	324
333	329
333	332
333	336
333	342
333	437
333	657
333	738
333	887
333	925
333	968
334	173
334	186
334	187
334	189
334	194
334	203
334	204
334	207
334	217
334	219
334	233
334	239
334	248
334	259
334	260
334	266
334	267
334	268
334	287
334	290
334	293
334	303
334	315
334	318
334	327
334	331
334	332
334	338
334	343
334	582
334	718
334	906
334	932
334	942
334	952
334	998
335	98
335	158
335	198
335	219
335	226
335	234
335	235
335	239
335	247
335	248
335	249
335	251
335	264
335	276
335	284
335	286
335	290
335	293
335	294
335	298
335	303
335	315
335	316
335	321
335	322
335	325
335	327
335	328
335	331
335	340
335	343
335	344
335	430
335	521
335	672
335	921
335	996
336	141
336	195
336	200
336	213
336	230
336	233
336	236
336	237
336	245
336	261
336	262
336	264
336	267
336	275
336	277
336	279
336	283
336	289
336	294
336	297
336	300
336	304
336	310
336	319
336	320
336	323
336	324
336	329
336	331
336	333
336	337
336	349
336	379
336	448
336	643
336	676
336	721
336	827
337	55
337	108
337	225
337	227
337	234
337	236
337	243
337	244
337	247
337	250
337	258
337	267
337	270
337	271
337	272
337	273
337	275
337	280
337	283
337	288
337	293
337	296
337	299
337	300
337	308
337	321
337	330
337	332
337	336
337	339
337	341
337	342
337	345
337	542
337	593
337	879
337	910
337	919
338	188
338	192
338	204
338	209
338	210
338	215
338	222
338	223
338	228
338	254
338	257
338	263
338	273
338	294
338	297
338	302
338	304
338	305
338	306
338	308
338	309
338	311
338	312
338	314
338	316
338	317
338	322
338	329
338	331
338	334
338	340
338	341
338	342
338	431
338	575
338	666
338	702
338	740
338	876
338	950
338	989
339	124
339	145
339	189
339	190
339	198
339	201
339	202
339	213
339	220
339	224
339	231
339	236
339	248
339	255
339	263
339	266
339	267
339	277
339	280
339	285
339	286
339	289
339	297
339	302
339	306
339	308
339	309
339	310
339	322
339	323
339	326
339	327
339	328
339	337
339	342
339	446
339	518
339	719
339	725
339	845
339	865
339	967
340	81
340	125
340	153
340	190
340	193
340	198
340	201
340	204
340	209
340	221
340	223
340	227
340	231
340	232
340	233
340	236
340	242
340	263
340	267
340	268
340	269
340	274
340	275
340	277
340	282
340	284
340	286
340	291
340	293
340	301
340	305
340	307
340	309
340	313
340	316
340	320
340	326
340	335
340	338
340	679
340	868
340	908
340	920
340	964
340	992
341	73
341	100
341	139
341	186
341	190
341	193
341	217
341	225
341	227
341	244
341	248
341	250
341	253
341	254
341	258
341	264
341	265
341	272
341	273
341	279
341	283
341	284
341	296
341	298
341	299
341	300
341	305
341	311
341	316
341	320
341	321
341	326
341	327
341	330
341	332
341	337
341	338
341	343
341	344
341	387
341	725
341	763
341	902
341	904
341	984
342	184
342	185
342	192
342	195
342	205
342	206
342	221
342	222
342	240
342	247
342	249
342	252
342	254
342	262
342	266
342	274
342	275
342	280
342	282
342	287
342	289
342	292
342	294
342	297
342	298
342	304
342	311
342	313
342	314
342	317
342	318
342	319
342	321
342	333
342	337
342	338
342	339
342	345
342	453
342	601
342	712
342	909
342	921
342	924
342	981
342	999
343	168
343	195
343	199
343	204
343	211
343	238
343	240
343	244
343	248
343	252
343	256
343	257
343	258
343	261
343	262
343	265
343	268
343	270
343	276
343	278
343	292
343	293
343	303
343	304
343	305
343	307
343	310
343	312
343	316
343	318
343	325
343	327
343	328
343	329
343	332
343	334
343	335
343	341
343	345
343	356
343	417
343	594
343	634
343	714
343	861
343	958
343	976
343	979
344	58
344	201
344	202
344	204
344	205
344	213
344	219
344	246
344	248
344	249
344	251
344	253
344	260
344	262
344	268
344	276
344	277
344	278
344	279
344	281
344	282
344	283
344	284
344	288
344	290
344	291
344	292
344	297
344	300
344	301
344	302
344	303
344	315
344	316
344	319
344	329
344	330
344	332
344	335
344	341
344	345
344	429
344	535
344	686
344	738
344	763
344	902
344	927
344	960
344	983
345	107
345	142
345	146
345	147
345	189
345	204
345	208
345	215
345	224
345	228
345	237
345	240
345	247
345	249
345	257
345	262
345	263
345	266
345	268
345	271
345	275
345	281
345	287
345	288
345	293
345	294
345	295
345	302
345	304
345	306
345	308
345	309
345	313
345	317
345	318
345	323
345	325
345	326
345	329
345	332
345	337
345	342
345	343
345	344
345	432
345	474
345	491
345	609
345	714
345	744
346	309
346	359
346	372
346	388
346	402
346	405
346	431
346	457
346	472
346	751
347	156
347	356
347	357
347	365
347	384
347	419
347	440
347	458
347	477
347	939
348	86
348	430
348	436
348	463
348	467
348	468
348	473
348	474
348	475
348	653
349	336
349	367
349	382
349	440
349	450
349	451
349	453
349	455
349	475
349	707
350	302
350	353
350	403
350	411
350	452
350	465
350	468
350	474
350	477
350	658
351	17
351	263
351	376
351	378
351	412
351	441
351	450
351	458
351	468
351	472
352	389
352	390
352	392
352	404
352	425
352	444
352	463
352	465
352	709
352	926
353	314
353	350
353	371
353	389
353	396
353	406
353	439
353	445
353	468
353	730
354	408
354	428
354	431
354	437
354	455
354	466
354	469
354	477
354	873
354	914
355	370
355	398
355	414
355	418
355	441
355	449
355	468
355	470
355	574
355	693
356	125
356	343
356	347
356	401
356	414
356	418
356	429
356	447
356	451
356	462
356	467
357	176
357	347
357	419
357	436
357	437
357	457
357	464
357	468
357	471
357	510
357	937
358	120
358	193
358	424
358	438
358	447
358	457
358	465
358	467
358	469
358	476
358	693
359	161
359	346
359	405
359	433
359	436
359	442
359	447
359	452
359	474
359	475
359	946
360	326
360	363
360	383
360	391
360	396
360	423
360	434
360	460
360	461
360	470
360	585
361	154
361	390
361	410
361	413
361	418
361	442
361	452
361	464
361	465
361	467
361	715
362	108
362	378
362	382
362	399
362	403
362	425
362	437
362	441
362	444
362	460
362	654
363	146
363	360
363	370
363	411
363	423
363	439
363	444
363	446
363	447
363	448
363	992
364	247
364	369
364	377
364	408
364	461
364	466
364	468
364	470
364	473
364	477
364	751
365	290
365	347
365	377
365	383
365	386
365	398
365	405
365	440
365	446
365	468
365	791
366	91
366	208
366	380
366	389
366	407
366	428
366	435
366	457
366	460
366	462
366	475
366	752
367	181
367	349
367	378
367	402
367	429
367	437
367	455
367	458
367	464
367	471
367	472
367	637
368	151
368	383
368	424
368	435
368	445
368	450
368	458
368	463
368	464
368	465
368	474
368	747
369	329
369	364
369	378
369	381
369	415
369	448
369	456
369	471
369	474
369	477
369	674
369	924
370	355
370	363
370	411
370	426
370	435
370	436
370	441
370	469
370	470
370	471
370	663
370	687
371	245
371	353
371	372
371	449
371	452
371	456
371	462
371	465
371	468
371	475
371	476
371	740
372	346
372	371
372	405
372	407
372	443
372	462
372	464
372	467
372	469
372	476
372	606
372	740
373	375
373	376
373	391
373	437
373	443
373	448
373	450
373	463
373	469
373	472
373	935
373	939
374	31
374	382
374	409
374	428
374	435
374	439
374	454
374	461
374	467
374	475
374	477
374	723
375	188
375	303
375	373
375	406
375	409
375	434
375	446
375	450
375	466
375	467
375	476
375	974
376	320
376	351
376	373
376	405
376	438
376	445
376	463
376	467
376	473
376	474
376	573
376	622
377	165
377	364
377	365
377	408
377	454
377	464
377	470
377	471
377	472
377	473
377	476
377	477
377	879
378	23
378	138
378	351
378	362
378	367
378	369
378	401
378	415
378	419
378	421
378	468
378	469
378	630
379	149
379	171
379	336
379	387
379	413
379	421
379	429
379	442
379	446
379	453
379	461
379	464
379	470
380	139
380	147
380	366
380	382
380	394
380	430
380	433
380	440
380	471
380	473
380	474
380	477
380	690
381	369
381	390
381	429
381	445
381	449
381	450
381	461
381	471
381	472
381	473
381	476
381	781
381	941
382	79
382	349
382	362
382	374
382	380
382	390
382	401
382	402
382	448
382	456
382	471
382	477
382	717
383	279
383	360
383	365
383	368
383	412
383	424
383	437
383	447
383	459
383	460
383	470
383	476
383	650
383	761
384	160
384	347
384	394
384	402
384	412
384	422
384	440
384	452
384	455
384	457
384	464
384	475
384	803
384	950
385	394
385	403
385	410
385	435
385	440
385	443
385	449
385	464
385	466
385	470
385	477
385	661
385	665
385	745
386	76
386	365
386	401
386	404
386	430
386	441
386	460
386	463
386	467
386	468
386	472
386	476
386	810
386	945
387	181
387	341
387	379
387	397
387	441
387	445
387	449
387	454
387	461
387	466
387	470
387	472
387	477
387	875
388	238
388	346
388	389
388	391
388	429
388	438
388	444
388	458
388	460
388	466
388	467
388	469
388	471
388	726
389	156
389	328
389	329
389	352
389	353
389	366
389	388
389	417
389	449
389	456
389	464
389	469
389	473
389	474
390	187
390	352
390	361
390	381
390	382
390	421
390	433
390	468
390	471
390	474
390	475
390	477
390	656
390	900
391	360
391	373
391	388
391	394
391	404
391	427
391	440
391	445
391	457
391	460
391	471
391	511
391	852
391	909
392	352
392	394
392	403
392	433
392	440
392	442
392	461
392	465
392	466
392	471
392	475
392	510
392	735
392	746
393	32
393	78
393	180
393	415
393	417
393	446
393	459
393	461
393	463
393	468
393	474
393	475
393	476
393	477
394	140
394	380
394	384
394	385
394	391
394	392
394	426
394	429
394	432
394	441
394	453
394	474
394	763
394	892
395	112
395	397
395	399
395	413
395	424
395	431
395	455
395	463
395	466
395	467
395	474
395	475
395	783
395	863
396	63
396	138
396	190
396	353
396	360
396	414
396	422
396	431
396	462
396	465
396	467
396	472
396	473
396	475
397	316
397	387
397	395
397	410
397	412
397	413
397	440
397	457
397	462
397	466
397	470
397	472
397	596
397	978
398	355
398	365
398	420
398	424
398	426
398	443
398	457
398	469
398	470
398	472
398	473
398	669
398	685
398	953
399	16
399	304
399	362
399	395
399	404
399	426
399	442
399	448
399	449
399	468
399	469
399	470
399	471
399	475
399	730
400	269
400	291
400	410
400	418
400	437
400	438
400	451
400	452
400	454
400	460
400	464
400	466
400	473
400	477
400	793
401	259
401	356
401	378
401	382
401	386
401	434
401	444
401	446
401	449
401	453
401	464
401	474
401	475
401	597
401	758
402	296
402	318
402	346
402	367
402	382
402	384
402	404
402	424
402	448
402	451
402	454
402	459
402	464
402	469
402	558
403	125
403	350
403	362
403	385
403	392
403	406
403	418
403	429
403	441
403	445
403	446
403	452
403	465
403	687
403	985
404	137
404	352
404	386
404	391
404	399
404	402
404	426
404	436
404	445
404	447
404	453
404	457
404	465
404	469
404	501
404	755
405	152
405	346
405	359
405	365
405	372
405	376
405	414
405	428
405	443
405	445
405	460
405	465
405	468
405	474
405	480
405	562
406	259
406	330
406	353
406	375
406	403
406	417
406	426
406	429
406	437
406	454
406	458
406	459
406	470
406	472
406	477
406	989
407	366
407	372
407	438
407	443
407	447
407	457
407	458
407	459
407	465
407	471
407	472
407	473
407	475
407	573
407	695
407	749
408	354
408	364
408	377
408	431
408	436
408	441
408	446
408	453
408	458
408	471
408	473
408	476
408	477
408	735
408	874
408	950
409	374
409	375
409	430
409	444
409	447
409	453
409	456
409	458
409	462
409	465
409	470
409	471
409	476
409	581
409	678
409	780
409	863
410	285
410	361
410	385
410	397
410	400
410	417
410	421
410	439
410	444
410	449
410	454
410	459
410	465
410	472
410	592
410	749
410	966
411	350
411	363
411	370
411	418
411	423
411	433
411	439
411	443
411	453
411	458
411	468
411	469
411	475
411	476
411	667
411	710
411	755
412	327
412	351
412	383
412	384
412	397
412	415
412	436
412	442
412	444
412	456
412	461
412	464
412	467
412	472
412	476
412	733
412	965
413	154
413	361
413	379
413	395
413	397
413	416
413	418
413	423
413	427
413	428
413	432
413	451
413	471
413	473
413	474
413	533
413	949
414	136
414	355
414	356
414	396
414	405
414	417
414	420
414	426
414	431
414	448
414	453
414	463
414	471
414	473
414	474
414	630
414	669
415	292
415	369
415	378
415	393
415	412
415	432
415	440
415	446
415	448
415	455
415	461
415	464
415	469
415	475
415	529
415	836
415	930
416	142
416	291
416	413
416	421
416	427
416	428
416	429
416	430
416	455
416	457
416	459
416	462
416	466
416	470
416	472
416	474
416	620
416	757
417	77
417	148
417	343
417	389
417	393
417	406
417	410
417	414
417	430
417	446
417	451
417	455
417	460
417	463
417	466
417	470
417	476
417	834
418	120
418	355
418	356
418	361
418	400
418	403
418	411
418	413
418	443
418	450
418	459
418	461
418	463
418	465
418	469
418	471
418	761
418	976
419	347
419	357
419	378
419	432
419	434
419	448
419	455
419	456
419	460
419	462
419	463
419	469
419	474
419	475
419	476
419	642
419	850
419	967
420	331
420	398
420	414
420	422
420	431
420	432
420	433
420	434
420	441
420	443
420	454
420	455
420	456
420	462
420	467
420	468
420	654
420	749
421	77
421	378
421	379
421	390
421	410
421	416
421	437
421	440
421	442
421	462
421	467
421	469
421	470
421	473
421	476
421	477
421	743
421	902
422	97
422	384
422	396
422	420
422	427
422	434
422	447
422	448
422	452
422	458
422	459
422	460
422	462
422	465
422	470
422	473
422	503
422	884
422	993
423	143
423	360
423	363
423	411
423	413
423	425
423	434
423	437
423	440
423	446
423	450
423	458
423	459
423	461
423	466
423	477
423	565
423	761
423	963
424	173
424	358
424	368
424	383
424	395
424	398
424	402
424	427
424	437
424	443
424	449
424	452
424	458
424	465
424	466
424	474
424	526
424	688
424	904
425	239
425	276
425	352
425	362
425	423
425	431
425	433
425	435
425	443
425	446
425	452
425	456
425	462
425	468
425	469
425	474
425	477
425	727
425	822
426	155
426	169
426	370
426	394
426	398
426	399
426	404
426	406
426	414
426	435
426	438
426	444
426	454
426	456
426	457
426	458
426	474
426	475
426	830
426	942
426	998
427	15
427	94
427	391
427	413
427	416
427	422
427	424
427	428
427	432
427	433
427	436
427	439
427	456
427	460
427	467
427	468
427	473
427	475
427	476
427	758
427	991
428	19
428	83
428	354
428	366
428	374
428	405
428	413
428	416
428	427
428	431
428	440
428	448
428	449
428	458
428	467
428	473
428	474
428	475
428	750
428	904
428	938
429	243
429	344
429	356
429	367
429	379
429	381
429	388
429	394
429	403
429	406
429	416
429	445
429	449
429	453
429	456
429	458
429	465
429	470
429	476
429	488
429	664
430	171
430	335
430	348
430	380
430	386
430	409
430	416
430	417
430	438
430	439
430	442
430	444
430	450
430	456
430	460
430	462
430	465
430	473
430	475
430	684
430	849
431	338
431	346
431	354
431	395
431	396
431	408
431	414
431	420
431	425
431	428
431	435
431	437
431	442
431	447
431	451
431	463
431	464
431	467
431	772
431	953
431	987
432	251
432	345
432	394
432	413
432	415
432	419
432	420
432	427
432	442
432	443
432	460
432	462
432	466
432	467
432	468
432	470
432	472
432	473
432	477
432	479
432	676
433	2
433	297
433	359
433	380
433	390
433	392
433	411
433	420
433	425
433	427
433	445
433	451
433	452
433	453
433	459
433	463
433	466
433	471
433	476
433	489
433	689
434	172
434	360
434	375
434	401
434	419
434	420
434	422
434	423
434	444
434	445
434	450
434	452
434	458
434	462
434	463
434	474
434	475
434	476
434	523
434	867
434	924
434	958
435	366
435	368
435	370
435	374
435	385
435	425
435	426
435	431
435	438
435	441
435	447
435	454
435	461
435	462
435	474
435	476
435	477
435	646
435	692
435	700
435	730
435	904
436	25
436	121
436	174
436	348
436	357
436	359
436	370
436	404
436	408
436	412
436	427
436	444
436	445
436	446
436	450
436	452
436	461
436	469
436	472
436	474
436	475
436	737
437	209
437	333
437	354
437	357
437	362
437	367
437	373
437	383
437	400
437	406
437	421
437	423
437	424
437	431
437	443
437	451
437	455
437	456
437	465
437	470
437	477
437	661
437	683
438	252
438	358
438	376
438	388
438	400
438	407
438	426
438	430
438	435
438	443
438	448
438	453
438	454
438	463
438	466
438	467
438	468
438	471
438	474
438	475
438	673
438	963
438	972
439	243
439	353
439	363
439	374
439	410
439	411
439	427
439	430
439	440
439	443
439	446
439	453
439	455
439	458
439	469
439	470
439	471
439	472
439	473
439	475
439	755
439	769
439	991
440	347
440	349
440	365
440	380
440	384
440	385
440	391
440	392
440	397
440	415
440	421
440	423
440	428
440	439
440	459
440	469
440	470
440	476
440	477
440	616
440	623
440	688
440	784
441	29
441	116
441	127
441	351
441	355
441	362
441	370
441	386
441	387
441	394
441	403
441	408
441	420
441	435
441	442
441	443
441	451
441	458
441	460
441	468
441	472
441	474
441	476
441	994
442	103
442	177
442	317
442	359
442	361
442	379
442	392
442	399
442	412
442	421
442	430
442	431
442	432
442	441
442	453
442	465
442	466
442	467
442	472
442	473
442	476
442	477
442	694
442	924
443	150
443	372
443	373
443	385
443	398
443	405
443	407
443	411
443	418
443	420
443	424
443	425
443	432
443	437
443	438
443	439
443	441
443	468
443	469
443	474
443	695
443	699
443	874
443	959
444	13
444	352
444	362
444	363
444	388
444	401
444	409
444	410
444	412
444	426
444	430
444	434
444	436
444	452
444	457
444	460
444	465
444	473
444	475
444	476
444	502
444	703
444	725
444	753
445	149
445	292
445	309
445	353
445	368
445	376
445	381
445	387
445	391
445	403
445	404
445	405
445	429
445	433
445	434
445	436
445	447
445	448
445	452
445	466
445	469
445	472
445	473
445	474
445	580
445	987
446	172
446	175
446	197
446	339
446	363
446	365
446	375
446	379
446	393
446	401
446	403
446	408
446	415
446	417
446	423
446	425
446	436
446	439
446	454
446	456
446	457
446	459
446	466
446	472
446	477
446	856
447	135
447	276
447	298
447	356
447	358
447	359
447	363
447	383
447	404
447	407
447	409
447	422
447	431
447	435
447	445
447	449
447	452
447	457
447	459
447	461
447	468
447	469
447	471
447	472
447	476
447	826
447	906
448	152
448	215
448	336
448	363
448	369
448	373
448	382
448	399
448	402
448	414
448	415
448	419
448	422
448	428
448	438
448	445
448	450
448	455
448	456
448	459
448	462
448	463
448	467
448	475
448	476
448	681
448	876
449	302
449	355
449	371
449	381
449	385
449	387
449	389
449	399
449	401
449	410
449	424
449	428
449	429
449	447
449	450
449	454
449	457
449	458
449	462
449	467
449	473
449	474
449	477
449	540
449	658
449	951
449	972
450	114
450	141
450	164
450	237
450	349
450	351
450	368
450	373
450	375
450	381
450	418
450	423
450	430
450	434
450	436
450	448
450	449
450	452
450	455
450	457
450	459
450	460
450	461
450	465
450	471
450	476
450	859
450	987
451	12
451	228
451	349
451	356
451	400
451	402
451	413
451	417
451	431
451	433
451	437
451	441
451	452
451	453
451	454
451	461
451	462
451	464
451	466
451	467
451	469
451	470
451	475
451	477
451	489
451	680
451	758
451	992
452	129
452	195
452	220
452	278
452	350
452	359
452	361
452	371
452	384
452	400
452	403
452	422
452	424
452	425
452	433
452	434
452	436
452	444
452	445
452	447
452	450
452	451
452	453
452	468
452	473
452	474
452	475
452	850
452	988
453	32
453	162
453	342
453	349
453	379
453	394
453	401
453	404
453	408
453	409
453	411
453	414
453	429
453	433
453	438
453	439
453	442
453	451
453	452
453	457
453	461
453	466
453	467
453	468
453	469
453	477
453	722
453	958
453	988
454	27
454	113
454	292
454	299
454	374
454	377
454	387
454	400
454	402
454	406
454	410
454	420
454	426
454	435
454	438
454	446
454	449
454	451
454	455
454	456
454	459
454	460
454	461
454	465
454	466
454	471
454	475
454	476
454	477
454	749
454	851
455	7
455	134
455	349
455	354
455	367
455	384
455	395
455	415
455	416
455	417
455	419
455	420
455	437
455	439
455	448
455	450
455	454
455	456
455	461
455	464
455	466
455	468
455	470
455	471
455	472
455	475
455	477
455	700
455	712
455	901
455	928
456	223
456	369
456	371
456	382
456	389
456	409
456	412
456	419
456	420
456	425
456	426
456	427
456	429
456	430
456	437
456	446
456	448
456	454
456	455
456	457
456	463
456	467
456	468
456	470
456	473
456	475
456	477
456	605
456	670
456	762
456	961
456	999
457	144
457	346
457	357
457	358
457	366
457	384
457	391
457	397
457	398
457	404
457	407
457	416
457	426
457	444
457	446
457	447
457	449
457	450
457	453
457	456
457	458
457	460
457	461
457	467
457	472
457	473
457	706
457	735
457	738
457	740
457	898
457	997
458	42
458	53
458	199
458	218
458	347
458	351
458	367
458	368
458	388
458	406
458	407
458	408
458	409
458	411
458	422
458	423
458	424
458	426
458	428
458	429
458	434
458	439
458	441
458	449
458	457
458	463
458	468
458	471
458	473
458	474
458	475
458	710
458	800
459	83
459	305
459	383
459	393
459	402
459	406
459	407
459	410
459	416
459	418
459	422
459	423
459	433
459	440
459	446
459	447
459	448
459	450
459	454
459	461
459	463
459	464
459	466
459	469
459	470
459	471
459	472
459	475
459	477
459	603
459	632
459	821
459	957
460	132
460	171
460	186
460	252
460	360
460	362
460	366
460	383
460	386
460	388
460	391
460	400
460	405
460	417
460	419
460	422
460	427
460	430
460	432
460	441
460	444
460	450
460	454
460	457
460	463
460	467
460	468
460	469
460	473
460	476
460	477
460	750
460	841
460	942
461	262
461	281
461	360
461	364
461	374
461	379
461	381
461	387
461	392
461	393
461	412
461	415
461	418
461	423
461	435
461	436
461	447
461	450
461	451
461	453
461	454
461	455
461	457
461	459
461	464
461	466
461	470
461	472
461	473
461	476
461	521
461	528
461	691
461	717
461	986
462	40
462	158
462	285
462	356
462	366
462	371
462	372
462	396
462	397
462	409
462	416
462	419
462	420
462	421
462	422
462	425
462	430
462	432
462	434
462	435
462	448
462	449
462	451
462	464
462	469
462	470
462	471
462	473
462	474
462	475
462	476
462	477
462	579
462	838
462	886
462	933
463	56
463	62
463	258
463	348
463	352
463	368
463	373
463	376
463	386
463	393
463	395
463	414
463	417
463	418
463	419
463	431
463	433
463	434
463	438
463	448
463	456
463	458
463	459
463	460
463	467
463	469
463	470
463	471
463	472
463	474
463	475
463	476
463	708
463	909
463	931
463	970
464	67
464	144
464	173
464	322
464	357
464	361
464	367
464	368
464	372
464	377
464	379
464	384
464	385
464	389
464	400
464	401
464	402
464	412
464	415
464	431
464	451
464	455
464	459
464	461
464	462
464	466
464	467
464	468
464	469
464	470
464	471
464	472
464	476
464	477
464	578
464	767
464	836
464	888
465	38
465	228
465	282
465	350
465	352
465	358
465	361
465	368
465	371
465	392
465	396
465	403
465	404
465	405
465	407
465	409
465	410
465	418
465	422
465	424
465	429
465	430
465	437
465	442
465	444
465	450
465	454
465	467
465	469
465	471
465	472
465	473
465	475
465	476
465	477
465	646
465	908
465	953
465	979
465	982
466	24
466	142
466	195
466	248
466	354
466	364
466	375
466	385
466	387
466	388
466	392
466	395
466	397
466	400
466	416
466	417
466	423
466	424
466	432
466	433
466	438
466	442
466	445
466	446
466	451
466	453
466	454
466	455
466	459
466	461
466	464
466	468
466	470
466	471
466	472
466	477
466	662
466	799
466	835
466	857
466	989
467	133
467	277
467	348
467	356
467	358
467	361
467	372
467	374
467	375
467	376
467	386
467	388
467	395
467	396
467	412
467	420
467	421
467	427
467	428
467	431
467	432
467	438
467	442
467	448
467	449
467	451
467	453
467	456
467	457
467	460
467	463
467	464
467	465
467	468
467	473
467	477
467	578
467	649
467	658
467	738
467	908
467	980
468	149
468	163
468	272
468	348
468	350
468	351
468	353
468	355
468	357
468	364
468	365
468	371
468	378
468	386
468	390
468	393
468	399
468	405
468	411
468	420
468	425
468	427
468	432
468	438
468	441
468	443
468	447
468	452
468	453
468	455
468	456
468	458
468	460
468	464
468	466
468	467
468	470
468	471
468	476
468	561
468	701
468	741
468	754
468	985
468	988
469	354
469	358
469	370
469	372
469	373
469	378
469	388
469	389
469	398
469	399
469	402
469	404
469	411
469	415
469	418
469	419
469	421
469	425
469	436
469	439
469	440
469	443
469	445
469	447
469	451
469	453
469	459
469	460
469	462
469	463
469	464
469	465
469	471
469	472
469	473
469	476
469	589
469	686
469	728
469	751
469	754
469	760
469	945
469	959
469	972
470	135
470	169
470	355
470	360
470	364
470	370
470	377
470	379
470	383
470	385
470	387
470	397
470	398
470	399
470	406
470	409
470	416
470	417
470	421
470	422
470	429
470	432
470	437
470	439
470	440
470	451
470	455
470	456
470	459
470	461
470	462
470	463
470	464
470	466
470	468
470	471
470	474
470	477
470	623
470	684
470	782
470	793
470	800
470	943
470	988
471	22
471	30
471	151
471	283
471	326
471	332
471	357
471	367
471	369
471	370
471	377
471	380
471	381
471	382
471	388
471	390
471	391
471	392
471	399
471	407
471	408
471	409
471	413
471	414
471	418
471	433
471	438
471	439
471	447
471	450
471	454
471	455
471	458
471	459
471	462
471	463
471	464
471	465
471	466
471	468
471	469
471	470
471	473
471	959
471	960
471	1000
472	127
472	143
472	158
472	181
472	346
472	351
472	367
472	373
472	377
472	381
472	386
472	387
472	396
472	397
472	398
472	406
472	407
472	410
472	412
472	416
472	432
472	436
472	439
472	441
472	442
472	445
472	446
472	447
472	455
472	457
472	459
472	461
472	463
472	464
472	465
472	466
472	469
472	474
472	475
472	476
472	519
472	611
472	733
472	739
472	754
472	987
473	105
473	181
473	286
473	348
473	364
473	376
473	377
473	380
473	381
473	389
473	396
473	398
473	400
473	407
473	408
473	413
473	414
473	421
473	422
473	427
473	428
473	430
473	432
473	439
473	442
473	444
473	445
473	449
473	452
473	456
473	457
473	458
473	460
473	461
473	462
473	465
473	467
473	469
473	471
473	474
473	476
473	611
473	699
473	718
473	742
473	750
473	970
474	117
474	257
474	345
474	348
474	350
474	359
474	368
474	369
474	376
474	380
474	389
474	390
474	393
474	394
474	395
474	401
474	405
474	413
474	414
474	416
474	419
474	424
474	425
474	426
474	428
474	434
474	435
474	436
474	438
474	441
474	443
474	445
474	449
474	452
474	458
474	462
474	463
474	470
474	472
474	473
474	476
474	518
474	743
474	758
474	858
474	979
474	995
475	179
475	184
475	348
475	349
475	359
475	366
475	371
475	374
475	384
475	390
475	392
475	393
475	395
475	396
475	399
475	401
475	407
475	411
475	415
475	419
475	426
475	427
475	428
475	430
475	434
475	436
475	438
475	439
475	444
475	448
475	451
475	452
475	454
475	455
475	456
475	458
475	459
475	462
475	463
475	465
475	472
475	477
475	499
475	576
475	790
475	900
475	972
475	975
475	1000
476	47
476	61
476	108
476	358
476	371
476	372
476	375
476	377
476	381
476	383
476	386
476	393
476	408
476	409
476	411
476	412
476	417
476	419
476	421
476	427
476	429
476	433
476	434
476	435
476	440
476	441
476	442
476	444
476	447
476	448
476	450
476	454
476	460
476	461
476	462
476	463
476	464
476	465
476	468
476	469
476	472
476	473
476	474
476	628
476	654
476	695
476	742
476	857
476	869
476	971
477	69
477	184
477	347
477	350
477	354
477	364
477	369
477	374
477	377
477	380
477	382
477	385
477	387
477	390
477	393
477	400
477	406
477	408
477	421
477	423
477	425
477	432
477	435
477	437
477	440
477	442
477	446
477	449
477	451
477	453
477	454
477	455
477	456
477	459
477	460
477	462
477	464
477	465
477	466
477	467
477	470
477	475
477	591
477	624
477	685
477	720
477	722
477	819
477	834
477	920
478	92
478	630
478	668
478	700
478	713
478	716
478	724
478	727
478	729
478	963
479	432
479	494
479	625
479	656
479	661
479	697
479	719
479	753
479	759
479	876
480	176
480	405
480	590
480	649
480	654
480	681
480	745
480	759
480	760
480	763
481	550
481	620
481	635
481	656
481	672
481	699
481	717
481	725
481	911
481	957
482	588
482	632
482	665
482	687
482	691
482	712
482	731
482	756
482	962
482	991
483	241
483	554
483	612
483	633
483	668
483	689
483	691
483	714
483	765
483	1000
484	130
484	325
484	577
484	608
484	669
484	685
484	695
484	720
484	760
484	764
485	227
485	291
485	607
485	614
485	673
485	697
485	723
485	733
485	753
485	760
486	64
486	322
486	499
486	505
486	613
486	653
486	688
486	713
486	723
486	739
487	51
487	257
487	591
487	596
487	660
487	668
487	721
487	731
487	753
487	762
488	258
488	429
488	496
488	528
488	532
488	682
488	714
488	717
488	744
488	754
489	433
489	451
489	526
489	596
489	597
489	660
489	668
489	713
489	717
489	750
490	328
490	626
490	663
490	704
490	716
490	720
490	726
490	742
490	765
490	994
491	96
491	345
491	570
491	588
491	592
491	652
491	691
491	697
491	724
491	730
492	565
492	572
492	579
492	587
492	589
492	610
492	709
492	760
492	838
492	952
493	151
493	497
493	627
493	641
493	645
493	658
493	663
493	720
493	731
493	983
494	149
494	226
494	479
494	516
494	592
494	611
494	646
494	697
494	723
494	759
495	166
495	296
495	538
495	602
495	613
495	677
495	679
495	724
495	743
495	754
496	488
496	507
496	594
496	659
496	682
496	721
496	728
496	738
496	801
496	998
497	34
497	216
497	493
497	541
497	622
497	629
497	696
497	704
497	733
497	753
498	303
498	515
498	516
498	526
498	558
498	644
498	697
498	706
498	750
498	992
499	302
499	475
499	486
499	520
499	651
499	688
499	707
499	730
499	737
499	740
500	117
500	628
500	661
500	708
500	736
500	737
500	739
500	755
500	765
500	955
501	404
501	524
501	602
501	719
501	729
501	734
501	737
501	738
501	764
501	982
502	331
502	444
502	538
502	649
502	657
502	681
502	683
502	699
502	758
502	760
503	422
503	573
503	668
503	679
503	717
503	727
503	728
503	738
503	762
503	981
504	123
504	535
504	573
504	595
504	628
504	687
504	712
504	718
504	761
504	903
505	203
505	486
505	539
505	612
505	687
505	716
505	734
505	751
505	754
505	803
506	18
506	309
506	531
506	556
506	602
506	618
506	649
506	684
506	736
506	765
507	187
507	496
507	513
507	538
507	591
507	679
507	711
507	750
507	751
507	795
508	179
508	517
508	561
508	587
508	600
508	658
508	695
508	737
508	756
508	973
509	176
509	584
509	604
509	627
509	660
509	672
509	749
509	750
509	761
509	976
510	357
510	392
510	605
510	712
510	727
510	729
510	737
510	738
510	739
510	762
511	391
511	611
511	633
511	666
511	716
511	736
511	756
511	761
511	762
511	990
512	126
512	294
512	520
512	625
512	654
512	711
512	740
512	759
512	764
512	765
513	166
513	242
513	507
513	586
513	615
513	725
513	731
513	745
513	754
513	764
514	132
514	595
514	616
514	648
514	660
514	738
514	756
514	763
514	764
514	983
515	498
515	612
515	616
515	639
515	664
515	725
515	727
515	762
515	974
515	993
516	36
516	124
516	494
516	498
516	643
516	660
516	702
516	704
516	707
516	732
517	8
517	144
517	508
517	545
517	595
517	656
517	722
517	730
517	736
517	747
518	339
518	474
518	528
518	589
518	623
518	629
518	665
518	704
518	738
518	761
519	22
519	472
519	614
519	673
519	684
519	707
519	710
519	727
519	740
519	746
519	823
520	44
520	180
520	499
520	512
520	536
520	629
520	641
520	662
520	677
520	712
520	756
521	335
521	461
521	522
521	584
521	606
521	614
521	647
521	691
521	730
521	750
521	764
522	246
522	521
522	564
522	583
522	591
522	624
522	698
522	708
522	749
522	757
522	907
523	434
523	658
523	686
523	689
523	705
523	713
523	714
523	718
523	739
523	758
523	985
524	39
524	51
524	501
524	550
524	574
524	629
524	665
524	675
524	703
524	719
524	763
525	266
525	549
525	553
525	563
525	569
525	577
525	597
525	685
525	757
525	760
525	811
526	424
526	489
526	498
526	546
526	562
526	603
526	622
526	654
526	735
526	764
526	898
527	3
527	554
527	635
527	636
527	658
527	702
527	723
527	737
527	741
527	753
527	995
528	461
528	488
528	518
528	532
528	605
528	627
528	644
528	708
528	746
528	754
528	895
529	415
529	561
529	587
529	607
529	630
529	677
529	719
529	730
529	748
529	934
529	958
530	162
530	265
530	545
530	620
530	707
530	710
530	735
530	738
530	754
530	756
530	916
531	165
531	506
531	612
531	683
531	689
531	698
531	703
531	721
531	727
531	729
531	907
532	21
532	55
532	488
532	528
532	667
532	691
532	709
532	715
532	725
532	746
532	747
533	413
533	564
533	589
533	593
533	653
533	667
533	726
533	732
533	751
533	763
533	829
534	586
534	602
534	630
534	631
534	638
534	683
534	690
534	702
534	721
534	807
534	998
535	102
535	344
535	504
535	637
535	638
535	654
535	669
535	685
535	734
535	757
535	934
536	280
536	520
536	543
536	638
536	650
536	714
536	728
536	729
536	746
536	753
536	978
537	315
537	544
537	639
537	680
537	690
537	702
537	713
537	721
537	740
537	764
537	915
538	71
538	495
538	502
538	507
538	557
538	666
538	673
538	740
538	757
538	760
538	849
539	261
539	505
539	600
539	618
539	659
539	674
539	738
539	750
539	761
539	765
539	897
540	449
540	543
540	562
540	566
540	660
540	687
540	732
540	734
540	742
540	745
540	989
541	95
541	497
541	570
541	573
541	613
541	633
541	651
541	730
541	758
541	790
541	938
542	148
542	269
542	337
542	563
542	597
542	622
542	681
542	689
542	742
542	746
542	749
543	110
543	177
543	536
543	540
543	622
543	638
543	664
543	682
543	693
543	748
543	757
544	46
544	537
544	619
544	635
544	648
544	722
544	728
544	729
544	737
544	742
544	914
545	248
545	517
545	530
545	607
545	649
545	671
545	689
545	738
545	742
545	749
545	910
546	309
546	318
546	526
546	554
546	648
546	713
546	717
546	727
546	738
546	748
546	753
547	108
547	167
547	579
547	606
547	626
547	660
547	689
547	740
547	751
547	752
547	937
548	274
548	311
548	556
548	664
548	665
548	671
548	672
548	699
548	707
548	742
548	749
548	814
549	300
549	525
549	629
549	667
549	682
549	698
549	700
549	705
549	760
549	761
549	765
549	945
550	162
550	481
550	524
550	621
550	623
550	650
550	674
550	716
550	729
550	730
550	748
550	825
551	137
551	140
551	553
551	592
551	631
551	684
551	708
551	717
551	725
551	727
551	731
551	743
552	181
552	571
552	595
552	602
552	616
552	699
552	727
552	729
552	744
552	753
552	763
552	837
553	63
553	525
553	551
553	568
553	659
553	713
553	723
553	735
553	755
553	759
553	878
553	966
554	303
554	331
554	483
554	527
554	546
554	706
554	713
554	721
554	745
554	747
554	756
554	762
555	261
555	586
555	603
555	711
555	730
555	732
555	734
555	735
555	736
555	748
555	757
555	969
556	69
556	305
556	506
556	548
556	596
556	658
556	667
556	686
556	732
556	737
556	739
556	761
557	538
557	590
557	662
557	669
557	696
557	698
557	699
557	726
557	747
557	757
557	886
557	936
558	402
558	498
558	620
558	622
558	627
558	660
558	721
558	725
558	731
558	734
558	765
558	899
559	90
559	177
559	596
559	599
559	713
559	722
559	727
559	732
559	753
559	760
559	763
559	978
560	290
560	579
560	672
560	708
560	722
560	730
560	745
560	752
560	756
560	764
560	765
560	833
561	468
561	508
561	529
561	634
561	644
561	665
561	668
561	673
561	706
561	736
561	737
561	979
562	145
562	275
562	405
562	526
562	540
562	610
562	658
562	670
562	674
562	714
562	718
562	732
563	525
563	542
563	620
563	637
563	652
563	698
563	699
563	742
563	761
563	762
563	858
563	933
564	321
564	522
564	533
564	608
564	681
564	726
564	743
564	744
564	763
564	764
564	962
564	984
565	262
565	303
565	423
565	492
565	611
565	659
565	686
565	705
565	718
565	737
565	742
565	750
566	178
566	540
566	581
566	611
566	630
566	662
566	673
566	683
566	690
566	733
566	757
566	895
567	123
567	160
567	570
567	581
567	690
567	714
567	718
567	735
567	748
567	754
567	760
567	761
568	221
568	553
568	614
568	643
568	647
568	667
568	712
568	739
568	746
568	755
568	917
568	948
569	98
569	525
569	647
569	666
569	677
569	707
569	717
569	743
569	744
569	747
569	764
569	1000
570	136
570	163
570	491
570	541
570	567
570	653
570	711
570	731
570	747
570	756
570	761
570	764
571	44
571	241
571	552
571	606
571	607
571	626
571	662
571	712
571	714
571	733
571	737
571	740
572	492
572	664
572	678
572	698
572	700
572	702
572	720
572	722
572	750
572	762
572	801
572	998
573	122
573	376
573	407
573	503
573	504
573	541
573	586
573	617
573	648
573	653
573	715
573	758
574	23
574	355
574	524
574	613
574	659
574	691
574	695
574	734
574	748
574	752
574	761
574	835
575	241
575	338
575	584
575	642
575	679
575	694
575	715
575	717
575	727
575	745
575	751
575	763
575	927
576	235
576	475
576	582
576	593
576	664
576	665
576	667
576	675
576	711
576	717
576	739
576	761
576	765
577	484
577	525
577	633
577	636
577	652
577	654
577	657
577	661
577	685
577	756
577	760
577	919
577	935
578	217
578	464
578	467
578	594
578	694
578	695
578	701
578	719
578	739
578	746
578	749
578	754
578	760
579	462
579	492
579	547
579	560
579	649
579	668
579	726
579	741
579	747
579	749
579	756
579	764
579	944
580	445
580	596
580	623
580	672
580	694
580	708
580	735
580	740
580	746
580	753
580	762
580	809
580	985
581	310
581	409
581	566
581	567
581	641
581	646
581	660
581	695
581	702
581	715
581	735
581	743
581	937
582	309
582	334
582	576
582	605
582	669
582	679
582	687
582	689
582	691
582	724
582	728
582	732
582	758
583	89
583	317
583	522
583	591
583	593
583	654
583	668
583	718
583	734
583	757
583	760
583	763
583	973
584	226
584	509
584	521
584	575
584	598
584	649
584	696
584	697
584	744
584	755
584	763
584	765
584	864
585	124
585	311
585	360
585	599
585	606
585	623
585	669
585	673
585	698
585	701
585	728
585	746
585	759
586	191
586	513
586	534
586	555
586	573
586	597
586	601
586	680
586	699
586	725
586	747
586	750
586	976
587	180
587	492
587	508
587	529
587	622
587	630
587	690
587	712
587	726
587	743
587	746
587	750
587	860
588	60
588	482
588	491
588	609
588	638
588	670
588	729
588	744
588	752
588	756
588	763
588	907
588	955
589	249
589	469
589	492
589	518
589	533
589	597
589	639
589	640
589	667
589	680
589	702
589	715
589	971
590	301
590	320
590	480
590	557
590	625
590	642
590	649
590	669
590	698
590	715
590	723
590	733
590	760
591	174
591	477
591	487
591	507
591	522
591	583
591	642
591	674
591	684
591	719
591	726
591	745
591	752
592	145
592	410
592	491
592	494
592	551
592	637
592	666
592	688
592	718
592	741
592	743
592	749
592	759
592	986
593	337
593	533
593	576
593	583
593	613
593	634
593	657
593	669
593	699
593	719
593	760
593	763
593	829
593	912
594	111
594	343
594	496
594	578
594	624
594	644
594	658
594	662
594	665
594	680
594	712
594	733
594	753
594	952
595	103
595	504
595	514
595	517
595	552
595	598
595	672
595	675
595	700
595	715
595	747
595	750
595	836
595	884
596	162
596	397
596	487
596	489
596	556
596	559
596	580
596	609
596	697
596	711
596	713
596	753
596	762
596	896
597	401
597	489
597	525
597	542
597	586
597	589
597	611
597	650
597	730
597	731
597	745
597	757
597	776
597	985
598	72
598	129
598	584
598	595
598	619
598	626
598	676
598	687
598	715
598	725
598	747
598	749
598	765
598	791
599	167
599	559
599	585
599	620
599	634
599	652
599	655
599	670
599	710
599	744
599	745
599	754
599	825
599	971
600	182
600	322
600	508
600	539
600	617
600	618
600	694
600	697
600	700
600	722
600	728
600	735
600	743
600	755
601	342
601	586
601	622
601	664
601	679
601	700
601	710
601	713
601	718
601	721
601	727
601	730
601	761
601	889
602	220
602	325
602	326
602	495
602	501
602	506
602	534
602	552
602	632
602	668
602	671
602	713
602	728
602	746
603	164
603	459
603	526
603	555
603	610
603	704
603	723
603	725
603	734
603	738
603	741
603	755
603	762
603	794
604	509
604	641
604	660
604	671
604	675
604	680
604	695
604	711
604	718
604	721
604	724
604	730
604	857
604	982
605	157
605	456
605	510
605	528
605	582
605	617
605	628
605	703
605	714
605	723
605	748
605	753
605	762
605	923
606	123
606	372
606	521
606	547
606	571
606	585
606	614
606	616
606	691
606	699
606	701
606	756
606	764
606	972
607	114
607	332
607	485
607	529
607	545
607	571
607	636
607	667
607	687
607	723
607	724
607	736
607	741
607	854
608	48
608	308
608	484
608	564
608	616
608	643
608	665
608	671
608	726
608	732
608	751
608	756
608	763
608	1000
609	345
609	588
609	596
609	628
609	632
609	646
609	684
609	691
609	708
609	740
609	755
609	759
609	777
609	974
610	238
610	329
610	492
610	562
610	603
610	640
610	646
610	673
610	695
610	738
610	741
610	753
610	756
610	890
611	472
611	473
611	494
611	511
611	565
611	566
611	597
611	623
611	655
611	664
611	693
611	712
611	718
611	748
611	969
612	169
612	483
612	505
612	515
612	531
612	623
612	632
612	641
612	686
612	696
612	703
612	715
612	753
612	954
612	990
613	79
613	113
613	486
613	495
613	541
613	574
613	593
613	615
613	627
613	653
613	731
613	758
613	764
613	765
613	938
614	110
614	485
614	519
614	521
614	568
614	606
614	684
614	691
614	697
614	730
614	731
614	748
614	759
614	782
614	940
615	104
615	320
615	513
615	613
615	636
615	657
615	669
615	670
615	681
615	698
615	724
615	752
615	757
615	760
615	888
616	199
616	313
616	440
616	514
616	515
616	552
616	606
616	608
616	627
616	639
616	683
616	703
616	708
616	753
616	762
617	37
617	91
617	230
617	573
617	600
617	605
617	656
617	681
617	686
617	700
617	716
617	729
617	732
617	743
617	744
618	116
618	506
618	539
618	600
618	632
618	639
618	692
618	700
618	739
618	748
618	752
618	753
618	764
618	895
618	982
619	179
619	544
619	598
619	638
619	640
619	679
619	683
619	700
619	724
619	728
619	741
619	753
619	762
619	901
619	907
620	178
620	286
620	416
620	481
620	530
620	558
620	563
620	599
620	623
620	670
620	692
620	719
620	747
620	752
620	759
621	289
621	550
621	678
621	683
621	690
621	702
621	707
621	716
621	717
621	728
621	735
621	740
621	748
621	881
621	984
622	99
622	376
622	497
622	526
622	542
622	543
622	558
622	587
622	601
622	650
622	653
622	676
622	719
622	749
622	813
623	10
623	440
623	470
623	518
623	550
623	580
623	585
623	611
623	612
623	620
623	650
623	663
623	688
623	694
623	740
624	178
624	477
624	522
624	594
624	629
624	634
624	640
624	655
624	681
624	692
624	698
624	726
624	752
624	760
624	983
625	65
625	109
625	185
625	479
625	512
625	590
625	645
625	647
625	664
625	675
625	688
625	721
625	744
625	754
625	759
626	212
626	490
626	547
626	571
626	598
626	645
626	662
626	665
626	670
626	696
626	733
626	741
626	755
626	894
626	948
627	136
627	314
627	493
627	509
627	528
627	558
627	613
627	616
627	674
627	678
627	710
627	714
627	735
627	748
627	913
628	53
628	476
628	500
628	504
628	605
628	609
628	692
628	709
628	716
628	722
628	739
628	747
628	750
628	753
628	869
629	180
629	497
629	518
629	520
629	524
629	549
629	624
629	644
629	696
629	711
629	715
629	734
629	756
629	901
629	964
630	137
630	378
630	414
630	478
630	529
630	534
630	566
630	587
630	639
630	662
630	677
630	716
630	735
630	739
630	763
631	65
631	534
631	551
631	660
631	712
631	715
631	717
631	744
631	750
631	755
631	759
631	762
631	764
631	922
631	937
632	158
632	459
632	482
632	602
632	609
632	612
632	618
632	683
632	688
632	703
632	706
632	713
632	760
632	763
632	765
632	845
633	165
633	483
633	511
633	541
633	577
633	641
633	704
633	718
633	721
633	722
633	724
633	736
633	750
633	753
633	953
633	970
634	166
634	343
634	561
634	593
634	599
634	624
634	640
634	643
634	654
634	681
634	698
634	723
634	736
634	757
634	762
634	964
635	131
635	147
635	219
635	481
635	527
635	544
635	638
635	649
635	652
635	655
635	676
635	713
635	714
635	720
635	727
635	750
636	167
636	210
636	307
636	527
636	577
636	607
636	615
636	644
636	654
636	678
636	682
636	688
636	694
636	737
636	738
636	744
637	126
637	367
637	535
637	563
637	592
637	665
637	666
637	675
637	689
637	709
637	715
637	721
637	744
637	749
637	758
637	880
638	300
638	534
638	535
638	536
638	543
638	588
638	619
638	635
638	661
638	714
638	728
638	737
638	750
638	762
638	887
638	931
639	46
639	50
639	99
639	250
639	515
639	537
639	589
639	616
639	618
639	630
639	718
639	721
639	724
639	748
639	754
639	757
640	589
640	610
640	619
640	624
640	634
640	657
640	685
640	721
640	723
640	733
640	746
640	757
640	760
640	788
640	855
640	990
641	493
641	520
641	581
641	604
641	612
641	633
641	693
641	705
641	720
641	726
641	728
641	758
641	765
641	891
641	978
641	999
642	80
642	419
642	575
642	590
642	591
642	648
642	700
642	728
642	729
642	738
642	740
642	750
642	752
642	763
642	764
642	807
643	144
643	336
643	516
643	568
643	608
643	634
643	645
643	651
643	664
643	711
643	731
643	739
643	751
643	763
643	833
643	865
644	5
644	155
644	300
644	498
644	528
644	561
644	594
644	629
644	636
644	662
644	686
644	696
644	716
644	726
644	736
644	741
644	923
645	174
645	493
645	625
645	626
645	643
645	660
645	669
645	687
645	692
645	716
645	720
645	727
645	749
645	761
645	765
645	846
645	872
646	111
646	435
646	465
646	494
646	581
646	609
646	610
646	663
646	693
646	695
646	701
646	708
646	710
646	717
646	752
646	754
646	757
647	82
647	318
647	521
647	568
647	569
647	625
647	655
647	656
647	699
647	715
647	739
647	740
647	742
647	745
647	747
647	749
647	877
648	26
648	514
648	544
648	546
648	573
648	642
648	651
648	676
648	682
648	716
648	726
648	745
648	752
648	759
648	764
648	824
648	993
649	41
649	135
649	467
649	480
649	502
649	506
649	545
649	579
649	584
649	590
649	635
649	711
649	716
649	726
649	745
649	751
649	763
650	236
650	383
650	536
650	550
650	597
650	622
650	623
650	676
650	709
650	718
650	720
650	730
650	732
650	750
650	765
650	878
650	973
651	4
651	499
651	541
651	643
651	648
651	674
651	680
651	684
651	688
651	705
651	706
651	745
651	752
651	756
651	764
651	928
651	937
652	278
652	279
652	491
652	563
652	577
652	599
652	635
652	676
652	689
652	696
652	709
652	715
652	734
652	742
652	747
652	749
652	916
653	327
653	348
653	486
653	533
653	570
653	573
653	613
653	622
653	719
653	720
653	724
653	744
653	758
653	759
653	761
653	883
653	996
654	362
654	420
654	476
654	480
654	512
654	526
654	535
654	577
654	583
654	634
654	636
654	690
654	741
654	756
654	757
654	760
654	951
655	270
655	304
655	599
655	611
655	624
655	635
655	647
655	678
655	699
655	704
655	709
655	714
655	715
655	725
655	747
655	749
655	882
656	306
656	390
656	479
656	481
656	517
656	617
656	647
656	659
656	675
656	696
656	725
656	742
656	745
656	747
656	759
656	761
656	862
657	109
657	219
657	333
657	502
657	577
657	593
657	615
657	640
657	670
657	702
657	710
657	722
657	735
657	757
657	758
657	760
657	764
657	796
658	350
658	449
658	467
658	493
658	508
658	523
658	527
658	556
658	562
658	594
658	659
658	682
658	726
658	733
658	734
658	759
658	765
658	843
659	93
659	178
659	496
659	539
659	553
659	565
659	574
659	656
659	658
659	674
659	682
659	695
659	704
659	709
659	718
659	723
659	842
659	894
660	1
660	166
660	487
660	489
660	509
660	514
660	516
660	540
660	547
660	558
660	581
660	604
660	631
660	645
660	705
660	732
660	744
660	960
661	258
661	385
661	437
661	479
661	500
661	577
661	638
661	676
661	692
661	703
661	713
661	720
661	726
661	729
661	749
661	753
661	762
661	940
662	107
662	159
662	466
662	520
662	557
662	566
662	571
662	594
662	626
662	630
662	644
662	691
662	723
662	732
662	734
662	741
662	753
662	859
663	63
663	204
663	370
663	490
663	493
663	623
663	646
663	671
663	679
663	713
663	720
663	725
663	728
663	736
663	744
663	761
663	765
663	917
664	104
664	332
664	429
664	515
664	543
664	548
664	572
664	576
664	601
664	611
664	625
664	643
664	686
664	690
664	705
664	729
664	735
664	750
665	385
665	482
665	518
665	524
665	548
665	561
665	576
665	594
665	608
665	626
665	637
665	683
665	691
665	696
665	713
665	737
665	738
665	780
665	848
666	321
666	338
666	511
666	538
666	569
666	592
666	637
666	679
666	710
666	712
666	717
666	719
666	727
666	731
666	740
666	758
666	759
666	764
666	949
667	88
667	316
667	411
667	532
667	533
667	549
667	556
667	568
667	576
667	589
667	607
667	674
667	682
667	692
667	693
667	700
667	705
667	736
667	974
668	183
668	478
668	483
668	487
668	489
668	503
668	561
668	579
668	583
668	602
668	683
668	706
668	731
668	739
668	747
668	751
668	753
668	814
668	949
669	398
669	414
669	484
669	535
669	557
669	582
669	585
669	590
669	593
669	615
669	645
669	692
669	731
669	735
669	738
669	757
669	758
669	922
669	938
670	49
670	141
670	179
670	456
670	562
670	588
670	599
670	615
670	620
670	626
670	657
670	671
670	677
670	703
670	717
670	719
670	746
670	754
670	763
671	113
671	174
671	545
671	548
671	602
671	604
671	608
671	663
671	670
671	675
671	699
671	703
671	709
671	722
671	725
671	739
671	742
671	749
671	798
671	893
672	80
672	312
672	335
672	481
672	509
672	548
672	560
672	580
672	595
672	675
672	688
672	694
672	699
672	701
672	703
672	725
672	742
672	747
672	759
672	973
673	154
673	297
673	438
673	485
673	519
673	538
673	561
673	566
673	585
673	610
673	678
673	682
673	695
673	712
673	715
673	734
673	737
673	738
673	762
673	995
674	289
674	308
674	369
674	539
674	550
674	562
674	591
674	627
674	651
674	659
674	667
674	678
674	721
674	730
674	732
674	734
674	737
674	738
674	748
674	920
675	169
675	170
675	183
675	524
675	576
675	595
675	604
675	625
675	637
675	656
675	671
675	672
675	680
675	691
675	710
675	715
675	725
675	747
675	762
675	775
676	270
676	336
676	432
676	598
676	622
676	635
676	648
676	650
676	652
676	661
676	683
676	703
676	706
676	714
676	727
676	728
676	740
676	752
676	755
676	838
676	860
677	54
677	182
677	304
677	495
677	520
677	529
677	569
677	630
677	670
677	694
677	701
677	705
677	712
677	720
677	735
677	741
677	744
677	754
677	755
677	758
677	961
678	168
678	308
678	313
678	409
678	572
678	621
678	627
678	636
678	655
678	673
678	674
678	690
678	703
678	714
678	721
678	722
678	732
678	748
678	750
678	751
678	764
679	53
679	237
679	340
679	495
679	503
679	507
679	575
679	582
679	601
679	619
679	663
679	666
679	694
679	720
679	721
679	736
679	739
679	758
679	765
679	933
679	947
680	451
680	537
680	586
680	589
680	594
680	604
680	651
680	675
680	684
680	718
680	719
680	723
680	727
680	730
680	732
680	748
680	750
680	758
680	767
680	960
680	981
681	149
681	182
681	448
681	480
681	502
681	542
681	564
681	615
681	617
681	624
681	634
681	698
681	746
681	747
681	748
681	757
681	759
681	760
681	765
681	927
681	981
682	107
682	133
682	143
682	297
682	488
682	496
682	543
682	549
682	636
682	648
682	658
682	659
682	667
682	673
682	688
682	708
682	709
682	723
682	735
682	738
682	741
683	190
683	437
683	502
683	531
683	534
683	566
683	616
683	619
683	621
683	632
683	665
683	668
683	676
683	690
683	706
683	711
683	729
683	753
683	758
683	759
683	866
683	975
684	167
684	222
684	430
684	470
684	506
684	519
684	551
684	591
684	609
684	614
684	651
684	680
684	686
684	695
684	697
684	707
684	711
684	731
684	745
684	756
684	764
684	899
685	290
685	398
685	477
685	484
685	525
685	535
685	577
685	640
685	698
685	701
685	716
685	724
685	727
685	741
685	742
685	757
685	759
685	760
685	763
685	764
685	830
685	969
686	344
686	469
686	523
686	556
686	565
686	612
686	617
686	644
686	664
686	684
686	692
686	693
686	700
686	701
686	724
686	736
686	737
686	742
686	743
686	757
686	864
686	960
687	75
687	153
687	232
687	370
687	403
687	482
687	504
687	505
687	540
687	582
687	598
687	607
687	645
687	701
687	709
687	716
687	719
687	739
687	752
687	758
687	759
687	765
688	3
688	255
688	424
688	440
688	486
688	499
688	592
688	623
688	625
688	632
688	636
688	651
688	672
688	682
688	708
688	712
688	716
688	719
688	742
688	747
688	754
688	755
689	132
689	285
689	315
689	433
689	483
689	523
689	531
689	542
689	545
689	547
689	582
689	637
689	652
689	698
689	699
689	709
689	710
689	715
689	747
689	749
689	751
689	754
689	914
690	74
690	380
690	534
690	537
690	566
690	567
690	587
690	621
690	654
690	664
690	678
690	683
690	694
690	707
690	708
690	735
690	737
690	741
690	743
690	746
690	762
690	931
690	993
691	176
691	461
691	482
691	483
691	491
691	521
691	532
691	574
691	582
691	606
691	609
691	614
691	662
691	665
691	675
691	751
691	752
691	754
691	756
691	763
691	764
691	987
691	1000
692	104
692	169
692	249
692	435
692	618
692	620
692	624
692	628
692	645
692	661
692	667
692	669
692	686
692	693
692	705
692	722
692	743
692	754
692	756
692	759
692	762
692	763
692	882
693	355
693	358
693	543
693	611
693	641
693	646
693	667
693	686
693	692
693	694
693	705
693	709
693	720
693	722
693	724
693	729
693	748
693	757
693	758
693	759
693	765
693	812
693	889
694	442
694	575
694	578
694	580
694	600
694	623
694	636
694	672
694	677
694	679
694	690
694	693
694	701
694	710
694	719
694	723
694	741
694	746
694	759
694	930
694	938
694	973
694	998
695	407
695	443
695	476
695	484
695	508
695	574
695	578
695	581
695	604
695	610
695	646
695	659
695	673
695	684
695	723
695	733
695	737
695	741
695	742
695	752
695	764
695	817
695	922
696	14
696	273
696	497
696	557
696	584
696	612
696	626
696	629
696	644
696	652
696	656
696	665
696	704
696	712
696	723
696	726
696	733
696	734
696	757
696	762
696	849
696	975
696	997
697	234
697	328
697	479
697	485
697	491
697	494
697	498
697	584
697	596
697	600
697	614
697	684
697	711
697	720
697	731
697	743
697	745
697	752
697	756
697	760
697	763
697	845
697	890
697	990
698	148
698	207
698	293
698	522
698	531
698	549
698	557
698	563
698	572
698	585
698	590
698	615
698	624
698	634
698	681
698	685
698	689
698	728
698	757
698	758
698	759
698	760
698	765
698	973
699	28
699	54
699	443
699	473
699	481
699	502
699	548
699	552
699	557
699	563
699	586
699	593
699	606
699	647
699	655
699	671
699	672
699	689
699	701
699	709
699	727
699	736
699	747
699	783
700	127
700	165
700	435
700	455
700	478
700	549
700	572
700	595
700	600
700	601
700	617
700	618
700	619
700	642
700	667
700	686
700	716
700	733
700	743
700	744
700	745
700	758
700	761
700	988
701	183
701	235
701	468
701	578
701	585
701	606
701	646
701	672
701	677
701	685
701	686
701	687
701	694
701	699
701	709
701	713
701	719
701	744
701	746
701	748
701	754
701	761
701	986
701	995
702	129
702	179
702	264
702	310
702	338
702	516
702	527
702	534
702	537
702	572
702	581
702	589
702	621
702	657
702	728
702	732
702	735
702	742
702	748
702	753
702	754
702	758
702	760
702	761
703	127
703	263
703	444
703	524
703	531
703	605
703	612
703	616
703	632
703	661
703	670
703	671
703	672
703	676
703	678
703	706
703	714
703	716
703	728
703	733
703	734
703	742
703	751
703	913
703	956
704	153
704	490
704	497
704	516
704	518
704	603
704	633
704	655
704	659
704	696
704	718
704	723
704	724
704	732
704	733
704	734
704	737
704	740
704	741
704	757
704	761
704	788
704	837
704	915
704	919
705	118
705	279
705	291
705	523
705	549
705	565
705	641
705	651
705	660
705	664
705	667
705	677
705	692
705	693
705	716
705	718
705	721
705	736
705	743
705	745
705	751
705	754
705	761
705	915
705	982
706	65
706	196
706	206
706	306
706	457
706	498
706	554
706	561
706	632
706	651
706	668
706	676
706	683
706	703
706	709
706	714
706	729
706	732
706	733
706	745
706	748
706	751
706	753
706	760
706	762
707	246
707	261
707	349
707	499
707	516
707	519
707	530
707	548
707	569
707	621
707	684
707	690
707	708
707	712
707	745
707	746
707	754
707	755
707	758
707	759
707	760
707	761
707	765
707	957
707	994
708	121
708	312
708	463
708	500
708	522
708	528
708	551
708	560
708	580
708	609
708	616
708	646
708	682
708	688
708	690
708	707
708	727
708	729
708	754
708	755
708	759
708	761
708	764
708	786
708	867
709	76
709	352
709	492
709	532
709	628
709	637
709	650
709	652
709	655
709	659
709	671
709	682
709	687
709	689
709	693
709	699
709	701
709	706
709	715
709	725
709	742
709	749
709	763
709	859
709	986
709	998
710	100
710	214
710	411
710	458
710	519
710	530
710	599
710	601
710	627
710	646
710	657
710	666
710	675
710	689
710	694
710	712
710	735
710	736
710	740
710	743
710	744
710	753
710	755
710	758
710	759
710	796
711	83
711	148
711	507
711	512
711	555
711	570
711	576
711	596
711	604
711	629
711	643
711	649
711	683
711	684
711	697
711	731
711	736
711	743
711	745
711	750
711	752
711	763
711	797
711	813
711	966
711	977
712	137
712	159
712	342
712	455
712	482
712	504
712	510
712	520
712	568
712	571
712	587
712	594
712	611
712	631
712	666
712	673
712	677
712	688
712	696
712	707
712	710
712	731
712	740
712	746
712	755
712	896
712	959
713	71
713	170
713	178
713	224
713	478
713	486
713	489
713	523
713	537
713	546
713	553
713	554
713	559
713	596
713	601
713	602
713	632
713	635
713	661
713	663
713	665
713	701
713	714
713	734
713	752
713	762
713	991
714	48
714	327
714	343
714	345
714	483
714	488
714	523
714	536
714	562
714	567
714	571
714	605
714	627
714	635
714	638
714	655
714	676
714	678
714	703
714	706
714	713
714	717
714	728
714	752
714	761
714	762
714	953
715	162
715	177
715	361
715	532
715	573
715	575
715	581
715	589
715	590
715	595
715	598
715	612
715	629
715	631
715	637
715	647
715	652
715	655
715	673
715	675
715	689
715	709
715	723
715	749
715	755
715	996
715	997
716	84
716	97
716	162
716	252
716	478
716	490
716	505
716	511
716	550
716	617
716	621
716	628
716	630
716	644
716	645
716	648
716	649
716	685
716	687
716	688
716	700
716	703
716	705
716	722
716	761
716	764
716	883
717	254
717	272
717	319
717	382
717	461
717	481
717	488
717	489
717	503
717	546
717	551
717	569
717	575
717	576
717	621
717	631
717	646
717	666
717	670
717	714
717	719
717	737
717	740
717	744
717	746
717	751
717	765
717	951
718	76
718	334
718	473
718	504
718	523
718	562
718	565
718	567
718	583
718	592
718	601
718	604
718	611
718	633
718	639
718	650
718	659
718	680
718	704
718	705
718	721
718	730
718	746
718	755
718	759
718	777
718	926
718	965
719	193
719	229
719	313
719	324
719	339
719	479
719	501
719	524
719	529
719	578
719	591
719	593
719	620
719	622
719	653
719	666
719	670
719	680
719	687
719	688
719	694
719	701
719	717
719	730
719	744
719	755
719	757
719	925
720	158
720	192
720	477
720	484
720	490
720	493
720	572
720	635
720	641
720	645
720	650
720	653
720	661
720	663
720	677
720	679
720	693
720	697
720	736
720	741
720	743
720	747
720	749
720	755
720	761
720	765
720	948
720	996
721	127
721	211
721	336
721	487
721	496
721	531
721	534
721	537
721	554
721	558
721	601
721	604
721	625
721	633
721	637
721	639
721	640
721	674
721	678
721	679
721	705
721	718
721	730
721	734
721	749
721	750
721	972
721	975
722	453
722	477
722	517
722	544
722	559
722	560
722	572
722	600
722	628
722	633
722	657
722	671
722	678
722	692
722	693
722	716
722	724
722	741
722	743
722	744
722	748
722	755
722	758
722	761
722	765
722	795
722	890
722	921
723	20
723	175
723	374
723	485
723	486
723	494
723	527
723	553
723	590
723	603
723	605
723	607
723	634
723	640
723	659
723	662
723	680
723	682
723	694
723	695
723	696
723	704
723	715
723	741
723	754
723	764
723	870
723	897
724	30
724	157
724	183
724	478
724	491
724	495
724	582
724	604
724	607
724	615
724	619
724	633
724	639
724	653
724	685
724	686
724	693
724	704
724	722
724	728
724	736
724	739
724	743
724	748
724	758
724	765
724	896
724	928
724	983
725	73
725	154
725	167
725	339
725	341
725	444
725	481
725	513
725	515
725	532
725	551
725	558
725	586
725	598
725	603
725	655
725	656
725	663
725	671
725	672
725	675
725	709
725	738
725	741
725	742
725	747
725	749
725	758
725	762
726	141
726	212
726	388
726	490
726	533
726	557
726	564
726	579
726	587
726	591
726	608
726	624
726	641
726	644
726	648
726	649
726	658
726	661
726	696
726	739
726	744
726	746
726	751
726	752
726	763
726	764
726	785
726	995
726	999
727	66
727	161
727	274
727	425
727	478
727	503
727	510
727	515
727	519
727	531
727	546
727	551
727	552
727	559
727	575
727	601
727	635
727	645
727	666
727	676
727	680
727	685
727	699
727	708
727	729
727	732
727	760
727	762
727	828
727	980
728	132
728	231
728	469
728	496
728	503
728	536
728	544
728	582
728	585
728	600
728	602
728	619
728	621
728	638
728	641
728	642
728	663
728	676
728	698
728	702
728	703
728	714
728	724
728	729
728	753
728	762
728	764
728	930
728	954
728	1000
729	118
729	325
729	331
729	478
729	501
729	510
729	531
729	536
729	544
729	550
729	552
729	588
729	617
729	642
729	661
729	664
729	683
729	693
729	706
729	708
729	727
729	728
729	749
729	755
729	758
729	762
729	764
729	776
729	795
729	967
730	323
730	327
730	353
730	399
730	435
730	491
730	499
730	517
730	521
730	529
730	541
730	550
730	555
730	560
730	597
730	601
730	604
730	614
730	650
730	674
730	680
730	718
730	719
730	721
730	734
730	735
730	756
730	757
730	765
730	871
731	153
731	205
731	301
731	482
731	487
731	493
731	513
731	551
731	558
731	570
731	597
731	613
731	614
731	643
731	666
731	668
731	669
731	684
731	697
731	711
731	712
731	739
731	751
731	752
731	756
731	760
731	763
731	821
731	952
731	974
732	103
732	302
732	516
732	533
732	540
732	555
732	556
732	559
732	562
732	582
732	608
732	617
732	650
732	660
732	662
732	674
732	678
732	680
732	702
732	704
732	706
732	727
732	735
732	742
732	748
732	750
732	751
732	787
732	927
732	946
732	1000
733	146
733	412
733	472
733	485
733	497
733	566
733	571
733	590
733	594
733	626
733	640
733	658
733	695
733	696
733	700
733	703
733	704
733	706
733	734
733	737
733	738
733	741
733	745
733	749
733	750
733	755
733	757
733	759
733	763
733	986
733	992
733	994
734	138
734	158
734	280
734	284
734	306
734	501
734	505
734	535
734	540
734	555
734	558
734	574
734	583
734	603
734	629
734	652
734	658
734	662
734	673
734	674
734	696
734	703
734	704
734	713
734	721
734	730
734	733
734	736
734	737
734	738
734	741
734	804
735	154
735	169
735	392
735	408
735	457
735	526
735	530
735	553
735	555
735	567
735	580
735	581
735	600
735	621
735	627
735	630
735	657
735	664
735	669
735	677
735	682
735	690
735	702
735	710
735	730
735	732
735	749
735	750
735	754
735	758
735	818
735	999
736	78
736	140
736	272
736	500
736	506
736	511
736	517
736	555
736	561
736	607
736	633
736	634
736	644
736	663
736	667
736	679
736	686
736	699
736	705
736	710
736	711
736	720
736	724
736	734
736	740
736	754
736	758
736	763
736	862
736	870
736	881
736	986
737	160
737	300
737	436
737	499
737	500
737	501
737	508
737	510
737	527
737	544
737	556
737	561
737	565
737	571
737	636
737	638
737	665
737	673
737	674
737	686
737	690
737	695
737	704
737	717
737	733
737	734
737	738
737	746
737	763
737	916
737	926
737	969
737	995
738	4
738	201
738	333
738	344
738	457
738	467
738	496
738	501
738	503
738	510
738	514
738	518
738	530
738	539
738	545
738	546
738	603
738	610
738	636
738	642
738	665
738	669
738	673
738	674
738	682
738	725
738	733
738	734
738	737
738	741
738	751
738	758
738	980
739	64
739	118
739	130
739	161
739	295
739	472
739	486
739	500
739	510
739	523
739	556
739	568
739	576
739	578
739	618
739	628
739	630
739	643
739	647
739	668
739	671
739	679
739	687
739	724
739	726
739	731
739	740
739	747
739	758
739	760
739	761
739	765
739	918
740	177
740	338
740	371
740	372
740	457
740	499
740	512
740	519
740	537
740	538
740	547
740	571
740	580
740	609
740	621
740	623
740	642
740	647
740	666
740	676
740	704
740	710
740	712
740	717
740	736
740	739
740	744
740	746
740	755
740	758
740	765
740	875
740	964
741	2
741	8
741	133
741	468
741	527
741	579
741	592
741	603
741	607
741	610
741	619
741	626
741	644
741	654
741	662
741	677
741	682
741	685
741	690
741	694
741	695
741	704
741	720
741	722
741	723
741	725
741	733
741	734
741	738
741	749
741	758
741	808
741	905
741	924
742	11
742	113
742	122
742	198
742	331
742	473
742	476
742	490
742	540
742	542
742	544
742	545
742	548
742	563
742	565
742	647
742	652
742	656
742	671
742	672
742	685
742	686
742	688
742	695
742	702
742	703
742	709
742	725
742	732
742	747
742	748
742	749
742	756
742	765
743	42
743	159
743	163
743	284
743	293
743	421
743	474
743	495
743	551
743	564
743	569
743	581
743	587
743	592
743	600
743	617
743	686
743	690
743	692
743	697
743	700
743	705
743	710
743	711
743	720
743	722
743	724
743	745
743	748
743	757
743	758
743	760
743	761
743	765
744	169
744	293
744	345
744	488
744	552
744	564
744	569
744	584
744	588
744	599
744	617
744	625
744	631
744	636
744	637
744	653
744	660
744	663
744	677
744	700
744	701
744	710
744	717
744	719
744	722
744	726
744	740
744	747
744	754
744	755
744	759
744	843
744	865
744	956
744	997
745	45
745	90
745	102
745	128
745	385
745	480
745	513
745	540
745	554
745	560
745	575
745	591
745	597
745	599
745	647
745	648
745	649
745	651
745	656
745	684
745	697
745	700
745	705
745	706
745	707
745	711
745	733
745	743
745	751
745	752
745	756
745	760
745	763
745	764
745	819
745	936
746	135
746	150
746	176
746	318
746	392
746	519
746	528
746	532
746	536
746	542
746	568
746	578
746	580
746	585
746	587
746	602
746	640
746	670
746	681
746	690
746	694
746	701
746	707
746	712
746	717
746	718
746	726
746	737
746	740
746	751
746	754
746	755
746	756
746	762
746	773
746	973
747	77
747	145
747	315
747	368
747	517
747	532
747	554
747	557
747	569
747	570
747	579
747	586
747	595
747	598
747	620
747	628
747	647
747	652
747	655
747	656
747	668
747	672
747	675
747	681
747	688
747	689
747	699
747	720
747	725
747	739
747	742
747	744
747	749
747	923
747	951
747	970
748	60
748	75
748	205
748	529
748	543
748	546
748	550
748	555
748	567
748	574
748	605
748	611
748	614
748	618
748	621
748	627
748	639
748	674
748	678
748	680
748	681
748	693
748	701
748	702
748	706
748	722
748	724
748	732
748	742
748	743
748	750
748	762
748	822
748	841
748	853
748	984
748	985
749	299
749	310
749	407
749	410
749	420
749	454
749	509
749	522
749	542
749	545
749	548
749	578
749	579
749	592
749	598
749	622
749	637
749	645
749	647
749	652
749	655
749	661
749	671
749	689
749	709
749	715
749	720
749	721
749	725
749	729
749	733
749	735
749	741
749	742
749	747
749	761
749	880
750	59
750	94
750	194
750	428
750	460
750	473
750	489
750	498
750	507
750	509
750	521
750	539
750	565
750	572
750	586
750	587
750	595
750	628
750	631
750	633
750	635
750	638
750	642
750	650
750	664
750	678
750	680
750	711
750	721
750	732
750	733
750	735
750	748
750	751
750	754
750	764
750	842
751	116
751	346
751	364
751	469
751	505
751	507
751	533
751	547
751	575
751	608
751	643
751	649
751	668
751	678
751	689
751	691
751	703
751	705
751	706
751	717
751	726
751	731
751	732
751	738
751	745
751	746
751	750
751	752
751	755
751	756
751	759
751	763
751	764
751	765
751	905
751	936
751	980
751	998
752	119
752	147
752	157
752	271
752	366
752	547
752	560
752	574
752	588
752	591
752	615
752	618
752	620
752	624
752	642
752	646
752	648
752	651
752	676
752	687
752	691
752	695
752	697
752	711
752	713
752	714
752	726
752	731
752	745
752	751
752	753
752	757
752	761
752	762
752	764
752	802
752	947
752	994
753	87
753	130
753	152
753	444
753	479
753	485
753	487
753	497
753	527
753	536
753	546
753	552
753	559
753	580
753	594
753	596
753	605
753	610
753	612
753	616
753	618
753	619
753	628
753	633
753	661
753	662
753	668
753	683
753	702
753	706
753	710
753	728
753	752
753	755
753	762
753	763
753	806
753	812
753	964
754	153
754	156
754	277
754	468
754	469
754	472
754	488
754	495
754	505
754	513
754	528
754	530
754	567
754	578
754	599
754	625
754	639
754	646
754	670
754	677
754	688
754	689
754	691
754	692
754	701
754	702
754	705
754	707
754	708
754	723
754	735
754	736
754	744
754	746
754	750
754	755
754	760
754	990
754	995
755	292
755	404
755	411
755	439
755	500
755	553
755	568
755	584
755	600
755	603
755	609
755	626
755	631
755	676
755	677
755	688
755	707
755	708
755	710
755	712
755	715
755	718
755	719
755	720
755	722
755	729
755	733
755	740
755	744
755	746
755	751
755	753
755	754
755	757
755	759
755	765
755	889
755	897
755	971
755	978
756	114
756	144
756	159
756	181
756	234
756	296
756	482
756	508
756	511
756	514
756	520
756	530
756	554
756	560
756	570
756	577
756	579
756	588
756	606
756	608
756	610
756	629
756	651
756	654
756	684
756	691
756	692
756	697
756	730
756	731
756	742
756	745
756	746
756	751
756	759
756	761
756	762
756	763
756	764
756	903
756	918
757	101
757	140
757	166
757	277
757	316
757	416
757	522
757	525
757	535
757	538
757	543
757	555
757	557
757	566
757	583
757	597
757	615
757	634
757	639
757	640
757	646
757	654
757	657
757	669
757	681
757	685
757	686
757	693
757	696
757	698
757	704
757	719
757	730
757	733
757	743
757	752
757	755
757	760
757	763
757	831
757	988
757	999
758	93
758	96
758	401
758	427
758	451
758	474
758	502
758	523
758	541
758	573
758	582
758	613
758	637
758	641
758	653
758	657
758	666
758	669
758	677
758	679
758	680
758	683
758	687
758	693
758	698
758	700
758	702
758	707
758	710
758	722
758	724
758	725
758	729
758	735
758	736
758	738
758	739
758	740
758	741
758	743
758	761
758	886
758	906
759	6
759	164
759	174
759	178
759	183
759	260
759	479
759	480
759	494
759	512
759	553
759	585
759	592
759	609
759	614
759	620
759	625
759	631
759	648
759	653
759	656
759	658
759	666
759	672
759	681
759	683
759	685
759	687
759	692
759	693
759	694
759	698
759	707
759	708
759	710
759	718
759	733
759	744
759	751
759	755
759	756
759	882
759	931
759	939
760	9
760	129
760	174
760	200
760	469
760	480
760	484
760	485
760	492
760	502
760	525
760	538
760	549
760	559
760	567
760	577
760	578
760	583
760	590
760	593
760	615
760	624
760	632
760	640
760	654
760	657
760	681
760	685
760	697
760	698
760	702
760	706
760	707
760	727
760	731
760	739
760	743
760	745
760	754
760	757
760	765
760	791
760	902
760	999
761	119
761	140
761	152
761	281
761	383
761	418
761	423
761	504
761	509
761	511
761	518
761	539
761	549
761	556
761	563
761	567
761	570
761	574
761	576
761	601
761	645
761	653
761	656
761	663
761	700
761	701
761	702
761	704
761	705
761	707
761	708
761	714
761	716
761	720
761	722
761	739
761	743
761	749
761	752
761	756
761	758
761	765
761	770
761	786
762	72
762	160
762	324
762	456
762	487
762	503
762	510
762	511
762	515
762	554
762	563
762	572
762	580
762	596
762	603
762	605
762	616
762	619
762	631
762	634
762	638
762	661
762	673
762	675
762	690
762	692
762	696
762	706
762	713
762	714
762	725
762	727
762	728
762	729
762	746
762	748
762	752
762	753
762	756
762	763
762	815
762	883
762	928
762	947
762	977
763	150
763	183
763	216
763	278
763	341
763	344
763	394
763	480
763	514
763	524
763	533
763	552
763	559
763	564
763	575
763	583
763	584
763	588
763	593
763	608
763	630
763	632
763	642
763	643
763	649
763	670
763	685
763	691
763	692
763	697
763	709
763	711
763	726
763	731
763	733
763	736
763	737
763	745
763	751
763	753
763	756
763	757
763	762
763	764
763	765
763	853
763	971
764	36
764	70
764	115
764	146
764	218
764	287
764	332
764	484
764	501
764	512
764	513
764	514
764	521
764	526
764	537
764	560
764	564
764	569
764	570
764	579
764	606
764	613
764	618
764	631
764	642
764	648
764	651
764	657
764	666
764	678
764	684
764	685
764	691
764	695
764	708
764	716
764	723
764	726
764	728
764	729
764	745
764	750
764	751
764	752
764	756
764	763
764	891
764	977
764	999
765	19
765	87
765	152
765	159
765	174
765	239
765	274
765	325
765	483
765	490
765	500
765	506
765	512
765	539
765	549
765	558
765	560
765	576
765	584
765	598
765	613
765	632
765	641
765	645
765	650
765	658
765	663
765	679
765	681
765	687
765	693
765	698
765	707
765	717
765	720
765	722
765	724
765	730
765	739
765	740
765	742
765	743
765	751
765	755
765	760
765	761
765	763
765	820
765	958
766	17
766	145
766	784
766	839
766	846
766	869
766	872
766	914
766	915
766	970
767	464
767	680
767	810
767	820
767	853
767	881
767	890
767	966
767	970
767	989
768	224
768	318
768	774
768	820
768	853
768	854
768	943
768	953
768	959
768	971
769	225
769	439
769	771
769	796
769	843
769	873
769	905
769	926
769	992
769	1000
770	244
770	761
770	777
770	855
770	875
770	915
770	943
770	946
770	956
770	997
771	167
771	295
771	769
771	824
771	893
771	942
771	961
771	972
771	985
771	996
772	172
772	431
772	784
772	788
772	816
772	856
772	862
772	887
772	949
772	982
773	188
773	746
773	866
773	876
773	882
773	933
773	956
773	982
773	990
773	1000
774	7
774	91
774	768
774	791
774	797
774	844
774	933
774	952
774	988
774	998
775	123
775	675
775	850
775	851
775	870
775	914
775	940
775	974
775	975
775	986
776	597
776	729
776	827
776	858
776	936
776	950
776	955
776	971
776	996
776	999
777	609
777	718
777	770
777	793
777	815
777	821
777	949
777	951
777	964
777	984
778	117
778	179
778	806
778	918
778	933
778	939
778	950
778	959
778	974
778	978
779	142
779	221
779	908
779	916
779	934
779	936
779	943
779	966
779	976
779	981
780	409
780	665
780	807
780	829
780	925
780	926
780	932
780	979
780	981
780	995
781	84
781	381
781	842
781	853
781	882
781	922
781	964
781	974
781	989
781	991
782	470
782	614
782	839
782	847
782	855
782	918
782	963
782	970
782	972
782	999
783	395
783	699
783	862
783	888
783	934
783	941
783	951
783	974
783	984
783	998
784	111
784	440
784	766
784	772
784	811
784	945
784	969
784	981
784	995
784	997
785	120
785	726
785	824
785	861
785	946
785	952
785	955
785	982
785	990
785	998
786	708
786	761
786	800
786	871
786	884
786	915
786	947
786	983
786	989
786	991
787	5
787	732
787	859
787	905
787	923
787	924
787	967
787	969
787	994
787	997
788	640
788	704
788	772
788	796
788	805
788	858
788	956
788	979
788	998
788	1000
789	174
789	299
789	790
789	799
789	862
789	917
789	964
789	984
789	991
789	998
790	475
790	541
790	789
790	818
790	876
790	889
790	906
790	931
790	933
790	963
790	976
791	365
791	598
791	760
791	774
791	825
791	841
791	880
791	947
791	952
791	968
791	986
792	82
792	171
792	796
792	889
792	919
792	958
792	966
792	970
792	980
792	984
792	985
793	400
793	470
793	777
793	809
793	894
793	898
793	960
793	966
793	974
793	991
793	994
794	332
794	603
794	829
794	897
794	929
794	948
794	962
794	975
794	979
794	981
794	982
795	507
795	722
795	729
795	814
795	837
795	870
795	873
795	950
795	951
795	977
795	987
796	657
796	710
796	769
796	788
796	792
796	844
796	856
796	875
796	952
796	985
796	990
797	240
797	711
797	774
797	808
797	856
797	865
797	898
797	926
797	961
797	967
797	982
798	134
798	671
798	828
798	849
798	902
798	918
798	960
798	982
798	984
798	992
798	997
799	161
799	466
799	789
799	809
799	818
799	874
799	878
799	970
799	989
799	993
799	1000
800	458
800	470
800	786
800	807
800	875
800	920
800	930
800	940
800	964
800	967
800	986
801	496
801	572
801	810
801	841
801	870
801	892
801	922
801	928
801	936
801	947
801	1000
802	78
802	172
802	752
802	853
802	914
802	928
802	958
802	966
802	974
802	979
802	995
803	384
803	505
803	849
803	946
803	961
803	962
803	964
803	983
803	986
803	990
803	1000
804	237
804	734
804	858
804	867
804	956
804	964
804	965
804	967
804	973
804	981
804	997
805	12
805	169
805	788
805	848
805	850
805	870
805	921
805	980
805	991
805	996
805	999
806	166
806	753
806	778
806	885
806	899
806	952
806	956
806	964
806	974
806	986
806	997
807	298
807	534
807	642
807	780
807	800
807	817
807	910
807	931
807	947
807	954
807	997
808	56
808	741
808	797
808	810
808	887
808	917
808	935
808	938
808	969
808	991
808	997
809	315
809	580
809	793
809	799
809	816
809	822
809	835
809	852
809	876
809	897
809	969
810	172
810	182
810	386
810	767
810	801
810	808
810	832
810	858
810	913
810	916
810	966
810	993
811	178
811	525
811	784
811	830
811	835
811	873
811	879
811	888
811	912
811	945
811	995
811	999
812	693
812	753
812	848
812	904
812	913
812	919
812	950
812	963
812	992
812	993
812	995
812	999
813	622
813	711
813	855
813	868
813	876
813	883
813	894
813	980
813	982
813	985
813	993
813	999
814	548
814	668
814	795
814	861
814	886
814	900
814	906
814	942
814	969
814	979
814	983
814	986
815	181
815	762
815	777
815	834
815	874
815	876
815	879
815	908
815	965
815	971
815	985
815	992
816	128
816	152
816	772
816	809
816	830
816	849
816	850
816	860
816	923
816	946
816	964
816	990
817	138
817	153
817	695
817	807
817	877
817	920
817	936
817	943
817	960
817	967
817	996
817	999
818	122
818	735
818	790
818	799
818	825
818	871
818	874
818	882
818	894
818	977
818	980
818	996
819	477
819	745
819	834
819	858
819	867
819	870
819	886
819	900
819	916
819	942
819	971
819	980
820	175
820	765
820	767
820	768
820	885
820	917
820	938
820	968
820	977
820	987
820	995
820	996
821	319
821	459
821	731
821	777
821	857
821	862
821	879
821	896
821	909
821	931
821	955
821	990
822	11
822	425
822	748
822	809
822	844
822	875
822	910
822	937
822	956
822	974
822	992
822	993
823	250
823	323
823	519
823	872
823	924
823	927
823	955
823	966
823	988
823	992
823	994
823	998
824	236
824	648
824	771
824	785
824	911
824	933
824	953
824	971
824	973
824	986
824	988
824	998
825	550
825	599
825	791
825	818
825	864
825	905
825	918
825	921
825	974
825	977
825	983
825	1000
826	82
826	92
826	447
826	880
826	893
826	904
826	930
826	937
826	941
826	972
826	977
826	984
827	95
827	336
827	776
827	829
827	846
827	863
827	898
827	917
827	942
827	970
827	985
827	1000
828	245
828	264
828	727
828	798
828	840
828	846
828	868
828	901
828	928
828	936
828	994
828	999
829	533
829	593
829	780
829	794
829	827
829	849
829	927
829	946
829	954
829	955
829	990
829	998
830	42
830	426
830	685
830	811
830	816
830	845
830	881
830	896
830	937
830	979
830	980
830	989
831	125
831	167
831	757
831	844
831	846
831	855
831	915
831	957
831	966
831	976
831	978
831	991
832	15
832	312
832	810
832	859
832	888
832	903
832	906
832	928
832	930
832	942
832	984
832	996
833	560
833	643
833	837
833	871
833	877
833	910
833	919
833	947
833	973
833	976
833	980
833	997
834	148
834	417
834	477
834	815
834	819
834	883
834	885
834	926
834	937
834	943
834	948
834	985
834	989
835	466
835	574
835	809
835	811
835	843
835	873
835	931
835	950
835	958
835	963
835	968
835	980
835	993
836	415
836	464
836	595
836	863
836	882
836	885
836	892
836	896
836	909
836	928
836	944
836	967
836	984
837	552
837	704
837	795
837	833
837	839
837	889
837	912
837	930
837	932
837	951
837	981
837	989
837	995
838	462
838	492
838	676
838	873
838	916
838	925
838	962
838	974
838	978
838	987
838	988
838	993
838	995
839	208
839	235
839	324
839	766
839	782
839	837
839	936
839	954
839	968
839	974
839	981
839	996
839	999
840	101
840	168
840	298
840	828
840	882
840	914
840	965
840	968
840	978
840	988
840	994
840	998
840	1000
841	460
841	748
841	791
841	801
841	866
841	913
841	925
841	932
841	948
841	958
841	987
841	988
841	998
842	659
842	750
842	781
842	849
842	856
842	861
842	867
842	920
842	942
842	952
842	960
842	972
842	983
843	165
843	658
843	744
843	769
843	835
843	919
843	942
843	943
843	944
843	961
843	973
843	983
843	996
844	233
844	315
844	774
844	796
844	822
844	831
844	861
844	875
844	929
844	966
844	967
844	992
844	999
845	339
845	632
845	697
845	830
845	864
845	876
845	914
845	932
845	967
845	975
845	977
845	979
845	998
846	112
846	645
846	766
846	827
846	828
846	831
846	886
846	898
846	903
846	916
846	956
846	993
846	996
847	66
847	320
847	782
847	871
847	892
847	929
847	945
847	961
847	977
847	984
847	995
847	996
847	999
848	70
848	128
848	665
848	805
848	812
848	852
848	878
848	927
848	938
848	993
848	996
848	997
848	998
849	430
849	538
849	696
849	798
849	803
849	816
849	829
849	842
849	890
849	903
849	923
849	944
849	949
850	419
850	452
850	775
850	805
850	816
850	888
850	957
850	964
850	973
850	980
850	982
850	984
850	989
851	100
851	454
851	775
851	859
851	886
851	902
851	908
851	910
851	938
851	943
851	972
851	986
851	989
852	134
852	323
852	391
852	809
852	848
852	859
852	910
852	912
852	931
852	970
852	985
852	989
852	990
853	131
853	748
853	763
853	767
853	768
853	781
853	802
853	897
853	920
853	940
853	979
853	986
853	995
854	75
854	159
854	607
854	768
854	918
854	927
854	942
854	945
854	969
854	976
854	978
854	994
854	999
855	64
855	640
855	770
855	782
855	813
855	831
855	875
855	905
855	910
855	919
855	962
855	973
855	995
856	227
856	228
856	446
856	772
856	796
856	797
856	842
856	878
856	940
856	943
856	950
856	959
856	978
856	999
857	466
857	476
857	604
857	821
857	895
857	926
857	938
857	939
857	956
857	960
857	971
857	972
857	975
857	992
858	256
858	474
858	563
858	776
858	788
858	804
858	810
858	819
858	882
858	907
858	947
858	970
858	990
858	995
859	450
859	662
859	709
859	787
859	832
859	851
859	852
859	878
859	879
859	904
859	907
859	927
859	928
859	990
860	244
860	587
860	676
860	816
860	880
860	889
860	914
860	928
860	939
860	944
860	961
860	964
860	965
860	979
861	72
861	173
861	343
861	785
861	814
861	842
861	844
861	901
861	910
861	926
861	959
861	960
861	997
861	1000
862	94
862	656
862	736
862	772
862	783
862	789
862	821
862	891
862	897
862	903
862	906
862	941
862	947
862	957
863	107
863	395
863	409
863	827
863	836
863	871
863	875
863	881
863	904
863	920
863	926
863	930
863	980
863	997
864	285
864	584
864	686
864	825
864	845
864	872
864	882
864	888
864	890
864	908
864	911
864	972
864	980
864	983
864	1000
865	339
865	643
865	744
865	797
865	876
865	881
865	891
865	900
865	929
865	933
865	947
865	961
865	970
865	974
865	984
866	183
866	300
866	683
866	773
866	841
866	870
866	873
866	876
866	922
866	924
866	939
866	954
866	958
866	988
866	994
867	50
867	434
867	708
867	804
867	819
867	842
867	931
867	932
867	937
867	939
867	940
867	975
867	979
867	981
867	1000
868	29
868	250
868	340
868	813
868	828
868	872
868	902
868	925
868	937
868	945
868	968
868	978
868	980
868	997
868	998
869	115
869	476
869	628
869	766
869	899
869	907
869	910
869	916
869	946
869	954
869	955
869	958
869	961
869	988
869	998
870	301
870	723
870	736
870	775
870	795
870	801
870	805
870	819
870	866
870	884
870	886
870	974
870	976
870	982
870	993
871	34
871	282
871	730
871	786
871	818
871	833
871	847
871	863
871	891
871	902
871	905
871	950
871	963
871	990
871	996
872	16
872	35
872	52
872	645
872	766
872	823
872	864
872	868
872	889
872	911
872	931
872	972
872	976
872	984
872	989
872	993
873	266
873	284
873	354
873	769
873	795
873	811
873	835
873	838
873	866
873	936
873	969
873	983
873	987
873	993
873	996
873	997
874	135
874	164
874	408
874	443
874	799
874	815
874	818
874	900
874	903
874	916
874	931
874	955
874	976
874	984
874	985
874	994
875	182
875	387
875	740
875	770
875	796
875	800
875	822
875	844
875	855
875	863
875	890
875	932
875	969
875	985
875	995
875	997
876	18
876	338
876	448
876	479
876	773
876	790
876	809
876	813
876	815
876	845
876	865
876	866
876	911
876	948
876	983
876	985
877	62
877	85
877	647
877	817
877	833
877	906
877	916
877	924
877	932
877	946
877	949
877	956
877	960
877	973
877	975
877	997
878	182
878	553
878	650
878	799
878	848
878	856
878	859
878	888
878	903
878	923
878	929
878	944
878	946
878	949
878	964
878	985
879	165
879	337
879	377
879	811
879	815
879	821
879	859
879	903
879	909
879	944
879	945
879	951
879	958
879	984
879	990
879	999
880	104
880	179
880	637
880	749
880	791
880	826
880	860
880	896
880	907
880	922
880	923
880	941
880	953
880	977
880	984
880	988
880	999
881	25
881	621
881	736
881	767
881	830
881	863
881	865
881	909
881	912
881	937
881	940
881	953
881	975
881	979
881	988
881	994
881	995
882	655
882	692
882	759
882	773
882	781
882	818
882	836
882	840
882	858
882	864
882	909
882	927
882	929
882	941
882	970
882	983
882	990
883	180
883	653
883	716
883	762
883	813
883	834
883	888
883	908
883	911
883	917
883	921
883	926
883	928
883	948
883	970
883	987
883	989
884	151
884	175
884	422
884	595
884	786
884	870
884	908
884	948
884	951
884	956
884	958
884	984
884	985
884	989
884	991
884	994
884	997
885	204
885	251
885	319
885	806
885	820
885	834
885	836
885	887
885	890
885	899
885	921
885	954
885	956
885	961
885	990
885	994
885	1000
886	462
886	557
886	758
886	814
886	819
886	846
886	851
886	870
886	897
886	924
886	943
886	944
886	961
886	981
886	986
886	988
886	993
887	177
887	333
887	638
887	772
887	808
887	885
887	899
887	922
887	936
887	943
887	951
887	969
887	978
887	979
887	990
887	993
887	1000
888	126
888	321
888	464
888	615
888	783
888	811
888	832
888	850
888	864
888	878
888	883
888	891
888	909
888	915
888	959
888	966
888	977
889	601
889	693
889	755
889	790
889	792
889	837
889	860
889	872
889	908
889	914
889	930
889	938
889	948
889	963
889	976
889	981
889	991
890	313
890	610
890	697
890	722
890	767
890	849
890	864
890	875
890	885
890	900
890	915
890	938
890	952
890	983
890	986
890	987
890	1000
891	323
891	641
891	764
891	862
891	865
891	871
891	888
891	897
891	904
891	923
891	934
891	940
891	941
891	949
891	957
891	996
891	999
892	139
892	267
892	394
892	801
892	836
892	847
892	901
892	903
892	915
892	925
892	949
892	961
892	963
892	980
892	993
892	999
892	1000
893	106
893	200
893	671
893	771
893	826
893	896
893	902
893	907
893	921
893	923
893	941
893	957
893	964
893	968
893	975
893	989
893	999
894	106
894	626
894	659
894	793
894	813
894	818
894	897
894	904
894	934
894	963
894	967
894	968
894	980
894	985
894	987
894	990
894	1000
895	171
895	528
895	566
895	618
895	857
895	905
895	918
895	937
895	946
895	948
895	951
895	960
895	973
895	976
895	992
895	995
895	998
896	59
896	596
896	712
896	724
896	821
896	830
896	836
896	880
896	893
896	929
896	934
896	935
896	944
896	949
896	957
896	975
896	978
896	987
897	202
897	539
897	723
897	755
897	794
897	809
897	853
897	862
897	886
897	891
897	894
897	927
897	937
897	945
897	951
897	956
897	981
897	995
898	275
898	276
898	457
898	526
898	793
898	797
898	827
898	846
898	901
898	917
898	921
898	924
898	932
898	935
898	936
898	948
898	971
898	991
899	322
899	558
899	684
899	806
899	869
899	885
899	887
899	905
899	936
899	952
899	961
899	968
899	970
899	978
899	982
899	991
899	998
899	1000
900	322
900	390
900	475
900	814
900	819
900	865
900	874
900	890
900	906
900	918
900	929
900	942
900	944
900	977
900	979
900	990
900	993
900	994
901	163
901	455
901	619
901	629
901	828
901	861
901	892
901	898
901	902
901	915
901	934
901	938
901	957
901	969
901	973
901	977
901	983
901	987
902	341
902	344
902	421
902	760
902	798
902	851
902	868
902	871
902	893
902	901
902	929
902	949
902	962
902	983
902	987
902	992
902	993
902	996
903	130
903	147
903	504
903	756
903	832
903	846
903	849
903	862
903	874
903	878
903	879
903	892
903	927
903	941
903	946
903	953
903	970
903	984
904	341
904	424
904	428
904	435
904	812
904	826
904	859
904	863
904	891
904	894
904	907
904	909
904	928
904	939
904	953
904	959
904	964
904	973
904	992
905	307
905	741
905	751
905	769
905	787
905	825
905	855
905	871
905	895
905	899
905	928
905	930
905	953
905	967
905	971
905	973
905	974
905	990
905	992
906	322
906	334
906	447
906	758
906	790
906	814
906	832
906	862
906	877
906	900
906	925
906	936
906	962
906	968
906	986
906	987
906	992
906	993
906	996
907	522
907	531
907	588
907	619
907	858
907	859
907	869
907	880
907	893
907	904
907	913
907	916
907	923
907	928
907	957
907	962
907	984
907	989
907	996
908	264
908	340
908	465
908	467
908	779
908	815
908	851
908	864
908	883
908	884
908	889
908	916
908	919
908	948
908	955
908	961
908	972
908	984
908	989
909	151
909	342
909	391
909	463
909	821
909	836
909	879
909	881
909	882
909	888
909	904
909	927
909	938
909	944
909	949
909	960
909	968
909	981
909	988
910	331
910	337
910	545
910	807
910	822
910	833
910	851
910	852
910	855
910	861
910	869
910	926
910	948
910	957
910	963
910	967
910	969
910	992
910	999
911	165
911	242
911	295
911	481
911	824
911	864
911	872
911	876
911	883
911	916
911	935
911	948
911	949
911	957
911	960
911	961
911	978
911	988
911	989
912	88
912	164
912	273
912	593
912	811
912	837
912	852
912	881
912	916
912	943
912	945
912	951
912	974
912	975
912	978
912	981
912	992
912	995
912	996
912	998
913	268
913	330
913	627
913	703
913	810
913	812
913	841
913	907
913	927
913	930
913	949
913	958
913	965
913	969
913	988
913	994
913	997
913	998
913	999
913	1000
914	229
914	354
914	544
914	689
914	766
914	775
914	802
914	840
914	845
914	860
914	889
914	932
914	933
914	951
914	975
914	979
914	981
914	983
914	990
914	995
915	182
915	537
915	704
915	705
915	766
915	770
915	786
915	831
915	888
915	890
915	892
915	901
915	931
915	935
915	949
915	952
915	966
915	985
915	989
915	992
916	175
916	530
916	652
916	737
916	779
916	810
916	819
916	838
916	846
916	869
916	874
916	877
916	907
916	908
916	911
916	912
916	935
916	957
916	983
916	991
917	150
917	189
917	568
917	663
917	789
917	808
917	820
917	827
917	883
917	898
917	920
917	923
917	925
917	931
917	939
917	953
917	961
917	985
917	991
917	998
918	67
918	168
918	739
918	756
918	778
918	782
918	798
918	825
918	854
918	895
918	900
918	919
918	926
918	941
918	960
918	971
918	976
918	983
918	986
918	992
918	997
919	317
919	337
919	577
919	704
919	792
919	812
919	833
919	843
919	855
919	908
919	918
919	926
919	930
919	937
919	948
919	956
919	967
919	973
919	990
919	992
919	996
920	41
920	253
920	340
920	477
920	674
920	800
920	817
920	842
920	853
920	863
920	917
920	924
920	927
920	930
920	956
920	961
920	962
920	971
920	991
920	992
920	993
921	311
921	335
921	342
921	722
921	805
921	825
921	883
921	885
921	893
921	898
921	925
921	938
921	968
921	970
921	975
921	976
921	977
921	980
921	987
921	993
921	995
921	996
922	139
922	631
922	669
922	695
922	781
922	801
922	866
922	880
922	887
922	923
922	929
922	941
922	943
922	948
922	955
922	983
922	986
922	990
922	992
922	994
922	999
922	1000
923	179
923	605
923	644
923	747
923	787
923	816
923	849
923	878
923	880
923	891
923	893
923	907
923	917
923	922
923	939
923	949
923	962
923	964
923	971
923	978
923	980
923	984
923	996
924	342
924	369
924	434
924	442
924	741
924	787
924	823
924	866
924	877
924	886
924	898
924	920
924	930
924	956
924	964
924	965
924	971
924	973
924	986
924	988
924	992
924	994
924	997
925	35
925	290
925	331
925	333
925	719
925	780
925	838
925	841
925	868
925	892
925	906
925	917
925	921
925	929
925	941
925	962
925	963
925	972
925	982
925	991
925	996
925	997
925	999
926	185
926	352
926	718
926	737
926	769
926	780
926	797
926	834
926	857
926	861
926	863
926	883
926	910
926	918
926	919
926	966
926	967
926	971
926	975
926	980
926	981
926	997
926	1000
927	327
927	344
927	575
927	681
927	732
927	823
927	829
927	848
927	854
927	859
927	882
927	897
927	903
927	909
927	913
927	920
927	939
927	953
927	959
927	965
927	986
927	987
927	998
928	81
928	455
928	651
928	724
928	762
928	801
928	802
928	828
928	832
928	836
928	859
928	860
928	883
928	904
928	905
928	907
928	949
928	954
928	957
928	964
928	966
928	983
928	995
929	103
929	130
929	150
929	168
929	794
929	844
929	847
929	865
929	878
929	882
929	896
929	900
929	902
929	922
929	925
929	966
929	974
929	976
929	982
929	986
929	990
929	995
929	1000
930	137
930	183
930	415
930	694
930	728
930	800
930	826
930	832
930	837
930	863
930	889
930	905
930	913
930	919
930	920
930	924
930	942
930	963
930	971
930	973
930	976
930	997
930	998
931	463
931	638
931	690
931	759
931	790
931	807
931	821
931	835
931	852
931	867
931	872
931	874
931	915
931	917
931	953
931	960
931	976
931	982
931	983
931	989
931	991
931	993
931	994
932	1
932	155
932	161
932	334
932	780
932	837
932	841
932	845
932	867
932	875
932	877
932	898
932	914
932	935
932	940
932	947
932	951
932	954
932	963
932	975
932	981
932	991
932	995
933	265
933	462
933	563
933	679
933	773
933	774
933	778
933	790
933	824
933	865
933	914
933	944
933	945
933	946
933	954
933	955
933	959
933	969
933	973
933	980
933	991
933	994
933	998
934	156
934	175
934	314
934	529
934	535
934	779
934	783
934	891
934	894
934	896
934	901
934	938
934	950
934	962
934	963
934	980
934	983
934	985
934	986
934	987
934	991
934	995
934	999
935	122
935	211
935	373
935	577
935	808
935	896
935	898
935	911
935	915
935	916
935	932
935	939
935	948
935	951
935	955
935	962
935	966
935	967
935	970
935	976
935	989
935	992
935	1000
936	9
936	557
936	745
936	751
936	776
936	779
936	801
936	817
936	828
936	839
936	873
936	887
936	898
936	899
936	906
936	938
936	950
936	952
936	956
936	977
936	979
936	987
936	989
937	357
937	547
937	581
937	631
937	651
937	822
937	826
937	830
937	834
937	867
937	868
937	881
937	895
937	897
937	919
937	939
937	947
937	951
937	955
937	975
937	979
937	981
937	991
937	997
938	428
938	541
938	613
938	669
938	694
938	808
938	820
938	848
938	851
938	857
938	889
938	890
938	901
938	909
938	921
938	934
938	936
938	943
938	952
938	962
938	977
938	980
938	996
938	1000
939	162
939	220
939	347
939	373
939	759
939	778
939	857
939	860
939	866
939	867
939	904
939	917
939	923
939	927
939	935
939	937
939	946
939	954
939	958
939	969
939	983
939	988
939	994
939	998
940	176
940	328
940	614
940	661
940	775
940	800
940	853
940	856
940	867
940	881
940	891
940	932
940	942
940	945
940	951
940	965
940	973
940	975
940	979
940	981
940	989
940	995
940	996
940	999
941	87
941	102
941	319
941	381
941	783
941	826
941	862
941	880
941	882
941	891
941	893
941	903
941	918
941	922
941	925
941	942
941	946
941	957
941	958
941	961
941	964
941	974
941	976
941	984
942	168
942	287
942	334
942	426
942	460
942	771
942	814
942	819
942	827
942	832
942	842
942	843
942	854
942	900
942	930
942	940
942	941
942	972
942	974
942	979
942	980
942	986
942	996
942	998
943	116
943	119
943	182
943	312
943	470
943	768
943	770
943	779
943	817
943	834
943	843
943	851
943	856
943	886
943	887
943	912
943	922
943	938
943	947
943	973
943	983
943	990
943	993
943	996
943	1000
944	33
944	112
944	170
944	232
944	579
944	836
944	843
944	849
944	860
944	878
944	879
944	886
944	896
944	900
944	909
944	933
944	957
944	958
944	959
944	964
944	972
944	982
944	984
944	988
944	998
945	6
945	324
945	386
945	469
945	549
945	784
945	811
945	847
945	854
945	868
945	879
945	897
945	912
945	933
945	940
945	951
945	961
945	965
945	967
945	975
945	979
945	981
945	986
945	990
945	995
946	174
946	269
946	286
946	359
946	732
946	770
946	785
946	803
946	816
946	829
946	869
946	877
946	878
946	895
946	903
946	933
946	939
946	941
946	953
946	954
946	957
946	959
946	978
946	981
946	988
947	164
947	221
947	679
947	752
947	762
947	786
947	791
947	801
947	807
947	833
947	858
947	862
947	865
947	932
947	937
947	943
947	949
947	959
947	961
947	968
947	972
947	982
947	983
947	985
947	1000
948	106
948	209
948	568
948	626
948	720
948	794
948	834
948	841
948	876
948	883
948	884
948	889
948	895
948	898
948	908
948	910
948	911
948	919
948	922
948	935
948	952
948	978
948	982
948	991
948	995
948	999
949	110
949	156
949	305
949	413
949	666
949	668
949	772
949	777
949	849
949	877
949	878
949	891
949	892
949	896
949	902
949	909
949	911
949	913
949	915
949	923
949	928
949	947
949	957
949	971
949	975
949	984
950	58
950	176
950	338
950	384
950	408
950	776
950	778
950	795
950	812
950	835
950	856
950	871
950	934
950	936
950	953
950	954
950	959
950	963
950	983
950	992
950	993
950	994
950	996
950	997
950	999
950	1000
951	293
951	449
951	654
951	717
951	747
951	777
951	783
951	795
951	837
951	879
951	884
951	887
951	895
951	897
951	912
951	914
951	932
951	935
951	937
951	940
951	945
951	967
951	975
951	981
951	990
951	995
951	1000
952	170
952	326
952	334
952	492
952	594
952	731
952	774
952	785
952	791
952	796
952	806
952	842
952	890
952	899
952	915
952	936
952	938
952	948
952	958
952	962
952	972
952	974
952	982
952	983
952	987
952	988
952	1000
953	85
953	398
953	431
953	465
953	633
953	714
953	768
953	824
953	880
953	881
953	903
953	904
953	905
953	917
953	927
953	931
953	946
953	950
953	954
953	958
953	959
953	965
953	967
953	969
953	978
953	994
953	999
954	28
954	307
954	329
954	612
954	728
954	807
954	829
954	839
954	866
954	869
954	885
954	928
954	932
954	933
954	939
954	946
954	950
954	953
954	961
954	965
954	969
954	971
954	978
954	981
954	982
954	987
954	994
955	89
955	160
955	284
955	500
955	588
955	776
955	785
955	821
955	823
955	829
955	869
955	874
955	908
955	922
955	933
955	935
955	937
955	958
955	959
955	962
955	965
955	968
955	969
955	978
955	982
955	987
955	994
955	998
956	95
956	177
956	305
956	703
956	744
956	770
956	773
956	788
956	804
956	806
956	822
956	846
956	857
956	877
956	884
956	885
956	897
956	919
956	920
956	924
956	936
956	960
956	971
956	983
956	985
956	987
956	992
956	999
957	47
957	109
957	314
957	459
957	481
957	707
957	831
957	850
957	862
957	891
957	893
957	896
957	901
957	907
957	910
957	911
957	916
957	928
957	941
957	944
957	946
957	949
957	964
957	976
957	977
957	979
957	988
957	998
958	268
958	343
958	434
958	453
958	529
958	765
958	792
958	802
958	835
958	841
958	866
958	869
958	879
958	884
958	913
958	939
958	941
958	944
958	952
958	953
958	955
958	963
958	964
958	965
958	977
958	988
958	993
958	994
958	998
959	86
959	96
959	443
959	469
959	471
959	712
959	768
959	778
959	856
959	861
959	888
959	904
959	927
959	933
959	944
959	946
959	947
959	950
959	953
959	955
959	965
959	971
959	978
959	979
959	984
959	994
959	996
959	997
959	998
960	177
960	344
960	471
960	660
960	680
960	686
960	793
960	798
960	817
960	842
960	857
960	861
960	877
960	895
960	909
960	911
960	918
960	931
960	956
960	961
960	963
960	971
960	972
960	973
960	986
960	992
960	997
960	998
960	1000
961	184
961	283
961	298
961	327
961	456
961	677
961	771
961	797
961	803
961	843
961	847
961	860
961	865
961	869
961	885
961	886
961	892
961	899
961	908
961	911
961	917
961	920
961	941
961	945
961	947
961	954
961	960
961	972
961	974
961	1000
962	21
962	45
962	178
962	191
962	482
962	564
962	794
962	803
962	838
962	855
962	902
962	906
962	907
962	920
962	923
962	925
962	934
962	935
962	938
962	952
962	955
962	967
962	968
962	969
962	977
962	987
962	988
962	993
962	996
962	999
963	47
963	245
963	299
963	423
963	438
963	478
963	782
963	790
963	812
963	835
963	871
963	889
963	892
963	894
963	910
963	925
963	930
963	932
963	934
963	950
963	958
963	960
963	964
963	970
963	971
963	977
963	985
963	989
963	993
963	999
964	260
964	340
964	629
964	634
964	740
964	753
964	777
964	781
964	789
964	800
964	803
964	804
964	806
964	816
964	850
964	860
964	878
964	893
964	904
964	923
964	924
964	928
964	941
964	944
964	957
964	958
964	963
964	980
964	987
964	992
965	159
965	253
965	262
965	304
965	412
965	718
965	804
965	815
965	840
965	860
965	913
965	924
965	927
965	940
965	945
965	953
965	954
965	955
965	958
965	959
965	967
965	968
965	969
965	970
965	978
965	979
965	984
965	988
965	990
965	994
966	131
966	166
966	233
966	410
966	553
966	711
966	767
966	779
966	792
966	793
966	802
966	810
966	823
966	831
966	844
966	888
966	915
966	926
966	928
966	929
966	935
966	968
966	970
966	972
966	973
966	976
966	987
966	991
966	993
966	995
967	102
967	176
967	183
967	339
967	419
967	729
967	787
967	797
967	800
967	804
967	817
967	836
967	844
967	845
967	894
967	905
967	910
967	919
967	926
967	935
967	945
967	951
967	953
967	962
967	965
967	973
967	992
967	996
967	997
967	998
968	74
968	181
968	295
968	321
968	328
968	333
968	791
968	820
968	835
968	839
968	840
968	868
968	893
968	894
968	899
968	906
968	909
968	921
968	947
968	955
968	962
968	965
968	966
968	977
968	980
968	986
968	992
968	996
968	999
968	1000
969	97
969	146
969	555
969	611
969	685
969	737
969	784
969	787
969	808
969	809
969	814
969	854
969	873
969	875
969	887
969	901
969	910
969	913
969	933
969	939
969	953
969	954
969	955
969	962
969	965
969	974
969	976
969	978
969	988
969	994
969	998
970	298
970	311
970	463
970	473
970	633
970	747
970	766
970	767
970	782
970	792
970	799
970	827
970	852
970	858
970	865
970	882
970	883
970	899
970	903
970	921
970	935
970	963
970	965
970	966
970	976
970	982
970	984
970	985
970	986
970	991
970	998
971	160
971	476
971	589
971	599
971	755
971	763
971	768
971	776
971	815
971	819
971	824
971	857
971	898
971	905
971	918
971	920
971	923
971	924
971	926
971	930
971	949
971	954
971	956
971	959
971	960
971	963
971	973
971	988
971	992
971	994
971	997
972	139
972	438
972	449
972	469
972	475
972	606
972	721
972	771
972	782
972	826
972	842
972	851
972	857
972	864
972	872
972	908
972	925
972	942
972	944
972	947
972	952
972	960
972	961
972	966
972	982
972	984
972	986
972	990
972	993
972	995
972	1000
973	508
973	583
973	650
973	672
973	694
973	698
973	746
973	804
973	824
973	833
973	843
973	850
973	855
973	877
973	895
973	901
973	904
973	905
973	919
973	924
973	930
973	933
973	940
973	943
973	960
973	966
973	967
973	971
973	985
973	988
973	989
973	997
974	99
974	289
974	375
974	515
974	609
974	667
974	731
974	775
974	778
974	781
974	783
974	793
974	802
974	806
974	822
974	825
974	838
974	839
974	865
974	870
974	905
974	912
974	929
974	941
974	942
974	952
974	961
974	969
974	982
974	986
974	990
974	992
975	136
975	180
975	319
975	475
975	683
975	696
975	721
975	775
975	794
975	845
975	857
975	867
975	877
975	881
975	893
975	896
975	912
975	914
975	921
975	926
975	932
975	937
975	940
975	945
975	949
975	951
975	977
975	979
975	985
975	995
975	996
975	997
976	156
976	314
976	317
976	343
976	418
976	509
976	586
976	779
976	790
976	831
976	833
976	854
976	870
976	872
976	874
976	889
976	895
976	918
976	921
976	929
976	930
976	931
976	935
976	941
976	957
976	966
976	969
976	970
976	985
976	989
976	991
976	992
976	997
977	206
977	230
977	283
977	711
977	762
977	764
977	795
977	818
977	820
977	825
977	826
977	845
977	847
977	880
977	888
977	900
977	901
977	921
977	936
977	938
977	957
977	958
977	962
977	963
977	968
977	975
977	980
977	987
977	989
977	994
977	997
977	998
977	999
978	88
978	210
978	397
978	536
978	559
978	641
978	755
978	778
978	831
978	838
978	840
978	854
978	856
978	868
978	887
978	896
978	899
978	911
978	912
978	923
978	946
978	948
978	953
978	954
978	955
978	959
978	965
978	969
978	988
978	994
978	995
978	998
978	1000
979	43
979	69
979	184
979	343
979	465
979	474
979	561
979	780
979	788
979	794
979	802
979	814
979	830
979	845
979	853
979	860
979	867
979	881
979	887
979	900
979	914
979	936
979	937
979	940
979	942
979	945
979	957
979	959
979	965
979	975
979	980
979	984
979	992
979	995
980	44
980	168
980	181
980	467
980	727
980	738
980	751
980	792
980	805
980	813
980	818
980	819
980	830
980	833
980	835
980	850
980	863
980	864
980	868
980	892
980	894
980	921
980	923
980	926
980	933
980	934
980	938
980	942
980	964
980	968
980	977
980	979
980	993
980	999
981	112
981	172
981	325
981	342
981	503
981	680
981	681
981	779
981	780
981	784
981	794
981	804
981	837
981	839
981	867
981	886
981	889
981	897
981	909
981	912
981	914
981	926
981	932
981	937
981	940
981	945
981	946
981	951
981	954
981	985
981	986
981	987
981	989
981	995
982	144
982	176
982	465
982	501
982	604
982	618
982	705
982	772
982	773
982	785
982	794
982	797
982	798
982	813
982	850
982	870
982	899
982	925
982	929
982	931
982	944
982	947
982	948
982	952
982	954
982	955
982	970
982	972
982	974
982	983
982	986
982	989
982	990
982	996
983	90
983	226
983	344
983	493
983	514
983	624
983	724
983	786
983	803
983	814
983	825
983	842
983	843
983	864
983	873
983	876
983	882
983	890
983	901
983	902
983	914
983	916
983	918
983	922
983	928
983	931
983	934
983	939
983	943
983	947
983	950
983	952
983	956
983	982
983	990
984	61
984	149
984	278
984	341
984	564
984	621
984	748
984	777
984	783
984	789
984	792
984	798
984	826
984	832
984	836
984	847
984	850
984	865
984	872
984	874
984	879
984	880
984	884
984	903
984	907
984	908
984	923
984	941
984	944
984	949
984	959
984	965
984	970
984	972
984	979
985	115
985	120
985	403
985	468
985	523
985	580
985	597
985	748
985	771
985	792
985	796
985	813
985	815
985	827
985	834
985	852
985	874
985	875
985	876
985	878
985	884
985	894
985	915
985	917
985	934
985	947
985	956
985	963
985	970
985	973
985	975
985	976
985	981
985	988
985	989
985	991
985	993
986	119
986	198
986	461
986	592
986	701
986	709
986	733
986	736
986	775
986	791
986	800
986	803
986	806
986	814
986	824
986	851
986	853
986	886
986	890
986	906
986	918
986	922
986	924
986	927
986	929
986	934
986	942
986	945
986	960
986	968
986	970
986	972
986	974
986	981
986	982
986	988
986	991
987	52
987	124
987	431
987	445
987	450
987	472
987	691
987	795
987	820
987	838
987	841
987	873
987	883
987	890
987	894
987	896
987	901
987	902
987	906
987	921
987	927
987	934
987	936
987	952
987	954
987	955
987	956
987	962
987	964
987	966
987	977
987	981
987	990
987	991
987	993
987	994
987	999
988	161
988	452
988	453
988	468
988	470
988	700
988	757
988	774
988	823
988	824
988	838
988	840
988	841
988	866
988	869
988	880
988	881
988	886
988	909
988	911
988	913
988	924
988	939
988	944
988	946
988	952
988	957
988	958
988	962
988	965
988	969
988	971
988	973
988	978
988	985
988	986
988	990
988	994
988	998
989	106
989	175
989	179
989	332
989	338
989	406
989	466
989	540
989	767
989	781
989	786
989	799
989	830
989	834
989	837
989	850
989	851
989	852
989	872
989	883
989	884
989	893
989	907
989	908
989	911
989	915
989	931
989	935
989	936
989	940
989	963
989	973
989	976
989	977
989	981
989	982
989	985
989	996
989	997
990	115
990	201
990	328
990	511
990	612
990	640
990	697
990	754
990	773
990	785
990	796
990	803
990	816
990	821
990	829
990	852
990	858
990	859
990	871
990	879
990	882
990	885
990	887
990	894
990	900
990	905
990	914
990	919
990	922
990	929
990	943
990	945
990	951
990	965
990	972
990	974
990	982
990	983
990	987
990	988
990	1000
991	126
991	164
991	275
991	282
991	308
991	427
991	439
991	482
991	713
991	781
991	786
991	789
991	793
991	805
991	808
991	831
991	884
991	889
991	898
991	899
991	916
991	917
991	920
991	925
991	931
991	932
991	933
991	934
991	937
991	948
991	966
991	970
991	976
991	985
991	986
991	987
991	993
991	994
991	997
991	999
991	1000
992	94
992	196
992	287
992	301
992	340
992	363
992	451
992	498
992	733
992	769
992	798
992	812
992	815
992	822
992	823
992	844
992	857
992	895
992	902
992	904
992	905
992	906
992	910
992	912
992	915
992	918
992	919
992	920
992	922
992	924
992	935
992	950
992	956
992	960
992	964
992	967
992	968
992	971
992	974
992	976
992	979
992	997
993	150
993	157
993	297
993	330
993	422
993	515
993	648
993	690
993	799
993	810
993	812
993	813
993	822
993	835
993	838
993	846
993	848
993	870
993	872
993	873
993	886
993	887
993	892
993	900
993	902
993	906
993	920
993	921
993	931
993	943
993	950
993	958
993	962
993	963
993	966
993	972
993	980
993	985
993	987
993	991
993	996
993	999
994	57
994	128
994	161
994	441
994	490
994	707
994	733
994	752
994	787
994	793
994	823
994	828
994	840
994	854
994	866
994	874
994	881
994	884
994	885
994	900
994	913
994	922
994	924
994	931
994	933
994	939
994	950
994	953
994	954
994	955
994	958
994	959
994	965
994	969
994	971
994	977
994	978
994	987
994	988
994	991
994	998
994	1000
995	100
995	474
995	527
995	673
995	701
995	726
995	737
995	754
995	780
995	784
995	802
995	811
995	812
995	820
995	837
995	838
995	847
995	853
995	855
995	858
995	875
995	881
995	895
995	897
995	912
995	914
995	921
995	928
995	929
995	932
995	934
995	940
995	945
995	948
995	951
995	966
995	972
995	975
995	978
995	979
995	981
995	997
996	37
996	71
996	166
996	238
996	257
996	335
996	653
996	715
996	720
996	771
996	776
996	805
996	817
996	818
996	820
996	832
996	839
996	843
996	846
996	847
996	848
996	871
996	873
996	891
996	902
996	906
996	907
996	912
996	919
996	921
996	923
996	925
996	938
996	940
996	942
996	943
996	950
996	959
996	962
996	967
996	968
996	975
996	982
996	989
996	993
997	109
997	142
997	172
997	180
997	288
997	457
997	696
997	715
997	744
997	770
997	784
997	787
997	798
997	804
997	806
997	807
997	808
997	833
997	848
997	861
997	863
997	868
997	873
997	875
997	877
997	884
997	913
997	918
997	924
997	925
997	926
997	930
997	937
997	950
997	959
997	960
997	967
997	971
997	973
997	975
997	976
997	977
997	989
997	991
997	992
997	995
997	999
998	134
998	329
998	334
998	426
998	496
998	534
998	572
998	694
998	709
998	751
998	774
998	783
998	785
998	788
998	789
998	823
998	824
998	829
998	840
998	841
998	845
998	848
998	868
998	869
998	895
998	899
998	912
998	913
998	917
998	927
998	930
998	933
998	939
998	942
998	944
998	955
998	957
998	958
998	959
998	960
998	967
998	969
998	970
998	977
998	978
998	988
998	994
999	268
999	317
999	342
999	456
999	641
999	726
999	735
999	757
999	760
999	764
999	776
999	782
999	805
999	811
999	812
999	813
999	817
999	828
999	839
999	844
999	847
999	854
999	856
999	879
999	880
999	891
999	892
999	893
999	910
999	913
999	922
999	925
999	934
999	940
999	948
999	950
999	953
999	956
999	962
999	963
999	968
999	977
999	980
999	987
999	991
999	993
999	997
999	1000
1000	243
1000	302
1000	471
1000	475
1000	483
1000	569
1000	608
1000	691
1000	728
1000	732
1000	769
1000	773
1000	788
1000	799
1000	801
1000	803
1000	825
1000	827
1000	840
1000	861
1000	864
1000	867
1000	885
1000	887
1000	890
1000	892
1000	894
1000	899
1000	913
1000	922
1000	926
1000	929
1000	935
1000	938
1000	943
1000	947
1000	950
1000	951
1000	952
1000	960
1000	961
1000	968
1000	972
1000	978
1000	990
1000	991
1000	994
1000	999
