1	65
1	72
1	79
1	84
1	126
1	142
1	162
1	168
1	182
1	998
2	11
2	23
2	44
2	48
2	87
2	108
2	137
2	140
2	153
2	971
3	4
3	41
3	61
3	62
3	145
3	147
3	173
3	174
3	177
3	179
4	3
4	13
4	50
4	92
4	123
4	155
4	167
4	173
4	178
4	897
5	10
5	16
5	61
5	98
5	101
5	145
5	165
5	170
5	171
5	971
6	35
6	46
6	79
6	108
6	123
6	131
6	145
6	163
6	171
6	224
7	51
7	67
7	96
7	121
7	130
7	140
7	156
7	158
7	183
7	894
8	43
8	93
8	103
8	119
8	125
8	141
8	142
8	166
8	167
8	184
9	19
9	94
9	133
9	138
9	153
9	168
9	174
9	176
9	179
9	654
10	5
10	33
10	34
10	44
10	51
10	150
10	163
10	177
10	183
10	877
11	2
11	106
11	111
11	117
11	120
11	121
11	124
11	136
11	149
11	175
12	31
12	35
12	97
12	126
12	143
12	146
12	167
12	168
12	169
12	179
13	4
13	25
13	65
13	82
13	104
13	118
13	128
13	156
13	176
13	463
14	40
14	61
14	71
14	86
14	89
14	105
14	124
14	159
14	165
14	174
15	45
15	65
15	84
15	95
15	167
15	169
15	170
15	173
15	182
15	256
16	5
16	21
16	95
16	113
16	137
16	143
16	149
16	157
16	172
16	177
17	40
17	51
17	92
17	102
17	122
17	138
17	146
17	164
17	175
17	182
18	52
18	70
18	101
18	141
18	156
18	172
18	178
18	180
18	183
18	755
19	9
19	57
19	75
19	80
19	149
19	151
19	157
19	159
19	173
19	182
20	48
20	98
20	123
20	128
20	138
20	145
20	156
20	162
20	163
20	168
21	16
21	90
21	92
21	115
21	127
21	156
21	164
21	166
21	173
21	175
22	66
22	71
22	77
22	81
22	83
22	93
22	112
22	150
22	164
22	624
23	2
23	35
23	36
23	37
23	89
23	94
23	133
23	147
23	166
23	168
23	179
24	25
24	36
24	49
24	73
24	90
24	116
24	131
24	141
24	176
24	179
24	183
25	13
25	24
25	68
25	91
25	107
25	113
25	125
25	166
25	172
25	179
25	722
26	44
26	91
26	117
26	143
26	144
26	145
26	150
26	162
26	163
26	177
26	442
27	28
27	58
27	79
27	89
27	114
27	139
27	144
27	162
27	166
27	169
27	180
28	27
28	39
28	54
28	122
28	137
28	141
28	147
28	163
28	165
28	174
28	177
29	77
29	105
29	109
29	129
29	152
29	153
29	161
29	172
29	173
29	183
29	676
30	32
30	70
30	76
30	82
30	127
30	146
30	147
30	151
30	164
30	184
30	255
31	12
31	56
31	65
31	111
31	120
31	127
31	130
31	158
31	160
31	176
31	181
32	30
32	65
32	75
32	83
32	104
32	137
32	139
32	170
32	181
32	183
32	657
33	10
33	83
33	139
33	148
33	151
33	164
33	172
33	177
33	181
33	182
33	324
34	10
34	87
34	98
34	111
34	129
34	138
34	154
34	155
34	163
34	165
34	812
35	6
35	12
35	23
35	44
35	54
35	102
35	108
35	169
35	173
35	178
35	183
36	23
36	24
36	42
36	57
36	108
36	146
36	151
36	153
36	154
36	166
36	176
37	23
37	60
37	61
37	83
37	102
37	110
37	125
37	150
37	166
37	169
37	174
37	175
38	57
38	61
38	105
38	115
38	130
38	136
38	151
38	152
38	172
38	180
38	184
38	850
39	28
39	46
39	105
39	117
39	130
39	133
39	134
39	154
39	157
39	158
39	160
39	183
40	14
40	17
40	46
40	63
40	80
40	100
40	147
40	154
40	165
40	174
40	177
40	638
41	3
41	53
41	73
41	118
41	140
41	147
41	157
41	163
41	165
41	174
41	178
41	728
42	36
42	50
42	53
42	111
42	132
42	146
42	164
42	173
42	178
42	181
42	182
42	531
43	8
43	84
43	101
43	107
43	146
43	162
43	167
43	173
43	179
43	180
43	184
43	307
44	2
44	10
44	26
44	35
44	91
44	119
44	142
44	147
44	152
44	158
44	163
44	762
45	15
45	73
45	78
45	103
45	109
45	116
45	164
45	167
45	168
45	173
45	182
45	184
46	6
46	39
46	40
46	64
46	128
46	140
46	143
46	162
46	168
46	172
46	178
46	180
47	62
47	67
47	74
47	96
47	99
47	102
47	119
47	154
47	166
47	170
47	184
47	511
48	2
48	20
48	59
48	62
48	108
48	109
48	113
48	132
48	165
48	172
48	174
48	177
49	24
49	68
49	97
49	110
49	111
49	167
49	168
49	169
49	177
49	179
49	181
49	528
50	4
50	42
50	70
50	72
50	100
50	125
50	134
50	158
50	164
50	167
50	170
50	184
51	7
51	10
51	17
51	107
51	118
51	127
51	159
51	167
51	169
51	170
51	178
51	181
52	18
52	70
52	75
52	79
52	84
52	94
52	155
52	159
52	170
52	181
52	182
52	184
53	41
53	42
53	56
53	66
53	118
53	136
53	143
53	161
53	172
53	178
53	183
53	669
54	28
54	35
54	59
54	116
54	138
54	149
54	153
54	154
54	160
54	161
54	172
54	183
55	59
55	77
55	105
55	114
55	129
55	133
55	151
55	170
55	175
55	178
55	180
55	300
56	31
56	53
56	67
56	88
56	97
56	101
56	103
56	159
56	169
56	173
56	175
56	179
56	184
57	19
57	36
57	38
57	114
57	138
57	151
57	163
57	164
57	170
57	175
57	182
57	184
57	973
58	27
58	62
58	70
58	77
58	79
58	92
58	129
58	131
58	134
58	161
58	166
58	179
58	594
59	48
59	54
59	55
59	62
59	95
59	105
59	106
59	152
59	157
59	172
59	175
59	177
59	183
60	37
60	84
60	96
60	98
60	104
60	133
60	145
60	150
60	153
60	159
60	166
60	178
60	183
61	3
61	5
61	14
61	37
61	38
61	63
61	73
61	107
61	151
61	174
61	177
61	181
61	828
62	3
62	47
62	48
62	58
62	59
62	79
62	98
62	112
62	113
62	154
62	158
62	161
62	930
63	40
63	61
63	64
63	71
63	114
63	121
63	152
63	163
63	165
63	172
63	177
63	182
63	756
64	46
64	63
64	97
64	117
64	121
64	124
64	129
64	132
64	143
64	145
64	159
64	163
64	174
64	757
65	1
65	13
65	15
65	31
65	32
65	69
65	71
65	91
65	132
65	150
65	162
65	171
65	179
65	481
66	22
66	53
66	87
66	99
66	101
66	113
66	159
66	166
66	169
66	170
66	175
66	176
66	177
66	992
67	7
67	47
67	56
67	78
67	97
67	101
67	111
67	112
67	129
67	138
67	153
67	166
67	167
67	591
68	25
68	49
68	102
68	110
68	117
68	150
68	152
68	155
68	158
68	161
68	167
68	175
68	179
68	895
69	65
69	72
69	92
69	115
69	138
69	162
69	167
69	170
69	179
69	180
69	182
69	183
69	184
69	462
70	18
70	30
70	50
70	52
70	58
70	88
70	97
70	101
70	122
70	129
70	135
70	175
70	181
70	316
71	14
71	22
71	63
71	65
71	112
71	116
71	121
71	125
71	139
71	162
71	167
71	176
71	177
71	326
72	1
72	50
72	69
72	121
72	133
72	138
72	143
72	159
72	164
72	166
72	173
72	178
72	181
72	805
73	24
73	41
73	45
73	61
73	74
73	92
73	109
73	129
73	130
73	137
73	163
73	165
73	177
73	641
74	47
74	73
74	76
74	107
74	110
74	114
74	128
74	139
74	141
74	150
74	158
74	175
74	182
74	667
75	19
75	32
75	52
75	91
75	105
75	127
75	138
75	153
75	154
75	155
75	160
75	169
75	181
75	184
75	627
76	30
76	74
76	78
76	86
76	95
76	118
76	131
76	144
76	157
76	158
76	159
76	171
76	175
76	183
76	311
77	22
77	29
77	55
77	58
77	98
77	122
77	136
77	152
77	159
77	164
77	172
77	178
77	180
77	183
77	466
78	45
78	67
78	76
78	85
78	127
78	147
78	155
78	165
78	167
78	173
78	176
78	179
78	181
78	184
78	630
79	1
79	6
79	27
79	52
79	58
79	62
79	82
79	109
79	127
79	150
79	151
79	157
79	162
79	166
79	175
80	19
80	40
80	87
80	104
80	109
80	112
80	132
80	147
80	157
80	163
80	168
80	171
80	174
80	177
80	749
81	22
81	89
81	129
81	138
81	148
81	151
81	155
81	159
81	172
81	173
81	176
81	180
81	181
81	182
81	955
82	13
82	30
82	79
82	84
82	113
82	120
82	121
82	141
82	147
82	158
82	168
82	172
82	173
82	174
82	892
83	22
83	32
83	33
83	37
83	97
83	119
83	146
83	148
83	151
83	159
83	160
83	163
83	168
83	184
83	995
84	1
84	15
84	43
84	52
84	60
84	82
84	100
84	115
84	139
84	148
84	150
84	154
84	158
84	171
84	179
84	625
85	78
85	88
85	89
85	134
85	136
85	140
85	141
85	148
85	150
85	151
85	155
85	159
85	167
85	170
85	181
85	182
86	14
86	76
86	96
86	125
86	143
86	144
86	149
86	161
86	169
86	173
86	177
86	178
86	179
86	180
86	184
86	589
87	2
87	34
87	66
87	80
87	96
87	99
87	106
87	109
87	111
87	124
87	125
87	136
87	154
87	174
87	177
87	181
88	56
88	70
88	85
88	100
88	120
88	151
88	153
88	157
88	161
88	162
88	169
88	170
88	175
88	179
88	183
88	921
89	14
89	23
89	27
89	81
89	85
89	104
89	122
89	124
89	128
89	146
89	148
89	155
89	164
89	182
89	184
89	842
90	21
90	24
90	99
90	107
90	112
90	115
90	137
90	144
90	155
90	159
90	166
90	173
90	181
90	182
90	184
90	302
91	25
91	26
91	44
91	65
91	75
91	94
91	100
91	103
91	106
91	110
91	111
91	123
91	128
91	147
91	165
91	173
91	394
92	4
92	17
92	21
92	58
92	69
92	73
92	93
92	97
92	100
92	148
92	154
92	164
92	165
92	170
92	182
92	184
92	966
93	8
93	22
93	92
93	104
93	114
93	129
93	131
93	139
93	147
93	153
93	158
93	162
93	169
93	172
93	174
93	176
93	947
94	9
94	23
94	52
94	91
94	107
94	119
94	120
94	133
94	135
94	136
94	146
94	150
94	153
94	154
94	157
94	176
94	340
95	15
95	16
95	59
95	76
95	131
95	146
95	156
95	158
95	160
95	166
95	171
95	172
95	174
95	179
95	180
95	182
95	183
96	7
96	47
96	60
96	86
96	87
96	112
96	118
96	119
96	140
96	156
96	157
96	168
96	171
96	172
96	178
96	180
96	868
97	12
97	49
97	56
97	64
97	67
97	70
97	83
97	92
97	109
97	114
97	124
97	133
97	135
97	152
97	154
97	158
97	162
97	183
98	5
98	20
98	34
98	60
98	62
98	77
98	106
98	111
98	123
98	128
98	137
98	162
98	165
98	167
98	171
98	174
98	175
98	295
99	47
99	66
99	87
99	90
99	111
99	113
99	116
99	119
99	123
99	126
99	135
99	147
99	168
99	169
99	173
99	176
99	179
99	739
100	40
100	50
100	84
100	88
100	91
100	92
100	113
100	120
100	141
100	154
100	161
100	166
100	168
100	169
100	178
100	179
100	184
100	341
101	5
101	18
101	43
101	56
101	66
101	67
101	70
101	129
101	145
101	149
101	150
101	153
101	158
101	173
101	175
101	176
101	182
101	183
102	17
102	35
102	37
102	47
102	68
102	104
102	108
102	118
102	143
102	150
102	160
102	161
102	171
102	178
102	179
102	180
102	183
102	961
103	8
103	45
103	56
103	91
103	110
103	122
103	123
103	124
103	128
103	137
103	141
103	142
103	145
103	153
103	165
103	174
103	177
103	463
104	13
104	32
104	60
104	80
104	89
104	93
104	102
104	119
104	126
104	129
104	135
104	139
104	146
104	168
104	173
104	176
104	183
104	746
105	14
105	29
105	38
105	39
105	55
105	59
105	75
105	115
105	131
105	133
105	156
105	158
105	161
105	169
105	171
105	180
105	181
105	472
106	11
106	59
106	87
106	91
106	98
106	108
106	121
106	124
106	132
106	145
106	147
106	148
106	156
106	166
106	172
106	174
106	176
106	183
106	227
107	25
107	43
107	51
107	61
107	74
107	90
107	94
107	110
107	119
107	142
107	150
107	159
107	168
107	170
107	179
107	181
107	182
107	184
107	965
108	2
108	6
108	35
108	36
108	48
108	102
108	106
108	114
108	122
108	148
108	150
108	152
108	160
108	161
108	171
108	172
108	180
108	183
108	862
109	29
109	45
109	48
109	73
109	79
109	80
109	87
109	97
109	110
109	111
109	117
109	123
109	128
109	129
109	132
109	137
109	163
109	181
109	651
110	37
110	49
110	68
110	74
110	91
110	103
110	107
110	109
110	132
110	133
110	134
110	139
110	152
110	154
110	158
110	162
110	171
110	176
110	989
111	11
111	31
111	34
111	42
111	49
111	67
111	87
111	91
111	98
111	99
111	109
111	113
111	123
111	132
111	145
111	164
111	168
111	174
111	177
112	22
112	62
112	67
112	71
112	80
112	90
112	96
112	121
112	126
112	127
112	141
112	152
112	168
112	169
112	176
112	179
112	182
112	184
112	551
113	16
113	25
113	48
113	62
113	66
113	82
113	99
113	100
113	111
113	117
113	124
113	141
113	165
113	166
113	168
113	175
113	179
113	180
113	181
113	580
114	27
114	55
114	57
114	63
114	74
114	93
114	97
114	108
114	116
114	125
114	130
114	144
114	152
114	156
114	160
114	171
114	178
114	182
114	183
114	760
115	21
115	38
115	69
115	84
115	90
115	105
115	119
115	134
115	137
115	138
115	146
115	151
115	159
115	162
115	167
115	169
115	173
115	180
115	182
115	330
116	24
116	45
116	54
116	71
116	99
116	114
116	126
116	133
116	139
116	140
116	143
116	149
116	153
116	154
116	161
116	162
116	166
116	175
116	183
116	884
117	11
117	26
117	39
117	64
117	68
117	109
117	113
117	126
117	128
117	137
117	147
117	163
117	164
117	165
117	168
117	174
117	177
117	180
117	182
117	337
118	13
118	41
118	51
118	53
118	76
118	96
118	102
118	125
118	136
118	138
118	152
118	153
118	157
118	162
118	163
118	169
118	172
118	178
118	183
118	327
119	8
119	44
119	47
119	83
119	94
119	96
119	99
119	104
119	107
119	115
119	120
119	142
119	146
119	155
119	164
119	173
119	174
119	181
119	182
119	184
119	740
120	11
120	31
120	82
120	88
120	94
120	100
120	119
120	126
120	140
120	144
120	145
120	153
120	155
120	162
120	167
120	169
120	174
120	175
120	176
120	179
120	445
121	7
121	11
121	63
121	64
121	71
121	72
121	82
121	106
121	112
121	122
121	124
121	132
121	147
121	149
121	152
121	156
121	163
121	165
121	177
121	184
121	981
122	17
122	28
122	70
122	77
122	89
122	103
122	108
122	121
122	123
122	128
122	135
122	145
122	147
122	150
122	154
122	163
122	165
122	171
122	174
122	177
122	744
123	4
123	6
123	20
123	91
123	98
123	99
123	103
123	109
123	111
123	122
123	131
123	144
123	145
123	158
123	163
123	165
123	174
123	177
123	180
123	182
123	983
124	11
124	14
124	64
124	87
124	89
124	97
124	103
124	106
124	113
124	121
124	132
124	133
124	137
124	145
124	170
124	171
124	172
124	174
124	177
124	182
124	453
125	8
125	25
125	37
125	50
125	71
125	86
125	87
125	114
125	118
125	140
125	144
125	149
125	152
125	160
125	161
125	162
125	170
125	171
125	180
125	183
125	765
126	1
126	12
126	99
126	104
126	112
126	116
126	117
126	120
126	134
126	139
126	144
126	145
126	153
126	157
126	161
126	164
126	165
126	167
126	176
126	179
126	990
127	21
127	30
127	31
127	51
127	75
127	78
127	79
127	112
127	136
127	142
127	147
127	151
127	156
127	159
127	170
127	175
127	176
127	181
127	184
127	673
127	962
128	13
128	20
128	46
128	74
128	89
128	91
128	98
128	103
128	109
128	117
128	122
128	145
128	150
128	155
128	160
128	163
128	165
128	175
128	177
128	184
128	367
129	29
129	34
129	55
129	58
129	64
129	67
129	70
129	73
129	81
129	93
129	101
129	104
129	109
129	133
129	158
129	162
129	163
129	168
129	175
129	176
129	182
129	986
130	7
130	31
130	38
130	39
130	73
130	114
130	134
130	135
130	138
130	139
130	144
130	149
130	160
130	166
130	171
130	172
130	175
130	176
130	178
130	180
130	308
130	505
131	6
131	24
131	58
131	76
131	93
131	95
131	105
131	123
131	136
131	138
131	140
131	144
131	150
131	156
131	161
131	162
131	171
131	173
131	178
131	180
131	182
131	331
132	42
132	48
132	64
132	65
132	80
132	106
132	109
132	110
132	111
132	121
132	124
132	135
132	137
132	140
132	145
132	147
132	154
132	155
132	168
132	174
132	176
132	177
132	522
133	9
133	23
133	39
133	55
133	60
133	72
133	94
133	97
133	105
133	110
133	116
133	124
133	129
133	141
133	148
133	153
133	160
133	168
133	169
133	175
133	180
133	182
133	286
134	39
134	50
134	58
134	85
134	110
134	115
134	126
134	130
134	136
134	142
134	144
134	149
134	155
134	156
134	157
134	160
134	165
134	171
134	172
134	178
134	180
134	183
134	792
135	70
135	94
135	97
135	99
135	104
135	122
135	130
135	132
135	139
135	144
135	145
135	148
135	150
135	162
135	163
135	168
135	169
135	172
135	175
135	179
135	181
135	670
135	982
136	11
136	38
136	53
136	77
136	85
136	87
136	94
136	118
136	127
136	131
136	134
136	143
136	144
136	149
136	152
136	155
136	157
136	160
136	166
136	170
136	174
136	178
136	183
136	834
137	2
137	16
137	28
137	32
137	73
137	90
137	98
137	103
137	109
137	115
137	117
137	124
137	132
137	145
137	148
137	153
137	162
137	165
137	174
137	176
137	177
137	178
137	181
137	753
138	9
138	17
138	20
138	34
138	54
138	57
138	67
138	69
138	72
138	75
138	81
138	115
138	118
138	130
138	131
138	142
138	155
138	167
138	170
138	173
138	181
138	183
138	184
138	960
139	27
139	32
139	33
139	71
139	74
139	84
139	93
139	104
139	110
139	116
139	126
139	130
139	135
139	140
139	150
139	152
139	154
139	156
139	161
139	162
139	164
139	170
139	175
139	184
139	655
140	2
140	7
140	41
140	46
140	85
140	96
140	116
140	120
140	125
140	131
140	132
140	139
140	144
140	152
140	153
140	157
140	158
140	161
140	169
140	171
140	172
140	178
140	183
140	184
140	304
141	8
141	18
141	24
141	28
141	74
141	82
141	85
141	100
141	103
141	112
141	113
141	133
141	145
141	151
141	153
141	154
141	160
141	166
141	168
141	169
141	171
141	175
141	176
141	180
141	399
142	1
142	8
142	44
142	103
142	107
142	119
142	127
142	134
142	138
142	146
142	147
142	148
142	151
142	158
142	159
142	167
142	169
142	170
142	171
142	173
142	175
142	176
142	181
142	182
142	184
142	598
143	12
143	16
143	26
143	46
143	53
143	64
143	72
143	86
143	102
143	116
143	136
143	149
143	150
143	155
143	156
143	157
143	160
143	161
143	165
143	168
143	170
143	171
143	172
143	178
143	183
143	815
144	26
144	27
144	76
144	86
144	90
144	114
144	120
144	123
144	125
144	126
144	130
144	131
144	134
144	135
144	136
144	140
144	152
144	155
144	157
144	165
144	167
144	178
144	180
144	183
144	184
144	458
144	975
145	3
145	5
145	6
145	20
145	26
145	60
145	64
145	101
145	103
145	106
145	111
145	120
145	122
145	123
145	124
145	126
145	128
145	132
145	135
145	137
145	141
145	157
145	167
145	174
145	180
145	297
145	986
146	12
146	17
146	30
146	36
146	42
146	43
146	83
146	89
146	94
146	95
146	104
146	115
146	119
146	142
146	151
146	153
146	154
146	155
146	157
146	162
146	164
146	167
146	173
146	181
146	182
146	183
146	573
147	3
147	23
147	28
147	30
147	40
147	41
147	44
147	78
147	80
147	82
147	91
147	93
147	99
147	106
147	117
147	121
147	122
147	127
147	132
147	142
147	156
147	161
147	165
147	174
147	177
147	182
147	644
148	33
148	81
148	83
148	84
148	85
148	89
148	92
148	106
148	108
148	133
148	135
148	137
148	142
148	151
148	155
148	157
148	159
148	164
148	165
148	167
148	170
148	173
148	174
148	177
148	180
148	181
148	182
148	285
149	11
149	16
149	19
149	54
149	86
149	101
149	116
149	121
149	125
149	130
149	134
149	136
149	143
149	156
149	157
149	160
149	161
149	166
149	171
149	172
149	174
149	177
149	178
149	179
149	180
149	181
149	183
149	249
149	753
150	10
150	22
150	26
150	37
150	60
150	65
150	68
150	74
150	79
150	84
150	85
150	94
150	101
150	102
150	107
150	108
150	122
150	128
150	131
150	135
150	139
150	143
150	162
150	165
150	166
150	170
150	175
150	179
150	495
151	19
151	30
151	33
151	36
151	38
151	55
151	57
151	61
151	79
151	81
151	83
151	85
151	88
151	115
151	127
151	141
151	142
151	146
151	148
151	155
151	160
151	168
151	170
151	172
151	173
151	181
151	183
151	184
151	715
152	29
152	38
152	44
152	59
152	63
152	68
152	77
152	97
152	108
152	110
152	112
152	114
152	118
152	121
152	125
152	136
152	139
152	140
152	144
152	156
152	166
152	171
152	176
152	178
152	179
152	180
152	181
152	183
152	425
152	436
153	2
153	9
153	29
153	36
153	54
153	60
153	67
153	75
153	88
153	93
153	94
153	101
153	103
153	116
153	118
153	120
153	126
153	133
153	137
153	140
153	141
153	146
153	158
153	175
153	176
153	177
153	179
153	180
153	181
153	660
153	685
154	34
154	36
154	39
154	40
154	47
154	54
154	62
154	75
154	84
154	87
154	92
154	94
154	97
154	100
154	110
154	116
154	122
154	132
154	139
154	141
154	146
154	155
154	159
154	162
154	168
154	169
154	176
154	179
154	180
154	476
154	943
155	4
155	34
155	52
155	68
155	75
155	78
155	81
155	85
155	89
155	90
155	119
155	120
155	128
155	132
155	134
155	136
155	138
155	143
155	144
155	146
155	148
155	151
155	154
155	166
155	170
155	180
155	181
155	182
155	184
155	246
155	923
156	7
156	13
156	18
156	20
156	21
156	95
156	96
156	105
156	106
156	114
156	121
156	127
156	131
156	134
156	139
156	143
156	147
156	149
156	152
156	157
156	160
156	161
156	164
156	171
156	172
156	176
156	178
156	179
156	180
156	184
156	902
157	16
157	19
157	39
157	41
157	59
157	76
157	79
157	80
157	88
157	94
157	96
157	118
157	126
157	134
157	136
157	140
157	143
157	144
157	145
157	146
157	148
157	149
157	156
157	160
157	167
157	172
157	178
157	180
157	181
157	183
157	726
157	945
158	7
158	31
158	39
158	44
158	50
158	62
158	68
158	74
158	76
158	82
158	84
158	93
158	95
158	97
158	101
158	105
158	110
158	123
158	129
158	140
158	142
158	153
158	162
158	166
158	168
158	169
158	173
158	175
158	176
158	178
158	181
158	183
158	761
159	14
159	19
159	51
159	52
159	56
159	60
159	64
159	66
159	72
159	76
159	77
159	81
159	83
159	85
159	90
159	107
159	115
159	127
159	142
159	148
159	154
159	163
159	164
159	167
159	168
159	170
159	171
159	173
159	174
159	179
159	184
159	400
159	756
160	31
160	39
160	54
160	75
160	83
160	95
160	102
160	108
160	114
160	125
160	128
160	130
160	133
160	134
160	136
160	141
160	143
160	149
160	151
160	156
160	157
160	161
160	164
160	171
160	174
160	176
160	177
160	180
160	182
160	183
160	184
160	371
160	672
161	29
161	53
161	54
161	58
161	62
161	68
161	86
161	88
161	100
161	102
161	105
161	108
161	116
161	125
161	126
161	131
161	139
161	140
161	143
161	147
161	149
161	156
161	160
161	163
161	168
161	170
161	171
161	172
161	176
161	178
161	180
161	183
161	656
161	746
162	1
162	20
162	26
162	27
162	43
162	46
162	65
162	69
162	71
162	79
162	88
162	93
162	97
162	98
162	110
162	115
162	116
162	118
162	120
162	125
162	129
162	131
162	135
162	137
162	139
162	146
162	150
162	154
162	158
162	167
162	175
162	177
162	424
162	468
163	6
163	10
163	20
163	26
163	28
163	34
163	41
163	44
163	57
163	63
163	64
163	73
163	80
163	83
163	109
163	117
163	118
163	121
163	122
163	123
163	128
163	129
163	135
163	159
163	161
163	170
163	174
163	175
163	177
163	178
163	179
163	180
163	181
163	183
163	838
164	17
164	21
164	22
164	30
164	33
164	42
164	45
164	50
164	57
164	72
164	77
164	89
164	92
164	111
164	117
164	119
164	126
164	139
164	146
164	148
164	156
164	159
164	160
164	166
164	167
164	168
164	169
164	170
164	171
164	173
164	179
164	180
164	181
164	184
164	364
164	595
165	5
165	14
165	28
165	34
165	40
165	41
165	48
165	63
165	73
165	78
165	91
165	92
165	98
165	103
165	113
165	117
165	121
165	122
165	123
165	126
165	128
165	134
165	137
165	143
165	144
165	147
165	148
165	150
165	168
165	169
165	172
165	177
165	178
165	179
165	600
165	602
166	8
166	21
166	23
166	25
166	27
166	36
166	37
166	47
166	58
166	60
166	66
166	67
166	72
166	79
166	90
166	95
166	100
166	106
166	113
166	116
166	130
166	136
166	141
166	149
166	150
166	152
166	155
166	158
166	164
166	172
166	175
166	176
166	177
166	179
166	183
166	360
166	453
167	4
167	8
167	12
167	15
167	43
167	45
167	49
167	50
167	51
167	67
167	68
167	69
167	71
167	78
167	85
167	98
167	115
167	120
167	126
167	138
167	142
167	144
167	145
167	146
167	148
167	157
167	159
167	162
167	164
167	169
167	170
167	173
167	174
167	176
167	181
167	182
167	764
167	904
168	1
168	9
168	12
168	20
168	23
168	45
168	46
168	49
168	80
168	82
168	83
168	96
168	99
168	100
168	104
168	107
168	111
168	112
168	113
168	117
168	129
168	132
168	133
168	135
168	141
168	143
168	151
168	154
168	158
168	159
168	161
168	164
168	165
168	169
168	175
168	176
168	179
168	832
168	869
169	12
169	15
169	27
169	35
169	37
169	49
169	51
169	56
169	66
169	75
169	86
169	88
169	93
169	99
169	100
169	105
169	112
169	115
169	118
169	120
169	133
169	135
169	140
169	141
169	142
169	154
169	158
169	164
169	165
169	167
169	168
169	175
169	176
169	178
169	179
169	183
169	184
169	542
169	974
170	5
170	15
170	32
170	47
170	50
170	51
170	52
170	55
170	57
170	66
170	69
170	85
170	88
170	92
170	107
170	124
170	125
170	127
170	136
170	138
170	139
170	142
170	143
170	148
170	150
170	151
170	155
170	159
170	161
170	163
170	164
170	167
170	175
170	178
170	181
170	182
170	183
170	184
170	438
170	799
171	5
171	6
171	65
171	76
171	80
171	84
171	95
171	96
171	98
171	102
171	105
171	108
171	110
171	114
171	122
171	124
171	125
171	130
171	131
171	134
171	140
171	141
171	142
171	143
171	149
171	152
171	156
171	159
171	160
171	161
171	164
171	172
171	173
171	175
171	177
171	178
171	180
171	182
171	335
171	876
172	16
172	18
172	25
172	29
172	33
172	38
172	46
172	48
172	53
172	54
172	59
172	63
172	77
172	81
172	82
172	93
172	95
172	96
172	106
172	108
172	118
172	124
172	130
172	134
172	135
172	140
172	143
172	149
172	151
172	156
172	157
172	161
172	165
172	166
172	171
172	173
172	174
172	176
172	180
172	181
172	184
172	903
172	994
173	3
173	4
173	15
173	19
173	21
173	29
173	35
173	42
173	43
173	45
173	56
173	72
173	78
173	81
173	82
173	86
173	90
173	91
173	99
173	101
173	104
173	115
173	119
173	131
173	138
173	142
173	146
173	148
173	151
173	158
173	159
173	164
173	167
173	171
173	172
173	175
173	176
173	178
173	181
173	182
173	184
173	637
173	730
174	3
174	9
174	14
174	28
174	37
174	40
174	41
174	48
174	61
174	64
174	80
174	82
174	87
174	93
174	95
174	98
174	103
174	106
174	111
174	117
174	119
174	120
174	122
174	123
174	124
174	132
174	136
174	137
174	145
174	147
174	148
174	149
174	159
174	160
174	163
174	167
174	172
174	176
174	177
174	179
174	180
174	184
174	555
174	977
175	11
175	17
175	21
175	37
175	55
175	56
175	57
175	59
175	66
175	68
175	70
175	74
175	76
175	79
175	88
175	98
175	101
175	113
175	116
175	120
175	127
175	128
175	129
175	130
175	133
175	135
175	139
175	141
175	142
175	150
175	153
175	158
175	162
175	163
175	166
175	168
175	169
175	170
175	171
175	173
175	183
175	184
175	210
175	587
176	9
176	13
176	24
176	31
176	36
176	66
176	71
176	78
176	81
176	93
176	94
176	99
176	101
176	104
176	106
176	110
176	112
176	120
176	126
176	127
176	129
176	130
176	132
176	137
176	141
176	142
176	152
176	153
176	154
176	156
176	158
176	160
176	161
176	166
176	167
176	168
176	169
176	172
176	173
176	174
176	178
176	184
176	590
176	659
177	3
177	10
177	16
177	26
177	28
177	33
177	40
177	48
177	49
177	59
177	61
177	63
177	66
177	71
177	73
177	80
177	86
177	87
177	103
177	111
177	117
177	121
177	122
177	123
177	124
177	128
177	132
177	137
177	147
177	148
177	149
177	153
177	160
177	162
177	163
177	165
177	166
177	171
177	174
177	178
177	181
177	182
177	671
177	929
178	4
178	18
178	35
178	41
178	42
178	46
178	51
178	53
178	55
178	60
178	72
178	77
178	86
178	96
178	100
178	102
178	114
178	118
178	130
178	131
178	134
178	136
178	137
178	140
178	143
178	144
178	149
178	152
178	156
178	157
178	158
178	161
178	163
178	165
178	169
178	170
178	171
178	173
178	176
178	177
178	180
178	184
178	515
178	601
178	682
179	3
179	9
179	12
179	23
179	24
179	25
179	43
179	49
179	56
179	58
179	65
179	68
179	69
179	78
179	84
179	86
179	88
179	95
179	99
179	100
179	102
179	107
179	112
179	113
179	120
179	126
179	135
179	149
179	150
179	152
179	153
179	154
179	156
179	159
179	163
179	164
179	165
179	166
179	168
179	169
179	174
179	181
179	182
179	184
179	733
179	925
179	969
180	18
180	27
180	38
180	43
180	46
180	55
180	69
180	77
180	81
180	86
180	95
180	96
180	102
180	105
180	108
180	113
180	115
180	117
180	123
180	125
180	130
180	131
180	133
180	134
180	141
180	144
180	145
180	148
180	149
180	152
180	153
180	154
180	155
180	156
180	157
180	160
180	161
180	163
180	164
180	171
180	172
180	174
180	178
180	182
180	183
180	731
180	940
181	31
181	32
181	33
181	42
181	49
181	51
181	52
181	61
181	70
181	72
181	75
181	78
181	81
181	85
181	87
181	90
181	105
181	107
181	109
181	113
181	119
181	127
181	135
181	137
181	138
181	142
181	146
181	148
181	149
181	151
181	152
181	153
181	155
181	157
181	158
181	163
181	164
181	167
181	170
181	172
181	173
181	177
181	179
181	182
181	184
181	618
181	874
182	1
182	15
182	17
182	19
182	33
182	42
182	45
182	52
182	57
182	63
182	69
182	74
182	81
182	85
182	89
182	90
182	92
182	95
182	101
182	107
182	112
182	114
182	115
182	117
182	119
182	123
182	124
182	129
182	131
182	133
182	142
182	146
182	147
182	148
182	155
182	160
182	167
182	170
182	171
182	173
182	177
182	179
182	180
182	181
182	184
182	988
182	999
183	7
183	10
183	18
183	24
183	29
183	32
183	35
183	39
183	53
183	54
183	59
183	60
183	69
183	76
183	77
183	88
183	95
183	97
183	101
183	102
183	104
183	106
183	108
183	114
183	116
183	118
183	125
183	134
183	136
183	138
183	140
183	143
183	144
183	146
183	149
183	151
183	152
183	157
183	158
183	160
183	161
183	163
183	166
183	169
183	170
183	175
183	180
183	585
183	747
184	8
184	30
184	38
184	43
184	45
184	47
184	50
184	52
184	56
184	57
184	69
184	75
184	78
184	83
184	86
184	89
184	90
184	92
184	100
184	107
184	112
184	119
184	121
184	127
184	128
184	138
184	139
184	140
184	142
184	144
184	151
184	155
184	156
184	159
184	160
184	164
184	169
184	170
184	172
184	173
184	174
184	175
184	176
184	178
184	179
184	181
184	182
184	572
184	845
185	205
185	207
185	222
185	229
185	246
185	324
185	338
185	342
185	344
185	377
186	225
186	270
186	278
186	290
186	297
186	312
186	337
186	342
186	345
186	935
187	222
187	228
187	239
187	276
187	295
187	306
187	324
187	337
187	342
187	719
188	207
188	251
188	271
188	275
188	304
188	323
188	337
188	340
188	345
188	588
189	194
189	230
189	234
189	261
189	289
189	291
189	319
189	331
189	338
189	970
190	198
190	210
190	270
190	296
190	328
190	335
190	337
190	339
190	340
190	345
191	233
191	248
191	267
191	268
191	304
191	316
191	340
191	341
191	343
191	899
192	258
192	268
192	281
192	289
192	312
192	326
192	333
192	335
192	336
192	339
193	210
193	231
193	302
193	307
193	309
193	324
193	339
193	342
193	344
193	345
194	189
194	281
194	286
194	289
194	313
194	315
194	316
194	322
194	327
194	339
195	198
195	215
195	239
195	247
195	269
195	295
195	310
195	314
195	317
195	345
196	198
196	212
196	214
196	240
196	248
196	276
196	318
196	321
196	340
196	764
197	241
197	285
197	294
197	299
197	310
197	313
197	319
197	333
197	334
197	738
198	190
198	195
198	196
198	204
198	240
198	254
198	294
198	312
198	342
198	525
199	218
199	221
199	284
199	295
199	301
199	313
199	322
199	324
199	337
199	692
200	207
200	217
200	263
200	300
200	306
200	308
200	309
200	323
200	344
200	762
201	209
201	265
201	272
201	279
201	313
201	321
201	323
201	338
201	344
201	541
202	227
202	252
202	276
202	319
202	321
202	340
202	341
202	343
202	344
202	455
203	210
203	236
203	255
203	302
203	307
203	314
203	326
203	327
203	334
203	344
204	198
204	208
204	224
204	245
204	246
204	281
204	326
204	329
204	334
204	345
205	185
205	247
205	271
205	317
205	320
205	321
205	330
205	341
205	345
205	443
206	211
206	220
206	231
206	244
206	256
206	291
206	297
206	306
206	343
206	917
207	185
207	188
207	200
207	241
207	251
207	263
207	278
207	322
207	328
207	509
208	204
208	227
208	232
208	252
208	263
208	268
208	296
208	315
208	337
208	941
209	201
209	233
209	237
209	244
209	273
209	320
209	332
209	341
209	343
209	474
210	175
210	190
210	193
210	203
210	244
210	254
210	283
210	296
210	307
210	315
210	324
211	206
211	272
211	288
211	289
211	315
211	326
211	335
211	339
211	341
211	342
211	740
212	196
212	237
212	256
212	279
212	286
212	301
212	315
212	317
212	325
212	334
212	345
213	269
213	278
213	325
213	326
213	329
213	330
213	331
213	340
213	341
213	342
213	621
214	196
214	217
214	260
214	297
214	318
214	328
214	333
214	334
214	337
214	341
214	345
215	195
215	280
215	296
215	300
215	307
215	320
215	332
215	334
215	340
215	343
215	725
216	221
216	236
216	249
216	266
216	285
216	304
216	308
216	309
216	333
216	344
216	976
217	200
217	214
217	283
217	285
217	299
217	311
217	323
217	338
217	340
217	342
217	451
218	199
218	230
218	238
218	241
218	244
218	256
218	311
218	320
218	337
218	338
218	872
219	264
219	289
219	294
219	322
219	327
219	328
219	329
219	334
219	339
219	341
219	345
220	206
220	253
220	283
220	302
220	307
220	313
220	314
220	326
220	335
220	338
220	744
221	199
221	216
221	285
221	307
221	309
221	311
221	326
221	338
221	340
221	345
221	427
222	185
222	187
222	258
222	264
222	272
222	311
222	334
222	336
222	338
222	344
222	679
223	246
223	258
223	268
223	280
223	309
223	312
223	326
223	327
223	330
223	343
223	823
224	6
224	204
224	225
224	257
224	262
224	277
224	290
224	299
224	322
224	325
224	329
224	340
225	186
225	224
225	228
225	238
225	253
225	279
225	309
225	312
225	322
225	333
225	342
225	343
226	259
226	277
226	298
226	310
226	317
226	334
226	336
226	337
226	339
226	342
226	344
226	382
227	106
227	202
227	208
227	270
227	282
227	283
227	288
227	299
227	318
227	340
227	341
227	343
228	187
228	225
228	237
228	280
228	291
228	295
228	311
228	317
228	323
228	324
228	334
228	344
229	185
229	267
229	292
229	308
229	311
229	318
229	323
229	329
229	331
229	338
229	339
229	605
230	189
230	218
230	298
230	303
230	305
230	319
230	321
230	326
230	330
230	342
230	344
230	473
231	193
231	206
231	279
231	282
231	288
231	300
231	301
231	306
231	339
231	340
231	344
231	345
232	208
232	235
232	243
232	252
232	274
232	294
232	312
232	314
232	319
232	328
232	329
232	339
233	191
233	209
233	254
233	280
233	286
233	290
233	309
233	325
233	326
233	335
233	339
233	870
234	189
234	237
234	242
234	248
234	271
234	285
234	299
234	327
234	329
234	333
234	334
234	336
235	232
235	249
235	253
235	266
235	276
235	292
235	300
235	301
235	313
235	314
235	323
235	938
236	203
236	216
236	266
236	287
236	290
236	301
236	311
236	312
236	313
236	322
236	327
236	338
236	454
237	209
237	212
237	228
237	234
237	250
237	312
237	327
237	330
237	331
237	333
237	335
237	344
237	952
238	218
238	225
238	248
238	253
238	268
238	280
238	287
238	288
238	311
238	333
238	334
238	337
238	688
239	187
239	195
239	254
239	269
239	274
239	291
239	304
239	310
239	314
239	325
239	343
239	345
239	912
240	196
240	198
240	248
240	250
240	259
240	279
240	293
240	332
240	333
240	340
240	341
240	343
240	693
241	197
241	207
241	218
241	257
241	272
241	284
241	288
241	307
241	311
241	315
241	316
241	344
241	720
242	234
242	248
242	254
242	257
242	266
242	268
242	296
242	308
242	316
242	329
242	336
242	343
242	345
243	232
243	245
243	260
243	267
243	301
243	308
243	312
243	316
243	317
243	328
243	332
243	340
243	343
244	206
244	209
244	210
244	218
244	262
244	268
244	270
244	284
244	295
244	301
244	302
244	306
244	406
245	204
245	243
245	247
245	251
245	273
245	276
245	286
245	302
245	316
245	330
245	340
245	341
245	696
246	155
246	185
246	204
246	223
246	284
246	305
246	309
246	323
246	326
246	330
246	332
246	335
246	342
247	195
247	205
247	245
247	250
247	268
247	270
247	312
247	313
247	317
247	318
247	327
247	341
247	343
248	191
248	196
248	234
248	238
248	240
248	242
248	264
248	277
248	297
248	334
248	339
248	341
248	342
248	888
249	149
249	216
249	235
249	267
249	289
249	293
249	303
249	304
249	305
249	318
249	320
249	321
249	332
249	343
250	237
250	240
250	247
250	277
250	303
250	304
250	313
250	317
250	319
250	331
250	333
250	335
250	340
250	342
251	188
251	207
251	245
251	254
251	277
251	295
251	309
251	315
251	321
251	326
251	327
251	330
251	334
251	338
252	202
252	208
252	232
252	263
252	284
252	285
252	286
252	288
252	298
252	303
252	325
252	330
252	331
252	342
253	220
253	225
253	235
253	238
253	274
253	299
253	310
253	311
253	329
253	336
253	337
253	341
253	345
253	763
254	198
254	210
254	233
254	239
254	242
254	251
254	262
254	294
254	316
254	337
254	339
254	341
254	345
254	858
255	30
255	203
255	285
255	290
255	291
255	292
255	302
255	306
255	311
255	325
255	332
255	341
255	344
255	345
256	15
256	206
256	212
256	218
256	266
256	267
256	271
256	275
256	289
256	304
256	307
256	319
256	327
256	331
257	224
257	241
257	242
257	292
257	295
257	298
257	300
257	302
257	308
257	312
257	323
257	326
257	339
257	344
257	683
258	192
258	222
258	223
258	268
258	269
258	280
258	292
258	294
258	297
258	300
258	329
258	330
258	334
258	336
258	524
259	226
259	240
259	261
259	282
259	283
259	287
259	305
259	309
259	313
259	318
259	320
259	331
259	340
259	343
259	901
260	214
260	243
260	267
260	297
260	303
260	313
260	317
260	318
260	321
260	332
260	340
260	341
260	342
260	344
260	677
261	189
261	259
261	278
261	295
261	305
261	312
261	316
261	318
261	321
261	329
261	340
261	341
261	343
261	344
261	934
262	224
262	244
262	254
262	264
262	284
262	294
262	301
262	303
262	311
262	315
262	319
262	322
262	325
262	335
262	680
263	200
263	207
263	208
263	252
263	271
263	277
263	316
263	322
263	323
263	325
263	328
263	331
263	341
263	342
263	661
264	219
264	222
264	248
264	262
264	296
264	297
264	308
264	310
264	311
264	314
264	317
264	328
264	339
264	344
264	345
265	201
265	277
265	284
265	287
265	299
265	301
265	310
265	314
265	327
265	328
265	332
265	333
265	336
265	337
265	345
266	216
266	235
266	236
266	242
266	256
266	272
266	274
266	288
266	295
266	296
266	299
266	301
266	330
266	338
266	344
267	191
267	229
267	243
267	249
267	256
267	260
267	270
267	297
267	310
267	316
267	332
267	336
267	338
267	343
267	768
268	191
268	192
268	208
268	223
268	238
268	242
268	244
268	247
268	258
268	287
268	298
268	299
268	300
268	308
268	334
268	939
269	195
269	213
269	239
269	258
269	275
269	278
269	295
269	296
269	306
269	314
269	315
269	332
269	333
269	337
269	339
269	345
270	186
270	190
270	227
270	244
270	247
270	267
270	293
270	295
270	305
270	317
270	321
270	324
270	338
270	340
270	343
270	529
271	188
271	205
271	234
271	256
271	263
271	277
271	290
271	309
271	314
271	315
271	319
271	333
271	335
271	336
271	338
271	724
272	201
272	211
272	222
272	241
272	266
272	274
272	285
272	288
272	307
272	313
272	316
272	320
272	323
272	327
272	334
272	706
273	209
273	245
273	278
273	287
273	293
273	300
273	316
273	317
273	320
273	324
273	328
273	332
273	341
273	343
273	344
273	853
274	232
274	239
274	253
274	266
274	272
274	288
274	310
274	322
274	323
274	329
274	331
274	334
274	335
274	336
274	337
274	338
274	345
275	188
275	256
275	269
275	278
275	279
275	288
275	291
275	303
275	305
275	315
275	318
275	325
275	326
275	330
275	331
275	340
275	452
276	187
276	196
276	202
276	235
276	245
276	289
276	307
276	317
276	319
276	320
276	321
276	325
276	332
276	340
276	341
276	343
276	981
277	224
277	226
277	248
277	250
277	251
277	263
277	265
277	271
277	286
277	304
277	311
277	317
277	325
277	330
277	337
277	341
277	342
278	186
278	207
278	213
278	261
278	269
278	273
278	275
278	294
278	309
278	325
278	327
278	331
278	334
278	340
278	342
278	344
278	863
279	201
279	212
279	225
279	231
279	240
279	275
279	284
279	286
279	301
279	303
279	305
279	312
279	317
279	319
279	327
279	343
279	743
280	215
280	223
280	228
280	233
280	238
280	258
280	282
280	287
280	305
280	316
280	320
280	325
280	332
280	340
280	341
280	343
280	846
281	192
281	194
281	204
281	295
281	302
281	304
281	307
281	314
281	321
281	328
281	334
281	336
281	337
281	339
281	341
281	345
281	433
282	227
282	231
282	259
282	280
282	286
282	303
282	305
282	316
282	317
282	318
282	323
282	328
282	330
282	340
282	341
282	343
282	345
282	736
283	210
283	217
283	220
283	227
283	259
283	290
283	291
283	292
283	296
283	301
283	311
283	313
283	324
283	332
283	335
283	337
283	344
283	668
284	199
284	241
284	244
284	246
284	252
284	262
284	265
284	279
284	309
284	312
284	315
284	318
284	327
284	335
284	342
284	343
284	344
284	703
285	148
285	197
285	216
285	217
285	221
285	234
285	252
285	255
285	272
285	295
285	300
285	305
285	307
285	310
285	314
285	338
285	343
285	344
285	345
286	133
286	194
286	212
286	233
286	245
286	252
286	277
286	279
286	282
286	289
286	316
286	320
286	321
286	323
286	327
286	331
286	335
286	342
286	343
287	236
287	238
287	259
287	265
287	268
287	273
287	280
287	298
287	309
287	312
287	328
287	329
287	332
287	333
287	334
287	336
287	339
287	345
287	864
288	211
288	227
288	231
288	238
288	241
288	252
288	266
288	272
288	274
288	275
288	291
288	295
288	308
288	313
288	319
288	338
288	339
288	344
288	441
289	189
289	192
289	194
289	211
289	219
289	249
289	256
289	276
289	286
289	290
289	301
289	308
289	319
289	322
289	327
289	335
289	336
289	345
289	645
290	186
290	224
290	233
290	236
290	255
290	271
290	283
290	289
290	319
290	324
290	325
290	328
290	329
290	330
290	331
290	335
290	342
290	344
290	385
291	189
291	206
291	228
291	239
291	255
291	275
291	283
291	288
291	302
291	305
291	306
291	307
291	318
291	320
291	324
291	328
291	338
291	344
291	697
292	229
292	235
292	255
292	257
292	258
292	283
292	295
292	300
292	303
292	308
292	313
292	320
292	322
292	323
292	334
292	336
292	341
292	344
292	926
293	240
293	249
293	270
293	273
293	298
293	304
293	305
293	317
293	321
293	327
293	328
293	333
293	337
293	339
293	340
293	341
293	342
293	343
293	409
294	197
294	198
294	219
294	232
294	254
294	258
294	262
294	278
294	297
294	302
294	314
294	320
294	324
294	329
294	336
294	338
294	341
294	345
294	728
295	98
295	187
295	195
295	199
295	228
295	244
295	251
295	257
295	261
295	266
295	269
295	270
295	281
295	285
295	288
295	292
295	306
295	308
295	315
295	319
296	190
296	208
296	210
296	215
296	242
296	264
296	266
296	269
296	283
296	297
296	298
296	302
296	303
296	311
296	328
296	334
296	335
296	336
296	339
296	345
296	693
297	145
297	186
297	206
297	214
297	248
297	258
297	260
297	264
297	267
297	294
297	296
297	298
297	305
297	329
297	330
297	333
297	337
297	339
297	342
297	344
297	345
298	226
298	230
298	252
298	257
298	268
298	287
298	293
298	296
298	297
298	299
298	310
298	322
298	325
298	326
298	328
298	329
298	333
298	337
298	340
298	344
298	345
298	791
299	197
299	217
299	224
299	227
299	234
299	253
299	265
299	266
299	268
299	298
299	308
299	315
299	317
299	326
299	328
299	333
299	336
299	337
299	339
299	344
299	345
299	716
300	55
300	200
300	215
300	231
300	235
300	257
300	258
300	268
300	273
300	285
300	292
300	302
300	308
300	313
300	320
300	323
300	324
300	335
300	342
300	343
300	344
300	345
301	199
301	212
301	231
301	235
301	236
301	243
301	244
301	262
301	265
301	266
301	279
301	283
301	289
301	306
301	307
301	308
301	311
301	313
301	314
301	324
301	331
301	333
301	493
302	90
302	193
302	203
302	220
302	244
302	245
302	255
302	257
302	281
302	291
302	294
302	296
302	300
302	303
302	304
302	311
302	323
302	324
302	327
302	329
302	331
302	344
302	386
303	230
303	249
303	250
303	252
303	260
303	262
303	275
303	279
303	282
303	292
303	296
303	302
303	304
303	309
303	310
303	319
303	321
303	322
303	335
303	336
303	339
303	342
303	955
304	140
304	188
304	191
304	216
304	239
304	249
304	250
304	256
304	277
304	281
304	293
304	302
304	303
304	309
304	312
304	315
304	319
304	322
304	323
304	330
304	335
304	336
304	342
305	230
305	246
305	249
305	259
305	261
305	270
305	275
305	279
305	280
305	282
305	285
305	291
305	293
305	297
305	306
305	316
305	317
305	318
305	321
305	324
305	341
305	343
305	968
306	187
306	200
306	206
306	231
306	244
306	255
306	269
306	291
306	295
306	301
306	305
306	307
306	308
306	309
306	317
306	319
306	322
306	323
306	328
306	338
306	339
306	343
306	344
306	750
307	43
307	193
307	203
307	210
307	215
307	220
307	221
307	241
307	256
307	272
307	276
307	281
307	285
307	291
307	301
307	306
307	310
307	312
307	324
307	328
307	330
307	331
307	338
307	344
308	130
308	200
308	216
308	229
308	242
308	243
308	257
308	264
308	268
308	288
308	289
308	292
308	295
308	299
308	300
308	301
308	306
308	309
308	313
308	318
308	323
308	324
308	337
308	343
308	344
309	193
309	200
309	216
309	221
309	223
309	225
309	233
309	246
309	251
309	259
309	271
309	278
309	284
309	287
309	303
309	304
309	306
309	308
309	312
309	324
309	326
309	331
309	338
309	342
309	885
310	195
310	197
310	226
310	239
310	253
310	264
310	265
310	267
310	274
310	285
310	298
310	303
310	307
310	313
310	314
310	315
310	323
310	325
310	328
310	333
310	336
310	341
310	344
310	345
310	779
311	76
311	217
311	218
311	221
311	222
311	228
311	229
311	236
311	238
311	241
311	253
311	255
311	262
311	264
311	277
311	283
311	296
311	301
311	302
311	313
311	324
311	327
311	330
311	333
311	334
312	186
312	192
312	198
312	223
312	225
312	232
312	236
312	237
312	243
312	247
312	257
312	261
312	279
312	284
312	287
312	304
312	307
312	309
312	315
312	322
312	325
312	326
312	330
312	342
312	608
312	985
313	194
313	197
313	199
313	201
313	220
313	235
313	236
313	247
313	250
313	259
313	260
313	272
313	283
313	288
313	292
313	300
313	301
313	308
313	310
313	311
313	315
313	338
313	342
313	344
313	345
313	751
314	195
314	203
314	220
314	232
314	235
314	239
314	264
314	265
314	269
314	271
314	281
314	285
314	294
314	301
314	310
314	318
314	328
314	329
314	333
314	334
314	335
314	337
314	340
314	342
314	543
314	741
315	194
315	208
315	210
315	211
315	212
315	241
315	251
315	262
315	269
315	271
315	275
315	284
315	295
315	299
315	304
315	310
315	312
315	313
315	319
315	321
315	325
315	330
315	332
315	335
315	342
315	502
316	70
316	191
316	194
316	241
316	242
316	243
316	245
316	254
316	261
316	263
316	267
316	272
316	273
316	280
316	282
316	286
316	305
316	318
316	320
316	321
316	329
316	332
316	336
316	341
316	342
316	343
316	603
317	195
317	205
317	212
317	226
317	228
317	243
317	247
317	250
317	260
317	264
317	270
317	273
317	276
317	277
317	279
317	282
317	293
317	299
317	305
317	306
317	320
317	332
317	336
317	340
317	341
317	343
317	940
318	196
318	214
318	227
318	229
318	247
318	249
318	259
318	260
318	261
318	275
318	282
318	284
318	291
318	305
318	308
318	314
318	316
318	320
318	322
318	326
318	332
318	335
318	336
318	340
318	341
318	748
318	920
319	189
319	197
319	202
319	230
319	232
319	250
319	256
319	262
319	271
319	276
319	279
319	288
319	289
319	290
319	295
319	303
319	304
319	306
319	315
319	322
319	326
319	327
319	329
319	336
319	338
319	343
319	725
319	941
320	205
320	209
320	215
320	218
320	249
320	259
320	272
320	273
320	276
320	280
320	286
320	291
320	292
320	294
320	300
320	316
320	317
320	318
320	321
320	324
320	330
320	331
320	332
320	338
320	340
320	341
320	342
320	343
320	422
321	196
321	201
321	202
321	205
321	230
321	249
321	251
321	260
321	261
321	270
321	276
321	281
321	286
321	293
321	303
321	305
321	315
321	316
321	320
321	325
321	329
321	332
321	336
321	340
321	341
321	343
321	344
321	345
321	683
322	194
322	199
322	207
322	219
322	224
322	225
322	236
322	262
322	263
322	274
322	289
322	292
322	298
322	303
322	304
322	306
322	312
322	318
322	319
322	325
322	326
322	327
322	331
322	337
322	342
322	344
322	345
322	910
322	956
323	188
323	200
323	201
323	217
323	228
323	229
323	235
323	246
323	257
323	263
323	272
323	274
323	282
323	286
323	292
323	300
323	302
323	304
323	306
323	308
323	310
323	324
323	325
323	332
323	338
323	340
323	344
323	626
323	976
324	33
324	185
324	187
324	193
324	199
324	210
324	228
324	270
324	273
324	283
324	290
324	291
324	294
324	300
324	301
324	302
324	305
324	307
324	308
324	309
324	311
324	320
324	323
324	327
324	330
324	332
324	333
324	334
324	338
324	575
325	212
325	213
325	224
325	233
325	239
325	252
325	255
325	262
325	263
325	275
325	276
325	277
325	278
325	280
325	290
325	298
325	310
325	312
325	315
325	321
325	322
325	323
325	327
325	331
325	335
325	337
325	339
325	340
325	344
325	556
326	71
326	192
326	203
326	204
326	211
326	213
326	220
326	221
326	223
326	230
326	233
326	246
326	251
326	257
326	275
326	298
326	299
326	309
326	312
326	318
326	319
326	322
326	327
326	330
326	331
326	333
326	335
326	337
326	339
326	342
327	118
327	194
327	203
327	219
327	223
327	234
327	236
327	237
327	247
327	251
327	256
327	265
327	272
327	278
327	279
327	284
327	286
327	289
327	293
327	302
327	311
327	319
327	322
327	324
327	325
327	326
327	329
327	330
327	335
327	342
327	343
328	190
328	207
328	214
328	219
328	232
328	243
328	263
328	264
328	265
328	273
328	281
328	282
328	287
328	290
328	291
328	293
328	296
328	298
328	299
328	306
328	307
328	310
328	314
328	329
328	332
328	333
328	334
328	337
328	338
328	345
328	987
329	204
329	213
329	219
329	224
329	229
329	232
329	234
329	242
329	253
329	258
329	261
329	274
329	287
329	290
329	294
329	297
329	298
329	302
329	314
329	316
329	319
329	321
329	327
329	328
329	331
329	334
329	336
329	338
329	339
329	340
329	770
330	115
330	205
330	213
330	223
330	230
330	237
330	245
330	246
330	251
330	252
330	258
330	266
330	275
330	277
330	282
330	290
330	297
330	304
330	307
330	311
330	312
330	315
330	320
330	324
330	326
330	327
330	331
330	332
330	334
330	336
330	342
330	946
331	131
331	189
331	213
331	229
331	237
331	250
331	252
331	256
331	259
331	263
331	274
331	275
331	278
331	286
331	290
331	301
331	302
331	307
331	309
331	320
331	322
331	325
331	326
331	329
331	330
331	333
331	335
331	337
331	339
331	341
331	342
331	345
332	209
332	215
332	240
332	243
332	246
332	249
332	255
332	260
332	265
332	267
332	269
332	273
332	276
332	280
332	283
332	287
332	315
332	316
332	317
332	318
332	320
332	321
332	323
332	324
332	328
332	330
332	335
332	340
332	341
332	342
332	343
332	896
333	192
333	197
333	214
333	216
333	225
333	234
333	237
333	238
333	240
333	250
333	265
333	269
333	271
333	287
333	293
333	297
333	298
333	299
333	301
333	310
333	311
333	314
333	324
333	326
333	328
333	331
333	336
333	337
333	339
333	343
333	345
333	491
333	783
334	197
334	203
334	204
334	212
334	214
334	215
334	219
334	222
334	226
334	228
334	234
334	238
334	248
334	251
334	258
334	268
334	272
334	274
334	278
334	281
334	287
334	292
334	296
334	311
334	314
334	324
334	328
334	329
334	330
334	339
334	343
334	345
334	875
334	954
335	171
335	190
335	192
335	211
335	220
335	233
335	237
335	246
335	250
335	262
335	271
335	274
335	283
335	284
335	286
335	289
335	290
335	296
335	300
335	303
335	304
335	314
335	315
335	318
335	325
335	326
335	327
335	331
335	332
335	340
335	341
335	342
335	343
335	960
336	192
336	222
336	226
336	234
336	242
336	253
336	258
336	265
336	267
336	271
336	274
336	281
336	287
336	289
336	292
336	294
336	296
336	299
336	303
336	304
336	310
336	316
336	317
336	318
336	319
336	321
336	329
336	330
336	333
336	337
336	338
336	339
336	345
336	882
337	117
337	186
337	187
337	188
337	190
337	199
337	208
337	214
337	218
337	226
337	238
337	253
337	254
337	265
337	269
337	274
337	277
337	281
337	283
337	293
337	297
337	298
337	299
337	308
337	314
337	322
337	325
337	326
337	328
337	331
337	333
337	336
337	339
337	344
337	735
338	185
338	189
338	201
338	217
338	218
338	220
338	221
338	222
338	229
338	236
338	251
338	266
338	267
338	270
338	271
338	274
338	285
338	288
338	291
338	294
338	306
338	307
338	309
338	313
338	319
338	320
338	323
338	324
338	328
338	329
338	336
338	344
338	345
338	747
338	927
339	190
339	192
339	193
339	194
339	211
339	219
339	226
339	229
339	231
339	232
339	233
339	248
339	254
339	257
339	264
339	269
339	281
339	287
339	288
339	293
339	296
339	297
339	299
339	303
339	306
339	325
339	326
339	329
339	331
339	333
339	334
339	336
339	337
339	340
339	345
339	918
340	94
340	188
340	190
340	191
340	196
340	202
340	213
340	215
340	217
340	221
340	224
340	227
340	231
340	240
340	243
340	245
340	250
340	259
340	260
340	261
340	270
340	275
340	276
340	278
340	280
340	282
340	293
340	298
340	314
340	317
340	318
340	320
340	321
340	323
340	325
340	329
340	332
340	335
340	339
340	341
340	343
340	734
341	100
341	191
341	202
341	205
341	209
341	211
341	213
341	214
341	219
341	227
341	240
341	245
341	247
341	248
341	253
341	254
341	255
341	260
341	261
341	263
341	273
341	276
341	277
341	280
341	281
341	282
341	292
341	293
341	294
341	305
341	310
341	316
341	317
341	318
341	320
341	321
341	331
341	332
341	335
341	340
341	342
341	343
341	482
341	694
342	185
342	186
342	187
342	193
342	198
342	211
342	213
342	217
342	225
342	226
342	230
342	246
342	248
342	250
342	252
342	260
342	263
342	277
342	278
342	284
342	286
342	290
342	293
342	297
342	300
342	303
342	304
342	309
342	312
342	313
342	314
342	315
342	316
342	320
342	322
342	326
342	327
342	330
342	331
342	332
342	335
342	341
342	345
342	702
342	713
342	721
343	191
343	202
343	206
343	209
343	215
343	223
343	225
343	227
343	239
343	240
343	242
343	243
343	247
343	249
343	259
343	261
343	267
343	270
343	273
343	276
343	279
343	280
343	282
343	284
343	285
343	286
343	293
343	300
343	305
343	306
343	308
343	316
343	317
343	319
343	320
343	321
343	327
343	332
343	333
343	334
343	335
343	340
343	341
343	345
343	498
343	946
344	185
344	193
344	200
344	201
344	202
344	203
344	216
344	222
344	226
344	228
344	230
344	231
344	237
344	241
344	255
344	257
344	260
344	261
344	264
344	266
344	273
344	278
344	283
344	284
344	285
344	288
344	290
344	291
344	292
344	297
344	298
344	299
344	300
344	302
344	306
344	307
344	308
344	310
344	313
344	321
344	322
344	323
344	325
344	337
344	338
344	665
344	977
345	186
345	188
345	190
345	193
345	195
345	204
345	205
345	212
345	214
345	219
345	221
345	231
345	239
345	242
345	253
345	254
345	255
345	264
345	265
345	269
345	274
345	281
345	282
345	285
345	287
345	289
345	294
345	296
345	297
345	298
345	299
345	300
345	310
345	313
345	321
345	322
345	328
345	331
345	333
345	334
345	336
345	338
345	339
345	342
345	343
345	519
345	742
345	749
346	347
346	355
346	360
346	372
346	400
346	416
346	425
346	444
346	466
346	472
347	346
347	427
347	435
347	436
347	452
347	456
347	457
347	463
347	464
347	465
348	354
348	366
348	384
348	416
348	431
348	435
348	438
348	449
348	466
348	473
349	358
349	368
349	416
349	432
349	439
349	452
349	459
349	471
349	473
349	477
350	351
350	361
350	388
350	442
350	445
350	454
350	465
350	471
350	475
350	477
351	350
351	369
351	370
351	426
351	449
351	463
351	468
351	471
351	473
351	475
352	383
352	397
352	420
352	429
352	446
352	461
352	464
352	469
352	474
352	475
353	396
353	405
353	431
353	441
353	446
353	459
353	467
353	472
353	473
354	348
354	416
354	430
354	447
354	459
354	464
354	466
354	467
354	470
354	472
355	346
355	392
355	399
355	443
355	455
355	457
355	461
355	474
355	475
355	476
356	392
356	409
356	422
356	435
356	436
356	450
356	456
356	466
356	469
356	983
357	388
357	393
357	405
357	407
357	433
357	441
357	455
357	461
357	474
357	475
358	349
358	405
358	415
358	426
358	448
358	449
358	462
358	464
358	467
358	470
358	473
359	373
359	374
359	392
359	416
359	448
359	454
359	461
359	464
359	470
359	471
359	984
360	166
360	346
360	372
360	386
360	398
360	433
360	442
360	447
360	456
360	461
360	467
361	350
361	375
361	389
361	416
361	440
361	445
361	460
361	466
361	472
361	473
361	866
362	372
362	393
362	401
362	412
362	416
362	422
362	429
362	430
362	443
362	448
362	462
363	376
363	393
363	421
363	429
363	435
363	460
363	469
363	474
363	475
363	476
363	802
364	164
364	417
364	431
364	432
364	436
364	449
364	467
364	469
364	470
364	472
364	474
365	408
365	427
365	433
365	437
365	439
365	462
365	465
365	475
365	476
365	477
365	975
366	348
366	386
366	392
366	405
366	408
366	414
366	440
366	457
366	468
366	471
366	767
367	128
367	383
367	394
367	402
367	403
367	413
367	423
367	440
367	443
367	459
367	467
368	349
368	372
368	389
368	407
368	438
368	441
368	442
368	453
368	460
368	464
368	994
369	351
369	385
369	408
369	412
369	422
369	433
369	444
369	453
369	456
369	462
369	471
370	351
370	425
370	430
370	435
370	451
370	456
370	460
370	464
370	465
370	476
370	893
371	160
371	376
371	396
371	405
371	417
371	429
371	435
371	453
371	464
371	473
371	476
372	346
372	360
372	362
372	368
372	379
372	409
372	416
372	447
372	454
372	469
372	470
372	635
373	359
373	374
373	379
373	410
373	411
373	412
373	422
373	432
373	449
373	473
373	475
373	554
374	359
374	373
374	383
374	388
374	395
374	427
374	428
374	437
374	458
374	463
374	474
374	860
375	361
375	384
375	387
375	396
375	402
375	408
375	413
375	423
375	433
375	442
375	444
375	470
376	363
376	371
376	424
376	433
376	442
376	447
376	454
376	457
376	461
376	476
376	477
376	922
377	185
377	394
377	398
377	407
377	413
377	418
377	423
377	441
377	447
377	458
377	459
377	472
378	384
378	387
378	393
378	432
378	451
378	456
378	457
378	463
378	469
378	473
378	474
378	475
379	372
379	373
379	401
379	402
379	415
379	432
379	447
379	450
379	452
379	453
379	459
379	472
379	716
380	394
380	397
380	401
380	430
380	445
380	448
380	449
380	454
380	460
380	466
380	471
380	472
380	475
381	437
381	441
381	446
381	452
381	453
381	454
381	455
381	457
381	462
381	474
381	476
381	477
381	759
382	226
382	387
382	421
382	424
382	430
382	439
382	444
382	450
382	455
382	460
382	469
382	473
382	475
383	352
383	367
383	374
383	395
383	420
383	428
383	433
383	443
383	457
383	461
383	467
383	475
383	639
384	348
384	375
384	378
384	385
384	406
384	426
384	427
384	443
384	449
384	451
384	461
384	466
384	477
385	290
385	369
385	384
385	386
385	402
385	410
385	417
385	452
385	468
385	469
385	475
385	476
385	477
386	302
386	360
386	366
386	385
386	388
386	398
386	424
386	426
386	460
386	462
386	463
386	465
386	468
387	375
387	378
387	382
387	391
387	433
387	443
387	450
387	452
387	461
387	462
387	474
387	475
387	476
388	350
388	357
388	374
388	386
388	390
388	404
388	409
388	419
388	441
388	442
388	445
388	454
388	464
388	827
389	361
389	368
389	403
389	418
389	436
389	441
389	447
389	450
389	454
389	458
389	461
389	467
389	477
389	521
390	388
390	396
390	410
390	412
390	415
390	417
390	424
390	428
390	432
390	437
390	447
390	458
390	467
390	559
391	387
391	401
391	418
391	425
391	426
391	428
391	430
391	447
391	458
391	459
391	466
391	467
391	473
391	477
392	355
392	356
392	359
392	366
392	400
392	404
392	414
392	422
392	425
392	429
392	437
392	451
392	455
392	468
393	357
393	362
393	363
393	378
393	404
393	414
393	433
393	434
393	455
393	460
393	461
393	471
393	475
393	648
394	91
394	367
394	377
394	380
394	422
394	428
394	433
394	436
394	438
394	442
394	447
394	467
394	468
394	477
395	374
395	383
395	401
395	406
395	420
395	434
395	440
395	450
395	452
395	468
395	469
395	471
395	474
395	476
396	353
396	371
396	375
396	390
396	431
396	441
396	445
396	448
396	458
396	459
396	465
396	470
396	472
396	476
397	352
397	380
397	398
397	416
397	431
397	438
397	441
397	442
397	444
397	458
397	459
397	468
397	470
397	472
397	532
398	360
398	377
398	386
398	397
398	409
398	434
398	435
398	437
398	439
398	461
398	466
398	469
398	473
398	477
398	777
399	141
399	355
399	405
399	406
399	435
399	446
399	458
399	460
399	462
399	464
399	467
399	468
399	474
399	475
399	476
400	159
400	346
400	392
400	403
400	409
400	413
400	416
400	431
400	432
400	448
400	449
400	454
400	460
400	467
400	472
401	362
401	379
401	380
401	391
401	395
401	423
401	436
401	439
401	446
401	448
401	456
401	464
401	465
401	476
401	477
401	663
402	367
402	375
402	379
402	385
402	416
402	418
402	430
402	432
402	440
402	442
402	444
402	458
402	465
402	470
402	477
402	979
403	367
403	389
403	400
403	415
403	426
403	439
403	444
403	447
403	454
403	458
403	461
403	467
403	470
403	472
403	477
403	880
404	388
404	392
404	393
404	414
404	415
404	422
404	423
404	424
404	426
404	446
404	452
404	453
404	463
404	465
404	475
404	705
405	353
405	357
405	358
405	366
405	371
405	399
405	408
405	429
405	435
405	440
405	453
405	457
405	469
405	474
405	476
405	477
405	620
406	244
406	384
406	395
406	399
406	407
406	414
406	419
406	446
406	448
406	450
406	452
406	454
406	460
406	462
406	468
406	471
406	477
407	357
407	368
407	377
407	406
407	412
407	435
407	436
407	439
407	445
407	453
407	454
407	455
407	462
407	465
407	471
407	476
407	696
408	365
408	366
408	369
408	375
408	405
408	420
408	428
408	441
408	455
408	456
408	462
408	463
408	468
408	469
408	474
408	476
408	501
409	293
409	356
409	372
409	388
409	398
409	400
409	417
409	428
409	430
409	437
409	442
409	444
409	458
409	464
409	467
409	470
409	472
410	373
410	385
410	390
410	421
410	431
410	432
410	434
410	450
410	451
410	456
410	457
410	463
410	471
410	474
410	475
410	476
410	998
411	373
411	413
411	415
411	416
411	417
411	423
411	438
411	442
411	443
411	448
411	451
411	458
411	468
411	470
411	472
411	474
411	715
412	362
412	369
412	373
412	390
412	407
412	417
412	420
412	421
412	426
412	429
412	430
412	433
412	448
412	468
412	469
412	472
412	699
413	367
413	375
413	377
413	400
413	411
413	419
413	423
413	430
413	435
413	442
413	450
413	461
413	463
413	467
413	470
413	472
413	477
414	366
414	392
414	393
414	404
414	406
414	453
414	454
414	459
414	461
414	462
414	464
414	466
414	468
414	469
414	476
414	477
414	878
415	358
415	379
415	390
415	403
415	404
415	411
415	417
415	431
415	432
415	435
415	438
415	443
415	444
415	465
415	472
415	474
415	801
416	346
416	348
416	349
416	354
416	359
416	361
416	362
416	372
416	397
416	400
416	402
416	411
416	445
416	459
416	467
416	472
416	476
416	615
417	364
417	371
417	385
417	390
417	409
417	411
417	412
417	415
417	418
417	431
417	432
417	438
417	459
417	460
417	463
417	470
417	472
417	513
418	377
418	389
418	391
418	402
418	417
418	429
418	437
418	438
418	440
418	442
418	443
418	454
418	461
418	468
418	470
418	472
418	477
418	771
419	388
419	406
419	413
419	433
419	434
419	438
419	442
419	446
419	450
419	451
419	454
419	460
419	461
419	465
419	469
419	470
419	473
419	477
419	813
420	352
420	383
420	395
420	408
420	412
420	440
420	450
420	451
420	453
420	455
420	456
420	462
420	463
420	465
420	471
420	473
420	474
420	477
420	978
421	363
421	382
421	410
421	412
421	430
421	445
421	449
421	450
421	451
421	454
421	463
421	467
421	471
421	472
421	474
421	475
421	476
421	477
421	760
422	320
422	356
422	362
422	369
422	373
422	392
422	394
422	404
422	425
422	430
422	433
422	434
422	443
422	445
422	450
422	454
422	455
422	463
422	471
422	477
423	367
423	375
423	377
423	401
423	404
423	411
423	413
423	431
423	438
423	442
423	447
423	449
423	458
423	467
423	471
423	472
423	473
423	475
423	476
423	931
424	162
424	376
424	382
424	386
424	390
424	404
424	426
424	429
424	437
424	446
424	450
424	452
424	455
424	460
424	462
424	463
424	466
424	471
424	473
424	477
425	152
425	346
425	370
425	391
425	392
425	422
425	431
425	432
425	436
425	453
425	455
425	456
425	458
425	462
425	463
425	468
425	469
425	471
425	474
425	475
426	351
426	358
426	384
426	386
426	391
426	403
426	404
426	412
426	424
426	427
426	432
426	439
426	449
426	450
426	464
426	465
426	469
426	470
426	477
426	533
427	221
427	347
427	365
427	374
427	384
427	426
427	429
427	434
427	441
427	442
427	446
427	447
427	450
427	456
427	457
427	463
427	465
427	469
427	471
427	473
427	474
428	374
428	383
428	390
428	391
428	394
428	408
428	409
428	429
428	431
428	443
428	446
428	447
428	449
428	463
428	464
428	465
428	466
428	469
428	472
428	476
428	758
429	352
429	362
429	363
429	371
429	392
429	405
429	412
429	418
429	424
429	427
429	428
429	438
429	446
429	448
429	453
429	455
429	457
429	470
429	471
429	473
429	476
429	752
430	354
430	362
430	370
430	380
430	382
430	391
430	402
430	409
430	412
430	413
430	421
430	422
430	434
430	441
430	448
430	453
430	454
430	457
430	462
430	464
430	465
430	650
431	348
431	353
431	364
431	396
431	397
431	400
431	410
431	415
431	417
431	423
431	425
431	428
431	434
431	442
431	446
431	452
431	458
431	459
431	466
431	470
431	472
431	701
432	349
432	364
432	373
432	378
432	379
432	390
432	400
432	402
432	410
432	415
432	417
432	425
432	426
432	444
432	445
432	449
432	458
432	459
432	466
432	467
432	470
432	476
432	759
433	281
433	357
433	360
433	365
433	369
433	375
433	376
433	383
433	387
433	393
433	394
433	412
433	419
433	422
433	437
433	443
433	444
433	445
433	448
433	452
433	455
433	460
433	477
434	393
434	395
434	398
434	410
434	419
434	422
434	427
434	430
434	431
434	438
434	440
434	441
434	443
434	444
434	451
434	454
434	455
434	459
434	461
434	464
434	465
434	467
434	751
435	347
435	348
435	356
435	363
435	370
435	371
435	398
435	399
435	405
435	407
435	413
435	415
435	437
435	443
435	445
435	448
435	453
435	458
435	459
435	462
435	465
435	475
435	662
436	152
436	347
436	356
436	364
436	389
436	394
436	401
436	407
436	425
436	437
436	439
436	440
436	442
436	447
436	451
436	453
436	456
436	457
436	464
436	468
436	469
436	470
436	477
437	365
437	374
437	381
437	390
437	392
437	398
437	409
437	418
437	424
437	433
437	435
437	436
437	439
437	440
437	441
437	449
437	456
437	461
437	466
437	468
437	471
437	474
437	552
438	170
438	348
438	368
438	394
438	397
438	411
438	415
438	417
438	418
438	419
438	423
438	429
438	434
438	441
438	449
438	456
438	462
438	463
438	466
438	469
438	473
438	475
438	924
439	349
439	365
439	382
439	398
439	401
439	403
439	407
439	426
439	436
439	437
439	443
439	445
439	453
439	462
439	463
439	464
439	465
439	467
439	470
439	472
439	473
439	475
439	647
439	881
440	361
440	366
440	367
440	395
440	402
440	405
440	418
440	420
440	434
440	436
440	437
440	443
440	452
440	454
440	459
440	460
440	461
440	465
440	468
440	469
440	473
440	474
440	477
440	539
440	890
441	288
441	353
441	357
441	368
441	377
441	381
441	388
441	389
441	396
441	397
441	408
441	427
441	430
441	434
441	437
441	438
441	450
441	462
441	464
441	466
441	468
441	469
441	473
441	474
441	891
442	26
442	350
442	360
442	368
442	375
442	376
442	388
442	394
442	397
442	402
442	409
442	411
442	413
442	418
442	419
442	423
442	427
442	431
442	436
442	444
442	447
442	459
442	462
442	464
442	470
442	472
443	205
443	355
443	362
443	367
443	383
443	384
443	387
443	411
443	415
443	418
443	422
443	428
443	433
443	434
443	435
443	439
443	440
443	444
443	445
443	451
443	458
443	466
443	470
443	472
443	473
443	477
443	488
444	346
444	369
444	375
444	382
444	397
444	402
444	403
444	409
444	415
444	432
444	433
444	434
444	442
444	443
444	445
444	447
444	448
444	455
444	457
444	458
444	459
444	467
444	470
444	475
444	476
444	721
444	997
445	120
445	350
445	361
445	380
445	388
445	396
445	407
445	416
445	421
445	422
445	432
445	433
445	435
445	439
445	443
445	444
445	446
445	447
445	448
445	452
445	457
445	463
445	470
445	473
445	474
445	477
445	718
446	352
446	353
446	381
446	399
446	401
446	404
446	406
446	419
446	424
446	427
446	428
446	429
446	431
446	445
446	447
446	450
446	451
446	452
446	456
446	460
446	462
446	464
446	468
446	471
446	474
446	475
446	607
447	354
447	360
447	372
447	376
447	377
447	379
447	389
447	390
447	391
447	394
447	403
447	423
447	427
447	428
447	436
447	442
447	444
447	445
447	446
447	452
447	458
447	459
447	467
447	470
447	472
447	473
447	911
448	358
448	359
448	362
448	380
448	396
448	400
448	401
448	406
448	411
448	412
448	429
448	430
448	433
448	435
448	444
448	445
448	449
448	454
448	457
448	460
448	466
448	467
448	468
448	469
448	471
448	472
448	474
448	523
449	348
449	351
449	358
449	364
449	373
449	380
449	384
449	400
449	421
449	423
449	426
449	428
449	432
449	437
449	438
449	448
449	452
449	456
449	457
449	458
449	464
449	466
449	471
449	473
449	475
449	476
449	477
449	984
450	356
450	379
450	382
450	387
450	389
450	395
450	406
450	410
450	413
450	419
450	420
450	421
450	422
450	424
450	426
450	427
450	441
450	446
450	451
450	456
450	466
450	471
450	473
450	474
450	475
450	476
450	653
450	798
451	217
451	370
451	378
451	384
451	392
451	410
451	411
451	419
451	420
451	421
451	434
451	436
451	443
451	446
451	450
451	455
451	456
451	457
451	460
451	463
451	464
451	465
451	466
451	471
451	472
451	474
451	475
451	476
452	275
452	347
452	349
452	379
452	381
452	385
452	387
452	395
452	404
452	406
452	424
452	431
452	433
452	440
452	445
452	446
452	447
452	449
452	453
452	454
452	460
452	462
452	465
452	468
452	470
452	471
452	474
452	475
452	476
453	124
453	166
453	368
453	369
453	371
453	379
453	381
453	404
453	405
453	407
453	414
453	420
453	425
453	429
453	430
453	435
453	436
453	439
453	452
453	455
453	456
453	462
453	463
453	466
453	471
453	474
453	475
453	476
453	477
454	236
454	350
454	359
454	372
454	376
454	380
454	381
454	388
454	389
454	400
454	403
454	406
454	407
454	414
454	418
454	419
454	421
454	422
454	430
454	434
454	440
454	448
454	452
454	459
454	460
454	471
454	473
454	477
454	695
455	202
455	355
455	357
455	381
455	382
455	392
455	393
455	407
455	408
455	420
455	422
455	424
455	425
455	429
455	433
455	434
455	444
455	451
455	453
455	460
455	463
455	464
455	468
455	469
455	471
455	473
455	474
455	476
455	477
456	347
456	356
456	360
456	369
456	370
456	378
456	401
456	408
456	410
456	420
456	425
456	427
456	436
456	437
456	438
456	446
456	449
456	450
456	451
456	453
456	459
456	460
456	464
456	465
456	468
456	469
456	471
456	475
456	476
456	995
457	347
457	355
457	366
457	376
457	378
457	381
457	383
457	405
457	410
457	427
457	429
457	430
457	436
457	444
457	445
457	448
457	449
457	451
457	459
457	460
457	461
457	465
457	466
457	467
457	469
457	470
457	472
457	473
457	474
457	873
458	144
458	374
458	377
458	389
458	390
458	391
458	396
458	397
458	399
458	402
458	403
458	409
458	411
458	423
458	425
458	431
458	432
458	435
458	443
458	444
458	447
458	449
458	459
458	461
458	463
458	465
458	467
458	470
458	472
458	473
458	557
459	349
459	353
459	354
459	367
459	377
459	379
459	391
459	396
459	397
459	414
459	416
459	417
459	431
459	432
459	434
459	435
459	440
459	442
459	444
459	447
459	454
459	456
459	457
459	458
459	466
459	467
459	469
459	470
459	472
459	473
459	477
459	712
460	361
460	363
460	368
460	370
460	380
460	382
460	386
460	393
460	399
460	400
460	406
460	417
460	419
460	424
460	433
460	440
460	446
460	448
460	451
460	452
460	454
460	455
460	456
460	457
460	461
460	463
460	468
460	471
460	474
460	475
460	477
460	763
461	352
461	355
461	357
461	359
461	360
461	376
461	383
461	384
461	387
461	389
461	393
461	398
461	403
461	413
461	414
461	418
461	419
461	434
461	437
461	440
461	457
461	458
461	460
461	464
461	466
461	468
461	469
461	471
461	472
461	474
461	476
461	993
462	69
462	358
462	362
462	365
462	369
462	381
462	386
462	387
462	399
462	406
462	407
462	408
462	414
462	420
462	424
462	425
462	430
462	435
462	438
462	439
462	441
462	442
462	446
462	452
462	453
462	466
462	467
462	468
462	473
462	474
462	475
462	476
462	848
463	13
463	103
463	347
463	351
463	374
463	378
463	386
463	404
463	408
463	410
463	413
463	417
463	420
463	421
463	422
463	424
463	425
463	427
463	428
463	438
463	439
463	445
463	451
463	453
463	455
463	458
463	460
463	464
463	468
463	471
463	474
463	476
463	477
464	347
464	352
464	354
464	358
464	359
464	368
464	370
464	371
464	388
464	399
464	401
464	409
464	414
464	426
464	428
464	430
464	434
464	436
464	439
464	441
464	442
464	446
464	449
464	451
464	455
464	456
464	461
464	463
464	465
464	472
464	473
464	475
464	840
465	347
465	350
465	365
465	370
465	386
465	396
465	401
465	402
465	404
465	407
465	415
465	419
465	420
465	426
465	427
465	428
465	430
465	434
465	435
465	439
465	440
465	451
465	452
465	456
465	457
465	458
465	464
465	469
465	472
465	476
465	477
465	536
465	752
466	77
466	346
466	348
466	354
466	356
466	361
466	380
466	384
466	391
466	398
466	414
466	424
466	428
466	431
466	432
466	437
466	438
466	441
466	443
466	448
466	449
466	450
466	451
466	453
466	457
466	459
466	461
466	462
466	468
466	473
466	475
466	477
466	691
467	353
467	354
467	358
467	360
467	364
467	367
467	383
467	389
467	390
467	391
467	394
467	399
467	400
467	403
467	409
467	413
467	416
467	421
467	423
467	432
467	434
467	439
467	444
467	447
467	448
467	457
467	458
467	459
467	462
467	470
467	472
467	475
467	741
467	944
468	162
468	351
468	366
468	385
468	386
468	392
468	394
468	395
468	397
468	399
468	406
468	408
468	411
468	412
468	414
468	418
468	425
468	436
468	437
468	440
468	441
468	446
468	448
468	452
468	455
468	456
468	460
468	461
468	462
468	463
468	466
468	472
468	473
468	474
468	476
468	973
469	352
469	356
469	363
469	364
469	372
469	378
469	382
469	385
469	395
469	398
469	405
469	408
469	412
469	414
469	419
469	425
469	426
469	427
469	428
469	436
469	438
469	440
469	441
469	448
469	455
469	456
469	457
469	459
469	461
469	465
469	471
469	473
469	474
469	477
469	544
469	604
470	354
470	358
470	359
470	364
470	372
470	375
470	396
470	397
470	402
470	403
470	409
470	411
470	413
470	417
470	418
470	419
470	426
470	429
470	431
470	432
470	436
470	439
470	442
470	443
470	444
470	445
470	447
470	452
470	457
470	458
470	459
470	467
470	471
470	472
470	475
470	504
470	982
471	349
471	350
471	351
471	359
471	366
471	369
471	380
471	393
471	395
471	406
471	407
471	410
471	420
471	421
471	422
471	423
471	424
471	425
471	427
471	429
471	437
471	446
471	448
471	449
471	450
471	451
471	452
471	453
471	454
471	455
471	456
471	460
471	461
471	463
471	469
471	470
471	475
471	476
471	494
471	754
471	957
472	105
472	346
472	353
472	354
472	361
472	364
472	377
472	379
472	380
472	396
472	397
472	400
472	403
472	409
472	411
472	412
472	413
472	415
472	416
472	417
472	418
472	421
472	423
472	428
472	431
472	439
472	442
472	443
472	447
472	448
472	451
472	457
472	458
472	459
472	461
472	464
472	465
472	467
472	468
472	470
472	473
472	965
473	230
473	348
473	349
473	351
473	353
473	358
473	361
473	371
473	373
473	378
473	382
473	391
473	398
473	419
473	420
473	423
473	424
473	427
473	429
473	438
473	439
473	440
473	441
473	443
473	445
473	447
473	449
473	450
473	454
473	455
473	457
473	458
473	459
473	462
473	464
473	466
473	468
473	469
473	472
473	475
473	476
473	578
474	209
474	352
474	355
474	357
474	363
474	364
474	374
474	378
474	381
474	387
474	395
474	399
474	405
474	408
474	410
474	411
474	415
474	420
474	421
474	425
474	427
474	437
474	440
474	441
474	445
474	446
474	448
474	450
474	451
474	452
474	453
474	455
474	457
474	460
474	461
474	462
474	463
474	468
474	469
474	475
474	476
474	477
474	841
475	350
475	351
475	352
475	355
475	357
475	363
475	365
475	373
475	378
475	380
475	382
475	383
475	385
475	387
475	393
475	399
475	404
475	410
475	421
475	423
475	425
475	435
475	438
475	439
475	444
475	446
475	449
475	450
475	451
475	452
475	453
475	456
475	460
475	462
475	464
475	466
475	467
475	470
475	471
475	473
475	474
475	476
475	547
475	819
476	154
476	355
476	363
476	365
476	370
476	371
476	376
476	381
476	385
476	387
476	395
476	396
476	399
476	401
476	405
476	407
476	408
476	410
476	414
476	416
476	421
476	423
476	428
476	429
476	432
476	444
476	449
476	450
476	451
476	452
476	453
476	455
476	456
476	461
476	462
476	463
476	465
476	468
476	471
476	473
476	474
476	475
476	477
476	622
477	349
477	350
477	365
477	376
477	381
477	384
477	385
477	389
477	391
477	394
477	398
477	401
477	402
477	403
477	405
477	406
477	413
477	414
477	418
477	419
477	420
477	421
477	422
477	424
477	426
477	433
477	436
477	440
477	443
477	445
477	449
477	453
477	454
477	455
477	459
477	460
477	463
477	465
477	466
477	469
477	474
477	476
477	634
477	735
478	592
478	607
478	670
478	681
478	684
478	725
478	732
478	735
478	741
478	742
479	534
479	540
479	547
479	555
479	596
479	641
479	715
479	717
479	733
479	736
480	504
480	596
480	599
480	649
480	650
480	670
480	683
480	696
480	757
480	762
481	65
481	542
481	597
481	612
481	636
481	645
481	674
481	756
481	758
481	763
482	341
482	501
482	517
482	561
482	622
482	650
482	748
482	756
482	759
482	765
483	555
483	591
483	596
483	631
483	671
483	674
483	721
483	725
483	748
483	757
484	550
484	595
484	608
484	648
484	650
484	658
484	722
484	748
484	759
484	765
485	616
485	631
485	645
485	688
485	703
485	721
485	734
485	750
485	752
485	762
486	562
486	676
486	698
486	719
486	739
486	751
486	753
486	758
486	759
486	765
487	559
487	622
487	623
487	651
487	707
487	739
487	747
487	753
487	760
487	937
488	443
488	508
488	534
488	629
488	704
488	709
488	712
488	713
488	759
488	765
489	550
489	593
489	618
489	684
489	731
489	732
489	735
489	737
489	758
489	763
490	540
490	567
490	569
490	652
490	653
490	728
490	741
490	751
490	752
490	761
491	333
491	494
491	642
491	644
491	696
491	713
491	752
491	759
491	761
491	762
492	610
492	646
492	694
492	695
492	721
492	730
492	738
492	752
492	761
492	762
493	301
493	518
493	520
493	644
493	672
493	692
493	712
493	737
493	747
493	750
494	471
494	491
494	519
494	552
494	557
494	721
494	728
494	741
494	744
494	746
495	150
495	665
495	705
495	713
495	720
495	740
495	744
495	754
495	759
495	765
496	503
496	616
496	645
496	647
496	652
496	660
496	674
496	729
496	740
496	741
497	514
497	529
497	535
497	599
497	631
497	665
497	747
497	755
497	756
498	343
498	520
498	558
498	657
498	678
498	685
498	748
498	749
498	754
498	759
499	502
499	549
499	627
499	642
499	692
499	725
499	738
499	750
499	751
499	752
500	511
500	576
500	611
500	628
500	638
500	664
500	689
500	711
500	751
500	763
501	408
501	482
501	645
501	683
501	700
501	724
501	730
501	732
501	733
501	736
502	315
502	499
502	603
502	613
502	684
502	731
502	732
502	735
502	736
502	737
503	496
503	563
503	569
503	637
503	646
503	707
503	738
503	741
503	756
503	761
504	470
504	480
504	556
504	581
504	611
504	687
504	690
504	737
504	752
504	765
505	130
505	537
505	572
505	612
505	654
505	658
505	664
505	666
505	701
505	712
506	592
506	646
506	662
506	698
506	716
506	740
506	758
506	759
506	760
506	879
507	641
507	647
507	651
507	689
507	705
507	711
507	743
507	758
507	762
507	765
508	488
508	678
508	682
508	690
508	716
508	718
508	742
508	744
508	749
508	754
508	758
509	207
509	522
509	585
509	627
509	669
509	670
509	729
509	731
509	732
509	735
509	737
510	555
510	556
510	579
510	612
510	624
510	644
510	680
510	699
510	701
510	713
510	757
511	47
511	500
511	515
511	589
511	592
511	610
511	617
511	648
511	653
511	741
511	760
512	555
512	619
512	621
512	630
512	669
512	697
512	701
512	725
512	743
512	747
512	751
513	417
513	606
513	647
513	695
513	705
513	707
513	724
513	728
513	757
513	760
513	763
514	497
514	528
514	613
514	629
514	636
514	637
514	669
514	708
514	745
514	753
514	757
515	178
515	511
515	593
515	611
515	627
515	641
515	671
515	690
515	739
515	743
515	760
516	580
516	610
516	633
516	663
516	670
516	676
516	680
516	710
516	733
516	744
516	764
517	482
517	582
517	587
517	593
517	684
517	725
517	731
517	735
517	737
517	759
517	836
518	493
518	555
518	663
518	692
518	696
518	697
518	698
518	721
518	747
518	753
518	764
519	345
519	494
519	607
519	691
519	726
519	739
519	751
519	752
519	755
519	756
519	762
520	493
520	498
520	583
520	692
520	693
520	702
520	717
520	724
520	746
520	750
520	764
521	389
521	536
521	547
521	672
521	682
521	696
521	702
521	722
521	746
521	750
521	758
522	132
522	509
522	566
522	577
522	636
522	675
522	680
522	697
522	716
522	753
522	764
523	448
523	567
523	581
523	643
523	683
523	714
523	718
523	726
523	735
523	760
523	765
524	258
524	603
524	613
524	617
524	671
524	724
524	728
524	738
524	756
524	757
524	762
525	198
525	547
525	604
525	664
525	681
525	705
525	728
525	738
525	752
525	756
525	761
526	535
526	601
526	641
526	653
526	701
526	707
526	710
526	729
526	755
526	759
526	764
527	620
527	632
527	656
527	673
527	680
527	694
527	716
527	726
527	728
527	747
527	753
528	49
528	514
528	533
528	554
528	599
528	614
528	653
528	668
528	715
528	741
528	757
529	270
529	497
529	628
529	647
529	679
529	717
529	724
529	731
529	733
529	736
529	743
530	543
530	546
530	547
530	565
530	574
530	654
530	657
530	663
530	706
530	742
530	887
531	42
531	544
531	552
531	594
531	633
531	656
531	678
531	708
531	712
531	748
531	754
532	397
532	537
532	580
532	609
532	691
532	692
532	709
532	715
532	739
532	755
532	764
533	426
533	528
533	563
533	634
533	646
533	664
533	669
533	699
533	728
533	756
533	757
534	479
534	488
534	588
534	648
534	655
534	669
534	690
534	718
534	754
534	759
534	932
535	497
535	526
535	575
535	615
535	667
535	697
535	698
535	713
535	730
535	752
535	785
536	465
536	521
536	567
536	610
536	621
536	639
536	712
536	726
536	756
536	762
536	763
537	505
537	532
537	635
537	668
537	669
537	674
537	685
537	687
537	701
537	752
537	764
538	598
538	618
538	670
538	680
538	705
538	731
538	732
538	735
538	737
538	749
538	980
539	440
539	592
539	596
539	634
539	649
539	663
539	682
539	699
539	709
539	713
539	757
540	479
540	490
540	586
540	613
540	641
540	679
540	688
540	709
540	724
540	736
540	996
541	201
541	546
541	604
541	674
541	706
541	738
541	749
541	756
541	761
541	762
541	765
542	169
542	481
542	547
542	578
542	621
542	631
542	644
542	678
542	682
542	690
542	701
542	716
543	314
543	530
543	586
543	605
543	742
543	744
543	748
543	749
543	754
543	757
543	761
543	765
544	469
544	531
544	676
544	695
544	723
544	725
544	729
544	739
544	742
544	745
544	748
544	765
545	605
545	622
545	667
545	713
545	718
545	738
545	751
545	758
545	759
545	761
545	765
545	854
546	530
546	541
546	591
546	633
546	654
546	655
546	698
546	709
546	719
546	731
546	747
546	755
547	475
547	479
547	521
547	525
547	530
547	542
547	629
547	631
547	676
547	716
547	755
547	763
548	602
548	605
548	611
548	663
548	678
548	692
548	694
548	702
548	715
548	746
548	750
548	754
549	499
549	574
549	664
549	718
549	722
549	728
549	750
549	751
549	756
549	761
549	762
549	814
550	484
550	489
550	612
550	644
550	657
550	713
550	735
550	742
550	744
550	745
550	749
550	765
551	112
551	576
551	579
551	606
551	627
551	680
551	714
551	726
551	727
551	729
551	746
551	758
552	437
552	494
552	531
552	591
552	672
552	701
552	715
552	722
552	743
552	746
552	750
552	761
553	577
553	639
553	648
553	684
553	705
553	712
553	726
553	734
553	747
553	759
553	760
553	763
554	373
554	528
554	578
554	584
554	619
554	674
554	682
554	686
554	692
554	708
554	742
554	763
555	174
555	479
555	483
555	510
555	512
555	518
555	610
555	637
555	638
555	669
555	690
555	696
556	325
556	504
556	510
556	570
556	619
556	635
556	652
556	671
556	681
556	725
556	726
556	757
557	458
557	494
557	571
557	613
557	668
557	670
557	697
557	698
557	731
557	732
557	735
557	746
558	498
558	600
558	619
558	667
558	668
558	672
558	678
558	702
558	715
558	746
558	750
558	761
559	390
559	487
559	566
559	575
559	608
559	628
559	629
559	657
559	683
559	736
559	753
559	764
560	576
560	609
560	617
560	654
560	697
560	709
560	712
560	732
560	739
560	748
560	753
560	762
561	482
561	598
561	657
561	668
561	692
561	693
561	696
561	705
561	722
561	746
561	750
561	945
562	486
562	575
562	676
562	687
562	698
562	699
562	719
562	738
562	740
562	745
562	747
562	764
563	503
563	533
563	585
563	589
563	607
563	608
563	618
563	726
563	731
563	732
563	737
563	750
564	587
564	609
564	620
564	672
564	681
564	694
564	698
564	707
564	710
564	736
564	743
564	760
565	530
565	660
565	683
565	689
565	704
565	711
565	712
565	721
565	743
565	761
565	763
565	942
566	522
566	559
566	590
566	599
566	657
566	661
566	694
566	719
566	723
566	733
566	752
566	757
567	490
567	523
567	536
567	585
567	631
567	652
567	672
567	720
567	723
567	728
567	729
567	740
567	763
568	605
568	623
568	704
568	705
568	711
568	726
568	727
568	737
568	738
568	757
568	758
568	760
568	935
569	490
569	503
569	599
569	706
569	723
569	727
569	732
569	734
569	737
569	740
569	752
569	762
569	997
570	556
570	577
570	622
570	651
570	663
570	671
570	679
570	686
570	717
570	723
570	730
570	733
570	736
571	557
571	577
571	582
571	587
571	589
571	608
571	645
571	731
571	732
571	735
571	737
571	739
571	744
572	184
572	505
572	610
572	645
572	647
572	660
572	685
572	718
572	720
572	729
572	754
572	761
572	765
573	146
573	632
573	682
573	687
573	704
573	710
573	737
573	745
573	748
573	749
573	753
573	754
573	765
574	530
574	549
574	575
574	580
574	588
574	657
574	710
574	714
574	730
574	739
574	748
574	753
574	755
575	324
575	535
575	559
575	562
575	574
575	621
575	639
575	657
575	711
575	732
575	739
575	740
575	755
576	500
576	551
576	560
576	629
576	656
576	709
576	712
576	716
576	739
576	740
576	748
576	753
576	755
577	522
577	553
577	570
577	571
577	654
577	674
577	688
577	717
577	724
577	730
577	733
577	736
577	739
578	473
578	542
578	554
578	623
578	633
578	658
578	687
578	690
578	708
578	724
578	747
578	757
578	761
579	510
579	551
579	619
579	649
579	669
579	676
579	677
579	681
579	690
579	700
579	701
579	737
579	760
580	113
580	516
580	532
580	574
580	625
580	638
580	656
580	669
580	680
580	719
580	746
580	748
580	764
581	504
581	523
581	619
581	620
581	639
581	671
581	682
581	687
581	696
581	701
581	725
581	736
581	745
582	517
582	571
582	587
582	618
582	668
582	670
582	691
582	723
582	728
582	731
582	735
582	737
582	755
583	520
583	644
583	672
583	673
583	685
583	702
583	708
583	711
583	715
583	721
583	722
583	746
583	750
584	554
584	655
584	657
584	667
584	683
584	690
584	695
584	701
584	706
584	718
584	742
584	744
584	754
585	183
585	509
585	563
585	567
585	615
585	618
585	670
585	682
585	684
585	732
585	735
585	737
585	747
585	764
586	540
586	543
586	617
586	628
586	632
586	684
586	716
586	719
586	728
586	734
586	738
586	741
586	761
586	762
587	175
587	517
587	564
587	571
587	582
587	599
587	616
587	684
587	699
587	731
587	732
587	735
587	737
587	754
588	188
588	534
588	574
588	601
588	614
588	629
588	698
588	702
588	744
588	745
588	748
588	754
588	755
588	759
589	86
589	511
589	563
589	571
589	625
589	632
589	651
589	670
589	673
589	686
589	688
589	724
589	730
589	733
590	176
590	566
590	612
590	646
590	654
590	661
590	685
590	686
590	694
590	707
590	710
590	716
590	742
590	764
591	67
591	483
591	546
591	552
591	605
591	675
591	689
591	692
591	693
591	710
591	722
591	723
591	746
591	750
592	478
592	506
592	511
592	539
592	595
592	635
592	659
592	711
592	712
592	716
592	726
592	756
592	758
592	898
593	489
593	515
593	517
593	603
593	609
593	678
593	695
593	742
593	744
593	745
593	749
593	754
593	760
593	967
594	58
594	531
594	617
594	661
594	678
594	696
594	704
594	740
594	742
594	744
594	748
594	749
594	754
594	758
595	164
595	484
595	592
595	614
595	665
595	713
595	744
595	745
595	746
595	748
595	749
595	757
595	759
595	765
596	479
596	480
596	483
596	539
596	669
596	671
596	689
596	699
596	702
596	726
596	729
596	757
596	762
596	969
597	481
597	600
597	603
597	619
597	634
597	664
597	671
597	677
597	699
597	704
597	709
597	731
597	757
597	990
598	142
598	538
598	561
598	649
598	673
598	677
598	679
598	686
598	688
598	700
598	730
598	736
598	739
598	746
599	480
599	497
599	528
599	566
599	569
599	587
599	606
599	619
599	677
599	687
599	690
599	719
599	725
599	807
600	165
600	558
600	597
600	621
600	660
600	662
600	668
600	692
600	700
600	715
600	722
600	723
600	746
600	750
601	178
601	526
601	588
601	667
601	679
601	704
601	710
601	718
601	736
601	744
601	745
601	758
601	759
601	765
602	165
602	548
602	626
602	642
602	657
602	658
602	668
602	677
602	692
602	693
602	717
602	746
602	750
602	754
603	316
603	502
603	524
603	593
603	597
603	694
603	704
603	711
603	720
603	742
603	745
603	749
603	754
603	759
603	765
604	469
604	525
604	541
604	628
604	640
604	653
604	663
604	697
604	703
604	709
604	714
604	751
604	752
604	756
604	761
605	229
605	543
605	545
605	548
605	568
605	591
605	629
605	688
605	692
605	693
605	696
605	702
605	722
605	746
605	750
606	513
606	551
606	599
606	620
606	626
606	640
606	645
606	647
606	656
606	663
606	685
606	714
606	723
606	747
606	837
607	446
607	478
607	519
607	563
607	608
607	652
607	661
607	670
607	713
607	727
607	731
607	732
607	735
607	737
607	750
608	312
608	484
608	559
608	563
608	571
608	607
608	613
608	648
608	656
608	689
608	731
608	732
608	735
608	737
608	763
609	532
609	560
609	564
609	593
609	631
609	667
609	680
609	716
609	724
609	738
609	739
609	745
609	747
609	764
609	948
610	492
610	511
610	516
610	536
610	555
610	572
610	627
610	687
610	705
610	726
610	729
610	738
610	743
610	760
610	762
611	500
611	504
611	515
611	548
611	652
611	659
611	702
611	712
611	724
611	728
611	740
611	756
611	760
611	763
611	961
612	481
612	505
612	510
612	550
612	590
612	614
612	669
612	690
612	708
612	712
612	725
612	727
612	740
612	764
612	907
613	502
613	514
613	524
613	540
613	557
613	608
613	618
613	623
613	693
613	701
613	731
613	732
613	735
613	737
613	985
614	528
614	588
614	595
614	612
614	637
614	644
614	658
614	664
614	690
614	695
614	699
614	708
614	718
614	757
614	906
615	416
615	535
615	585
615	627
615	657
615	661
615	675
615	681
615	683
615	714
615	723
615	740
615	760
615	763
615	764
616	485
616	496
616	587
616	624
616	662
616	706
616	734
616	742
616	750
616	751
616	752
616	755
616	756
616	761
616	992
617	511
617	524
617	560
617	586
617	594
617	682
617	703
617	711
617	734
617	738
617	741
617	751
617	752
617	762
617	764
618	181
618	489
618	538
618	563
618	582
618	585
618	613
618	650
618	679
618	684
618	691
618	710
618	732
618	737
618	755
619	512
619	554
619	556
619	558
619	579
619	581
619	597
619	599
619	674
619	681
619	682
619	696
619	719
619	741
619	744
619	750
620	405
620	527
620	564
620	581
620	606
620	634
620	650
620	654
620	665
620	681
620	695
620	697
620	716
620	751
620	764
620	765
621	213
621	512
621	536
621	542
621	575
621	600
621	626
621	634
621	635
621	649
621	658
621	673
621	685
621	696
621	707
621	725
622	476
622	482
622	487
622	545
622	570
622	648
622	655
622	676
622	695
622	703
622	712
622	713
622	718
622	729
622	748
622	759
623	487
623	568
623	578
623	613
623	625
623	639
623	645
623	660
623	662
623	672
623	689
623	713
623	729
623	760
623	763
623	765
624	22
624	510
624	616
624	630
624	635
624	662
624	686
624	708
624	721
624	724
624	728
624	734
624	738
624	741
624	756
624	762
625	84
625	580
625	589
625	623
625	651
625	686
625	688
625	689
625	700
625	715
625	717
625	724
625	731
625	732
625	733
625	736
626	323
626	602
626	606
626	621
626	644
626	668
626	688
626	702
626	708
626	715
626	722
626	727
626	746
626	748
626	750
626	753
627	75
627	499
627	509
627	515
627	551
627	610
627	615
627	639
627	645
627	662
627	707
627	723
627	744
627	748
627	755
627	763
628	500
628	529
628	559
628	586
628	604
628	649
628	683
628	697
628	715
628	721
628	728
628	751
628	752
628	756
628	761
628	762
629	488
629	514
629	547
629	559
629	576
629	588
629	605
629	661
629	676
629	691
629	697
629	711
629	742
629	747
629	751
629	755
629	764
630	78
630	512
630	624
630	641
630	643
630	651
630	658
630	679
630	688
630	700
630	701
630	717
630	730
630	733
630	736
630	739
630	751
631	483
631	485
631	497
631	542
631	547
631	567
631	609
631	656
631	676
631	701
631	703
631	709
631	739
631	747
631	755
631	762
631	764
632	527
632	573
632	586
632	589
632	633
632	659
632	667
632	678
632	684
632	705
632	718
632	742
632	749
632	754
632	759
632	765
632	951
633	516
633	531
633	546
633	578
633	632
633	647
633	695
633	704
633	713
633	718
633	742
633	745
633	753
633	756
633	759
633	765
633	769
634	477
634	533
634	539
634	597
634	620
634	621
634	649
634	655
634	663
634	664
634	682
634	692
634	697
634	698
634	725
634	757
634	762
635	372
635	537
635	556
635	592
635	621
635	624
635	636
635	667
635	671
635	674
635	696
635	725
635	739
635	745
635	749
635	751
635	757
636	481
636	514
636	522
636	635
636	658
636	671
636	687
636	690
636	696
636	700
636	708
636	713
636	722
636	725
636	734
636	764
636	950
637	173
637	503
637	514
637	555
637	614
637	653
637	659
637	671
637	680
637	684
637	687
637	696
637	701
637	725
637	746
637	747
637	757
638	40
638	500
638	555
638	580
638	657
638	699
638	703
638	706
638	721
638	732
638	734
638	738
638	741
638	750
638	751
638	761
638	762
639	383
639	536
639	553
639	575
639	581
639	623
639	627
639	641
639	705
639	723
639	727
639	729
639	730
639	736
639	741
639	747
639	758
640	604
640	606
640	646
640	662
640	664
640	666
640	672
640	674
640	707
640	712
640	714
640	717
640	726
640	727
640	729
640	740
640	758
641	73
641	479
641	507
641	515
641	526
641	540
641	630
641	639
641	643
641	673
641	686
641	687
641	700
641	720
641	722
641	724
641	733
641	763
642	491
642	499
642	602
642	649
642	692
642	706
642	714
642	734
642	738
642	741
642	746
642	752
642	756
642	759
642	761
642	762
642	765
642	914
643	523
643	630
643	641
643	673
643	679
643	688
643	695
643	708
643	717
643	724
643	730
643	733
643	736
643	749
643	750
643	755
643	763
643	800
644	147
644	491
644	493
644	510
644	542
644	550
644	583
644	614
644	626
644	664
644	672
644	692
644	702
644	715
644	722
644	741
644	746
644	750
645	289
645	481
645	485
645	496
645	501
645	571
645	572
645	606
645	623
645	627
645	648
645	659
645	666
645	704
645	743
645	745
645	748
645	758
646	492
646	503
646	506
646	533
646	590
646	640
646	652
646	691
646	703
646	733
646	734
646	741
646	751
646	753
646	756
646	761
646	762
646	830
647	439
647	496
647	507
647	513
647	529
647	572
647	606
647	633
647	705
647	711
647	712
647	720
647	731
647	732
647	735
647	744
647	758
647	761
648	393
648	484
648	511
648	534
648	553
648	608
648	622
648	645
648	659
648	675
648	712
648	723
648	729
648	736
648	743
648	751
648	758
648	761
649	480
649	539
649	579
649	598
649	621
649	628
649	634
649	642
649	664
649	671
649	676
649	690
649	699
649	720
649	735
649	757
649	759
649	953
650	430
650	480
650	482
650	484
650	618
650	620
650	660
650	662
650	668
650	678
650	694
650	713
650	736
650	742
650	744
650	748
650	749
650	754
651	109
651	487
651	507
651	570
651	589
651	625
651	630
651	683
651	688
651	700
651	717
651	726
651	730
651	733
651	735
651	736
651	738
651	749
652	490
652	496
652	556
652	567
652	607
652	611
652	646
652	655
652	674
652	675
652	685
652	689
652	690
652	711
652	758
652	760
652	763
652	987
653	450
653	490
653	511
653	526
653	528
653	604
653	637
653	658
653	661
653	665
653	680
653	686
653	694
653	697
653	719
653	732
653	739
653	753
653	764
654	9
654	505
654	530
654	546
654	560
654	577
654	590
654	620
654	662
654	665
654	688
654	700
654	710
654	734
654	739
654	751
654	753
654	755
654	764
655	139
655	534
655	546
655	584
655	622
655	634
655	652
655	678
655	695
655	699
655	709
655	720
655	744
655	747
655	748
655	750
655	754
655	759
655	765
656	161
656	527
656	531
656	576
656	580
656	606
656	608
656	631
656	676
656	697
656	698
656	702
656	719
656	722
656	732
656	739
656	745
656	747
656	761
657	32
657	498
657	530
657	550
657	559
657	561
657	566
657	574
657	575
657	584
657	602
657	615
657	638
657	680
657	716
657	739
657	749
657	755
657	764
658	484
658	505
658	578
658	602
658	614
658	621
658	630
658	636
658	653
658	669
658	674
658	677
658	690
658	708
658	738
658	745
658	757
658	760
658	968
659	176
659	592
659	611
659	632
659	637
659	645
659	648
659	665
659	666
659	675
659	679
659	699
659	726
659	731
659	740
659	743
659	748
659	749
659	760
660	153
660	496
660	565
660	572
660	600
660	623
660	650
660	666
660	669
660	672
660	689
660	711
660	720
660	729
660	743
660	749
660	753
660	759
660	763
661	263
661	566
661	590
661	594
661	607
661	615
661	629
661	653
661	680
661	693
661	697
661	709
661	710
661	726
661	743
661	746
661	755
661	756
661	764
662	435
662	506
662	600
662	616
662	623
662	624
662	627
662	640
662	650
662	654
662	675
662	680
662	689
662	720
662	726
662	727
662	729
662	734
662	765
663	401
663	516
663	518
663	530
663	539
663	548
663	570
663	604
663	606
663	634
663	676
663	681
663	707
663	709
663	716
663	728
663	753
663	755
663	760
663	764
664	500
664	505
664	525
664	533
664	549
664	597
664	614
664	634
664	640
664	644
664	649
664	667
664	671
664	677
664	682
664	696
664	698
664	717
664	725
664	916
665	344
665	495
665	497
665	595
665	620
665	653
665	654
665	659
665	669
665	680
665	694
665	698
665	707
665	730
665	745
665	747
665	753
665	755
665	758
665	763
666	505
666	640
666	645
666	659
666	660
666	681
666	683
666	685
666	687
666	700
666	703
666	705
666	723
666	729
666	743
666	747
666	751
666	757
666	758
666	871
667	74
667	535
667	545
667	558
667	584
667	601
667	609
667	632
667	635
667	664
667	704
667	710
667	718
667	742
667	743
667	745
667	749
667	754
667	756
667	765
668	283
668	528
668	537
668	557
668	558
668	561
668	582
668	600
668	602
668	626
668	650
668	693
668	702
668	715
668	722
668	745
668	746
668	747
668	750
668	751
669	53
669	509
669	512
669	514
669	533
669	534
669	537
669	555
669	579
669	580
669	596
669	612
669	658
669	660
669	665
669	674
669	682
669	720
669	740
669	762
670	135
670	478
670	480
670	509
670	516
670	538
670	557
670	582
670	585
670	589
670	607
670	683
670	684
670	731
670	733
670	735
670	737
670	753
670	754
670	760
671	177
671	483
671	515
671	524
671	556
671	570
671	581
671	596
671	597
671	635
671	636
671	637
671	649
671	664
671	684
671	699
671	705
671	719
671	725
671	745
671	748
672	160
672	493
672	521
672	552
672	558
672	564
672	567
672	583
672	623
672	640
672	644
672	660
672	693
672	715
672	720
672	722
672	725
672	736
672	746
672	750
672	758
673	127
673	527
673	583
673	589
673	598
673	621
673	641
673	643
673	679
673	686
673	687
673	700
673	712
673	724
673	727
673	730
673	733
673	736
673	737
673	758
673	765
674	481
674	483
674	496
674	537
674	541
674	554
674	577
674	619
674	635
674	640
674	652
674	658
674	669
674	682
674	687
674	701
674	704
674	726
674	757
674	760
674	936
675	522
675	591
675	615
675	648
675	652
675	659
675	662
675	685
675	691
675	694
675	695
675	701
675	720
675	726
675	727
675	731
675	732
675	758
675	760
675	761
675	763
675	991
676	29
676	486
676	516
676	544
676	547
676	562
676	579
676	622
676	629
676	631
676	649
676	656
676	663
676	694
676	720
676	721
676	739
676	743
676	744
676	747
676	757
676	764
677	260
677	579
677	597
677	598
677	599
677	602
677	658
677	664
677	682
677	683
677	685
677	687
677	690
677	696
677	701
677	708
677	737
677	741
677	752
677	753
677	755
677	757
678	498
678	508
678	531
678	542
678	548
678	558
678	593
678	594
678	632
678	650
678	655
678	720
678	721
678	723
678	734
678	745
678	747
678	749
678	753
678	754
678	759
678	765
678	991
679	222
679	529
679	540
679	570
679	598
679	601
679	618
679	630
679	643
679	659
679	673
679	686
679	697
679	700
679	717
679	724
679	728
679	730
679	732
679	736
679	740
679	756
679	761
680	262
680	510
680	516
680	522
680	527
680	538
680	551
680	580
680	609
680	637
680	653
680	657
680	661
680	662
680	665
680	692
680	700
680	707
680	710
680	734
680	739
680	747
680	760
681	478
681	525
681	556
681	564
681	579
681	615
681	619
681	620
681	663
681	666
681	694
681	697
681	710
681	714
681	718
681	719
681	739
681	740
681	747
681	749
681	755
681	764
681	865
682	178
682	508
682	521
682	539
682	542
682	554
682	573
682	581
682	585
682	617
682	619
682	634
682	664
682	669
682	674
682	677
682	693
682	696
682	699
682	702
682	713
682	725
682	758
683	257
683	321
683	480
683	501
683	523
683	559
683	565
683	584
683	615
683	628
683	651
683	666
683	670
683	677
683	685
683	712
683	727
683	729
683	740
683	743
683	752
683	758
683	763
684	478
684	489
684	502
684	517
684	553
684	585
684	586
684	587
684	618
684	632
684	637
684	670
684	671
684	718
684	724
684	725
684	731
684	732
684	735
684	737
684	741
684	761
684	970
685	153
685	498
685	537
685	572
685	583
685	590
685	606
685	621
685	652
685	666
685	675
685	677
685	683
685	693
685	711
685	714
685	723
685	743
685	747
685	750
685	758
685	760
685	763
686	554
686	570
686	589
686	590
686	598
686	624
686	625
686	641
686	653
686	673
686	679
686	688
686	700
686	705
686	717
686	719
686	730
686	733
686	736
686	737
686	755
686	764
686	867
687	504
687	537
687	562
687	573
687	578
687	581
687	599
687	610
687	636
687	637
687	641
687	666
687	673
687	674
687	677
687	689
687	699
687	701
687	704
687	708
687	723
687	752
687	757
687	856
688	238
688	485
688	540
688	577
688	589
688	598
688	605
688	625
688	626
688	630
688	643
688	651
688	654
688	686
688	715
688	717
688	721
688	724
688	729
688	730
688	733
688	736
688	739
688	744
689	500
689	507
689	565
689	591
689	596
689	608
689	623
689	625
689	652
689	660
689	662
689	687
689	704
689	723
689	727
689	731
689	738
689	740
689	743
689	747
689	753
689	760
689	763
689	883
690	504
690	508
690	515
690	534
690	542
690	555
690	578
690	579
690	584
690	599
690	612
690	614
690	636
690	649
690	652
690	658
690	677
690	700
690	708
690	753
690	760
690	764
690	988
690	1000
691	466
691	519
691	532
691	582
691	618
691	629
691	646
691	675
691	701
691	703
691	708
691	710
691	713
691	720
691	721
691	728
691	734
691	738
691	741
691	751
691	752
691	756
691	761
691	762
692	199
692	493
692	499
692	518
692	520
692	532
692	548
692	554
692	561
692	591
692	600
692	602
692	605
692	634
692	642
692	644
692	680
692	693
692	715
692	722
692	733
692	738
692	746
692	750
692	760
693	240
693	296
693	520
693	561
693	591
693	602
693	605
693	613
693	661
693	668
693	672
693	682
693	685
693	692
693	702
693	709
693	714
693	715
693	722
693	730
693	733
693	735
693	739
693	746
693	750
694	341
694	492
694	527
694	548
694	564
694	566
694	590
694	603
694	650
694	653
694	665
694	675
694	676
694	681
694	697
694	698
694	710
694	717
694	727
694	730
694	737
694	738
694	747
694	753
694	764
695	454
695	492
695	513
695	544
695	584
695	593
695	614
695	620
695	622
695	633
695	643
695	655
695	675
695	704
695	713
695	718
695	719
695	743
695	745
695	748
695	749
695	753
695	759
695	764
695	765
696	245
696	407
696	480
696	491
696	518
696	521
696	555
696	561
696	581
696	594
696	605
696	619
696	621
696	635
696	636
696	637
696	664
696	677
696	682
696	699
696	706
696	708
696	731
696	757
696	759
697	291
697	512
697	518
697	522
697	535
697	557
697	560
697	604
697	620
697	628
697	629
697	634
697	653
697	656
697	661
697	679
697	681
697	694
697	708
697	709
697	719
697	729
697	753
697	756
697	761
698	486
698	506
698	518
698	535
698	546
698	557
698	562
698	564
698	588
698	634
698	656
698	664
698	665
698	694
698	707
698	709
698	715
698	716
698	719
698	737
698	743
698	748
698	755
698	758
698	833
699	412
699	510
699	533
699	539
699	562
699	587
699	596
699	597
699	614
699	638
699	649
699	655
699	659
699	671
699	682
699	687
699	696
699	701
699	708
699	711
699	719
699	725
699	739
699	742
699	752
700	501
700	579
700	598
700	600
700	625
700	630
700	636
700	641
700	651
700	654
700	666
700	673
700	679
700	680
700	686
700	690
700	701
700	717
700	724
700	730
700	733
700	736
700	751
700	765
700	944
701	431
701	505
701	510
701	512
701	526
701	537
701	542
701	552
701	579
701	581
701	584
701	613
701	630
701	631
701	637
701	674
701	675
701	677
701	687
701	691
701	699
701	700
701	722
701	757
701	763
702	342
702	520
702	521
702	548
702	558
702	583
702	588
702	596
702	605
702	611
702	626
702	644
702	656
702	668
702	682
702	693
702	703
702	706
702	708
702	715
702	719
702	722
702	736
702	746
702	750
702	764
703	284
703	485
703	604
703	617
703	622
703	631
703	638
703	646
703	666
703	691
703	702
703	706
703	709
703	721
703	727
703	732
703	734
703	741
703	743
703	751
703	752
703	756
703	761
703	762
703	763
703	764
704	488
704	565
704	568
704	573
704	594
704	597
704	601
704	603
704	633
704	645
704	667
704	674
704	687
704	689
704	695
704	727
704	730
704	733
704	742
704	744
704	748
704	749
704	759
704	760
704	765
704	1000
705	404
705	495
705	507
705	513
705	525
705	538
705	553
705	561
705	568
705	610
705	632
705	639
705	647
705	666
705	671
705	686
705	712
705	714
705	720
705	727
705	734
705	740
705	744
705	763
705	764
705	765
706	272
706	530
706	541
706	569
706	584
706	616
706	638
706	642
706	696
706	702
706	703
706	707
706	721
706	725
706	728
706	734
706	739
706	741
706	748
706	751
706	752
706	756
706	760
706	761
706	763
706	933
707	487
707	503
707	513
707	526
707	564
707	590
707	621
707	627
707	640
707	663
707	665
707	680
707	698
707	706
707	709
707	710
707	714
707	716
707	719
707	723
707	731
707	747
707	753
707	760
707	763
707	764
707	889
708	514
708	531
708	554
708	578
708	583
708	612
708	614
708	624
708	626
708	636
708	643
708	658
708	677
708	687
708	690
708	691
708	696
708	697
708	699
708	702
708	714
708	722
708	725
708	729
708	757
708	967
708	993
709	488
709	532
709	539
709	540
709	546
709	560
709	576
709	597
709	604
709	631
709	655
709	661
709	663
709	693
709	697
709	698
709	703
709	707
709	716
709	738
709	739
709	753
709	754
709	755
709	764
709	796
709	825
710	516
710	526
710	564
710	573
710	574
710	590
710	591
710	601
710	618
710	654
710	661
710	667
710	680
710	681
710	691
710	694
710	707
710	712
710	716
710	719
710	729
710	738
710	747
710	750
710	753
710	754
710	978
711	500
711	507
711	565
711	568
711	575
711	583
711	592
711	603
711	617
711	629
711	647
711	652
711	660
711	685
711	699
711	714
711	717
711	720
711	726
711	727
711	740
711	742
711	743
711	753
711	756
711	758
711	764
711	979
712	459
712	488
712	493
712	505
712	531
712	536
712	553
712	560
712	565
712	576
712	592
712	611
712	612
712	622
712	640
712	647
712	648
712	673
712	683
712	705
712	710
712	723
712	726
712	740
712	743
712	748
712	758
712	763
713	342
713	488
713	491
713	495
713	510
713	535
713	539
713	545
713	550
713	595
713	607
713	622
713	623
713	633
713	636
713	650
713	682
713	691
713	695
713	735
713	742
713	745
713	748
713	749
713	752
713	757
713	759
713	765
714	523
714	551
714	574
714	604
714	606
714	615
714	640
714	642
714	681
714	685
714	693
714	705
714	707
714	708
714	711
714	717
714	720
714	722
714	726
714	727
714	740
714	743
714	758
714	761
714	762
714	763
714	797
714	963
715	151
715	411
715	479
715	528
715	532
715	548
715	552
715	558
715	583
715	600
715	625
715	626
715	628
715	644
715	668
715	672
715	688
715	692
715	693
715	698
715	702
715	722
715	742
715	744
715	746
715	750
715	752
715	762
716	299
716	379
716	506
716	508
716	522
716	527
716	542
716	547
716	576
716	586
716	590
716	592
716	609
716	620
716	657
716	663
716	698
716	707
716	709
716	710
716	742
716	749
716	751
716	752
716	753
716	755
716	756
716	757
716	764
717	479
717	520
717	529
717	570
717	577
717	602
717	625
717	630
717	640
717	643
717	651
717	664
717	679
717	686
717	688
717	694
717	700
717	711
717	714
717	724
717	727
717	730
717	733
717	736
717	740
717	743
717	745
717	852
717	964
718	445
718	508
718	523
718	534
718	545
718	549
718	572
718	584
718	601
718	614
718	622
718	632
718	633
718	667
718	681
718	684
718	695
718	731
718	736
718	739
718	742
718	744
718	745
718	751
718	753
718	754
718	759
718	761
718	765
719	187
719	486
719	546
719	562
719	566
719	580
719	586
719	599
719	619
719	653
719	656
719	671
719	681
719	686
719	695
719	697
719	698
719	699
719	702
719	707
719	710
719	722
719	739
719	746
719	747
719	753
719	755
719	757
719	758
719	764
720	241
720	495
720	567
720	572
720	603
720	641
720	647
720	649
720	655
720	660
720	662
720	669
720	672
720	675
720	676
720	678
720	691
720	705
720	711
720	714
720	721
720	723
720	729
720	740
720	743
720	752
720	755
720	758
720	760
720	763
721	342
721	444
721	483
721	485
721	492
721	494
721	518
721	565
721	583
721	624
721	628
721	638
721	676
721	678
721	688
721	691
721	703
721	706
721	720
721	728
721	729
721	730
721	734
721	738
721	739
721	741
721	751
721	756
721	761
721	765
722	25
722	484
722	521
722	549
722	552
722	561
722	583
722	591
722	600
722	605
722	626
722	636
722	641
722	644
722	656
722	668
722	672
722	692
722	693
722	701
722	702
722	708
722	714
722	715
722	719
722	732
722	746
722	749
722	750
722	757
723	544
723	566
723	567
723	569
723	570
723	582
723	591
723	600
723	606
723	615
723	627
723	639
723	648
723	666
723	678
723	685
723	687
723	689
723	707
723	712
723	720
723	729
723	733
723	741
723	743
723	744
723	758
723	760
723	763
723	835
724	271
724	501
724	513
724	520
724	524
724	529
724	540
724	577
724	578
724	589
724	609
724	611
724	624
724	625
724	641
724	643
724	673
724	679
724	684
724	688
724	700
724	717
724	725
724	730
724	733
724	735
724	736
724	744
724	752
724	857
725	215
725	319
725	478
725	483
725	499
725	512
725	517
725	544
725	556
725	581
725	599
725	612
725	621
725	634
725	635
725	636
725	637
725	664
725	671
725	672
725	682
725	684
725	699
725	706
725	708
725	724
725	754
725	756
725	757
725	759
725	762
726	157
726	519
726	523
726	527
726	536
726	551
726	553
726	556
726	563
726	568
726	592
726	596
726	610
726	640
726	651
726	659
726	661
726	662
726	674
726	675
726	711
726	712
726	714
726	727
726	740
726	746
726	749
726	758
726	759
726	760
726	764
727	551
727	568
727	569
727	607
727	612
727	626
727	639
727	640
727	662
727	673
727	675
727	683
727	689
727	694
727	703
727	704
727	705
727	711
727	714
727	717
727	726
727	729
727	740
727	742
727	749
727	758
727	760
727	763
727	764
727	859
727	995
728	41
728	294
728	490
728	494
728	513
728	524
728	525
728	527
728	533
728	549
728	567
728	582
728	586
728	611
728	624
728	628
728	663
728	679
728	691
728	706
728	721
728	734
728	738
728	743
728	751
728	755
728	756
728	759
728	761
728	762
728	765
729	496
729	509
729	526
729	544
729	551
729	567
729	572
729	596
729	610
729	622
729	623
729	639
729	640
729	648
729	660
729	662
729	666
729	683
729	688
729	697
729	708
729	710
729	720
729	721
729	723
729	727
729	731
729	733
729	743
729	754
729	760
729	996
730	173
730	492
730	501
730	535
730	570
730	574
730	577
730	589
730	598
730	630
730	639
730	643
730	651
730	665
730	673
730	679
730	686
730	688
730	693
730	694
730	700
730	704
730	717
730	721
730	724
730	733
730	736
730	742
730	746
730	755
730	760
730	963
731	180
731	489
731	502
731	509
731	517
731	529
731	538
731	546
731	557
731	563
731	571
731	582
731	587
731	597
731	607
731	608
731	613
731	625
731	647
731	659
731	670
731	675
731	684
731	689
731	696
731	707
731	718
731	729
731	732
731	734
731	735
731	737
731	752
732	478
732	489
732	501
732	502
732	509
732	538
732	557
732	560
732	563
732	569
732	571
732	575
732	585
732	587
732	607
732	608
732	613
732	618
732	625
732	638
732	647
732	653
732	656
732	675
732	679
732	684
732	703
732	722
732	731
732	735
732	737
732	915
732	949
733	179
733	479
733	501
733	516
733	529
733	566
733	570
733	577
733	589
733	625
733	630
733	641
733	643
733	646
733	651
733	670
733	673
733	686
733	688
733	692
733	693
733	700
733	704
733	717
733	723
733	724
733	729
733	730
733	736
733	746
733	754
733	756
733	762
734	340
734	485
734	553
734	569
734	586
734	616
734	617
734	624
734	636
734	638
734	642
734	646
734	654
734	662
734	678
734	680
734	691
734	703
734	705
734	706
734	721
734	728
734	731
734	735
734	741
734	744
734	751
734	754
734	756
734	760
734	761
734	762
734	763
734	928
735	337
735	477
735	478
735	489
735	502
735	509
735	517
735	523
735	538
735	550
735	557
735	571
735	582
735	585
735	587
735	607
735	608
735	613
735	647
735	649
735	651
735	670
735	684
735	693
735	713
735	724
735	731
735	732
735	734
735	737
735	747
735	753
735	758
735	759
736	282
736	479
736	501
736	502
736	529
736	540
736	559
736	564
736	570
736	577
736	581
736	598
736	601
736	625
736	630
736	639
736	643
736	648
736	650
736	651
736	672
736	673
736	679
736	686
736	688
736	700
736	702
736	717
736	718
736	724
736	730
736	733
736	740
736	757
736	765
737	489
737	493
737	502
737	504
737	509
737	517
737	538
737	563
737	568
737	569
737	571
737	573
737	579
737	582
737	585
737	587
737	607
737	608
737	613
737	618
737	670
737	673
737	677
737	684
737	686
737	694
737	698
737	731
737	732
737	735
737	740
737	753
737	764
737	908
737	913
738	197
738	492
738	499
738	503
738	524
738	525
738	541
738	545
738	562
738	568
738	586
738	609
738	610
738	617
738	624
738	638
738	642
738	651
738	658
738	689
738	691
738	692
738	694
738	709
738	710
738	721
738	728
738	741
738	744
738	751
738	752
738	756
738	762
738	765
738	937
739	99
739	486
739	487
739	515
739	519
739	532
739	544
739	560
739	571
739	574
739	575
739	576
739	577
739	598
739	609
739	630
739	631
739	635
739	653
739	654
739	656
739	657
739	676
739	680
739	681
739	688
739	693
739	699
739	706
739	709
739	718
739	719
739	721
739	750
739	755
739	764
740	119
740	211
740	495
740	496
740	506
740	562
740	567
740	569
740	575
740	576
740	594
740	611
740	612
740	615
740	640
740	659
740	669
740	679
740	681
740	683
740	689
740	705
740	711
740	712
740	714
740	717
740	720
740	726
740	727
740	736
740	737
740	743
740	752
740	758
740	760
740	763
741	314
741	467
741	478
741	490
741	494
741	496
741	503
741	511
741	528
741	586
741	617
741	619
741	624
741	638
741	639
741	642
741	644
741	646
741	677
741	684
741	691
741	703
741	706
741	721
741	723
741	734
741	738
741	751
741	752
741	753
741	756
741	757
741	759
741	761
741	762
741	764
742	345
742	478
742	508
742	530
742	543
742	544
742	550
742	554
742	584
742	590
742	593
742	594
742	603
742	616
742	629
742	632
742	633
742	650
742	667
742	699
742	704
742	711
742	713
742	715
742	716
742	718
742	727
742	730
742	744
742	745
742	747
742	748
742	749
742	755
742	765
742	957
743	279
743	507
743	512
743	515
743	529
743	552
743	564
743	565
743	610
743	645
743	648
743	659
743	660
743	661
743	666
743	667
743	676
743	683
743	685
743	689
743	695
743	698
743	703
743	711
743	712
743	714
743	717
743	720
743	723
743	728
743	729
743	740
743	749
743	757
743	760
743	763
743	919
744	122
744	220
744	494
744	495
744	508
744	516
744	543
744	550
744	571
744	584
744	588
744	593
744	594
744	595
744	601
744	619
744	627
744	647
744	650
744	655
744	676
744	688
744	704
744	705
744	715
744	718
744	723
744	724
744	734
744	738
744	742
744	745
744	748
744	749
744	754
744	759
744	762
744	765
745	514
745	544
745	550
745	562
745	573
745	581
745	588
745	593
745	595
745	601
745	603
745	609
745	633
745	635
745	645
745	656
745	658
745	665
745	667
745	668
745	671
745	678
745	695
745	713
745	717
745	718
745	742
745	744
745	746
745	748
745	749
745	754
745	755
745	759
745	762
745	764
745	765
745	999
746	104
746	161
746	494
746	520
746	521
746	548
746	551
746	552
746	557
746	558
746	561
746	580
746	583
746	591
746	595
746	598
746	600
746	602
746	605
746	626
746	637
746	642
746	644
746	661
746	668
746	672
746	692
746	693
746	702
746	715
746	719
746	722
746	726
746	730
746	733
746	745
746	750
746	754
747	183
747	338
747	487
747	493
747	497
747	512
747	518
747	527
747	546
747	553
747	562
747	578
747	585
747	606
747	609
747	629
747	631
747	637
747	639
747	655
747	656
747	665
747	666
747	668
747	676
747	678
747	680
747	681
747	685
747	689
747	694
747	707
747	710
747	719
747	735
747	742
747	753
747	755
747	764
748	318
748	482
748	483
748	484
748	498
748	531
748	543
748	544
748	560
748	573
748	574
748	576
748	580
748	588
748	594
748	595
748	622
748	626
748	627
748	645
748	650
748	655
748	659
748	671
748	695
748	698
748	704
748	706
748	712
748	713
748	742
748	744
748	745
748	749
748	754
748	758
748	759
748	763
748	824
749	80
749	345
749	498
749	508
749	538
749	541
749	543
749	550
749	573
749	593
749	594
749	595
749	603
749	632
749	635
749	643
749	650
749	651
749	657
749	659
749	660
749	667
749	678
749	681
749	695
749	704
749	713
749	716
749	722
749	726
749	727
749	742
749	743
749	744
749	745
749	748
749	756
749	759
749	760
749	765
750	306
750	485
750	493
750	499
750	520
750	521
750	548
750	549
750	552
750	558
750	561
750	563
750	583
750	591
750	600
750	602
750	605
750	607
750	616
750	619
750	626
750	638
750	643
750	644
750	655
750	668
750	672
750	685
750	692
750	693
750	702
750	710
750	715
750	722
750	739
750	746
750	755
750	762
750	765
750	972
751	313
751	434
751	486
751	490
751	499
751	500
751	512
751	519
751	545
751	549
751	604
751	616
751	617
751	620
751	628
751	629
751	630
751	635
751	638
751	646
751	648
751	654
751	666
751	668
751	691
751	700
751	703
751	706
751	716
751	718
751	721
751	728
751	734
751	738
751	741
751	752
751	756
751	759
751	761
751	762
752	429
752	465
752	485
752	490
752	491
752	492
752	499
752	504
752	519
752	525
752	535
752	537
752	566
752	569
752	604
752	616
752	617
752	628
752	642
752	677
752	683
752	687
752	691
752	699
752	703
752	706
752	713
752	715
752	716
752	720
752	724
752	731
752	738
752	740
752	741
752	751
752	754
752	756
752	760
752	761
752	762
753	137
753	149
753	486
753	487
753	514
753	518
753	522
753	527
753	559
753	560
753	573
753	574
753	576
753	626
753	633
753	646
753	653
753	654
753	660
753	663
753	665
753	670
753	677
753	678
753	689
753	690
753	694
753	695
753	697
753	707
753	709
753	710
753	711
753	716
753	718
753	719
753	735
753	737
753	741
753	747
753	755
754	471
754	495
754	498
754	508
754	531
754	534
754	543
754	548
754	572
754	573
754	584
754	587
754	588
754	593
754	594
754	602
754	603
754	632
754	650
754	655
754	667
754	670
754	678
754	709
754	710
754	718
754	725
754	729
754	733
754	734
754	744
754	745
754	746
754	748
754	752
754	759
754	761
754	762
754	763
754	765
754	974
755	18
755	497
755	519
755	526
755	532
755	546
755	547
755	574
755	575
755	576
755	582
755	588
755	616
755	618
755	627
755	629
755	631
755	643
755	654
755	657
755	661
755	663
755	665
755	677
755	681
755	686
755	698
755	709
755	716
755	719
755	720
755	728
755	730
755	739
755	742
755	745
755	747
755	750
755	753
755	763
755	829
755	843
756	63
756	159
756	481
756	482
756	497
756	503
756	519
756	524
756	525
756	533
756	536
756	541
756	549
756	592
756	604
756	611
756	616
756	624
756	628
756	633
756	642
756	646
756	661
756	667
756	679
756	691
756	697
756	703
756	706
756	711
756	716
756	721
756	725
756	728
756	733
756	734
756	738
756	741
756	749
756	751
756	752
756	761
756	762
757	64
757	480
757	483
757	510
757	513
757	514
757	524
757	528
757	533
757	539
757	543
757	556
757	566
757	568
757	578
757	595
757	596
757	597
757	614
757	634
757	635
757	637
757	649
757	658
757	666
757	674
757	676
757	677
757	687
757	696
757	701
757	708
757	713
757	716
757	719
757	722
757	725
757	736
757	741
757	743
757	761
757	762
757	811
758	428
758	481
758	486
758	489
758	506
758	507
758	508
758	521
758	545
758	551
758	568
758	592
758	594
758	601
758	639
758	640
758	645
758	647
758	648
758	652
758	665
758	666
758	672
758	673
758	675
758	682
758	683
758	685
758	698
758	711
758	712
758	714
758	719
758	720
758	723
758	726
758	727
758	735
758	740
758	748
758	759
758	760
758	762
758	763
758	989
759	381
759	432
759	482
759	484
759	486
759	488
759	491
759	495
759	498
759	506
759	517
759	526
759	534
759	545
759	553
759	588
759	595
759	601
759	603
759	622
759	632
759	633
759	642
759	649
759	655
759	660
759	678
759	695
759	696
759	704
759	713
759	718
759	725
759	726
759	728
759	735
759	741
759	744
759	745
759	748
759	749
759	751
759	754
759	758
759	763
759	765
760	114
760	421
760	487
760	506
760	511
760	513
760	515
760	523
760	553
760	564
760	568
760	579
760	593
760	610
760	611
760	615
760	623
760	652
760	658
760	659
760	663
760	670
760	674
760	675
760	680
760	685
760	689
760	690
760	692
760	704
760	706
760	707
760	720
760	723
760	726
760	727
760	729
760	730
760	734
760	740
760	743
760	749
760	752
760	758
760	763
760	778
761	158
761	490
761	491
761	492
761	503
761	525
761	541
761	543
761	545
761	549
761	552
761	558
761	565
761	572
761	578
761	586
761	604
761	616
761	628
761	638
761	642
761	646
761	647
761	648
761	656
761	675
761	679
761	684
761	691
761	697
761	703
761	706
761	714
761	718
761	721
761	728
761	734
761	741
761	751
761	752
761	754
761	756
761	757
761	762
761	763
761	966
762	44
762	200
762	480
762	485
762	491
762	492
762	507
762	519
762	524
762	536
762	541
762	549
762	560
762	569
762	586
762	596
762	610
762	617
762	624
762	628
762	631
762	634
762	638
762	642
762	646
762	669
762	691
762	703
762	714
762	715
762	725
762	728
762	733
762	734
762	738
762	741
762	744
762	745
762	750
762	751
762	752
762	754
762	756
762	757
762	758
762	761
763	253
763	460
763	481
763	489
763	500
763	513
763	536
763	547
763	553
763	554
763	565
763	567
763	608
763	611
763	615
763	623
763	627
763	641
763	643
763	652
763	660
763	665
763	675
763	683
763	685
763	689
763	701
763	703
763	705
763	706
763	707
763	712
763	714
763	720
763	723
763	727
763	734
763	740
763	743
763	748
763	754
763	755
763	758
763	759
763	760
763	761
763	765
764	167
764	196
764	516
764	518
764	520
764	522
764	526
764	532
764	537
764	559
764	562
764	580
764	585
764	590
764	609
764	612
764	615
764	617
764	620
764	629
764	631
764	636
764	653
764	654
764	657
764	661
764	663
764	676
764	681
764	686
764	690
764	694
764	695
764	702
764	703
764	705
764	707
764	709
764	711
764	716
764	719
764	726
764	727
764	737
764	739
764	741
764	745
764	747
764	958
765	125
765	482
765	484
765	486
765	488
765	495
765	504
765	507
765	523
765	541
765	543
765	544
765	545
765	550
765	572
765	573
765	595
765	601
765	603
765	620
765	623
765	632
765	633
765	642
765	655
765	662
765	667
765	673
765	678
765	695
765	700
765	704
765	705
765	713
765	718
765	721
765	728
765	736
765	738
765	742
765	744
765	745
765	749
765	750
765	754
765	759
765	763
765	851
765	959
766	853
766	931
766	940
766	951
766	954
766	963
766	976
766	980
766	984
766	995
767	366
767	811
767	840
767	844
767	897
767	931
767	954
767	971
767	975
767	985
768	267
768	844
768	879
768	890
768	895
768	913
768	925
768	971
768	982
768	985
769	633
769	840
769	877
769	915
769	933
769	948
769	962
769	981
769	994
769	996
770	329
770	789
770	885
770	932
770	948
770	959
770	968
770	969
770	979
770	996
771	418
771	822
771	867
771	941
771	949
771	968
771	982
771	993
771	994
771	999
772	804
772	902
772	942
772	948
772	955
772	962
772	983
772	991
772	994
772	998
773	843
773	908
773	914
773	916
773	931
773	932
773	949
773	956
773	966
773	967
774	783
774	800
774	871
774	933
774	941
774	961
774	969
774	978
774	990
774	995
775	826
775	880
775	887
775	899
775	946
775	957
775	960
775	966
775	992
775	994
776	795
776	848
776	865
776	948
776	952
776	957
776	970
776	973
776	977
776	994
777	398
777	837
777	859
777	887
777	904
777	940
777	955
777	966
777	976
777	984
778	760
778	817
778	874
778	926
778	928
778	934
778	943
778	959
778	967
778	989
779	310
779	806
779	842
779	902
779	917
779	928
779	941
779	986
779	990
779	995
780	833
780	851
780	911
780	912
780	935
780	944
780	982
780	984
780	993
780	994
781	831
781	872
781	904
781	932
781	963
781	964
781	967
781	978
781	983
781	996
782	815
782	906
782	930
782	955
782	959
782	961
782	969
782	986
782	990
782	999
783	333
783	774
783	866
783	870
783	900
783	922
783	940
783	951
783	966
783	984
784	802
784	830
784	908
784	954
784	970
784	975
784	978
784	988
784	997
784	1000
785	535
785	855
785	929
785	942
785	947
785	952
785	953
785	973
785	986
785	993
786	820
786	898
786	901
786	909
786	945
786	962
786	971
786	984
786	989
786	997
787	910
787	926
787	938
787	946
787	949
787	950
787	969
787	979
787	980
787	987
788	804
788	866
788	904
788	907
788	934
788	951
788	980
788	984
788	986
788	990
789	770
789	846
789	868
789	908
789	916
789	943
789	956
789	960
789	968
789	992
789	997
790	791
790	805
790	884
790	910
790	930
790	931
790	938
790	955
790	978
790	990
790	995
791	298
791	790
791	862
791	903
791	929
791	968
791	978
791	979
791	981
791	992
791	999
792	134
792	818
792	833
792	868
792	886
792	892
792	954
792	991
792	997
792	998
792	1000
793	833
793	893
793	900
793	911
793	914
793	939
793	944
793	946
793	967
793	985
793	992
794	814
794	839
794	864
794	902
794	931
794	955
794	966
794	969
794	986
794	990
794	995
795	776
795	807
795	890
795	894
795	905
795	919
795	944
795	973
795	977
795	998
795	1000
796	709
796	800
796	865
796	882
796	892
796	895
796	904
796	938
796	964
796	969
796	971
797	714
797	855
797	884
797	889
797	899
797	926
797	970
797	973
797	988
797	997
797	998
798	450
798	806
798	858
798	881
798	891
798	897
798	947
798	950
798	982
798	985
798	991
799	170
799	817
799	827
799	843
799	889
799	931
799	946
799	961
799	986
799	990
799	995
800	643
800	774
800	796
800	892
800	904
800	926
800	941
800	981
800	991
800	993
800	994
801	415
801	826
801	835
801	866
801	916
801	942
801	943
801	952
801	973
801	977
801	989
802	363
802	784
802	840
802	869
802	890
802	894
802	920
802	947
802	963
802	966
802	984
803	807
803	846
803	861
803	874
803	908
803	927
803	928
803	946
803	967
803	994
803	996
804	772
804	788
804	880
804	888
804	897
804	917
804	927
804	945
804	969
804	990
804	995
805	72
805	790
805	813
805	863
805	872
805	908
805	948
805	967
805	983
805	990
805	996
806	779
806	798
806	864
806	897
806	925
806	934
806	941
806	944
806	982
806	983
806	1000
807	599
807	795
807	803
807	824
807	877
807	882
807	905
807	921
807	952
807	965
807	992
808	877
808	894
808	906
808	917
808	941
808	956
808	962
808	994
808	995
808	996
808	997
809	812
809	872
809	891
809	913
809	925
809	944
809	952
809	971
809	982
809	989
809	992
809	1000
810	866
810	876
810	896
810	919
810	926
810	958
810	968
810	977
810	988
810	989
810	991
810	998
811	757
811	767
811	864
811	878
811	892
811	915
811	939
811	968
811	971
811	973
811	975
811	982
812	34
812	809
812	847
812	858
812	870
812	876
812	885
812	935
812	971
812	975
812	985
812	990
813	419
813	805
813	824
813	875
813	881
813	896
813	909
813	941
813	956
813	959
813	961
813	981
814	549
814	794
814	842
814	851
814	862
814	948
814	955
814	961
814	976
814	986
814	990
814	995
815	143
815	782
815	868
815	874
815	878
815	919
815	959
815	965
815	983
815	991
815	995
815	1000
816	843
816	868
816	880
816	909
816	923
816	930
816	953
816	978
816	988
816	992
816	993
816	999
817	778
817	799
817	818
817	863
817	873
817	886
817	948
817	949
817	987
817	992
817	995
817	999
818	792
818	817
818	857
818	861
818	881
818	887
818	904
818	926
818	950
818	961
818	972
818	992
819	475
819	835
819	902
819	908
819	941
819	948
819	949
819	959
819	960
819	976
819	996
819	998
820	786
820	863
820	865
820	874
820	893
820	928
820	929
820	942
820	952
820	973
820	977
820	993
821	840
821	898
821	906
821	937
821	942
821	944
821	968
821	974
821	990
821	991
821	997
821	1000
822	771
822	837
822	863
822	910
822	928
822	935
822	938
822	962
822	968
822	978
822	979
822	989
823	223
823	830
823	853
823	881
823	901
823	928
823	930
823	945
823	962
823	967
823	970
823	974
823	989
824	748
824	807
824	813
824	829
824	832
824	847
824	879
824	890
824	912
824	973
824	977
824	981
824	992
825	709
825	848
825	886
825	895
825	906
825	945
825	948
825	960
825	961
825	976
825	981
825	994
825	1000
826	775
826	801
826	836
826	882
826	936
826	947
826	953
826	957
826	972
826	983
826	988
826	992
826	993
827	388
827	799
827	843
827	857
827	883
827	917
827	919
827	927
827	944
827	955
827	974
827	977
827	986
828	61
828	846
828	864
828	913
828	914
828	925
828	939
828	951
828	966
828	975
828	982
828	985
828	999
829	755
829	824
829	832
829	905
829	915
829	924
829	926
829	942
829	951
829	973
829	977
829	987
829	988
830	646
830	784
830	823
830	835
830	836
830	868
830	888
830	894
830	901
830	926
830	970
830	972
830	991
830	1000
831	781
831	839
831	873
831	943
831	946
831	966
831	972
831	975
831	979
831	987
831	992
831	993
831	998
831	999
832	168
832	824
832	829
832	835
832	859
832	877
832	896
832	915
832	942
832	952
832	953
832	965
832	969
832	977
833	698
833	780
833	792
833	793
833	864
833	890
833	909
833	912
833	971
833	975
833	976
833	982
833	985
833	993
834	136
834	854
834	898
834	930
834	936
834	937
834	950
834	951
834	974
834	981
834	983
834	988
834	991
834	998
835	723
835	801
835	819
835	830
835	832
835	846
835	847
835	921
835	929
835	942
835	952
835	973
835	978
835	982
836	517
836	826
836	830
836	873
836	899
836	902
836	918
836	964
836	968
836	978
836	983
836	992
836	993
836	999
837	606
837	777
837	822
837	899
837	909
837	919
837	923
837	930
837	931
837	946
837	953
837	968
837	972
837	999
838	163
838	947
838	954
838	965
838	970
838	977
838	983
838	985
838	987
838	989
838	990
838	991
838	994
838	998
839	794
839	831
839	871
839	891
839	900
839	903
839	911
839	944
839	946
839	971
839	973
839	975
839	985
839	990
840	464
840	767
840	769
840	802
840	821
840	876
840	883
840	902
840	923
840	938
840	965
840	967
840	989
840	997
841	474
841	875
841	887
841	907
841	919
841	920
841	923
841	947
841	955
841	966
841	976
841	980
841	993
841	997
842	89
842	779
842	814
842	884
842	927
842	937
842	943
842	948
842	949
842	961
842	986
842	990
842	997
842	999
843	755
843	773
843	799
843	816
843	827
843	860
843	885
843	909
843	914
843	936
843	950
843	957
843	987
843	998
844	767
844	768
844	862
844	868
844	885
844	891
844	897
844	905
844	925
844	939
844	965
844	982
844	985
844	998
845	184
845	883
845	907
845	920
845	938
845	943
845	950
845	953
845	954
845	956
845	968
845	972
845	979
845	999
846	280
846	789
846	803
846	828
846	835
846	870
846	885
846	894
846	901
846	933
846	964
846	981
846	994
846	996
847	812
847	824
847	835
847	855
847	860
847	876
847	877
847	890
847	905
847	953
847	956
847	973
847	977
847	982
848	462
848	776
848	825
848	856
848	873
848	896
848	916
848	939
848	948
848	956
848	977
848	981
848	987
848	994
849	853
849	908
849	922
849	929
849	943
849	953
849	958
849	965
849	970
849	983
849	989
849	991
849	997
849	998
850	38
850	876
850	906
850	933
850	936
850	941
850	943
850	950
850	964
850	967
850	987
850	994
850	996
850	999
851	765
851	780
851	814
851	877
851	888
851	896
851	907
851	923
851	924
851	963
851	966
851	976
851	980
851	984
852	717
852	853
852	861
852	878
852	886
852	915
852	927
852	931
852	939
852	956
852	969
852	980
852	986
852	995
853	273
853	766
853	823
853	849
853	852
853	895
853	930
853	931
853	961
853	969
853	985
853	986
853	990
853	992
853	995
854	545
854	834
854	880
854	889
854	894
854	902
854	931
854	933
854	940
854	945
854	954
854	981
854	989
854	991
854	1000
855	785
855	797
855	847
855	867
855	893
855	897
855	905
855	925
855	929
855	942
855	952
855	973
855	977
855	984
855	989
856	687
856	848
856	862
856	870
856	880
856	884
856	937
856	944
856	962
856	965
856	983
856	988
856	989
856	998
856	1000
857	724
857	818
857	827
857	878
857	895
857	935
857	936
857	962
857	968
857	972
857	979
857	987
857	993
857	996
857	999
858	254
858	798
858	812
858	872
858	895
858	900
858	911
858	925
858	935
858	939
858	956
858	959
858	963
858	975
858	985
859	727
859	777
859	832
859	863
859	904
859	918
859	922
859	924
859	930
859	934
859	941
859	963
859	964
859	980
859	984
860	374
860	843
860	847
860	899
860	908
860	912
860	950
860	953
860	964
860	967
860	978
860	979
860	980
860	992
860	993
861	803
861	818
861	852
861	896
861	906
861	920
861	928
861	932
861	948
861	950
861	956
861	960
861	968
861	971
861	996
862	108
862	791
862	814
862	844
862	856
862	876
862	891
862	954
862	971
862	974
862	983
862	988
862	994
862	997
862	1000
863	278
863	805
863	817
863	820
863	822
863	859
863	881
863	932
863	939
863	947
863	949
863	978
863	987
863	993
863	999
864	287
864	794
864	806
864	811
864	828
864	833
864	872
864	897
864	905
864	939
864	971
864	972
864	983
864	985
864	998
865	681
865	776
865	796
865	820
865	879
865	889
865	890
865	915
865	921
865	924
865	925
865	942
865	973
865	977
865	998
866	361
866	783
866	788
866	801
866	810
866	868
866	892
866	907
866	947
866	963
866	966
866	976
866	980
866	984
866	995
866	999
867	686
867	771
867	855
867	871
867	880
867	887
867	927
867	938
867	945
867	950
867	955
867	961
867	969
867	984
867	990
867	995
868	96
868	789
868	792
868	815
868	816
868	830
868	844
868	866
868	900
868	905
868	958
868	962
868	974
868	983
868	988
868	1000
869	168
869	802
869	922
869	923
869	940
869	947
869	950
869	951
869	956
869	963
869	969
869	973
869	976
869	980
869	991
869	995
870	233
870	783
870	812
870	846
870	856
870	900
870	903
870	912
870	914
870	939
870	949
870	965
870	971
870	975
870	985
870	989
871	666
871	774
871	839
871	867
871	886
871	917
871	938
871	955
871	961
871	969
871	981
871	989
871	990
871	994
871	995
871	998
872	218
872	781
872	805
872	809
872	858
872	864
872	881
872	928
872	932
872	933
872	936
872	942
872	967
872	992
872	994
872	996
873	457
873	817
873	831
873	836
873	848
873	882
873	921
873	942
873	946
873	950
873	968
873	978
873	982
873	992
873	998
873	999
874	181
874	778
874	803
874	815
874	820
874	894
874	905
874	910
874	947
874	957
874	958
874	959
874	964
874	981
874	994
874	996
875	334
875	813
875	841
875	894
875	922
875	934
875	942
875	947
875	955
875	958
875	966
875	975
875	976
875	980
875	984
875	991
876	171
876	810
876	812
876	840
876	847
876	850
876	862
876	898
876	909
876	913
876	952
876	965
876	967
876	970
876	983
876	997
876	1000
877	10
877	769
877	807
877	808
877	832
877	847
877	851
877	890
877	893
877	927
877	939
877	942
877	949
877	952
877	973
877	977
877	994
878	414
878	811
878	815
878	852
878	857
878	887
878	889
878	927
878	958
878	972
878	974
878	980
878	988
878	989
878	997
878	998
878	1000
879	506
879	768
879	824
879	865
879	924
879	940
879	942
879	947
879	951
879	956
879	962
879	963
879	966
879	976
879	980
879	984
879	991
880	403
880	775
880	804
880	816
880	854
880	856
880	867
880	886
880	913
880	917
880	930
880	955
880	958
880	961
880	969
880	986
880	995
881	439
881	798
881	813
881	818
881	823
881	863
881	872
881	900
881	914
881	936
881	954
881	957
881	987
881	992
881	993
881	995
881	999
882	336
882	796
882	807
882	826
882	873
882	887
882	916
882	932
882	941
882	954
882	959
882	960
882	964
882	967
882	972
882	981
882	984
883	689
883	827
883	840
883	845
883	901
883	922
883	939
883	945
883	965
883	983
883	986
883	989
883	991
883	997
883	998
883	999
883	1000
884	116
884	790
884	797
884	842
884	856
884	888
884	907
884	919
884	955
884	961
884	966
884	969
884	977
884	986
884	989
884	995
884	997
885	309
885	770
885	812
885	843
885	844
885	846
885	916
885	937
885	945
885	958
885	962
885	970
885	988
885	989
885	991
885	998
885	1000
886	792
886	817
886	825
886	852
886	871
886	880
886	917
886	919
886	930
886	935
886	961
886	968
886	976
886	990
886	995
886	996
886	997
887	530
887	775
887	777
887	818
887	841
887	867
887	878
887	882
887	938
887	947
887	950
887	953
887	957
887	961
887	987
887	992
887	993
888	248
888	804
888	830
888	851
888	884
888	907
888	919
888	927
888	930
888	945
888	958
888	969
888	970
888	986
888	990
888	991
888	995
889	707
889	797
889	799
889	854
889	865
889	878
889	916
889	924
889	954
889	956
889	962
889	963
889	974
889	982
889	983
889	988
889	989
889	997
890	440
890	768
890	795
890	802
890	824
890	833
890	847
890	865
890	877
890	913
890	914
890	915
890	921
890	929
890	952
890	959
890	964
890	977
891	441
891	798
891	809
891	839
891	844
891	862
891	892
891	903
891	925
891	935
891	943
891	944
891	945
891	962
891	974
891	975
891	982
891	989
892	82
892	792
892	796
892	800
892	811
892	866
892	891
892	895
892	910
892	939
892	941
892	943
892	959
892	964
892	967
892	981
892	986
892	987
893	370
893	793
893	820
893	855
893	877
893	905
893	910
893	915
893	921
893	928
893	929
893	952
893	958
893	973
893	976
893	977
893	991
893	993
894	7
894	795
894	802
894	808
894	830
894	846
894	854
894	874
894	875
894	895
894	906
894	910
894	932
894	934
894	941
894	951
894	957
894	981
895	68
895	768
895	796
895	825
895	853
895	857
895	858
895	892
895	894
895	906
895	910
895	928
895	940
895	954
895	956
895	972
895	981
895	994
896	332
896	810
896	813
896	832
896	848
896	851
896	861
896	906
896	935
896	941
896	943
896	945
896	948
896	956
896	962
896	964
896	996
896	999
897	4
897	767
897	798
897	804
897	806
897	844
897	855
897	864
897	912
897	933
897	935
897	939
897	952
897	954
897	978
897	982
897	985
897	987
898	592
898	786
898	821
898	834
898	876
898	910
898	927
898	932
898	940
898	965
898	972
898	974
898	977
898	984
898	988
898	989
898	991
898	998
899	191
899	775
899	797
899	836
899	837
899	860
899	904
899	931
899	938
899	948
899	952
899	968
899	979
899	986
899	992
899	993
899	999
899	1000
900	783
900	793
900	839
900	858
900	868
900	870
900	881
900	903
900	912
900	935
900	944
900	945
900	971
900	978
900	982
900	985
900	996
900	999
901	259
901	786
901	823
901	830
901	846
901	883
901	921
901	929
901	932
901	940
901	962
901	964
901	974
901	986
901	988
901	991
901	997
901	998
902	156
902	772
902	779
902	794
902	819
902	836
902	840
902	854
902	924
902	926
902	945
902	951
902	962
902	965
902	971
902	976
902	983
902	997
902	998
903	172
903	791
903	839
903	870
903	891
903	900
903	904
903	907
903	912
903	935
903	944
903	955
903	971
903	975
903	979
903	982
903	985
903	986
903	999
904	167
904	777
904	781
904	788
904	796
904	800
904	818
904	859
904	899
904	903
904	920
904	932
904	941
904	943
904	953
904	959
904	960
904	964
904	996
905	795
905	807
905	829
905	844
905	847
905	855
905	864
905	868
905	874
905	893
905	921
905	942
905	946
905	952
905	957
905	973
905	977
905	983
905	996
906	614
906	782
906	808
906	821
906	825
906	850
906	861
906	894
906	895
906	896
906	920
906	928
906	931
906	941
906	959
906	960
906	970
906	985
906	998
907	612
907	788
907	841
907	845
907	851
907	866
907	884
907	888
907	903
907	920
907	930
907	947
907	951
907	958
907	963
907	974
907	976
907	980
907	984
908	737
908	773
908	784
908	789
908	803
908	805
908	819
908	849
908	860
908	932
908	933
908	958
908	959
908	967
908	971
908	981
908	987
908	996
908	997
909	786
909	813
909	816
909	833
909	837
909	843
909	876
909	942
909	949
909	953
909	971
909	972
909	974
909	978
909	979
909	992
909	993
909	996
909	999
910	322
910	787
910	790
910	822
910	874
910	892
910	893
910	894
910	895
910	898
910	927
910	943
910	948
910	956
910	967
910	977
910	980
910	994
910	996
911	447
911	780
911	793
911	839
911	858
911	913
911	924
911	925
911	934
911	944
911	956
911	962
911	970
911	971
911	975
911	982
911	985
911	988
911	993
911	996
912	239
912	780
912	824
912	833
912	860
912	870
912	897
912	900
912	903
912	913
912	914
912	927
912	935
912	966
912	971
912	975
912	985
912	987
912	988
912	998
913	737
913	768
913	809
913	828
913	876
913	880
913	890
913	911
913	912
913	916
913	919
913	925
913	935
913	939
913	971
913	975
913	982
913	992
913	993
913	999
914	642
914	773
914	793
914	828
914	843
914	870
914	881
914	890
914	912
914	953
914	957
914	968
914	969
914	972
914	978
914	979
914	986
914	987
914	992
914	999
915	732
915	769
915	811
915	829
915	832
915	852
915	865
915	890
915	893
915	921
915	929
915	934
915	936
915	942
915	952
915	973
915	974
915	977
915	979
915	997
916	664
916	773
916	789
916	801
916	848
916	882
916	885
916	889
916	913
916	925
916	941
916	954
916	956
916	960
916	967
916	970
916	981
916	988
916	994
916	995
916	996
917	206
917	779
917	804
917	808
917	827
917	871
917	880
917	886
917	923
917	930
917	931
917	936
917	951
917	958
917	963
917	969
917	972
917	986
917	990
917	994
917	995
918	339
918	836
918	859
918	920
918	922
918	924
918	925
918	931
918	934
918	940
918	943
918	949
918	962
918	963
918	966
918	976
918	980
918	984
918	991
918	996
918	999
919	743
919	795
919	810
919	815
919	827
919	837
919	841
919	884
919	886
919	888
919	913
919	930
919	931
919	948
919	952
919	955
919	959
919	969
919	986
919	990
919	995
920	318
920	802
920	841
920	845
920	861
920	904
920	906
920	907
920	918
920	922
920	934
920	940
920	951
920	956
920	960
920	973
920	976
920	980
920	981
920	983
920	984
921	88
921	807
921	835
921	865
921	873
921	890
921	893
921	901
921	905
921	915
921	929
921	930
921	931
921	936
921	942
921	951
921	952
921	966
921	973
921	977
921	982
922	376
922	783
922	849
922	859
922	869
922	875
922	883
922	918
922	920
922	923
922	940
922	943
922	947
922	953
922	959
922	966
922	972
922	976
922	980
922	987
922	990
923	155
923	816
923	837
923	840
923	841
923	851
923	869
923	917
923	922
923	934
923	945
923	947
923	951
923	952
923	963
923	970
923	976
923	980
923	984
923	987
923	997
924	438
924	829
924	851
924	859
924	865
924	879
924	889
924	902
924	911
924	918
924	934
924	947
924	951
924	961
924	963
924	966
924	975
924	976
924	980
924	983
924	993
925	179
925	768
925	806
925	809
925	828
925	844
925	855
925	858
925	865
925	891
925	911
925	913
925	916
925	918
925	944
925	955
925	971
925	975
925	982
925	983
925	990
925	991
926	292
926	778
926	787
926	797
926	800
926	810
926	818
926	829
926	830
926	902
926	932
926	954
926	958
926	961
926	970
926	978
926	986
926	988
926	989
926	991
926	998
926	1000
927	338
927	803
927	804
927	827
927	842
927	852
927	867
927	877
927	878
927	888
927	898
927	910
927	912
927	930
927	951
927	955
927	961
927	965
927	986
927	990
927	993
927	995
928	734
928	778
928	779
928	803
928	820
928	822
928	823
928	861
928	872
928	893
928	895
928	906
928	941
928	956
928	958
928	959
928	964
928	979
928	981
928	990
928	992
928	994
929	177
929	785
929	791
929	820
929	835
929	849
929	855
929	890
929	893
929	901
929	915
929	921
929	934
929	940
929	942
929	952
929	957
929	973
929	975
929	976
929	977
929	995
930	62
930	782
930	790
930	816
930	823
930	834
930	837
930	853
930	859
930	880
930	886
930	888
930	907
930	917
930	919
930	921
930	927
930	955
930	969
930	982
930	985
930	986
930	990
931	423
931	766
931	767
931	773
931	790
931	794
931	799
931	837
931	852
931	853
931	854
931	899
931	906
931	917
931	918
931	919
931	921
931	955
931	961
931	969
931	986
931	990
931	995
932	534
932	770
932	773
932	781
932	861
932	863
932	872
932	882
932	894
932	898
932	901
932	904
932	908
932	926
932	933
932	934
932	964
932	971
932	972
932	981
932	988
932	992
932	994
932	996
932	1000
933	706
933	769
933	774
933	846
933	850
933	854
933	872
933	897
933	908
933	932
933	942
933	943
933	950
933	952
933	956
933	959
933	960
933	964
933	967
933	975
933	979
933	985
933	992
933	994
933	996
934	261
934	778
934	788
934	806
934	859
934	875
934	894
934	911
934	915
934	918
934	920
934	923
934	924
934	929
934	932
934	940
934	947
934	951
934	959
934	966
934	976
934	980
934	984
934	991
934	996
935	186
935	568
935	780
935	812
935	822
935	857
935	858
935	886
935	891
935	896
935	897
935	900
935	903
935	912
935	913
935	939
935	952
935	958
935	966
935	975
935	982
935	985
935	995
935	999
935	1000
936	674
936	826
936	834
936	843
936	850
936	857
936	872
936	881
936	915
936	917
936	921
936	938
936	946
936	949
936	950
936	953
936	957
936	960
936	965
936	967
936	978
936	979
936	987
936	997
936	999
937	487
937	738
937	821
937	834
937	842
937	856
937	885
937	943
937	944
937	945
937	946
937	948
937	958
937	963
937	970
937	973
937	974
937	980
937	981
937	983
937	984
937	988
937	989
937	991
937	997
937	998
937	1000
938	235
938	787
938	790
938	796
938	822
938	840
938	845
938	867
938	871
938	887
938	899
938	936
938	946
938	949
938	950
938	953
938	957
938	968
938	977
938	981
938	984
938	985
938	986
938	987
938	988
938	993
938	999
939	268
939	793
939	811
939	828
939	844
939	848
939	852
939	858
939	863
939	864
939	870
939	877
939	883
939	892
939	897
939	913
939	935
939	944
939	948
939	953
939	960
939	964
939	971
939	975
939	979
939	982
939	985
940	180
940	317
940	766
940	777
940	783
940	854
940	869
940	879
940	895
940	898
940	901
940	918
940	920
940	922
940	929
940	934
940	947
940	951
940	955
940	960
940	963
940	967
940	972
940	976
940	978
940	980
940	984
941	208
941	319
941	771
941	774
941	779
941	800
941	806
941	808
941	813
941	819
941	850
941	859
941	882
941	892
941	894
941	896
941	904
941	906
941	916
941	928
941	943
941	950
941	955
941	961
941	963
941	967
941	994
941	999
942	565
942	772
942	785
942	801
942	820
942	821
942	829
942	832
942	835
942	855
942	865
942	872
942	873
942	875
942	877
942	879
942	905
942	909
942	915
942	921
942	929
942	933
942	960
942	973
942	977
942	989
942	996
942	1000
943	154
943	778
943	789
943	801
943	831
943	842
943	845
943	849
943	850
943	891
943	892
943	896
943	904
943	910
943	918
943	922
943	933
943	937
943	941
943	945
943	948
943	960
943	964
943	967
943	981
943	994
943	996
943	998
944	467
944	700
944	780
944	793
944	795
944	806
944	809
944	821
944	827
944	839
944	856
944	891
944	900
944	903
944	911
944	925
944	937
944	939
944	951
944	971
944	975
944	979
944	982
944	984
944	985
944	990
944	995
944	997
945	157
945	561
945	786
945	804
945	823
945	825
945	854
945	867
945	883
945	885
945	888
945	891
945	896
945	900
945	902
945	923
945	937
945	943
945	954
945	958
945	965
945	974
945	980
945	988
945	989
945	993
945	997
945	998
945	1000
946	330
946	343
946	775
946	787
946	793
946	799
946	803
946	831
946	837
946	839
946	873
946	905
946	936
946	937
946	938
946	949
946	950
946	959
946	968
946	972
946	978
946	979
946	982
946	987
946	988
946	993
946	996
946	997
946	999
947	93
947	785
947	798
947	802
947	826
947	838
947	841
947	863
947	866
947	869
947	874
947	875
947	879
947	887
947	907
947	922
947	923
947	924
947	934
947	940
947	951
947	963
947	966
947	980
947	981
947	984
947	986
947	992
947	996
948	609
948	769
948	770
948	772
948	776
948	805
948	814
948	817
948	819
948	825
948	842
948	848
948	861
948	896
948	899
948	910
948	919
948	937
948	939
948	943
948	956
948	959
948	960
948	963
948	964
948	980
948	981
948	994
948	996
949	732
949	771
949	773
949	787
949	817
949	819
949	842
949	863
949	870
949	877
949	909
949	918
949	936
949	938
949	946
949	950
949	957
949	961
949	962
949	965
949	968
949	971
949	972
949	973
949	978
949	988
949	992
949	993
949	999
950	636
950	787
950	798
950	818
950	834
950	843
950	845
950	850
950	860
950	861
950	867
950	869
950	873
950	887
950	933
950	936
950	938
950	941
950	946
950	949
950	956
950	957
950	972
950	979
950	987
950	989
950	990
950	993
950	999
951	632
951	766
951	783
951	788
951	828
951	829
951	834
951	869
951	879
951	894
951	902
951	907
951	917
951	920
951	921
951	923
951	924
951	927
951	934
951	940
951	944
951	947
951	963
951	966
951	968
951	970
951	976
951	980
951	984
951	996
952	237
952	776
952	785
952	801
952	807
952	809
952	820
952	832
952	835
952	855
952	876
952	877
952	890
952	893
952	897
952	899
952	905
952	915
952	919
952	921
952	923
952	929
952	933
952	935
952	973
952	977
952	987
952	992
952	998
952	1000
953	649
953	785
953	816
953	826
953	832
953	837
953	845
953	847
953	849
953	860
953	887
953	904
953	909
953	914
953	922
953	936
953	938
953	939
953	957
953	967
953	968
953	972
953	975
953	978
953	979
953	987
953	992
953	993
953	997
953	1000
954	334
954	766
954	767
954	784
954	792
954	838
954	845
954	854
954	862
954	881
954	882
954	889
954	895
954	897
954	916
954	926
954	945
954	965
954	966
954	970
954	974
954	978
954	987
954	988
954	989
954	991
954	994
954	997
954	998
954	1000
955	81
955	303
955	772
955	777
955	782
955	790
955	794
955	814
955	827
955	841
955	867
955	871
955	875
955	880
955	884
955	903
955	919
955	925
955	927
955	930
955	931
955	940
955	941
955	976
955	979
955	986
955	990
955	995
955	997
955	1000
956	322
956	773
956	789
956	808
956	813
956	845
956	847
956	848
956	852
956	858
956	861
956	869
956	879
956	889
956	895
956	896
956	910
956	911
956	916
956	920
956	928
956	933
956	948
956	950
956	959
956	960
956	964
956	973
956	984
956	996
957	471
957	742
957	775
957	776
957	826
957	843
957	874
957	881
957	887
957	894
957	905
957	914
957	929
957	936
957	938
957	949
957	950
957	953
957	967
957	969
957	970
957	972
957	979
957	983
957	987
957	992
957	993
957	994
957	995
957	999
957	1000
958	764
958	810
958	849
958	868
958	874
958	875
958	878
958	880
958	885
958	888
958	893
958	907
958	908
958	917
958	926
958	928
958	935
958	937
958	945
958	962
958	964
958	965
958	970
958	974
958	976
958	977
958	983
958	989
958	991
958	997
958	1000
959	765
959	770
959	778
959	782
959	813
959	815
959	819
959	858
959	874
959	882
959	890
959	892
959	904
959	906
959	908
959	919
959	922
959	928
959	933
959	934
959	946
959	948
959	956
959	960
959	970
959	975
959	981
959	986
959	988
959	994
959	998
960	138
960	335
960	775
960	789
960	819
960	825
960	861
960	882
960	904
960	906
960	916
960	920
960	933
960	936
960	939
960	940
960	942
960	943
960	948
960	956
960	959
960	964
960	967
960	973
960	974
960	975
960	977
960	981
960	994
960	995
960	997
961	102
961	611
961	774
961	782
961	799
961	813
961	814
961	818
961	825
961	842
961	853
961	867
961	871
961	880
961	884
961	886
961	887
961	924
961	926
961	927
961	931
961	941
961	949
961	968
961	969
961	981
961	986
961	988
961	990
961	995
961	996
962	127
962	769
962	772
962	786
962	808
962	822
962	823
962	856
962	857
962	868
962	879
962	885
962	889
962	891
962	896
962	901
962	902
962	911
962	918
962	949
962	958
962	970
962	971
962	974
962	978
962	988
962	989
962	990
962	991
962	997
962	998
962	1000
963	714
963	730
963	766
963	781
963	802
963	851
963	858
963	859
963	866
963	869
963	879
963	889
963	907
963	917
963	918
963	923
963	924
963	937
963	940
963	941
963	947
963	948
963	951
963	964
963	965
963	966
963	976
963	980
963	981
963	984
963	991
963	998
964	717
964	781
964	796
964	836
964	846
964	850
964	859
964	860
964	874
964	882
964	890
964	892
964	896
964	901
964	904
964	928
964	932
964	933
964	939
964	943
964	948
964	956
964	958
964	960
964	963
964	973
964	976
964	979
964	981
964	983
964	994
964	1000
965	107
965	472
965	807
965	815
965	832
965	838
965	840
965	844
965	849
965	856
965	870
965	876
965	883
965	898
965	902
965	927
965	936
965	945
965	949
965	954
965	958
965	963
965	969
965	970
965	977
965	980
965	983
965	986
965	988
965	989
965	994
965	998
965	1000
966	92
966	761
966	773
966	775
966	777
966	783
966	794
966	802
966	828
966	831
966	841
966	851
966	866
966	875
966	879
966	884
966	912
966	918
966	921
966	922
966	924
966	934
966	935
966	947
966	951
966	954
966	963
966	972
966	976
966	980
966	984
966	991
966	1000
967	593
967	708
967	773
967	778
967	781
967	793
967	803
967	805
967	823
967	840
967	850
967	860
967	872
967	876
967	882
967	892
967	908
967	910
967	916
967	933
967	936
967	940
967	941
967	943
967	953
967	957
967	960
967	968
967	982
967	989
967	993
967	994
967	996
967	997
968	305
968	658
968	770
968	771
968	789
968	791
968	810
968	811
968	821
968	822
968	836
968	837
968	845
968	857
968	861
968	873
968	886
968	899
968	914
968	938
968	946
968	949
968	951
968	953
968	961
968	967
968	972
968	974
968	978
968	980
968	987
968	991
968	992
968	993
969	179
969	596
969	770
969	774
969	782
969	787
969	794
969	796
969	804
969	832
969	852
969	853
969	867
969	869
969	871
969	880
969	884
969	888
969	914
969	917
969	919
969	930
969	931
969	957
969	961
969	965
969	974
969	979
969	980
969	985
969	986
969	988
969	990
969	995
970	189
970	684
970	776
970	784
970	797
970	823
970	830
970	838
970	849
970	876
970	885
970	888
970	906
970	911
970	916
970	923
970	926
970	937
970	951
970	954
970	957
970	958
970	959
970	962
970	965
970	977
970	979
970	983
970	988
970	990
970	994
970	997
970	998
970	1000
971	2
971	5
971	767
971	768
971	786
971	796
971	809
971	811
971	812
971	833
971	839
971	861
971	862
971	864
971	870
971	900
971	902
971	903
971	908
971	909
971	911
971	912
971	913
971	925
971	932
971	939
971	944
971	949
971	962
971	974
971	982
971	985
971	991
971	994
971	1000
972	750
972	818
972	826
972	830
972	831
972	837
972	845
972	857
972	864
972	878
972	882
972	895
972	898
972	909
972	914
972	917
972	922
972	932
972	940
972	946
972	949
972	950
972	953
972	957
972	966
972	968
972	974
972	978
972	979
972	987
972	989
972	992
972	993
972	997
972	999
972	1000
973	57
973	468
973	776
973	785
973	795
973	797
973	801
973	811
973	820
973	824
973	829
973	835
973	839
973	847
973	855
973	865
973	869
973	877
973	893
973	905
973	915
973	920
973	921
973	929
973	937
973	942
973	949
973	952
973	956
973	960
973	964
973	975
973	977
973	980
973	981
973	984
974	169
974	754
974	821
974	823
974	827
974	834
974	862
974	868
974	878
974	889
974	891
974	898
974	901
974	907
974	909
974	915
974	937
974	945
974	954
974	958
974	960
974	962
974	968
974	969
974	971
974	972
974	981
974	983
974	985
974	988
974	989
974	990
974	991
974	993
974	997
974	1000
975	144
975	365
975	767
975	784
975	811
975	812
975	828
975	831
975	833
975	839
975	858
975	870
975	875
975	891
975	903
975	911
975	912
975	913
975	924
975	925
975	929
975	933
975	935
975	939
975	944
975	953
975	959
975	960
975	973
975	976
975	979
975	982
975	985
975	986
975	987
975	999
976	216
976	323
976	766
976	777
976	814
976	819
976	825
976	833
976	841
976	851
976	866
976	869
976	875
976	879
976	886
976	893
976	902
976	907
976	918
976	920
976	922
976	923
976	924
976	929
976	934
976	940
976	951
976	955
976	958
976	963
976	964
976	966
976	975
976	978
976	984
976	989
977	174
977	344
977	776
977	795
977	801
977	810
977	820
977	824
977	827
977	829
977	832
977	838
977	847
977	848
977	855
977	865
977	877
977	884
977	890
977	893
977	898
977	905
977	910
977	915
977	921
977	929
977	938
977	942
977	952
977	958
977	960
977	965
977	970
977	973
977	991
977	993
977	1000
978	420
978	710
978	774
978	781
978	784
978	790
978	791
978	816
978	822
978	835
978	836
978	860
978	863
978	873
978	897
978	900
978	909
978	914
978	926
978	936
978	940
978	946
978	949
978	953
978	954
978	962
978	968
978	972
978	976
978	979
978	982
978	985
978	987
978	988
978	992
978	993
978	999
979	402
979	711
979	770
979	787
979	791
979	822
979	831
979	845
979	857
979	860
979	899
979	903
979	909
979	914
979	915
979	928
979	933
979	936
979	939
979	944
979	946
979	950
979	953
979	955
979	957
979	964
979	969
979	970
979	972
979	975
979	978
979	980
979	982
979	987
979	992
979	994
979	997
979	999
980	538
980	766
980	787
980	788
980	841
980	851
980	852
980	859
980	860
980	866
980	869
980	875
980	878
980	879
980	907
980	910
980	918
980	920
980	922
980	923
980	924
980	934
980	937
980	940
980	945
980	947
980	948
980	951
980	963
980	965
980	966
980	968
980	969
980	973
980	979
980	983
980	984
980	985
981	121
981	276
981	769
981	791
981	800
981	813
981	824
981	825
981	834
981	846
981	848
981	854
981	871
981	874
981	882
981	892
981	894
981	895
981	908
981	916
981	920
981	928
981	932
981	937
981	938
981	943
981	947
981	948
981	959
981	960
981	961
981	963
981	964
981	973
981	974
981	985
981	987
981	995
981	996
982	135
982	470
982	768
982	771
982	780
982	798
982	806
982	809
982	811
982	828
982	833
982	835
982	844
982	847
982	873
982	889
982	891
982	897
982	900
982	903
982	911
982	913
982	921
982	925
982	930
982	935
982	939
982	944
982	946
982	967
982	971
982	975
982	978
982	979
982	984
982	985
982	988
982	992
982	999
983	123
983	356
983	772
983	781
983	805
983	806
983	815
983	826
983	834
983	836
983	838
983	849
983	856
983	862
983	864
983	868
983	876
983	883
983	889
983	902
983	905
983	920
983	924
983	925
983	937
983	957
983	958
983	964
983	965
983	970
983	974
983	980
983	986
983	988
983	991
983	994
983	997
983	998
983	999
983	1000
984	359
984	449
984	766
984	777
984	780
984	783
984	786
984	788
984	802
984	851
984	855
984	859
984	866
984	867
984	875
984	879
984	882
984	898
984	907
984	918
984	920
984	923
984	934
984	937
984	938
984	940
984	944
984	947
984	951
984	956
984	963
984	966
984	973
984	976
984	980
984	982
984	985
984	987
984	989
984	1000
985	312
985	613
985	767
985	768
985	793
985	798
985	812
985	828
985	833
985	838
985	839
985	844
985	853
985	858
985	864
985	870
985	897
985	900
985	903
985	906
985	911
985	912
985	930
985	933
985	935
985	938
985	939
985	944
985	969
985	971
985	974
985	975
985	978
985	980
985	981
985	982
985	984
985	987
985	990
985	992
985	996
986	129
986	145
986	779
986	782
986	785
986	788
986	794
986	799
986	814
986	827
986	842
986	852
986	853
986	880
986	883
986	884
986	888
986	892
986	899
986	901
986	903
986	914
986	917
986	919
986	926
986	927
986	930
986	931
986	938
986	947
986	955
986	959
986	961
986	965
986	969
986	975
986	983
986	990
986	995
986	996
986	999
987	328
987	652
987	787
987	817
987	829
987	831
987	838
987	843
987	848
987	850
987	857
987	863
987	881
987	887
987	892
987	897
987	908
987	912
987	914
987	922
987	923
987	936
987	938
987	946
987	950
987	952
987	953
987	954
987	957
987	968
987	972
987	975
987	978
987	979
987	981
987	984
987	985
987	992
987	993
987	996
987	999
988	182
988	690
988	784
988	797
988	810
988	816
988	826
988	829
988	834
988	856
988	862
988	868
988	878
988	885
988	889
988	898
988	901
988	911
988	912
988	916
988	926
988	932
988	937
988	938
988	945
988	946
988	949
988	954
988	959
988	961
988	962
988	965
988	969
988	970
988	974
988	978
988	982
988	983
988	992
988	998
988	1000
989	110
989	758
989	778
989	786
989	801
989	809
989	810
989	822
989	823
989	838
989	840
989	849
989	854
989	855
989	856
989	870
989	871
989	878
989	883
989	884
989	885
989	889
989	891
989	898
989	926
989	937
989	942
989	945
989	950
989	954
989	958
989	962
989	965
989	967
989	972
989	974
989	976
989	984
989	990
989	996
989	997
989	998
989	1000
990	126
990	597
990	774
990	779
990	782
990	788
990	790
990	794
990	799
990	804
990	805
990	812
990	814
990	821
990	838
990	839
990	842
990	853
990	867
990	871
990	886
990	888
990	917
990	919
990	922
990	925
990	927
990	928
990	930
990	931
990	944
990	950
990	955
990	961
990	962
990	969
990	970
990	974
990	985
990	986
990	989
990	993
990	995
991	675
991	678
991	772
991	792
991	798
991	800
991	810
991	815
991	821
991	830
991	834
991	838
991	849
991	854
991	869
991	875
991	879
991	883
991	885
991	888
991	893
991	898
991	901
991	918
991	925
991	926
991	934
991	937
991	954
991	958
991	962
991	963
991	966
991	968
991	971
991	974
991	977
991	983
991	994
991	995
991	997
991	998
991	1000
992	66
992	616
992	775
992	789
992	791
992	793
992	807
992	809
992	816
992	817
992	818
992	824
992	826
992	831
992	836
992	853
992	860
992	872
992	873
992	881
992	887
992	899
992	909
992	913
992	914
992	928
992	932
992	933
992	947
992	949
992	952
992	953
992	957
992	968
992	972
992	978
992	979
992	982
992	985
992	987
992	988
992	993
992	997
992	999
993	461
993	708
993	771
993	780
993	785
993	800
993	816
993	820
993	826
993	831
993	833
993	836
993	841
993	857
993	860
993	863
993	881
993	887
993	893
993	899
993	909
993	911
993	913
993	924
993	927
993	938
993	945
993	946
993	949
993	950
993	953
993	957
993	967
993	968
993	972
993	974
993	977
993	978
993	987
993	990
993	992
993	998
993	999
993	1000
994	172
994	368
994	769
994	771
994	772
994	775
994	776
994	780
994	800
994	803
994	808
994	825
994	838
994	846
994	848
994	850
994	862
994	871
994	872
994	874
994	877
994	895
994	910
994	916
994	917
994	928
994	932
994	933
994	941
994	943
994	948
994	954
994	957
994	959
994	960
994	964
994	965
994	967
994	970
994	971
994	979
994	983
994	991
994	996
995	83
995	456
995	727
995	766
995	774
995	779
995	790
995	794
995	799
995	804
995	808
995	814
995	815
995	817
995	852
995	853
995	866
995	867
995	869
995	871
995	880
995	881
995	884
995	886
995	888
995	916
995	917
995	919
995	927
995	929
995	931
995	935
995	944
995	955
995	957
995	960
995	961
995	969
995	981
995	986
995	990
995	991
995	996
995	998
995	999
996	540
996	729
996	769
996	770
996	781
996	803
996	805
996	808
996	819
996	846
996	850
996	857
996	861
996	872
996	874
996	886
996	896
996	900
996	904
996	905
996	908
996	909
996	910
996	911
996	916
996	918
996	932
996	933
996	934
996	942
996	943
996	946
996	947
996	948
996	951
996	956
996	961
996	967
996	981
996	985
996	986
996	987
996	989
996	994
996	995
996	998
997	444
997	569
997	784
997	786
997	789
997	792
997	797
997	808
997	821
997	840
997	841
997	842
997	849
997	862
997	876
997	878
997	883
997	884
997	886
997	889
997	901
997	902
997	908
997	915
997	923
997	936
997	937
997	944
997	945
997	946
997	953
997	954
997	955
997	958
997	960
997	962
997	967
997	970
997	972
997	974
997	979
997	983
997	989
997	991
997	992
997	998
997	1000
998	1
998	410
998	772
998	792
998	795
998	797
998	810
998	819
998	831
998	834
998	838
998	843
998	844
998	849
998	856
998	864
998	865
998	871
998	873
998	878
998	883
998	885
998	898
998	901
998	902
998	906
998	912
998	926
998	937
998	943
998	945
998	952
998	954
998	959
998	962
998	963
998	965
998	970
998	983
998	988
998	989
998	991
998	993
998	995
998	996
998	997
998	999
998	1000
999	182
999	745
999	771
999	782
999	791
999	816
999	817
999	828
999	831
999	836
999	837
999	842
999	845
999	850
999	857
999	863
999	866
999	873
999	881
999	883
999	896
999	899
999	900
999	903
999	909
999	913
999	914
999	918
999	935
999	936
999	938
999	941
999	946
999	949
999	950
999	957
999	972
999	975
999	978
999	979
999	982
999	983
999	986
999	987
999	992
999	993
999	995
999	998
1000	690
1000	704
1000	784
1000	792
1000	795
1000	806
1000	809
1000	815
1000	821
1000	825
1000	830
1000	854
1000	856
1000	862
1000	868
1000	876
1000	878
1000	883
1000	885
1000	899
1000	926
1000	932
1000	935
1000	937
1000	942
1000	945
1000	952
1000	953
1000	954
1000	955
1000	957
1000	958
1000	962
1000	964
1000	965
1000	966
1000	970
1000	971
1000	972
1000	974
1000	977
1000	983
1000	984
1000	988
1000	989
1000	991
1000	993
1000	997
1000	998
