1	58
1	68
1	95
1	96
1	97
1	99
1	166
1	168
1	179
1	471
2	77
2	124
2	128
2	137
2	145
2	163
2	164
2	174
2	177
2	432
3	61
3	63
3	111
3	123
3	131
3	147
3	163
3	165
3	166
3	405
4	32
4	72
4	128
4	148
4	151
4	155
4	157
4	159
4	181
4	327
5	44
5	78
5	103
5	111
5	124
5	132
5	157
5	174
5	177
5	517
6	32
6	51
6	77
6	140
6	161
6	171
6	172
6	180
6	183
6	806
7	38
7	129
7	143
7	160
7	161
7	164
7	172
7	180
7	183
7	455
8	50
8	57
8	61
8	89
8	151
8	155
8	167
8	171
8	173
8	633
9	29
9	68
9	94
9	153
9	155
9	162
9	169
9	176
9	179
9	325
10	34
10	63
10	64
10	121
10	128
10	137
10	144
10	158
10	165
10	857
11	21
11	77
11	109
11	117
11	123
11	124
11	145
11	163
11	177
11	596
12	49
12	66
12	107
12	129
12	137
12	139
12	154
12	166
12	168
12	758
13	82
13	98
13	139
13	153
13	165
13	166
13	168
13	169
13	179
13	720
14	28
14	52
14	61
14	98
14	109
14	141
14	147
14	165
14	174
14	539
15	62
15	90
15	146
15	151
15	154
15	164
15	181
15	182
15	184
15	726
16	41
16	144
16	149
16	160
16	171
16	172
16	176
16	180
16	183
16	723
17	82
17	115
17	148
17	155
17	164
17	170
17	173
17	177
17	182
17	484
18	104
18	114
18	130
18	141
18	149
18	160
18	161
18	171
18	183
18	379
19	42
19	72
19	118
19	155
19	156
19	159
19	164
19	182
19	184
19	732
20	103
20	106
20	111
20	123
20	140
20	165
20	168
20	174
20	177
20	592
21	11
21	80
21	90
21	138
21	148
21	159
21	170
21	182
21	184
21	536
22	43
22	49
22	113
22	129
22	154
22	169
22	172
22	175
22	179
22	254
23	27
23	67
23	87
23	97
23	120
23	147
23	162
23	168
23	175
23	176
23	867
24	49
24	68
24	107
24	129
24	139
24	156
24	168
24	169
24	176
24	179
24	457
25	62
25	65
25	97
25	100
25	116
25	127
25	133
25	145
25	176
25	179
25	738
26	34
26	36
26	40
26	98
26	103
26	124
26	137
26	163
26	166
26	177
26	832
27	23
27	120
27	158
27	161
27	166
27	168
27	175
27	178
27	179
27	180
27	193
28	14
28	117
28	121
28	122
28	145
28	147
28	163
28	165
28	171
28	180
28	333
29	9
29	96
29	121
29	134
29	143
29	144
29	152
29	156
29	178
29	183
29	801
30	36
30	51
30	52
30	85
30	122
30	151
30	159
30	170
30	182
30	184
30	514
31	55
31	68
31	74
31	129
31	154
31	162
31	168
31	173
31	176
31	179
31	471
32	4
32	6
32	119
32	144
32	151
32	160
32	170
32	181
32	182
32	184
32	335
33	78
33	155
33	159
33	164
33	167
33	172
33	173
33	179
33	181
33	184
33	409
34	10
34	26
34	70
34	137
34	145
34	163
34	165
34	168
34	174
34	549
34	682
35	53
35	65
35	114
35	130
35	158
35	168
35	171
35	172
35	178
35	183
35	473
36	26
36	30
36	65
36	79
36	110
36	133
36	150
36	167
36	168
36	169
36	439
37	56
37	79
37	84
37	93
37	138
37	142
37	154
37	162
37	166
37	179
37	184
37	947
38	7
38	82
38	86
38	102
38	114
38	131
38	157
38	171
38	180
38	183
38	184
38	301
39	76
39	88
39	95
39	121
39	131
39	136
39	143
39	144
39	172
39	180
39	183
39	453
40	26
40	87
40	112
40	122
40	128
40	145
40	147
40	159
40	163
40	174
40	177
40	656
41	16
41	48
41	106
41	111
41	121
41	123
41	132
41	163
41	173
41	177
41	179
41	763
42	19
42	68
42	127
42	132
42	159
42	164
42	173
42	181
42	182
42	184
42	331
42	476
43	22
43	126
43	127
43	142
43	151
43	167
43	173
43	181
43	182
43	183
43	184
43	644
44	5
44	45
44	63
44	87
44	109
44	117
44	137
44	145
44	152
44	174
44	177
44	861
45	44
45	51
45	83
45	89
45	115
45	119
45	170
45	178
45	181
45	182
45	184
45	187
46	72
46	131
46	152
46	161
46	169
46	170
46	171
46	172
46	178
46	180
46	183
46	725
47	67
47	70
47	79
47	85
47	105
47	120
47	130
47	139
47	150
47	153
47	175
47	828
48	41
48	62
48	91
48	111
48	116
48	130
48	145
48	147
48	165
48	174
48	177
48	997
49	12
49	22
49	24
49	71
49	154
49	158
49	168
49	176
49	179
49	839
49	884
50	8
50	51
50	102
50	113
50	139
50	142
50	148
50	164
50	170
50	173
50	181
50	310
51	6
51	30
51	45
51	50
51	75
51	115
51	144
51	159
51	167
51	170
51	181
51	439
52	14
52	30
52	76
52	81
52	119
52	155
52	159
52	167
52	173
52	182
52	184
52	897
53	35
53	112
53	119
53	130
53	140
53	157
53	171
53	172
53	178
53	180
53	183
53	746
54	102
54	108
54	140
54	149
54	152
54	154
54	157
54	175
54	178
54	180
54	183
54	394
55	31
55	62
55	118
55	134
55	143
55	156
55	157
55	171
55	173
55	178
55	183
55	240
56	37
56	62
56	82
56	94
56	101
56	113
56	117
56	143
56	166
56	168
56	175
56	176
56	986
57	8
57	85
57	102
57	127
57	146
57	151
57	154
57	159
57	167
57	170
57	181
57	184
57	540
58	1
58	88
58	97
58	122
58	126
58	141
58	142
58	146
58	154
58	175
58	176
58	179
58	821
59	105
59	131
59	136
59	140
59	153
59	157
59	160
59	161
59	171
59	178
59	179
59	183
59	391
60	66
60	74
60	92
60	93
60	97
60	100
60	114
60	149
60	154
60	158
60	168
60	179
60	463
61	3
61	8
61	14
61	72
61	106
61	111
61	124
61	132
61	147
61	163
61	174
61	177
61	940
62	15
62	25
62	48
62	55
62	56
62	70
62	135
62	154
62	162
62	168
62	169
62	175
62	615
63	3
63	10
63	44
63	74
63	84
63	106
63	122
63	145
63	165
63	174
63	179
63	477
63	941
64	10
64	75
64	80
64	109
64	117
64	128
64	137
64	147
64	148
64	163
64	174
64	177
64	181
64	664
65	25
65	35
65	36
65	70
65	84
65	101
65	106
65	117
65	126
65	133
65	168
65	169
65	752
65	931
66	12
66	60
66	74
66	84
66	99
66	110
66	158
66	162
66	165
66	166
66	169
66	181
66	327
66	978
67	23
67	47
67	90
67	100
67	112
67	117
67	119
67	133
67	141
67	162
67	175
67	176
67	179
67	353
68	1
68	9
68	24
68	31
68	42
68	82
68	98
68	104
68	154
68	160
68	169
68	175
68	179
68	214
69	71
69	75
69	84
69	92
69	105
69	107
69	142
69	159
69	164
69	170
69	182
69	184
69	626
69	952
70	34
70	47
70	62
70	65
70	82
70	93
70	106
70	153
70	163
70	166
70	168
70	176
70	179
70	246
71	49
71	69
71	97
71	101
71	104
71	126
71	141
71	153
71	158
71	163
71	175
71	182
71	304
71	322
72	4
72	19
72	46
72	61
72	81
72	105
72	142
72	159
72	167
72	170
72	173
72	181
72	572
72	952
73	87
73	111
73	113
73	121
73	124
73	128
73	132
73	147
73	155
73	174
73	177
73	182
73	638
73	756
74	31
74	60
74	63
74	66
74	82
74	83
74	93
74	99
74	127
74	141
74	150
74	162
74	176
74	268
75	51
75	64
75	69
75	146
75	151
75	152
75	164
75	167
75	169
75	170
75	173
75	182
75	184
75	280
75	972
76	39
76	52
76	93
76	149
76	156
76	160
76	161
76	171
76	172
76	178
76	180
76	183
76	184
76	448
76	573
77	2
77	6
77	11
77	96
77	116
77	136
77	143
77	149
77	156
77	157
77	172
77	178
77	180
77	614
77	784
78	5
78	33
78	82
78	92
78	107
78	115
78	155
78	167
78	168
78	170
78	173
78	181
78	182
78	681
78	905
79	36
79	37
79	47
79	88
79	97
79	112
79	133
79	153
79	154
79	158
79	161
79	175
79	177
79	183
79	312
80	21
80	64
80	109
80	126
80	132
80	134
80	137
80	145
80	147
80	163
80	165
80	174
80	177
80	244
80	734
81	52
81	72
81	83
81	119
81	134
81	155
81	159
81	167
81	170
81	173
81	176
81	181
81	184
81	329
81	501
82	13
82	17
82	38
82	56
82	68
82	70
82	74
82	78
82	133
82	134
82	141
82	162
82	176
82	179
82	573
83	45
83	74
83	81
83	129
83	135
83	146
83	148
83	151
83	159
83	167
83	170
83	173
83	181
83	184
83	721
84	37
84	63
84	65
84	66
84	69
84	99
84	133
84	139
84	153
84	162
84	164
84	169
84	175
84	176
84	179
84	342
85	30
85	47
85	57
85	92
85	107
85	126
85	148
85	152
85	155
85	164
85	167
85	173
85	181
85	182
85	184
85	749
86	38
86	96
86	103
86	108
86	114
86	141
86	148
86	155
86	156
86	157
86	160
86	171
86	178
86	180
86	183
86	448
87	23
87	40
87	44
87	73
87	109
87	117
87	121
87	122
87	128
87	137
87	147
87	153
87	163
87	173
87	177
87	431
88	39
88	58
88	79
88	109
88	110
88	112
88	115
88	129
88	135
88	141
88	168
88	169
88	176
88	179
88	332
88	990
89	8
89	45
89	115
89	138
89	140
89	142
89	145
89	146
89	148
89	155
89	173
89	178
89	181
89	182
89	183
89	760
90	15
90	21
90	67
90	98
90	115
90	138
90	145
90	155
90	164
90	167
90	170
90	173
90	181
90	184
90	932
90	968
91	48
91	98
91	109
91	111
91	117
91	122
91	124
91	136
91	147
91	148
91	163
91	165
91	173
91	174
91	177
91	677
91	716
92	60
92	69
92	78
92	85
92	119
92	138
92	142
92	155
92	161
92	166
92	167
92	173
92	181
92	182
92	184
92	627
92	998
93	37
93	60
93	70
93	74
93	76
93	95
93	107
93	116
93	141
93	150
93	153
93	158
93	160
93	176
93	179
93	422
93	926
94	9
94	56
94	101
94	120
94	140
94	141
94	153
94	158
94	168
94	169
94	172
94	175
94	176
94	178
94	181
94	665
94	845
95	1
95	39
95	93
95	99
95	108
95	125
95	140
95	149
95	156
95	157
95	160
95	161
95	172
95	178
95	180
95	183
95	727
96	1
96	29
96	77
96	86
96	101
96	111
96	134
96	143
96	144
96	149
96	156
96	160
96	171
96	172
96	178
96	183
96	410
97	1
97	23
97	25
97	58
97	60
97	71
97	79
97	99
97	116
97	120
97	129
97	140
97	147
97	163
97	169
97	176
97	182
97	332
98	13
98	14
98	26
98	68
98	90
98	91
98	103
98	106
98	117
98	122
98	123
98	145
98	147
98	165
98	174
98	176
98	177
98	208
99	1
99	66
99	74
99	84
99	95
99	97
99	112
99	141
99	149
99	150
99	154
99	162
99	166
99	168
99	179
99	180
99	478
99	993
100	25
100	60
100	67
100	112
100	122
100	135
100	139
100	141
100	150
100	154
100	162
100	166
100	174
100	175
100	179
100	181
100	672
100	863
101	56
101	65
101	71
101	94
101	96
101	104
101	113
101	129
101	140
101	141
101	148
101	149
101	153
101	158
101	162
101	166
101	176
101	804
102	38
102	50
102	54
102	57
102	104
102	114
102	118
102	134
102	143
102	149
102	152
102	156
102	161
102	172
102	180
102	183
102	567
102	838
103	5
103	20
103	26
103	86
103	98
103	106
103	117
103	121
103	122
103	132
103	163
103	171
103	174
103	177
103	178
103	183
103	245
103	462
104	18
104	68
104	71
104	101
104	102
104	116
104	128
104	139
104	150
104	154
104	158
104	163
104	166
104	175
104	176
104	179
104	290
104	711
105	47
105	59
105	69
105	72
105	108
105	125
105	143
105	144
105	152
105	156
105	157
105	160
105	161
105	171
105	172
105	178
105	311
105	523
106	20
106	41
106	61
106	63
106	65
106	70
106	98
106	103
106	110
106	111
106	122
106	132
106	137
106	145
106	165
106	177
106	180
106	222
106	314
107	12
107	24
107	69
107	78
107	85
107	93
107	113
107	138
107	146
107	151
107	155
107	164
107	167
107	173
107	181
107	182
107	184
107	602
107	693
108	54
108	86
108	95
108	105
108	125
108	130
108	131
108	132
108	138
108	140
108	152
108	160
108	161
108	171
108	176
108	178
108	180
108	888
108	961
109	11
109	14
109	44
109	64
109	80
109	87
109	88
109	91
109	117
109	125
109	132
109	155
109	163
109	165
109	171
109	174
109	177
109	708
109	969
110	36
110	66
110	88
110	106
110	112
110	133
110	134
110	135
110	141
110	153
110	160
110	162
110	166
110	169
110	175
110	176
110	182
110	282
110	340
111	3
111	5
111	20
111	41
111	48
111	61
111	73
111	91
111	96
111	106
111	128
111	131
111	137
111	138
111	139
111	163
111	174
111	177
111	275
112	40
112	53
112	67
112	79
112	88
112	99
112	100
112	110
112	116
112	124
112	126
112	135
112	143
112	153
112	168
112	176
112	179
112	732
112	986
113	22
113	50
113	56
113	73
113	101
113	107
113	126
113	133
113	135
113	141
113	150
113	158
113	162
113	169
113	175
113	176
113	179
113	180
113	352
113	915
114	18
114	35
114	38
114	60
114	86
114	102
114	130
114	143
114	144
114	160
114	162
114	171
114	172
114	175
114	178
114	179
114	180
114	183
114	662
114	846
115	17
115	45
115	51
115	78
115	88
115	89
115	90
115	119
115	127
115	148
115	155
115	159
115	168
115	173
115	174
115	178
115	181
115	184
115	770
115	943
116	25
116	48
116	77
116	93
116	97
116	104
116	112
116	120
116	123
116	125
116	129
116	139
116	150
116	154
116	158
116	166
116	169
116	179
116	587
116	754
117	11
117	28
117	44
117	56
117	64
117	65
117	67
117	87
117	91
117	98
117	103
117	109
117	124
117	137
117	165
117	174
117	175
117	177
117	404
117	865
118	19
118	55
118	102
118	131
118	134
118	136
118	138
118	143
118	146
118	149
118	152
118	157
118	171
118	172
118	178
118	179
118	180
118	183
118	280
118	908
119	32
119	45
119	52
119	53
119	67
119	81
119	92
119	115
119	142
119	146
119	148
119	153
119	159
119	164
119	170
119	173
119	176
119	182
119	184
119	451
119	970
120	23
120	27
120	47
120	94
120	97
120	116
120	126
120	131
120	135
120	137
120	144
120	150
120	153
120	166
120	169
120	173
120	175
120	176
120	179
120	475
120	616
121	10
121	28
121	29
121	39
121	41
121	73
121	87
121	103
121	122
121	123
121	124
121	132
121	145
121	146
121	147
121	163
121	165
121	169
121	174
121	683
121	747
122	28
122	30
122	40
122	58
122	63
122	87
122	91
122	98
122	100
122	103
122	106
122	121
122	123
122	128
122	159
122	163
122	174
122	177
122	180
122	333
122	712
123	3
123	11
123	20
123	41
123	98
123	116
123	121
123	122
123	124
123	128
123	132
123	137
123	147
123	148
123	155
123	163
123	165
123	167
123	174
123	708
123	976
124	2
124	5
124	11
124	26
124	61
124	73
124	91
124	112
124	117
124	121
124	123
124	126
124	128
124	132
124	165
124	172
124	174
124	177
124	181
124	323
124	671
125	95
125	105
125	108
125	109
125	116
125	130
125	134
125	136
125	140
125	144
125	149
125	152
125	157
125	164
125	165
125	172
125	178
125	180
125	183
125	556
125	697
126	43
126	58
126	65
126	71
126	80
126	85
126	112
126	113
126	120
126	124
126	133
126	153
126	158
126	162
126	166
126	169
126	176
126	179
126	180
126	348
126	984
127	25
127	42
127	43
127	57
127	74
127	115
127	139
127	142
127	148
127	151
127	162
127	164
127	167
127	170
127	173
127	181
127	182
127	184
127	373
127	765
127	965
128	2
128	4
128	10
128	40
128	64
128	73
128	87
128	104
128	111
128	122
128	123
128	124
128	145
128	147
128	153
128	165
128	171
128	174
128	177
128	357
128	528
129	7
129	12
129	22
129	24
129	31
129	83
129	88
129	97
129	101
129	116
129	132
129	133
129	139
129	154
129	158
129	162
129	164
129	166
129	169
129	177
129	367
129	750
130	18
130	35
130	47
130	48
130	53
130	108
130	114
130	125
130	139
130	140
130	143
130	144
130	149
130	156
130	161
130	172
130	174
130	178
130	180
130	347
130	505
130	959
131	3
131	38
131	39
131	46
131	59
131	108
131	111
131	118
131	120
131	134
131	144
131	156
131	157
131	161
131	170
131	171
131	172
131	178
131	180
131	183
131	256
131	760
132	5
132	41
132	42
132	61
132	73
132	80
132	103
132	106
132	108
132	109
132	121
132	123
132	124
132	129
132	137
132	145
132	152
132	163
132	165
132	174
132	177
132	323
132	463
133	25
133	36
133	65
133	67
133	79
133	82
133	84
133	110
133	113
133	126
133	129
133	139
133	141
133	147
133	156
133	157
133	158
133	168
133	170
133	175
133	179
133	472
133	570
134	29
134	55
134	80
134	81
134	82
134	96
134	102
134	110
134	118
134	125
134	131
134	140
134	144
134	149
134	156
134	157
134	161
134	166
134	178
134	180
134	183
134	628
134	946
135	62
135	83
135	88
135	100
135	110
135	112
135	113
135	120
135	141
135	150
135	151
135	158
135	159
135	162
135	166
135	167
135	170
135	175
135	176
135	179
135	293
135	594
135	997
136	39
136	59
136	77
136	91
136	118
136	125
136	140
136	145
136	149
136	152
136	156
136	157
136	158
136	160
136	161
136	171
136	172
136	178
136	180
136	182
136	183
136	344
136	369
136	396
137	2
137	10
137	12
137	26
137	34
137	44
137	64
137	80
137	87
137	106
137	111
137	117
137	120
137	123
137	132
137	145
137	149
137	150
137	165
137	174
137	177
137	181
137	241
137	527
138	21
138	37
138	89
138	90
138	92
138	107
138	108
138	111
138	118
138	146
138	148
138	151
138	155
138	159
138	164
138	167
138	168
138	170
138	173
138	181
138	182
138	184
138	232
138	495
139	12
139	13
139	24
139	47
139	50
139	84
139	100
139	104
139	111
139	116
139	127
139	129
139	130
139	133
139	150
139	154
139	158
139	169
139	174
139	175
139	176
139	179
139	205
139	663
139	943
140	6
140	20
140	53
140	54
140	59
140	89
140	94
140	95
140	97
140	101
140	108
140	125
140	130
140	134
140	136
140	152
140	157
140	160
140	161
140	172
140	180
140	183
140	547
140	877
140	973
141	14
141	18
141	58
141	67
141	71
141	74
141	82
141	86
141	88
141	93
141	94
141	99
141	100
141	101
141	110
141	113
141	133
141	135
141	153
141	162
141	175
141	183
141	184
141	667
141	993
142	37
142	43
142	50
142	58
142	69
142	72
142	89
142	92
142	119
142	127
142	146
142	148
142	151
142	155
142	161
142	164
142	167
142	170
142	173
142	177
142	180
142	181
142	182
142	184
142	617
142	716
143	7
143	29
143	39
143	55
143	56
143	77
143	96
143	102
143	105
143	112
143	114
143	118
143	130
143	149
143	150
143	152
143	156
143	157
143	170
143	171
143	172
143	174
143	180
143	183
143	256
143	272
144	10
144	16
144	29
144	32
144	39
144	51
144	96
144	105
144	114
144	120
144	125
144	130
144	131
144	134
144	149
144	152
144	160
144	171
144	172
144	174
144	175
144	178
144	180
144	183
144	562
144	630
144	705
145	2
145	11
145	25
145	28
145	34
145	40
145	44
145	48
145	63
145	80
145	89
145	90
145	98
145	106
145	121
145	128
145	132
145	136
145	137
145	163
145	165
145	174
145	177
145	184
145	274
145	710
145	998
146	15
146	57
146	58
146	75
146	83
146	89
146	107
146	118
146	119
146	121
146	138
146	142
146	148
146	155
146	159
146	162
146	164
146	167
146	169
146	170
146	173
146	181
146	182
146	184
146	764
146	907
146	957
147	3
147	14
147	23
147	28
147	40
147	48
147	61
147	64
147	73
147	80
147	87
147	91
147	97
147	98
147	121
147	123
147	128
147	133
147	151
147	163
147	165
147	174
147	177
147	180
147	182
147	446
147	999
148	4
148	17
148	21
148	50
148	64
148	83
148	85
148	86
148	89
148	91
148	101
148	115
148	119
148	123
148	127
148	138
148	142
148	146
148	151
148	155
148	167
148	170
148	173
148	182
148	184
148	343
148	662
148	953
149	16
149	18
149	54
149	60
149	76
149	77
149	95
149	96
149	99
149	101
149	102
149	118
149	125
149	130
149	134
149	136
149	137
149	143
149	144
149	150
149	152
149	161
149	171
149	178
149	180
149	183
149	722
149	883
149	977
150	36
150	47
150	74
150	93
150	99
150	100
150	104
150	113
150	116
150	120
150	135
150	137
150	139
150	143
150	149
150	153
150	154
150	163
150	166
150	168
150	169
150	175
150	176
150	177
150	178
150	179
150	340
150	661
150	885
151	4
151	8
151	15
151	30
151	32
151	43
151	57
151	75
151	83
151	107
151	127
151	135
151	138
151	142
151	147
151	148
151	159
151	160
151	163
151	164
151	167
151	173
151	175
151	181
151	182
151	184
151	574
151	745
151	774
152	29
152	44
152	46
152	54
152	75
152	85
152	102
152	105
152	108
152	118
152	125
152	132
152	136
152	140
152	143
152	144
152	149
152	156
152	157
152	160
152	171
152	172
152	175
152	178
152	179
152	180
152	183
152	464
152	639
152	668
153	9
153	13
153	47
153	59
153	70
153	71
153	79
153	84
153	87
153	93
153	94
153	101
153	110
153	112
153	119
153	120
153	126
153	128
153	141
153	150
153	154
153	158
153	166
153	167
153	168
153	169
153	175
153	184
153	497
153	740
153	799
154	12
154	15
154	22
154	31
154	37
154	49
154	54
154	57
154	58
154	60
154	62
154	68
154	79
154	99
154	100
154	104
154	116
154	129
154	139
154	150
154	153
154	156
154	158
154	171
154	175
154	176
154	177
154	250
154	450
154	663
154	699
155	4
155	8
155	9
155	17
155	19
155	33
155	52
155	73
155	78
155	81
155	85
155	86
155	89
155	90
155	92
155	107
155	109
155	115
155	123
155	138
155	142
155	146
155	148
155	164
155	167
155	168
155	181
155	182
155	201
155	695
155	750
156	19
156	24
156	29
156	55
156	76
156	77
156	86
156	95
156	96
156	102
156	105
156	130
156	131
156	133
156	134
156	136
156	143
156	152
156	154
156	157
156	160
156	161
156	171
156	172
156	174
156	178
156	180
156	182
156	252
156	341
156	749
157	4
157	5
157	38
157	53
157	54
157	55
157	59
157	77
157	86
157	95
157	105
157	118
157	125
157	131
157	133
157	134
157	136
157	140
157	143
157	152
157	156
157	160
157	161
157	172
157	175
157	176
157	178
157	183
157	184
157	212
157	428
157	924
158	10
158	27
158	35
158	49
158	60
158	66
158	71
158	79
158	93
158	94
158	101
158	104
158	113
158	116
158	126
158	129
158	133
158	135
158	136
158	139
158	153
158	154
158	162
158	166
158	168
158	173
158	175
158	181
158	182
158	184
158	466
158	716
158	759
159	4
159	19
159	21
159	30
159	33
159	40
159	42
159	51
159	52
159	57
159	69
159	72
159	81
159	83
159	115
159	119
159	122
159	135
159	138
159	146
159	151
159	162
159	164
159	170
159	171
159	172
159	173
159	181
159	182
159	184
159	758
159	944
159	951
160	7
160	16
160	18
160	32
160	59
160	68
160	76
160	86
160	93
160	95
160	96
160	105
160	108
160	110
160	114
160	136
160	140
160	144
160	151
160	152
160	156
160	157
160	161
160	171
160	172
160	177
160	178
160	180
160	182
160	247
160	564
160	758
160	969
161	6
161	7
161	18
161	27
161	46
161	59
161	76
161	79
161	92
161	95
161	102
161	105
161	108
161	130
161	131
161	134
161	136
161	140
161	142
161	149
161	156
161	157
161	160
161	169
161	171
161	172
161	178
161	179
161	180
161	183
161	446
161	570
161	578
161	580
162	9
162	23
162	31
162	37
162	62
162	66
162	67
162	74
162	82
162	84
162	99
162	100
162	101
162	110
162	113
162	114
162	126
162	127
162	129
162	135
162	141
162	146
162	158
162	159
162	166
162	167
162	168
162	169
162	173
162	175
162	182
162	375
162	424
162	678
163	2
163	3
163	11
163	26
163	28
163	34
163	40
163	41
163	61
163	64
163	70
163	71
163	80
163	87
163	91
163	97
163	103
163	104
163	109
163	111
163	121
163	122
163	123
163	132
163	145
163	147
163	150
163	151
163	165
163	169
163	174
163	177
163	420
163	686
163	738
164	2
164	7
164	15
164	17
164	19
164	33
164	42
164	50
164	69
164	75
164	84
164	85
164	90
164	107
164	119
164	125
164	127
164	129
164	138
164	142
164	146
164	151
164	155
164	159
164	167
164	170
164	172
164	173
164	180
164	181
164	182
164	184
164	419
164	627
164	670
164	962
165	3
165	10
165	13
165	14
165	20
165	28
165	34
165	48
165	63
165	66
165	80
165	91
165	98
165	106
165	109
165	117
165	121
165	123
165	124
165	125
165	128
165	132
165	137
165	145
165	147
165	163
165	166
165	172
165	174
165	175
165	176
165	177
165	349
165	455
165	521
165	525
166	1
166	3
166	12
166	13
166	26
166	27
166	37
166	56
166	66
166	70
166	92
166	99
166	100
166	101
166	104
166	110
166	116
166	120
166	126
166	129
166	134
166	135
166	150
166	153
166	158
166	162
166	165
166	168
166	169
166	170
166	175
166	179
166	183
166	429
166	740
166	909
166	978
167	8
167	33
167	36
167	43
167	51
167	52
167	57
167	72
167	75
167	78
167	81
167	83
167	85
167	90
167	92
167	107
167	123
167	127
167	135
167	138
167	142
167	146
167	148
167	151
167	153
167	155
167	162
167	164
167	170
167	176
167	177
167	181
167	182
167	184
167	361
167	692
167	758
167	882
168	1
168	12
168	13
168	20
168	23
168	24
168	27
168	31
168	34
168	35
168	36
168	49
168	56
168	60
168	62
168	65
168	70
168	78
168	88
168	94
168	99
168	112
168	115
168	133
168	138
168	150
168	153
168	155
168	158
168	162
168	166
168	169
168	175
168	176
168	184
168	581
168	653
168	722
168	751
169	9
169	13
169	22
169	24
169	36
169	46
169	62
169	65
169	66
169	68
169	75
169	84
169	88
169	94
169	97
169	110
169	113
169	116
169	120
169	121
169	126
169	129
169	139
169	146
169	150
169	153
169	161
169	162
169	163
169	166
169	168
169	175
169	176
169	181
169	183
169	554
169	566
169	690
169	709
170	17
170	21
170	30
170	32
170	45
170	46
170	50
170	51
170	57
170	69
170	72
170	75
170	78
170	81
170	83
170	90
170	119
170	127
170	131
170	133
170	135
170	138
170	142
170	143
170	146
170	148
170	159
170	164
170	166
170	167
170	173
170	174
170	176
170	181
170	182
170	184
170	281
170	460
170	711
170	825
171	6
171	8
171	16
171	18
171	28
171	35
171	38
171	46
171	53
171	55
171	59
171	76
171	86
171	96
171	103
171	105
171	108
171	109
171	114
171	118
171	128
171	131
171	136
171	143
171	144
171	149
171	152
171	154
171	156
171	159
171	160
171	161
171	174
171	178
171	180
171	183
171	299
171	575
171	760
171	917
172	6
172	7
172	16
172	22
172	33
172	35
172	39
172	46
172	53
172	76
172	77
172	94
172	95
172	96
172	102
172	105
172	114
172	118
172	124
172	125
172	130
172	131
172	136
172	140
172	143
172	144
172	152
172	156
172	157
172	159
172	160
172	161
172	164
172	165
172	178
172	179
172	180
172	181
172	183
172	616
172	706
172	887
172	948
173	8
173	17
173	31
173	33
173	41
173	42
173	43
173	50
173	52
173	55
173	72
173	75
173	78
173	81
173	83
173	85
173	87
173	89
173	90
173	91
173	92
173	107
173	115
173	119
173	120
173	127
173	138
173	142
173	146
173	148
173	151
173	158
173	159
173	162
173	164
173	170
173	181
173	182
173	184
173	510
173	607
173	686
173	906
174	2
174	5
174	14
174	20
174	34
174	40
174	44
174	48
174	61
174	63
174	64
174	73
174	80
174	91
174	98
174	100
174	103
174	109
174	111
174	115
174	117
174	121
174	122
174	123
174	124
174	128
174	130
174	132
174	137
174	139
174	143
174	144
174	145
174	147
174	156
174	163
174	165
174	170
174	171
174	177
174	236
174	660
174	724
174	764
175	22
175	23
175	27
175	47
175	54
175	56
175	58
175	62
175	67
175	68
175	71
175	79
175	84
175	94
175	100
175	104
175	110
175	113
175	114
175	117
175	120
175	133
175	135
175	139
175	141
175	144
175	150
175	151
175	152
175	153
175	154
175	157
175	158
175	162
175	165
175	166
175	168
175	169
175	178
175	321
175	591
175	762
175	841
175	987
176	9
176	16
176	23
176	24
176	25
176	31
176	49
176	56
176	58
176	67
176	70
176	74
176	81
176	82
176	84
176	88
176	93
176	94
176	97
176	98
176	101
176	104
176	108
176	110
176	112
176	113
176	119
176	120
176	126
176	135
176	139
176	150
176	154
176	157
176	165
176	167
176	168
176	169
176	170
176	179
176	747
176	932
176	969
176	976
177	2
177	5
177	11
177	17
177	20
177	26
177	40
177	41
177	44
177	48
177	61
177	64
177	73
177	79
177	80
177	87
177	91
177	98
177	103
177	106
177	109
177	111
177	117
177	122
177	124
177	128
177	129
177	132
177	137
177	142
177	145
177	147
177	150
177	154
177	160
177	163
177	165
177	167
177	174
177	183
177	305
177	460
177	944
177	949
178	27
178	29
178	35
178	45
178	46
178	53
178	54
178	55
178	59
178	76
178	77
178	86
178	89
178	94
178	95
178	96
178	103
178	105
178	108
178	114
178	115
178	118
178	125
178	130
178	131
178	134
178	136
178	144
178	149
178	150
178	152
178	156
178	157
178	160
178	161
178	171
178	172
178	175
178	180
178	183
178	544
178	597
178	619
178	724
178	959
179	1
179	9
179	13
179	22
179	24
179	25
179	27
179	31
179	33
179	37
179	41
179	49
179	58
179	59
179	60
179	63
179	67
179	68
179	70
179	82
179	84
179	88
179	93
179	99
179	100
179	104
179	112
179	113
179	114
179	116
179	118
179	120
179	126
179	133
179	135
179	139
179	150
179	152
179	161
179	166
179	172
179	176
179	266
179	315
179	974
179	985
179	999
180	6
180	7
180	16
180	27
180	28
180	38
180	39
180	46
180	53
180	54
180	76
180	77
180	86
180	95
180	99
180	102
180	106
180	108
180	113
180	114
180	118
180	122
180	125
180	126
180	130
180	131
180	134
180	136
180	140
180	142
180	143
180	144
180	147
180	149
180	152
180	156
180	160
180	161
180	164
180	171
180	172
180	178
180	183
180	185
180	762
180	951
180	995
181	4
181	15
181	32
181	33
181	42
181	43
181	45
181	50
181	51
181	57
181	64
181	66
181	72
181	78
181	81
181	83
181	85
181	89
181	90
181	92
181	94
181	100
181	107
181	115
181	124
181	127
181	137
181	138
181	142
181	146
181	151
181	155
181	158
181	159
181	164
181	167
181	169
181	170
181	172
181	173
181	182
181	183
181	184
181	652
181	734
181	850
181	950
182	15
182	17
182	19
182	21
182	30
182	32
182	42
182	43
182	45
182	52
182	69
182	71
182	73
182	75
182	78
182	85
182	89
182	92
182	97
182	107
182	110
182	119
182	127
182	136
182	138
182	142
182	146
182	147
182	148
182	151
182	155
182	156
182	158
182	159
182	160
182	162
182	164
182	167
182	170
182	173
182	181
182	184
182	692
182	731
182	756
182	964
182	995
183	6
183	7
183	16
183	18
183	29
183	35
183	38
183	39
183	43
183	46
183	53
183	54
183	55
183	59
183	76
183	79
183	86
183	89
183	95
183	96
183	102
183	103
183	114
183	118
183	125
183	131
183	134
183	136
183	140
183	141
183	143
183	144
183	149
183	152
183	157
183	161
183	166
183	169
183	171
183	172
183	177
183	178
183	180
183	181
183	184
183	437
183	611
183	648
183	924
184	15
184	19
184	21
184	30
184	32
184	33
184	37
184	38
184	42
184	43
184	45
184	52
184	57
184	69
184	75
184	76
184	81
184	83
184	85
184	90
184	92
184	107
184	115
184	119
184	127
184	138
184	141
184	142
184	145
184	146
184	148
184	151
184	153
184	157
184	158
184	159
184	164
184	167
184	168
184	170
184	173
184	181
184	182
184	183
184	284
184	380
184	545
184	884
184	956
185	180
185	212
185	223
185	236
185	237
185	261
185	263
185	315
185	337
185	343
186	242
186	255
186	279
186	311
186	313
186	314
186	335
186	340
186	344
186	971
187	45
187	214
187	273
187	293
187	300
187	334
187	336
187	338
187	339
187	344
188	224
188	242
188	263
188	269
188	277
188	316
188	335
188	342
188	343
188	963
189	260
189	286
189	297
189	302
189	304
189	319
189	320
189	324
189	325
189	638
190	204
190	218
190	270
190	303
190	313
190	318
190	337
190	340
190	341
190	811
191	235
191	258
191	272
191	312
191	320
191	323
191	324
191	340
191	341
191	587
192	217
192	275
192	311
192	327
192	331
192	342
192	343
192	344
192	345
192	780
193	27
193	199
193	229
193	238
193	250
193	274
193	293
193	319
193	322
193	330
194	198
194	317
194	328
194	329
194	330
194	332
194	333
194	341
194	761
195	264
195	290
195	310
195	322
195	334
195	336
195	338
195	339
195	344
195	647
196	257
196	265
196	282
196	296
196	317
196	319
196	335
196	341
196	344
196	979
197	258
197	280
197	285
197	301
197	312
197	319
197	320
197	325
197	337
197	474
198	194
198	210
198	283
198	289
198	314
198	328
198	329
198	331
198	333
198	670
199	193
199	236
199	268
199	292
199	308
199	326
199	328
199	332
199	341
199	711
200	293
200	296
200	298
200	299
200	311
200	334
200	336
200	338
200	344
200	579
201	155
201	287
201	298
201	299
201	303
201	317
201	330
201	338
201	339
201	344
202	223
202	240
202	262
202	304
202	320
202	321
202	323
202	324
202	325
202	1000
203	216
203	224
203	231
203	254
203	262
203	297
203	301
203	312
203	320
203	742
204	190
204	239
204	281
204	295
204	319
204	331
204	335
204	342
204	345
204	666
205	139
205	244
205	252
205	287
205	305
205	326
205	336
205	338
205	339
205	340
205	344
206	233
206	241
206	276
206	282
206	309
206	314
206	333
206	335
206	337
206	340
206	471
207	264
207	267
207	281
207	302
207	306
207	309
207	314
207	330
207	337
207	340
207	996
208	98
208	225
208	267
208	307
208	315
208	333
208	335
208	340
208	342
208	343
208	345
209	234
209	235
209	256
209	265
209	270
209	288
209	306
209	317
209	322
209	341
209	842
210	198
210	227
210	232
210	264
210	300
210	330
210	336
210	338
210	339
210	344
210	558
211	276
211	281
211	306
211	324
211	327
211	331
211	335
211	342
211	343
211	345
211	735
212	157
212	185
212	239
212	261
212	277
212	291
212	314
212	315
212	327
212	332
212	345
213	219
213	229
213	247
213	266
213	267
213	294
213	321
213	335
213	343
213	345
213	706
214	68
214	187
214	257
214	271
214	279
214	318
214	332
214	333
214	337
214	339
214	999
215	230
215	261
215	263
215	268
215	276
215	307
215	321
215	327
215	335
215	345
215	474
216	203
216	224
216	285
216	297
216	301
216	311
216	312
216	313
216	320
216	324
216	343
216	640
217	192
217	225
217	277
217	281
217	299
217	316
217	324
217	327
217	331
217	343
217	345
217	665
218	190
218	241
218	244
218	265
218	269
218	270
218	282
218	306
218	322
218	329
218	337
218	916
219	213
219	240
219	258
219	268
219	273
219	321
219	331
219	335
219	342
219	343
219	345
219	695
220	241
220	250
220	255
220	258
220	267
220	300
220	318
220	329
220	330
220	332
220	333
220	530
221	247
221	256
221	259
221	299
221	300
221	305
221	334
221	336
221	338
221	339
221	344
221	897
222	106
222	282
222	287
222	297
222	299
222	300
222	303
222	326
222	334
222	339
222	344
222	684
223	185
223	202
223	243
223	258
223	272
223	285
223	286
223	294
223	324
223	325
223	328
223	667
224	188
224	203
224	216
224	285
224	288
224	294
224	304
224	312
224	323
224	324
224	515
224	929
225	208
225	217
225	261
225	306
225	309
225	314
225	335
225	342
225	343
225	345
225	702
225	759
226	260
226	272
226	273
226	274
226	286
226	294
226	301
226	304
226	323
226	324
226	325
226	701
227	210
227	274
227	288
227	292
227	298
227	327
227	333
227	334
227	338
227	339
227	344
227	902
228	237
228	245
228	250
228	290
228	302
228	311
228	318
228	326
228	332
228	338
228	340
228	406
229	193
229	213
229	265
229	302
229	310
229	313
229	326
229	330
229	332
229	341
229	871
229	981
230	215
230	246
230	274
230	290
230	316
230	334
230	336
230	338
230	339
230	344
230	345
230	875
231	203
231	233
231	257
231	289
231	303
231	308
231	326
231	328
231	333
231	341
231	343
231	435
232	138
232	210
232	233
232	255
232	264
232	292
232	293
232	299
232	334
232	336
232	338
232	339
232	344
233	206
233	231
233	232
233	248
233	271
233	309
233	311
233	319
233	328
233	333
233	337
233	338
233	880
234	209
234	251
234	272
234	296
234	301
234	302
234	304
234	318
234	326
234	329
234	330
234	340
234	892
235	191
235	209
235	260
235	262
235	279
235	280
235	294
235	297
235	323
235	324
235	325
235	334
235	672
236	174
236	185
236	199
236	247
236	267
236	275
236	276
236	278
236	288
236	327
236	335
236	343
236	345
237	185
237	228
237	266
237	275
237	277
237	291
237	307
237	309
237	321
237	331
237	342
237	345
237	440
238	193
238	241
238	256
238	265
238	281
238	285
238	308
238	309
238	317
238	322
238	329
238	333
238	563
239	204
239	212
239	242
239	256
239	260
239	295
239	307
239	310
239	315
239	327
239	342
239	345
239	992
240	55
240	202
240	219
240	257
240	278
240	307
240	308
240	316
240	321
240	327
240	335
240	342
240	343
240	896
241	137
241	206
241	218
241	220
241	238
241	271
241	294
241	304
241	327
241	329
241	332
241	337
241	341
241	702
242	186
242	188
242	239
242	253
242	255
242	265
242	289
242	296
242	302
242	306
242	330
242	337
242	340
242	661
243	223
243	280
243	285
243	294
243	297
243	301
243	303
243	304
243	312
243	320
243	323
243	340
243	466
243	658
244	80
244	205
244	218
244	249
244	259
244	269
244	287
244	288
244	298
244	300
244	324
244	336
244	339
244	344
245	103
245	228
245	283
245	313
245	314
245	318
245	322
245	325
245	333
245	336
245	337
245	341
245	342
245	568
246	70
246	230
246	251
246	264
246	277
246	292
246	298
246	300
246	305
246	326
246	336
246	338
246	339
246	344
247	160
247	213
247	221
247	236
247	276
247	291
247	307
247	320
247	331
247	335
247	342
247	343
247	345
247	746
248	233
248	259
248	266
248	275
248	281
248	295
248	310
248	316
248	331
248	335
248	342
248	343
248	649
248	729
249	244
249	287
249	290
249	292
249	294
249	299
249	303
249	305
249	323
249	336
249	338
249	344
249	698
249	864
250	154
250	193
250	220
250	228
250	296
250	309
250	317
250	326
250	327
250	329
250	332
250	338
250	341
250	829
251	234
251	246
251	282
251	296
251	297
251	322
251	326
251	328
251	332
251	333
251	336
251	340
251	341
251	685
251	930
252	156
252	205
252	284
252	287
252	293
252	298
252	300
252	303
252	305
252	308
252	327
252	334
252	338
252	342
252	344
253	242
253	268
253	287
253	290
253	293
253	300
253	303
253	312
253	334
253	336
253	338
253	339
253	344
253	629
253	677
254	22
254	203
254	256
254	265
254	271
254	306
254	315
254	326
254	329
254	330
254	333
254	338
254	340
254	341
254	741
255	186
255	220
255	232
255	242
255	256
255	283
255	296
255	308
255	314
255	320
255	326
255	331
255	340
255	734
255	904
256	131
256	143
256	209
256	221
256	238
256	239
256	254
256	255
256	265
256	287
256	308
256	314
256	328
256	337
256	340
257	196
257	214
257	231
257	240
257	279
257	299
257	308
257	313
257	317
257	318
257	328
257	340
257	341
257	907
257	985
258	191
258	197
258	219
258	220
258	223
258	260
258	280
258	285
258	286
258	294
258	320
258	324
258	325
258	328
258	343
258	623
259	221
259	244
259	248
259	266
259	288
259	292
259	293
259	303
259	329
259	334
259	336
259	338
259	339
259	344
259	477
259	876
260	189
260	226
260	235
260	239
260	258
260	272
260	286
260	294
260	304
260	305
260	311
260	312
260	320
260	323
260	614
260	674
261	185
261	212
261	215
261	225
261	269
261	278
261	291
261	315
261	326
261	327
261	329
261	340
261	342
261	343
261	345
261	956
262	202
262	203
262	235
262	280
262	283
262	297
262	301
262	304
262	312
262	316
262	320
262	323
262	325
262	341
262	751
262	798
263	185
263	188
263	215
263	289
263	295
263	297
263	307
263	310
263	318
263	321
263	327
263	331
263	342
263	343
263	345
263	508
264	195
264	207
264	210
264	232
264	246
264	291
264	299
264	300
264	303
264	304
264	334
264	336
264	339
264	344
264	475
264	586
265	196
265	209
265	218
265	229
265	238
265	242
265	254
265	256
265	314
265	325
265	329
265	337
265	339
265	342
265	781
265	836
266	179
266	213
266	237
266	248
266	259
266	269
266	278
266	281
266	302
266	307
266	310
266	315
266	321
266	323
266	335
266	342
266	914
267	207
267	208
267	213
267	220
267	236
267	273
267	275
267	277
267	293
267	315
267	321
267	327
267	335
267	341
267	342
267	345
267	640
268	74
268	199
268	215
268	219
268	253
268	279
268	282
268	289
268	296
268	306
268	319
268	322
268	328
268	333
268	338
268	340
268	480
269	188
269	218
269	244
269	261
269	266
269	273
269	275
269	281
269	290
269	291
269	299
269	307
269	316
269	331
269	343
269	345
269	703
270	190
270	209
270	218
270	279
270	281
270	283
270	291
270	305
270	306
270	313
270	314
270	317
270	319
270	330
270	332
270	333
270	560
271	214
271	233
271	241
271	254
271	283
271	284
271	307
271	308
271	309
271	313
271	329
271	330
271	337
271	340
271	341
271	345
271	938
271	941
272	143
272	191
272	223
272	226
272	234
272	260
272	280
272	285
272	286
272	301
272	304
272	308
272	320
272	324
272	325
272	331
272	339
272	992
273	187
273	219
273	226
273	267
273	269
273	277
273	291
273	303
273	316
273	321
273	327
273	331
273	341
273	342
273	343
273	345
273	649
273	654
274	145
274	193
274	226
274	227
274	230
274	284
274	287
274	288
274	290
274	292
274	303
274	318
274	332
274	334
274	338
274	339
274	344
274	430
275	111
275	192
275	236
275	237
275	248
275	267
275	269
275	278
275	289
275	310
275	316
275	322
275	327
275	342
275	343
275	344
275	345
275	608
276	206
276	211
276	215
276	236
276	247
276	291
276	295
276	310
276	315
276	316
276	323
276	331
276	333
276	335
276	343
276	345
276	709
276	730
277	188
277	212
277	217
277	237
277	246
277	267
277	273
277	278
277	295
277	315
277	319
277	327
277	332
277	341
277	343
277	345
277	452
277	559
278	236
278	240
278	261
278	266
278	275
278	277
278	287
278	291
278	296
278	315
278	316
278	328
278	331
278	342
278	343
278	345
278	674
278	723
279	186
279	214
279	235
279	257
279	268
279	270
279	282
279	297
279	302
279	306
279	308
279	310
279	322
279	325
279	332
279	337
279	341
279	755
280	75
280	118
280	197
280	235
280	243
280	258
280	262
280	272
280	286
280	297
280	301
280	318
280	319
280	320
280	324
280	325
280	330
280	334
281	170
281	204
281	207
281	211
281	217
281	238
281	248
281	266
281	269
281	270
281	287
281	310
281	321
281	331
281	335
281	342
281	343
281	557
282	110
282	196
282	206
282	218
282	222
282	251
282	268
282	279
282	301
282	302
282	303
282	308
282	309
282	311
282	313
282	327
282	330
282	744
283	198
283	245
283	255
283	262
283	270
283	271
283	289
283	296
283	309
283	317
283	318
283	326
283	333
283	335
283	338
283	340
283	343
283	928
283	975
284	184
284	252
284	271
284	274
284	288
284	290
284	299
284	300
284	303
284	305
284	309
284	310
284	334
284	336
284	337
284	338
284	339
284	344
284	454
285	197
285	216
285	223
285	224
285	238
285	243
285	258
285	272
285	286
285	297
285	301
285	304
285	312
285	323
285	325
285	334
285	344
285	360
285	618
286	189
286	223
286	226
286	258
286	260
286	272
286	280
286	285
286	294
286	312
286	314
286	323
286	324
286	325
286	329
286	344
286	345
286	684
286	954
287	201
287	205
287	222
287	244
287	249
287	252
287	253
287	256
287	274
287	278
287	281
287	292
287	293
287	320
287	338
287	339
287	344
287	679
287	717
288	209
288	224
288	227
288	236
288	244
288	259
288	274
288	284
288	290
288	298
288	305
288	329
288	334
288	336
288	338
288	339
288	344
288	930
288	986
289	198
289	231
289	242
289	263
289	268
289	275
289	283
289	306
289	312
289	318
289	319
289	328
289	329
289	330
289	331
289	337
289	340
289	707
289	831
290	104
290	195
290	228
290	230
290	249
290	253
290	269
290	274
290	284
290	288
290	293
290	305
290	318
290	319
290	334
290	336
290	338
290	344
290	835
291	212
291	237
291	247
291	261
291	264
291	269
291	270
291	273
291	276
291	278
291	300
291	307
291	310
291	311
291	331
291	335
291	343
291	345
291	719
291	951
292	199
292	227
292	232
292	246
292	249
292	259
292	274
292	287
292	293
292	298
292	305
292	306
292	307
292	334
292	336
292	337
292	338
292	344
292	753
292	754
293	135
293	187
293	193
293	200
293	232
293	252
293	253
293	259
293	267
293	287
293	290
293	292
293	298
293	303
293	305
293	306
293	317
293	334
293	336
293	509
294	213
294	223
294	224
294	226
294	235
294	241
294	243
294	249
294	258
294	260
294	286
294	297
294	312
294	320
294	323
294	324
294	325
294	330
294	516
294	656
295	204
295	239
295	248
295	263
295	276
295	277
295	301
295	315
295	318
295	321
295	327
295	331
295	334
295	335
295	340
295	342
295	343
295	345
295	748
295	936
296	196
296	200
296	234
296	242
296	250
296	251
296	255
296	268
296	278
296	283
296	317
296	319
296	320
296	326
296	327
296	329
296	337
296	341
296	343
296	854
296	934
297	189
297	203
297	216
297	222
297	235
297	243
297	251
297	262
297	263
297	279
297	280
297	285
297	294
297	301
297	304
297	320
297	323
297	324
297	325
297	696
297	727
298	200
298	201
298	227
298	244
298	246
298	252
298	288
298	292
298	293
298	299
298	305
298	308
298	313
298	328
298	336
298	338
298	339
298	342
298	344
298	522
298	625
299	171
299	200
299	201
299	217
299	221
299	222
299	232
299	249
299	257
299	264
299	269
299	284
299	298
299	300
299	303
299	317
299	334
299	336
299	338
299	343
299	344
299	433
300	187
300	210
300	220
300	221
300	222
300	244
300	246
300	252
300	253
300	264
300	284
300	291
300	299
300	305
300	317
300	325
300	336
300	338
300	339
300	344
300	726
300	807
301	38
301	197
301	203
301	216
301	226
301	234
301	243
301	262
301	272
301	280
301	282
301	285
301	295
301	297
301	304
301	312
301	320
301	321
301	323
301	324
301	325
301	678
302	189
302	207
302	228
302	229
302	234
302	242
302	266
302	279
302	282
302	308
302	313
302	317
302	318
302	319
302	321
302	329
302	340
302	341
302	342
302	345
302	757
302	764
303	190
303	201
303	222
303	231
303	243
303	249
303	252
303	253
303	259
303	264
303	273
303	274
303	282
303	284
303	293
303	299
303	334
303	336
303	339
303	344
303	387
303	569
303	940
304	71
304	189
304	202
304	224
304	226
304	234
304	241
304	243
304	260
304	262
304	264
304	272
304	285
304	297
304	301
304	307
304	312
304	320
304	323
304	324
304	325
304	492
304	577
305	177
305	205
305	221
305	246
305	249
305	252
305	260
305	270
305	284
305	288
305	290
305	292
305	293
305	298
305	300
305	334
305	335
305	338
305	339
305	340
305	341
305	699
305	913
306	207
306	209
306	211
306	218
306	225
306	242
306	254
306	268
306	270
306	279
306	289
306	292
306	293
306	311
306	319
306	322
306	326
306	328
306	330
306	333
306	339
306	743
306	755
307	208
307	215
307	237
307	239
307	240
307	247
307	263
307	266
307	269
307	271
307	291
307	292
307	304
307	310
307	313
307	321
307	327
307	331
307	341
307	342
307	343
307	345
307	489
307	725
308	199
308	231
308	238
308	240
308	252
308	255
308	256
308	257
308	271
308	272
308	279
308	282
308	298
308	302
308	314
308	315
308	322
308	328
308	330
308	332
308	333
308	465
308	594
308	687
309	206
309	207
309	225
309	233
309	237
309	238
309	250
309	271
309	282
309	283
309	284
309	313
309	314
309	322
309	329
309	330
309	331
309	332
309	336
309	337
309	340
309	341
309	472
309	698
310	50
310	195
310	229
310	239
310	248
310	263
310	266
310	275
310	276
310	279
310	281
310	284
310	291
310	307
310	315
310	316
310	321
310	327
310	334
310	335
310	342
310	343
310	345
310	920
310	994
311	105
311	186
311	192
311	200
311	216
311	228
311	233
311	260
311	282
311	291
311	306
311	313
311	314
311	317
311	318
311	319
311	321
311	322
311	328
311	329
311	332
311	337
311	340
311	341
311	565
312	79
312	191
312	197
312	203
312	216
312	224
312	243
312	253
312	260
312	262
312	285
312	286
312	289
312	294
312	301
312	304
312	314
312	320
312	323
312	324
312	325
312	337
312	340
312	381
312	965
313	186
313	190
313	216
313	229
313	245
313	257
313	270
313	271
313	282
313	298
313	302
313	307
313	309
313	311
313	314
313	319
313	332
313	333
313	336
313	337
313	340
313	341
313	345
313	433
313	513
314	106
314	186
314	198
314	206
314	207
314	212
314	225
314	245
314	255
314	256
314	265
314	270
314	286
314	308
314	309
314	311
314	312
314	313
314	322
314	328
314	337
314	340
314	345
314	584
314	978
315	179
315	185
315	208
315	212
315	239
315	254
315	261
315	266
315	267
315	276
315	277
315	278
315	295
315	308
315	310
315	316
315	322
315	327
315	331
315	335
315	336
315	342
315	344
315	345
315	910
316	188
316	217
316	230
316	240
316	248
316	262
316	269
316	273
316	275
316	276
316	278
316	310
316	315
316	321
316	324
316	327
316	328
316	330
316	331
316	335
316	342
316	345
316	519
316	761
316	785
317	194
317	196
317	201
317	209
317	238
317	250
317	257
317	270
317	283
317	293
317	296
317	299
317	300
317	302
317	311
317	318
317	319
317	329
317	330
317	332
317	337
317	340
317	341
317	345
317	694
317	976
318	190
318	214
318	220
318	228
318	234
318	245
318	257
318	263
318	274
318	280
318	283
318	289
318	290
318	295
318	302
318	311
318	317
318	323
318	328
318	330
318	333
318	337
318	340
318	341
318	612
318	758
318	996
319	189
319	193
319	196
319	197
319	204
319	233
319	268
319	270
319	277
319	280
319	289
319	290
319	296
319	302
319	306
319	311
319	313
319	317
319	322
319	326
319	328
319	329
319	332
319	337
319	341
319	477
319	962
320	189
320	191
320	197
320	202
320	203
320	216
320	243
320	247
320	255
320	258
320	260
320	262
320	272
320	280
320	287
320	294
320	296
320	297
320	301
320	304
320	312
320	323
320	324
320	325
320	333
320	371
320	669
320	937
321	175
321	202
321	213
321	215
321	219
321	237
321	240
321	263
321	266
321	267
321	273
321	281
321	295
321	301
321	302
321	307
321	310
321	311
321	316
321	330
321	331
321	335
321	340
321	342
321	343
321	345
321	718
321	793
322	71
322	193
322	195
322	209
322	218
322	238
322	245
322	251
322	268
322	275
322	279
322	306
322	308
322	309
322	311
322	314
322	315
322	319
322	326
322	328
322	330
322	332
322	337
322	341
322	342
322	343
322	626
322	822
323	124
323	132
323	191
323	202
323	224
323	226
323	235
323	243
323	249
323	260
323	262
323	266
323	276
323	285
323	286
323	294
323	297
323	301
323	304
323	312
323	318
323	320
323	324
323	325
323	326
323	328
323	342
323	771
324	189
324	191
324	202
324	211
324	216
324	217
324	223
324	224
324	226
324	235
324	244
324	258
324	272
324	280
324	286
324	294
324	297
324	301
324	304
324	312
324	316
324	320
324	323
324	325
324	333
324	342
324	553
324	733
324	744
325	9
325	189
325	197
325	202
325	223
325	226
325	235
325	245
325	258
325	262
325	265
325	272
325	279
325	280
325	285
325	286
325	294
325	297
325	300
325	301
325	304
325	312
325	320
325	323
325	324
325	336
325	339
325	388
325	689
326	199
326	205
326	222
326	228
326	229
326	231
326	234
326	246
326	250
326	251
326	254
326	255
326	261
326	283
326	296
326	306
326	319
326	322
326	323
326	329
326	330
326	333
326	337
326	339
326	340
326	341
326	476
326	967
326	972
327	4
327	66
327	192
327	211
327	212
327	215
327	217
327	227
327	236
327	239
327	240
327	241
327	250
327	252
327	261
327	263
327	267
327	273
327	275
327	277
327	282
327	295
327	296
327	307
327	310
327	315
327	316
327	342
327	343
327	756
328	194
328	198
328	199
328	223
328	231
328	233
328	251
328	256
328	257
328	258
328	268
328	278
328	289
328	298
328	306
328	308
328	311
328	314
328	316
328	318
328	319
328	322
328	323
328	329
328	332
328	337
328	341
328	371
328	453
328	927
329	81
329	194
329	198
329	218
329	220
329	234
329	238
329	241
329	250
329	254
329	259
329	261
329	265
329	271
329	286
329	288
329	289
329	296
329	302
329	309
329	311
329	317
329	319
329	326
329	328
329	331
329	332
329	333
329	339
329	340
329	419
329	463
330	193
330	194
330	201
330	207
330	210
330	220
330	229
330	234
330	242
330	254
330	270
330	271
330	280
330	282
330	289
330	294
330	306
330	308
330	309
330	316
330	317
330	318
330	321
330	322
330	326
330	332
330	333
330	337
330	341
330	761
330	917
330	980
331	42
331	192
331	198
331	204
331	211
331	217
331	219
331	237
331	247
331	248
331	255
331	263
331	269
331	272
331	273
331	276
331	278
331	281
331	289
331	291
331	295
331	307
331	309
331	315
331	316
331	321
331	329
331	335
331	342
331	350
331	541
331	691
332	88
332	97
332	194
332	199
332	212
332	214
332	220
332	228
332	229
332	241
332	250
332	251
332	270
332	274
332	277
332	279
332	308
332	309
332	311
332	313
332	317
332	319
332	322
332	328
332	329
332	330
332	333
332	335
332	338
332	339
332	340
332	341
332	442
333	28
333	122
333	194
333	198
333	206
333	208
333	214
333	220
333	227
333	231
333	233
333	238
333	245
333	251
333	254
333	268
333	270
333	276
333	283
333	306
333	308
333	313
333	318
333	320
333	324
333	326
333	329
333	330
333	332
333	334
333	337
333	341
333	342
333	446
334	187
334	195
334	200
334	221
334	222
334	227
334	230
334	232
334	235
334	252
334	253
334	259
334	264
334	274
334	280
334	284
334	285
334	288
334	290
334	292
334	293
334	295
334	299
334	303
334	305
334	310
334	333
334	336
334	337
334	339
334	344
334	461
334	764
334	963
334	970
335	32
335	186
335	188
335	196
335	204
335	206
335	208
335	211
335	213
335	215
335	219
335	225
335	236
335	240
335	247
335	248
335	266
335	267
335	276
335	281
335	283
335	291
335	295
335	305
335	310
335	315
335	316
335	321
335	331
335	332
335	337
335	342
335	343
335	345
335	482
335	960
335	982
336	187
336	195
336	200
336	205
336	210
336	221
336	230
336	232
336	244
336	245
336	246
336	249
336	251
336	253
336	259
336	264
336	284
336	288
336	290
336	292
336	293
336	298
336	299
336	300
336	303
336	309
336	313
336	315
336	325
336	334
336	338
336	339
336	343
336	344
336	499
336	613
336	703
337	185
337	190
337	197
337	206
337	207
337	214
337	218
337	233
337	241
337	242
337	245
337	256
337	265
337	271
337	279
337	284
337	289
337	292
337	296
337	309
337	311
337	312
337	313
337	314
337	317
337	318
337	319
337	322
337	326
337	328
337	330
337	333
337	334
337	335
337	338
337	340
337	445
337	663
337	755
338	187
338	195
338	200
338	201
338	205
338	210
338	221
338	227
338	228
338	230
338	232
338	233
338	246
338	249
338	250
338	252
338	253
338	254
338	259
338	268
338	274
338	283
338	284
338	287
338	288
338	290
338	292
338	298
338	299
338	300
338	305
338	332
338	336
338	337
338	339
338	344
338	621
338	741
338	981
338	990
339	187
339	195
339	201
339	205
339	210
339	214
339	221
339	222
339	227
339	230
339	232
339	244
339	246
339	253
339	259
339	264
339	265
339	272
339	274
339	284
339	287
339	288
339	298
339	300
339	303
339	305
339	306
339	325
339	326
339	329
339	332
339	334
339	336
339	338
339	344
339	345
339	707
339	719
339	754
339	915
340	110
340	150
340	186
340	190
340	191
340	205
340	206
340	207
340	208
340	228
340	234
340	242
340	243
340	251
340	254
340	255
340	256
340	257
340	261
340	268
340	271
340	283
340	289
340	295
340	302
340	305
340	309
340	311
340	312
340	313
340	314
340	317
340	318
340	321
340	326
340	329
340	332
340	337
340	341
340	894
340	999
341	156
341	190
341	191
341	194
341	196
341	199
341	209
341	229
341	231
341	241
341	245
341	250
341	251
341	254
341	257
341	262
341	267
341	271
341	273
341	277
341	279
341	296
341	302
341	305
341	307
341	309
341	311
341	313
341	317
341	318
341	319
341	322
341	326
341	328
341	330
341	332
341	333
341	340
341	344
341	474
341	596
341	740
341	889
342	84
342	188
342	192
342	204
342	208
342	211
342	219
342	225
342	237
342	239
342	240
342	245
342	247
342	248
342	252
342	261
342	263
342	265
342	266
342	267
342	273
342	275
342	278
342	281
342	295
342	298
342	302
342	307
342	310
342	315
342	316
342	321
342	322
342	323
342	324
342	327
342	331
342	333
342	335
342	343
342	345
342	428
342	657
342	971
343	148
343	185
343	188
343	192
343	208
343	211
343	213
343	216
343	217
343	219
343	225
343	231
343	236
343	240
343	247
343	248
343	258
343	261
343	263
343	269
343	273
343	275
343	276
343	277
343	278
343	281
343	283
343	291
343	295
343	296
343	299
343	307
343	310
343	321
343	322
343	327
343	335
343	336
343	342
343	345
343	452
343	598
343	699
343	773
344	136
344	186
344	187
344	192
344	195
344	196
344	200
344	201
344	205
344	210
344	221
344	222
344	227
344	230
344	232
344	244
344	246
344	249
344	252
344	253
344	259
344	264
344	274
344	275
344	284
344	285
344	286
344	287
344	288
344	290
344	292
344	298
344	299
344	300
344	303
344	315
344	334
344	336
344	338
344	339
344	341
344	345
344	477
344	533
344	585
344	756
345	192
345	204
345	208
345	211
345	212
345	213
345	215
345	217
345	219
345	225
345	230
345	236
345	237
345	239
345	247
345	261
345	263
345	267
345	269
345	271
345	273
345	275
345	276
345	277
345	278
345	286
345	291
345	295
345	302
345	307
345	310
345	313
345	314
345	315
345	316
345	317
345	321
345	335
345	339
345	342
345	343
345	344
345	378
345	700
345	902
345	975
345	995
346	368
346	441
346	447
346	452
346	466
346	472
346	475
346	476
346	477
346	996
347	130
347	366
347	419
347	449
347	452
347	457
347	459
347	467
347	468
347	471
348	126
348	380
348	430
348	440
348	453
348	462
348	463
348	464
348	473
348	474
349	165
349	355
349	407
349	429
349	441
349	451
349	454
349	460
349	461
349	466
350	331
350	372
350	395
350	429
350	447
350	454
350	458
350	460
350	461
350	476
351	382
351	428
351	433
351	437
351	440
351	456
351	467
351	468
351	471
351	696
352	113
352	354
352	358
352	361
352	366
352	453
352	464
352	465
352	473
352	474
353	67
353	387
353	409
353	421
353	439
353	444
353	448
353	458
353	473
353	474
354	352
354	429
354	444
354	445
354	453
354	455
354	464
354	473
354	474
354	585
355	349
355	390
355	420
355	436
355	447
355	451
355	454
355	458
355	460
355	768
356	362
356	391
356	410
356	413
356	450
356	454
356	456
356	458
356	461
356	789
357	128
357	364
357	393
357	407
357	445
357	446
357	447
357	454
357	460
357	470
358	352
358	395
358	428
358	434
358	451
358	461
358	464
358	473
358	474
358	906
359	390
359	452
359	463
359	465
359	466
359	469
359	472
359	475
359	477
359	762
360	285
360	363
360	388
360	407
360	433
360	457
360	459
360	468
360	469
360	471
361	167
361	352
361	372
361	407
361	446
361	451
361	454
361	456
361	461
361	477
362	356
362	373
362	394
362	429
362	436
362	445
362	446
362	456
362	461
362	463
362	941
363	360
363	385
363	432
363	433
363	444
363	449
363	457
363	462
363	468
363	471
363	736
364	357
364	405
364	429
364	449
364	457
364	459
364	462
364	467
364	468
364	471
364	742
365	379
365	399
365	434
365	443
365	465
365	469
365	470
365	472
365	475
365	476
365	756
366	347
366	352
366	448
366	453
366	455
366	463
366	470
366	472
366	473
366	474
366	800
367	129
367	368
367	372
367	423
367	429
367	442
367	445
367	456
367	458
367	461
367	466
368	346
368	367
368	423
368	429
368	447
368	450
368	451
368	454
368	460
368	461
368	652
369	136
369	402
369	404
369	411
369	424
369	465
369	466
369	469
369	475
369	476
369	477
370	400
370	429
370	435
370	439
370	452
370	466
370	470
370	472
370	476
370	477
370	926
371	320
371	328
371	402
371	413
371	436
371	447
371	451
371	456
371	458
371	460
371	475
372	350
372	361
372	367
372	397
372	398
372	428
372	430
372	451
372	454
372	456
372	461
372	988
373	127
373	362
373	403
373	407
373	427
373	431
373	432
373	447
373	456
373	458
373	460
373	466
374	406
374	408
374	432
374	437
374	455
374	462
374	467
374	468
374	469
374	471
374	605
375	162
375	404
375	416
375	448
375	458
375	469
375	470
375	472
375	475
375	476
375	477
375	586
376	399
376	452
376	462
376	465
376	466
376	470
376	471
376	472
376	475
376	476
376	477
376	682
377	380
377	386
377	394
377	412
377	417
377	418
377	465
377	469
377	470
377	475
377	477
377	912
378	345
378	415
378	417
378	438
378	450
378	453
378	462
378	465
378	469
378	470
378	472
378	476
379	18
379	365
379	408
379	419
379	433
379	436
379	446
379	459
379	462
379	467
379	468
379	471
380	184
380	348
380	377
380	384
380	396
380	401
380	421
380	425
380	455
380	463
380	473
380	474
381	312
381	396
381	397
381	405
381	441
381	448
381	449
381	459
381	462
381	467
381	468
381	471
382	351
382	397
382	440
382	449
382	459
382	462
382	464
382	467
382	468
382	471
382	474
382	982
383	386
383	419
383	432
383	441
383	466
383	470
383	472
383	475
383	476
383	477
383	646
383	988
384	380
384	390
384	406
384	424
384	430
384	439
384	453
384	463
384	464
384	467
384	473
384	474
384	945
385	363
385	394
385	414
385	421
385	442
385	443
385	466
385	469
385	470
385	472
385	475
385	476
385	919
386	377
386	383
386	396
386	403
386	438
386	456
386	465
386	469
386	470
386	475
386	476
386	477
386	912
387	303
387	353
387	396
387	433
387	437
387	439
387	440
387	449
387	457
387	462
387	467
387	468
387	471
388	325
388	360
388	404
388	406
388	419
388	420
388	439
388	440
388	449
388	462
388	467
388	468
388	471
389	417
389	422
389	425
389	428
389	453
389	463
389	464
389	471
389	473
389	474
389	475
389	620
389	968
390	355
390	359
390	384
390	409
390	422
390	434
390	448
390	453
390	463
390	464
390	472
390	474
390	727
391	59
391	356
391	398
391	430
391	436
391	445
391	446
391	447
391	458
391	460
391	461
391	475
391	664
392	411
392	412
392	414
392	415
392	423
392	444
392	450
392	452
392	460
392	470
392	475
392	477
392	987
393	357
393	406
393	414
393	427
393	431
393	436
393	445
393	446
393	451
393	458
393	460
393	461
393	475
393	856
394	54
394	362
394	377
394	385
394	399
394	416
394	418
394	442
394	443
394	454
394	472
394	475
394	476
394	477
395	350
395	358
395	403
395	409
395	425
395	426
395	448
395	452
395	455
395	463
395	466
395	473
395	474
395	680
396	136
396	380
396	381
396	386
396	387
396	408
396	411
396	437
396	449
396	459
396	462
396	467
396	468
396	471
397	372
397	381
397	382
397	401
397	430
397	432
397	440
397	457
397	459
397	462
397	467
397	468
397	471
397	636
398	372
398	391
398	407
398	408
398	427
398	431
398	445
398	446
398	447
398	456
398	458
398	460
398	477
398	942
399	365
399	376
399	394
399	442
399	446
399	450
399	455
399	465
399	466
399	469
399	470
399	472
399	477
399	641
400	370
400	404
400	450
400	452
400	464
400	470
400	471
400	472
400	474
400	475
400	476
400	477
400	653
400	988
401	380
401	397
401	410
401	435
401	438
401	452
401	458
401	465
401	466
401	469
401	470
401	475
401	477
401	855
402	369
402	371
402	405
402	424
402	437
402	449
402	457
402	459
402	462
402	467
402	468
402	471
402	777
402	899
403	373
403	386
403	395
403	426
403	430
403	439
403	445
403	448
403	453
403	463
403	464
403	473
403	474
403	502
403	753
404	117
404	369
404	375
404	388
404	400
404	454
404	465
404	467
404	469
404	470
404	472
404	475
404	476
404	477
404	755
405	3
405	364
405	381
405	402
405	408
405	411
405	420
405	430
405	437
405	443
405	459
405	467
405	468
405	471
405	715
406	228
406	374
406	384
406	388
406	393
406	424
406	433
406	440
406	449
406	457
406	459
406	467
406	468
406	471
406	749
407	349
407	357
407	360
407	361
407	373
407	398
407	423
407	425
407	454
407	456
407	458
407	460
407	477
407	512
407	552
408	374
408	379
408	396
408	398
408	405
408	437
408	440
408	443
408	457
408	462
408	467
408	468
408	471
408	477
408	700
409	33
409	353
409	390
409	395
409	416
409	418
409	424
409	426
409	448
409	458
409	460
409	463
409	464
409	473
409	474
410	96
410	356
410	401
410	422
410	435
410	438
410	443
410	469
410	470
410	472
410	473
410	475
410	476
410	477
410	972
411	369
411	392
411	396
411	405
411	415
411	438
411	443
411	449
411	452
411	466
411	469
411	470
411	476
411	477
411	746
412	377
412	392
412	414
412	447
412	450
412	461
412	465
412	469
412	470
412	472
412	473
412	476
412	477
412	868
412	989
413	356
413	371
413	420
413	427
413	431
413	433
413	435
413	445
413	447
413	451
413	454
413	456
413	460
413	461
413	728
413	996
414	385
414	392
414	393
414	412
414	442
414	448
414	451
414	464
414	466
414	469
414	470
414	472
414	475
414	476
414	477
414	1000
415	378
415	392
415	411
415	438
415	450
415	451
415	452
415	461
415	464
415	466
415	469
415	472
415	475
415	476
415	593
415	983
416	375
416	394
416	409
416	424
416	426
416	428
416	434
416	448
416	455
416	460
416	463
416	464
416	473
416	474
416	475
416	893
417	377
417	378
417	389
417	422
417	427
417	428
417	434
417	439
417	453
417	455
417	463
417	464
417	473
417	474
417	588
417	731
418	377
418	394
418	409
418	435
418	437
418	439
418	442
418	452
418	465
418	466
418	469
418	472
418	475
418	476
418	477
418	835
419	164
419	329
419	347
419	379
419	383
419	388
419	420
419	432
419	442
419	449
419	458
419	459
419	462
419	467
419	468
419	471
420	163
420	355
420	388
420	405
420	413
420	419
420	432
420	433
420	441
420	457
420	459
420	462
420	467
420	468
420	471
420	476
420	775
421	353
421	380
421	385
421	428
421	434
421	439
421	443
421	444
421	448
421	453
421	455
421	458
421	464
421	473
421	474
421	644
421	998
422	93
422	389
422	390
422	410
422	417
422	424
422	430
422	444
422	448
422	453
422	463
422	464
422	470
422	471
422	473
422	474
422	961
423	367
423	368
423	392
423	407
423	427
423	429
423	431
423	436
423	445
423	447
423	451
423	454
423	456
423	457
423	458
423	460
423	468
423	732
424	162
424	369
424	384
424	402
424	406
424	409
424	416
424	422
424	425
424	434
424	439
424	444
424	448
424	455
424	465
424	473
424	474
424	848
425	380
425	389
425	395
425	407
425	424
425	430
425	444
425	448
425	453
425	455
425	464
425	465
425	467
425	473
425	474
425	477
425	555
425	858
426	395
426	403
426	409
426	416
426	431
426	434
426	437
426	439
426	448
426	453
426	463
426	464
426	468
426	471
426	473
426	474
426	658
426	706
427	373
427	393
427	398
427	413
427	417
427	423
427	431
427	446
427	447
427	451
427	454
427	458
427	460
427	473
427	475
427	477
427	743
427	859
428	157
428	342
428	351
428	358
428	372
428	389
428	416
428	417
428	421
428	432
428	439
428	444
428	454
428	455
428	463
428	464
428	473
428	474
429	166
429	349
429	350
429	354
429	362
429	364
429	367
429	368
429	370
429	423
429	436
429	446
429	454
429	456
429	458
429	460
429	461
429	474
430	274
430	348
430	372
430	384
430	391
430	397
430	403
430	405
430	422
430	425
430	434
430	444
430	448
430	453
430	455
430	463
430	473
430	474
430	869
431	87
431	373
431	393
431	398
431	413
431	423
431	426
431	427
431	433
431	445
431	446
431	447
431	454
431	456
431	458
431	461
431	462
431	476
431	744
432	2
432	363
432	373
432	374
432	383
432	397
432	419
432	420
432	428
432	433
432	440
432	449
432	451
432	457
432	459
432	462
432	467
432	468
432	471
432	763
433	299
433	313
433	351
433	360
433	363
433	379
433	387
433	406
433	413
433	420
433	431
433	432
433	440
433	457
433	462
433	467
433	468
433	469
433	471
433	472
434	358
434	365
434	390
434	416
434	417
434	421
434	424
434	426
434	430
434	440
434	444
434	454
434	455
434	459
434	463
434	464
434	473
434	474
434	503
434	720
435	231
435	370
435	401
435	410
435	413
435	418
435	440
435	441
435	442
435	450
435	463
435	465
435	466
435	470
435	471
435	472
435	475
435	476
435	477
435	593
436	355
436	362
436	371
436	379
436	391
436	393
436	423
436	429
436	443
436	445
436	446
436	447
436	451
436	454
436	456
436	458
436	459
436	461
436	475
436	820
436	834
437	183
437	351
437	374
437	387
437	396
437	402
437	405
437	408
437	418
437	426
437	440
437	445
437	449
437	452
437	457
437	459
437	462
437	467
437	468
437	471
437	864
438	378
438	386
438	401
438	410
438	411
438	415
438	441
438	443
438	452
438	462
438	463
438	464
438	465
438	466
438	468
438	469
438	475
438	476
438	477
438	890
438	980
439	36
439	51
439	353
439	370
439	384
439	387
439	388
439	403
439	417
439	418
439	421
439	424
439	426
439	428
439	444
439	448
439	455
439	463
439	464
439	471
439	473
439	474
440	237
440	348
440	351
440	382
440	387
440	388
440	397
440	406
440	408
440	432
440	433
440	434
440	435
440	437
440	457
440	459
440	467
440	468
440	469
440	471
440	473
440	765
441	346
441	349
441	381
441	383
441	420
441	435
441	438
441	442
441	443
441	444
441	450
441	465
441	466
441	467
441	469
441	470
441	472
441	475
441	476
441	477
441	739
441	920
442	332
442	367
442	385
442	394
442	399
442	414
442	418
442	419
442	435
442	441
442	443
442	447
442	450
442	456
442	463
442	465
442	469
442	470
442	475
442	476
442	477
442	651
442	983
443	365
443	385
443	394
443	405
443	408
443	410
443	411
443	421
443	436
443	438
443	441
443	442
443	450
443	452
443	465
443	469
443	470
443	471
443	472
443	476
443	477
443	724
443	853
444	353
444	354
444	363
444	392
444	421
444	422
444	424
444	425
444	428
444	430
444	434
444	439
444	441
444	448
444	453
444	455
444	463
444	464
444	469
444	473
444	474
444	476
444	731
444	753
445	337
445	354
445	357
445	362
445	367
445	391
445	393
445	398
445	403
445	413
445	423
445	431
445	436
445	437
445	446
445	451
445	454
445	456
445	458
445	460
445	461
445	465
445	476
445	678
445	709
446	147
446	161
446	333
446	357
446	361
446	362
446	379
446	391
446	393
446	398
446	399
446	427
446	429
446	431
446	436
446	445
446	447
446	448
446	450
446	451
446	454
446	456
446	460
446	461
446	466
447	346
447	350
447	355
447	357
447	368
447	371
447	373
447	391
447	398
447	412
447	413
447	423
447	427
447	431
447	436
447	442
447	446
447	451
447	456
447	458
447	460
447	461
447	469
447	474
447	490
447	580
447	629
448	76
448	86
448	353
448	366
448	375
448	381
448	390
448	395
448	403
448	409
448	414
448	416
448	421
448	422
448	424
448	425
448	426
448	430
448	439
448	444
448	446
448	455
448	456
448	463
448	473
448	474
448	984
449	347
449	363
449	364
449	381
449	382
449	387
449	388
449	396
449	402
449	406
449	411
449	419
449	432
449	437
449	456
449	457
449	459
449	462
449	467
449	468
449	470
449	471
449	472
449	476
449	921
449	967
449	993
450	154
450	356
450	368
450	378
450	392
450	399
450	400
450	412
450	415
450	435
450	441
450	442
450	443
450	446
450	452
450	459
450	465
450	466
450	469
450	470
450	472
450	474
450	475
450	476
450	477
450	654
450	851
451	119
451	349
451	355
451	358
451	361
451	368
451	371
451	372
451	393
451	413
451	414
451	415
451	423
451	427
451	432
451	436
451	445
451	446
451	447
451	454
451	456
451	458
451	460
451	461
451	468
451	705
451	723
452	277
452	343
452	346
452	347
452	359
452	370
452	376
452	392
452	395
452	400
452	401
452	411
452	415
452	418
452	437
452	438
452	443
452	450
452	457
452	461
452	465
452	466
452	469
452	470
452	472
452	473
452	475
452	691
453	39
453	328
453	348
453	352
453	354
453	366
453	378
453	384
453	389
453	390
453	403
453	417
453	421
453	422
453	425
453	426
453	430
453	444
453	455
453	463
453	464
453	465
453	466
453	468
453	472
453	473
453	474
453	476
453	610
454	284
454	349
454	350
454	355
454	356
454	357
454	361
454	368
454	372
454	394
454	404
454	407
454	413
454	423
454	427
454	428
454	429
454	431
454	434
454	436
454	445
454	446
454	451
454	458
454	461
454	470
454	474
454	687
454	974
455	7
455	165
455	354
455	366
455	374
455	380
455	395
455	399
455	416
455	417
455	421
455	424
455	425
455	428
455	430
455	434
455	439
455	444
455	448
455	453
455	462
455	463
455	464
455	465
455	469
455	473
455	474
455	476
455	787
456	351
456	356
456	361
456	362
456	367
456	371
456	372
456	373
456	386
456	398
456	407
456	413
456	423
456	429
456	431
456	436
456	442
456	445
456	446
456	447
456	448
456	449
456	451
456	458
456	460
456	461
456	675
456	705
456	973
457	24
457	347
457	360
457	363
457	364
457	387
457	397
457	402
457	406
457	408
457	420
457	423
457	432
457	433
457	437
457	440
457	449
457	452
457	459
457	462
457	464
457	467
457	468
457	471
457	472
457	476
457	477
457	535
457	733
458	350
458	353
458	355
458	356
458	367
458	371
458	373
458	375
458	391
458	393
458	398
458	401
458	407
458	409
458	419
458	421
458	423
458	427
458	429
458	431
458	436
458	445
458	447
458	451
458	454
458	456
458	460
458	461
458	589
458	750
458	765
459	347
459	360
459	364
459	379
459	381
459	382
459	396
459	397
459	402
459	405
459	406
459	419
459	420
459	432
459	434
459	436
459	437
459	440
459	449
459	450
459	457
459	460
459	462
459	467
459	468
459	470
459	471
459	477
459	491
459	635
459	931
460	170
460	177
460	349
460	350
460	355
460	357
460	368
460	371
460	373
460	391
460	392
460	393
460	398
460	407
460	409
460	413
460	416
460	423
460	427
460	429
460	445
460	446
460	447
460	451
460	456
460	458
460	459
460	461
460	470
460	471
460	472
460	966
461	334
461	349
461	350
461	356
461	358
461	361
461	362
461	367
461	368
461	372
461	391
461	393
461	412
461	413
461	415
461	429
461	431
461	436
461	445
461	446
461	447
461	451
461	452
461	454
461	456
461	458
461	460
461	464
461	465
461	474
461	572
461	997
462	103
462	348
462	363
462	364
462	374
462	376
462	378
462	379
462	381
462	382
462	387
462	388
462	396
462	397
462	402
462	408
462	419
462	420
462	431
462	432
462	433
462	437
462	438
462	449
462	455
462	457
462	459
462	467
462	468
462	471
462	472
462	548
462	582
463	60
463	132
463	329
463	348
463	359
463	362
463	366
463	380
463	384
463	389
463	390
463	395
463	403
463	409
463	416
463	417
463	422
463	426
463	428
463	430
463	434
463	435
463	438
463	439
463	442
463	444
463	448
463	453
463	455
463	464
463	473
463	474
463	475
463	673
464	152
464	348
464	352
464	354
464	358
464	382
464	384
464	389
464	390
464	400
464	403
464	409
464	414
464	415
464	416
464	417
464	421
464	422
464	425
464	426
464	428
464	434
464	438
464	439
464	444
464	453
464	455
464	457
464	461
464	463
464	469
464	473
464	474
464	477
464	493
464	633
465	308
465	352
465	359
465	365
465	369
465	376
465	377
465	378
465	386
465	399
465	401
465	404
465	412
465	418
465	424
465	425
465	435
465	438
465	441
465	442
465	443
465	445
465	450
465	452
465	453
465	455
465	461
465	466
465	469
465	472
465	475
465	476
465	477
465	715
465	797
465	918
466	158
466	243
466	346
466	349
466	359
466	367
466	369
466	370
466	373
466	376
466	383
466	385
466	395
466	399
466	401
466	411
466	414
466	415
466	418
466	435
466	438
466	441
466	446
466	450
466	452
466	453
466	465
466	468
466	469
466	470
466	472
466	473
466	475
466	476
466	477
466	954
467	347
467	351
467	364
467	374
467	379
467	381
467	382
467	384
467	387
467	388
467	396
467	397
467	402
467	404
467	405
467	406
467	408
467	419
467	420
467	425
467	432
467	433
467	437
467	440
467	441
467	449
467	457
467	459
467	462
467	468
467	471
467	473
467	474
467	475
467	496
467	895
467	974
468	347
468	351
468	360
468	363
468	364
468	374
468	379
468	381
468	382
468	387
468	388
468	396
468	397
468	402
468	405
468	406
468	408
468	419
468	420
468	423
468	426
468	432
468	433
468	437
468	438
468	440
468	449
468	451
468	453
468	457
468	459
468	462
468	466
468	467
468	471
468	473
468	476
468	542
468	559
468	599
468	938
469	359
469	360
469	365
469	369
469	374
469	375
469	377
469	378
469	385
469	386
469	399
469	401
469	404
469	410
469	411
469	412
469	414
469	415
469	418
469	433
469	438
469	440
469	441
469	442
469	443
469	444
469	447
469	450
469	452
469	455
469	464
469	465
469	466
469	470
469	472
469	475
469	476
469	477
469	542
469	643
469	819
469	955
470	357
470	365
470	366
470	370
470	375
470	376
470	377
470	378
470	383
470	385
470	386
470	392
470	399
470	400
470	401
470	404
470	410
470	411
470	412
470	414
470	422
470	435
470	441
470	442
470	443
470	449
470	450
470	452
470	454
470	459
470	460
470	466
470	469
470	472
470	473
470	475
470	476
470	477
470	481
470	722
470	925
470	936
471	1
471	31
471	206
471	347
471	351
471	360
471	363
471	364
471	374
471	376
471	379
471	381
471	382
471	387
471	388
471	389
471	396
471	397
471	400
471	402
471	405
471	406
471	408
471	419
471	420
471	422
471	426
471	432
471	433
471	435
471	437
471	439
471	440
471	443
471	449
471	457
471	459
471	460
471	462
471	467
471	468
471	673
471	870
472	133
472	309
472	346
472	359
472	365
472	366
472	370
472	375
472	376
472	378
472	383
472	385
472	390
472	394
472	399
472	400
472	404
472	410
472	412
472	414
472	415
472	418
472	433
472	435
472	441
472	443
472	449
472	450
472	452
472	453
472	457
472	460
472	462
472	465
472	466
472	469
472	470
472	475
472	476
472	477
472	814
472	938
472	994
473	35
473	348
473	352
473	353
473	354
473	358
473	366
473	380
473	384
473	389
473	395
473	403
473	409
473	410
473	412
473	416
473	417
473	421
473	422
473	424
473	425
473	426
473	427
473	428
473	430
473	434
473	439
473	440
473	444
473	448
473	452
473	453
473	455
473	463
473	464
473	466
473	467
473	468
473	470
473	474
473	546
473	753
473	791
473	802
474	197
474	215
474	341
474	348
474	352
474	353
474	354
474	358
474	366
474	380
474	382
474	384
474	389
474	390
474	395
474	400
474	403
474	409
474	416
474	417
474	421
474	422
474	424
474	425
474	426
474	428
474	429
474	430
474	434
474	439
474	444
474	447
474	448
474	450
474	453
474	454
474	455
474	461
474	463
474	464
474	467
474	473
474	721
474	950
475	120
475	264
475	346
475	359
475	365
475	369
475	371
475	375
475	376
475	377
475	383
475	385
475	386
475	389
475	391
475	392
475	393
475	394
475	400
475	401
475	404
475	410
475	414
475	415
475	416
475	418
475	427
475	435
475	436
475	438
475	441
475	442
475	450
475	452
475	463
475	465
475	466
475	467
475	469
475	470
475	472
475	476
475	477
475	561
475	713
475	891
476	42
476	326
476	346
476	350
476	365
476	369
476	370
476	375
476	376
476	378
476	383
476	385
476	386
476	394
476	400
476	404
476	410
476	411
476	412
476	414
476	415
476	418
476	420
476	431
476	435
476	438
476	441
476	442
476	443
476	444
476	445
476	449
476	450
476	453
476	455
476	457
476	465
476	466
476	468
476	469
476	470
476	472
476	475
476	477
476	500
476	522
476	608
477	63
477	259
477	319
477	344
477	346
477	359
477	361
477	369
477	370
477	375
477	376
477	377
477	383
477	386
477	392
477	394
477	398
477	399
477	400
477	401
477	404
477	407
477	408
477	410
477	411
477	412
477	414
477	418
477	425
477	427
477	435
477	438
477	441
477	442
477	443
477	450
477	457
477	459
477	464
477	465
477	466
477	469
477	470
477	472
477	475
477	476
477	632
478	99
478	540
478	551
478	619
478	685
478	688
478	692
478	725
478	737
478	744
479	490
479	561
479	598
479	618
479	656
479	687
479	723
479	732
479	744
479	873
480	268
480	521
480	545
480	556
480	596
480	634
480	647
480	664
480	709
480	721
481	470
481	494
481	584
481	666
481	684
481	694
481	710
481	712
481	726
481	731
482	335
482	597
482	629
482	658
482	696
482	698
482	714
482	720
482	730
482	742
483	496
483	610
483	662
483	670
483	714
483	729
483	730
483	735
483	742
483	878
484	17
484	487
484	635
484	661
484	669
484	747
484	759
484	762
484	763
484	764
485	489
485	512
485	659
485	719
485	732
485	733
485	748
485	755
485	758
485	994
486	526
486	643
486	738
486	744
486	750
486	752
486	759
486	762
486	764
486	952
487	484
487	531
487	584
487	647
487	659
487	702
487	707
487	721
487	755
487	873
488	595
488	615
488	665
488	677
488	694
488	726
488	728
488	731
488	752
488	778
489	307
489	485
489	537
489	584
489	655
489	675
489	702
489	706
489	707
489	721
490	447
490	479
490	497
490	603
490	618
490	689
490	693
490	723
490	725
490	744
491	459
491	613
491	719
491	720
491	732
491	733
491	748
491	751
491	755
491	758
492	304
492	519
492	520
492	608
492	619
492	632
492	680
492	722
492	737
492	740
493	464
493	568
493	694
493	704
493	720
493	727
493	741
493	749
493	754
493	756
494	481
494	641
494	681
494	694
494	712
494	726
494	728
494	731
494	755
494	979
495	138
495	579
495	580
495	624
495	625
495	660
495	661
495	706
495	752
495	753
496	467
496	483
496	513
496	608
496	648
496	711
496	721
496	722
496	737
496	740
497	153
497	490
497	519
497	541
497	563
497	656
497	717
497	723
497	725
497	744
498	554
498	626
498	732
498	733
498	747
498	748
498	755
498	758
498	763
498	945
499	336
499	520
499	530
499	597
499	680
499	681
499	686
499	711
499	735
499	761
500	476
500	655
500	696
500	703
500	718
500	751
500	760
500	761
500	763
500	765
501	81
501	632
501	658
501	662
501	684
501	696
501	698
501	708
501	729
501	742
502	403
502	520
502	562
502	681
502	686
502	711
502	728
502	737
502	740
502	764
503	434
503	529
503	579
503	597
503	608
503	611
503	631
503	648
503	652
503	737
504	606
504	630
504	645
504	695
504	697
504	748
504	755
504	756
504	758
504	995
505	130
505	515
505	516
505	630
505	685
505	686
505	687
505	688
505	723
505	725
506	529
506	530
506	629
506	666
506	686
506	711
506	722
506	740
506	754
506	997
507	579
507	597
507	715
507	743
507	747
507	753
507	757
507	759
507	762
507	844
508	263
508	567
508	622
508	677
508	685
508	693
508	717
508	725
508	744
508	757
509	293
509	535
509	649
509	703
509	718
509	744
509	751
509	760
509	763
509	765
510	173
510	667
510	695
510	736
510	746
510	751
510	760
510	761
510	763
510	765
511	513
511	587
511	596
511	641
511	700
511	712
511	726
511	728
511	731
511	963
512	407
512	485
512	537
512	602
512	618
512	733
512	738
512	748
512	755
512	758
513	313
513	496
513	511
513	520
513	530
513	538
513	600
513	705
513	722
513	737
514	30
514	593
514	628
514	690
514	709
514	736
514	739
514	751
514	761
514	765
515	224
515	505
515	551
515	653
515	685
515	717
515	723
515	725
515	744
515	762
516	294
516	505
516	551
516	656
516	688
516	717
516	723
516	724
516	744
516	753
517	5
517	550
517	667
517	693
517	697
517	733
517	738
517	748
517	755
517	758
518	682
518	701
518	717
518	750
518	752
518	753
518	759
518	762
518	764
518	803
519	316
519	492
519	497
519	538
519	562
519	633
519	699
519	722
519	737
519	740
520	492
520	499
520	502
520	513
520	537
520	570
520	632
520	670
520	737
520	740
520	824
521	165
521	480
521	549
521	590
521	655
521	659
521	702
521	707
521	717
521	746
522	298
522	476
522	538
522	612
522	650
522	732
522	733
522	738
522	748
522	755
522	758
523	105
523	532
523	558
523	628
523	718
523	746
523	751
523	753
523	761
523	763
523	765
524	537
524	596
524	622
524	655
524	659
524	691
524	702
524	709
524	721
524	736
524	970
525	165
525	527
525	567
525	656
525	687
525	700
525	717
525	723
525	725
525	744
525	761
526	486
526	609
526	643
526	653
526	688
526	701
526	747
526	748
526	759
526	762
526	995
527	137
527	525
527	535
527	567
527	571
527	588
527	656
527	677
527	717
527	723
527	725
528	128
528	580
528	629
528	630
528	636
528	658
528	696
528	729
528	735
528	742
528	763
529	503
529	506
529	533
529	586
529	600
529	633
529	666
529	686
529	722
529	740
529	987
530	220
530	499
530	506
530	513
530	600
530	611
530	631
530	685
530	686
530	711
530	718
531	487
531	590
531	659
531	664
531	675
531	707
531	709
531	721
531	750
531	757
531	991
532	523
532	603
532	614
532	644
532	716
532	736
532	746
532	761
532	763
532	765
532	854
533	344
533	529
533	547
533	689
533	750
533	752
533	753
533	757
533	759
533	762
533	764
534	571
534	614
534	669
534	676
534	741
534	742
534	750
534	753
534	757
534	759
534	998
535	457
535	509
535	527
535	543
535	627
535	646
535	662
535	698
535	730
535	735
535	742
536	21
536	630
536	654
536	738
536	739
536	743
536	751
536	760
536	761
536	763
536	765
537	489
537	512
537	520
537	524
537	664
537	675
537	690
537	702
537	709
537	721
537	826
538	513
538	519
538	522
538	553
538	675
538	681
538	722
538	737
538	740
538	769
538	966
539	14
539	599
539	704
539	708
539	711
539	734
539	741
539	745
539	749
539	754
539	756
540	57
540	478
540	551
540	563
540	619
540	620
540	677
540	685
540	687
540	720
540	723
541	331
541	497
541	660
541	742
541	747
541	752
541	753
541	757
541	759
541	762
541	764
542	468
542	469
542	682
542	705
542	720
542	741
542	745
542	748
542	749
542	754
542	756
543	535
543	565
543	670
543	698
543	723
543	729
543	730
543	735
543	742
543	747
543	939
544	178
544	612
544	623
544	656
544	685
544	688
544	704
544	723
544	725
544	744
544	752
545	184
545	480
545	558
545	602
545	701
545	706
545	752
545	757
545	759
545	763
545	764
546	473
546	595
546	639
546	678
546	689
546	692
546	710
546	712
546	726
546	728
546	731
547	140
547	533
547	558
547	639
547	666
547	678
547	715
547	747
547	750
547	757
547	762
547	764
548	462
548	656
548	673
548	703
548	714
548	718
548	736
548	743
548	746
548	760
548	761
548	763
549	34
549	521
549	582
549	584
549	596
549	664
549	675
549	702
549	709
549	721
549	740
549	744
550	517
550	652
550	658
550	662
550	682
550	697
550	729
550	730
550	735
550	742
550	743
550	886
551	478
551	515
551	516
551	540
551	618
551	673
551	688
551	693
551	725
551	744
551	750
551	957
552	407
552	562
552	575
552	631
552	648
552	666
552	680
552	702
552	711
552	737
552	740
552	997
553	324
553	538
553	556
553	600
553	611
553	681
553	711
553	719
553	723
553	737
553	740
553	756
554	169
554	498
554	612
554	667
554	715
554	719
554	748
554	749
554	753
554	755
554	758
554	958
555	425
555	592
555	664
555	699
555	704
555	713
555	745
555	749
555	754
555	756
555	763
555	764
556	125
556	480
556	553
556	570
556	583
556	597
556	611
556	648
556	681
556	722
556	740
556	747
557	281
557	595
557	628
557	716
557	727
557	739
557	743
557	751
557	760
557	761
557	763
557	765
558	210
558	523
558	545
558	547
558	678
558	679
558	706
558	743
558	750
558	752
558	759
558	764
559	277
559	468
559	616
559	665
559	669
559	706
559	747
559	752
559	753
559	757
559	763
559	764
560	270
560	703
560	723
560	734
560	736
560	743
560	746
560	751
560	760
560	761
560	763
560	765
561	475
561	479
561	599
561	618
561	621
561	688
561	693
561	706
561	717
561	725
561	744
561	763
562	144
562	502
562	519
562	552
562	645
562	674
562	711
562	722
562	737
562	738
562	740
562	901
563	238
563	497
563	540
563	567
563	619
563	656
563	672
563	677
563	688
563	725
563	744
563	760
564	160
564	594
564	660
564	661
564	715
564	722
564	741
564	750
564	752
564	753
564	759
564	762
565	311
565	543
565	632
565	641
565	646
565	658
565	696
565	714
565	735
565	742
565	759
565	981
566	169
566	627
566	637
566	676
566	679
566	682
566	698
566	714
566	729
566	730
566	735
566	742
567	102
567	508
567	525
567	527
567	563
567	599
567	623
567	688
567	693
567	707
567	735
567	744
568	245
568	493
568	691
568	703
568	704
568	718
568	736
568	743
568	746
568	760
568	761
568	765
569	303
569	660
569	691
569	705
569	739
569	743
569	746
569	751
569	760
569	763
569	765
569	933
570	133
570	161
570	520
570	556
570	608
570	633
570	665
570	680
570	681
570	737
570	740
570	754
571	527
571	534
571	606
571	668
571	697
571	719
571	733
571	748
571	755
571	758
571	961
571	992
572	72
572	461
572	587
572	593
572	625
572	689
572	700
572	712
572	726
572	728
572	731
572	756
573	76
573	82
573	664
573	718
573	723
573	739
573	751
573	760
573	761
573	762
573	763
573	765
574	151
574	607
574	651
574	696
574	712
574	716
574	743
574	746
574	760
574	761
574	764
574	765
575	171
575	552
575	600
575	602
575	657
575	667
575	668
575	715
575	719
575	732
575	738
575	755
575	758
576	638
576	652
576	682
576	698
576	714
576	729
576	730
576	735
576	739
576	740
576	742
576	847
576	929
577	304
577	607
577	666
577	680
577	718
577	733
577	736
577	739
577	746
577	760
577	761
577	763
577	765
578	161
578	591
578	719
578	739
578	743
578	746
578	751
578	759
578	760
578	761
578	763
578	764
578	765
579	200
579	495
579	503
579	507
579	638
579	679
579	722
579	750
579	752
579	753
579	757
579	762
579	764
580	161
580	447
580	495
580	528
580	627
580	632
580	636
580	682
580	698
580	714
580	730
580	742
580	751
581	168
581	611
581	615
581	641
581	684
581	694
581	700
581	701
581	712
581	728
581	731
581	751
581	772
582	462
582	549
582	621
582	634
582	647
582	653
582	659
582	664
582	675
582	702
582	707
582	712
582	721
583	556
583	597
583	633
583	642
583	655
583	680
583	681
583	711
583	722
583	737
583	740
583	790
583	849
584	314
584	481
584	487
584	489
584	549
584	585
584	633
584	634
584	647
584	702
584	709
584	721
584	741
585	344
585	354
585	584
585	621
585	655
585	659
585	675
585	702
585	707
585	709
585	721
585	724
585	752
585	759
586	264
586	375
586	529
586	594
586	617
586	634
586	669
586	679
586	701
586	715
586	750
586	752
586	762
586	764
587	116
587	191
587	511
587	572
587	674
587	684
587	689
587	700
587	701
587	710
587	724
587	726
587	728
587	731
588	417
588	527
588	608
588	623
588	677
588	681
588	687
588	688
588	717
588	723
588	725
588	744
588	756
588	946
589	458
589	665
589	671
589	684
589	689
589	694
589	700
589	709
589	710
589	712
589	726
589	728
589	731
589	746
590	521
590	531
590	596
590	619
590	621
590	647
590	653
590	655
590	659
590	664
590	675
590	702
590	707
590	991
591	175
591	578
591	673
591	678
591	691
591	716
591	729
591	736
591	750
591	751
591	760
591	761
591	763
591	765
592	20
592	555
592	599
592	611
592	654
592	663
592	705
592	706
592	713
592	720
592	734
592	745
592	754
592	756
593	415
593	435
593	514
593	572
593	603
593	716
593	718
593	739
593	743
593	746
593	760
593	761
593	763
593	765
594	135
594	308
594	564
594	586
594	614
594	679
594	685
594	697
594	702
594	750
594	753
594	757
594	759
594	764
595	488
595	546
595	557
595	639
595	694
595	700
595	710
595	712
595	726
595	727
595	728
595	731
595	755
595	805
596	11
596	341
596	480
596	511
596	524
596	549
596	590
596	601
596	647
596	664
596	675
596	707
596	709
596	721
597	178
597	482
597	499
597	503
597	507
597	556
597	583
597	648
597	666
597	711
597	722
597	726
597	737
597	740
598	343
598	479
598	615
598	665
598	684
598	689
598	694
598	710
598	712
598	726
598	728
598	731
598	734
598	750
599	468
599	539
599	561
599	567
599	592
599	623
599	656
599	677
599	687
599	690
599	693
599	717
599	725
599	744
600	513
600	529
600	530
600	553
600	575
600	631
600	633
600	639
600	666
600	680
600	699
600	722
600	737
600	795
601	596
601	638
601	678
601	682
601	744
601	747
601	750
601	752
601	753
601	757
601	759
601	762
601	764
601	954
602	107
602	512
602	545
602	575
602	610
602	630
602	697
602	713
602	721
602	732
602	733
602	738
602	755
602	758
603	490
603	532
603	593
603	674
603	690
603	692
603	699
603	720
603	724
603	745
603	749
603	754
603	756
603	893
604	613
604	616
604	617
604	638
604	667
604	676
604	732
604	733
604	738
604	748
604	755
604	758
604	882
604	991
605	374
605	626
605	668
605	697
605	719
605	732
605	733
605	734
605	738
605	743
605	748
605	755
605	758
605	866
606	504
606	571
606	626
606	645
606	651
606	662
606	732
606	733
606	738
606	748
606	755
606	758
606	765
606	996
607	173
607	574
607	577
607	649
607	653
607	654
607	716
607	725
607	739
607	743
607	746
607	751
607	763
607	765
608	275
608	476
608	492
608	496
608	503
608	570
608	588
608	631
608	648
608	666
608	680
608	681
608	730
608	736
608	737
609	526
609	635
609	643
609	678
609	679
609	686
609	697
609	701
609	724
609	747
609	757
609	759
609	762
609	764
609	767
610	453
610	483
610	602
610	641
610	657
610	667
610	668
610	719
610	727
610	733
610	738
610	748
610	755
610	758
610	840
611	183
611	503
611	530
611	553
611	556
611	581
611	592
611	674
611	680
611	681
611	686
611	722
611	737
611	740
611	747
612	318
612	522
612	544
612	554
612	645
612	657
612	677
612	697
612	719
612	732
612	734
612	738
612	748
612	755
612	758
613	336
613	491
613	604
613	645
613	657
613	687
613	695
613	697
613	732
613	733
613	738
613	742
613	748
613	755
613	758
614	77
614	260
614	532
614	534
614	594
614	617
614	635
614	661
614	701
614	747
614	753
614	757
614	758
614	762
614	764
615	62
615	488
615	581
615	598
615	639
615	665
615	689
615	710
615	726
615	728
615	730
615	731
615	749
615	757
615	883
616	120
616	172
616	559
616	604
616	628
616	630
616	657
616	668
616	697
616	719
616	732
616	733
616	748
616	755
616	758
617	142
617	586
617	604
617	614
617	669
617	676
617	706
617	707
617	714
617	747
617	752
617	757
617	759
617	762
617	764
618	285
618	479
618	490
618	512
618	551
618	561
618	677
618	685
618	687
618	717
618	723
618	725
618	735
618	744
618	765
619	178
619	478
619	492
619	540
619	563
619	590
619	633
619	677
619	685
619	688
619	693
619	717
619	725
619	744
619	812
620	389
620	540
620	673
620	691
620	716
620	733
620	734
620	739
620	743
620	746
620	751
620	760
620	761
620	763
620	765
621	338
621	561
621	582
621	585
621	590
621	634
621	647
621	664
621	669
621	675
621	702
621	707
621	709
621	721
621	756
622	508
622	524
622	641
622	665
622	684
622	689
622	694
622	700
622	710
622	712
622	726
622	728
622	731
622	751
622	973
623	258
623	544
623	567
623	588
623	599
623	646
623	677
623	685
623	687
623	693
623	723
623	725
623	744
623	752
623	925
624	495
624	640
624	650
624	663
624	674
624	676
624	695
624	719
624	734
624	741
624	745
624	749
624	754
624	756
624	953
625	298
625	495
625	572
625	635
625	653
625	660
625	685
625	702
625	750
625	753
625	757
625	759
625	762
625	764
625	977
626	69
626	322
626	498
626	605
626	606
626	642
626	656
626	657
626	658
626	697
626	719
626	733
626	738
626	755
626	758
627	92
627	164
627	535
627	566
627	580
627	629
627	696
627	698
627	711
627	714
627	729
627	730
627	732
627	735
627	742
627	757
628	134
628	514
628	523
628	557
628	616
628	650
628	716
628	718
628	736
628	739
628	743
628	746
628	751
628	754
628	761
628	763
629	253
629	447
629	482
629	506
629	528
629	627
629	637
629	649
629	670
629	696
629	714
629	729
629	730
629	735
629	742
629	752
630	144
630	504
630	505
630	528
630	536
630	602
630	616
630	637
630	697
630	719
630	732
630	733
630	738
630	748
630	755
630	758
631	503
631	530
631	552
631	600
631	608
631	648
631	681
631	686
631	691
631	711
631	713
631	735
631	737
631	740
631	764
631	982
632	477
632	492
632	501
632	520
632	565
632	580
632	658
632	670
632	673
632	682
632	698
632	714
632	729
632	730
632	735
632	742
633	8
633	464
633	519
633	529
633	570
633	583
633	584
633	600
633	619
633	666
633	681
633	686
633	691
633	711
633	722
633	740
634	480
634	582
634	584
634	586
634	621
634	647
634	655
634	659
634	694
634	702
634	707
634	709
634	721
634	735
634	904
634	983
635	459
635	484
635	609
635	614
635	625
635	669
635	676
635	693
635	715
635	720
635	737
635	747
635	750
635	752
635	762
635	764
635	914
636	397
636	528
636	580
636	637
636	646
636	652
636	662
636	670
636	682
636	696
636	699
636	714
636	729
636	730
636	735
636	742
636	756
637	566
637	629
637	630
637	636
637	652
637	696
637	698
637	707
637	714
637	729
637	730
637	735
637	742
637	748
637	755
637	886
637	985
638	73
638	189
638	576
638	579
638	601
638	604
638	653
638	669
638	678
638	712
638	715
638	722
638	747
638	750
638	757
638	759
638	764
639	152
639	546
639	547
639	595
639	600
639	615
639	684
639	689
639	694
639	700
639	710
639	712
639	726
639	728
639	731
639	738
639	850
640	216
640	267
640	624
640	650
640	670
640	671
640	689
640	692
640	708
640	724
640	727
640	734
640	738
640	749
640	753
640	754
640	756
641	399
641	494
641	511
641	565
641	581
641	610
641	622
641	683
641	684
641	689
641	693
641	694
641	700
641	710
641	712
641	726
641	731
641	981
642	583
642	626
642	645
642	654
642	663
642	690
642	705
642	713
642	720
642	724
642	727
642	734
642	749
642	754
642	756
642	761
642	881
642	1000
643	469
643	486
643	526
643	609
643	653
643	676
643	703
643	715
643	747
643	750
643	751
643	752
643	753
643	757
643	759
643	762
643	765
643	879
644	43
644	421
644	532
644	647
644	649
644	651
644	673
644	682
644	703
644	718
644	726
644	736
644	739
644	743
644	760
644	761
644	763
644	765
645	504
645	562
645	606
645	612
645	613
645	642
645	657
645	667
645	697
645	732
645	733
645	738
645	748
645	750
645	755
645	758
645	890
645	962
646	383
646	535
646	565
646	623
646	636
646	652
646	658
646	662
646	670
646	682
646	698
646	702
646	714
646	729
646	735
646	742
646	743
646	949
647	195
647	480
647	487
647	582
647	584
647	590
647	596
647	621
647	634
647	644
647	655
647	675
647	707
647	709
647	721
647	746
647	753
647	763
648	183
648	496
648	503
648	552
648	556
648	597
648	608
648	631
648	666
648	678
648	680
648	711
648	722
648	737
648	740
648	742
648	758
648	852
649	248
649	273
649	509
649	607
649	629
649	644
649	683
649	703
649	713
649	736
649	739
649	742
649	743
649	746
649	751
649	760
649	761
649	763
650	522
650	624
650	628
650	640
650	672
650	692
650	695
650	705
650	708
650	713
650	724
650	727
650	728
650	749
650	754
650	756
650	923
650	976
651	442
651	574
651	606
651	644
651	657
651	673
651	691
651	716
651	718
651	735
651	736
651	739
651	746
651	751
651	760
651	761
651	763
651	765
652	181
652	368
652	503
652	550
652	576
652	636
652	637
652	646
652	662
652	682
652	696
652	714
652	729
652	730
652	731
652	735
652	742
652	756
653	168
653	400
653	515
653	526
653	582
653	590
653	607
653	625
653	638
653	643
653	676
653	701
653	706
653	747
653	753
653	759
653	762
653	764
654	273
654	450
654	536
654	592
654	607
654	642
654	695
654	704
654	705
654	724
654	727
654	731
654	734
654	737
654	741
654	745
654	749
654	754
654	756
655	489
655	500
655	521
655	524
655	583
655	585
655	590
655	634
655	647
655	659
655	660
655	664
655	702
655	707
655	709
655	721
655	726
655	877
655	964
656	40
656	294
656	479
656	497
656	516
656	525
656	527
656	544
656	548
656	563
656	599
656	626
656	685
656	688
656	693
656	717
656	730
656	744
656	755
657	342
657	575
657	610
657	612
657	613
657	616
657	626
657	645
657	651
657	708
657	719
657	732
657	738
657	748
657	749
657	755
657	758
657	764
657	958
658	243
658	426
658	482
658	501
658	528
658	550
658	565
658	626
658	632
658	646
658	670
658	683
658	696
658	703
658	729
658	730
658	735
658	739
658	742
659	485
659	487
659	521
659	524
659	531
659	582
659	585
659	590
659	634
659	655
659	664
659	671
659	672
659	675
659	707
659	709
659	721
659	722
659	827
659	989
660	174
660	495
660	541
660	564
660	569
660	625
660	655
660	661
660	701
660	706
660	715
660	718
660	745
660	747
660	752
660	753
660	757
660	759
660	764
660	869
661	150
661	242
661	484
661	495
661	564
661	614
661	660
661	689
661	706
661	715
661	724
661	737
661	747
661	750
661	753
661	757
661	758
661	759
661	762
661	764
662	114
662	148
662	483
662	501
662	535
662	550
662	606
662	636
662	646
662	652
662	670
662	681
662	682
662	696
662	714
662	729
662	735
662	742
662	752
662	765
662	852
663	139
663	154
663	337
663	592
663	624
663	642
663	668
663	671
663	683
663	690
663	708
663	709
663	713
663	714
663	720
663	734
663	741
663	745
663	751
663	754
663	756
664	64
664	391
664	480
664	531
664	537
664	549
664	555
664	573
664	582
664	590
664	596
664	621
664	655
664	659
664	675
664	702
664	707
664	709
664	721
664	729
664	760
665	94
665	217
665	488
665	559
665	570
665	589
665	598
665	615
665	622
665	684
665	685
665	689
665	694
665	700
665	710
665	712
665	718
665	726
665	728
665	731
665	734
666	204
666	481
666	506
666	529
666	547
666	552
666	577
666	597
666	600
666	608
666	633
666	648
666	680
666	681
666	686
666	696
666	711
666	722
666	728
666	740
666	862
667	141
667	223
667	510
667	517
667	554
667	575
667	604
667	610
667	645
667	668
667	688
667	697
667	719
667	732
667	733
667	738
667	748
667	749
667	755
667	757
667	758
668	152
668	571
668	575
668	605
668	610
668	616
668	663
668	667
668	697
668	708
668	714
668	719
668	721
668	730
668	732
668	733
668	738
668	748
668	755
668	758
668	876
669	320
669	484
669	534
669	559
669	586
669	617
669	621
669	635
669	638
669	728
669	729
669	739
669	747
669	750
669	752
669	753
669	757
669	759
669	762
669	764
669	837
670	164
670	198
670	483
670	520
670	543
670	629
670	632
670	636
670	640
670	646
670	658
670	662
670	682
670	697
670	698
670	714
670	729
670	730
670	735
670	742
670	752
671	124
671	589
671	640
671	659
671	663
671	690
671	692
671	699
671	708
671	713
671	724
671	727
671	734
671	741
671	745
671	749
671	750
671	751
671	754
671	756
671	980
672	100
672	235
672	563
672	650
672	659
672	674
672	683
672	695
672	699
672	703
672	705
672	708
672	720
672	724
672	727
672	734
672	741
672	745
672	749
672	754
672	759
673	463
673	471
673	548
673	551
673	591
673	620
673	632
673	644
673	651
673	677
673	691
673	698
673	703
673	716
673	736
673	743
673	746
673	751
673	760
673	761
673	763
673	765
674	260
674	278
674	562
674	587
674	603
674	611
674	624
674	672
674	683
674	690
674	692
674	695
674	699
674	704
674	708
674	724
674	734
674	741
674	742
674	745
674	754
674	756
675	456
675	489
675	531
675	537
675	538
675	549
675	582
675	585
675	590
675	596
675	621
675	647
675	659
675	664
675	702
675	707
675	709
675	721
675	726
675	731
675	744
675	990
676	534
676	566
676	604
676	617
676	624
676	635
676	643
676	653
676	679
676	701
676	706
676	715
676	747
676	750
676	752
676	753
676	754
676	757
676	759
676	762
676	903
676	987
677	91
677	253
677	488
677	508
677	527
677	540
677	563
677	588
677	599
677	612
677	618
677	619
677	623
677	673
677	685
677	687
677	688
677	693
677	717
677	723
677	744
677	746
678	162
678	301
678	445
678	546
678	547
678	558
678	591
678	601
678	609
678	638
678	648
678	701
678	715
678	729
678	747
678	750
678	752
678	753
678	757
678	760
678	762
678	764
679	287
679	558
679	566
679	579
679	586
679	594
679	609
679	676
679	694
679	706
679	715
679	718
679	747
679	750
679	752
679	753
679	754
679	757
679	759
679	762
679	764
679	983
680	395
680	492
680	499
680	552
680	570
680	577
680	583
680	600
680	608
680	611
680	648
680	666
680	681
680	686
680	695
680	711
680	737
680	740
680	742
680	748
680	762
680	999
681	78
681	494
681	499
681	502
681	538
681	553
681	556
681	570
681	583
681	588
681	608
681	611
681	631
681	633
681	662
681	666
681	680
681	686
681	722
681	737
681	760
681	928
681	990
682	34
682	376
682	518
682	542
682	550
682	566
682	576
682	580
682	601
682	632
682	636
682	644
682	646
682	652
682	662
682	670
682	696
682	714
682	729
682	730
682	735
682	742
682	762
683	121
683	641
683	649
683	658
683	663
683	672
683	674
683	688
683	692
683	704
683	705
683	708
683	713
683	720
683	727
683	734
683	741
683	745
683	749
683	751
683	754
683	756
683	880
684	222
684	286
684	481
684	501
684	581
684	587
684	589
684	598
684	622
684	639
684	641
684	665
684	694
684	698
684	700
684	710
684	712
684	726
684	728
684	731
684	741
684	744
684	761
685	251
685	478
685	505
685	508
685	515
685	530
685	540
685	544
685	594
685	618
685	619
685	623
685	625
685	656
685	665
685	677
685	687
685	693
685	717
685	723
685	725
685	744
685	918
686	163
686	173
686	499
686	502
686	505
686	506
686	529
686	530
686	609
686	611
686	631
686	633
686	666
686	680
686	681
686	711
686	712
686	722
686	737
686	740
686	747
686	756
686	909
687	308
687	454
687	479
687	505
687	525
687	540
687	588
687	599
687	613
687	618
687	623
687	677
687	685
687	693
687	696
687	717
687	723
687	725
687	740
687	744
687	745
687	751
687	898
688	478
688	505
688	516
688	526
688	544
688	551
688	561
688	563
688	567
688	588
688	619
688	656
688	667
688	677
688	683
688	693
688	717
688	723
688	744
688	748
688	764
688	818
688	900
689	325
689	490
689	533
689	546
689	572
689	587
689	589
689	598
689	615
689	622
689	639
689	640
689	641
689	661
689	665
689	694
689	700
689	710
689	712
689	726
689	728
689	731
689	746
689	979
690	169
690	514
690	537
690	599
690	603
690	642
690	663
690	671
690	674
690	695
690	699
690	700
690	704
690	705
690	720
690	727
690	729
690	734
690	741
690	745
690	749
690	754
690	756
690	919
691	331
691	452
691	524
691	568
691	569
691	591
691	620
691	631
691	633
691	651
691	673
691	703
691	718
691	736
691	739
691	743
691	745
691	746
691	751
691	760
691	761
691	763
691	765
691	942
692	167
692	182
692	478
692	546
692	603
692	640
692	650
692	671
692	674
692	683
692	695
692	708
692	711
692	713
692	724
692	727
692	734
692	741
692	745
692	749
692	754
692	755
692	756
692	761
693	107
693	490
693	508
693	517
693	551
693	561
693	567
693	599
693	619
693	623
693	635
693	641
693	656
693	677
693	685
693	687
693	688
693	717
693	718
693	723
693	725
693	744
693	833
693	935
694	317
694	481
694	488
694	493
694	494
694	581
694	589
694	595
694	598
694	622
694	634
694	639
694	641
694	665
694	679
694	684
694	689
694	700
694	726
694	728
694	731
694	737
694	746
694	947
695	155
695	219
695	504
695	510
695	613
695	624
695	650
695	654
695	672
695	674
695	680
695	690
695	692
695	708
695	713
695	724
695	727
695	734
695	741
695	745
695	749
695	754
695	756
695	985
696	297
696	351
696	482
696	500
696	501
696	528
696	565
696	574
696	627
696	629
696	636
696	637
696	652
696	658
696	662
696	666
696	682
696	687
696	698
696	714
696	730
696	735
696	742
696	749
697	125
697	504
697	517
697	550
697	571
697	594
697	602
697	605
697	609
697	612
697	613
697	616
697	626
697	630
697	645
697	667
697	668
697	670
697	732
697	738
697	748
697	755
697	758
697	760
697	818
698	249
698	309
698	482
698	501
698	535
698	543
698	566
698	576
698	580
698	627
698	632
698	637
698	646
698	670
698	673
698	684
698	696
698	716
698	729
698	730
698	731
698	735
698	742
698	749
698	899
699	154
699	305
699	343
699	519
699	555
699	600
699	603
699	636
699	671
699	672
699	674
699	690
699	704
699	713
699	720
699	724
699	725
699	727
699	734
699	741
699	745
699	749
699	754
699	756
699	758
700	345
700	408
700	511
700	525
700	572
700	581
700	587
700	589
700	595
700	622
700	639
700	641
700	665
700	684
700	689
700	690
700	694
700	710
700	712
700	726
700	728
700	731
700	749
700	752
700	765
701	226
701	518
701	526
701	545
701	581
701	586
701	587
701	609
701	614
701	653
701	660
701	676
701	678
701	726
701	736
701	747
701	750
701	752
701	753
701	757
701	759
701	760
701	762
701	764
701	923
702	225
702	241
702	487
702	489
702	521
702	524
702	537
702	549
702	552
702	582
702	584
702	585
702	590
702	594
702	621
702	625
702	634
702	646
702	655
702	664
702	675
702	707
702	709
702	721
702	748
703	269
703	336
703	500
703	509
703	548
703	560
703	568
703	643
703	644
703	649
703	658
703	672
703	673
703	691
703	712
703	716
703	732
703	736
703	739
703	743
703	751
703	760
703	761
703	763
703	765
704	493
704	539
704	544
704	555
704	568
704	654
704	674
704	683
704	690
704	699
704	708
704	713
704	723
704	724
704	727
704	734
704	736
704	741
704	745
704	749
704	754
704	756
704	765
704	815
704	911
705	144
705	451
705	456
705	513
705	542
705	569
705	592
705	642
705	650
705	654
705	672
705	683
705	690
705	713
705	718
705	720
705	724
705	727
705	734
705	741
705	745
705	750
705	754
705	756
705	759
706	172
706	213
706	426
706	489
706	495
706	545
706	558
706	559
706	561
706	592
706	617
706	653
706	660
706	661
706	676
706	679
706	715
706	725
706	740
706	747
706	750
706	752
706	757
706	759
706	762
706	764
707	289
707	339
707	487
707	489
707	521
707	531
707	567
707	582
707	585
707	590
707	596
707	617
707	621
707	634
707	637
707	647
707	655
707	659
707	664
707	675
707	702
707	709
707	721
707	739
707	758
707	922
708	109
708	123
708	501
708	539
708	640
708	650
708	657
708	663
708	668
708	671
708	672
708	674
708	683
708	692
708	695
708	704
708	720
708	734
708	741
708	745
708	749
708	753
708	754
708	756
708	761
708	896
709	169
709	276
709	445
709	480
709	514
709	524
709	531
709	537
709	549
709	584
709	585
709	589
709	596
709	621
709	634
709	647
709	655
709	659
709	663
709	664
709	675
709	702
709	707
709	721
709	728
709	759
710	145
710	481
710	546
710	587
710	589
710	595
710	598
710	615
710	622
710	639
710	641
710	665
710	684
710	689
710	700
710	712
710	720
710	726
710	728
710	730
710	731
710	739
710	747
710	757
710	934
710	989
711	104
711	170
711	199
711	496
711	499
711	502
711	506
711	530
711	539
711	552
711	553
711	562
711	583
711	597
711	627
711	631
711	633
711	648
711	666
711	680
711	686
711	692
711	721
711	722
711	736
711	737
711	740
712	122
712	481
712	494
712	511
712	546
712	572
712	574
712	581
712	582
712	589
712	595
712	598
712	622
712	638
712	639
712	641
712	665
712	684
712	686
712	689
712	700
712	703
712	710
712	726
712	728
712	731
712	934
713	475
713	555
713	592
713	602
713	631
713	642
713	649
713	650
713	663
713	671
713	683
713	692
713	695
713	699
713	704
713	705
713	720
713	722
713	727
713	741
713	745
713	749
713	754
713	756
713	764
713	779
713	960
714	482
714	483
714	548
714	565
714	566
714	576
714	580
714	617
714	627
714	629
714	632
714	636
714	637
714	646
714	652
714	662
714	663
714	668
714	670
714	682
714	696
714	729
714	730
714	760
714	776
714	937
714	984
715	405
715	465
715	507
715	547
715	554
715	564
715	575
715	586
715	635
715	638
715	643
715	660
715	661
715	676
715	678
715	679
715	706
715	727
715	741
715	752
715	753
715	754
715	757
715	759
715	762
715	764
715	958
716	91
716	142
716	158
716	532
716	557
716	574
716	591
716	593
716	607
716	620
716	628
716	651
716	673
716	698
716	703
716	717
716	729
716	736
716	739
716	743
716	745
716	751
716	753
716	760
716	761
716	763
716	765
717	287
717	497
717	508
717	515
717	516
717	518
717	521
717	525
717	527
717	561
717	588
717	599
717	618
717	619
717	656
717	677
717	685
717	687
717	688
717	693
717	716
717	723
717	725
717	729
717	744
717	765
717	971
718	321
718	500
718	509
718	523
718	530
718	548
718	568
718	573
718	577
718	593
718	628
718	644
718	651
718	660
718	665
718	679
718	691
718	693
718	705
718	739
718	743
718	746
718	760
718	761
718	763
718	765
718	792
718	816
719	291
719	339
719	485
719	491
719	553
719	554
719	571
719	575
719	578
719	605
719	610
719	612
719	616
719	624
719	626
719	630
719	657
719	667
719	668
719	732
719	738
719	739
719	743
719	748
719	754
719	755
719	758
719	830
720	13
720	434
720	482
720	491
720	493
720	540
720	542
720	592
720	603
720	635
720	642
720	663
720	672
720	683
720	690
720	699
720	705
720	708
720	710
720	713
720	721
720	724
720	727
720	741
720	745
720	749
720	754
720	756
720	813
721	83
721	474
721	480
721	487
721	489
721	496
721	524
721	531
721	537
721	549
721	582
721	584
721	585
721	596
721	602
721	621
721	634
721	647
721	655
721	659
721	664
721	668
721	675
721	702
721	707
721	709
721	711
721	720
721	738
722	149
722	168
722	470
722	492
722	496
722	506
722	513
722	519
722	529
722	538
722	556
722	562
722	564
722	579
722	583
722	597
722	600
722	611
722	633
722	638
722	648
722	659
722	666
722	681
722	686
722	711
722	713
722	734
722	737
722	740
723	16
723	278
723	451
723	479
723	490
723	497
723	505
723	515
723	516
723	525
723	527
723	540
723	543
723	544
723	553
723	560
723	573
723	588
723	618
723	623
723	677
723	685
723	687
723	688
723	693
723	704
723	717
723	725
723	744
723	758
724	174
724	178
724	443
724	516
724	585
724	587
724	603
724	609
724	640
724	642
724	650
724	654
724	661
724	671
724	672
724	674
724	692
724	695
724	699
724	704
724	705
724	720
724	727
724	734
724	741
724	745
724	749
724	754
724	756
724	765
724	843
725	46
725	307
725	478
725	490
725	497
725	505
725	508
725	515
725	525
725	527
725	544
725	551
725	561
725	563
725	588
725	599
725	607
725	618
725	619
725	623
725	685
725	687
725	693
725	699
725	706
725	717
725	723
725	735
725	744
725	746
725	748
725	846
726	15
726	300
726	481
726	488
726	494
726	511
726	546
726	572
726	587
726	589
726	595
726	597
726	598
726	615
726	622
726	639
726	641
726	644
726	655
726	665
726	675
726	684
726	689
726	694
726	700
726	701
726	710
726	712
726	728
726	731
726	759
726	848
727	95
727	297
727	390
727	493
727	557
727	595
727	610
727	640
727	642
727	650
727	654
727	671
727	672
727	683
727	690
727	692
727	695
727	699
727	704
727	705
727	713
727	715
727	720
727	724
727	734
727	737
727	741
727	745
727	749
727	754
727	756
727	764
727	937
728	413
728	488
728	494
728	502
728	511
728	546
728	572
728	581
728	587
728	589
728	595
728	598
728	615
728	622
728	639
728	650
728	665
728	666
728	669
728	684
728	689
728	694
728	700
728	709
728	710
728	712
728	726
728	731
728	754
728	760
728	788
728	895
728	968
729	248
729	483
729	501
729	528
729	543
729	550
729	566
729	576
729	591
729	627
729	629
729	632
729	636
729	637
729	646
729	652
729	658
729	662
729	664
729	669
729	670
729	678
729	682
729	690
729	698
729	714
729	716
729	717
729	730
729	735
729	742
729	796
729	849
730	276
730	482
730	483
730	535
730	543
730	550
730	566
730	576
730	580
730	608
730	615
730	627
730	629
730	632
730	636
730	637
730	652
730	656
730	658
730	668
730	670
730	682
730	696
730	698
730	710
730	714
730	729
730	735
730	741
730	742
730	752
730	910
730	989
731	182
731	417
731	444
731	481
731	488
731	494
731	511
731	546
731	572
731	581
731	587
731	589
731	595
731	598
731	615
731	622
731	639
731	641
731	652
731	654
731	665
731	675
731	684
731	689
731	694
731	698
731	700
731	710
731	712
731	726
731	728
731	740
731	748
732	19
732	112
732	423
732	479
732	485
732	491
732	498
732	522
732	575
732	602
732	604
732	605
732	606
732	612
732	613
732	616
732	627
732	630
732	645
732	657
732	667
732	668
732	697
732	703
732	719
732	733
732	738
732	744
732	748
732	750
732	754
732	755
732	758
732	765
733	324
733	457
733	485
733	491
733	498
733	512
733	517
733	522
733	571
733	577
733	602
733	604
733	605
733	606
733	610
733	613
733	616
733	620
733	626
733	630
733	645
733	667
733	668
733	732
733	736
733	738
733	747
733	748
733	755
733	758
733	761
733	762
733	765
733	922
734	80
734	181
734	255
734	539
734	560
734	592
734	598
734	605
734	612
734	620
734	624
734	640
734	642
734	654
734	663
734	665
734	671
734	672
734	674
734	683
734	690
734	692
734	695
734	699
734	704
734	705
734	708
734	722
734	724
734	727
734	741
734	745
734	749
734	756
735	211
735	483
735	499
735	528
735	535
735	543
735	550
735	565
735	566
735	567
735	576
735	618
735	627
735	629
735	631
735	632
735	634
735	636
735	637
735	646
735	651
735	652
735	658
735	662
735	670
735	682
735	696
735	698
735	725
735	729
735	730
735	742
735	808
735	964
736	363
736	510
736	514
736	524
736	532
736	548
736	560
736	568
736	577
736	591
736	608
736	628
736	644
736	649
736	651
736	673
736	691
736	701
736	703
736	704
736	711
736	716
736	733
736	739
736	743
736	746
736	751
736	758
736	760
736	761
736	763
736	765
736	829
736	905
737	478
737	492
737	496
737	502
737	503
737	513
737	519
737	520
737	538
737	552
737	553
737	562
737	570
737	583
737	597
737	600
737	608
737	611
737	631
737	635
737	648
737	654
737	661
737	680
737	681
737	686
737	694
737	711
737	722
737	727
737	740
737	761
737	901
737	960
737	971
738	25
738	163
738	486
738	512
738	517
738	522
738	536
738	562
738	575
738	602
738	604
738	605
738	606
738	610
738	612
738	613
738	626
738	630
738	639
738	640
738	645
738	657
738	667
738	668
738	697
738	719
738	721
738	732
738	733
738	740
738	748
738	755
738	758
738	867
738	921
739	441
739	514
739	536
739	557
739	569
739	573
739	576
739	577
739	578
739	593
739	607
739	620
739	628
739	644
739	649
739	651
739	658
739	669
739	691
739	703
739	707
739	710
739	716
739	718
739	719
739	736
739	740
739	743
739	746
739	760
739	761
739	763
739	765
739	786
739	860
739	935
740	153
740	166
740	341
740	492
740	496
740	502
740	506
740	519
740	520
740	529
740	538
740	549
740	552
740	553
740	556
740	562
740	570
740	576
740	583
740	597
740	611
740	631
740	633
740	648
740	666
740	680
740	686
740	687
740	706
740	711
740	722
740	731
740	737
740	738
740	739
740	749
740	965
741	254
741	338
741	493
741	534
741	539
741	542
741	564
741	584
741	624
741	654
741	663
741	671
741	672
741	674
741	683
741	684
741	690
741	692
741	695
741	699
741	704
741	705
741	708
741	713
741	715
741	720
741	724
741	727
741	730
741	734
741	745
741	749
741	754
741	756
741	757
741	975
741	980
742	203
742	364
742	482
742	483
742	501
742	528
742	534
742	535
742	541
742	543
742	550
742	565
742	566
742	576
742	580
742	613
742	627
742	629
742	632
742	636
742	637
742	646
742	648
742	649
742	652
742	658
742	662
742	670
742	674
742	680
742	682
742	696
742	698
742	729
742	730
742	735
742	745
742	815
743	306
743	427
743	507
743	536
743	548
743	550
743	557
743	558
743	560
743	568
743	569
743	574
743	578
743	593
743	605
743	607
743	620
743	628
743	644
743	646
743	649
743	673
743	691
743	703
743	716
743	718
743	719
743	736
743	739
743	746
743	751
743	760
743	761
743	762
743	763
743	765
743	857
743	993
744	282
744	324
744	431
744	478
744	479
744	486
744	490
744	497
744	508
744	509
744	515
744	516
744	525
744	544
744	549
744	551
744	561
744	563
744	567
744	588
744	599
744	601
744	618
744	619
744	623
744	656
744	675
744	677
744	684
744	685
744	687
744	688
744	693
744	717
744	723
744	725
744	732
744	889
745	151
745	539
745	542
745	555
745	592
745	603
745	624
745	654
745	660
745	663
745	671
745	672
745	674
745	683
745	687
745	690
745	691
745	692
745	695
745	699
745	704
745	705
745	708
745	713
745	716
745	720
745	724
745	727
745	734
745	741
745	742
745	749
745	753
745	754
745	756
745	757
745	812
745	870
745	911
746	53
746	247
746	411
746	510
746	521
746	523
746	532
746	548
746	560
746	568
746	569
746	574
746	577
746	578
746	589
746	593
746	607
746	620
746	628
746	647
746	649
746	651
746	673
746	677
746	689
746	691
746	694
746	718
746	725
746	736
746	739
746	743
746	751
746	760
746	761
746	762
746	763
746	765
746	927
747	121
747	176
747	484
747	498
747	507
747	526
747	541
747	543
747	547
747	556
747	559
747	601
747	609
747	611
747	614
747	617
747	635
747	638
747	643
747	653
747	660
747	661
747	669
747	676
747	678
747	679
747	686
747	701
747	706
747	710
747	733
747	750
747	752
747	753
747	757
747	758
747	762
747	764
747	982
747	992
748	295
748	485
748	491
748	498
748	504
748	512
748	517
748	522
748	526
748	542
748	554
748	571
748	604
748	605
748	606
748	610
748	612
748	613
748	616
748	630
748	637
748	645
748	657
748	667
748	668
748	680
748	688
748	697
748	702
748	719
748	725
748	731
748	732
748	733
748	738
748	755
748	758
748	783
748	823
748	948
749	85
749	156
749	406
749	493
749	539
749	542
749	554
749	555
749	603
749	615
749	624
749	640
749	642
749	650
749	654
749	657
749	667
749	671
749	672
749	683
749	690
749	692
749	695
749	696
749	698
749	699
749	700
749	704
749	708
749	713
749	720
749	724
749	727
749	734
749	740
749	741
749	745
749	754
749	756
749	991
750	129
750	155
750	458
750	486
750	518
750	531
750	533
750	534
750	547
750	551
750	558
750	564
750	579
750	586
750	591
750	594
750	598
750	601
750	625
750	635
750	638
750	643
750	645
750	661
750	669
750	671
750	676
750	678
750	679
750	701
750	705
750	706
750	732
750	747
750	752
750	753
750	757
750	759
750	762
750	764
750	933
751	168
751	262
751	491
751	500
751	509
751	510
751	514
751	523
751	536
751	557
751	560
751	569
751	573
751	578
751	580
751	581
751	591
751	607
751	620
751	622
751	628
751	643
751	649
751	651
751	663
751	671
751	673
751	683
751	687
751	691
751	703
751	716
751	736
751	743
751	746
751	759
751	760
751	761
751	763
751	765
751	810
751	1000
752	65
752	486
752	488
752	495
752	518
752	533
752	541
752	544
752	545
752	558
752	559
752	564
752	579
752	585
752	586
752	601
752	617
752	623
752	629
752	635
752	643
752	660
752	662
752	669
752	670
752	676
752	678
752	679
752	700
752	701
752	706
752	715
752	730
752	747
752	750
752	753
752	757
752	759
752	762
752	764
752	809
752	916
752	977
753	292
753	403
753	444
753	473
753	495
753	507
753	516
753	518
753	523
753	533
753	534
753	541
753	554
753	559
753	564
753	579
753	594
753	601
753	614
753	625
753	640
753	643
753	647
753	653
753	660
753	661
753	669
753	676
753	678
753	679
753	701
753	708
753	715
753	716
753	745
753	747
753	750
753	752
753	757
753	759
753	762
753	763
753	764
753	994
754	116
754	292
754	339
754	493
754	506
754	539
754	542
754	555
754	570
754	592
754	603
754	624
754	628
754	640
754	642
754	650
754	654
754	663
754	671
754	672
754	674
754	676
754	679
754	683
754	690
754	692
754	695
754	699
754	704
754	705
754	708
754	713
754	715
754	719
754	720
754	724
754	727
754	728
754	732
754	741
754	745
754	749
754	756
754	782
755	279
755	306
755	337
755	404
755	485
755	487
755	491
755	494
755	498
755	504
755	512
755	517
755	522
755	554
755	571
755	575
755	595
755	602
755	604
755	605
755	606
755	610
755	612
755	613
755	616
755	626
755	630
755	637
755	645
755	656
755	657
755	667
755	668
755	692
755	697
755	719
755	732
755	733
755	738
755	748
755	758
755	762
755	763
755	766
756	73
756	182
756	327
756	344
756	365
756	493
756	504
756	539
756	542
756	553
756	555
756	572
756	588
756	592
756	603
756	621
756	624
756	636
756	640
756	642
756	650
756	652
756	654
756	663
756	671
756	674
756	683
756	686
756	690
756	692
756	695
756	699
756	704
756	705
756	708
756	713
756	720
756	724
756	727
756	734
756	741
756	745
756	749
756	754
756	757
757	302
757	507
757	508
757	531
757	533
757	534
757	541
757	545
757	547
757	559
757	579
757	594
757	601
757	609
757	614
757	615
757	617
757	625
757	627
757	638
757	643
757	660
757	661
757	667
757	669
757	676
757	678
757	679
757	701
757	706
757	710
757	715
757	741
757	745
757	747
757	750
757	752
757	753
757	756
757	759
757	762
757	817
757	872
757	900
757	988
758	12
758	159
758	160
758	167
758	318
758	485
758	491
758	498
758	504
758	512
758	517
758	522
758	554
758	571
758	575
758	602
758	604
758	605
758	606
758	610
758	612
758	613
758	614
758	616
758	626
758	630
758	645
758	648
758	657
758	661
758	667
758	668
758	697
758	699
758	707
758	719
758	723
758	732
758	733
758	736
758	738
758	747
758	748
758	755
758	759
759	158
759	225
759	484
759	486
759	507
759	518
759	526
759	533
759	534
759	541
759	545
759	558
759	564
759	565
759	578
759	585
759	594
759	601
759	609
759	617
759	625
759	638
759	643
759	653
759	660
759	661
759	669
759	672
759	676
759	679
759	701
759	705
759	706
759	709
759	715
759	726
759	750
759	751
759	752
759	753
759	757
759	758
759	762
759	764
759	855
759	966
760	89
760	131
760	171
760	500
760	509
760	510
760	536
760	548
760	557
760	560
760	563
760	568
760	569
760	573
760	574
760	577
760	578
760	591
760	593
760	620
760	644
760	649
760	651
760	664
760	673
760	678
760	681
760	691
760	697
760	701
760	703
760	714
760	716
760	718
760	728
760	736
760	739
760	743
760	746
760	751
760	761
760	762
760	763
760	765
760	939
760	998
761	194
761	316
761	330
761	499
761	500
761	510
761	514
761	523
761	525
761	532
761	536
761	548
761	557
761	560
761	568
761	573
761	574
761	577
761	578
761	591
761	593
761	620
761	628
761	642
761	644
761	649
761	651
761	673
761	684
761	691
761	692
761	703
761	708
761	716
761	718
761	733
761	736
761	737
761	739
761	743
761	746
761	751
761	760
761	763
761	764
761	765
761	955
761	1000
762	175
762	180
762	359
762	484
762	486
762	507
762	515
762	518
762	526
762	533
762	541
762	547
762	564
762	573
762	579
762	586
762	601
762	609
762	614
762	617
762	625
762	635
762	643
762	653
762	661
762	669
762	676
762	678
762	679
762	680
762	682
762	701
762	706
762	715
762	733
762	743
762	746
762	747
762	750
762	752
762	753
762	755
762	757
762	759
762	760
762	764
762	956
762	957
763	41
763	432
763	484
763	498
763	500
763	509
763	510
763	523
763	528
763	532
763	536
763	545
763	548
763	555
763	557
763	559
763	560
763	561
763	569
763	573
763	577
763	578
763	591
763	593
763	607
763	620
763	628
763	644
763	647
763	649
763	651
763	673
763	691
763	703
763	716
763	718
763	736
763	739
763	743
763	746
763	751
763	753
763	755
763	760
763	761
763	765
763	794
763	878
763	953
764	146
764	174
764	302
764	334
764	484
764	486
764	502
764	518
764	533
764	541
764	545
764	547
764	555
764	558
764	559
764	574
764	578
764	579
764	586
764	594
764	601
764	609
764	614
764	617
764	625
764	631
764	635
764	638
764	653
764	657
764	660
764	661
764	669
764	678
764	679
764	688
764	701
764	706
764	713
764	715
764	727
764	747
764	750
764	752
764	753
764	759
764	761
764	762
764	860
765	127
765	440
765	458
765	500
765	509
765	510
765	514
765	523
765	532
765	536
765	557
765	560
765	568
765	569
765	573
765	574
765	577
765	578
765	591
765	593
765	606
765	607
765	618
765	620
765	643
765	644
765	651
765	662
765	673
765	691
765	700
765	703
765	704
765	716
765	717
765	718
765	724
765	732
765	733
765	736
765	739
765	743
765	746
765	751
765	760
765	761
765	763
765	874
765	879
766	755
766	826
766	843
766	939
766	951
766	957
766	959
766	965
766	967
766	979
767	609
767	816
767	818
767	828
767	856
767	863
767	887
767	948
767	986
767	991
768	355
768	787
768	800
768	864
768	876
768	887
768	905
768	937
768	986
768	991
769	538
769	784
769	807
769	901
769	909
769	918
769	982
769	993
769	994
769	997
770	115
770	895
770	913
770	952
770	955
770	959
770	967
770	982
770	983
770	985
771	323
771	773
771	971
771	972
771	976
771	987
771	993
771	996
771	997
771	999
772	581
772	829
772	875
772	919
772	927
772	979
772	982
772	990
772	993
772	994
773	343
773	771
773	802
773	851
773	855
773	958
773	982
773	990
773	993
773	994
774	151
774	822
774	843
774	870
774	873
774	951
774	964
774	965
774	967
774	997
775	420
775	779
775	806
775	808
775	940
775	958
775	975
775	982
775	993
775	994
776	714
776	840
776	857
776	911
776	913
776	943
776	956
776	978
776	983
776	985
777	402
777	835
777	880
777	894
777	925
777	937
777	948
777	986
777	991
777	998
778	488
778	871
778	904
778	970
778	973
778	984
778	988
778	989
778	995
778	1000
779	713
779	775
779	844
779	894
779	913
779	955
779	969
779	978
779	983
779	985
780	192
780	809
780	811
780	867
780	872
780	971
780	976
780	997
780	998
780	999
781	265
781	888
781	901
781	919
781	927
781	975
781	979
781	982
781	991
781	993
782	754
782	948
782	964
782	974
782	976
782	977
782	987
782	996
782	998
782	999
783	748
783	902
783	933
783	961
783	969
783	973
783	976
783	981
783	996
783	997
784	77
784	769
784	864
784	877
784	880
784	937
784	950
784	986
784	991
784	1000
785	316
785	787
785	863
785	915
785	929
785	936
785	937
785	986
785	991
785	999
786	739
786	835
786	839
786	902
786	921
786	948
786	950
786	966
786	986
786	991
787	455
787	768
787	785
787	835
787	846
787	856
787	937
787	950
787	985
787	991
788	728
788	856
788	864
788	877
788	887
788	945
788	948
788	974
788	986
788	991
789	356
789	866
789	931
789	933
789	936
789	938
789	953
789	954
789	964
789	986
790	583
790	920
790	928
790	949
790	968
790	976
790	987
790	997
790	998
790	999
791	473
791	804
791	886
791	904
791	914
791	963
791	988
791	989
791	991
791	992
792	718
792	806
792	815
792	909
792	915
792	941
792	982
792	990
792	993
792	994
793	321
793	874
793	889
793	908
793	924
793	926
793	956
793	961
793	998
793	999
794	763
794	873
794	935
794	939
794	945
794	951
794	957
794	965
794	967
794	999
795	600
795	891
795	928
795	942
795	978
795	986
795	988
795	992
795	995
795	1000
796	729
796	822
796	846
796	869
796	888
796	900
796	933
796	944
796	953
796	954
796	964
797	465
797	811
797	840
797	852
797	895
797	906
797	913
797	932
797	978
797	983
797	985
798	262
798	914
798	944
798	947
798	958
798	963
798	980
798	984
798	988
798	989
798	992
799	153
799	803
799	850
799	949
799	962
799	970
799	973
799	981
799	987
799	996
799	997
800	366
800	768
800	806
800	818
800	842
800	868
800	922
800	927
800	969
800	982
800	994
801	29
801	852
801	869
801	870
801	897
801	910
801	931
801	936
801	953
801	954
801	964
802	473
802	773
802	919
802	925
802	940
802	954
802	958
802	963
802	979
802	990
802	994
803	518
803	799
803	853
803	926
803	949
803	969
803	972
803	976
803	990
803	994
803	999
804	101
804	791
804	820
804	870
804	911
804	935
804	939
804	957
804	965
804	967
804	971
805	595
805	831
805	887
805	890
805	892
805	896
805	934
805	947
805	962
805	970
805	988
806	6
806	775
806	792
806	800
806	865
806	968
806	970
806	979
806	982
806	990
806	994
807	300
807	769
807	857
807	919
807	941
807	946
807	958
807	979
807	988
807	990
807	993
808	735
808	775
808	832
808	848
808	892
808	961
808	981
808	987
808	996
808	997
808	998
809	752
809	780
809	857
809	874
809	885
809	942
809	962
809	970
809	971
809	984
809	989
810	751
810	837
810	911
810	913
810	952
810	959
810	968
810	969
810	978
810	983
810	985
811	190
811	780
811	797
811	885
811	900
811	935
811	939
811	951
811	957
811	965
811	967
812	619
812	745
812	825
812	865
812	881
812	958
812	982
812	989
812	990
812	993
812	994
813	720
813	853
813	880
813	912
813	915
813	929
813	948
813	950
813	986
813	991
813	993
814	472
814	840
814	844
814	932
814	943
814	952
814	959
814	965
814	967
814	978
814	983
814	985
815	704
815	742
815	792
815	845
815	861
815	895
815	959
815	969
815	978
815	983
815	985
815	990
816	718
816	767
816	880
816	912
816	915
816	929
816	950
816	954
816	967
816	968
816	986
816	991
817	757
817	828
817	880
817	887
817	902
817	912
817	915
817	921
817	929
817	948
817	986
817	991
818	688
818	697
818	767
818	800
818	865
818	909
818	946
818	973
818	975
818	990
818	993
818	994
819	469
819	831
819	841
819	956
819	966
819	973
819	974
819	977
819	996
819	997
819	998
819	999
820	436
820	804
820	822
820	873
820	884
820	935
820	951
820	955
820	957
820	965
820	967
820	974
821	58
821	867
821	892
821	917
821	967
821	971
821	974
821	981
821	995
821	996
821	998
821	999
822	322
822	774
822	796
822	820
822	872
822	889
822	900
822	939
822	951
822	957
822	965
822	967
823	748
823	889
823	900
823	916
823	923
823	939
823	951
823	957
823	965
823	967
823	998
823	999
824	520
824	867
824	892
824	908
824	932
824	967
824	968
824	987
824	996
824	997
824	998
824	999
825	170
825	812
825	837
825	912
825	918
825	926
825	930
825	975
825	979
825	989
825	990
825	994
826	537
826	766
826	849
826	900
826	906
826	916
826	935
826	939
826	957
826	963
826	967
826	972
827	659
827	879
827	882
827	908
827	932
827	943
827	955
827	959
827	961
827	969
827	978
827	983
827	985
828	47
828	767
828	817
828	842
828	892
828	949
828	966
828	968
828	974
828	977
828	996
828	997
828	998
829	250
829	736
829	772
829	857
829	913
829	932
829	943
829	959
829	969
829	983
829	985
829	991
829	998
830	719
830	859
830	871
830	902
830	910
830	916
830	919
830	931
830	936
830	938
830	953
830	954
830	964
831	289
831	805
831	819
831	878
831	914
831	947
831	957
831	961
831	970
831	980
831	984
831	992
831	1000
832	26
832	808
832	838
832	887
832	908
832	966
832	968
832	977
832	987
832	988
832	996
832	997
832	998
833	693
833	866
833	883
833	885
833	899
833	905
833	907
833	948
833	984
833	986
833	988
833	995
833	1000
834	436
834	848
834	871
834	903
834	907
834	923
834	928
834	934
834	941
834	982
834	988
834	989
834	992
835	290
835	418
835	777
835	786
835	787
835	894
835	910
835	921
835	928
835	948
835	950
835	986
835	991
836	265
836	859
836	869
836	886
836	931
836	933
836	936
836	938
836	944
836	954
836	964
836	994
836	995
837	669
837	810
837	825
837	842
837	845
837	847
837	854
837	871
837	935
837	946
837	975
837	982
837	993
838	102
838	832
838	924
838	941
838	962
838	964
838	971
838	973
838	977
838	987
838	997
838	998
838	999
839	49
839	786
839	863
839	887
839	893
839	912
839	915
839	921
839	929
839	960
839	986
839	991
839	1000
840	610
840	776
840	797
840	814
840	874
840	943
840	955
840	969
840	978
840	983
840	985
840	988
840	992
841	175
841	819
841	851
841	890
841	891
841	924
841	945
841	962
841	980
841	986
841	992
841	995
841	1000
842	209
842	800
842	828
842	837
842	867
842	906
842	958
842	975
842	979
842	987
842	990
842	993
842	994
843	724
843	766
843	774
843	849
843	889
843	916
843	918
843	923
843	939
843	951
843	957
843	965
843	967
844	507
844	779
844	814
844	850
844	879
844	890
844	895
844	932
844	943
844	959
844	978
844	983
844	985
845	94
845	815
845	837
845	847
845	880
845	922
845	927
845	941
845	946
845	975
845	979
845	993
845	994
845	996
846	114
846	725
846	787
846	796
846	869
846	875
846	888
846	892
846	898
846	899
846	910
846	940
846	944
846	964
847	576
847	837
847	845
847	873
847	906
847	918
847	925
847	941
847	975
847	976
847	982
847	991
847	993
847	994
848	424
848	726
848	808
848	834
848	866
848	883
848	885
848	897
848	913
848	921
848	923
848	992
848	995
848	1000
849	583
849	729
849	826
849	843
849	870
849	889
849	900
849	904
849	935
849	939
849	957
849	965
849	967
849	996
850	181
850	639
850	799
850	844
850	883
850	961
850	966
850	972
850	974
850	977
850	981
850	996
850	998
850	999
851	450
851	773
851	841
851	878
851	905
851	934
851	963
851	970
851	980
851	984
851	992
851	996
851	999
851	1000
852	648
852	662
852	797
852	801
852	879
852	942
852	952
852	955
852	956
852	959
852	969
852	978
852	983
852	985
853	443
853	803
853	813
853	881
853	908
853	949
853	969
853	971
853	972
853	977
853	984
853	996
853	997
853	998
854	296
854	532
854	837
854	918
854	922
854	925
854	932
854	940
854	966
854	982
854	990
854	993
854	994
854	996
855	401
855	759
855	773
855	868
855	906
855	922
855	925
855	930
855	946
855	974
855	982
855	993
855	994
855	995
856	393
856	767
856	787
856	788
856	863
856	876
856	894
856	910
856	921
856	950
856	955
856	986
856	989
856	991
857	10
857	743
857	776
857	807
857	809
857	829
857	895
857	917
857	952
857	959
857	969
857	978
857	983
857	985
858	425
858	865
858	901
858	906
858	907
858	909
858	918
858	919
858	925
858	946
858	958
858	979
858	982
858	984
859	427
859	830
859	836
859	871
859	878
859	909
859	910
859	931
859	933
859	944
859	953
859	954
859	964
859	978
860	739
860	764
860	861
860	862
860	882
860	901
860	911
860	943
860	952
860	955
860	959
860	970
860	978
860	985
861	44
861	815
861	860
861	895
861	897
861	940
861	943
861	952
861	959
861	969
861	972
861	978
861	983
861	985
862	666
862	860
862	867
862	924
862	966
862	968
862	972
862	974
862	978
862	981
862	996
862	997
862	998
862	999
862	1000
863	100
863	767
863	785
863	839
863	856
863	876
863	894
863	915
863	916
863	921
863	943
863	950
863	980
863	986
863	991
864	249
864	437
864	768
864	784
864	788
864	877
864	890
864	894
864	900
864	912
864	915
864	926
864	929
864	948
864	986
865	117
865	806
865	812
865	818
865	858
865	894
865	896
865	930
865	941
865	946
865	949
865	975
865	990
865	993
865	994
866	605
866	789
866	833
866	848
866	934
866	945
866	947
866	962
866	963
866	970
866	972
866	977
866	980
866	984
866	995
867	23
867	738
867	780
867	821
867	824
867	842
867	862
867	892
867	903
867	981
867	987
867	990
867	996
867	997
867	998
868	412
868	800
868	855
868	891
868	906
868	918
868	919
868	940
868	946
868	958
868	975
868	979
868	981
868	990
868	999
869	430
869	660
869	796
869	801
869	836
869	846
869	875
869	893
869	925
869	931
869	944
869	950
869	953
869	964
869	997
870	471
870	745
870	774
870	801
870	804
870	849
870	914
870	916
870	935
870	939
870	951
870	957
870	965
870	967
870	981
871	229
871	778
871	830
871	834
871	837
871	859
871	875
871	899
871	910
871	933
871	938
871	944
871	954
871	977
871	992
872	757
872	780
872	822
872	904
872	908
872	926
872	950
872	966
872	972
872	973
872	987
872	996
872	998
872	999
872	1000
873	479
873	487
873	774
873	794
873	820
873	847
873	884
873	900
873	914
873	916
873	935
873	951
873	957
873	965
873	967
874	765
874	793
874	809
874	840
874	884
874	896
874	942
874	945
874	971
874	988
874	989
874	992
874	995
874	997
874	1000
875	230
875	772
875	846
875	869
875	871
875	888
875	893
875	898
875	928
875	936
875	938
875	944
875	953
875	954
875	965
875	990
876	259
876	668
876	768
876	856
876	863
876	877
876	887
876	894
876	937
876	948
876	950
876	964
876	974
876	986
876	991
876	997
877	140
877	655
877	784
877	788
877	864
877	876
877	880
877	912
877	929
877	937
877	948
877	969
877	986
877	991
877	992
877	996
878	483
878	763
878	831
878	851
878	859
878	905
878	920
878	922
878	960
878	963
878	980
878	986
878	988
878	989
878	995
878	1000
879	643
879	765
879	827
879	844
879	852
879	891
879	932
879	938
879	943
879	952
879	955
879	969
879	978
879	980
879	983
879	985
880	233
880	683
880	777
880	784
880	813
880	816
880	817
880	845
880	877
880	912
880	948
880	950
880	974
880	986
880	989
880	991
881	642
881	812
881	853
881	892
881	906
881	949
881	968
881	971
881	973
881	974
881	975
881	976
881	980
881	981
881	997
881	999
882	167
882	604
882	827
882	860
882	889
882	911
882	931
882	932
882	943
882	955
882	959
882	969
882	978
882	983
882	984
882	998
883	149
883	615
883	833
883	848
883	850
883	907
883	922
883	942
883	950
883	960
883	962
883	980
883	984
883	989
883	992
883	995
884	49
884	184
884	820
884	873
884	874
884	891
884	896
884	914
884	923
884	942
884	984
884	987
884	989
884	992
884	995
884	1000
885	150
885	809
885	811
885	833
885	848
885	897
885	903
885	920
885	928
885	972
885	984
885	989
885	992
885	994
885	995
885	1000
886	550
886	637
886	791
886	836
886	891
886	907
886	923
886	940
886	960
886	963
886	980
886	985
886	988
886	989
886	995
886	1000
887	172
887	767
887	768
887	788
887	805
887	817
887	832
887	839
887	876
887	894
887	898
887	929
887	937
887	948
887	978
887	986
887	991
888	108
888	781
888	796
888	846
888	875
888	893
888	899
888	910
888	927
888	933
888	934
888	938
888	944
888	953
888	954
888	964
888	985
889	341
889	744
889	793
889	822
889	823
889	843
889	849
889	882
889	900
889	911
889	916
889	935
889	939
889	951
889	965
889	967
889	982
890	438
890	645
890	805
890	841
890	844
890	864
890	903
890	922
890	945
890	970
890	980
890	987
890	988
890	989
890	992
890	995
890	1000
891	475
891	795
891	841
891	868
891	879
891	884
891	886
891	914
891	945
891	963
891	969
891	975
891	980
891	988
891	989
891	992
891	995
892	234
892	805
892	808
892	821
892	824
892	828
892	846
892	867
892	881
892	908
892	947
892	956
892	971
892	976
892	996
892	997
892	998
893	416
893	603
893	839
893	869
893	875
893	888
893	899
893	910
893	933
893	936
893	938
893	944
893	953
893	959
893	964
893	984
893	991
894	340
894	777
894	779
894	835
894	856
894	863
894	864
894	865
894	876
894	887
894	901
894	915
894	921
894	929
894	950
894	986
894	991
895	467
895	728
895	770
895	797
895	815
895	844
895	857
895	861
895	905
895	913
895	945
895	960
895	969
895	978
895	983
895	985
895	993
896	240
896	708
896	805
896	865
896	874
896	884
896	905
896	914
896	928
896	945
896	962
896	970
896	971
896	976
896	984
896	988
896	989
897	52
897	221
897	801
897	848
897	861
897	885
897	904
897	907
897	942
897	945
897	952
897	962
897	978
897	984
897	988
897	995
897	1000
898	687
898	846
898	875
898	887
898	899
898	910
898	918
898	931
898	933
898	936
898	938
898	944
898	953
898	954
898	955
898	964
898	990
899	402
899	698
899	833
899	846
899	871
899	888
899	893
899	898
899	931
899	933
899	936
899	944
899	950
899	951
899	953
899	954
899	964
900	688
900	757
900	796
900	811
900	822
900	823
900	826
900	849
900	864
900	873
900	889
900	916
900	942
900	951
900	957
900	965
900	967
900	998
901	562
901	737
901	769
901	781
901	858
901	860
901	894
901	909
901	912
901	922
901	930
901	946
901	951
901	975
901	979
901	982
901	990
901	993
902	227
902	345
902	783
902	786
902	817
902	830
902	908
902	917
902	927
902	961
902	968
902	972
902	973
902	974
902	976
902	981
902	998
902	999
903	676
903	834
903	867
903	885
903	890
903	910
903	928
903	933
903	942
903	943
903	962
903	963
903	970
903	980
903	988
903	992
903	995
903	1000
904	255
904	634
904	778
904	791
904	849
904	872
904	897
904	914
904	923
904	928
904	942
904	947
904	959
904	984
904	988
904	989
904	992
904	996
905	78
905	736
905	768
905	833
905	851
905	878
905	895
905	896
905	913
905	920
905	942
905	963
905	984
905	988
905	989
905	992
905	995
905	1000
906	173
906	358
906	797
906	826
906	842
906	847
906	855
906	858
906	868
906	881
906	922
906	925
906	927
906	930
906	975
906	990
906	993
906	994
907	146
907	257
907	833
907	834
907	858
907	883
907	886
907	897
907	920
907	923
907	927
907	960
907	970
907	987
907	988
907	989
907	999
907	1000
908	118
908	793
908	824
908	827
908	832
908	853
908	872
908	892
908	902
908	909
908	917
908	926
908	932
908	966
908	977
908	988
908	996
908	997
909	166
909	686
909	769
909	792
909	818
909	858
909	859
909	901
909	908
909	927
909	934
909	940
909	941
909	958
909	979
909	982
909	994
909	999
910	315
910	730
910	801
910	830
910	835
910	846
910	856
910	859
910	871
910	888
910	893
910	898
910	903
910	933
910	936
910	938
910	953
910	964
911	704
911	745
911	776
911	804
911	810
911	860
911	882
911	889
911	913
911	932
911	952
911	955
911	959
911	962
911	969
911	978
911	983
911	985
912	377
912	386
912	813
912	816
912	817
912	825
912	839
912	864
912	877
912	880
912	901
912	921
912	929
912	937
912	945
912	950
912	986
912	991
912	1000
913	305
913	770
913	776
913	779
913	797
913	810
913	829
913	848
913	895
913	905
913	911
913	952
913	955
913	964
913	969
913	973
913	978
913	983
913	985
914	266
914	635
914	791
914	798
914	831
914	870
914	873
914	884
914	891
914	896
914	904
914	942
914	962
914	967
914	970
914	989
914	993
914	995
914	1000
915	113
915	339
915	785
915	792
915	813
915	816
915	817
915	839
915	863
915	864
915	894
915	921
915	929
915	937
915	948
915	956
915	959
915	986
915	991
916	218
916	752
916	823
916	826
916	830
916	843
916	863
916	870
916	873
916	889
916	900
916	935
916	939
916	951
916	957
916	965
916	967
916	990
916	995
917	171
917	330
917	821
917	857
917	902
917	908
917	949
917	960
917	968
917	971
917	973
917	974
917	981
917	984
917	987
917	996
917	997
917	998
917	999
918	465
918	685
918	769
918	825
918	843
918	847
918	854
918	858
918	868
918	898
918	919
918	923
918	941
918	946
918	965
918	979
918	990
918	993
918	994
919	385
919	690
919	772
919	781
919	802
919	807
919	830
919	858
919	868
919	918
919	929
919	930
919	940
919	946
919	982
919	990
919	991
919	994
919	997
920	310
920	441
920	790
920	878
920	885
920	905
920	907
920	924
920	934
920	945
920	947
920	962
920	963
920	980
920	981
920	984
920	988
920	997
920	1000
921	449
921	738
921	786
921	817
921	835
921	839
921	848
921	856
921	863
921	894
921	912
921	915
921	936
921	937
921	948
921	949
921	950
921	970
921	986
921	991
922	707
922	733
922	800
922	845
922	854
922	855
922	878
922	883
922	890
922	901
922	906
922	940
922	954
922	958
922	975
922	979
922	982
922	990
922	993
922	994
923	650
923	701
923	823
923	834
923	843
923	848
923	884
923	886
923	904
923	907
923	918
923	934
923	942
923	947
923	948
923	970
923	980
923	984
923	988
923	1000
924	157
924	183
924	793
924	838
924	841
924	862
924	920
924	940
924	956
924	961
924	963
924	966
924	971
924	972
924	973
924	974
924	977
924	981
924	997
924	999
925	470
925	623
925	777
925	802
925	847
925	854
925	855
925	858
925	869
925	906
925	927
925	940
925	975
925	979
925	982
925	987
925	990
925	992
925	993
925	994
926	93
926	370
926	793
926	803
926	825
926	864
926	872
926	908
926	942
926	949
926	951
926	961
926	966
926	968
926	973
926	977
926	981
926	987
926	998
926	999
927	328
927	746
927	772
927	781
927	800
927	845
927	888
927	902
927	906
927	907
927	909
927	925
927	930
927	940
927	941
927	961
927	979
927	982
927	990
927	993
928	283
928	681
928	790
928	795
928	834
928	835
928	875
928	885
928	896
928	903
928	904
928	934
928	945
928	960
928	963
928	978
928	980
928	992
928	995
928	1000
929	224
929	576
929	785
929	813
929	816
929	817
929	839
929	864
929	877
929	887
929	894
929	912
929	915
929	919
929	950
929	976
929	980
929	983
929	986
929	991
930	251
930	288
930	825
930	855
930	865
930	901
930	906
930	919
930	927
930	940
930	941
930	946
930	948
930	951
930	958
930	975
930	976
930	979
930	982
930	992
930	993
931	65
931	459
931	789
931	801
931	830
931	836
931	859
931	869
931	882
931	898
931	899
931	933
931	936
931	938
931	944
931	949
931	953
931	954
931	964
931	988
931	992
932	90
932	176
932	797
932	814
932	824
932	827
932	829
932	844
932	854
932	879
932	882
932	908
932	911
932	943
932	952
932	955
932	959
932	969
932	976
932	983
932	985
933	569
933	750
933	783
933	789
933	796
933	836
933	859
933	871
933	888
933	893
933	898
933	899
933	903
933	910
933	931
933	938
933	944
933	954
933	964
933	975
933	980
934	296
934	710
934	712
934	805
934	834
934	851
934	866
934	888
934	909
934	920
934	923
934	928
934	947
934	958
934	960
934	980
934	987
934	988
934	989
934	992
934	1000
935	693
935	739
935	794
935	804
935	811
935	820
935	826
935	837
935	849
935	870
935	873
935	889
935	916
935	939
935	951
935	952
935	957
935	965
935	967
935	971
935	979
935	984
936	295
936	470
936	785
936	789
936	801
936	830
936	836
936	875
936	893
936	898
936	899
936	910
936	921
936	931
936	937
936	938
936	944
936	953
936	954
936	964
936	982
936	992
937	320
937	714
937	727
937	768
937	777
937	784
937	785
937	787
937	876
937	877
937	887
937	912
937	915
937	921
937	936
937	948
937	950
937	968
937	975
937	986
937	991
937	996
938	271
938	468
938	472
938	789
938	830
938	836
938	871
938	875
938	879
938	888
938	893
938	898
938	910
938	931
938	933
938	936
938	953
938	954
938	964
938	972
938	980
938	993
939	543
939	760
939	766
939	794
939	804
939	811
939	822
939	823
939	826
939	843
939	849
939	870
939	889
939	916
939	935
939	951
939	957
939	965
939	966
939	967
939	973
939	996
939	1000
940	61
940	303
940	775
940	802
940	846
940	854
940	861
940	868
940	886
940	909
940	919
940	922
940	924
940	925
940	927
940	930
940	941
940	958
940	959
940	975
940	982
940	990
940	994
941	63
941	271
941	362
941	792
941	807
941	834
941	838
941	845
941	847
941	865
941	909
941	918
941	927
941	930
941	940
941	946
941	952
941	958
941	975
941	979
941	980
941	993
941	994
942	398
942	691
942	795
942	809
942	852
942	874
942	883
942	884
942	897
942	900
942	903
942	904
942	905
942	914
942	923
942	926
942	960
942	962
942	963
942	980
942	992
942	999
942	1000
943	115
943	139
943	776
943	814
943	827
943	829
943	840
943	844
943	860
943	861
943	863
943	879
943	882
943	903
943	932
943	944
943	952
943	955
943	969
943	978
943	983
943	984
943	985
943	997
944	159
944	177
944	796
944	798
944	836
944	846
944	859
944	869
944	871
944	875
944	888
944	893
944	898
944	899
944	931
944	933
944	936
944	943
944	946
944	953
944	954
944	964
944	983
944	984
945	384
945	498
945	788
945	794
945	841
945	866
945	874
945	890
945	891
945	895
945	896
945	897
945	912
945	920
945	928
945	947
945	962
945	966
945	970
945	980
945	984
945	988
945	992
945	995
946	134
946	588
946	807
946	818
946	837
946	845
946	855
946	858
946	865
946	868
946	901
946	918
946	919
946	930
946	941
946	944
946	957
946	975
946	979
946	985
946	986
946	989
946	990
946	993
946	994
947	37
947	694
947	798
947	805
947	831
947	866
947	892
947	904
947	920
947	923
947	934
947	945
947	960
947	963
947	970
947	975
947	980
947	984
947	989
947	992
947	994
947	995
947	998
947	999
947	1000
948	172
948	748
948	767
948	777
948	782
948	786
948	788
948	813
948	817
948	833
948	835
948	864
948	876
948	877
948	880
948	887
948	915
948	921
948	923
948	930
948	937
948	950
948	952
948	986
948	991
949	177
949	646
949	790
949	799
949	803
949	828
949	853
949	865
949	881
949	917
949	921
949	926
949	931
949	968
949	972
949	974
949	976
949	977
949	981
949	985
949	987
949	993
949	996
949	998
949	999
950	181
950	474
950	784
950	786
950	787
950	813
950	816
950	835
950	856
950	863
950	869
950	872
950	876
950	880
950	883
950	894
950	899
950	912
950	921
950	929
950	937
950	948
950	977
950	986
950	991
951	159
951	180
951	291
951	766
951	774
951	794
951	811
951	820
951	822
951	823
951	843
951	870
951	873
951	889
951	899
951	900
951	901
951	916
951	926
951	930
951	935
951	939
951	957
951	965
951	967
952	69
952	72
952	486
952	770
952	810
952	814
952	852
952	857
952	860
952	861
952	879
952	897
952	911
952	913
952	932
952	935
952	941
952	943
952	948
952	955
952	957
952	969
952	978
952	983
952	985
953	148
953	624
953	763
953	789
953	796
953	801
953	830
953	859
953	869
953	875
953	888
953	893
953	898
953	899
953	910
953	931
953	936
953	938
953	944
953	954
953	964
953	966
953	979
953	985
953	995
953	998
954	286
954	466
954	601
954	789
954	796
954	801
954	802
954	816
954	830
954	836
954	859
954	871
954	875
954	888
954	898
954	899
954	922
954	931
954	933
954	936
954	938
954	944
954	953
954	964
954	979
954	982
955	469
955	761
955	770
955	779
955	820
955	827
955	840
955	852
955	856
955	860
955	879
955	882
955	898
955	911
955	913
955	932
955	943
955	952
955	959
955	969
955	977
955	978
955	979
955	983
955	985
955	987
956	184
956	261
956	762
956	776
956	793
956	819
956	852
956	892
956	915
956	924
956	961
956	963
956	966
956	968
956	971
956	972
956	973
956	974
956	976
956	977
956	981
956	987
956	989
956	996
956	998
956	999
956	1000
957	146
957	551
957	762
957	766
957	794
957	804
957	811
957	820
957	822
957	823
957	826
957	831
957	843
957	849
957	870
957	873
957	900
957	916
957	935
957	939
957	946
957	951
957	952
957	960
957	965
957	967
957	1000
958	554
958	657
958	715
958	773
958	775
958	798
958	802
958	807
958	812
958	842
958	858
958	868
958	909
958	922
958	930
958	934
958	940
958	941
958	968
958	975
958	976
958	979
958	982
958	990
958	993
958	994
958	1000
959	130
959	178
959	766
959	770
959	810
959	814
959	815
959	827
959	829
959	844
959	852
959	857
959	860
959	861
959	882
959	893
959	904
959	911
959	915
959	932
959	940
959	955
959	969
959	977
959	978
959	983
959	985
960	335
960	713
960	737
960	839
960	878
960	883
960	886
960	895
960	907
960	917
960	928
960	934
960	942
960	947
960	957
960	962
960	963
960	970
960	977
960	980
960	984
960	988
960	989
960	992
960	995
960	999
960	1000
961	108
961	422
961	571
961	783
961	793
961	808
961	827
961	831
961	850
961	902
961	924
961	926
961	927
961	956
961	963
961	968
961	971
961	972
961	973
961	974
961	976
961	977
961	981
961	987
961	988
961	996
961	997
962	164
962	319
962	645
962	799
962	805
962	809
962	838
962	841
962	866
962	883
962	896
962	897
962	903
962	911
962	914
962	920
962	942
962	945
962	960
962	970
962	975
962	980
962	984
962	988
962	989
962	991
962	992
962	1000
963	188
963	334
963	511
963	791
963	798
963	802
963	826
963	851
963	866
963	878
963	886
963	891
963	903
963	905
963	920
963	924
963	928
963	942
963	947
963	956
963	960
963	961
963	984
963	988
963	989
963	992
963	995
963	1000
964	182
964	655
964	735
964	774
964	782
964	789
964	796
964	801
964	830
964	836
964	838
964	846
964	859
964	869
964	876
964	888
964	893
964	898
964	899
964	910
964	913
964	931
964	933
964	936
964	938
964	944
964	953
964	954
964	983
965	127
965	312
965	740
965	766
965	774
965	794
965	804
965	811
965	814
965	820
965	822
965	823
965	843
965	849
965	870
965	873
965	875
965	889
965	900
965	916
965	918
965	935
965	939
965	951
965	957
965	967
965	986
965	997
965	998
966	460
966	538
966	759
966	786
966	819
966	828
966	832
966	850
966	854
966	862
966	872
966	908
966	924
966	926
966	939
966	945
966	953
966	956
966	968
966	971
966	972
966	973
966	974
966	981
966	987
966	996
966	997
966	998
966	999
967	326
967	449
967	766
967	770
967	774
967	794
967	804
967	811
967	814
967	816
967	820
967	821
967	822
967	823
967	824
967	826
967	843
967	849
967	870
967	873
967	889
967	900
967	914
967	916
967	935
967	939
967	951
967	957
967	965
968	90
968	389
968	728
968	790
968	806
968	810
968	816
968	824
968	828
968	832
968	862
968	881
968	902
968	917
968	926
968	937
968	949
968	956
968	958
968	961
968	966
968	972
968	974
968	976
968	981
968	982
968	987
968	996
968	998
968	999
969	109
969	160
969	176
969	779
969	783
969	800
969	803
969	810
969	815
969	827
969	829
969	840
969	852
969	853
969	857
969	861
969	877
969	879
969	882
969	891
969	895
969	911
969	913
969	932
969	943
969	952
969	955
969	959
969	978
969	983
969	985
970	119
970	334
970	524
970	778
970	799
970	805
970	806
970	809
970	831
970	851
970	860
970	866
970	890
970	896
970	903
970	907
970	914
970	921
970	923
970	945
970	947
970	960
970	962
970	973
970	980
970	984
970	989
970	992
970	995
970	997
970	1000
971	186
971	342
971	717
971	737
971	771
971	780
971	804
971	809
971	821
971	838
971	853
971	874
971	881
971	892
971	896
971	917
971	924
971	935
971	956
971	961
971	966
971	972
971	974
971	976
971	977
971	981
971	988
971	996
971	997
971	998
971	999
972	75
972	326
972	410
972	771
972	803
972	826
972	850
972	853
972	861
972	862
972	866
972	872
972	885
972	902
972	924
972	938
972	949
972	956
972	961
972	966
972	968
972	971
972	973
972	976
972	977
972	987
972	995
972	996
972	997
972	998
972	999
973	140
973	456
973	622
973	778
973	783
973	799
973	818
973	819
973	838
973	872
973	881
973	902
973	913
973	917
973	924
973	926
973	939
973	956
973	961
973	966
973	970
973	972
973	974
973	976
973	977
973	981
973	987
973	994
973	997
973	998
973	999
974	179
974	454
974	467
974	782
974	788
974	819
974	820
974	821
974	828
974	850
974	855
974	862
974	876
974	880
974	881
974	902
974	917
974	924
974	949
974	956
974	961
974	966
974	968
974	971
974	973
974	976
974	977
974	987
974	995
974	996
974	997
974	998
974	999
975	283
975	345
975	741
975	775
975	781
975	818
975	825
975	837
975	842
975	845
975	847
975	865
975	868
975	881
975	891
975	901
975	906
975	922
975	925
975	930
975	933
975	937
975	940
975	941
975	946
975	947
975	958
975	962
975	979
975	980
975	990
975	993
975	994
976	123
976	176
976	317
976	650
976	771
976	780
976	782
976	783
976	790
976	803
976	847
976	881
976	892
976	896
976	902
976	929
976	930
976	932
976	949
976	956
976	958
976	961
976	968
976	971
976	972
976	973
976	974
976	977
976	981
976	987
976	989
976	996
976	997
976	998
976	999
977	149
977	625
977	752
977	782
977	819
977	828
977	832
977	838
977	850
977	853
977	866
977	871
977	908
977	924
977	926
977	949
977	950
977	955
977	956
977	959
977	960
977	961
977	971
977	972
977	973
977	974
977	976
977	979
977	981
977	987
977	988
977	996
977	997
977	998
977	999
978	66
978	166
978	314
978	776
978	779
978	795
978	797
978	810
978	814
978	815
978	827
978	840
978	844
978	852
978	857
978	859
978	860
978	861
978	862
978	879
978	882
978	887
978	895
978	897
978	911
978	913
978	928
978	943
978	952
978	955
978	959
978	969
978	983
978	985
978	994
979	196
979	494
979	689
979	766
979	772
979	781
979	802
979	806
979	807
979	825
979	842
979	845
979	858
979	868
979	901
979	909
979	918
979	922
979	925
979	927
979	930
979	935
979	941
979	946
979	953
979	954
979	955
979	958
979	975
979	977
979	982
979	990
979	991
979	993
979	994
979	996
980	330
980	438
980	671
980	741
980	798
980	831
980	841
980	851
980	863
980	866
980	878
980	879
980	881
980	883
980	886
980	890
980	891
980	903
980	920
980	923
980	928
980	929
980	933
980	934
980	938
980	941
980	942
980	945
980	947
980	960
980	962
980	970
980	975
980	984
980	989
980	995
980	1000
981	229
981	338
981	565
981	641
981	783
981	799
981	808
981	821
981	850
981	862
981	867
981	868
981	870
981	881
981	902
981	917
981	920
981	924
981	926
981	949
981	956
981	961
981	966
981	968
981	971
981	973
981	976
981	977
981	985
981	987
981	990
981	993
981	995
981	996
981	997
981	998
981	999
982	335
982	382
982	631
982	747
982	769
982	770
982	772
982	773
982	775
982	781
982	792
982	800
982	806
982	812
982	834
982	837
982	847
982	854
982	855
982	858
982	889
982	901
982	909
982	919
982	922
982	925
982	927
982	930
982	936
982	940
982	954
982	958
982	968
982	979
982	990
982	991
982	992
982	993
983	415
983	442
983	634
983	679
983	770
983	776
983	779
983	797
983	810
983	814
983	815
983	827
983	829
983	840
983	844
983	852
983	857
983	861
983	879
983	882
983	895
983	911
983	913
983	929
983	932
983	943
983	944
983	952
983	955
983	959
983	964
983	969
983	978
983	985
983	989
983	990
983	993
983	1000
984	126
984	448
984	714
984	778
984	798
984	809
984	831
984	833
984	851
984	853
984	858
984	866
984	882
984	883
984	884
984	885
984	893
984	896
984	897
984	904
984	905
984	917
984	920
984	923
984	935
984	943
984	944
984	945
984	947
984	960
984	962
984	963
984	970
984	980
984	988
984	992
984	995
984	1000
985	179
985	257
985	637
985	695
985	770
985	776
985	779
985	787
985	797
985	810
985	814
985	815
985	827
985	829
985	840
985	844
985	852
985	857
985	860
985	861
985	879
985	886
985	888
985	895
985	911
985	913
985	932
985	943
985	946
985	949
985	952
985	953
985	955
985	959
985	969
985	978
985	981
985	983
986	56
986	112
986	288
986	767
986	768
986	777
986	784
986	785
986	786
986	788
986	789
986	795
986	813
986	816
986	817
986	833
986	835
986	839
986	841
986	856
986	863
986	864
986	876
986	877
986	878
986	880
986	887
986	894
986	912
986	915
986	921
986	929
986	937
986	946
986	948
986	950
986	965
986	991
986	996
987	175
987	392
987	529
987	676
987	771
987	782
987	790
987	799
987	808
987	824
987	832
987	838
987	842
987	867
987	872
987	884
987	890
987	907
987	917
987	925
987	926
987	934
987	949
987	955
987	956
987	961
987	966
987	968
987	972
987	973
987	974
987	976
987	977
987	981
987	994
987	996
987	997
987	998
987	999
988	372
988	383
988	400
988	757
988	778
988	791
988	795
988	798
988	805
988	807
988	832
988	833
988	834
988	840
988	874
988	878
988	886
988	890
988	891
988	896
988	897
988	903
988	904
988	905
988	907
988	908
988	920
988	923
988	931
988	934
988	945
988	960
988	961
988	962
988	963
988	971
988	977
988	984
988	995
988	1000
989	412
989	659
989	710
989	730
989	778
989	791
989	798
989	809
989	812
989	825
989	834
989	856
989	874
989	878
989	880
989	883
989	884
989	885
989	886
989	890
989	891
989	896
989	904
989	905
989	907
989	914
989	934
989	946
989	947
989	956
989	960
989	962
989	963
989	970
989	976
989	980
989	983
989	992
989	995
989	1000
990	88
990	338
990	675
990	681
990	772
990	773
990	792
990	802
990	803
990	806
990	807
990	812
990	815
990	818
990	825
990	842
990	854
990	865
990	867
990	868
990	875
990	898
990	901
990	906
990	916
990	918
990	919
990	922
990	925
990	927
990	940
990	946
990	958
990	975
990	979
990	981
990	982
990	983
990	993
990	994
991	531
991	590
991	604
991	749
991	767
991	768
991	777
991	781
991	784
991	785
991	786
991	787
991	788
991	791
991	813
991	816
991	817
991	829
991	835
991	839
991	847
991	856
991	863
991	876
991	877
991	880
991	887
991	893
991	894
991	912
991	915
991	919
991	921
991	929
991	937
991	948
991	950
991	962
991	979
991	982
991	986
992	239
992	272
992	571
992	747
992	791
992	795
992	798
992	831
992	834
992	840
992	841
992	848
992	851
992	871
992	874
992	877
992	883
992	884
992	885
992	890
992	891
992	903
992	904
992	905
992	925
992	928
992	930
992	931
992	934
992	936
992	942
992	945
992	947
992	960
992	962
992	963
992	970
992	982
992	984
992	989
992	994
992	995
992	1000
993	99
993	141
993	449
993	743
993	769
993	771
993	772
993	773
993	775
993	781
993	792
993	807
993	812
993	813
993	818
993	837
993	842
993	845
993	847
993	854
993	855
993	865
993	895
993	901
993	906
993	914
993	918
993	922
993	925
993	927
993	930
993	938
993	941
993	946
993	949
993	958
993	975
993	979
993	981
993	982
993	983
993	990
993	994
993	998
994	310
994	472
994	485
994	753
994	769
994	772
994	773
994	775
994	792
994	800
994	802
994	803
994	806
994	812
994	818
994	825
994	836
994	842
994	845
994	847
994	854
994	855
994	865
994	885
994	906
994	909
994	918
994	919
994	922
994	925
994	940
994	941
994	946
994	947
994	958
994	973
994	975
994	978
994	979
994	987
994	990
994	992
994	993
994	995
995	180
995	182
995	345
995	504
995	526
995	778
995	795
995	821
995	833
995	836
995	841
995	848
995	855
995	866
995	874
995	878
995	883
995	884
995	885
995	886
995	890
995	891
995	897
995	903
995	905
995	914
995	916
995	928
995	945
995	947
995	953
995	960
995	963
995	970
995	972
995	974
995	980
995	981
995	984
995	988
995	989
995	992
995	994
995	1000
996	207
996	318
996	346
996	413
996	606
996	771
996	782
996	783
996	799
996	808
996	819
996	821
996	824
996	828
996	832
996	845
996	849
996	850
996	851
996	853
996	854
996	862
996	867
996	872
996	877
996	892
996	904
996	908
996	917
996	937
996	939
996	949
996	956
996	961
996	966
996	968
996	971
996	972
996	974
996	976
996	977
996	979
996	981
996	986
996	987
996	997
996	999
997	48
997	135
997	461
997	506
997	552
997	769
997	771
997	774
997	780
997	783
997	790
997	799
997	808
997	819
997	824
997	828
997	832
997	838
997	853
997	862
997	867
997	869
997	874
997	876
997	881
997	892
997	908
997	917
997	919
997	920
997	924
997	943
997	961
997	965
997	966
997	970
997	971
997	972
997	973
997	974
997	976
997	977
997	981
997	987
997	996
997	998
997	999
998	92
998	145
998	421
998	534
998	760
998	777
998	780
998	782
998	790
998	793
998	808
998	819
998	821
998	823
998	824
998	828
998	829
998	832
998	838
998	850
998	853
998	862
998	867
998	872
998	882
998	892
998	900
998	902
998	917
998	926
998	947
998	949
998	953
998	956
998	965
998	966
998	968
998	971
998	972
998	973
998	974
998	976
998	977
998	981
998	987
998	993
998	997
998	999
999	147
999	179
999	214
999	340
999	680
999	771
999	780
999	782
999	785
999	790
999	793
999	794
999	803
999	819
999	821
999	823
999	824
999	838
999	850
999	851
999	862
999	868
999	872
999	881
999	902
999	907
999	909
999	917
999	924
999	926
999	942
999	947
999	949
999	956
999	960
999	966
999	968
999	971
999	972
999	973
999	974
999	976
999	977
999	981
999	987
999	996
999	997
999	998
1000	202
1000	414
1000	642
1000	751
1000	761
1000	778
1000	784
1000	795
1000	831
1000	833
1000	839
1000	841
1000	848
1000	851
1000	862
1000	872
1000	874
1000	878
1000	884
1000	885
1000	886
1000	890
1000	897
1000	903
1000	905
1000	907
1000	912
1000	914
1000	920
1000	923
1000	928
1000	934
1000	939
1000	942
1000	947
1000	956
1000	957
1000	958
1000	960
1000	962
1000	963
1000	970
1000	980
1000	983
1000	984
1000	988
1000	989
1000	992
1000	995
